dataset,architecture,seed,epoch,layer,prune_scope,criterion,criterion_group,random_draw,pruning_percentage,fine_tune_epochs,validation_accuracy,test_accuracy,validation_loss,test_loss,parameter_count,parameter_reduction,estimated_macs,mac_reduction,scoring_time_seconds,scoring_memory_mb,num_forward_passes,num_backward_passes,calibration_size,compact_inference_time_seconds,compact_test_accuracy,compact_test_loss,masked_inference_time_seconds,original_macs,original_parameter_count,test_per_class_accuracy_json,validation_per_class_accuracy_json,weight_fisher_mode,weight_fisher_parts
FashionMNIST,small,43,10,all,all,random,baseline,0,0.05,0,0.889,0.88,0.30951238942146303,0.3270979627490044,222660,0.05309892577377462,222284,0.05311136859323884,0.0,0.0,0,0,0,0.36168199696112424,0.88,0.3270979635000229,0.3870845530182123,234752,235146,"[0.818, 0.969, 0.835, 0.859, 0.789, 0.944, 0.693, 0.966, 0.972, 0.955]","[0.8406647116324536, 0.9685598377281948, 0.840258541089566, 0.8629856850715747, 0.8109201213346815, 0.9458631256384066, 0.725103734439834, 0.95635305528613, 0.9808080808080808, 0.9590583418628454]",batch,both
FashionMNIST,small,43,10,all,all,random,baseline,0,0.05,1,0.8942,0.8918,0.29121099951267243,0.30874862997531893,222660,0.05309892577377462,222284,0.05311136859323884,0.0,0.0,0,0,0,0.3394958090502769,0.8918,0.3087486312031746,0.33519398502539843,234752,235146,"[0.85, 0.97, 0.818, 0.912, 0.828, 0.964, 0.681, 0.966, 0.973, 0.956]","[0.8572825024437928, 0.9675456389452333, 0.8060941828254847, 0.908997955010225, 0.8483316481294236, 0.965270684371808, 0.7022821576763485, 0.953443258971872, 0.9838383838383838, 0.9529170931422722]",batch,both
FashionMNIST,small,43,10,all,all,random,baseline,0,0.05,3,0.8976,0.8922,0.2925059470295906,0.3112575932741165,222660,0.05309892577377462,222284,0.05311136859323884,0.0,0.0,0,0,0,0.3367891369853169,0.8922,0.31125758718252183,0.3496567519614473,234752,235146,"[0.836, 0.973, 0.803, 0.908, 0.827, 0.965, 0.719, 0.958, 0.971, 0.962]","[0.8426197458455523, 0.9716024340770791, 0.8070175438596491, 0.9059304703476483, 0.8432760364004045, 0.9703779366700716, 0.7489626556016598, 0.9476236663433559, 0.9818181818181818, 0.9631525076765609]",batch,both
FashionMNIST,small,43,10,all,all,random,baseline,0,0.05,5,0.8961,0.8914,0.29141243118047716,0.31082080092430114,222660,0.05309892577377462,222284,0.05311136859323884,0.0,0.0,0,0,0,0.31629098404664546,0.8914,0.31082080036997795,0.3321261629462242,234752,235146,"[0.84, 0.971, 0.81, 0.905, 0.827, 0.962, 0.702, 0.967, 0.971, 0.959]","[0.841642228739003, 0.9685598377281948, 0.8060941828254847, 0.9038854805725971, 0.8483316481294236, 0.9642492339121552, 0.7396265560165975, 0.953443258971872, 0.9828282828282828, 0.9580348004094166]",batch,both
FashionMNIST,small,43,10,all,all,random,baseline,0,0.1,0,0.8874,0.8762,0.3191435060501099,0.33889651985168456,209417,0.10941712808212767,209060,0.10944315703380592,0.0,0.0,0,0,0,0.32361944497097284,0.8762,0.3388965207576752,0.3174928709631786,234752,235146,"[0.823, 0.967, 0.844, 0.837, 0.778, 0.941, 0.683, 0.967, 0.966, 0.956]","[0.8455522971652004, 0.9695740365111561, 0.8485687903970452, 0.843558282208589, 0.8058645096056622, 0.9458631256384066, 0.7230290456431535, 0.9553831231813773, 0.9787878787878788, 0.9570112589559877]",batch,both
FashionMNIST,small,43,10,all,all,random,baseline,0,0.1,1,0.8949,0.8908,0.2898273685455322,0.3093612910628319,209417,0.10941712808212767,209060,0.10944315703380592,0.0,0.0,0,0,0,0.3248805709881708,0.8908,0.30936128877401353,0.323823275975883,234752,235146,"[0.858, 0.972, 0.817, 0.914, 0.829, 0.955, 0.668, 0.967, 0.971, 0.957]","[0.8680351906158358, 0.9685598377281948, 0.8088642659279779, 0.9038854805725971, 0.846309403437816, 0.9611848825331971, 0.7012448132780082, 0.9544131910766246, 0.9848484848484849, 0.95496417604913]",batch,both
FashionMNIST,small,43,10,all,all,random,baseline,0,0.1,3,0.8962,0.8908,0.2905399407863617,0.3090529450058937,209417,0.10941712808212767,209060,0.10944315703380592,0.0,0.0,0,0,0,0.33924533100798726,0.8908,0.3090529465556145,0.32106785697396845,234752,235146,"[0.848, 0.969, 0.793, 0.911, 0.847, 0.965, 0.68, 0.965, 0.971, 0.959]","[0.8641251221896383, 0.9675456389452333, 0.7931671283471837, 0.911042944785276, 0.865520728008089, 0.9662921348314607, 0.7095435684647303, 0.9515033947623667, 0.9828282828282828, 0.9559877175025588]",batch,both
FashionMNIST,small,43,10,all,all,random,baseline,0,0.1,5,0.8992,0.8939,0.2904464849472046,0.31222944249510765,209417,0.10941712808212767,209060,0.10944315703380592,0.0,0.0,0,0,0,0.3354771019658074,0.8939,0.3122294339299202,0.3203943819971755,234752,235146,"[0.844, 0.974, 0.817, 0.916, 0.827, 0.965, 0.704, 0.958, 0.971, 0.963]","[0.8484848484848485, 0.9705882352941176, 0.8162511542012927, 0.9202453987730062, 0.839231547017189, 0.9693564862104188, 0.7385892116182573, 0.9456838021338506, 0.9818181818181818, 0.9672466734902764]",batch,both
FashionMNIST,small,43,10,all,all,random,baseline,0,0.2,0,0.8791,0.871,0.35265358123779295,0.3683873975276947,183183,0.2209818580796612,182865,0.22102900081788446,0.0,0.0,0,0,0,0.3334736769320443,0.871,0.3683874009847641,0.32490729505661875,234752,235146,"[0.81, 0.962, 0.83, 0.878, 0.693, 0.929, 0.716, 0.95, 0.973, 0.969]","[0.8269794721407625, 0.960446247464503, 0.8430286241920592, 0.876278118609407, 0.7148634984833164, 0.9315628192032687, 0.7531120331950207, 0.9350145489815713, 0.9838383838383838, 0.9672466734902764]",batch,both
FashionMNIST,small,43,10,all,all,random,baseline,0,0.2,1,0.8917,0.8862,0.29725157096385957,0.3157328697681427,183183,0.2209818580796612,182865,0.22102900081788446,0.0,0.0,0,0,0,0.3285360960289836,0.8862,0.31573287111520765,0.34952391090337187,234752,235146,"[0.832, 0.968, 0.769, 0.899, 0.835, 0.962, 0.703, 0.962, 0.973, 0.959]","[0.8435972629521017, 0.9645030425963489, 0.7737765466297323, 0.901840490797546, 0.8645096056622852, 0.9560776302349336, 0.7302904564315352, 0.950533462657614, 0.9828282828282828, 0.9570112589559877]",batch,both
FashionMNIST,small,43,10,all,all,random,baseline,0,0.2,3,0.8953,0.8904,0.29043769401311875,0.31022453738451006,183183,0.2209818580796612,182865,0.22102900081788446,0.0,0.0,0,0,0,0.3135341970482841,0.8904,0.3102245360732079,0.33029146201442927,234752,235146,"[0.84, 0.971, 0.802, 0.909, 0.833, 0.964, 0.692, 0.961, 0.973, 0.959]","[0.852394916911046, 0.9675456389452333, 0.8033240997229917, 0.901840490797546, 0.8533872598584429, 0.9673135852911133, 0.7282157676348547, 0.944713870029098, 0.9818181818181818, 0.9580348004094166]",batch,both
FashionMNIST,small,43,10,all,all,random,baseline,0,0.2,5,0.8958,0.8924,0.2918041208386421,0.31147456065416335,183183,0.2209818580796612,182865,0.22102900081788446,0.0,0.0,0,0,0,0.33012319705449045,0.8924,0.3114745619356632,0.3356569530442357,234752,235146,"[0.859, 0.972, 0.824, 0.911, 0.829, 0.967, 0.673, 0.963, 0.972, 0.954]","[0.8660801564027371, 0.9695740365111561, 0.8153277931671283, 0.9161554192229039, 0.8442871587462083, 0.9703779366700716, 0.6939834024896265, 0.9553831231813773, 0.9828282828282828, 0.946775844421699]",batch,both
FashionMNIST,small,43,10,all,all,random,baseline,0,0.3,0,0.8634,0.855,0.43480601329803464,0.44869273288249967,158500,0.32595068595680976,158220,0.3260121319520175,0.0,0.0,0,0,0,0.33401539199985564,0.855,0.44869273142814636,0.3267481200164184,234752,235146,"[0.671, 0.953, 0.802, 0.829, 0.673, 0.936, 0.802, 0.95, 0.973, 0.961]","[0.6920821114369502, 0.9584178498985801, 0.8088642659279779, 0.8353783231083844, 0.6905965621840243, 0.933605720122574, 0.8402489626556017, 0.9427740058195926, 0.9808080808080808, 0.9600818833162743]",batch,both
FashionMNIST,small,43,10,all,all,random,baseline,0,0.3,1,0.891,0.8865,0.3005135673522949,0.3184252907395363,158500,0.32595068595680976,158220,0.3260121319520175,0.0,0.0,0,0,0,0.31393915391527116,0.8865,0.3184252884745598,0.32713054004125297,234752,235146,"[0.861, 0.965, 0.802, 0.904, 0.815, 0.97, 0.659, 0.961, 0.973, 0.955]","[0.8719452590420332, 0.9665314401622718, 0.7940904893813481, 0.901840490797546, 0.8452982810920121, 0.965270684371808, 0.6877593360995851, 0.9485935984481086, 0.9818181818181818, 0.9508700102354145]",batch,both
FashionMNIST,small,43,10,all,all,random,baseline,0,0.3,3,0.8918,0.8879,0.2944352265954018,0.31421857244968415,158500,0.32595068595680976,158220,0.3260121319520175,0.0,0.0,0,0,0,0.316490444005467,0.8879,0.314218571472168,0.3229148630052805,234752,235146,"[0.862, 0.97, 0.818, 0.902, 0.818, 0.957, 0.657, 0.966, 0.974, 0.955]","[0.8729227761485826, 0.9675456389452333, 0.814404432132964, 0.901840490797546, 0.840242669362993, 0.9550561797752809, 0.6773858921161826, 0.9544131910766246, 0.9818181818181818, 0.9539406345957011]",batch,both
FashionMNIST,small,43,10,all,all,random,baseline,0,0.3,5,0.8929,0.8891,0.2919836907148361,0.31198831903934476,158500,0.32595068595680976,158220,0.3260121319520175,0.0,0.0,0,0,0,0.3295834260061383,0.8891,0.3119883189916611,0.3351411280455068,234752,235146,"[0.833, 0.971, 0.794, 0.909, 0.82, 0.956, 0.711, 0.969, 0.973, 0.955]","[0.8357771260997068, 0.9675456389452333, 0.7959372114496768, 0.9151329243353783, 0.8341759352881699, 0.9622063329928499, 0.7375518672199171, 0.9544131910766246, 0.9797979797979798, 0.9529170931422722]",batch,both
FashionMNIST,small,43,10,all,all,random,baseline,0,0.4,0,0.8498,0.8358,0.5399699681282043,0.5509172421455383,133605,0.43182108137072284,133364,0.4318940839694656,0.0,0.0,0,0,0,0.32799766992684454,0.8358,0.5509172447681427,0.3178889580303803,234752,235146,"[0.668, 0.951, 0.752, 0.814, 0.568, 0.944, 0.814, 0.907, 0.968, 0.972]","[0.7057673509286413, 0.9574036511156186, 0.7673130193905817, 0.8302658486707567, 0.5904954499494439, 0.9499489274770173, 0.8526970954356846, 0.9078564500484966, 0.9767676767676767, 0.9723643807574207]",batch,both
FashionMNIST,small,43,10,all,all,random,baseline,0,0.4,1,0.8871,0.8817,0.30933636291027067,0.3284844450116158,133605,0.43182108137072284,133364,0.4318940839694656,0.0,0.0,0,0,0,0.3205763479927555,0.8817,0.3284844509124756,0.3234820320503786,234752,235146,"[0.807, 0.964, 0.813, 0.897, 0.8, 0.96, 0.694, 0.968, 0.967, 0.947]","[0.8279569892473119, 0.9645030425963489, 0.8079409048938134, 0.9100204498977505, 0.8220424671385238, 0.9570990806945863, 0.7043568464730291, 0.95635305528613, 0.9808080808080808, 0.9437052200614124]",batch,both
FashionMNIST,small,43,10,all,all,random,baseline,0,0.4,3,0.8924,0.8848,0.29946398043632505,0.3172932409286499,133605,0.43182108137072284,133364,0.4318940839694656,0.0,0.0,0,0,0,0.3225508979521692,0.8848,0.31729324551820753,0.3200163139263168,234752,235146,"[0.857, 0.967, 0.786, 0.9, 0.841, 0.96, 0.652, 0.959, 0.968, 0.958]","[0.8719452590420332, 0.9655172413793104, 0.791320406278855, 0.901840490797546, 0.8665318503538928, 0.9632277834525026, 0.6867219917012448, 0.9476236663433559, 0.9818181818181818, 0.9518935516888434]",batch,both
FashionMNIST,small,43,10,all,all,random,baseline,0,0.4,5,0.8914,0.8877,0.29627644469738007,0.3164898232460022,133605,0.43182108137072284,133364,0.4318940839694656,0.0,0.0,0,0,0,0.31480050703976303,0.8877,0.3164898221373558,0.3325822919141501,234752,235146,"[0.843, 0.967, 0.802, 0.903, 0.821, 0.955, 0.693, 0.966, 0.971, 0.956]","[0.844574780058651, 0.9655172413793104, 0.8005540166204986, 0.9130879345603272, 0.8372093023255814, 0.9550561797752809, 0.7188796680497925, 0.9524733268671193, 0.9808080808080808, 0.9508700102354145]",batch,both
FashionMNIST,small,43,10,all,all,random,baseline,0,0.5,0,0.8125,0.8019,0.7161629333496093,0.7270758014678955,109386,0.5348166670919343,109184,0.534896401308615,0.0,0.0,0,0,0,0.3308939199196175,0.8019,0.727075800037384,0.3372513259528205,234752,235146,"[0.585, 0.957, 0.673, 0.762, 0.406, 0.932, 0.885, 0.903, 0.946, 0.97]","[0.6080156402737048, 0.962474645030426, 0.6897506925207756, 0.7566462167689162, 0.44590495449949447, 0.9305413687436159, 0.9190871369294605, 0.9107662463627546, 0.9505050505050505, 0.9713408393039918]",batch,both
FashionMNIST,small,43,10,all,all,random,baseline,0,0.5,1,0.8811,0.8759,0.3257479751825333,0.34183727579116824,109386,0.5348166670919343,109184,0.534896401308615,0.0,0.0,0,0,0,0.32814842695370317,0.8759,0.3418372782945633,0.34026109194383025,234752,235146,"[0.834, 0.961, 0.811, 0.895, 0.82, 0.953, 0.62, 0.945, 0.964, 0.956]","[0.8563049853372434, 0.9634888438133874, 0.8005540166204986, 0.8957055214723927, 0.8341759352881699, 0.95097037793667, 0.6452282157676349, 0.9340446168768186, 0.9747474747474747, 0.9580348004094166]",batch,both
FashionMNIST,small,43,10,all,all,random,baseline,0,0.5,3,0.8852,0.8812,0.3116607124567032,0.32936440694332125,109386,0.5348166670919343,109184,0.534896401308615,0.0,0.0,0,0,0,0.3287366720614955,0.8812,0.32936440904140474,0.33316182903945446,234752,235146,"[0.842, 0.965, 0.802, 0.906, 0.837, 0.95, 0.633, 0.955, 0.969, 0.953]","[0.8563049853372434, 0.9645030425963489, 0.7968605724838412, 0.9059304703476483, 0.8574317492416582, 0.9489274770173647, 0.6431535269709544, 0.950533462657614, 0.9787878787878788, 0.9518935516888434]",batch,both
FashionMNIST,small,43,10,all,all,random,baseline,0,0.5,5,0.8888,0.8858,0.30403310784101484,0.3230991115450859,109386,0.5348166670919343,109184,0.534896401308615,0.0,0.0,0,0,0,0.32377963000908494,0.8858,0.3230991092443466,0.3337292049545795,234752,235146,"[0.864, 0.969, 0.819, 0.9, 0.814, 0.951, 0.656, 0.962, 0.973, 0.95]","[0.8699902248289345, 0.9665314401622718, 0.817174515235457, 0.901840490797546, 0.833164812942366, 0.9519918283963228, 0.6659751037344398, 0.9524733268671193, 0.9797979797979798, 0.9498464687819856]",batch,both
FashionMNIST,small,43,10,all,all,random,baseline,0,0.7,0,0.7499,0.7386,1.3116401580810546,1.3191561990737914,63887,0.728309220654402,63761,0.7283899604689203,0.0,0.0,0,0,0,0.31088338198605925,0.7386,1.3191562082290649,0.32382383896037936,234752,235146,"[0.647, 0.891, 0.693, 0.73, 0.246, 0.94, 0.812, 0.685, 0.805, 0.937]","[0.6539589442815249, 0.9016227180527383, 0.703601108033241, 0.7494887525562373, 0.2861476238624874, 0.9305413687436159, 0.8526970954356846, 0.6682832201745877, 0.8232323232323232, 0.9477993858751279]",batch,both
FashionMNIST,small,43,10,all,all,random,baseline,0,0.7,1,0.8595,0.8563,0.40654784579277037,0.4171599204301834,63887,0.728309220654402,63761,0.7283899604689203,0.0,0.0,0,0,0,0.35175020794849843,0.8563,0.41715991888046267,0.31991113000549376,234752,235146,"[0.798, 0.955, 0.797, 0.901, 0.811, 0.915, 0.533, 0.938, 0.963, 0.952]","[0.8181818181818182, 0.9574036511156186, 0.7894736842105263, 0.8997955010224948, 0.8260869565217391, 0.916241062308478, 0.5446058091286307, 0.930164888457808, 0.9636363636363636, 0.9488229273285568]",batch,both
FashionMNIST,small,43,10,all,all,random,baseline,0,0.7,3,0.8715,0.8682,0.3565166627883911,0.36973774642944335,63887,0.728309220654402,63761,0.7283899604689203,0.0,0.0,0,0,0,0.31441687198821455,0.8682,0.3697377420902252,0.3188396709738299,234752,235146,"[0.848, 0.961, 0.807, 0.888, 0.795, 0.937, 0.586, 0.937, 0.972, 0.951]","[0.8660801564027371, 0.9594320486815415, 0.7977839335180056, 0.8752556237218814, 0.813953488372093, 0.9438202247191011, 0.6058091286307054, 0.9359844810863239, 0.9707070707070707, 0.9457523029682702]",batch,both
FashionMNIST,small,43,10,all,all,random,baseline,0,0.7,5,0.8732,0.8718,0.3399978056907654,0.35495798662900924,63887,0.728309220654402,63761,0.7283899604689203,0.0,0.0,0,0,0,0.3240003449609503,0.8718,0.35495798078775403,0.3378362510120496,234752,235146,"[0.843, 0.963, 0.789, 0.884, 0.81, 0.935, 0.618, 0.954, 0.974, 0.948]","[0.8660801564027371, 0.960446247464503, 0.7793167128347184, 0.8803680981595092, 0.8240647118301314, 0.9397344228804902, 0.6213692946058091, 0.944713870029098, 0.9757575757575757, 0.9416581371545547]",batch,both
FashionMNIST,small,43,10,a1,layerwise,random,baseline,0,0.05,0,0.889,0.8803,0.30996285135746005,0.32893194190263747,224190,0.04659232987165418,223808,0.04661941112322787,0.0,0.0,0,0,0,0.3133219750598073,0.8803,0.32893194457292557,0.32902299996931106,234752,235146,"[0.828, 0.97, 0.837, 0.863, 0.791, 0.944, 0.68, 0.966, 0.968, 0.956]","[0.8465298142717498, 0.9705882352941176, 0.8494921514312096, 0.8578732106339468, 0.8149646107178968, 0.947906026557712, 0.7105809128630706, 0.95635305528613, 0.9787878787878788, 0.9559877175025588]",batch,both
FashionMNIST,small,43,10,a1,layerwise,random,baseline,0,0.05,1,0.8956,0.8907,0.29173564990758893,0.30899058330059054,224190,0.04659232987165418,223808,0.04661941112322787,0.0,0.0,0,0,0,0.3408028050325811,0.8907,0.3089905821084976,0.38531851302832365,234752,235146,"[0.851, 0.971, 0.814, 0.904, 0.83, 0.963, 0.682, 0.965, 0.972, 0.955]","[0.8660801564027371, 0.9685598377281948, 0.8070175438596491, 0.9028629856850716, 0.8543983822042467, 0.9642492339121552, 0.7095435684647303, 0.9515033947623667, 0.9828282828282828, 0.9529170931422722]",batch,both
FashionMNIST,small,43,10,a1,layerwise,random,baseline,0,0.05,3,0.8962,0.8929,0.29154252985715867,0.3104537647008896,224190,0.04659232987165418,223808,0.04661941112322787,0.0,0.0,0,0,0,0.3288953969022259,0.8929,0.3104537645220756,0.32665172102861106,234752,235146,"[0.831, 0.972, 0.814, 0.911, 0.837, 0.962, 0.704, 0.968, 0.971, 0.959]","[0.8377321603128055, 0.9695740365111561, 0.804247460757156, 0.9100204498977505, 0.8452982810920121, 0.9673135852911133, 0.7406639004149378, 0.953443258971872, 0.9828282828282828, 0.9570112589559877]",batch,both
FashionMNIST,small,43,10,a1,layerwise,random,baseline,0,0.05,5,0.8975,0.894,0.2904768564105034,0.3105312048852444,224190,0.04659232987165418,223808,0.04661941112322787,0.0,0.0,0,0,0,0.33142067096196115,0.894,0.3105312050819397,0.3282464829972014,234752,235146,"[0.857, 0.971, 0.824, 0.915, 0.84, 0.959, 0.677, 0.965, 0.971, 0.961]","[0.863147605083089, 0.9695740365111561, 0.8180978762696214, 0.9100204498977505, 0.8543983822042467, 0.9611848825331971, 0.7064315352697096, 0.95635305528613, 0.9818181818181818, 0.9570112589559877]",batch,both
FashionMNIST,small,43,10,a1,layerwise,random,baseline,0,0.1,0,0.8876,0.8789,0.310997026014328,0.3308964101910591,212321,0.09706735389927956,211952,0.09712377317339149,0.0,0.0,0,0,0,0.3223832119256258,0.8789,0.33089641057252883,0.3319694590754807,234752,235146,"[0.834, 0.97, 0.849, 0.862, 0.777, 0.941, 0.666, 0.969, 0.964, 0.957]","[0.855327468230694, 0.9695740365111561, 0.8494921514312096, 0.8588957055214724, 0.8058645096056622, 0.9468845760980592, 0.6981327800829875, 0.9544131910766246, 0.9777777777777777, 0.9580348004094166]",batch,both
FashionMNIST,small,43,10,a1,layerwise,random,baseline,0,0.1,1,0.8963,0.8905,0.29167622250318526,0.30887189654111863,212321,0.09706735389927956,211952,0.09712377317339149,0.0,0.0,0,0,0,0.31372828292660415,0.8905,0.30887189463377,0.3345652329735458,234752,235146,"[0.849, 0.969, 0.818, 0.915, 0.827, 0.96, 0.677, 0.962, 0.971, 0.957]","[0.8611925708699902, 0.9695740365111561, 0.8153277931671283, 0.9100204498977505, 0.8412537917087968, 0.9622063329928499, 0.7136929460580913, 0.950533462657614, 0.9848484848484849, 0.9580348004094166]",batch,both
FashionMNIST,small,43,10,a1,layerwise,random,baseline,0,0.1,3,0.897,0.8914,0.29391503435373306,0.3125106775045395,212321,0.09706735389927956,211952,0.09712377317339149,0.0,0.0,0,0,0,0.32179160707164556,0.8914,0.31251068226099016,0.33137410099152476,234752,235146,"[0.845, 0.971, 0.823, 0.913, 0.831, 0.95, 0.686, 0.967, 0.972, 0.956]","[0.8543499511241447, 0.9685598377281948, 0.8208679593721145, 0.9130879345603272, 0.8442871587462083, 0.9550561797752809, 0.7178423236514523, 0.9582929194956353, 0.9838383838383838, 0.9570112589559877]",batch,both
FashionMNIST,small,43,10,a1,layerwise,random,baseline,0,0.1,5,0.8966,0.8924,0.2942140627861023,0.31046790978312494,212321,0.09706735389927956,211952,0.09712377317339149,0.0,0.0,0,0,0,0.32448053907137364,0.8924,0.31046791301965715,0.33422680001240224,234752,235146,"[0.839, 0.972, 0.8, 0.917, 0.845, 0.959, 0.694, 0.962, 0.973, 0.963]","[0.8465298142717498, 0.9695740365111561, 0.7987072945521699, 0.9171779141104295, 0.8564206268958544, 0.9622063329928499, 0.7282157676348547, 0.9456838021338506, 0.9828282828282828, 0.9651995905834186]",batch,both
FashionMNIST,small,43,10,a1,layerwise,random,baseline,0,0.2,0,0.8826,0.8755,0.3228518033742905,0.339614106965065,188583,0.19801740195453033,188240,0.19813249727371862,0.0,0.0,0,0,0,0.32582693092990667,0.8755,0.33961410303115847,0.35015538800507784,234752,235146,"[0.837, 0.969, 0.837, 0.889, 0.702, 0.932, 0.702, 0.956, 0.966, 0.965]","[0.8484848484848485, 0.9665314401622718, 0.8393351800554016, 0.885480572597137, 0.7280080889787665, 0.9397344228804902, 0.741701244813278, 0.9369544131910766, 0.9767676767676767, 0.9641760491299898]",batch,both
FashionMNIST,small,43,10,a1,layerwise,random,baseline,0,0.2,1,0.8951,0.8886,0.2926389475107193,0.3142672134637833,188583,0.19801740195453033,188240,0.19813249727371862,0.0,0.0,0,0,0,0.32198835199233145,0.8886,0.3142672094464302,0.3126482618972659,234752,235146,"[0.842, 0.969, 0.81, 0.912, 0.823, 0.954, 0.684, 0.963, 0.968, 0.961]","[0.8435972629521017, 0.9685598377281948, 0.8088642659279779, 0.9161554192229039, 0.8412537917087968, 0.958120531154239, 0.7302904564315352, 0.9476236663433559, 0.9828282828282828, 0.9590583418628454]",batch,both
FashionMNIST,small,43,10,a1,layerwise,random,baseline,0,0.2,3,0.8951,0.89,0.29297202829122543,0.3128413699090481,188583,0.19801740195453033,188240,0.19813249727371862,0.0,0.0,0,0,0,0.32964097801595926,0.89,0.3128413680016994,0.33393631398212165,234752,235146,"[0.842, 0.973, 0.8, 0.895, 0.811, 0.969, 0.723, 0.961, 0.97, 0.956]","[0.8396871945259042, 0.9695740365111561, 0.8051708217913204, 0.9069529652351738, 0.8301314459049545, 0.9683350357507661, 0.7531120331950207, 0.9466537342386033, 0.9818181818181818, 0.9559877175025588]",batch,both
FashionMNIST,small,43,10,a1,layerwise,random,baseline,0,0.2,5,0.8992,0.8907,0.29050398082733153,0.3121522375404835,188583,0.19801740195453033,188240,0.19813249727371862,0.0,0.0,0,0,0,0.3628414310514927,0.8907,0.31215223772525785,0.31854242098052055,234752,235146,"[0.867, 0.972, 0.807, 0.896, 0.827, 0.961, 0.689, 0.957, 0.968, 0.963]","[0.8778103616813294, 0.9705882352941176, 0.8088642659279779, 0.9079754601226994, 0.8493427704752275, 0.9632277834525026, 0.725103734439834, 0.9466537342386033, 0.9828282828282828, 0.9641760491299898]",batch,both
FashionMNIST,small,43,10,a1,layerwise,random,baseline,0,0.3,0,0.8778,0.8705,0.3433450933933258,0.3610208473205566,165758,0.29508475585381,165440,0.2952562704471101,0.0,0.0,0,0,0,0.3461561610456556,0.8705,0.3610208482980728,0.3430516649968922,234752,235146,"[0.768, 0.958, 0.82, 0.876, 0.712, 0.941, 0.74, 0.966, 0.967, 0.957]","[0.793743890518084, 0.9634888438133874, 0.8199445983379502, 0.8813905930470347, 0.7411526794742164, 0.9438202247191011, 0.7572614107883817, 0.9515033947623667, 0.9747474747474747, 0.95496417604913]",batch,both
FashionMNIST,small,43,10,a1,layerwise,random,baseline,0,0.3,1,0.8929,0.8861,0.29885642194747924,0.3194258528470993,165758,0.29508475585381,165440,0.2952562704471101,0.0,0.0,0,0,0,0.3387426920235157,0.8861,0.31942585015296937,0.32742995605804026,234752,235146,"[0.849, 0.968, 0.784, 0.906, 0.832, 0.961, 0.672, 0.963, 0.971, 0.955]","[0.8680351906158358, 0.9675456389452333, 0.7830101569713758, 0.9049079754601227, 0.8594539939332659, 0.958120531154239, 0.7043568464730291, 0.95635305528613, 0.9818181818181818, 0.9508700102354145]",batch,both
FashionMNIST,small,43,10,a1,layerwise,random,baseline,0,0.3,3,0.8933,0.8897,0.2939728449344635,0.31571060175895693,165758,0.29508475585381,165440,0.2952562704471101,0.0,0.0,0,0,0,0.32701931800693274,0.8897,0.315710602748394,0.33671654004137963,234752,235146,"[0.855, 0.97, 0.808, 0.896, 0.841, 0.959, 0.674, 0.968, 0.969, 0.957]","[0.8729227761485826, 0.9685598377281948, 0.7987072945521699, 0.8987730061349694, 0.8513650151668352, 0.9540347293156282, 0.6991701244813278, 0.9582929194956353, 0.9828282828282828, 0.9518935516888434]",batch,both
FashionMNIST,small,43,10,a1,layerwise,random,baseline,0,0.3,5,0.8965,0.8909,0.29161309286355974,0.31349667050242425,165758,0.29508475585381,165440,0.2952562704471101,0.0,0.0,0,0,0,0.31398221699055284,0.8909,0.3134966716647148,0.3212890239665285,234752,235146,"[0.85, 0.969, 0.83, 0.902, 0.815, 0.969, 0.688, 0.964, 0.969, 0.953]","[0.863147605083089, 0.9685598377281948, 0.8264081255771006, 0.9079754601226994, 0.8311425682507584, 0.9693564862104188, 0.7126556016597511, 0.9553831231813773, 0.9838383838383838, 0.9488229273285568]",batch,both
FashionMNIST,small,43,10,a1,layerwise,random,baseline,0,0.4,0,0.87,0.8613,0.37150926661491396,0.38808114848136904,142020,0.39603480390906076,141728,0.39626499454743724,0.0,0.0,0,0,0,0.32362615200690925,0.8613,0.3880811513900757,0.31536082993261516,234752,235146,"[0.768, 0.956, 0.781, 0.87, 0.685, 0.949, 0.75, 0.954, 0.944, 0.956]","[0.8015640273704789, 0.960446247464503, 0.788550323176362, 0.8824130879345603, 0.7138523761375126, 0.9570990806945863, 0.7562240663900415, 0.9379243452958292, 0.9545454545454546, 0.9539406345957011]",batch,both
FashionMNIST,small,43,10,a1,layerwise,random,baseline,0,0.4,1,0.8888,0.8836,0.3016252074718475,0.3199530790090561,142020,0.39603480390906076,141728,0.39626499454743724,0.0,0.0,0,0,0,0.31320132699329406,0.8836,0.3199530746102333,0.31759462191257626,234752,235146,"[0.844, 0.965, 0.775, 0.9, 0.829, 0.955, 0.682, 0.96, 0.968, 0.958]","[0.8563049853372434, 0.9655172413793104, 0.7710064635272391, 0.9049079754601227, 0.8574317492416582, 0.958120531154239, 0.700207468879668, 0.9485935984481086, 0.9808080808080808, 0.9518935516888434]",batch,both
FashionMNIST,small,43,10,a1,layerwise,random,baseline,0,0.4,3,0.8926,0.8877,0.296350382566452,0.3166852112531662,142020,0.39603480390906076,141728,0.39626499454743724,0.0,0.0,0,0,0,0.32184235705062747,0.8877,0.31668522062301635,0.3392904590582475,234752,235146,"[0.831, 0.969, 0.823, 0.897, 0.835, 0.959, 0.679, 0.964, 0.97, 0.95]","[0.8455522971652004, 0.9655172413793104, 0.8134810710987996, 0.901840490797546, 0.8503538928210314, 0.958120531154239, 0.7105809128630706, 0.9573229873908826, 0.9808080808080808, 0.9457523029682702]",batch,both
FashionMNIST,small,43,10,a1,layerwise,random,baseline,0,0.4,5,0.8938,0.8907,0.2938080290555954,0.31366961768865587,142020,0.39603480390906076,141728,0.39626499454743724,0.0,0.0,0,0,0,0.3282105620019138,0.8907,0.31366961883306504,0.3246970319887623,234752,235146,"[0.848, 0.97, 0.808, 0.897, 0.828, 0.961, 0.706, 0.959, 0.968, 0.962]","[0.8533724340175953, 0.9665314401622718, 0.8051708217913204, 0.8997955010224948, 0.8493427704752275, 0.9591419816138917, 0.7282157676348547, 0.9485935984481086, 0.9787878787878788, 0.9539406345957011]",batch,both
FashionMNIST,small,43,10,a1,layerwise,random,baseline,0,0.5,0,0.8442,0.839,0.4258428374290466,0.4459161089420319,118282,0.4969848519643115,118016,0.4972737186477645,0.0,0.0,0,0,0,0.3240240759914741,0.839,0.44591610741615295,0.3269063939806074,234752,235146,"[0.757, 0.961, 0.734, 0.879, 0.527, 0.936, 0.795, 0.956, 0.896, 0.949]","[0.7751710654936461, 0.962474645030426, 0.7433056325023084, 0.8834355828220859, 0.5460060667340748, 0.9397344228804902, 0.8008298755186722, 0.9437439379243453, 0.9030303030303031, 0.9539406345957011]",batch,both
FashionMNIST,small,43,10,a1,layerwise,random,baseline,0,0.5,1,0.8883,0.8819,0.30668881212472915,0.32623425221443175,118282,0.4969848519643115,118016,0.4972737186477645,0.0,0.0,0,0,0,0.3740362949902192,0.8819,0.3262342541217804,0.3767723410855979,234752,235146,"[0.856, 0.967, 0.795, 0.896, 0.819, 0.956, 0.655, 0.954, 0.968, 0.953]","[0.8699902248289345, 0.9645030425963489, 0.7968605724838412, 0.911042944785276, 0.8341759352881699, 0.95097037793667, 0.6794605809128631, 0.9515033947623667, 0.9767676767676767, 0.9508700102354145]",batch,both
FashionMNIST,small,43,10,a1,layerwise,random,baseline,0,0.5,3,0.8897,0.885,0.30117627658843993,0.31971594904661177,118282,0.4969848519643115,118016,0.4972737186477645,0.0,0.0,0,0,0,0.3505128629039973,0.885,0.3197159497857094,0.36188400792889297,234752,235146,"[0.843, 0.965, 0.796, 0.903, 0.818, 0.955, 0.687, 0.956, 0.97, 0.957]","[0.8572825024437928, 0.9665314401622718, 0.7968605724838412, 0.901840490797546, 0.8422649140546006, 0.9550561797752809, 0.7064315352697096, 0.9427740058195926, 0.9808080808080808, 0.9518935516888434]",batch,both
FashionMNIST,small,43,10,a1,layerwise,random,baseline,0,0.5,5,0.8917,0.8873,0.29658315880298614,0.31759959815740585,118282,0.4969848519643115,118016,0.4972737186477645,0.0,0.0,0,0,0,0.35278924589511007,0.8873,0.31759959262609483,0.32331939204595983,234752,235146,"[0.845, 0.969, 0.819, 0.896, 0.809, 0.956, 0.688, 0.967, 0.971, 0.953]","[0.8533724340175953, 0.9675456389452333, 0.8227146814404432, 0.901840490797546, 0.8270980788675429, 0.9560776302349336, 0.7085062240663901, 0.9553831231813773, 0.9818181818181818, 0.9447287615148413]",batch,both
FashionMNIST,small,43,10,a1,layerwise,random,baseline,0,0.7,0,0.8198,0.8114,0.606474921131134,0.627184838628769,71719,0.6950022539188419,71504,0.6954062159214831,0.0,0.0,0,0,0,0.3149125170893967,0.8114,0.6271848378658295,0.32579396793153137,234752,235146,"[0.802, 0.94, 0.763, 0.893, 0.475, 0.931, 0.669, 0.93, 0.785, 0.926]","[0.8123167155425219, 0.936105476673428, 0.7682363804247461, 0.8987730061349694, 0.5116279069767442, 0.9315628192032687, 0.6794605809128631, 0.9233753637245393, 0.806060606060606, 0.9314227226202662]",batch,both
FashionMNIST,small,43,10,a1,layerwise,random,baseline,0,0.7,1,0.8771,0.8708,0.32933761842250825,0.3507513123750687,71719,0.6950022539188419,71504,0.6954062159214831,0.0,0.0,0,0,0,0.33120867202524096,0.8708,0.3507513101220131,0.3360458470415324,234752,235146,"[0.838, 0.961, 0.791, 0.885, 0.824, 0.944, 0.598, 0.944, 0.97, 0.953]","[0.8651026392961877, 0.9584178498985801, 0.7848568790397045, 0.8916155419222904, 0.8422649140546006, 0.9397344228804902, 0.6192946058091287, 0.9398642095053347, 0.9797979797979798, 0.9518935516888434]",batch,both
FashionMNIST,small,43,10,a1,layerwise,random,baseline,0,0.7,3,0.8833,0.8797,0.31501091437339784,0.33675219181776045,71719,0.6950022539188419,71504,0.6954062159214831,0.0,0.0,0,0,0,0.33516428992152214,0.8797,0.3367521947264671,0.36601286893710494,234752,235146,"[0.841, 0.966, 0.807, 0.899, 0.813, 0.953, 0.648, 0.945, 0.972, 0.953]","[0.8582600195503421, 0.9634888438133874, 0.7996306555863343, 0.9038854805725971, 0.8311425682507584, 0.9540347293156282, 0.6556016597510373, 0.938894277400582, 0.9767676767676767, 0.9539406345957011]",batch,both
FashionMNIST,small,43,10,a1,layerwise,random,baseline,0,0.7,5,0.8855,0.8815,0.30983050031661985,0.3328546415090561,71719,0.6950022539188419,71504,0.6954062159214831,0.0,0.0,0,0,0,0.3208452819380909,0.8815,0.3328546394109726,0.32688649999909103,234752,235146,"[0.85, 0.969, 0.786, 0.891, 0.847, 0.95, 0.652, 0.945, 0.972, 0.953]","[0.8641251221896383, 0.9645030425963489, 0.7848568790397045, 0.8916155419222904, 0.8634984833164813, 0.9519918283963228, 0.6618257261410788, 0.9369544131910766, 0.9787878787878788, 0.9611054247697032]",batch,both
FashionMNIST,small,43,10,a2,layerwise,random,baseline,0,0.05,0,0.8915,0.8835,0.3064949567317963,0.32544245837926866,233544,0.006812788650455426,233156,0.006798664122137366,0.0,0.0,0,0,0,0.3211154550081119,0.8835,0.32544245797395704,0.3333237280603498,234752,235146,"[0.834, 0.972, 0.835, 0.864, 0.808, 0.949, 0.681, 0.968, 0.97, 0.954]","[0.8484848484848485, 0.9705882352941176, 0.8365650969529086, 0.8670756646216768, 0.8351870576339737, 0.9530132788559755, 0.7085062240663901, 0.9582929194956353, 0.9828282828282828, 0.95496417604913]",batch,both
FashionMNIST,small,43,10,a2,layerwise,random,baseline,0,0.05,1,0.8957,0.8905,0.2906099870085716,0.31059706140756604,233544,0.006812788650455426,233156,0.006798664122137366,0.0,0.0,0,0,0,0.3148278529988602,0.8905,0.3105970621943474,0.32418753404635936,234752,235146,"[0.846, 0.973, 0.816, 0.904, 0.808, 0.962, 0.704, 0.966, 0.972, 0.954]","[0.8455522971652004, 0.9695740365111561, 0.814404432132964, 0.901840490797546, 0.8361981799797775, 0.9642492339121552, 0.7375518672199171, 0.950533462657614, 0.9858585858585859, 0.9559877175025588]",batch,both
FashionMNIST,small,43,10,a2,layerwise,random,baseline,0,0.05,3,0.8961,0.8917,0.29217175114154814,0.3120964720129967,233544,0.006812788650455426,233156,0.006798664122137366,0.0,0.0,0,0,0,0.3227491689613089,0.8917,0.3120964689254761,0.32236016099341214,234752,235146,"[0.859, 0.97, 0.831, 0.894, 0.817, 0.966, 0.689, 0.964, 0.97, 0.957]","[0.8690127077223851, 0.9695740365111561, 0.8310249307479224, 0.8987730061349694, 0.8301314459049545, 0.9713993871297242, 0.7064315352697096, 0.953443258971872, 0.9828282828282828, 0.9498464687819856]",batch,both
FashionMNIST,small,43,10,a2,layerwise,random,baseline,0,0.05,5,0.8977,0.8934,0.291335403072834,0.30942371367812155,233544,0.006812788650455426,233156,0.006798664122137366,0.0,0.0,0,0,0,0.3167508840560913,0.8934,0.30942370906472205,0.327670530998148,234752,235146,"[0.842, 0.973, 0.824, 0.911, 0.843, 0.96, 0.689, 0.964, 0.971, 0.957]","[0.8494623655913979, 0.9705882352941176, 0.8264081255771006, 0.9120654396728016, 0.8483316481294236, 0.9611848825331971, 0.7188796680497925, 0.9553831231813773, 0.9818181818181818, 0.9559877175025588]",batch,both
FashionMNIST,small,43,10,a2,layerwise,random,baseline,0,0.1,0,0.8903,0.882,0.31100647659301756,0.33120494323968885,231942,0.013625577300910963,231560,0.013597328244274842,0.0,0.0,0,0,0,0.32864369498565793,0.882,0.331204942381382,0.31494476401712745,234752,235146,"[0.832, 0.969, 0.838, 0.849, 0.81, 0.95, 0.683, 0.968, 0.969, 0.952]","[0.8465298142717498, 0.9695740365111561, 0.8393351800554016, 0.8507157464212679, 0.8361981799797775, 0.95097037793667, 0.7126556016597511, 0.9582929194956353, 0.9838383838383838, 0.95496417604913]",batch,both
FashionMNIST,small,43,10,a2,layerwise,random,baseline,0,0.1,1,0.8973,0.8931,0.2904371315598488,0.3108476042151451,231942,0.013625577300910963,231560,0.013597328244274842,0.0,0.0,0,0,0,0.32452761102467775,0.8931,0.31084760147333146,0.33517590491101146,234752,235146,"[0.85, 0.972, 0.821, 0.906, 0.829, 0.967, 0.693, 0.965, 0.973, 0.955]","[0.852394916911046, 0.9685598377281948, 0.8190212373037857, 0.9038854805725971, 0.8503538928210314, 0.9693564862104188, 0.720954356846473, 0.9544131910766246, 0.9848484848484849, 0.9529170931422722]",batch,both
FashionMNIST,small,43,10,a2,layerwise,random,baseline,0,0.1,3,0.8958,0.892,0.2940543620109558,0.3127465450465679,231942,0.013625577300910963,231560,0.013597328244274842,0.0,0.0,0,0,0,0.3235340079991147,0.892,0.31274654551744463,0.3242521919310093,234752,235146,"[0.846, 0.972, 0.791, 0.916, 0.855, 0.973, 0.68, 0.955, 0.971, 0.961]","[0.8543499511241447, 0.9695740365111561, 0.7931671283471837, 0.9171779141104295, 0.8614762386248737, 0.9765066394279878, 0.7147302904564315, 0.9369544131910766, 0.9828282828282828, 0.9580348004094166]",batch,both
FashionMNIST,small,43,10,a2,layerwise,random,baseline,0,0.1,5,0.8968,0.8935,0.2905666939854622,0.3097565979659557,231942,0.013625577300910963,231560,0.013597328244274842,0.0,0.0,0,0,0,0.32759680796880275,0.8935,0.30975660203099253,0.3192490200744942,234752,235146,"[0.847, 0.973, 0.825, 0.912, 0.805, 0.967, 0.71, 0.964, 0.971, 0.961]","[0.8543499511241447, 0.9695740365111561, 0.8134810710987996, 0.9130879345603272, 0.8210313447927199, 0.9744637385086823, 0.7344398340248963, 0.9524733268671193, 0.9828282828282828, 0.9570112589559877]",batch,both
FashionMNIST,small,43,10,a2,layerwise,random,baseline,0,0.2,0,0.8891,0.8823,0.31596948475837705,0.3332525264978409,228471,0.028386619376897793,228102,0.028327767175572505,0.0,0.0,0,0,0,0.32660587201826274,0.8823,0.3332525244474411,0.32893778500147164,234752,235146,"[0.823, 0.966, 0.838, 0.856, 0.808, 0.95, 0.683, 0.97, 0.975, 0.954]","[0.8299120234604106, 0.9665314401622718, 0.8448753462603878, 0.8599182004089979, 0.8351870576339737, 0.95097037793667, 0.7064315352697096, 0.9582929194956353, 0.9858585858585859, 0.9529170931422722]",batch,both
FashionMNIST,small,43,10,a2,layerwise,random,baseline,0,0.2,1,0.8945,0.8911,0.2909501377463341,0.3095614633560181,228471,0.028386619376897793,228102,0.028327767175572505,0.0,0.0,0,0,0,0.3175481060752645,0.8911,0.30956146261692047,0.32163470704108477,234752,235146,"[0.856, 0.972, 0.796, 0.911, 0.842, 0.961, 0.68, 0.969, 0.971, 0.953]","[0.8543499511241447, 0.9695740365111561, 0.791320406278855, 0.9079754601226994, 0.8574317492416582, 0.965270684371808, 0.7105809128630706, 0.9592628516003879, 0.9818181818181818, 0.9529170931422722]",batch,both
FashionMNIST,small,43,10,a2,layerwise,random,baseline,0,0.2,3,0.8963,0.8916,0.2897475558042526,0.30861808689832687,228471,0.028386619376897793,228102,0.028327767175572505,0.0,0.0,0,0,0,0.33847689093090594,0.8916,0.3086180899620056,0.3258386260131374,234752,235146,"[0.864, 0.972, 0.79, 0.906, 0.839, 0.961, 0.692, 0.963, 0.97, 0.959]","[0.8651026392961877, 0.9695740365111561, 0.7977839335180056, 0.9069529652351738, 0.8543983822042467, 0.9642492339121552, 0.7157676348547718, 0.9515033947623667, 0.9828282828282828, 0.9600818833162743]",batch,both
FashionMNIST,small,43,10,a2,layerwise,random,baseline,0,0.2,5,0.8968,0.8916,0.2926303392767906,0.3098479879617691,228471,0.028386619376897793,228102,0.028327767175572505,0.0,0.0,0,0,0,0.3201319839572534,0.8916,0.30984798042774203,0.3171158949844539,234752,235146,"[0.842, 0.973, 0.815, 0.916, 0.842, 0.966, 0.674, 0.959, 0.972, 0.957]","[0.8504398826979472, 0.9695740365111561, 0.8153277931671283, 0.9141104294478528, 0.846309403437816, 0.9724208375893769, 0.7126556016597511, 0.9495635305528612, 0.9828282828282828, 0.9590583418628454]",batch,both
FashionMNIST,small,43,10,a2,layerwise,random,baseline,0,0.3,0,0.8851,0.8787,0.33670495178699494,0.35215554847717284,225000,0.04314766145288462,224644,0.04305820610687028,0.0,0.0,0,0,0,0.335231414064765,0.8787,0.35215554547309874,0.3320342730730772,234752,235146,"[0.794, 0.967, 0.834, 0.826, 0.804, 0.953, 0.718, 0.963, 0.972, 0.956]","[0.8035190615835777, 0.9675456389452333, 0.8347183748845799, 0.8231083844580777, 0.8311425682507584, 0.9550561797752809, 0.7437759336099585, 0.9515033947623667, 0.9848484848484849, 0.9580348004094166]",batch,both
FashionMNIST,small,43,10,a2,layerwise,random,baseline,0,0.3,1,0.8955,0.8913,0.2902343339323997,0.3106048873066902,225000,0.04314766145288462,224644,0.04305820610687028,0.0,0.0,0,0,0,0.33912710391450673,0.8913,0.3106048843741417,0.3226292380131781,234752,235146,"[0.858, 0.97, 0.816, 0.905, 0.826, 0.968, 0.685, 0.95, 0.972, 0.963]","[0.8592375366568915, 0.9685598377281948, 0.8134810710987996, 0.908997955010225, 0.8412537917087968, 0.965270684371808, 0.716804979253112, 0.9379243452958292, 0.9828282828282828, 0.9651995905834186]",batch,both
FashionMNIST,small,43,10,a2,layerwise,random,baseline,0,0.3,3,0.8965,0.8921,0.29176216942071914,0.3098954716682434,225000,0.04314766145288462,224644,0.04305820610687028,0.0,0.0,0,0,0,0.3202606620034203,0.8921,0.3098954725503921,0.34256670298054814,234752,235146,"[0.858, 0.974, 0.795, 0.909, 0.831, 0.959, 0.7, 0.964, 0.972, 0.959]","[0.8641251221896383, 0.9705882352941176, 0.7996306555863343, 0.9120654396728016, 0.8422649140546006, 0.9591419816138917, 0.7230290456431535, 0.9544131910766246, 0.9848484848484849, 0.9600818833162743]",batch,both
FashionMNIST,small,43,10,a2,layerwise,random,baseline,0,0.3,5,0.8955,0.8951,0.2877625353932381,0.3077997308969498,225000,0.04314766145288462,224644,0.04305820610687028,0.0,0.0,0,0,0,0.36057377397082746,0.8951,0.30779973477125167,0.32770035706926137,234752,235146,"[0.85, 0.973, 0.824, 0.913, 0.838, 0.96, 0.693, 0.968, 0.974, 0.958]","[0.8543499511241447, 0.9705882352941176, 0.8162511542012927, 0.9059304703476483, 0.8372093023255814, 0.958120531154239, 0.720954356846473, 0.9573229873908826, 0.9838383838383838, 0.9539406345957011]",batch,both
FashionMNIST,small,43,10,a2,layerwise,random,baseline,0,0.4,0,0.8828,0.8759,0.3668118314743042,0.3808630500793457,221529,0.05790870352887145,221186,0.05778864503816794,0.0,0.0,0,0,0,0.31984276592265815,0.8759,0.3808630500793457,0.36214330000802875,234752,235146,"[0.795, 0.966, 0.83, 0.816, 0.799, 0.947, 0.714, 0.947, 0.977, 0.968]","[0.7996089931573802, 0.9685598377281948, 0.8393351800554016, 0.8047034764826176, 0.8260869565217391, 0.9519918283963228, 0.7427385892116183, 0.9379243452958292, 0.9868686868686869, 0.9723643807574207]",batch,both
FashionMNIST,small,43,10,a2,layerwise,random,baseline,0,0.4,1,0.8936,0.8907,0.29021278533935546,0.30821249264478684,221529,0.05790870352887145,221186,0.05778864503816794,0.0,0.0,0,0,0,0.31822218594606966,0.8907,0.3082124931931496,0.3412972640944645,234752,235146,"[0.846, 0.971, 0.819, 0.918, 0.808, 0.963, 0.693, 0.961, 0.97, 0.958]","[0.844574780058651, 0.9695740365111561, 0.8217913204062789, 0.9151329243353783, 0.8190091001011123, 0.9632277834525026, 0.716804979253112, 0.9466537342386033, 0.9848484848484849, 0.9580348004094166]",batch,both
FashionMNIST,small,43,10,a2,layerwise,random,baseline,0,0.4,3,0.894,0.8907,0.29127486431598665,0.3118220378756523,221529,0.05790870352887145,221186,0.05778864503816794,0.0,0.0,0,0,0,0.32278521091211587,0.8907,0.3118220407605171,0.3421767979161814,234752,235146,"[0.829, 0.972, 0.839, 0.911, 0.804, 0.961, 0.696, 0.967, 0.97, 0.958]","[0.8289345063538612, 0.9685598377281948, 0.8337950138504155, 0.908997955010225, 0.8149646107178968, 0.9632277834525026, 0.729253112033195, 0.953443258971872, 0.9828282828282828, 0.9590583418628454]",batch,both
FashionMNIST,small,43,10,a2,layerwise,random,baseline,0,0.4,5,0.8952,0.8927,0.28870066435337066,0.3098030660092831,221529,0.05790870352887145,221186,0.05778864503816794,0.0,0.0,0,0,0,0.3121881140395999,0.8927,0.3098030687510967,0.31700681592337787,234752,235146,"[0.852, 0.971, 0.804, 0.915, 0.832, 0.959, 0.706, 0.959, 0.967, 0.962]","[0.8475073313782991, 0.9695740365111561, 0.801477377654663, 0.9120654396728016, 0.8372093023255814, 0.9642492339121552, 0.7354771784232366, 0.9476236663433559, 0.9808080808080808, 0.962128966223132]",batch,both
FashionMNIST,small,43,10,a2,layerwise,random,baseline,0,0.5,0,0.8789,0.8718,0.4219266825675964,0.43356722667217257,218058,0.07266974560485828,217728,0.0725190839694656,0.0,0.0,0,0,0,0.31277581106405705,0.8718,0.43356723239421846,0.32645338703878224,234752,235146,"[0.766, 0.967, 0.798, 0.773, 0.82, 0.948, 0.749, 0.954, 0.98, 0.963]","[0.7751710654936461, 0.9695740365111561, 0.8134810710987996, 0.7699386503067485, 0.8372093023255814, 0.9519918283963228, 0.7780082987551867, 0.9437439379243453, 0.9878787878787879, 0.9672466734902764]",batch,both
FashionMNIST,small,43,10,a2,layerwise,random,baseline,0,0.5,1,0.8935,0.887,0.29541060626506804,0.3124388378024101,218058,0.07266974560485828,217728,0.0725190839694656,0.0,0.0,0,0,0,0.3211799709824845,0.887,0.31243883646726606,0.33148275094572455,234752,235146,"[0.858, 0.971, 0.783, 0.894, 0.83, 0.961, 0.684, 0.958, 0.972, 0.959]","[0.8660801564027371, 0.9685598377281948, 0.788550323176362, 0.901840490797546, 0.8543983822042467, 0.9622063329928499, 0.7136929460580913, 0.9476236663433559, 0.9818181818181818, 0.9559877175025588]",batch,both
FashionMNIST,small,43,10,a2,layerwise,random,baseline,0,0.5,3,0.894,0.8898,0.28968567978143694,0.30939932795763014,218058,0.07266974560485828,217728,0.0725190839694656,0.0,0.0,0,0,0,0.30830759496893734,0.8898,0.30939933367967604,0.32267601194325835,234752,235146,"[0.851, 0.973, 0.812, 0.903, 0.827, 0.961, 0.675, 0.968, 0.973, 0.955]","[0.852394916911046, 0.9685598377281948, 0.8116343490304709, 0.9049079754601227, 0.8422649140546006, 0.958120531154239, 0.7147302904564315, 0.9573229873908826, 0.9828282828282828, 0.9508700102354145]",batch,both
FashionMNIST,small,43,10,a2,layerwise,random,baseline,0,0.5,5,0.8971,0.8929,0.28861243785619733,0.3092256402850151,218058,0.07266974560485828,217728,0.0725190839694656,0.0,0.0,0,0,0,0.3106370590394363,0.8929,0.3092256405711174,0.31865699402987957,234752,235146,"[0.882, 0.972, 0.814, 0.898, 0.851, 0.963, 0.65, 0.965, 0.975, 0.959]","[0.8836754643206256, 0.9695740365111561, 0.814404432132964, 0.9028629856850716, 0.8614762386248737, 0.9642492339121552, 0.6836099585062241, 0.9524733268671193, 0.9838383838383838, 0.9570112589559877]",batch,both
FashionMNIST,small,43,10,a2,layerwise,random,baseline,0,0.7,0,0.8661,0.8619,0.5904683413505554,0.598179921913147,211383,0.10105636498175596,211078,0.10084685114503822,0.0,0.0,0,0,0,0.3223475019913167,0.8619,0.59817991771698,0.322939884965308,234752,235146,"[0.757, 0.963, 0.863, 0.802, 0.668, 0.968, 0.733, 0.93, 0.978, 0.957]","[0.7624633431085044, 0.9665314401622718, 0.8587257617728532, 0.8006134969325154, 0.6814964610717897, 0.9622063329928499, 0.7645228215767634, 0.9224054316197866, 0.9868686868686869, 0.9559877175025588]",batch,both
FashionMNIST,small,43,10,a2,layerwise,random,baseline,0,0.7,1,0.887,0.884,0.3077994992017746,0.3207873382568359,211383,0.10105636498175596,211078,0.10084685114503822,0.0,0.0,0,0,0,0.33983006700873375,0.884,0.320787342441082,0.34017983404919505,234752,235146,"[0.848, 0.969, 0.825, 0.908, 0.815, 0.952, 0.638, 0.961, 0.97, 0.954]","[0.8699902248289345, 0.9665314401622718, 0.8180978762696214, 0.9130879345603272, 0.8270980788675429, 0.940755873340143, 0.6504149377593361, 0.9515033947623667, 0.9818181818181818, 0.9508700102354145]",batch,both
FashionMNIST,small,43,10,a2,layerwise,random,baseline,0,0.7,3,0.891,0.888,0.29504990327358244,0.31219808427095413,211383,0.10105636498175596,211078,0.10084685114503822,0.0,0.0,0,0,0,0.3354922500438988,0.888,0.3121980850815773,0.33075498905964196,234752,235146,"[0.846, 0.971, 0.806, 0.9, 0.819, 0.951, 0.698, 0.96, 0.972, 0.957]","[0.8611925708699902, 0.9675456389452333, 0.7987072945521699, 0.9069529652351738, 0.8382204246713852, 0.9519918283963228, 0.7085062240663901, 0.944713870029098, 0.9808080808080808, 0.9559877175025588]",batch,both
FashionMNIST,small,43,10,a2,layerwise,random,baseline,0,0.7,5,0.8939,0.8908,0.29092518569231035,0.30976057543754576,211383,0.10105636498175596,211078,0.10084685114503822,0.0,0.0,0,0,0,0.3289182790322229,0.8908,0.309760569691658,0.3164858570089564,234752,235146,"[0.847, 0.971, 0.829, 0.896, 0.817, 0.962, 0.696, 0.964, 0.971, 0.955]","[0.8680351906158358, 0.9675456389452333, 0.8254847645429363, 0.908997955010225, 0.8270980788675429, 0.9591419816138917, 0.700207468879668, 0.953443258971872, 0.9808080808080808, 0.9498464687819856]",batch,both
FashionMNIST,small,43,10,all,all,random,baseline,1,0.05,0,0.8892,0.8814,0.31674915390014646,0.33450133357048034,222660,0.05309892577377462,222284,0.05311136859323884,0.0,0.0,0,0,0,0.31974990596063435,0.8814,0.33450133492946627,0.3305780290393159,234752,235146,"[0.86, 0.972, 0.857, 0.851, 0.763, 0.947, 0.681, 0.968, 0.968, 0.947]","[0.8651026392961877, 0.9705882352941176, 0.8541089566020313, 0.852760736196319, 0.7987866531850354, 0.95097037793667, 0.7105809128630706, 0.962172647914646, 0.9797979797979798, 0.9447287615148413]",batch,both
FashionMNIST,small,43,10,all,all,random,baseline,1,0.05,1,0.8971,0.8901,0.2937804677128792,0.31321263312101366,222660,0.05309892577377462,222284,0.05311136859323884,0.0,0.0,0,0,0,0.35822392301633954,0.8901,0.3132126266121864,0.3304562799166888,234752,235146,"[0.844, 0.969, 0.793, 0.902, 0.84, 0.954, 0.702, 0.964, 0.973, 0.96]","[0.852394916911046, 0.9675456389452333, 0.7940904893813481, 0.9059304703476483, 0.8645096056622852, 0.9632277834525026, 0.733402489626556, 0.953443258971872, 0.9838383838383838, 0.9590583418628454]",batch,both
FashionMNIST,small,43,10,all,all,random,baseline,1,0.05,3,0.8974,0.8929,0.29230214620828626,0.31169628162384033,222660,0.05309892577377462,222284,0.05311136859323884,0.0,0.0,0,0,0,0.3110114310402423,0.8929,0.31169628858566284,0.3351879969704896,234752,235146,"[0.839, 0.974, 0.815, 0.912, 0.819, 0.965, 0.715, 0.961, 0.97, 0.959]","[0.8377321603128055, 0.9695740365111561, 0.8134810710987996, 0.9171779141104295, 0.8341759352881699, 0.9693564862104188, 0.7468879668049793, 0.9524733268671193, 0.9828282828282828, 0.9559877175025588]",batch,both
FashionMNIST,small,43,10,all,all,random,baseline,1,0.05,5,0.8975,0.8926,0.29563908566236496,0.3129433617055416,222660,0.05309892577377462,222284,0.05311136859323884,0.0,0.0,0,0,0,0.3415662079351023,0.8926,0.3129433615088463,0.3307962620165199,234752,235146,"[0.847, 0.974, 0.812, 0.913, 0.853, 0.961, 0.673, 0.962, 0.971, 0.96]","[0.8475073313782991, 0.9695740365111561, 0.8088642659279779, 0.9151329243353783, 0.8634984833164813, 0.965270684371808, 0.7147302904564315, 0.9515033947623667, 0.9838383838383838, 0.9600818833162743]",batch,both
FashionMNIST,small,43,10,all,all,random,baseline,1,0.1,0,0.8847,0.8785,0.3312349561691284,0.34908568332195283,209417,0.10941712808212767,209060,0.10944315703380592,0.0,0.0,0,0,0,0.3349946439266205,0.8785,0.34908568980693816,0.3236040169140324,234752,235146,"[0.837, 0.973, 0.827, 0.822, 0.791, 0.939, 0.705, 0.982, 0.972, 0.937]","[0.8514173998044966, 0.9705882352941176, 0.8254847645429363, 0.8139059304703476, 0.8200202224469161, 0.9417773237997957, 0.7313278008298755, 0.9757516973811833, 0.9808080808080808, 0.9355168884339816]",batch,both
FashionMNIST,small,43,10,all,all,random,baseline,1,0.1,1,0.8958,0.8897,0.2949839324474335,0.3147845888853073,209417,0.10941712808212767,209060,0.10944315703380592,0.0,0.0,0,0,0,0.3505602750228718,0.8897,0.3147845909714699,0.3688923839945346,234752,235146,"[0.863, 0.97, 0.811, 0.904, 0.843, 0.956, 0.663, 0.956, 0.972, 0.959]","[0.873900293255132, 0.9695740365111561, 0.804247460757156, 0.9120654396728016, 0.8604651162790697, 0.9611848825331971, 0.6887966804979253, 0.9456838021338506, 0.9848484848484849, 0.9611054247697032]",batch,both
FashionMNIST,small,43,10,all,all,random,baseline,1,0.1,3,0.8966,0.8903,0.29501347136497497,0.31796191539764407,209417,0.10941712808212767,209060,0.10944315703380592,0.0,0.0,0,0,0,0.31964284693822265,0.8903,0.3179619169354439,0.32924769702367485,234752,235146,"[0.84, 0.974, 0.804, 0.9, 0.849, 0.958, 0.691, 0.966, 0.969, 0.952]","[0.8475073313782991, 0.9705882352941176, 0.8024007386888273, 0.9049079754601227, 0.8645096056622852, 0.9591419816138917, 0.7282157676348547, 0.9573229873908826, 0.9828282828282828, 0.9539406345957011]",batch,both
FashionMNIST,small,43,10,all,all,random,baseline,1,0.1,5,0.8968,0.8942,0.2921944791197777,0.3126276878476143,209417,0.10941712808212767,209060,0.10944315703380592,0.0,0.0,0,0,0,0.31542502401862293,0.8942,0.31262768597602847,0.32992262102197856,234752,235146,"[0.839, 0.974, 0.821, 0.905, 0.823, 0.961, 0.726, 0.96, 0.972, 0.961]","[0.8357771260997068, 0.9705882352941176, 0.8070175438596491, 0.9079754601226994, 0.8412537917087968, 0.9642492339121552, 0.7562240663900415, 0.9456838021338506, 0.9838383838383838, 0.962128966223132]",batch,both
FashionMNIST,small,43,10,all,all,random,baseline,1,0.2,0,0.8795,0.8718,0.3624660659790039,0.37750108766555784,183183,0.2209818580796612,182865,0.22102900081788446,0.0,0.0,0,0,0,0.3306223559193313,0.8718,0.37750108826160433,0.3228230329696089,234752,235146,"[0.879, 0.971, 0.837, 0.797, 0.795, 0.945, 0.634, 0.976, 0.972, 0.912]","[0.8866080156402737, 0.9705882352941176, 0.8374884579870729, 0.7862985685071575, 0.8099089989888777, 0.9489274770173647, 0.6773858921161826, 0.9786614936954413, 0.9838383838383838, 0.90992835209826]",batch,both
FashionMNIST,small,43,10,all,all,random,baseline,1,0.2,1,0.8957,0.8897,0.293385107421875,0.31251238256692887,183183,0.2209818580796612,182865,0.22102900081788446,0.0,0.0,0,0,0,0.34776671801228076,0.8897,0.312512382376194,0.34118179592769593,234752,235146,"[0.857, 0.971, 0.805, 0.905, 0.839, 0.962, 0.67, 0.963, 0.97, 0.955]","[0.8651026392961877, 0.9685598377281948, 0.8033240997229917, 0.9120654396728016, 0.8574317492416582, 0.9622063329928499, 0.6991701244813278, 0.95635305528613, 0.9818181818181818, 0.95496417604913]",batch,both
FashionMNIST,small,43,10,all,all,random,baseline,1,0.2,3,0.8981,0.8918,0.29254674133062364,0.30954038935899736,183183,0.2209818580796612,182865,0.22102900081788446,0.0,0.0,0,0,0,0.314725300995633,0.8918,0.3095403929591179,0.3331118170171976,234752,235146,"[0.853, 0.971, 0.812, 0.904, 0.826, 0.968, 0.694, 0.962, 0.973, 0.955]","[0.863147605083089, 0.9695740365111561, 0.8134810710987996, 0.908997955010225, 0.8503538928210314, 0.9673135852911133, 0.7199170124481328, 0.9544131910766246, 0.9828282828282828, 0.95496417604913]",batch,both
FashionMNIST,small,43,10,all,all,random,baseline,1,0.2,5,0.8963,0.8926,0.29098234671354295,0.3113756728231907,183183,0.2209818580796612,182865,0.22102900081788446,0.0,0.0,0,0,0,0.3151157690444961,0.8926,0.3113756741642952,0.3173665659269318,234752,235146,"[0.847, 0.969, 0.816, 0.908, 0.835, 0.964, 0.699, 0.963, 0.968, 0.957]","[0.8484848484848485, 0.9675456389452333, 0.8107109879963066, 0.908997955010225, 0.8554095045500506, 0.9601634320735445, 0.7240663900414938, 0.9553831231813773, 0.9818181818181818, 0.95496417604913]",batch,both
FashionMNIST,small,43,10,all,all,random,baseline,1,0.3,0,0.8697,0.8658,0.40834151413440706,0.4227110999107361,158500,0.32595068595680976,158220,0.3260121319520175,0.0,0.0,0,0,0,0.3153743150178343,0.8658,0.4227111003398895,0.33124069997575134,234752,235146,"[0.868, 0.968, 0.862, 0.781, 0.728, 0.958, 0.643, 0.974, 0.968, 0.908]","[0.873900293255132, 0.9695740365111561, 0.8587257617728532, 0.7658486707566462, 0.7350859453993933, 0.9591419816138917, 0.6701244813278008, 0.9747817652764307, 0.9777777777777777, 0.9037871033776868]",batch,both
FashionMNIST,small,43,10,all,all,random,baseline,1,0.3,1,0.8912,0.8864,0.2991390152812004,0.3175982344031334,158500,0.32595068595680976,158220,0.3260121319520175,0.0,0.0,0,0,0,0.33038353896699846,0.8864,0.3175982340455055,0.3438313020160422,234752,235146,"[0.827, 0.97, 0.803, 0.912, 0.839, 0.962, 0.664, 0.966, 0.97, 0.951]","[0.8367546432062561, 0.9665314401622718, 0.801477377654663, 0.9171779141104295, 0.8564206268958544, 0.9570990806945863, 0.6950207468879668, 0.9573229873908826, 0.9818181818181818, 0.946775844421699]",batch,both
FashionMNIST,small,43,10,all,all,random,baseline,1,0.3,3,0.8931,0.8871,0.296353632235527,0.31465839484930036,158500,0.32595068595680976,158220,0.3260121319520175,0.0,0.0,0,0,0,0.32733674498740584,0.8871,0.3146583935022354,0.34425913100130856,234752,235146,"[0.848, 0.971, 0.774, 0.898, 0.845, 0.959, 0.69, 0.957, 0.971, 0.958]","[0.855327468230694, 0.9695740365111561, 0.7811634349030471, 0.9059304703476483, 0.8665318503538928, 0.958120531154239, 0.716804979253112, 0.9476236663433559, 0.9808080808080808, 0.9559877175025588]",batch,both
FashionMNIST,small,43,10,all,all,random,baseline,1,0.3,5,0.8967,0.8906,0.2944345660805702,0.31332499886751175,158500,0.32595068595680976,158220,0.3260121319520175,0.0,0.0,0,0,0,0.3607540469383821,0.8906,0.3133250028967857,0.3776339350733906,234752,235146,"[0.862, 0.971, 0.803, 0.904, 0.849, 0.964, 0.666, 0.954, 0.974, 0.959]","[0.8778103616813294, 0.9685598377281948, 0.8079409048938134, 0.9069529652351738, 0.8624873609706775, 0.9693564862104188, 0.6939834024896265, 0.9456838021338506, 0.9797979797979798, 0.9580348004094166]",batch,both
FashionMNIST,small,43,10,all,all,random,baseline,1,0.4,0,0.8627,0.858,0.48872897567749024,0.5015217182636261,133605,0.43182108137072284,133364,0.4318940839694656,0.0,0.0,0,0,0,0.38105841097421944,0.858,0.5015217174530029,0.3783929389901459,234752,235146,"[0.866, 0.974, 0.857, 0.792, 0.675, 0.961, 0.626, 0.972, 0.965, 0.892]","[0.8778103616813294, 0.9705882352941176, 0.8670360110803325, 0.787321063394683, 0.6764408493427705, 0.9622063329928499, 0.6379668049792531, 0.9660523763336566, 0.9696969696969697, 0.901740020470829]",batch,both
FashionMNIST,small,43,10,all,all,random,baseline,1,0.4,1,0.8865,0.8825,0.30891658416986467,0.3272117440223694,133605,0.43182108137072284,133364,0.4318940839694656,0.0,0.0,0,0,0,0.3207131769740954,0.8825,0.3272117395877838,0.3330041259760037,234752,235146,"[0.831, 0.968, 0.788, 0.9, 0.823, 0.957, 0.681, 0.961, 0.97, 0.946]","[0.8318670576735093, 0.9665314401622718, 0.7950138504155124, 0.9038854805725971, 0.8321536905965622, 0.9550561797752809, 0.7053941908713693, 0.95635305528613, 0.9777777777777777, 0.9457523029682702]",batch,both
FashionMNIST,small,43,10,all,all,random,baseline,1,0.4,3,0.8901,0.8855,0.30184821804761885,0.32051905839443207,133605,0.43182108137072284,133364,0.4318940839694656,0.0,0.0,0,0,0,0.33287106500938535,0.8855,0.32051906316280365,0.34662711899727583,234752,235146,"[0.823, 0.971, 0.819, 0.904, 0.844, 0.945, 0.662, 0.962, 0.973, 0.952]","[0.8279569892473119, 0.9665314401622718, 0.8125577100646353, 0.9130879345603272, 0.8594539939332659, 0.9458631256384066, 0.6856846473029046, 0.95635305528613, 0.9818181818181818, 0.95496417604913]",batch,both
FashionMNIST,small,43,10,all,all,random,baseline,1,0.4,5,0.8927,0.8864,0.29534176231622694,0.31769288861751555,133605,0.43182108137072284,133364,0.4318940839694656,0.0,0.0,0,0,0,0.3182603039313108,0.8864,0.3176928814291954,0.33010032994206995,234752,235146,"[0.832, 0.972, 0.824, 0.897, 0.827, 0.962, 0.675, 0.959, 0.965, 0.951]","[0.8426197458455523, 0.9675456389452333, 0.8254847645429363, 0.908997955010225, 0.8372093023255814, 0.9632277834525026, 0.6981327800829875, 0.953443258971872, 0.9787878787878788, 0.9539406345957011]",batch,both
FashionMNIST,small,43,10,all,all,random,baseline,1,0.5,0,0.8445,0.8389,0.6685200821399688,0.6755350709438324,109386,0.5348166670919343,109184,0.534896401308615,0.0,0.0,0,0,0,0.31654058501590043,0.8389,0.6755350754737854,0.3209549260791391,234752,235146,"[0.84, 0.969, 0.789, 0.729, 0.641, 0.981, 0.693, 0.928, 0.968, 0.851]","[0.8563049853372434, 0.9716024340770791, 0.8079409048938134, 0.7382413087934561, 0.6349848331648129, 0.9724208375893769, 0.7095435684647303, 0.9243452958292919, 0.9747474747474747, 0.8515864892528148]",batch,both
FashionMNIST,small,43,10,all,all,random,baseline,1,0.5,1,0.8839,0.8756,0.32557579548358917,0.34011190106868744,109386,0.5348166670919343,109184,0.534896401308615,0.0,0.0,0,0,0,0.3170222119661048,0.8756,0.34011189777851103,0.3322126320563257,234752,235146,"[0.824, 0.965, 0.774, 0.895, 0.82, 0.944, 0.661, 0.958, 0.967, 0.948]","[0.8465298142717498, 0.9645030425963489, 0.7848568790397045, 0.901840490797546, 0.8412537917087968, 0.947906026557712, 0.6784232365145229, 0.9524733268671193, 0.9747474747474747, 0.9508700102354145]",batch,both
FashionMNIST,small,43,10,all,all,random,baseline,1,0.5,3,0.8882,0.8819,0.31086969702243805,0.32808317258358,109386,0.5348166670919343,109184,0.534896401308615,0.0,0.0,0,0,0,0.3294902299530804,0.8819,0.3280831722259521,0.33678810100536793,234752,235146,"[0.835, 0.966, 0.793, 0.904, 0.841, 0.95, 0.655, 0.952, 0.968, 0.955]","[0.8455522971652004, 0.9645030425963489, 0.8005540166204986, 0.9069529652351738, 0.8574317492416582, 0.9540347293156282, 0.6742738589211619, 0.9485935984481086, 0.9797979797979798, 0.9539406345957011]",batch,both
FashionMNIST,small,43,10,all,all,random,baseline,1,0.5,5,0.892,0.8851,0.30515724341869355,0.3252257793903351,109386,0.5348166670919343,109184,0.534896401308615,0.0,0.0,0,0,0,0.3440457219257951,0.8851,0.3252257791996002,0.327640000032261,234752,235146,"[0.844, 0.969, 0.824, 0.9, 0.818, 0.963, 0.659, 0.961, 0.966, 0.947]","[0.8651026392961877, 0.9655172413793104, 0.8236380424746076, 0.9028629856850716, 0.8311425682507584, 0.9601634320735445, 0.6856846473029046, 0.9602327837051406, 0.9797979797979798, 0.946775844421699]",batch,both
FashionMNIST,small,43,10,all,all,random,baseline,1,0.7,0,0.7882,0.7826,1.1489918055534363,1.1493009366989135,63887,0.728309220654402,63761,0.7283899604689203,0.0,0.0,0,0,0,0.31494331907015294,0.7826,1.149300928878784,0.338647649041377,234752,235146,"[0.804, 0.97, 0.733, 0.607, 0.618, 0.794, 0.58, 0.989, 0.975, 0.756]","[0.8123167155425219, 0.9716024340770791, 0.7174515235457064, 0.6165644171779141, 0.583417593528817, 0.8161389172625128, 0.6058091286307054, 0.9844810863239574, 0.9797979797979798, 0.7860798362333674]",batch,both
FashionMNIST,small,43,10,all,all,random,baseline,1,0.7,1,0.8547,0.8491,0.4092288809299469,0.4242464524269104,63887,0.728309220654402,63761,0.7283899604689203,0.0,0.0,0,0,0,0.3557061720639467,0.8491,0.4242464566707611,0.33495640906039625,234752,235146,"[0.83, 0.959, 0.733, 0.912, 0.803, 0.916, 0.503, 0.931, 0.958, 0.946]","[0.8475073313782991, 0.9634888438133874, 0.7248384118190212, 0.9141104294478528, 0.7977755308392316, 0.9203268641470889, 0.5352697095435685, 0.92725509214355, 0.9727272727272728, 0.9477993858751279]",batch,both
FashionMNIST,small,43,10,all,all,random,baseline,1,0.7,3,0.8719,0.8649,0.35563027839660644,0.3740527728319168,63887,0.728309220654402,63761,0.7283899604689203,0.0,0.0,0,0,0,0.3148187029873952,0.8649,0.37405277528762815,0.33219768409617245,234752,235146,"[0.83, 0.969, 0.744, 0.899, 0.843, 0.943, 0.574, 0.93, 0.967, 0.95]","[0.8435972629521017, 0.9645030425963489, 0.7414589104339797, 0.9069529652351738, 0.8634984833164813, 0.9427987742594485, 0.6047717842323651, 0.9233753637245393, 0.9747474747474747, 0.9600818833162743]",batch,both
FashionMNIST,small,43,10,all,all,random,baseline,1,0.7,5,0.8765,0.8724,0.34076312923431396,0.3579741706132889,63887,0.728309220654402,63761,0.7283899604689203,0.0,0.0,0,0,0,0.32962305296678096,0.8724,0.35797417039871215,0.32588833093177527,234752,235146,"[0.83, 0.966, 0.756, 0.903, 0.82, 0.938, 0.643, 0.949, 0.969, 0.95]","[0.8318670576735093, 0.962474645030426, 0.7608494921514312, 0.908997955010225, 0.8270980788675429, 0.9346271705822268, 0.6690871369294605, 0.9466537342386033, 0.9757575757575757, 0.9539406345957011]",batch,both
FashionMNIST,small,43,10,a1,layerwise,random,baseline,1,0.05,0,0.891,0.8822,0.31183583475351334,0.3304835863828659,224190,0.04659232987165418,223808,0.04661941112322787,0.0,0.0,0,0,0,0.32279514195397496,0.8822,0.3304835854172707,0.33767191192600876,234752,235146,"[0.841, 0.972, 0.852, 0.867, 0.77, 0.949, 0.687, 0.97, 0.967, 0.947]","[0.855327468230694, 0.9695740365111561, 0.850415512465374, 0.8701431492842536, 0.8048533872598584, 0.9530132788559755, 0.720954356846473, 0.962172647914646, 0.9757575757575757, 0.946775844421699]",batch,both
FashionMNIST,small,43,10,a1,layerwise,random,baseline,1,0.05,1,0.8974,0.8916,0.29322416410446167,0.310694988489151,224190,0.04659232987165418,223808,0.04661941112322787,0.0,0.0,0,0,0,0.32309400697704405,0.8916,0.31069498410224916,0.33110307704191655,234752,235146,"[0.856, 0.972, 0.82, 0.905, 0.82, 0.963, 0.686, 0.967, 0.972, 0.955]","[0.8748778103616813, 0.9685598377281948, 0.8245614035087719, 0.9038854805725971, 0.8301314459049545, 0.9713993871297242, 0.7116182572614108, 0.9544131910766246, 0.9848484848484849, 0.9518935516888434]",batch,both
FashionMNIST,small,43,10,a1,layerwise,random,baseline,1,0.05,3,0.8983,0.893,0.2923849046587944,0.31288523824214937,224190,0.04659232987165418,223808,0.04661941112322787,0.0,0.0,0,0,0,0.3346108760451898,0.893,0.31288523460626605,0.33179948397446424,234752,235146,"[0.842, 0.972, 0.811, 0.906, 0.822, 0.962, 0.723, 0.959, 0.972, 0.961]","[0.8484848484848485, 0.9695740365111561, 0.8125577100646353, 0.9100204498977505, 0.8341759352881699, 0.9713993871297242, 0.7520746887966805, 0.950533462657614, 0.9828282828282828, 0.9570112589559877]",batch,both
FashionMNIST,small,43,10,a1,layerwise,random,baseline,1,0.05,5,0.8975,0.8929,0.2960146177887917,0.3141899482250214,224190,0.04659232987165418,223808,0.04661941112322787,0.0,0.0,0,0,0,0.3329622190212831,0.8929,0.3141899482011795,0.3268111019860953,234752,235146,"[0.839, 0.971, 0.789, 0.912, 0.854, 0.964, 0.708, 0.959, 0.97, 0.963]","[0.8465298142717498, 0.9685598377281948, 0.7839335180055401, 0.9141104294478528, 0.8705763397371082, 0.9673135852911133, 0.7406639004149378, 0.9476236663433559, 0.9818181818181818, 0.962128966223132]",batch,both
FashionMNIST,small,43,10,a1,layerwise,random,baseline,1,0.1,0,0.8876,0.8798,0.32312533304691315,0.34207206646203997,212321,0.09706735389927956,211952,0.09712377317339149,0.0,0.0,0,0,0,0.3641037510242313,0.8798,0.3420720710277557,0.3210447980090976,234752,235146,"[0.841, 0.972, 0.838, 0.834, 0.785, 0.938, 0.701, 0.98, 0.97, 0.939]","[0.8543499511241447, 0.9695740365111561, 0.8365650969529086, 0.8353783231083844, 0.8159757330637007, 0.940755873340143, 0.7302904564315352, 0.9747817652764307, 0.9797979797979798, 0.9375639713408394]",batch,both
FashionMNIST,small,43,10,a1,layerwise,random,baseline,1,0.1,1,0.8959,0.8905,0.29452586398124697,0.31437062294483187,212321,0.09706735389927956,211952,0.09712377317339149,0.0,0.0,0,0,0,0.3364122409839183,0.8905,0.3143706233382225,0.38699037104379386,234752,235146,"[0.835, 0.972, 0.802, 0.904, 0.85, 0.962, 0.699, 0.956, 0.969, 0.956]","[0.8387096774193549, 0.9675456389452333, 0.7968605724838412, 0.9059304703476483, 0.8685540950455005, 0.9703779366700716, 0.733402489626556, 0.9437439379243453, 0.9838383838383838, 0.9570112589559877]",batch,both
FashionMNIST,small,43,10,a1,layerwise,random,baseline,1,0.1,3,0.8956,0.8908,0.2965209751844406,0.31537212401628495,212321,0.09706735389927956,211952,0.09712377317339149,0.0,0.0,0,0,0,0.3635179459815845,0.8908,0.31537212517261504,0.34623070899397135,234752,235146,"[0.859, 0.973, 0.786, 0.9, 0.859, 0.966, 0.681, 0.958, 0.969, 0.957]","[0.8651026392961877, 0.9695740365111561, 0.7848568790397045, 0.9028629856850716, 0.8806875631951466, 0.9673135852911133, 0.7033195020746889, 0.9476236663433559, 0.9838383838383838, 0.9570112589559877]",batch,both
FashionMNIST,small,43,10,a1,layerwise,random,baseline,1,0.1,5,0.8966,0.8916,0.29289296983480456,0.3150564297556877,212321,0.09706735389927956,211952,0.09712377317339149,0.0,0.0,0,0,0,0.3420318269636482,0.8916,0.3150564287781715,0.35184307605959475,234752,235146,"[0.86, 0.973, 0.822, 0.91, 0.804, 0.96, 0.696, 0.963, 0.973, 0.955]","[0.873900293255132, 0.9695740365111561, 0.8227146814404432, 0.9120654396728016, 0.8230535894843276, 0.9611848825331971, 0.7147302904564315, 0.953443258971872, 0.9828282828282828, 0.95496417604913]",batch,both
FashionMNIST,small,43,10,a1,layerwise,random,baseline,1,0.2,0,0.8824,0.875,0.33440653352737426,0.3517918989419937,188583,0.19801740195453033,188240,0.19813249727371862,0.0,0.0,0,0,0,0.32543185295071453,0.875,0.351791902089119,0.33990827202796936,234752,235146,"[0.857, 0.97, 0.818, 0.825, 0.819, 0.937, 0.666, 0.981, 0.967, 0.91]","[0.8621700879765396, 0.9695740365111561, 0.8264081255771006, 0.8149284253578732, 0.8432760364004045, 0.9468845760980592, 0.6887966804979253, 0.9815712900096993, 0.9818181818181818, 0.9058341862845445]",batch,both
FashionMNIST,small,43,10,a1,layerwise,random,baseline,1,0.2,1,0.8946,0.8898,0.2964405111312866,0.31442466341257097,188583,0.19801740195453033,188240,0.19813249727371862,0.0,0.0,0,0,0,0.3194069939199835,0.8898,0.3144246672034264,0.33349032001569867,234752,235146,"[0.855, 0.973, 0.802, 0.906, 0.85, 0.96, 0.659, 0.969, 0.97, 0.954]","[0.8621700879765396, 0.9705882352941176, 0.7959372114496768, 0.9100204498977505, 0.8675429726996967, 0.9570990806945863, 0.6950207468879668, 0.9582929194956353, 0.9818181818181818, 0.9518935516888434]",batch,both
FashionMNIST,small,43,10,a1,layerwise,random,baseline,1,0.2,3,0.8961,0.8916,0.292100903403759,0.31112074156999586,188583,0.19801740195453033,188240,0.19813249727371862,0.0,0.0,0,0,0,0.3105125989532098,0.8916,0.31112073945999147,0.3220477029681206,234752,235146,"[0.859, 0.972, 0.806, 0.902, 0.84, 0.964, 0.681, 0.963, 0.972, 0.957]","[0.8641251221896383, 0.9695740365111561, 0.7996306555863343, 0.9059304703476483, 0.8604651162790697, 0.958120531154239, 0.7178423236514523, 0.953443258971872, 0.9808080808080808, 0.9559877175025588]",batch,both
FashionMNIST,small,43,10,a1,layerwise,random,baseline,1,0.2,5,0.8967,0.8937,0.2933918513655663,0.3127395807564259,188583,0.19801740195453033,188240,0.19813249727371862,0.0,0.0,0,0,0,0.317655751015991,0.8937,0.31273958207964897,0.3149433759972453,234752,235146,"[0.842, 0.971, 0.81, 0.91, 0.841, 0.966, 0.71, 0.956, 0.973, 0.958]","[0.8396871945259042, 0.9685598377281948, 0.801477377654663, 0.9100204498977505, 0.8584428715874621, 0.9683350357507661, 0.7406639004149378, 0.9485935984481086, 0.9828282828282828, 0.95496417604913]",batch,both
FashionMNIST,small,43,10,a1,layerwise,random,baseline,1,0.3,0,0.8793,0.8718,0.34719529223442075,0.36369797649383545,165758,0.29508475585381,165440,0.2952562704471101,0.0,0.0,0,0,0,0.3299264319939539,0.8718,0.3636979724884033,0.31972569203935564,234752,235146,"[0.862, 0.97, 0.843, 0.815, 0.805, 0.939, 0.636, 0.98, 0.965, 0.903]","[0.8699902248289345, 0.9695740365111561, 0.8476454293628809, 0.8118609406952966, 0.8270980788675429, 0.9448416751787538, 0.6639004149377593, 0.9786614936954413, 0.9767676767676767, 0.8966223132036848]",batch,both
FashionMNIST,small,43,10,a1,layerwise,random,baseline,1,0.3,1,0.8928,0.8879,0.29840449929237367,0.3175948464274406,165758,0.29508475585381,165440,0.2952562704471101,0.0,0.0,0,0,0,0.32013733696658164,0.8879,0.31759484701156615,0.3286138760158792,234752,235146,"[0.836, 0.969, 0.821, 0.906, 0.819, 0.961, 0.672, 0.971, 0.972, 0.952]","[0.8406647116324536, 0.9685598377281948, 0.8190212373037857, 0.908997955010225, 0.8412537917087968, 0.9560776302349336, 0.7085062240663901, 0.9553831231813773, 0.9797979797979798, 0.9529170931422722]",batch,both
FashionMNIST,small,43,10,a1,layerwise,random,baseline,1,0.3,3,0.8948,0.8902,0.2975363982439041,0.317545293366909,165758,0.29508475585381,165440,0.2952562704471101,0.0,0.0,0,0,0,0.3192604980431497,0.8902,0.317545294880867,0.33066444809082896,234752,235146,"[0.841, 0.97, 0.823, 0.908, 0.818, 0.962, 0.689, 0.959, 0.972, 0.96]","[0.8514173998044966, 0.9685598377281948, 0.8125577100646353, 0.9161554192229039, 0.8351870576339737, 0.9550561797752809, 0.7261410788381742, 0.9456838021338506, 0.9808080808080808, 0.9611054247697032]",batch,both
FashionMNIST,small,43,10,a1,layerwise,random,baseline,1,0.3,5,0.8947,0.8898,0.2951579424381256,0.31645358098745346,165758,0.29508475585381,165440,0.2952562704471101,0.0,0.0,0,0,0,0.3253543060272932,0.8898,0.31645357577800753,0.3236920309718698,234752,235146,"[0.834, 0.97, 0.828, 0.906, 0.821, 0.961, 0.691, 0.962, 0.969, 0.956]","[0.8357771260997068, 0.9695740365111561, 0.8217913204062789, 0.9151329243353783, 0.8321536905965622, 0.9632277834525026, 0.7261410788381742, 0.9544131910766246, 0.9787878787878788, 0.9539406345957011]",batch,both
FashionMNIST,small,43,10,a1,layerwise,random,baseline,1,0.4,0,0.8681,0.8607,0.3688022322177887,0.38518875913619993,142020,0.39603480390906076,141728,0.39626499454743724,0.0,0.0,0,0,0,0.31657336407806724,0.8607,0.3851887589931488,0.33404309197794646,234752,235146,"[0.842, 0.973, 0.806, 0.814, 0.757, 0.944, 0.652, 0.98, 0.965, 0.874]","[0.8611925708699902, 0.9726166328600405, 0.817174515235457, 0.8087934560327198, 0.7714863498483316, 0.9438202247191011, 0.6690871369294605, 0.9806013579049466, 0.9737373737373738, 0.8781985670419652]",batch,both
FashionMNIST,small,43,10,a1,layerwise,random,baseline,1,0.4,1,0.8917,0.8848,0.30004625614881514,0.32121983222961425,142020,0.39603480390906076,141728,0.39626499454743724,0.0,0.0,0,0,0,0.33910752192605287,0.8848,0.3212198276758194,0.3256342069944367,234752,235146,"[0.839, 0.968, 0.827, 0.894, 0.815, 0.959, 0.668, 0.958, 0.969, 0.951]","[0.855327468230694, 0.9655172413793104, 0.817174515235457, 0.908997955010225, 0.8341759352881699, 0.9570990806945863, 0.6981327800829875, 0.9515033947623667, 0.9787878787878788, 0.9529170931422722]",batch,both
FashionMNIST,small,43,10,a1,layerwise,random,baseline,1,0.4,3,0.8929,0.888,0.2963768208742142,0.31881118406057357,142020,0.39603480390906076,141728,0.39626499454743724,0.0,0.0,0,0,0,0.32181126601062715,0.888,0.3188111798644066,0.3337476591113955,234752,235146,"[0.827, 0.972, 0.809, 0.908, 0.836, 0.959, 0.689, 0.963, 0.966, 0.951]","[0.8289345063538612, 0.9685598377281948, 0.8060941828254847, 0.9130879345603272, 0.8473205257836198, 0.9560776302349336, 0.7219917012448133, 0.9592628516003879, 0.9818181818181818, 0.9508700102354145]",batch,both
FashionMNIST,small,43,10,a1,layerwise,random,baseline,1,0.4,5,0.8938,0.8869,0.29591177172660826,0.3165067714214325,142020,0.39603480390906076,141728,0.39626499454743724,0.0,0.0,0,0,0,0.3231191439554095,0.8869,0.3165067796587944,0.32403086801059544,234752,235146,"[0.817, 0.969, 0.788, 0.908, 0.84, 0.96, 0.703, 0.96, 0.969, 0.955]","[0.8357771260997068, 0.9685598377281948, 0.7922437673130194, 0.9120654396728016, 0.8493427704752275, 0.9601634320735445, 0.7396265560165975, 0.953443258971872, 0.9797979797979798, 0.9539406345957011]",batch,both
FashionMNIST,small,43,10,a1,layerwise,random,baseline,1,0.5,0,0.8649,0.857,0.40276762154102325,0.4134419419288635,118282,0.4969848519643115,118016,0.4972737186477645,0.0,0.0,0,0,0,0.31578566401731223,0.857,0.41344195108413695,0.32856006594374776,234752,235146,"[0.809, 0.972, 0.749, 0.811, 0.772, 0.951, 0.689, 0.974, 0.965, 0.878]","[0.8250244379276638, 0.9716024340770791, 0.778393351800554, 0.8139059304703476, 0.7795753286147624, 0.9468845760980592, 0.7178423236514523, 0.973811833171678, 0.9727272727272728, 0.8710337768679631]",batch,both
FashionMNIST,small,43,10,a1,layerwise,random,baseline,1,0.5,1,0.889,0.8818,0.3063329359292984,0.32556882951259614,118282,0.4969848519643115,118016,0.4972737186477645,0.0,0.0,0,0,0,0.31776631996035576,0.8818,0.3255688310623169,0.34541890292894095,234752,235146,"[0.814, 0.969, 0.805, 0.917, 0.818, 0.955, 0.663, 0.954, 0.967, 0.956]","[0.8318670576735093, 0.9675456389452333, 0.8107109879963066, 0.9161554192229039, 0.8372093023255814, 0.958120531154239, 0.6929460580912863, 0.9466537342386033, 0.9747474747474747, 0.9580348004094166]",batch,both
FashionMNIST,small,43,10,a1,layerwise,random,baseline,1,0.5,3,0.8916,0.8841,0.29927048642635345,0.3218271924257278,118282,0.4969848519643115,118016,0.4972737186477645,0.0,0.0,0,0,0,0.34359078691340983,0.8841,0.32182719011306765,0.346428569057025,234752,235146,"[0.824, 0.969, 0.778, 0.912, 0.851, 0.958, 0.669, 0.961, 0.965, 0.954]","[0.8367546432062561, 0.9675456389452333, 0.7857802400738689, 0.9141104294478528, 0.8584428715874621, 0.965270684371808, 0.7074688796680498, 0.953443258971872, 0.9767676767676767, 0.9570112589559877]",batch,both
FashionMNIST,small,43,10,a1,layerwise,random,baseline,1,0.5,5,0.8917,0.8851,0.3005011867403984,0.3213803422808647,118282,0.4969848519643115,118016,0.4972737186477645,0.0,0.0,0,0,0,0.33010074694175273,0.8851,0.32138034173250196,0.3335918450029567,234752,235146,"[0.825, 0.97, 0.792, 0.908, 0.837, 0.958, 0.684, 0.949, 0.969, 0.959]","[0.8396871945259042, 0.9675456389452333, 0.7950138504155124, 0.9100204498977505, 0.846309403437816, 0.9673135852911133, 0.7126556016597511, 0.94180407371484, 0.9797979797979798, 0.9631525076765609]",batch,both
FashionMNIST,small,43,10,a1,layerwise,random,baseline,1,0.7,0,0.8331,0.8295,0.5634519551753998,0.5715345318317413,71719,0.6950022539188419,71504,0.6954062159214831,0.0,0.0,0,0,0,0.3287811179179698,0.8295,0.5715345407009125,0.31741599703673273,234752,235146,"[0.822, 0.973, 0.68, 0.774, 0.747, 0.829, 0.689, 0.985, 0.952, 0.844]","[0.8347996089931574, 0.973630831643002, 0.6731301939058172, 0.7852760736196319, 0.7421638018200202, 0.8488253319713994, 0.7033195020746889, 0.979631425800194, 0.9626262626262626, 0.8331627430910952]",batch,both
FashionMNIST,small,43,10,a1,layerwise,random,baseline,1,0.7,1,0.8774,0.8713,0.3324665219187736,0.35305093059539794,71719,0.6950022539188419,71504,0.6954062159214831,0.0,0.0,0,0,0,0.3200789880938828,0.8713,0.3530509296894073,0.32855084096081555,234752,235146,"[0.831, 0.967, 0.778, 0.907, 0.818, 0.941, 0.612, 0.956, 0.965, 0.938]","[0.8455522971652004, 0.9655172413793104, 0.788550323176362, 0.908997955010225, 0.8210313447927199, 0.9346271705822268, 0.6390041493775933, 0.950533462657614, 0.9727272727272728, 0.9498464687819856]",batch,both
FashionMNIST,small,43,10,a1,layerwise,random,baseline,1,0.7,3,0.8831,0.8775,0.31965246295928956,0.3401950755596161,71719,0.6950022539188419,71504,0.6954062159214831,0.0,0.0,0,0,0,0.3428361560218036,0.8775,0.34019507880210875,0.3416607390390709,234752,235146,"[0.836, 0.969, 0.783, 0.906, 0.828, 0.946, 0.635, 0.957, 0.969, 0.946]","[0.8602150537634409, 0.9655172413793104, 0.8005540166204986, 0.9028629856850716, 0.8291203235591507, 0.9427987742594485, 0.6524896265560166, 0.9485935984481086, 0.9767676767676767, 0.9539406345957011]",batch,both
FashionMNIST,small,43,10,a1,layerwise,random,baseline,1,0.7,5,0.8837,0.8777,0.31465272040367126,0.3368800270676613,71719,0.6950022539188419,71504,0.6954062159214831,0.0,0.0,0,0,0,0.31634959299117327,0.8777,0.3368800269126892,0.3257944999495521,234752,235146,"[0.805, 0.97, 0.771, 0.905, 0.82, 0.949, 0.689, 0.95, 0.967, 0.951]","[0.8240469208211144, 0.9675456389452333, 0.7857802400738689, 0.9038854805725971, 0.8301314459049545, 0.9448416751787538, 0.7022821576763485, 0.9437439379243453, 0.9797979797979798, 0.9611054247697032]",batch,both
FashionMNIST,small,43,10,a2,layerwise,random,baseline,1,0.05,0,0.8903,0.8829,0.3128497457742691,0.3324111919164658,233544,0.006812788650455426,233156,0.006798664122137366,0.0,0.0,0,0,0,0.32843961799517274,0.8829,0.3324111960887909,0.34189552697353065,234752,235146,"[0.854, 0.971, 0.843, 0.846, 0.805, 0.949, 0.667, 0.969, 0.97, 0.955]","[0.8699902248289345, 0.9716024340770791, 0.8513388734995383, 0.8466257668711656, 0.8321536905965622, 0.9530132788559755, 0.6836099585062241, 0.95635305528613, 0.9808080808080808, 0.95496417604913]",batch,both
FashionMNIST,small,43,10,a2,layerwise,random,baseline,1,0.05,1,0.8959,0.8913,0.2906028655529022,0.3096819911837578,233544,0.006812788650455426,233156,0.006798664122137366,0.0,0.0,0,0,0,0.3178294849349186,0.8913,0.309681991815567,0.3291606060229242,234752,235146,"[0.859, 0.973, 0.815, 0.912, 0.83, 0.961, 0.668, 0.961, 0.974, 0.96]","[0.8699902248289345, 0.9685598377281948, 0.8254847645429363, 0.9069529652351738, 0.833164812942366, 0.965270684371808, 0.6939834024896265, 0.9524733268671193, 0.9858585858585859, 0.9590583418628454]",batch,both
FashionMNIST,small,43,10,a2,layerwise,random,baseline,1,0.05,3,0.8979,0.8928,0.29030984444618224,0.3107549201488495,233544,0.006812788650455426,233156,0.006798664122137366,0.0,0.0,0,0,0,0.33321717707440257,0.8928,0.3107549242734909,0.32243069005198777,234752,235146,"[0.857, 0.973, 0.798, 0.906, 0.846, 0.964, 0.691, 0.96, 0.973, 0.96]","[0.8680351906158358, 0.9695740365111561, 0.7996306555863343, 0.9028629856850716, 0.8594539939332659, 0.9662921348314607, 0.7199170124481328, 0.9524733268671193, 0.9828282828282828, 0.9631525076765609]",batch,both
FashionMNIST,small,43,10,a2,layerwise,random,baseline,1,0.05,5,0.8976,0.8943,0.29227015373706816,0.3125905845582485,233544,0.006812788650455426,233156,0.006798664122137366,0.0,0.0,0,0,0,0.3303599930368364,0.8943,0.3125905906438827,0.319483742932789,234752,235146,"[0.848, 0.971, 0.818, 0.909, 0.835, 0.962, 0.706, 0.971, 0.975, 0.948]","[0.852394916911046, 0.9685598377281948, 0.8208679593721145, 0.9049079754601227, 0.8452982810920121, 0.9662921348314607, 0.729253112033195, 0.9641125121241513, 0.9828282828282828, 0.9447287615148413]",batch,both
FashionMNIST,small,43,10,a2,layerwise,random,baseline,1,0.1,0,0.8903,0.8827,0.311719021987915,0.3304797082424164,231942,0.013625577300910963,231560,0.013597328244274842,0.0,0.0,0,0,0,0.32087976404000074,0.8827,0.3304797042131424,0.31354161305353045,234752,235146,"[0.841, 0.973, 0.829, 0.852, 0.814, 0.947, 0.677, 0.969, 0.971, 0.954]","[0.8563049853372434, 0.9726166328600405, 0.840258541089566, 0.8466257668711656, 0.8382204246713852, 0.9519918283963228, 0.7012448132780082, 0.9582929194956353, 0.9828282828282828, 0.9539406345957011]",batch,both
FashionMNIST,small,43,10,a2,layerwise,random,baseline,1,0.1,1,0.8956,0.8895,0.2924852927684784,0.31096679114103315,231942,0.013625577300910963,231560,0.013597328244274842,0.0,0.0,0,0,0,0.3203294000122696,0.8895,0.31096679552793505,0.34318165003787726,234752,235146,"[0.861, 0.971, 0.764, 0.901, 0.842, 0.968, 0.697, 0.964, 0.971, 0.956]","[0.8690127077223851, 0.9695740365111561, 0.7682363804247461, 0.901840490797546, 0.865520728008089, 0.9683350357507661, 0.729253112033195, 0.953443258971872, 0.9848484848484849, 0.9539406345957011]",batch,both
FashionMNIST,small,43,10,a2,layerwise,random,baseline,1,0.1,3,0.8968,0.8941,0.29152798749208453,0.31229553372859953,231942,0.013625577300910963,231560,0.013597328244274842,0.0,0.0,0,0,0,0.3203047640854493,0.8941,0.3122955432891846,0.33638712705578655,234752,235146,"[0.849, 0.974, 0.813, 0.92, 0.848, 0.957, 0.681, 0.968, 0.974, 0.957]","[0.852394916911046, 0.9685598377281948, 0.8088642659279779, 0.9141104294478528, 0.8533872598584429, 0.9622063329928499, 0.7188796680497925, 0.9573229873908826, 0.9848484848484849, 0.9518935516888434]",batch,both
FashionMNIST,small,43,10,a2,layerwise,random,baseline,1,0.1,5,0.8979,0.8932,0.29339488104581835,0.3132628385782242,231942,0.013625577300910963,231560,0.013597328244274842,0.0,0.0,0,0,0,0.3212578740203753,0.8932,0.3132628389120102,0.32763815904036164,234752,235146,"[0.846, 0.973, 0.823, 0.913, 0.851, 0.96, 0.673, 0.96, 0.971, 0.962]","[0.8543499511241447, 0.9685598377281948, 0.8208679593721145, 0.911042944785276, 0.8554095045500506, 0.9622063329928499, 0.7136929460580913, 0.9495635305528612, 0.9838383838383838, 0.9631525076765609]",batch,both
FashionMNIST,small,43,10,a2,layerwise,random,baseline,1,0.2,0,0.8884,0.8806,0.31921336891651153,0.3360815275669098,228471,0.028386619376897793,228102,0.028327767175572505,0.0,0.0,0,0,0,0.34349185798782855,0.8806,0.33608152952194215,0.32796393905300647,234752,235146,"[0.869, 0.972, 0.853, 0.846, 0.772, 0.947, 0.651, 0.969, 0.97, 0.957]","[0.8758553274682307, 0.9695740365111561, 0.8587257617728532, 0.8425357873210634, 0.8058645096056622, 0.9530132788559755, 0.6836099585062241, 0.953443258971872, 0.9818181818181818, 0.9559877175025588]",batch,both
FashionMNIST,small,43,10,a2,layerwise,random,baseline,1,0.2,1,0.8956,0.8937,0.2911372281074524,0.3093577366352081,228471,0.028386619376897793,228102,0.028327767175572505,0.0,0.0,0,0,0,0.31765387195628136,0.8937,0.30935773837566377,0.32988902600482106,234752,235146,"[0.848, 0.971, 0.805, 0.915, 0.857, 0.965, 0.683, 0.968, 0.972, 0.953]","[0.852394916911046, 0.9685598377281948, 0.791320406278855, 0.9069529652351738, 0.8685540950455005, 0.9662921348314607, 0.7188796680497925, 0.9592628516003879, 0.9848484848484849, 0.9447287615148413]",batch,both
FashionMNIST,small,43,10,a2,layerwise,random,baseline,1,0.2,3,0.8972,0.894,0.29201118780374524,0.3093086470961571,228471,0.028386619376897793,228102,0.028327767175572505,0.0,0.0,0,0,0,0.31676095293369144,0.894,0.3093086424946785,0.3250182429328561,234752,235146,"[0.836, 0.972, 0.815, 0.913, 0.848, 0.963, 0.696, 0.963, 0.972, 0.962]","[0.8347996089931574, 0.9685598377281948, 0.8060941828254847, 0.911042944785276, 0.8604651162790697, 0.965270684371808, 0.729253112033195, 0.953443258971872, 0.9858585858585859, 0.9631525076765609]",batch,both
FashionMNIST,small,43,10,a2,layerwise,random,baseline,1,0.2,5,0.896,0.8919,0.29589059612751006,0.312366925406456,228471,0.028386619376897793,228102,0.028327767175572505,0.0,0.0,0,0,0,0.32213030802085996,0.8919,0.3123669279575348,0.32576146395877004,234752,235146,"[0.817, 0.973, 0.793, 0.92, 0.838, 0.968, 0.719, 0.96, 0.972, 0.959]","[0.8162267839687195, 0.9675456389452333, 0.791320406278855, 0.9192229038854806, 0.8554095045500506, 0.9713993871297242, 0.7562240663900415, 0.9515033947623667, 0.9838383838383838, 0.9559877175025588]",batch,both
FashionMNIST,small,43,10,a2,layerwise,random,baseline,1,0.3,0,0.8865,0.878,0.3321483793258667,0.34946427993774415,225000,0.04314766145288462,224644,0.04305820610687028,0.0,0.0,0,0,0,0.32096833805553615,0.878,0.3494642816066742,0.33333157608285546,234752,235146,"[0.843, 0.972, 0.855, 0.836, 0.745, 0.956, 0.682, 0.967, 0.967, 0.957]","[0.8572825024437928, 0.9695740365111561, 0.8624192059095106, 0.8394683026584867, 0.7664307381193124, 0.9591419816138917, 0.716804979253112, 0.9582929194956353, 0.9808080808080808, 0.9518935516888434]",batch,both
FashionMNIST,small,43,10,a2,layerwise,random,baseline,1,0.3,1,0.8966,0.8909,0.28822065117359164,0.3062388482809067,225000,0.04314766145288462,224644,0.04305820610687028,0.0,0.0,0,0,0,0.320539586013183,0.8909,0.3062388488292694,0.33035858802031726,234752,235146,"[0.848, 0.972, 0.81, 0.909, 0.837, 0.96, 0.684, 0.96, 0.97, 0.959]","[0.8621700879765396, 0.9695740365111561, 0.8097876269621422, 0.9079754601226994, 0.8432760364004045, 0.9662921348314607, 0.7178423236514523, 0.950533462657614, 0.9838383838383838, 0.9590583418628454]",batch,both
FashionMNIST,small,43,10,a2,layerwise,random,baseline,1,0.3,3,0.8962,0.8929,0.29071467354297637,0.30860975363850596,225000,0.04314766145288462,224644,0.04305820610687028,0.0,0.0,0,0,0,0.33638957899529487,0.8929,0.30860975344181063,0.33837375696748495,234752,235146,"[0.855, 0.973, 0.804, 0.912, 0.843, 0.956, 0.69, 0.971, 0.973, 0.952]","[0.8572825024437928, 0.9685598377281948, 0.7996306555863343, 0.908997955010225, 0.8543983822042467, 0.9591419816138917, 0.7219917012448133, 0.9631425800193987, 0.9848484848484849, 0.9488229273285568]",batch,both
FashionMNIST,small,43,10,a2,layerwise,random,baseline,1,0.3,5,0.8957,0.8914,0.2914139812350273,0.30982914145588875,225000,0.04314766145288462,224644,0.04305820610687028,0.0,0.0,0,0,0,0.3258721590973437,0.8914,0.309829143422842,0.34363393299281597,234752,235146,"[0.829, 0.971, 0.779, 0.909, 0.85, 0.963, 0.724, 0.964, 0.969, 0.956]","[0.8347996089931574, 0.9685598377281948, 0.7774699907663897, 0.908997955010225, 0.8584428715874621, 0.9734422880490297, 0.754149377593361, 0.9553831231813773, 0.9828282828282828, 0.9518935516888434]",batch,both
FashionMNIST,small,43,10,a2,layerwise,random,baseline,1,0.4,0,0.8843,0.8788,0.35286543712615964,0.3690925726175308,221529,0.05790870352887145,221186,0.05778864503816794,0.0,0.0,0,0,0,0.42946828703861684,0.8788,0.369092574095726,0.3382763450499624,234752,235146,"[0.855, 0.971, 0.868, 0.837, 0.76, 0.957, 0.646, 0.968, 0.966, 0.96]","[0.8660801564027371, 0.9685598377281948, 0.8707294552169899, 0.83640081799591, 0.7785642062689585, 0.9550561797752809, 0.6701244813278008, 0.95635305528613, 0.9797979797979798, 0.9559877175025588]",batch,both
FashionMNIST,small,43,10,a2,layerwise,random,baseline,1,0.4,1,0.8944,0.8898,0.29238434615135195,0.30768354893922806,221529,0.05790870352887145,221186,0.05778864503816794,0.0,0.0,0,0,0,0.3268184090266004,0.8898,0.3076835493326187,0.33760192699264735,234752,235146,"[0.845, 0.97, 0.801, 0.908, 0.834, 0.961, 0.685, 0.967, 0.973, 0.954]","[0.8514173998044966, 0.9685598377281948, 0.7987072945521699, 0.9079754601226994, 0.8493427704752275, 0.9632277834525026, 0.7188796680497925, 0.9582929194956353, 0.9838383838383838, 0.9488229273285568]",batch,both
FashionMNIST,small,43,10,a2,layerwise,random,baseline,1,0.4,3,0.8934,0.8906,0.2930559444546699,0.3084296597599983,221529,0.05790870352887145,221186,0.05778864503816794,0.0,0.0,0,0,0,0.3309027870418504,0.8906,0.30842965973615644,0.32974303094670177,234752,235146,"[0.853, 0.97, 0.767, 0.91, 0.844, 0.958, 0.708, 0.971, 0.972, 0.953]","[0.8514173998044966, 0.9685598377281948, 0.7682363804247461, 0.9130879345603272, 0.8554095045500506, 0.958120531154239, 0.7365145228215768, 0.9592628516003879, 0.9838383838383838, 0.9477993858751279]",batch,both
FashionMNIST,small,43,10,a2,layerwise,random,baseline,1,0.4,5,0.8988,0.8917,0.2899301779150963,0.306769492316246,221529,0.05790870352887145,221186,0.05778864503816794,0.0,0.0,0,0,0,0.31703408795874566,0.8917,0.30676949326992037,0.33472175104543567,234752,235146,"[0.854, 0.972, 0.813, 0.899, 0.851, 0.964, 0.675, 0.967, 0.972, 0.95]","[0.863147605083089, 0.9695740365111561, 0.814404432132964, 0.9059304703476483, 0.8665318503538928, 0.9683350357507661, 0.7136929460580913, 0.9612027158098934, 0.9858585858585859, 0.9426816786079836]",batch,both
FashionMNIST,small,43,10,a2,layerwise,random,baseline,1,0.5,0,0.8844,0.8768,0.4085064981460571,0.4202120800256729,218058,0.07266974560485828,217728,0.0725190839694656,0.0,0.0,0,0,0,0.3465486291097477,0.8768,0.4202120845556259,0.3339971610112116,234752,235146,"[0.87, 0.974, 0.866, 0.829, 0.755, 0.971, 0.635, 0.96, 0.969, 0.939]","[0.8836754643206256, 0.9705882352941176, 0.8651892890120036, 0.8312883435582822, 0.7714863498483316, 0.9713993871297242, 0.6639004149377593, 0.9631425800193987, 0.9818181818181818, 0.9355168884339816]",batch,both
FashionMNIST,small,43,10,a2,layerwise,random,baseline,1,0.5,1,0.8927,0.8881,0.2953950008869171,0.311743312561512,218058,0.07266974560485828,217728,0.0725190839694656,0.0,0.0,0,0,0,0.33204161189496517,0.8881,0.31174331028461455,0.3479424969991669,234752,235146,"[0.827, 0.971, 0.81, 0.917, 0.843, 0.953, 0.672, 0.955, 0.97, 0.963]","[0.8299120234604106, 0.9655172413793104, 0.8024007386888273, 0.9243353783231084, 0.8543983822042467, 0.9550561797752809, 0.7085062240663901, 0.950533462657614, 0.9838383838383838, 0.9580348004094166]",batch,both
FashionMNIST,small,43,10,a2,layerwise,random,baseline,1,0.5,3,0.8924,0.8892,0.2957975819349289,0.31187830476760864,218058,0.07266974560485828,217728,0.0725190839694656,0.0,0.0,0,0,0,0.32665137597359717,0.8892,0.31187830381393433,0.3313685649773106,234752,235146,"[0.844, 0.969, 0.795, 0.894, 0.822, 0.961, 0.719, 0.965, 0.97, 0.953]","[0.8396871945259042, 0.9655172413793104, 0.7903970452446907, 0.8946830265848671, 0.839231547017189, 0.958120531154239, 0.7489626556016598, 0.9573229873908826, 0.9838383838383838, 0.9529170931422722]",batch,both
FashionMNIST,small,43,10,a2,layerwise,random,baseline,1,0.5,5,0.8963,0.8911,0.2924267813920975,0.31044002162218093,218058,0.07266974560485828,217728,0.0725190839694656,0.0,0.0,0,0,0,0.3273838219465688,0.8911,0.3104400245189667,0.3208254500059411,234752,235146,"[0.851, 0.972, 0.832, 0.907, 0.839, 0.961, 0.664, 0.969, 0.968, 0.948]","[0.8602150537634409, 0.9685598377281948, 0.8282548476454293, 0.9049079754601227, 0.8422649140546006, 0.9632277834525026, 0.7053941908713693, 0.9641125121241513, 0.9838383838383838, 0.9437052200614124]",batch,both
FashionMNIST,small,43,10,a2,layerwise,random,baseline,1,0.7,0,0.8697,0.8578,0.5818427015304566,0.5874928951740265,211383,0.10105636498175596,211078,0.10084685114503822,0.0,0.0,0,0,0,0.3474803790450096,0.8578,0.5874928978919983,0.3242829090449959,234752,235146,"[0.836, 0.966, 0.864, 0.793, 0.775, 0.897, 0.578, 0.982, 0.972, 0.915]","[0.8455522971652004, 0.9665314401622718, 0.8624192059095106, 0.7893660531697342, 0.8109201213346815, 0.9019407558733401, 0.6172199170124482, 0.979631425800194, 0.9838383838383838, 0.9303991811668373]",batch,both
FashionMNIST,small,43,10,a2,layerwise,random,baseline,1,0.7,1,0.8866,0.8829,0.3160176548719406,0.32693802664279936,211383,0.10105636498175596,211078,0.10084685114503822,0.0,0.0,0,0,0,0.3178211919730529,0.8829,0.3269380292654038,0.3198064439930022,234752,235146,"[0.849, 0.969, 0.823, 0.911, 0.817, 0.955, 0.624, 0.951, 0.972, 0.958]","[0.8699902248289345, 0.9655172413793104, 0.8162511542012927, 0.9141104294478528, 0.8281092012133469, 0.9499489274770173, 0.6358921161825726, 0.944713870029098, 0.9848484848484849, 0.9570112589559877]",batch,both
FashionMNIST,small,43,10,a2,layerwise,random,baseline,1,0.7,3,0.8908,0.8855,0.3035866219520569,0.31738773896694183,211383,0.10105636498175596,211078,0.10084685114503822,0.0,0.0,0,0,0,0.3300069869728759,0.8855,0.3173877402901649,0.3252156659727916,234752,235146,"[0.84, 0.97, 0.791, 0.899, 0.847, 0.958, 0.665, 0.965, 0.97, 0.95]","[0.8504398826979472, 0.9665314401622718, 0.7848568790397045, 0.9038854805725971, 0.865520728008089, 0.9570990806945863, 0.700207468879668, 0.9553831231813773, 0.9838383838383838, 0.9457523029682702]",batch,both
FashionMNIST,small,43,10,a2,layerwise,random,baseline,1,0.7,5,0.8918,0.8891,0.29557340488433836,0.31328629627227783,211383,0.10105636498175596,211078,0.10084685114503822,0.0,0.0,0,0,0,0.33836110797710717,0.8891,0.31328629707098005,0.33277551701758057,234752,235146,"[0.846, 0.971, 0.82, 0.91, 0.838, 0.961, 0.66, 0.962, 0.969, 0.954]","[0.8465298142717498, 0.9665314401622718, 0.8153277931671283, 0.908997955010225, 0.846309403437816, 0.9622063329928499, 0.691908713692946, 0.950533462657614, 0.9808080808080808, 0.9518935516888434]",batch,both
FashionMNIST,small,43,10,all,all,random,baseline,2,0.05,0,0.8889,0.8815,0.3118191256761551,0.3337773981332779,222660,0.05309892577377462,222284,0.05311136859323884,0.0,0.0,0,0,0,0.37449725705664605,0.8815,0.3337774041295052,0.39576456299982965,234752,235146,"[0.814, 0.973, 0.853, 0.865, 0.786, 0.947, 0.695, 0.976, 0.961, 0.945]","[0.8191593352883676, 0.9705882352941176, 0.863342566943675, 0.8680981595092024, 0.8068756319514662, 0.9540347293156282, 0.7199170124481328, 0.9689621726479146, 0.9737373737373738, 0.9426816786079836]",batch,both
FashionMNIST,small,43,10,all,all,random,baseline,2,0.05,1,0.895,0.8911,0.2939183902382851,0.31150503528118134,222660,0.05309892577377462,222284,0.05311136859323884,0.0,0.0,0,0,0,0.3352954600704834,0.8911,0.311505032980442,0.33518149598967284,234752,235146,"[0.838, 0.97, 0.809, 0.912, 0.821, 0.959, 0.707, 0.963, 0.974, 0.958]","[0.8406647116324536, 0.9675456389452333, 0.8079409048938134, 0.9079754601226994, 0.8382204246713852, 0.9642492339121552, 0.7385892116182573, 0.9524733268671193, 0.9828282828282828, 0.95496417604913]",batch,both
FashionMNIST,small,43,10,all,all,random,baseline,2,0.05,3,0.895,0.8927,0.2939104785323143,0.31207817834019663,222660,0.05309892577377462,222284,0.05311136859323884,0.0,0.0,0,0,0,0.3176060189725831,0.8927,0.31207817487120626,0.32784186000935733,234752,235146,"[0.832, 0.972, 0.828, 0.906, 0.816, 0.961, 0.715, 0.963, 0.973, 0.961]","[0.8289345063538612, 0.9675456389452333, 0.8264081255771006, 0.9049079754601227, 0.8281092012133469, 0.9622063329928499, 0.745850622406639, 0.9485935984481086, 0.9828282828282828, 0.9590583418628454]",batch,both
FashionMNIST,small,43,10,all,all,random,baseline,2,0.05,5,0.8964,0.8943,0.2952806641697884,0.31090126816630365,222660,0.05309892577377462,222284,0.05311136859323884,0.0,0.0,0,0,0,0.32412949996069074,0.8943,0.3109012667655945,0.3314877030206844,234752,235146,"[0.867, 0.972, 0.837, 0.915, 0.812, 0.964, 0.675, 0.96, 0.976, 0.965]","[0.8797653958944281, 0.9685598377281948, 0.8430286241920592, 0.9079754601226994, 0.8200202224469161, 0.9662921348314607, 0.6856846473029046, 0.9456838021338506, 0.9848484848484849, 0.962128966223132]",batch,both
FashionMNIST,small,43,10,all,all,random,baseline,2,0.1,0,0.8836,0.8764,0.3211439163208008,0.34696754825115206,209417,0.10941712808212767,209060,0.10944315703380592,0.0,0.0,0,0,0,0.32896843110211194,0.8764,0.34696754863262175,0.3315807230537757,234752,235146,"[0.792, 0.973, 0.857, 0.872, 0.759, 0.934, 0.706, 0.978, 0.949, 0.944]","[0.8005865102639296, 0.9695740365111561, 0.8541089566020313, 0.8711656441717791, 0.7795753286147624, 0.9356486210418795, 0.7365145228215768, 0.9757516973811833, 0.9696969696969697, 0.9426816786079836]",batch,both
FashionMNIST,small,43,10,all,all,random,baseline,2,0.1,1,0.8938,0.8898,0.2913296276807785,0.31385683748722076,209417,0.10941712808212767,209060,0.10944315703380592,0.0,0.0,0,0,0,0.31937343708705157,0.8898,0.31385684511661527,0.32248491304926574,234752,235146,"[0.845, 0.973, 0.818, 0.907, 0.821, 0.971, 0.68, 0.956, 0.972, 0.955]","[0.8543499511241447, 0.9685598377281948, 0.8208679593721145, 0.8987730061349694, 0.8301314459049545, 0.975485188968335, 0.7095435684647303, 0.9485935984481086, 0.9818181818181818, 0.9529170931422722]",batch,both
FashionMNIST,small,43,10,all,all,random,baseline,2,0.1,3,0.8936,0.8895,0.29413447185754776,0.3143139140486717,209417,0.10941712808212767,209060,0.10944315703380592,0.0,0.0,0,0,0,0.35470823594368994,0.8895,0.31431391479969023,0.3324618339538574,234752,235146,"[0.849, 0.971, 0.774, 0.901, 0.835, 0.961, 0.711, 0.96, 0.971, 0.962]","[0.8543499511241447, 0.9695740365111561, 0.7820867959372114, 0.9008179959100204, 0.846309403437816, 0.9662921348314607, 0.7323651452282157, 0.9456838021338506, 0.9828282828282828, 0.9631525076765609]",batch,both
FashionMNIST,small,43,10,all,all,random,baseline,2,0.1,5,0.8953,0.8924,0.2939518490433693,0.31493639931082723,209417,0.10941712808212767,209060,0.10944315703380592,0.0,0.0,0,0,0,0.3155240169726312,0.8924,0.3149363991379738,0.3252783559728414,234752,235146,"[0.863, 0.973, 0.814, 0.899, 0.856, 0.96, 0.665, 0.964, 0.973, 0.957]","[0.8709677419354839, 0.9685598377281948, 0.8107109879963066, 0.8957055214723927, 0.8574317492416582, 0.9673135852911133, 0.6929460580912863, 0.9544131910766246, 0.9818181818181818, 0.9559877175025588]",batch,both
FashionMNIST,small,43,10,all,all,random,baseline,2,0.2,0,0.8709,0.8615,0.3598683604717255,0.3838896772623062,183183,0.2209818580796612,182865,0.22102900081788446,0.0,0.0,0,0,0,0.3492102259770036,0.8615,0.38388968534469603,0.32057930692099035,234752,235146,"[0.705, 0.967, 0.89, 0.874, 0.727, 0.911, 0.695, 0.978, 0.921, 0.947]","[0.739980449657869, 0.9675456389452333, 0.8707294552169899, 0.8711656441717791, 0.7451971688574317, 0.9264555669050051, 0.7375518672199171, 0.973811833171678, 0.9303030303030303, 0.9447287615148413]",batch,both
FashionMNIST,small,43,10,all,all,random,baseline,2,0.2,1,0.8925,0.8853,0.29897812073230745,0.3183115718126297,183183,0.2209818580796612,182865,0.22102900081788446,0.0,0.0,0,0,0,0.33969798299949616,0.8853,0.3183115700960159,0.3454608479514718,234752,235146,"[0.835, 0.971, 0.779, 0.898, 0.822, 0.953, 0.703, 0.962, 0.973, 0.957]","[0.8465298142717498, 0.9685598377281948, 0.7811634349030471, 0.901840490797546, 0.839231547017189, 0.9591419816138917, 0.7437759336099585, 0.9524733268671193, 0.9808080808080808, 0.9590583418628454]",batch,both
FashionMNIST,small,43,10,all,all,random,baseline,2,0.2,3,0.8935,0.8886,0.29560340441465377,0.31717017650604246,183183,0.2209818580796612,182865,0.22102900081788446,0.0,0.0,0,0,0,0.3459408840863034,0.8886,0.31717017035484313,0.3625311648938805,234752,235146,"[0.836, 0.972, 0.816, 0.9, 0.803, 0.961, 0.709, 0.957, 0.972, 0.96]","[0.8494623655913979, 0.9685598377281948, 0.8097876269621422, 0.9008179959100204, 0.813953488372093, 0.9724208375893769, 0.7396265560165975, 0.9485935984481086, 0.9797979797979798, 0.9570112589559877]",batch,both
FashionMNIST,small,43,10,all,all,random,baseline,2,0.2,5,0.8943,0.8887,0.29745381433963775,0.3176558781504631,183183,0.2209818580796612,182865,0.22102900081788446,0.0,0.0,0,0,0,0.34603381203487515,0.8887,0.3176558789253235,0.3244827970629558,234752,235146,"[0.827, 0.971, 0.797, 0.9, 0.811, 0.959, 0.729, 0.96, 0.97, 0.963]","[0.8426197458455523, 0.9665314401622718, 0.7940904893813481, 0.9038854805725971, 0.8250758341759353, 0.9693564862104188, 0.7593360995850622, 0.9456838021338506, 0.9808080808080808, 0.9631525076765609]",batch,both
FashionMNIST,small,43,10,all,all,random,baseline,2,0.3,0,0.8604,0.849,0.42895759863853455,0.45081703078746793,158500,0.32595068595680976,158220,0.3260121319520175,0.0,0.0,0,0,0,0.335199800087139,0.849,0.4508170319318771,0.3302505110623315,234752,235146,"[0.6, 0.951, 0.892, 0.871, 0.731, 0.911, 0.696, 0.983, 0.919, 0.936]","[0.6451612903225806, 0.9503042596348884, 0.8781163434903048, 0.876278118609407, 0.7522750252780587, 0.9213483146067416, 0.7344398340248963, 0.9835111542192047, 0.9303030303030303, 0.9314227226202662]",batch,both
FashionMNIST,small,43,10,all,all,random,baseline,2,0.3,1,0.892,0.8857,0.29695295429229734,0.31889293066263197,158500,0.32595068595680976,158220,0.3260121319520175,0.0,0.0,0,0,0,0.3405799390748143,0.8857,0.3188929253697395,0.34998719196300954,234752,235146,"[0.829, 0.97, 0.802, 0.902, 0.811, 0.959, 0.692, 0.965, 0.973, 0.954]","[0.8475073313782991, 0.9675456389452333, 0.7977839335180056, 0.908997955010225, 0.8291203235591507, 0.9611848825331971, 0.7313278008298755, 0.9524733268671193, 0.9787878787878788, 0.9508700102354145]",batch,both
FashionMNIST,small,43,10,all,all,random,baseline,2,0.3,3,0.8922,0.8877,0.29575055035352704,0.31615303359031677,158500,0.32595068595680976,158220,0.3260121319520175,0.0,0.0,0,0,0,0.32646016392391175,0.8877,0.3161530362486839,0.3289598469855264,234752,235146,"[0.84, 0.972, 0.771, 0.895, 0.854, 0.958, 0.691, 0.961, 0.973, 0.962]","[0.855327468230694, 0.9685598377281948, 0.7691597414589104, 0.8916155419222904, 0.8685540950455005, 0.9622063329928499, 0.729253112033195, 0.944713870029098, 0.9797979797979798, 0.9611054247697032]",batch,both
FashionMNIST,small,43,10,all,all,random,baseline,2,0.3,5,0.8959,0.8902,0.29424159611463546,0.3152309356093407,158500,0.32595068595680976,158220,0.3260121319520175,0.0,0.0,0,0,0,0.3228831860469654,0.8902,0.3152309342980385,0.33395953790750355,234752,235146,"[0.846, 0.97, 0.806, 0.91, 0.819, 0.966, 0.696, 0.961, 0.975, 0.953]","[0.8611925708699902, 0.9665314401622718, 0.7996306555863343, 0.9141104294478528, 0.8321536905965622, 0.975485188968335, 0.7323651452282157, 0.9524733268671193, 0.9808080808080808, 0.9498464687819856]",batch,both
FashionMNIST,small,43,10,all,all,random,baseline,2,0.4,0,0.8241,0.8141,0.5623313148498535,0.5778729714393616,133605,0.43182108137072284,133364,0.4318940839694656,0.0,0.0,0,0,0,0.33546974998898804,0.8141,0.5778729725837708,0.3428705199621618,234752,235146,"[0.323, 0.94, 0.874, 0.912, 0.689, 0.897, 0.695, 0.991, 0.935, 0.885]","[0.3597262952101662, 0.9391480730223124, 0.8605724838411819, 0.9161554192229039, 0.7087967644084934, 0.9080694586312564, 0.7178423236514523, 0.9893307468477207, 0.9535353535353536, 0.8935516888433982]",batch,both
FashionMNIST,small,43,10,all,all,random,baseline,2,0.4,1,0.8846,0.8827,0.3103853000164032,0.32885714366436003,133605,0.43182108137072284,133364,0.4318940839694656,0.0,0.0,0,0,0,0.32034604204818606,0.8827,0.32885714342594147,0.3264132300391793,234752,235146,"[0.846, 0.966, 0.791, 0.901, 0.813, 0.956, 0.667, 0.966, 0.968, 0.953]","[0.8621700879765396, 0.9655172413793104, 0.7950138504155124, 0.9008179959100204, 0.8250758341759353, 0.9530132788559755, 0.671161825726141, 0.9524733268671193, 0.9727272727272728, 0.9508700102354145]",batch,both
FashionMNIST,small,43,10,all,all,random,baseline,2,0.4,3,0.8902,0.8841,0.30074401425123215,0.32053675498962403,133605,0.43182108137072284,133364,0.4318940839694656,0.0,0.0,0,0,0,0.3242829969385639,0.8841,0.3205367532849312,0.3293657770846039,234752,235146,"[0.855, 0.969, 0.798, 0.896, 0.825, 0.964, 0.656, 0.956, 0.969, 0.953]","[0.8768328445747801, 0.9675456389452333, 0.8024007386888273, 0.8967280163599182, 0.8382204246713852, 0.9713993871297242, 0.6742738589211619, 0.9466537342386033, 0.9777777777777777, 0.9529170931422722]",batch,both
FashionMNIST,small,43,10,all,all,random,baseline,2,0.4,5,0.8915,0.8858,0.3007675434231758,0.32083934952020643,133605,0.43182108137072284,133364,0.4318940839694656,0.0,0.0,0,0,0,0.3355848469072953,0.8858,0.3208393487215042,0.33322552300523967,234752,235146,"[0.844, 0.971, 0.799, 0.887, 0.839, 0.957, 0.668, 0.963, 0.972, 0.958]","[0.8582600195503421, 0.9685598377281948, 0.8005540166204986, 0.8895705521472392, 0.8493427704752275, 0.9622063329928499, 0.7074688796680498, 0.9466537342386033, 0.9808080808080808, 0.9559877175025588]",batch,both
FashionMNIST,small,43,10,all,all,random,baseline,2,0.5,0,0.7742,0.7622,0.7540365148544311,0.7647045579433441,109386,0.5348166670919343,109184,0.534896401308615,0.0,0.0,0,0,0,0.3536064319778234,0.7622,0.7647045472621917,0.34585511696059257,234752,235146,"[0.161, 0.833, 0.911, 0.861, 0.618, 0.832, 0.613, 0.989, 0.934, 0.87]","[0.19257086999022482, 0.808316430020284, 0.9076638965835642, 0.8650306748466258, 0.6370070778564206, 0.8447395301327886, 0.6576763485477178, 0.991270611057226, 0.9414141414141414, 0.8945752302968271]",batch,both
FashionMNIST,small,43,10,all,all,random,baseline,2,0.5,1,0.8796,0.8741,0.33228532638549807,0.3473415593624115,109386,0.5348166670919343,109184,0.534896401308615,0.0,0.0,0,0,0,0.3280015620402992,0.8741,0.34734155614376067,0.3238492790842429,234752,235146,"[0.814, 0.968, 0.778, 0.904, 0.822, 0.947, 0.624, 0.962, 0.968, 0.954]","[0.8357771260997068, 0.9655172413793104, 0.7737765466297323, 0.901840490797546, 0.846309403437816, 0.9376915219611849, 0.6628630705394191, 0.9524733268671193, 0.9747474747474747, 0.9498464687819856]",batch,both
FashionMNIST,small,43,10,all,all,random,baseline,2,0.5,3,0.8852,0.8809,0.31480134766101836,0.33051972020864484,109386,0.5348166670919343,109184,0.534896401308615,0.0,0.0,0,0,0,0.32248892297502607,0.8809,0.3305197188615799,0.33200232998933643,234752,235146,"[0.84, 0.97, 0.78, 0.902, 0.834, 0.951, 0.649, 0.963, 0.966, 0.954]","[0.8611925708699902, 0.9645030425963489, 0.7867036011080333, 0.8926380368098159, 0.8594539939332659, 0.947906026557712, 0.6628630705394191, 0.9524733268671193, 0.9747474747474747, 0.9529170931422722]",batch,both
FashionMNIST,small,43,10,all,all,random,baseline,2,0.5,5,0.8857,0.8833,0.31003697595596313,0.3245016716003418,109386,0.5348166670919343,109184,0.534896401308615,0.0,0.0,0,0,0,0.32686041691340506,0.8833,0.32450167429447174,0.339504249044694,234752,235146,"[0.831, 0.971, 0.77, 0.896, 0.83, 0.971, 0.691, 0.945, 0.969, 0.959]","[0.8387096774193549, 0.9645030425963489, 0.7793167128347184, 0.8905930470347648, 0.8422649140546006, 0.965270684371808, 0.7126556016597511, 0.9398642095053347, 0.9757575757575757, 0.95496417604913]",batch,both
FashionMNIST,small,43,10,all,all,random,baseline,2,0.7,0,0.6205,0.6079,1.3655005861282348,1.3746526233673095,63887,0.728309220654402,63761,0.7283899604689203,0.0,0.0,0,0,0,0.32442200696095824,0.6079,1.3746526201248168,0.3299438189715147,234752,235146,"[0.081, 0.898, 0.956, 0.779, 0.484, 0.555, 0.236, 0.887, 0.92, 0.283]","[0.08699902248289346, 0.9046653144016227, 0.96398891966759, 0.7914110429447853, 0.5096056622851365, 0.5638406537282942, 0.25622406639004147, 0.88360814742968, 0.9373737373737374, 0.27021494370522003]",batch,both
FashionMNIST,small,43,10,all,all,random,baseline,2,0.7,1,0.8582,0.8521,0.42388514161109925,0.43908738300800326,63887,0.728309220654402,63761,0.7283899604689203,0.0,0.0,0,0,0,0.31795244896784425,0.8521,0.4390873914003372,0.3245845540659502,234752,235146,"[0.818, 0.956, 0.724, 0.87, 0.82, 0.916, 0.584, 0.933, 0.951, 0.949]","[0.841642228739003, 0.9584178498985801, 0.7488457987072945, 0.8752556237218814, 0.8230535894843276, 0.8968335035750766, 0.5943983402489627, 0.9311348205625606, 0.9646464646464646, 0.9508700102354145]",batch,both
FashionMNIST,small,43,10,all,all,random,baseline,2,0.7,3,0.8698,0.8637,0.36242904324531555,0.3787036269903183,63887,0.728309220654402,63761,0.7283899604689203,0.0,0.0,0,0,0,0.3335492950864136,0.8637,0.378703623175621,0.3345774939516559,234752,235146,"[0.839, 0.962, 0.768, 0.886, 0.801, 0.937, 0.591, 0.924, 0.966, 0.963]","[0.8602150537634409, 0.9634888438133874, 0.775623268698061, 0.8936605316973415, 0.8210313447927199, 0.9284984678243106, 0.6058091286307054, 0.9146459747817652, 0.9717171717171718, 0.9662231320368475]",batch,both
FashionMNIST,small,43,10,all,all,random,baseline,2,0.7,5,0.8752,0.8693,0.34581390614509583,0.3650228794336319,63887,0.728309220654402,63761,0.7283899604689203,0.0,0.0,0,0,0,0.322796058957465,0.8693,0.3650228780984879,0.33028220699634403,234752,235146,"[0.829, 0.962, 0.788, 0.899, 0.798, 0.942, 0.603, 0.961, 0.966, 0.945]","[0.855327468230694, 0.962474645030426, 0.7922437673130194, 0.8967280163599182, 0.8341759352881699, 0.9274770173646578, 0.6192946058091287, 0.9544131910766246, 0.9737373737373738, 0.9365404298874105]",batch,both
FashionMNIST,small,43,10,a1,layerwise,random,baseline,2,0.05,0,0.8902,0.8827,0.31100549154281615,0.3333491590499878,224190,0.04659232987165418,223808,0.04661941112322787,0.0,0.0,0,0,0,0.3150497559690848,0.8827,0.33334915579557417,0.3264478080673143,234752,235146,"[0.83, 0.973, 0.851, 0.869, 0.794, 0.947, 0.685, 0.975, 0.959, 0.944]","[0.8357771260997068, 0.9705882352941176, 0.8578024007386889, 0.8732106339468303, 0.8149646107178968, 0.9550561797752809, 0.7116182572614108, 0.9699321047526673, 0.9707070707070707, 0.9406345957011258]",batch,both
FashionMNIST,small,43,10,a1,layerwise,random,baseline,2,0.05,1,0.8955,0.8905,0.2910584324240684,0.31117414252758024,224190,0.04659232987165418,223808,0.04661941112322787,0.0,0.0,0,0,0,0.3125778930261731,0.8905,0.3111741449713707,0.31762618001084775,234752,235146,"[0.835, 0.973, 0.818, 0.903, 0.809, 0.964, 0.712, 0.965, 0.971, 0.955]","[0.8318670576735093, 0.9695740365111561, 0.8199445983379502, 0.9049079754601227, 0.8291203235591507, 0.9662921348314607, 0.7479253112033195, 0.95635305528613, 0.9818181818181818, 0.9518935516888434]",batch,both
FashionMNIST,small,43,10,a1,layerwise,random,baseline,2,0.05,3,0.8959,0.8925,0.2923061931014061,0.3136529806494713,224190,0.04659232987165418,223808,0.04661941112322787,0.0,0.0,0,0,0,0.31971484201494604,0.8925,0.31365298884510995,0.3277932869968936,234752,235146,"[0.837, 0.973, 0.809, 0.911, 0.84, 0.962, 0.697, 0.97, 0.975, 0.951]","[0.83088954056696, 0.9675456389452333, 0.8107109879963066, 0.908997955010225, 0.8543983822042467, 0.9632277834525026, 0.7365145228215768, 0.9631425800193987, 0.9828282828282828, 0.9457523029682702]",batch,both
FashionMNIST,small,43,10,a1,layerwise,random,baseline,2,0.05,5,0.8954,0.8934,0.2946317093372345,0.31284250496029853,224190,0.04659232987165418,223808,0.04661941112322787,0.0,0.0,0,0,0,0.3463879529153928,0.8934,0.3128425030648708,0.35260757396463305,234752,235146,"[0.848, 0.973, 0.806, 0.898, 0.831, 0.961, 0.716, 0.969, 0.974, 0.958]","[0.8543499511241447, 0.9675456389452333, 0.8033240997229917, 0.8946830265848671, 0.8452982810920121, 0.9632277834525026, 0.7375518672199171, 0.9582929194956353, 0.9828282828282828, 0.9518935516888434]",batch,both
FashionMNIST,small,43,10,a1,layerwise,random,baseline,2,0.1,0,0.8871,0.879,0.31551445524692534,0.34066504460573194,212321,0.09706735389927956,211952,0.09712377317339149,0.0,0.0,0,0,0,0.3249072990147397,0.879,0.3406650398612022,0.33291093609295785,234752,235146,"[0.808, 0.973, 0.848, 0.87, 0.782, 0.942, 0.692, 0.977, 0.955, 0.943]","[0.823069403714565, 0.9705882352941176, 0.8448753462603878, 0.869120654396728, 0.8088978766430738, 0.9448416751787538, 0.7188796680497925, 0.9718719689621726, 0.9737373737373738, 0.9447287615148413]",batch,both
FashionMNIST,small,43,10,a1,layerwise,random,baseline,2,0.1,1,0.8935,0.8885,0.2957350221633911,0.3167229716539383,212321,0.09706735389927956,211952,0.09712377317339149,0.0,0.0,0,0,0,0.3316669979831204,0.8885,0.3167229732275009,0.3294582429807633,234752,235146,"[0.844, 0.972, 0.806, 0.91, 0.806, 0.954, 0.702, 0.957, 0.97, 0.964]","[0.852394916911046, 0.9685598377281948, 0.8088642659279779, 0.9049079754601227, 0.8240647118301314, 0.9642492339121552, 0.725103734439834, 0.9408341416100873, 0.9828282828282828, 0.9682702149437052]",batch,both
FashionMNIST,small,43,10,a1,layerwise,random,baseline,2,0.1,3,0.8948,0.8903,0.2925366670489311,0.31374349372386934,212321,0.09706735389927956,211952,0.09712377317339149,0.0,0.0,0,0,0,0.32918326393701136,0.8903,0.3137434977531433,0.3407373770605773,234752,235146,"[0.833, 0.973, 0.794, 0.905, 0.85, 0.965, 0.688, 0.96, 0.974, 0.961]","[0.8406647116324536, 0.9685598377281948, 0.7903970452446907, 0.9028629856850716, 0.8614762386248737, 0.9693564862104188, 0.7302904564315352, 0.9485935984481086, 0.9838383838383838, 0.9590583418628454]",batch,both
FashionMNIST,small,43,10,a1,layerwise,random,baseline,2,0.1,5,0.8952,0.892,0.2937345696687698,0.3164171712398529,212321,0.09706735389927956,211952,0.09712377317339149,0.0,0.0,0,0,0,0.336522298050113,0.892,0.316417169547081,0.3403017669916153,234752,235146,"[0.838, 0.973, 0.827, 0.914, 0.807, 0.962, 0.7, 0.967, 0.975, 0.957]","[0.8426197458455523, 0.9695740365111561, 0.8254847645429363, 0.9171779141104295, 0.8149646107178968, 0.9642492339121552, 0.729253112033195, 0.962172647914646, 0.9828282828282828, 0.946775844421699]",batch,both
FashionMNIST,small,43,10,a1,layerwise,random,baseline,2,0.2,0,0.8736,0.8649,0.34974251856803895,0.37815258700847626,188583,0.19801740195453033,188240,0.19813249727371862,0.0,0.0,0,0,0,0.33578022301662713,0.8649,0.3781525923728943,0.34656225703656673,234752,235146,"[0.685, 0.97, 0.856, 0.851, 0.767, 0.927, 0.744, 0.972, 0.929, 0.948]","[0.7126099706744868, 0.9685598377281948, 0.850415512465374, 0.8507157464212679, 0.7856420626895855, 0.9376915219611849, 0.7697095435684648, 0.967992240543162, 0.9484848484848485, 0.946775844421699]",batch,both
FashionMNIST,small,43,10,a1,layerwise,random,baseline,2,0.2,1,0.8907,0.8875,0.30066663817167283,0.32051238802671433,188583,0.19801740195453033,188240,0.19813249727371862,0.0,0.0,0,0,0,0.33506317902356386,0.8875,0.3205123813152313,0.3365304939216003,234752,235146,"[0.855, 0.973, 0.808, 0.914, 0.829, 0.962, 0.648, 0.952, 0.973, 0.961]","[0.8651026392961877, 0.9675456389452333, 0.7950138504155124, 0.9100204498977505, 0.8412537917087968, 0.9673135852911133, 0.6784232365145229, 0.938894277400582, 0.9828282828282828, 0.9651995905834186]",batch,both
FashionMNIST,small,43,10,a1,layerwise,random,baseline,2,0.2,3,0.8947,0.8905,0.2953789156675339,0.31639922922849656,188583,0.19801740195453033,188240,0.19813249727371862,0.0,0.0,0,0,0,0.31499401992186904,0.8905,0.3163992286682129,0.33334816398564726,234752,235146,"[0.831, 0.972, 0.81, 0.9, 0.814, 0.962, 0.727, 0.961, 0.968, 0.96]","[0.8465298142717498, 0.9685598377281948, 0.7959372114496768, 0.901840490797546, 0.8311425682507584, 0.9744637385086823, 0.7520746887966805, 0.9456838021338506, 0.9808080808080808, 0.9570112589559877]",batch,both
FashionMNIST,small,43,10,a1,layerwise,random,baseline,2,0.2,5,0.8958,0.8897,0.29717018452882765,0.31663582772016524,188583,0.19801740195453033,188240,0.19813249727371862,0.0,0.0,0,0,0,0.3821549129206687,0.8897,0.31663583134412765,0.3756079120794311,234752,235146,"[0.844, 0.972, 0.783, 0.904, 0.834, 0.959, 0.705, 0.965, 0.972, 0.959]","[0.8602150537634409, 0.9675456389452333, 0.7811634349030471, 0.9028629856850716, 0.846309403437816, 0.9703779366700716, 0.7437759336099585, 0.95635305528613, 0.9818181818181818, 0.95496417604913]",batch,both
FashionMNIST,small,43,10,a1,layerwise,random,baseline,2,0.3,0,0.8681,0.8584,0.37165614256858825,0.39885041556358336,165758,0.29508475585381,165440,0.2952562704471101,0.0,0.0,0,0,0,0.3300263650016859,0.8584,0.39885041267871857,0.33910224097780883,234752,235146,"[0.617, 0.968, 0.848, 0.858, 0.799, 0.933, 0.721, 0.979, 0.925, 0.936]","[0.6500488758553274, 0.9655172413793104, 0.8411819021237303, 0.8640081799591002, 0.8179979777553084, 0.9397344228804902, 0.75, 0.9786614936954413, 0.9474747474747475, 0.9303991811668373]",batch,both
FashionMNIST,small,43,10,a1,layerwise,random,baseline,2,0.3,1,0.8902,0.8874,0.2986431736946106,0.31850272363424303,165758,0.29508475585381,165440,0.2952562704471101,0.0,0.0,0,0,0,0.32757543004117906,0.8874,0.3185027211546898,0.32188375398982316,234752,235146,"[0.859, 0.971, 0.787, 0.902, 0.841, 0.958, 0.667, 0.959, 0.972, 0.958]","[0.8719452590420332, 0.9695740365111561, 0.7820867959372114, 0.8977505112474438, 0.8452982810920121, 0.965270684371808, 0.6939834024896265, 0.9476236663433559, 0.9757575757575757, 0.9580348004094166]",batch,both
FashionMNIST,small,43,10,a1,layerwise,random,baseline,2,0.3,3,0.8937,0.8896,0.2932530072927475,0.3154431231975555,165758,0.29508475585381,165440,0.2952562704471101,0.0,0.0,0,0,0,0.3225191840901971,0.8896,0.3154431258678436,0.3281407250324264,234752,235146,"[0.845, 0.972, 0.793, 0.911, 0.823, 0.965, 0.695, 0.964, 0.972, 0.956]","[0.8543499511241447, 0.9695740365111561, 0.7950138504155124, 0.9171779141104295, 0.8412537917087968, 0.9662921348314607, 0.725103734439834, 0.9466537342386033, 0.9787878787878788, 0.9488229273285568]",batch,both
FashionMNIST,small,43,10,a1,layerwise,random,baseline,2,0.3,5,0.8938,0.8893,0.2946901298880577,0.316871105492115,165758,0.29508475585381,165440,0.2952562704471101,0.0,0.0,0,0,0,0.3171169980196282,0.8893,0.3168711117744446,0.33118053106591105,234752,235146,"[0.848, 0.972, 0.8, 0.903, 0.841, 0.962, 0.677, 0.964, 0.973, 0.953]","[0.8543499511241447, 0.9675456389452333, 0.7950138504155124, 0.911042944785276, 0.8513650151668352, 0.9713993871297242, 0.7095435684647303, 0.9544131910766246, 0.9797979797979798, 0.9488229273285568]",batch,both
FashionMNIST,small,43,10,a1,layerwise,random,baseline,2,0.4,0,0.8481,0.8418,0.41516423916816714,0.43960539786815644,142020,0.39603480390906076,141728,0.39626499454743724,0.0,0.0,0,0,0,0.32643644395284355,0.8418,0.4396054055213928,0.3356590550392866,234752,235146,"[0.5, 0.973, 0.848, 0.872, 0.791, 0.93, 0.692, 0.982, 0.923, 0.907]","[0.5278592375366569, 0.9705882352941176, 0.8264081255771006, 0.876278118609407, 0.80788675429727, 0.933605720122574, 0.7116182572614108, 0.9835111542192047, 0.9444444444444444, 0.9048106448311156]",batch,both
FashionMNIST,small,43,10,a1,layerwise,random,baseline,2,0.4,1,0.8881,0.8843,0.30587893967628477,0.3227360597014427,142020,0.39603480390906076,141728,0.39626499454743724,0.0,0.0,0,0,0,0.32465100998524576,0.8843,0.3227360566496849,0.32665964402258396,234752,235146,"[0.856, 0.968, 0.778, 0.899, 0.84, 0.954, 0.662, 0.965, 0.971, 0.95]","[0.8748778103616813, 0.9645030425963489, 0.7765466297322253, 0.9028629856850716, 0.8543983822042467, 0.9560776302349336, 0.6753112033195021, 0.953443258971872, 0.9767676767676767, 0.9508700102354145]",batch,both
FashionMNIST,small,43,10,a1,layerwise,random,baseline,2,0.4,3,0.8885,0.8854,0.3000305372953415,0.3217835728406906,142020,0.39603480390906076,141728,0.39626499454743724,0.0,0.0,0,0,0,0.3386698350077495,0.8854,0.3217835677266121,0.3301398709882051,234752,235146,"[0.842, 0.972, 0.819, 0.904, 0.815, 0.952, 0.658, 0.962, 0.972, 0.958]","[0.8543499511241447, 0.9665314401622718, 0.8097876269621422, 0.9049079754601227, 0.8291203235591507, 0.9570990806945863, 0.6856846473029046, 0.950533462657614, 0.9777777777777777, 0.9518935516888434]",batch,both
FashionMNIST,small,43,10,a1,layerwise,random,baseline,2,0.4,5,0.8913,0.8871,0.2985305109024048,0.318681560921669,142020,0.39603480390906076,141728,0.39626499454743724,0.0,0.0,0,0,0,0.3321171230636537,0.8871,0.31868155823946,0.3344175040256232,234752,235146,"[0.835, 0.971, 0.817, 0.894, 0.808, 0.954, 0.701, 0.959, 0.969, 0.963]","[0.8592375366568915, 0.9675456389452333, 0.8097876269621422, 0.8936605316973415, 0.8200202224469161, 0.9591419816138917, 0.7230290456431535, 0.944713870029098, 0.9767676767676767, 0.9631525076765609]",batch,both
FashionMNIST,small,43,10,a1,layerwise,random,baseline,2,0.5,0,0.8361,0.8243,0.45854662642478944,0.4781628497362137,118282,0.4969848519643115,118016,0.4972737186477645,0.0,0.0,0,0,0,0.3252271249657497,0.8243,0.47816283748149874,0.32078534306492656,234752,235146,"[0.393, 0.97, 0.843, 0.827, 0.79, 0.918, 0.682, 0.978, 0.931, 0.911]","[0.4310850439882698, 0.9705882352941176, 0.8448753462603878, 0.8374233128834356, 0.7997977755308392, 0.9274770173646578, 0.7136929460580913, 0.9757516973811833, 0.9474747474747475, 0.9191402251791198]",batch,both
FashionMNIST,small,43,10,a1,layerwise,random,baseline,2,0.5,1,0.8848,0.8826,0.3103757994413376,0.32692523205280305,118282,0.4969848519643115,118016,0.4972737186477645,0.0,0.0,0,0,0,0.32187020394485444,0.8826,0.32692523537874224,0.33134946902282536,234752,235146,"[0.857, 0.972, 0.817, 0.899, 0.79, 0.959, 0.658, 0.952, 0.968, 0.954]","[0.8729227761485826, 0.9665314401622718, 0.8180978762696214, 0.8957055214723927, 0.7997977755308392, 0.9519918283963228, 0.6753112033195021, 0.9398642095053347, 0.9737373737373738, 0.95496417604913]",batch,both
FashionMNIST,small,43,10,a1,layerwise,random,baseline,2,0.5,3,0.8884,0.885,0.3060360494375229,0.3209301881194115,118282,0.4969848519643115,118016,0.4972737186477645,0.0,0.0,0,0,0,0.31802815408445895,0.885,0.3209301894426346,0.33955703396350145,234752,235146,"[0.827, 0.968, 0.769, 0.91, 0.826, 0.963, 0.704, 0.967, 0.969, 0.947]","[0.8387096774193549, 0.9645030425963489, 0.7839335180055401, 0.901840490797546, 0.839231547017189, 0.9560776302349336, 0.7313278008298755, 0.953443258971872, 0.9747474747474747, 0.946775844421699]",batch,both
FashionMNIST,small,43,10,a1,layerwise,random,baseline,2,0.5,5,0.8904,0.8859,0.3014120502114296,0.31771681954860687,118282,0.4969848519643115,118016,0.4972737186477645,0.0,0.0,0,0,0,0.3349519780604169,0.8859,0.31771682163476944,0.3207750570727512,234752,235146,"[0.839, 0.97, 0.803, 0.91, 0.806, 0.967, 0.681, 0.957, 0.973, 0.953]","[0.8484848484848485, 0.9655172413793104, 0.8125577100646353, 0.9161554192229039, 0.8149646107178968, 0.9642492339121552, 0.7095435684647303, 0.9437439379243453, 0.9818181818181818, 0.9508700102354145]",batch,both
FashionMNIST,small,43,10,a1,layerwise,random,baseline,2,0.7,0,0.7876,0.7725,0.6574671224594116,0.6754321581840516,71719,0.6950022539188419,71504,0.6954062159214831,0.0,0.0,0,0,0,0.32226778799667954,0.7725,0.6754321421146393,0.32725657790433615,234752,235146,"[0.379, 0.967, 0.899, 0.776, 0.676, 0.838, 0.523, 0.979, 0.885, 0.803]","[0.40078201368523947, 0.9665314401622718, 0.9039704524469068, 0.7822085889570553, 0.698685540950455, 0.8559754851889684, 0.5591286307053942, 0.9747817652764307, 0.9141414141414141, 0.8096212896622313]",batch,both
FashionMNIST,small,43,10,a1,layerwise,random,baseline,2,0.7,1,0.8759,0.8708,0.3401209616422653,0.3567599521160126,71719,0.6950022539188419,71504,0.6954062159214831,0.0,0.0,0,0,0,0.3392896680161357,0.8708,0.3567599548101425,0.32561461289878935,234752,235146,"[0.831, 0.962, 0.76, 0.899, 0.801, 0.949, 0.648, 0.941, 0.965, 0.952]","[0.8514173998044966, 0.9634888438133874, 0.7710064635272391, 0.8936605316973415, 0.813953488372093, 0.9387129724208376, 0.6753112033195021, 0.930164888457808, 0.9717171717171718, 0.95496417604913]",batch,both
FashionMNIST,small,43,10,a1,layerwise,random,baseline,2,0.7,3,0.8821,0.8762,0.3248250682592392,0.3435730466127396,71719,0.6950022539188419,71504,0.6954062159214831,0.0,0.0,0,0,0,0.321763854008168,0.8762,0.34357304985523224,0.3296246420359239,234752,235146,"[0.864, 0.966, 0.791, 0.9, 0.801, 0.949, 0.618, 0.956, 0.965, 0.952]","[0.8836754643206256, 0.9634888438133874, 0.8005540166204986, 0.9008179959100204, 0.8291203235591507, 0.9346271705822268, 0.6400414937759336, 0.9427740058195926, 0.9747474747474747, 0.9518935516888434]",batch,both
FashionMNIST,small,43,10,a1,layerwise,random,baseline,2,0.7,5,0.8839,0.8778,0.32050459823608396,0.3373584101676941,71719,0.6950022539188419,71504,0.6954062159214831,0.0,0.0,0,0,0,0.3280956610105932,0.8778,0.33735841097831726,0.3363286959938705,234752,235146,"[0.84, 0.967, 0.766, 0.896, 0.833, 0.95, 0.651, 0.955, 0.968, 0.952]","[0.8504398826979472, 0.9634888438133874, 0.7848568790397045, 0.8977505112474438, 0.8533872598584429, 0.9417773237997957, 0.6836099585062241, 0.94180407371484, 0.9757575757575757, 0.9508700102354145]",batch,both
FashionMNIST,small,43,10,a2,layerwise,random,baseline,2,0.05,0,0.8894,0.8833,0.308679441857338,0.32905580186843875,233544,0.006812788650455426,233156,0.006798664122137366,0.0,0.0,0,0,0,0.3164936569519341,0.8833,0.32905580286979674,0.32942345400806516,234752,235146,"[0.823, 0.973, 0.845, 0.865, 0.802, 0.947, 0.685, 0.968, 0.969, 0.956]","[0.8387096774193549, 0.9695740365111561, 0.850415512465374, 0.8629856850715747, 0.8230535894843276, 0.9530132788559755, 0.7012448132780082, 0.9582929194956353, 0.9797979797979798, 0.9559877175025588]",batch,both
FashionMNIST,small,43,10,a2,layerwise,random,baseline,2,0.05,1,0.8961,0.8921,0.29068896909952163,0.30979169453382494,233544,0.006812788650455426,233156,0.006798664122137366,0.0,0.0,0,0,0,0.3187237230595201,0.8921,0.3097916936993599,0.34269300603773445,234752,235146,"[0.866, 0.971, 0.816, 0.905, 0.826, 0.966, 0.678, 0.964, 0.97, 0.959]","[0.8758553274682307, 0.9695740365111561, 0.8116343490304709, 0.9059304703476483, 0.8432760364004045, 0.9683350357507661, 0.700207468879668, 0.9515033947623667, 0.9848484848484849, 0.9529170931422722]",batch,both
FashionMNIST,small,43,10,a2,layerwise,random,baseline,2,0.05,3,0.8956,0.891,0.2946239622831345,0.31079109872579574,233544,0.006812788650455426,233156,0.006798664122137366,0.0,0.0,0,0,0,0.32648049504496157,0.891,0.31079109788537024,0.311928786104545,234752,235146,"[0.846, 0.971, 0.793, 0.898, 0.86, 0.968, 0.689, 0.965, 0.971, 0.949]","[0.852394916911046, 0.9685598377281948, 0.7950138504155124, 0.8946830265848671, 0.865520728008089, 0.9703779366700716, 0.729253112033195, 0.9553831231813773, 0.9838383838383838, 0.946775844421699]",batch,both
FashionMNIST,small,43,10,a2,layerwise,random,baseline,2,0.05,5,0.8964,0.8922,0.2929578074812889,0.3123154082119465,233544,0.006812788650455426,233156,0.006798664122137366,0.0,0.0,0,0,0,0.3602800880325958,0.8922,0.3123154085934162,0.386677609058097,234752,235146,"[0.836, 0.971, 0.821, 0.915, 0.818, 0.957, 0.713, 0.969, 0.97, 0.952]","[0.8406647116324536, 0.9685598377281948, 0.8264081255771006, 0.9151329243353783, 0.8169868554095046, 0.9570990806945863, 0.7510373443983402, 0.9582929194956353, 0.9828282828282828, 0.9508700102354145]",batch,both
FashionMNIST,small,43,10,a2,layerwise,random,baseline,2,0.1,0,0.8888,0.8814,0.30998756558895113,0.33131400265693667,231942,0.013625577300910963,231560,0.013597328244274842,0.0,0.0,0,0,0,0.32714504504110664,0.8814,0.3313140011668205,0.3464623460313305,234752,235146,"[0.822, 0.971, 0.847, 0.865, 0.782, 0.946, 0.689, 0.972, 0.965, 0.955]","[0.8357771260997068, 0.9695740365111561, 0.8550323176361958, 0.8660531697341514, 0.8119312436804853, 0.9448416751787538, 0.7095435684647303, 0.9602327837051406, 0.9787878787878788, 0.95496417604913]",batch,both
FashionMNIST,small,43,10,a2,layerwise,random,baseline,2,0.1,1,0.8935,0.8885,0.29291567425727844,0.31168775121569636,231942,0.013625577300910963,231560,0.013597328244274842,0.0,0.0,0,0,0,0.32975960394833237,0.8885,0.31168774906992913,0.33215430402196944,234752,235146,"[0.843, 0.97, 0.801, 0.91, 0.824, 0.958, 0.689, 0.965, 0.97, 0.955]","[0.8465298142717498, 0.9685598377281948, 0.7977839335180056, 0.9049079754601227, 0.8341759352881699, 0.9622063329928499, 0.7302904564315352, 0.9524733268671193, 0.9858585858585859, 0.9580348004094166]",batch,both
FashionMNIST,small,43,10,a2,layerwise,random,baseline,2,0.1,3,0.8958,0.8928,0.29131872094869615,0.3120193293809891,231942,0.013625577300910963,231560,0.013597328244274842,0.0,0.0,0,0,0,0.32880968996323645,0.8928,0.31201932245492936,0.31564951897598803,234752,235146,"[0.826, 0.971, 0.826, 0.915, 0.841, 0.962, 0.693, 0.964, 0.973, 0.957]","[0.8299120234604106, 0.9675456389452333, 0.8180978762696214, 0.9130879345603272, 0.846309403437816, 0.965270684371808, 0.7282157676348547, 0.953443258971872, 0.9838383838383838, 0.9570112589559877]",batch,both
FashionMNIST,small,43,10,a2,layerwise,random,baseline,2,0.1,5,0.8978,0.8917,0.29161782137155534,0.3115196216762066,231942,0.013625577300910963,231560,0.013597328244274842,0.0,0.0,0,0,0,0.31343671306967735,0.8917,0.3115196212828159,0.3240057409275323,234752,235146,"[0.854, 0.972, 0.829, 0.904, 0.82, 0.96, 0.683, 0.969, 0.972, 0.954]","[0.8690127077223851, 0.9695740365111561, 0.8291782086795937, 0.9079754601226994, 0.8382204246713852, 0.9632277834525026, 0.7095435684647303, 0.95635305528613, 0.9838383838383838, 0.9529170931422722]",batch,both
FashionMNIST,small,43,10,a2,layerwise,random,baseline,2,0.2,0,0.8884,0.8811,0.31280206336975097,0.3320979183793068,228471,0.028386619376897793,228102,0.028327767175572505,0.0,0.0,0,0,0,0.33030097698792815,0.8811,0.33209791151285173,0.3224121610401198,234752,235146,"[0.852, 0.971, 0.865, 0.873, 0.781, 0.944, 0.636, 0.971, 0.966, 0.952]","[0.8660801564027371, 0.9685598377281948, 0.8614958448753463, 0.8701431492842536, 0.8088978766430738, 0.9448416751787538, 0.6628630705394191, 0.962172647914646, 0.9797979797979798, 0.95496417604913]",batch,both
FashionMNIST,small,43,10,a2,layerwise,random,baseline,2,0.2,1,0.8945,0.8912,0.29276274478435516,0.3104420093178749,228471,0.028386619376897793,228102,0.028327767175572505,0.0,0.0,0,0,0,0.33210985211189836,0.8912,0.31044200893640517,0.32151171495206654,234752,235146,"[0.838, 0.97, 0.829, 0.905, 0.808, 0.963, 0.705, 0.96, 0.973, 0.961]","[0.8328445747800587, 0.9685598377281948, 0.8199445983379502, 0.9059304703476483, 0.8281092012133469, 0.9693564862104188, 0.733402489626556, 0.9466537342386033, 0.9848484848484849, 0.9600818833162743]",batch,both
FashionMNIST,small,43,10,a2,layerwise,random,baseline,2,0.2,3,0.8946,0.8907,0.29403795100450514,0.3140194177031517,228471,0.028386619376897793,228102,0.028327767175572505,0.0,0.0,0,0,0,0.3212367109954357,0.8907,0.3140194168806076,0.32414986402727664,234752,235146,"[0.845, 0.973, 0.825, 0.899, 0.811, 0.953, 0.704, 0.972, 0.972, 0.953]","[0.8504398826979472, 0.9685598377281948, 0.8199445983379502, 0.9008179959100204, 0.8220424671385238, 0.95097037793667, 0.733402489626556, 0.967992240543162, 0.9848484848484849, 0.9498464687819856]",batch,both
FashionMNIST,small,43,10,a2,layerwise,random,baseline,2,0.2,5,0.8976,0.8925,0.28928966217041013,0.31037855367064476,228471,0.028386619376897793,228102,0.028327767175572505,0.0,0.0,0,0,0,0.32957243197597563,0.8925,0.3103785557746887,0.32502935407683253,234752,235146,"[0.832, 0.974, 0.823, 0.912, 0.805, 0.961, 0.721, 0.964, 0.971, 0.962]","[0.8357771260997068, 0.9716024340770791, 0.8254847645429363, 0.9141104294478528, 0.8159757330637007, 0.9683350357507661, 0.7572614107883817, 0.9524733268671193, 0.9838383838383838, 0.9559877175025588]",batch,both
FashionMNIST,small,43,10,a2,layerwise,random,baseline,2,0.3,0,0.8877,0.8798,0.323486354136467,0.342179523229599,225000,0.04314766145288462,224644,0.04305820610687028,0.0,0.0,0,0,0,0.3297710199840367,0.8798,0.3421795237064362,0.3301744619384408,234752,235146,"[0.851, 0.969, 0.879, 0.863, 0.761, 0.942, 0.642, 0.972, 0.967, 0.952]","[0.8660801564027371, 0.9675456389452333, 0.8734995383194829, 0.8629856850715747, 0.7906976744186046, 0.9438202247191011, 0.6680497925311203, 0.9612027158098934, 0.9828282828282828, 0.95496417604913]",batch,both
FashionMNIST,small,43,10,a2,layerwise,random,baseline,2,0.3,1,0.8944,0.8901,0.2919762941122055,0.31070599542856214,225000,0.04314766145288462,224644,0.04305820610687028,0.0,0.0,0,0,0,0.31695612194016576,0.8901,0.31070599143505095,0.3256105440668762,234752,235146,"[0.829, 0.969, 0.803, 0.903, 0.823, 0.958, 0.724, 0.96, 0.971, 0.961]","[0.8357771260997068, 0.9675456389452333, 0.7922437673130194, 0.9028629856850716, 0.8382204246713852, 0.9611848825331971, 0.7624481327800829, 0.9485935984481086, 0.9818181818181818, 0.9611054247697032]",batch,both
FashionMNIST,small,43,10,a2,layerwise,random,baseline,2,0.3,3,0.8963,0.8917,0.29274969183206556,0.3109874057650566,225000,0.04314766145288462,224644,0.04305820610687028,0.0,0.0,0,0,0,0.3312717180233449,0.8917,0.3109874055504799,0.3401443490292877,234752,235146,"[0.82, 0.973, 0.789, 0.905, 0.831, 0.962, 0.74, 0.966, 0.972, 0.959]","[0.8250244379276638, 0.9685598377281948, 0.7848568790397045, 0.9079754601226994, 0.8483316481294236, 0.9622063329928499, 0.7800829875518672, 0.953443258971872, 0.9848484848484849, 0.9570112589559877]",batch,both
FashionMNIST,small,43,10,a2,layerwise,random,baseline,2,0.3,5,0.895,0.892,0.2923846418380737,0.3118088570535183,225000,0.04314766145288462,224644,0.04305820610687028,0.0,0.0,0,0,0,0.3211243129335344,0.892,0.31180886494517324,0.32876324094831944,234752,235146,"[0.838, 0.973, 0.842, 0.9, 0.82, 0.964, 0.698, 0.963, 0.968, 0.954]","[0.8406647116324536, 0.9685598377281948, 0.8328716528162512, 0.8936605316973415, 0.8351870576339737, 0.9703779366700716, 0.7199170124481328, 0.9553831231813773, 0.9828282828282828, 0.9529170931422722]",batch,both
FashionMNIST,small,43,10,a2,layerwise,random,baseline,2,0.4,0,0.8868,0.8795,0.35011828298568726,0.36519412896633147,221529,0.05790870352887145,221186,0.05778864503816794,0.0,0.0,0,0,0,0.34438631497323513,0.8795,0.3651941333770752,0.3368203400168568,234752,235146,"[0.841, 0.966, 0.883, 0.884, 0.731, 0.945, 0.653, 0.976, 0.97, 0.946]","[0.855327468230694, 0.9665314401622718, 0.8744228993536473, 0.885480572597137, 0.7573306370070778, 0.9458631256384066, 0.6825726141078838, 0.9718719689621726, 0.9838383838383838, 0.9396110542476971]",batch,both
FashionMNIST,small,43,10,a2,layerwise,random,baseline,2,0.4,1,0.8927,0.8912,0.29210192437171933,0.30809245103597643,221529,0.05790870352887145,221186,0.05778864503816794,0.0,0.0,0,0,0,0.32622227701358497,0.8912,0.3080924502849579,0.33278252300806344,234752,235146,"[0.852, 0.969, 0.814, 0.902, 0.841, 0.961, 0.681, 0.966, 0.971, 0.955]","[0.863147605083089, 0.9685598377281948, 0.8051708217913204, 0.9069529652351738, 0.8473205257836198, 0.9591419816138917, 0.6908713692946058, 0.9544131910766246, 0.9808080808080808, 0.9539406345957011]",batch,both
FashionMNIST,small,43,10,a2,layerwise,random,baseline,2,0.4,3,0.8931,0.8911,0.293971120762825,0.31019597198963167,221529,0.05790870352887145,221186,0.05778864503816794,0.0,0.0,0,0,0,0.315154536976479,0.8911,0.3101959718286991,0.32416536402888596,234752,235146,"[0.828, 0.97, 0.788, 0.898, 0.838, 0.955, 0.734, 0.966, 0.973, 0.961]","[0.833822091886608, 0.9685598377281948, 0.7867036011080333, 0.9028629856850716, 0.8503538928210314, 0.9550561797752809, 0.7448132780082988, 0.9544131910766246, 0.9828282828282828, 0.9590583418628454]",batch,both
FashionMNIST,small,43,10,a2,layerwise,random,baseline,2,0.4,5,0.8948,0.8942,0.29214272166490557,0.3079730274140835,221529,0.05790870352887145,221186,0.05778864503816794,0.0,0.0,0,0,0,0.3360111899673939,0.8942,0.3079730275928974,0.35534768900834024,234752,235146,"[0.84, 0.972, 0.808, 0.908, 0.851, 0.961, 0.709, 0.961, 0.971, 0.961]","[0.8396871945259042, 0.9685598377281948, 0.7977839335180056, 0.9049079754601227, 0.8564206268958544, 0.9683350357507661, 0.7302904564315352, 0.944713870029098, 0.9828282828282828, 0.9611054247697032]",batch,both
FashionMNIST,small,43,10,a2,layerwise,random,baseline,2,0.5,0,0.8769,0.8689,0.4134409975528717,0.42981061942577364,218058,0.07266974560485828,217728,0.0725190839694656,0.0,0.0,0,0,0,0.3210955719696358,0.8689,0.4298106178998947,0.32237838103901595,234752,235146,"[0.833, 0.958, 0.907, 0.877, 0.7, 0.915, 0.616, 0.982, 0.968, 0.933]","[0.844574780058651, 0.9553752535496958, 0.9058171745152355, 0.876278118609407, 0.717896865520728, 0.9203268641470889, 0.6379668049792531, 0.9835111542192047, 0.9808080808080808, 0.9355168884339816]",batch,both
FashionMNIST,small,43,10,a2,layerwise,random,baseline,2,0.5,1,0.8928,0.8906,0.29552291190624236,0.3132598712086678,218058,0.07266974560485828,217728,0.0725190839694656,0.0,0.0,0,0,0,0.3092844649218023,0.8906,0.3132598692774773,0.32697332301177084,234752,235146,"[0.851, 0.97, 0.795, 0.91, 0.845, 0.964, 0.677, 0.967, 0.972, 0.955]","[0.8651026392961877, 0.9685598377281948, 0.7903970452446907, 0.901840490797546, 0.8584428715874621, 0.9662921348314607, 0.6939834024896265, 0.9573229873908826, 0.9838383838383838, 0.946775844421699]",batch,both
FashionMNIST,small,43,10,a2,layerwise,random,baseline,2,0.5,3,0.8926,0.8908,0.29373769578933717,0.3089409574508667,218058,0.07266974560485828,217728,0.0725190839694656,0.0,0.0,0,0,0,0.3319877020549029,0.8908,0.30894095723629,0.3144789329962805,234752,235146,"[0.845, 0.969, 0.809, 0.904, 0.858, 0.956, 0.671, 0.957, 0.973, 0.966]","[0.8455522971652004, 0.9675456389452333, 0.8024007386888273, 0.9028629856850716, 0.8705763397371082, 0.9560776302349336, 0.700207468879668, 0.944713870029098, 0.9808080808080808, 0.9600818833162743]",batch,both
FashionMNIST,small,43,10,a2,layerwise,random,baseline,2,0.5,5,0.8958,0.8933,0.29110659042596815,0.30926882826685903,218058,0.07266974560485828,217728,0.0725190839694656,0.0,0.0,0,0,0,0.33430616499390453,0.8933,0.30926882919073106,0.36945774394553155,234752,235146,"[0.852, 0.97, 0.818, 0.912, 0.837, 0.959, 0.691, 0.965, 0.971, 0.958]","[0.8621700879765396, 0.9695740365111561, 0.8079409048938134, 0.911042944785276, 0.8452982810920121, 0.9591419816138917, 0.7126556016597511, 0.9553831231813773, 0.9808080808080808, 0.9580348004094166]",batch,both
FashionMNIST,small,43,10,a2,layerwise,random,baseline,2,0.7,0,0.864,0.8587,0.6387629437446595,0.6508049310684204,211383,0.10105636498175596,211078,0.10084685114503822,0.0,0.0,0,0,0,0.33562836702913046,0.8587,0.6508049349784851,0.3352478229207918,234752,235146,"[0.85, 0.966, 0.917, 0.862, 0.731, 0.942, 0.445, 0.973, 0.974, 0.927]","[0.855327468230694, 0.9645030425963489, 0.9122807017543859, 0.8609406952965235, 0.7532861476238625, 0.933605720122574, 0.45435684647302904, 0.9728419010669254, 0.9838383838383838, 0.9314227226202662]",batch,both
FashionMNIST,small,43,10,a2,layerwise,random,baseline,2,0.7,1,0.8877,0.8847,0.30983584809303283,0.32406665776968,211383,0.10105636498175596,211078,0.10084685114503822,0.0,0.0,0,0,0,0.3228584580356255,0.8847,0.32406665662527084,0.32101756404154,234752,235146,"[0.853, 0.968, 0.779, 0.907, 0.821, 0.958, 0.674, 0.956, 0.971, 0.96]","[0.8709677419354839, 0.9655172413793104, 0.7820867959372114, 0.9069529652351738, 0.8432760364004045, 0.95097037793667, 0.6867219917012448, 0.938894277400582, 0.9818181818181818, 0.95496417604913]",batch,both
FashionMNIST,small,43,10,a2,layerwise,random,baseline,2,0.7,3,0.8902,0.8877,0.30038764926195144,0.31643499147891996,211383,0.10105636498175596,211078,0.10084685114503822,0.0,0.0,0,0,0,0.3128350260667503,0.8877,0.31643499150276183,0.3215167809976265,234752,235146,"[0.833, 0.969, 0.782, 0.897, 0.856, 0.961, 0.687, 0.963, 0.971, 0.958]","[0.8377321603128055, 0.9665314401622718, 0.7876269621421976, 0.9008179959100204, 0.8705763397371082, 0.9570990806945863, 0.700207468879668, 0.9485935984481086, 0.9828282828282828, 0.9559877175025588]",batch,both
FashionMNIST,small,43,10,a2,layerwise,random,baseline,2,0.7,5,0.8911,0.8896,0.2971998333454132,0.31262097375392917,211383,0.10105636498175596,211078,0.10084685114503822,0.0,0.0,0,0,0,0.3322554570622742,0.8896,0.31262097051143645,0.3303510861005634,234752,235146,"[0.853, 0.97, 0.803, 0.913, 0.797, 0.96, 0.711, 0.963, 0.968, 0.958]","[0.8582600195503421, 0.9665314401622718, 0.8033240997229917, 0.9079754601226994, 0.8159757330637007, 0.9611848825331971, 0.7157676348547718, 0.9515033947623667, 0.9797979797979798, 0.95496417604913]",batch,both
FashionMNIST,small,43,10,all,all,random,baseline,3,0.05,0,0.8898,0.8829,0.3101347937583923,0.32764330794811247,222660,0.05309892577377462,222284,0.05311136859323884,0.0,0.0,0,0,0,0.33217181800864637,0.8829,0.3276433084964752,0.34459856792818755,234752,235146,"[0.835, 0.969, 0.844, 0.86, 0.799, 0.945, 0.683, 0.97, 0.968, 0.956]","[0.8494623655913979, 0.9695740365111561, 0.8439519852262235, 0.8599182004089979, 0.8220424671385238, 0.95097037793667, 0.7095435684647303, 0.9592628516003879, 0.9777777777777777, 0.95496417604913]",batch,both
FashionMNIST,small,43,10,all,all,random,baseline,3,0.05,1,0.8961,0.8909,0.2917015379667282,0.3103986064553261,222660,0.05309892577377462,222284,0.05311136859323884,0.0,0.0,0,0,0,0.3248590149451047,0.8909,0.31039860352277754,0.3284498379798606,234752,235146,"[0.859, 0.972, 0.823, 0.91, 0.828, 0.962, 0.661, 0.968, 0.972, 0.954]","[0.8690127077223851, 0.9685598377281948, 0.8227146814404432, 0.9100204498977505, 0.8473205257836198, 0.965270684371808, 0.6887966804979253, 0.9553831231813773, 0.9848484848484849, 0.9508700102354145]",batch,both
FashionMNIST,small,43,10,all,all,random,baseline,3,0.05,3,0.8953,0.8921,0.29100603086948396,0.3095191207051277,222660,0.05309892577377462,222284,0.05311136859323884,0.0,0.0,0,0,0,0.3225739219924435,0.8921,0.30951911574602126,0.3358025810448453,234752,235146,"[0.839, 0.971, 0.782, 0.907, 0.853, 0.964, 0.711, 0.965, 0.971, 0.958]","[0.8435972629521017, 0.9675456389452333, 0.7774699907663897, 0.9079754601226994, 0.865520728008089, 0.9662921348314607, 0.7437759336099585, 0.9524733268671193, 0.9848484848484849, 0.9518935516888434]",batch,both
FashionMNIST,small,43,10,all,all,random,baseline,3,0.05,5,0.8988,0.8945,0.2922533520936966,0.31085521445274356,222660,0.05309892577377462,222284,0.05311136859323884,0.0,0.0,0,0,0,0.3489844190189615,0.8945,0.31085521652698517,0.3252574499929324,234752,235146,"[0.836, 0.973, 0.823, 0.909, 0.85, 0.968, 0.693, 0.962, 0.972, 0.959]","[0.8475073313782991, 0.9685598377281948, 0.8162511542012927, 0.9100204498977505, 0.8624873609706775, 0.9724208375893769, 0.7261410788381742, 0.9495635305528612, 0.9828282828282828, 0.9570112589559877]",batch,both
FashionMNIST,small,43,10,all,all,random,baseline,3,0.1,0,0.8856,0.879,0.32045421266555785,0.33739597475528715,209417,0.10941712808212767,209060,0.10944315703380592,0.0,0.0,0,0,0,0.32536211097612977,0.879,0.33739598042964936,0.3263968810206279,234752,235146,"[0.824, 0.971, 0.859, 0.856, 0.774, 0.934, 0.682, 0.968, 0.965, 0.957]","[0.8406647116324536, 0.9695740365111561, 0.8568790397045245, 0.8517382413087935, 0.7987866531850354, 0.933605720122574, 0.7064315352697096, 0.9573229873908826, 0.9767676767676767, 0.962128966223132]",batch,both
FashionMNIST,small,43,10,all,all,random,baseline,3,0.1,1,0.8943,0.8876,0.29380392615795137,0.3114597211241722,209417,0.10941712808212767,209060,0.10944315703380592,0.0,0.0,0,0,0,0.31923027301672846,0.8876,0.3114597259402275,0.32647191802971065,234752,235146,"[0.832, 0.97, 0.789, 0.899, 0.814, 0.959, 0.719, 0.962, 0.973, 0.959]","[0.8347996089931574, 0.9665314401622718, 0.7968605724838412, 0.9038854805725971, 0.8442871587462083, 0.965270684371808, 0.7520746887966805, 0.9476236663433559, 0.9838383838383838, 0.95496417604913]",batch,both
FashionMNIST,small,43,10,all,all,random,baseline,3,0.1,3,0.8959,0.888,0.29292841860055924,0.31104432135820387,209417,0.10941712808212767,209060,0.10944315703380592,0.0,0.0,0,0,0,0.3438329308992252,0.888,0.3110443240046501,0.3338863729732111,234752,235146,"[0.829, 0.972, 0.816, 0.916, 0.806, 0.957, 0.694, 0.965, 0.972, 0.953]","[0.83088954056696, 0.9685598377281948, 0.8070175438596491, 0.9222903885480572, 0.8382204246713852, 0.9622063329928499, 0.7427385892116183, 0.9592628516003879, 0.9818181818181818, 0.9518935516888434]",batch,both
FashionMNIST,small,43,10,all,all,random,baseline,3,0.1,5,0.8981,0.8911,0.2912959201812744,0.3086331426739693,209417,0.10941712808212767,209060,0.10944315703380592,0.0,0.0,0,0,0,0.3308734110323712,0.8911,0.30863314343690873,0.3289466379210353,234752,235146,"[0.851, 0.973, 0.795, 0.906, 0.83, 0.964, 0.709, 0.964, 0.971, 0.948]","[0.8582600195503421, 0.9705882352941176, 0.8060941828254847, 0.9069529652351738, 0.8503538928210314, 0.9683350357507661, 0.733402489626556, 0.9612027158098934, 0.9828282828282828, 0.9477993858751279]",batch,both
FashionMNIST,small,43,10,all,all,random,baseline,3,0.2,0,0.8749,0.8697,0.3644563264608383,0.3769592721939087,183183,0.2209818580796612,182865,0.22102900081788446,0.0,0.0,0,0,0,0.32848477200604975,0.8697,0.3769592791080475,0.3226077470462769,234752,235146,"[0.807, 0.971, 0.847, 0.789, 0.757, 0.934, 0.69, 0.973, 0.974, 0.955]","[0.8172043010752689, 0.9716024340770791, 0.850415512465374, 0.7893660531697342, 0.7775530839231547, 0.9387129724208376, 0.716804979253112, 0.9582929194956353, 0.9747474747474747, 0.9518935516888434]",batch,both
FashionMNIST,small,43,10,all,all,random,baseline,3,0.2,1,0.8923,0.8851,0.2954833979129791,0.31382366535663603,183183,0.2209818580796612,182865,0.22102900081788446,0.0,0.0,0,0,0,0.32300093793310225,0.8851,0.3138236729621887,0.3279293800005689,234752,235146,"[0.849, 0.969, 0.815, 0.904, 0.821, 0.95, 0.65, 0.961, 0.974, 0.958]","[0.855327468230694, 0.9665314401622718, 0.8236380424746076, 0.9038854805725971, 0.846309403437816, 0.9591419816138917, 0.6763485477178424, 0.9466537342386033, 0.9858585858585859, 0.9611054247697032]",batch,both
FashionMNIST,small,43,10,all,all,random,baseline,3,0.2,3,0.8948,0.887,0.29306207550764085,0.31063543808460237,183183,0.2209818580796612,182865,0.22102900081788446,0.0,0.0,0,0,0,0.32351915596518666,0.887,0.31063544224500655,0.3454716489650309,234752,235146,"[0.839, 0.971, 0.796, 0.904, 0.825, 0.962, 0.692, 0.96, 0.973, 0.948]","[0.8396871945259042, 0.9705882352941176, 0.804247460757156, 0.9079754601226994, 0.8473205257836198, 0.9713993871297242, 0.7271784232365145, 0.953443258971872, 0.9858585858585859, 0.9457523029682702]",batch,both
FashionMNIST,small,43,10,all,all,random,baseline,3,0.2,5,0.8965,0.8867,0.2914603038787842,0.31092606192827227,183183,0.2209818580796612,182865,0.22102900081788446,0.0,0.0,0,0,0,0.32606415601912886,0.8867,0.31092605946063995,0.34058532398194075,234752,235146,"[0.837, 0.971, 0.783, 0.917, 0.821, 0.955, 0.695, 0.963, 0.968, 0.957]","[0.8484848484848485, 0.9695740365111561, 0.7996306555863343, 0.9161554192229039, 0.8503538928210314, 0.9622063329928499, 0.7313278008298755, 0.9524733268671193, 0.9828282828282828, 0.9580348004094166]",batch,both
FashionMNIST,small,43,10,all,all,random,baseline,3,0.3,0,0.8572,0.8541,0.4444866874217987,0.45691189699172974,158500,0.32595068595680976,158220,0.3260121319520175,0.0,0.0,0,0,0,0.33312139089684933,0.8541,0.4569118950366974,0.3289839669596404,234752,235146,"[0.769, 0.969, 0.885, 0.717, 0.704, 0.916, 0.692, 0.986, 0.968, 0.935]","[0.7732160312805474, 0.9726166328600405, 0.8781163434903048, 0.7177914110429447, 0.7269969666329625, 0.9203268641470889, 0.6898340248962656, 0.9757516973811833, 0.9757575757575757, 0.9334698055271239]",batch,both
FashionMNIST,small,43,10,all,all,random,baseline,3,0.3,1,0.8918,0.8842,0.3000492316246033,0.3173536329269409,158500,0.32595068595680976,158220,0.3260121319520175,0.0,0.0,0,0,0,0.3475636850344017,0.8842,0.3173536297082901,0.3491931169992313,234752,235146,"[0.873, 0.969, 0.816, 0.904, 0.808, 0.954, 0.634, 0.951, 0.968, 0.965]","[0.8836754643206256, 0.9665314401622718, 0.8236380424746076, 0.9028629856850716, 0.8311425682507584, 0.9601634320735445, 0.6576763485477178, 0.9369544131910766, 0.9818181818181818, 0.9744114636642784]",batch,both
FashionMNIST,small,43,10,all,all,random,baseline,3,0.3,3,0.891,0.887,0.2956886070728302,0.3136178362131119,158500,0.32595068595680976,158220,0.3260121319520175,0.0,0.0,0,0,0,0.37905941798817366,0.887,0.3136178442955017,0.3486197020392865,234752,235146,"[0.855, 0.969, 0.795, 0.908, 0.811, 0.955, 0.689, 0.964, 0.974, 0.95]","[0.855327468230694, 0.9665314401622718, 0.7977839335180056, 0.9079754601226994, 0.8301314459049545, 0.9591419816138917, 0.7105809128630706, 0.953443258971872, 0.9828282828282828, 0.9508700102354145]",batch,both
FashionMNIST,small,43,10,all,all,random,baseline,3,0.3,5,0.8943,0.8862,0.29306140496730804,0.31107319833040237,158500,0.32595068595680976,158220,0.3260121319520175,0.0,0.0,0,0,0,0.3271400519879535,0.8862,0.31107319799661637,0.3256147149950266,234752,235146,"[0.849, 0.971, 0.782, 0.901, 0.819, 0.961, 0.7, 0.95, 0.971, 0.958]","[0.8533724340175953, 0.9675456389452333, 0.7996306555863343, 0.9028629856850716, 0.8483316481294236, 0.9713993871297242, 0.7219917012448133, 0.9408341416100873, 0.9818181818181818, 0.9611054247697032]",batch,both
FashionMNIST,small,43,10,all,all,random,baseline,3,0.4,0,0.8433,0.8363,0.5251437458992004,0.5396445845603943,133605,0.43182108137072284,133364,0.4318940839694656,0.0,0.0,0,0,0,0.35514491400681436,0.8363,0.5396445861339569,0.3269000679720193,234752,235146,"[0.732, 0.972, 0.899, 0.671, 0.684, 0.873, 0.659, 0.99, 0.968, 0.915]","[0.7468230694037146, 0.9726166328600405, 0.8845798707294552, 0.6789366053169734, 0.7007077856420627, 0.8947906026557712, 0.6701244813278008, 0.9825412221144519, 0.9767676767676767, 0.9140225179119754]",batch,both
FashionMNIST,small,43,10,all,all,random,baseline,3,0.4,1,0.8899,0.8797,0.30950033527612686,0.3258638111114502,133605,0.43182108137072284,133364,0.4318940839694656,0.0,0.0,0,0,0,0.3373092580586672,0.8797,0.3258638109207153,0.3289467330323532,234752,235146,"[0.835, 0.967, 0.796, 0.901, 0.794, 0.948, 0.678, 0.952, 0.971, 0.955]","[0.8504398826979472, 0.9655172413793104, 0.8051708217913204, 0.9212678936605317, 0.8250758341759353, 0.9530132788559755, 0.6991701244813278, 0.9379243452958292, 0.9787878787878788, 0.9672466734902764]",batch,both
FashionMNIST,small,43,10,all,all,random,baseline,3,0.4,3,0.8914,0.8833,0.30134930391311643,0.31966022589206694,133605,0.43182108137072284,133364,0.4318940839694656,0.0,0.0,0,0,0,0.3224485309328884,0.8833,0.31966022067070005,0.3404388189082965,234752,235146,"[0.85, 0.969, 0.788, 0.892, 0.831, 0.951, 0.664, 0.96, 0.974, 0.954]","[0.8651026392961877, 0.9665314401622718, 0.801477377654663, 0.8967280163599182, 0.8564206268958544, 0.958120531154239, 0.6877593360995851, 0.9485935984481086, 0.9797979797979798, 0.9570112589559877]",batch,both
FashionMNIST,small,43,10,all,all,random,baseline,3,0.4,5,0.8941,0.8853,0.29657884349823,0.315716173350811,133605,0.43182108137072284,133364,0.4318940839694656,0.0,0.0,0,0,0,0.32439157005865127,0.8853,0.31571617119312284,0.3355174090247601,234752,235146,"[0.856, 0.968, 0.79, 0.901, 0.842, 0.956, 0.658, 0.958, 0.97, 0.954]","[0.8641251221896383, 0.9675456389452333, 0.8033240997229917, 0.9049079754601227, 0.8695652173913043, 0.9622063329928499, 0.6836099585062241, 0.9485935984481086, 0.9808080808080808, 0.9600818833162743]",batch,both
FashionMNIST,small,43,10,all,all,random,baseline,3,0.5,0,0.8295,0.8238,0.700105452632904,0.7117550856590271,109386,0.5348166670919343,109184,0.534896401308615,0.0,0.0,0,0,0,0.3266674489714205,0.8238,0.71175509557724,0.3401722559938207,234752,235146,"[0.807, 0.967, 0.909, 0.697, 0.598, 0.826, 0.551, 0.986, 0.97, 0.927]","[0.8103616813294232, 0.9695740365111561, 0.8984302862419206, 0.7014314928425358, 0.6036400404448938, 0.8365679264555669, 0.5653526970954357, 0.976721629485936, 0.9838383838383838, 0.9303991811668373]",batch,both
FashionMNIST,small,43,10,all,all,random,baseline,3,0.5,1,0.8822,0.8761,0.3272274676799774,0.3416755533695221,109386,0.5348166670919343,109184,0.534896401308615,0.0,0.0,0,0,0,0.34274415497202426,0.8761,0.34167554948329926,0.32875232596416026,234752,235146,"[0.848, 0.966, 0.792, 0.891, 0.807, 0.952, 0.64, 0.941, 0.968, 0.956]","[0.8592375366568915, 0.9655172413793104, 0.7959372114496768, 0.901840490797546, 0.8240647118301314, 0.9540347293156282, 0.6493775933609959, 0.9408341416100873, 0.9747474747474747, 0.9590583418628454]",batch,both
FashionMNIST,small,43,10,all,all,random,baseline,3,0.5,3,0.8878,0.8798,0.31090236892700196,0.32794362833499907,109386,0.5348166670919343,109184,0.534896401308615,0.0,0.0,0,0,0,0.33512705098837614,0.8798,0.32794362721443177,0.3236681710695848,234752,235146,"[0.84, 0.968, 0.778, 0.895, 0.822, 0.946, 0.674, 0.95, 0.972, 0.953]","[0.8475073313782991, 0.9655172413793104, 0.7903970452446907, 0.9059304703476483, 0.8442871587462083, 0.9519918283963228, 0.696058091286307, 0.9437439379243453, 0.9808080808080808, 0.9570112589559877]",batch,both
FashionMNIST,small,43,10,all,all,random,baseline,3,0.5,5,0.8909,0.8831,0.3060298111438751,0.3248733745455742,109386,0.5348166670919343,109184,0.534896401308615,0.0,0.0,0,0,0,0.3277812950545922,0.8831,0.32487337982654574,0.3294561440125108,234752,235146,"[0.845, 0.971, 0.774, 0.902, 0.841, 0.964, 0.663, 0.953, 0.975, 0.943]","[0.8543499511241447, 0.9655172413793104, 0.7903970452446907, 0.9059304703476483, 0.8645096056622852, 0.9703779366700716, 0.6825726141078838, 0.950533462657614, 0.9848484848484849, 0.9447287615148413]",batch,both
FashionMNIST,small,43,10,all,all,random,baseline,3,0.7,0,0.6406,0.6427,1.3953024715423583,1.399932839202881,63887,0.728309220654402,63761,0.7283899604689203,0.0,0.0,0,0,0,0.3374878689646721,0.6427,1.3999328435897826,0.3387065220158547,234752,235146,"[0.689, 0.024, 0.6, 0.505, 0.484, 0.741, 0.587, 0.958, 0.97, 0.869]","[0.6813294232649071, 0.017241379310344827, 0.5872576177285319, 0.5020449897750511, 0.4661274014155713, 0.7303370786516854, 0.6213692946058091, 0.9495635305528612, 0.9818181818181818, 0.8587512794268168]",batch,both
FashionMNIST,small,43,10,all,all,random,baseline,3,0.7,1,0.8613,0.8524,0.41850141739845276,0.4333679918050766,63887,0.728309220654402,63761,0.7283899604689203,0.0,0.0,0,0,0,0.31706040108110756,0.8524,0.43336799528598785,0.33186584897339344,234752,235146,"[0.804, 0.946, 0.742, 0.878, 0.819, 0.919, 0.579, 0.932, 0.962, 0.943]","[0.8426197458455523, 0.9432048681541582, 0.7543859649122807, 0.8905930470347648, 0.8311425682507584, 0.9141981613891726, 0.6006224066390041, 0.9291949563530553, 0.9636363636363636, 0.946775844421699]",batch,both
FashionMNIST,small,43,10,all,all,random,baseline,3,0.7,3,0.8748,0.8656,0.35966905436515806,0.374721173787117,63887,0.728309220654402,63761,0.7283899604689203,0.0,0.0,0,0,0,0.32743954902980477,0.8656,0.3747211776018143,0.32237064104992896,234752,235146,"[0.821, 0.954, 0.797, 0.887, 0.791, 0.932, 0.619, 0.937, 0.969, 0.949]","[0.8426197458455523, 0.9594320486815415, 0.8070175438596491, 0.8987730061349694, 0.8119312436804853, 0.9264555669050051, 0.6452282157676349, 0.9321047526673133, 0.9717171717171718, 0.9539406345957011]",batch,both
FashionMNIST,small,43,10,all,all,random,baseline,3,0.7,5,0.8791,0.8706,0.3437241485595703,0.3585960074424744,63887,0.728309220654402,63761,0.7283899604689203,0.0,0.0,0,0,0,0.3377446789527312,0.8706,0.3585960064649582,0.3324517619330436,234752,235146,"[0.832, 0.963, 0.793, 0.902, 0.803, 0.939, 0.613, 0.945, 0.971, 0.945]","[0.8533724340175953, 0.962474645030426, 0.7922437673130194, 0.9059304703476483, 0.8250758341759353, 0.940755873340143, 0.6379668049792531, 0.9456838021338506, 0.9757575757575757, 0.9539406345957011]",batch,both
FashionMNIST,small,43,10,a1,layerwise,random,baseline,3,0.05,0,0.8905,0.8815,0.3077903364419937,0.3265518934249878,224190,0.04659232987165418,223808,0.04661941112322787,0.0,0.0,0,0,0,0.32279505010228604,0.8815,0.32655189151763914,0.33140000398270786,234752,235146,"[0.846, 0.969, 0.84, 0.859, 0.803, 0.945, 0.663, 0.968, 0.966, 0.956]","[0.8582600195503421, 0.9695740365111561, 0.8430286241920592, 0.8609406952965235, 0.8270980788675429, 0.9519918283963228, 0.700207468879668, 0.9573229873908826, 0.9777777777777777, 0.9580348004094166]",batch,both
FashionMNIST,small,43,10,a1,layerwise,random,baseline,3,0.05,1,0.8945,0.8913,0.29031982864141465,0.30955791183710096,224190,0.04659232987165418,223808,0.04661941112322787,0.0,0.0,0,0,0,0.3201717019546777,0.8913,0.3095579181313515,0.32743338705040514,234752,235146,"[0.846, 0.971, 0.8, 0.902, 0.83, 0.957, 0.713, 0.959, 0.97, 0.965]","[0.852394916911046, 0.9695740365111561, 0.7903970452446907, 0.8987730061349694, 0.8483316481294236, 0.9632277834525026, 0.7365145228215768, 0.9466537342386033, 0.9808080808080808, 0.9651995905834186]",batch,both
FashionMNIST,small,43,10,a1,layerwise,random,baseline,3,0.05,3,0.8968,0.8944,0.2888194284915924,0.31004133971333503,224190,0.04659232987165418,223808,0.04661941112322787,0.0,0.0,0,0,0,0.3121875210199505,0.8944,0.3100413379967213,0.3383584979455918,234752,235146,"[0.858, 0.97, 0.829, 0.899, 0.835, 0.96, 0.696, 0.968, 0.972, 0.957]","[0.8602150537634409, 0.9695740365111561, 0.8199445983379502, 0.9028629856850716, 0.8432760364004045, 0.9622063329928499, 0.7188796680497925, 0.95635305528613, 0.9828282828282828, 0.95496417604913]",batch,both
FashionMNIST,small,43,10,a1,layerwise,random,baseline,3,0.05,5,0.896,0.8921,0.29408746330738067,0.31091294234991074,224190,0.04659232987165418,223808,0.04661941112322787,0.0,0.0,0,0,0,0.3357619680464268,0.8921,0.3109129436969757,0.3226023279130459,234752,235146,"[0.844, 0.974, 0.787, 0.897, 0.836, 0.961, 0.721, 0.967, 0.973, 0.961]","[0.855327468230694, 0.9716024340770791, 0.788550323176362, 0.8987730061349694, 0.8452982810920121, 0.9622063329928499, 0.7520746887966805, 0.9524733268671193, 0.9828282828282828, 0.9580348004094166]",batch,both
FashionMNIST,small,43,10,a1,layerwise,random,baseline,3,0.1,0,0.8873,0.8803,0.3153946943998337,0.3335263133525848,212321,0.09706735389927956,211952,0.09712377317339149,0.0,0.0,0,0,0,0.32095910201314837,0.8803,0.33352631442546843,0.3388989910017699,234752,235146,"[0.849, 0.972, 0.855, 0.859, 0.781, 0.938, 0.658, 0.967, 0.967, 0.957]","[0.8592375366568915, 0.9685598377281948, 0.8559556786703602, 0.852760736196319, 0.8028311425682507, 0.9397344228804902, 0.6970954356846473, 0.95635305528613, 0.9767676767676767, 0.9611054247697032]",batch,both
FashionMNIST,small,43,10,a1,layerwise,random,baseline,3,0.1,1,0.8952,0.8879,0.2937274514198303,0.31018537553548814,212321,0.09706735389927956,211952,0.09712377317339149,0.0,0.0,0,0,0,0.31775816599838436,0.8879,0.31018537724018097,0.3277583100134507,234752,235146,"[0.852, 0.971, 0.775, 0.908, 0.822, 0.96, 0.702, 0.964, 0.973, 0.952]","[0.8611925708699902, 0.9685598377281948, 0.7839335180055401, 0.9059304703476483, 0.8554095045500506, 0.9611848825331971, 0.7302904564315352, 0.9524733268671193, 0.9828282828282828, 0.9570112589559877]",batch,both
FashionMNIST,small,43,10,a1,layerwise,random,baseline,3,0.1,3,0.8978,0.8895,0.2919474212288857,0.3113826640248299,212321,0.09706735389927956,211952,0.09712377317339149,0.0,0.0,0,0,0,0.3257236130302772,0.8895,0.31138266382217406,0.3528387959813699,234752,235146,"[0.861, 0.972, 0.809, 0.907, 0.832, 0.958, 0.664, 0.958, 0.974, 0.96]","[0.8748778103616813, 0.9685598377281948, 0.8060941828254847, 0.9059304703476483, 0.8533872598584429, 0.9673135852911133, 0.7136929460580913, 0.9485935984481086, 0.9848484848484849, 0.9590583418628454]",batch,both
FashionMNIST,small,43,10,a1,layerwise,random,baseline,3,0.1,5,0.8971,0.8912,0.2940055371761322,0.3119283584833145,212321,0.09706735389927956,211952,0.09712377317339149,0.0,0.0,0,0,0,0.3211284370627254,0.8912,0.31192835696935656,0.3519390440778807,234752,235146,"[0.859, 0.969, 0.808, 0.914, 0.816, 0.96, 0.699, 0.955, 0.97, 0.962]","[0.8680351906158358, 0.9665314401622718, 0.8051708217913204, 0.918200408997955, 0.840242669362993, 0.9662921348314607, 0.720954356846473, 0.9427740058195926, 0.9828282828282828, 0.9651995905834186]",batch,both
FashionMNIST,small,43,10,a1,layerwise,random,baseline,3,0.2,0,0.8815,0.877,0.3315345547676086,0.3464751527070999,188583,0.19801740195453033,188240,0.19813249727371862,0.0,0.0,0,0,0,0.33807765098754317,0.877,0.3464751598119736,0.3312784639419988,234752,235146,"[0.857, 0.969, 0.83, 0.839, 0.768, 0.938, 0.669, 0.968, 0.974, 0.958]","[0.8660801564027371, 0.9705882352941176, 0.8421052631578947, 0.8302658486707567, 0.7937310414560161, 0.9387129724208376, 0.6815352697095436, 0.9515033947623667, 0.9767676767676767, 0.9611054247697032]",batch,both
FashionMNIST,small,43,10,a1,layerwise,random,baseline,3,0.2,1,0.8915,0.8861,0.2954115910053253,0.3152513983130455,188583,0.19801740195453033,188240,0.19813249727371862,0.0,0.0,0,0,0,0.3150802180171013,0.8861,0.31525139969587324,0.3401979119516909,234752,235146,"[0.858, 0.97, 0.805, 0.911, 0.821, 0.956, 0.653, 0.951, 0.972, 0.964]","[0.8641251221896383, 0.9665314401622718, 0.8116343490304709, 0.9038854805725971, 0.8523761375126391, 0.965270684371808, 0.66701244813278, 0.9340446168768186, 0.9848484848484849, 0.9682702149437052]",batch,both
FashionMNIST,small,43,10,a1,layerwise,random,baseline,3,0.2,3,0.8953,0.8868,0.29526211968660354,0.3136951977968216,188583,0.19801740195453033,188240,0.19813249727371862,0.0,0.0,0,0,0,0.3473164950264618,0.8868,0.3136951991558075,0.3255751460092142,234752,235146,"[0.828, 0.972, 0.799, 0.916, 0.831, 0.959, 0.676, 0.962, 0.974, 0.951]","[0.8387096774193549, 0.9675456389452333, 0.8005540166204986, 0.9171779141104295, 0.8574317492416582, 0.9683350357507661, 0.7095435684647303, 0.9582929194956353, 0.9858585858585859, 0.95496417604913]",batch,both
FashionMNIST,small,43,10,a1,layerwise,random,baseline,3,0.2,5,0.8946,0.8887,0.29370882366895673,0.31231814534664154,188583,0.19801740195453033,188240,0.19813249727371862,0.0,0.0,0,0,0,0.324743197998032,0.8887,0.31231814061403274,0.33991894498467445,234752,235146,"[0.847, 0.97, 0.8, 0.911, 0.828, 0.964, 0.68, 0.952, 0.972, 0.963]","[0.8602150537634409, 0.9695740365111561, 0.7996306555863343, 0.8997955010224948, 0.8523761375126391, 0.9744637385086823, 0.7126556016597511, 0.9379243452958292, 0.9838383838383838, 0.9611054247697032]",batch,both
FashionMNIST,small,43,10,a1,layerwise,random,baseline,3,0.3,0,0.8745,0.8697,0.3622377545118332,0.37456468682289124,165758,0.29508475585381,165440,0.2952562704471101,0.0,0.0,0,0,0,0.3319230889901519,0.8697,0.3745646825790405,0.3234201070154086,234752,235146,"[0.842, 0.973, 0.836, 0.777, 0.774, 0.933, 0.667, 0.979, 0.972, 0.944]","[0.8602150537634409, 0.9746450304259635, 0.840258541089566, 0.7760736196319018, 0.7937310414560161, 0.9315628192032687, 0.6825726141078838, 0.965082444228904, 0.9757575757575757, 0.9406345957011258]",batch,both
FashionMNIST,small,43,10,a1,layerwise,random,baseline,3,0.3,1,0.8899,0.8836,0.29995616245269774,0.31600322363376615,165758,0.29508475585381,165440,0.2952562704471101,0.0,0.0,0,0,0,0.32293477503117174,0.8836,0.3160032222509384,0.3365998750086874,234752,235146,"[0.845, 0.968, 0.765, 0.9, 0.838, 0.955, 0.679, 0.956, 0.973, 0.957]","[0.8611925708699902, 0.9655172413793104, 0.7719298245614035, 0.8987730061349694, 0.8584428715874621, 0.9591419816138917, 0.6970954356846473, 0.9466537342386033, 0.9858585858585859, 0.9611054247697032]",batch,both
FashionMNIST,small,43,10,a1,layerwise,random,baseline,3,0.3,3,0.8941,0.885,0.29707201110124587,0.31493144729137423,165758,0.29508475585381,165440,0.2952562704471101,0.0,0.0,0,0,0,0.3559529040940106,0.885,0.31493144805431367,0.3506534959888086,234752,235146,"[0.862, 0.97, 0.767, 0.892, 0.82, 0.955, 0.698, 0.962, 0.971, 0.953]","[0.8729227761485826, 0.9695740365111561, 0.7867036011080333, 0.8916155419222904, 0.8483316481294236, 0.9591419816138917, 0.7199170124481328, 0.9544131910766246, 0.9828282828282828, 0.9611054247697032]",batch,both
FashionMNIST,small,43,10,a1,layerwise,random,baseline,3,0.3,5,0.8926,0.8881,0.29504049708843233,0.31482003539800646,165758,0.29508475585381,165440,0.2952562704471101,0.0,0.0,0,0,0,0.3262048220494762,0.8881,0.3148200415492058,0.3354707950493321,234752,235146,"[0.853, 0.97, 0.798, 0.896, 0.821, 0.955, 0.698, 0.962, 0.972, 0.956]","[0.8494623655913979, 0.9685598377281948, 0.7968605724838412, 0.8997955010224948, 0.8422649140546006, 0.9601634320735445, 0.7199170124481328, 0.9515033947623667, 0.9828282828282828, 0.9600818833162743]",batch,both
FashionMNIST,small,43,10,a1,layerwise,random,baseline,3,0.4,0,0.8684,0.8626,0.39066021666526796,0.4060072349309921,142020,0.39603480390906076,141728,0.39626499454743724,0.0,0.0,0,0,0,0.31009551393799484,0.8626,0.40600723247528075,0.3206642719451338,234752,235146,"[0.861, 0.975, 0.852, 0.751, 0.777, 0.929, 0.595, 0.978, 0.968, 0.94]","[0.8572825024437928, 0.973630831643002, 0.8559556786703602, 0.7515337423312883, 0.7947421638018201, 0.9295199182839632, 0.6317427385892116, 0.9670223084384093, 0.9767676767676767, 0.9375639713408394]",batch,both
FashionMNIST,small,43,10,a1,layerwise,random,baseline,3,0.4,1,0.892,0.8836,0.3011962372779846,0.3215468346953392,142020,0.39603480390906076,141728,0.39626499454743724,0.0,0.0,0,0,0,0.3246866089757532,0.8836,0.3215468311429024,0.32792393199633807,234752,235146,"[0.862, 0.968, 0.789, 0.907, 0.816, 0.958, 0.655, 0.957, 0.971, 0.953]","[0.8709677419354839, 0.9655172413793104, 0.7950138504155124, 0.908997955010225, 0.8503538928210314, 0.9642492339121552, 0.6804979253112033, 0.9495635305528612, 0.9797979797979798, 0.9590583418628454]",batch,both
FashionMNIST,small,43,10,a1,layerwise,random,baseline,3,0.4,3,0.8927,0.8856,0.29779555106163025,0.3185447667598724,142020,0.39603480390906076,141728,0.39626499454743724,0.0,0.0,0,0,0,0.33684630994684994,0.8856,0.3185447650432587,0.36588577495422214,234752,235146,"[0.849, 0.968, 0.783, 0.889, 0.834, 0.958, 0.686, 0.962, 0.97, 0.957]","[0.852394916911046, 0.9675456389452333, 0.7968605724838412, 0.9008179959100204, 0.8533872598584429, 0.9611848825331971, 0.7116182572614108, 0.9485935984481086, 0.9828282828282828, 0.9570112589559877]",batch,both
FashionMNIST,small,43,10,a1,layerwise,random,baseline,3,0.4,5,0.8942,0.8881,0.29606630235910414,0.3168314122080803,142020,0.39603480390906076,141728,0.39626499454743724,0.0,0.0,0,0,0,0.34229166398290545,0.8881,0.31683141108751295,0.33443696494214237,234752,235146,"[0.866, 0.97, 0.791, 0.896, 0.829, 0.959, 0.683, 0.954, 0.972, 0.961]","[0.8709677419354839, 0.9675456389452333, 0.7977839335180056, 0.9028629856850716, 0.8543983822042467, 0.965270684371808, 0.6991701244813278, 0.9398642095053347, 0.9828282828282828, 0.9662231320368475]",batch,both
FashionMNIST,small,43,10,a1,layerwise,random,baseline,3,0.5,0,0.8631,0.8579,0.43553740048408507,0.4508457577228546,118282,0.4969848519643115,118016,0.4972737186477645,0.0,0.0,0,0,0,0.3235626940149814,0.8579,0.45084576544761656,0.330160126904957,234752,235146,"[0.807, 0.975, 0.878, 0.818, 0.711, 0.898, 0.613, 0.976, 0.964, 0.939]","[0.8211143695014663, 0.9756592292089249, 0.8818097876269622, 0.8179959100204499, 0.717896865520728, 0.8907048008171604, 0.6410788381742739, 0.965082444228904, 0.9747474747474747, 0.9355168884339816]",batch,both
FashionMNIST,small,43,10,a1,layerwise,random,baseline,3,0.5,1,0.8881,0.8801,0.30581885340213777,0.32684536175727846,118282,0.4969848519643115,118016,0.4972737186477645,0.0,0.0,0,0,0,0.3409384930273518,0.8801,0.32684535953998567,0.31855276704300195,234752,235146,"[0.84, 0.967, 0.806, 0.894, 0.806, 0.954, 0.659, 0.945, 0.974, 0.956]","[0.8494623655913979, 0.9645030425963489, 0.8116343490304709, 0.9028629856850716, 0.8270980788675429, 0.9570990806945863, 0.6877593360995851, 0.944713870029098, 0.9797979797979798, 0.9590583418628454]",batch,both
FashionMNIST,small,43,10,a1,layerwise,random,baseline,3,0.5,3,0.8909,0.8837,0.3009298027873039,0.32202808129787447,118282,0.4969848519643115,118016,0.4972737186477645,0.0,0.0,0,0,0,0.32937114499509335,0.8837,0.3220280837774277,0.34393082396127284,234752,235146,"[0.849, 0.968, 0.774, 0.905, 0.832, 0.964, 0.669, 0.945, 0.969, 0.962]","[0.8543499511241447, 0.9655172413793104, 0.7903970452446907, 0.911042944785276, 0.8533872598584429, 0.965270684371808, 0.6970954356846473, 0.9311348205625606, 0.9808080808080808, 0.9662231320368475]",batch,both
FashionMNIST,small,43,10,a1,layerwise,random,baseline,3,0.5,5,0.892,0.8842,0.2989216971278191,0.3218576084971428,118282,0.4969848519643115,118016,0.4972737186477645,0.0,0.0,0,0,0,0.3327755139907822,0.8842,0.3218576073050499,0.31905229098629206,234752,235146,"[0.862, 0.97, 0.788, 0.901, 0.807, 0.961, 0.674, 0.956, 0.973, 0.95]","[0.8611925708699902, 0.9665314401622718, 0.801477377654663, 0.9079754601226994, 0.8311425682507584, 0.9601634320735445, 0.7053941908713693, 0.9544131910766246, 0.9828282828282828, 0.9529170931422722]",batch,both
FashionMNIST,small,43,10,a1,layerwise,random,baseline,3,0.7,0,0.8257,0.819,0.6362106661796569,0.6445636469364167,71719,0.6950022539188419,71504,0.6954062159214831,0.0,0.0,0,0,0,0.335758846020326,0.819,0.6445636454105377,0.33866017404943705,234752,235146,"[0.772, 0.936, 0.8, 0.664, 0.74, 0.835, 0.6, 0.93, 0.96, 0.953]","[0.7976539589442815, 0.9462474645030426, 0.8024007386888273, 0.6687116564417178, 0.7451971688574317, 0.8253319713993871, 0.6192946058091287, 0.9262851600387972, 0.9666666666666667, 0.9529170931422722]",batch,both
FashionMNIST,small,43,10,a1,layerwise,random,baseline,3,0.7,1,0.8791,0.8718,0.3335313542127609,0.35168399643898013,71719,0.6950022539188419,71504,0.6954062159214831,0.0,0.0,0,0,0,0.33788974105846137,0.8718,0.35168400120735166,0.3293880739947781,234752,235146,"[0.819, 0.959, 0.773, 0.896, 0.819, 0.942, 0.641, 0.947, 0.968, 0.954]","[0.8299120234604106, 0.9634888438133874, 0.7830101569713758, 0.9079754601226994, 0.840242669362993, 0.9346271705822268, 0.6545643153526971, 0.938894277400582, 0.9777777777777777, 0.9651995905834186]",batch,both
FashionMNIST,small,43,10,a1,layerwise,random,baseline,3,0.7,3,0.8843,0.8757,0.31870913434028625,0.3379772702097893,71719,0.6950022539188419,71504,0.6954062159214831,0.0,0.0,0,0,0,0.3399728770600632,0.8757,0.3379772703886032,0.32985723903402686,234752,235146,"[0.843, 0.962, 0.799, 0.881, 0.805, 0.95, 0.648, 0.952, 0.97, 0.947]","[0.8484848484848485, 0.9665314401622718, 0.8033240997229917, 0.8875255623721882, 0.8412537917087968, 0.947906026557712, 0.6690871369294605, 0.944713870029098, 0.9818181818181818, 0.95496417604913]",batch,both
FashionMNIST,small,43,10,a1,layerwise,random,baseline,3,0.7,5,0.887,0.879,0.3141085823059082,0.3338726955294609,71719,0.6950022539188419,71504,0.6954062159214831,0.0,0.0,0,0,0,0.32268721400760114,0.879,0.33387269109487533,0.35550274897832423,234752,235146,"[0.82, 0.964, 0.758, 0.891, 0.824, 0.951, 0.699, 0.952, 0.973, 0.958]","[0.8260019550342131, 0.9665314401622718, 0.7830101569713758, 0.8946830265848671, 0.846309403437816, 0.947906026557712, 0.7313278008298755, 0.9437439379243453, 0.9797979797979798, 0.9580348004094166]",batch,both
FashionMNIST,small,43,10,a2,layerwise,random,baseline,3,0.05,0,0.8915,0.8837,0.310360235786438,0.32953297922611235,233544,0.006812788650455426,233156,0.006798664122137366,0.0,0.0,0,0,0,0.3221870689885691,0.8837,0.32953298211097715,0.33734873100183904,234752,235146,"[0.833, 0.972, 0.846, 0.865, 0.799, 0.947, 0.687, 0.971, 0.965, 0.952]","[0.8504398826979472, 0.9705882352941176, 0.8485687903970452, 0.8660531697341514, 0.8260869565217391, 0.9519918283963228, 0.7064315352697096, 0.9612027158098934, 0.9787878787878788, 0.9539406345957011]",batch,both
FashionMNIST,small,43,10,a2,layerwise,random,baseline,3,0.05,1,0.8946,0.8914,0.2927646961569786,0.3104122678637505,233544,0.006812788650455426,233156,0.006798664122137366,0.0,0.0,0,0,0,0.3475783889880404,0.8914,0.3104122708797455,0.3739478620700538,234752,235146,"[0.848, 0.972, 0.813, 0.911, 0.819, 0.963, 0.696, 0.953, 0.972, 0.967]","[0.8406647116324536, 0.9695740365111561, 0.8070175438596491, 0.9120654396728016, 0.8351870576339737, 0.9662921348314607, 0.7365145228215768, 0.933074684772066, 0.9848484848484849, 0.9672466734902764]",batch,both
FashionMNIST,small,43,10,a2,layerwise,random,baseline,3,0.05,3,0.8985,0.8935,0.29190800718069077,0.3125894738197327,233544,0.006812788650455426,233156,0.006798664122137366,0.0,0.0,0,0,0,0.3302758929785341,0.8935,0.31258947529792785,0.34404946910217404,234752,235146,"[0.839, 0.973, 0.824, 0.909, 0.825, 0.96, 0.711, 0.958, 0.97, 0.966]","[0.8377321603128055, 0.9695740365111561, 0.830101569713758, 0.911042944785276, 0.833164812942366, 0.9642492339121552, 0.745850622406639, 0.9466537342386033, 0.9828282828282828, 0.9682702149437052]",batch,both
FashionMNIST,small,43,10,a2,layerwise,random,baseline,3,0.05,5,0.898,0.8945,0.29115409306287765,0.3102204883635044,233544,0.006812788650455426,233156,0.006798664122137366,0.0,0.0,0,0,0,0.322048717061989,0.8945,0.3102204872906208,0.3301530700409785,234752,235146,"[0.857, 0.973, 0.811, 0.903, 0.853, 0.961, 0.686, 0.966, 0.974, 0.961]","[0.8670576735092864, 0.9716024340770791, 0.8070175438596491, 0.9049079754601227, 0.8584428715874621, 0.9622063329928499, 0.7136929460580913, 0.9553831231813773, 0.9848484848484849, 0.9590583418628454]",batch,both
FashionMNIST,small,43,10,a2,layerwise,random,baseline,3,0.1,0,0.8915,0.8825,0.31094817781448364,0.3298151124715805,231942,0.013625577300910963,231560,0.013597328244274842,0.0,0.0,0,0,0,0.3334307100158185,0.8825,0.32981511021852494,0.31584307504817843,234752,235146,"[0.83, 0.972, 0.85, 0.862, 0.799, 0.944, 0.682, 0.968, 0.964, 0.954]","[0.8426197458455523, 0.9705882352941176, 0.853185595567867, 0.8629856850715747, 0.8321536905965622, 0.9489274770173647, 0.7095435684647303, 0.9602327837051406, 0.9787878787878788, 0.95496417604913]",batch,both
FashionMNIST,small,43,10,a2,layerwise,random,baseline,3,0.1,1,0.8945,0.8914,0.2898200579404831,0.307848276591301,231942,0.013625577300910963,231560,0.013597328244274842,0.0,0.0,0,0,0,0.3271167440107092,0.8914,0.3078482773780823,0.34030513803008944,234752,235146,"[0.845, 0.972, 0.806, 0.91, 0.837, 0.963, 0.688, 0.963, 0.97, 0.96]","[0.8533724340175953, 0.9695740365111561, 0.7987072945521699, 0.9130879345603272, 0.8442871587462083, 0.9642492339121552, 0.7126556016597511, 0.950533462657614, 0.9848484848484849, 0.9590583418628454]",batch,both
FashionMNIST,small,43,10,a2,layerwise,random,baseline,3,0.1,3,0.8956,0.8928,0.2934348285794258,0.31132586731910705,231942,0.013625577300910963,231560,0.013597328244274842,0.0,0.0,0,0,0,0.33357274101581424,0.8928,0.31132587097883224,0.34689933503977954,234752,235146,"[0.846, 0.974, 0.81, 0.904, 0.835, 0.959, 0.71, 0.97, 0.971, 0.949]","[0.8563049853372434, 0.9705882352941176, 0.8060941828254847, 0.9038854805725971, 0.8452982810920121, 0.9591419816138917, 0.7302904564315352, 0.9641125121241513, 0.9828282828282828, 0.9416581371545547]",batch,both
FashionMNIST,small,43,10,a2,layerwise,random,baseline,3,0.1,5,0.8967,0.8927,0.29263223435878755,0.3133424006819725,231942,0.013625577300910963,231560,0.013597328244274842,0.0,0.0,0,0,0,0.321810465073213,0.8927,0.31334240525364876,0.3208256879588589,234752,235146,"[0.86, 0.974, 0.827, 0.908, 0.85, 0.963, 0.648, 0.96, 0.975, 0.962]","[0.8621700879765396, 0.9695740365111561, 0.8254847645429363, 0.9141104294478528, 0.8543983822042467, 0.9673135852911133, 0.6846473029045643, 0.9437439379243453, 0.9848484848484849, 0.9631525076765609]",batch,both
FashionMNIST,small,43,10,a2,layerwise,random,baseline,3,0.2,0,0.8887,0.8802,0.32200883643627165,0.33959705872535706,228471,0.028386619376897793,228102,0.028327767175572505,0.0,0.0,0,0,0,0.32252322195563465,0.8802,0.33959706361293795,0.3603065030183643,234752,235146,"[0.821, 0.971, 0.853, 0.842, 0.796, 0.949, 0.682, 0.972, 0.967, 0.949]","[0.8347996089931574, 0.9716024340770791, 0.8587257617728532, 0.8425357873210634, 0.8190091001011123, 0.9499489274770173, 0.7136929460580913, 0.9660523763336566, 0.9787878787878788, 0.9498464687819856]",batch,both
FashionMNIST,small,43,10,a2,layerwise,random,baseline,3,0.2,1,0.8975,0.8911,0.2905510203242302,0.3090798044800758,228471,0.028386619376897793,228102,0.028327767175572505,0.0,0.0,0,0,0,0.33571083401329815,0.8911,0.30907980502843857,0.3615094409324229,234752,235146,"[0.856, 0.973, 0.831, 0.909, 0.802, 0.96, 0.687, 0.964, 0.973, 0.956]","[0.8660801564027371, 0.9695740365111561, 0.8310249307479224, 0.9151329243353783, 0.8260869565217391, 0.9673135852911133, 0.7147302904564315, 0.9485935984481086, 0.9848484848484849, 0.9539406345957011]",batch,both
FashionMNIST,small,43,10,a2,layerwise,random,baseline,3,0.2,3,0.8974,0.8926,0.29180965564250944,0.31130981258153917,228471,0.028386619376897793,228102,0.028327767175572505,0.0,0.0,0,0,0,0.32303079403936863,0.8926,0.3113098136782646,0.33849242702126503,234752,235146,"[0.847, 0.974, 0.822, 0.915, 0.834, 0.958, 0.683, 0.955, 0.974, 0.964]","[0.8602150537634409, 0.9705882352941176, 0.8153277931671283, 0.9192229038854806, 0.8473205257836198, 0.9673135852911133, 0.7105809128630706, 0.9398642095053347, 0.9838383838383838, 0.9641760491299898]",batch,both
FashionMNIST,small,43,10,a2,layerwise,random,baseline,3,0.2,5,0.899,0.8935,0.2913119698643684,0.309924833714962,228471,0.028386619376897793,228102,0.028327767175572505,0.0,0.0,0,0,0,0.3350147809833288,0.8935,0.30992482866048815,0.340322548057884,234752,235146,"[0.848, 0.974, 0.821, 0.904, 0.844, 0.96, 0.687, 0.964, 0.974, 0.959]","[0.8563049853372434, 0.9705882352941176, 0.814404432132964, 0.9049079754601227, 0.8604651162790697, 0.9724208375893769, 0.7219917012448133, 0.9495635305528612, 0.9848484848484849, 0.9590583418628454]",batch,both
FashionMNIST,small,43,10,a2,layerwise,random,baseline,3,0.3,0,0.882,0.8773,0.34183338835239413,0.3592125146865845,225000,0.04314766145288462,224644,0.04305820610687028,0.0,0.0,0,0,0,0.32980357098858804,0.8773,0.3592125148296356,0.32857384090311825,234752,235146,"[0.804, 0.969, 0.883, 0.83, 0.771, 0.946, 0.68, 0.977, 0.969, 0.944]","[0.8113391984359726, 0.9685598377281948, 0.8808864265927978, 0.8251533742331288, 0.7947421638018201, 0.9468845760980592, 0.696058091286307, 0.9689621726479146, 0.9787878787878788, 0.9437052200614124]",batch,both
FashionMNIST,small,43,10,a2,layerwise,random,baseline,3,0.3,1,0.8947,0.8899,0.2923561341047287,0.30921249104738235,225000,0.04314766145288462,224644,0.04305820610687028,0.0,0.0,0,0,0,0.3212319699814543,0.8899,0.3092124932169914,0.3291344280587509,234752,235146,"[0.84, 0.972, 0.791, 0.91, 0.83, 0.959, 0.7, 0.97, 0.973, 0.954]","[0.8328445747800587, 0.9675456389452333, 0.804247460757156, 0.9028629856850716, 0.8533872598584429, 0.9611848825331971, 0.7427385892116183, 0.9582929194956353, 0.9828282828282828, 0.946775844421699]",batch,both
FashionMNIST,small,43,10,a2,layerwise,random,baseline,3,0.3,3,0.8974,0.8923,0.29039863400459287,0.3097544563114643,225000,0.04314766145288462,224644,0.04305820610687028,0.0,0.0,0,0,0,0.331962946918793,0.8923,0.30975446044206617,0.3186253170715645,234752,235146,"[0.851, 0.973, 0.821, 0.912, 0.843, 0.959, 0.67, 0.96, 0.973, 0.961]","[0.8660801564027371, 0.9695740365111561, 0.8227146814404432, 0.9151329243353783, 0.8442871587462083, 0.9632277834525026, 0.7022821576763485, 0.9495635305528612, 0.9848484848484849, 0.9590583418628454]",batch,both
FashionMNIST,small,43,10,a2,layerwise,random,baseline,3,0.3,5,0.8967,0.8915,0.29241920914649966,0.3126465519666672,225000,0.04314766145288462,224644,0.04305820610687028,0.0,0.0,0,0,0,0.32944737502839416,0.8915,0.3126465538740158,0.3288036739686504,234752,235146,"[0.82, 0.973, 0.796, 0.902, 0.828, 0.957, 0.739, 0.967, 0.973, 0.96]","[0.83088954056696, 0.9685598377281948, 0.7950138504155124, 0.9079754601226994, 0.8372093023255814, 0.9642492339121552, 0.7769709543568465, 0.953443258971872, 0.9838383838383838, 0.9570112589559877]",batch,both
FashionMNIST,small,43,10,a2,layerwise,random,baseline,3,0.4,0,0.8789,0.8715,0.36297696015834807,0.38002633299827576,221529,0.05790870352887145,221186,0.05778864503816794,0.0,0.0,0,0,0,0.31497260998003185,0.8715,0.3800263351202011,0.31990663800388575,234752,235146,"[0.757, 0.968, 0.878, 0.831, 0.768, 0.924, 0.695, 0.978, 0.971, 0.945]","[0.7741935483870968, 0.9685598377281948, 0.8753462603878116, 0.8261758691206544, 0.7987866531850354, 0.9305413687436159, 0.7126556016597511, 0.9776915615906887, 0.9787878787878788, 0.9426816786079836]",batch,both
FashionMNIST,small,43,10,a2,layerwise,random,baseline,3,0.4,1,0.8945,0.8887,0.29107420785427096,0.3089659593105316,221529,0.05790870352887145,221186,0.05778864503816794,0.0,0.0,0,0,0,0.31184943101834506,0.8887,0.30896595910787583,0.3172769679222256,234752,235146,"[0.844, 0.972, 0.805, 0.906, 0.834, 0.963, 0.675, 0.961, 0.971, 0.956]","[0.8563049853372434, 0.9685598377281948, 0.7996306555863343, 0.9151329243353783, 0.8574317492416582, 0.9601634320735445, 0.7022821576763485, 0.9495635305528612, 0.9828282828282828, 0.9580348004094166]",batch,both
FashionMNIST,small,43,10,a2,layerwise,random,baseline,3,0.4,3,0.8965,0.8927,0.28813680428266525,0.30636244411468505,221529,0.05790870352887145,221186,0.05778864503816794,0.0,0.0,0,0,0,0.336386754992418,0.8927,0.3063624462485313,0.3321589130209759,234752,235146,"[0.851, 0.973, 0.825, 0.914, 0.812, 0.96, 0.699, 0.965, 0.972, 0.956]","[0.852394916911046, 0.9675456389452333, 0.8227146814404432, 0.9151329243353783, 0.8250758341759353, 0.9662921348314607, 0.729253112033195, 0.9524733268671193, 0.9848484848484849, 0.9529170931422722]",batch,both
FashionMNIST,small,43,10,a2,layerwise,random,baseline,3,0.4,5,0.896,0.8914,0.28787298718690874,0.3062767083704472,221529,0.05790870352887145,221186,0.05778864503816794,0.0,0.0,0,0,0,0.3214073629351333,0.8914,0.30627670969367027,0.3312367150792852,234752,235146,"[0.856, 0.973, 0.788, 0.905, 0.85, 0.96, 0.686, 0.963, 0.974, 0.959]","[0.8621700879765396, 0.9695740365111561, 0.788550323176362, 0.9100204498977505, 0.8624873609706775, 0.9662921348314607, 0.7157676348547718, 0.9524733268671193, 0.9838383838383838, 0.95496417604913]",batch,both
FashionMNIST,small,43,10,a2,layerwise,random,baseline,3,0.5,0,0.876,0.8711,0.4123272620201111,0.4288457822561264,218058,0.07266974560485828,217728,0.0725190839694656,0.0,0.0,0,0,0,0.32391789101529866,0.8711,0.4288457803964615,0.33784687402658165,234752,235146,"[0.807, 0.965, 0.889, 0.8, 0.771, 0.927, 0.652, 0.973, 0.975, 0.952]","[0.820136852394917, 0.9655172413793104, 0.8845798707294552, 0.8016359918200409, 0.7906976744186046, 0.9315628192032687, 0.6639004149377593, 0.95635305528613, 0.9828282828282828, 0.9559877175025588]",batch,both
FashionMNIST,small,43,10,a2,layerwise,random,baseline,3,0.5,1,0.8936,0.8891,0.2918043954968452,0.30981073776483536,218058,0.07266974560485828,217728,0.0725190839694656,0.0,0.0,0,0,0,0.33695516095031053,0.8891,0.3098107400536537,0.3783865339355543,234752,235146,"[0.855, 0.971, 0.815, 0.901, 0.829, 0.956, 0.682, 0.953, 0.966, 0.963]","[0.8621700879765396, 0.9675456389452333, 0.8070175438596491, 0.9079754601226994, 0.840242669362993, 0.9540347293156282, 0.7126556016597511, 0.9437439379243453, 0.9797979797979798, 0.9651995905834186]",batch,both
FashionMNIST,small,43,10,a2,layerwise,random,baseline,3,0.5,3,0.8948,0.8907,0.2912738279104233,0.3059579951286316,218058,0.07266974560485828,217728,0.0725190839694656,0.0,0.0,0,0,0,0.3328080370556563,0.8907,0.3059579969406128,0.3608696790179238,234752,235146,"[0.844, 0.973, 0.79, 0.911, 0.834, 0.964, 0.701, 0.955, 0.973, 0.962]","[0.8484848484848485, 0.9685598377281948, 0.7802400738688827, 0.9161554192229039, 0.8452982810920121, 0.9662921348314607, 0.7354771784232366, 0.9466537342386033, 0.9858585858585859, 0.9631525076765609]",batch,both
FashionMNIST,small,43,10,a2,layerwise,random,baseline,3,0.5,5,0.8957,0.892,0.2907157016277313,0.3084076383471489,218058,0.07266974560485828,217728,0.0725190839694656,0.0,0.0,0,0,0,0.34050037898123264,0.892,0.3084076341509819,0.33603571099229157,234752,235146,"[0.852, 0.973, 0.803, 0.918, 0.839, 0.955, 0.685, 0.964, 0.973, 0.958]","[0.855327468230694, 0.9675456389452333, 0.8079409048938134, 0.9130879345603272, 0.8442871587462083, 0.9540347293156282, 0.7199170124481328, 0.9573229873908826, 0.9838383838383838, 0.9580348004094166]",batch,both
FashionMNIST,small,43,10,a2,layerwise,random,baseline,3,0.7,0,0.8697,0.8655,0.6128562421798706,0.624591102361679,211383,0.10105636498175596,211078,0.10084685114503822,0.0,0.0,0,0,0,0.3180376929230988,0.8655,0.6245911046504974,0.33803500805515796,234752,235146,"[0.841, 0.9, 0.821, 0.83, 0.797, 0.893, 0.671, 0.974, 0.979, 0.949]","[0.8621700879765396, 0.8914807302231237, 0.8365650969529086, 0.8220858895705522, 0.8058645096056622, 0.9019407558733401, 0.6721991701244814, 0.9641125121241513, 0.9848484848484849, 0.9508700102354145]",batch,both
FashionMNIST,small,43,10,a2,layerwise,random,baseline,3,0.7,1,0.8911,0.8845,0.30565280216932295,0.322636202955246,211383,0.10105636498175596,211078,0.10084685114503822,0.0,0.0,0,0,0,0.3175329859368503,0.8845,0.32263620376586916,0.32104010600596666,234752,235146,"[0.852, 0.963, 0.792, 0.903, 0.831, 0.955, 0.663, 0.959, 0.971, 0.956]","[0.8680351906158358, 0.9645030425963489, 0.7987072945521699, 0.9059304703476483, 0.846309403437816, 0.9519918283963228, 0.6970954356846473, 0.950533462657614, 0.9818181818181818, 0.9498464687819856]",batch,both
FashionMNIST,small,43,10,a2,layerwise,random,baseline,3,0.7,3,0.8926,0.8887,0.2964488756775856,0.31290621778964994,211383,0.10105636498175596,211078,0.10084685114503822,0.0,0.0,0,0,0,0.3238656760659069,0.8887,0.3129062193274498,0.359306380036287,234752,235146,"[0.84, 0.966, 0.811, 0.902, 0.811, 0.963, 0.702, 0.959, 0.974, 0.959]","[0.8484848484848485, 0.9665314401622718, 0.8134810710987996, 0.9059304703476483, 0.8169868554095046, 0.9611848825331971, 0.7385892116182573, 0.94180407371484, 0.9828282828282828, 0.95496417604913]",batch,both
FashionMNIST,small,43,10,a2,layerwise,random,baseline,3,0.7,5,0.8941,0.8891,0.29442885612249375,0.3100250448226929,211383,0.10105636498175596,211078,0.10084685114503822,0.0,0.0,0,0,0,0.3400035839295015,0.8891,0.3100250415325165,0.32936426904052496,234752,235146,"[0.851, 0.968, 0.794, 0.907, 0.828, 0.963, 0.689, 0.953, 0.972, 0.966]","[0.8582600195503421, 0.9675456389452333, 0.8033240997229917, 0.9079754601226994, 0.8432760364004045, 0.9632277834525026, 0.720954356846473, 0.9340446168768186, 0.9818181818181818, 0.9662231320368475]",batch,both
FashionMNIST,small,43,10,all,all,random,baseline,4,0.05,0,0.8909,0.881,0.3086764068603516,0.33198212121725085,222660,0.05309892577377462,222284,0.05311136859323884,0.0,0.0,0,0,0,0.33187919994816184,0.881,0.331982128405571,0.3221363649936393,234752,235146,"[0.822, 0.972, 0.848, 0.869, 0.804, 0.95, 0.659, 0.968, 0.964, 0.954]","[0.8357771260997068, 0.9716024340770791, 0.8541089566020313, 0.8742331288343558, 0.8341759352881699, 0.9540347293156282, 0.6950207468879668, 0.9573229873908826, 0.9787878787878788, 0.9529170931422722]",batch,both
FashionMNIST,small,43,10,all,all,random,baseline,4,0.05,1,0.8955,0.8912,0.29128205655813216,0.3103979609012604,222660,0.05309892577377462,222284,0.05311136859323884,0.0,0.0,0,0,0,0.3334302610019222,0.8912,0.3103979618549347,0.33381221699528396,234752,235146,"[0.835, 0.972, 0.814, 0.909, 0.82, 0.959, 0.709, 0.966, 0.969, 0.959]","[0.8377321603128055, 0.9685598377281948, 0.8024007386888273, 0.9130879345603272, 0.8382204246713852, 0.9622063329928499, 0.7437759336099585, 0.9524733268671193, 0.9848484848484849, 0.9580348004094166]",batch,both
FashionMNIST,small,43,10,all,all,random,baseline,4,0.05,3,0.8971,0.8925,0.28843692249059677,0.3086230762720108,222660,0.05309892577377462,222284,0.05311136859323884,0.0,0.0,0,0,0,0.3146487580379471,0.8925,0.3086230749607086,0.32783313607797027,234752,235146,"[0.84, 0.972, 0.827, 0.918, 0.831, 0.963, 0.683, 0.963, 0.97, 0.958]","[0.8318670576735093, 0.9695740365111561, 0.8217913204062789, 0.9202453987730062, 0.8432760364004045, 0.9683350357507661, 0.725103734439834, 0.9524733268671193, 0.9848484848484849, 0.9580348004094166]",batch,both
FashionMNIST,small,43,10,all,all,random,baseline,4,0.05,5,0.8975,0.893,0.2902576060533524,0.30960239195227623,222660,0.05309892577377462,222284,0.05311136859323884,0.0,0.0,0,0,0,0.31146463903132826,0.893,0.3096023907840252,0.33060203900095075,234752,235146,"[0.852, 0.972, 0.807, 0.914, 0.842, 0.965, 0.687, 0.966, 0.974, 0.951]","[0.8533724340175953, 0.9695740365111561, 0.804247460757156, 0.9120654396728016, 0.8543983822042467, 0.9734422880490297, 0.7230290456431535, 0.9582929194956353, 0.9848484848484849, 0.946775844421699]",batch,both
FashionMNIST,small,43,10,all,all,random,baseline,4,0.1,0,0.8881,0.8781,0.31889547855854034,0.34169572739601134,209417,0.10941712808212767,209060,0.10944315703380592,0.0,0.0,0,0,0,0.3170264851069078,0.8781,0.34169572184085845,0.32174839300569147,234752,235146,"[0.813, 0.971, 0.851, 0.843, 0.821, 0.943, 0.655, 0.975, 0.963, 0.946]","[0.8211143695014663, 0.9705882352941176, 0.8651892890120036, 0.8476482617586912, 0.8412537917087968, 0.9499489274770173, 0.6877593360995851, 0.9709020368574199, 0.9797979797979798, 0.9437052200614124]",batch,both
FashionMNIST,small,43,10,all,all,random,baseline,4,0.1,1,0.8954,0.8899,0.2914184757232666,0.3095255516052246,209417,0.10941712808212767,209060,0.10944315703380592,0.0,0.0,0,0,0,0.3248225480783731,0.8899,0.3095255542755127,0.3411601670086384,234752,235146,"[0.849, 0.97, 0.801, 0.911, 0.835, 0.964, 0.68, 0.958, 0.971, 0.96]","[0.8465298142717498, 0.9675456389452333, 0.8060941828254847, 0.9069529652351738, 0.8574317492416582, 0.965270684371808, 0.7157676348547718, 0.950533462657614, 0.9858585858585859, 0.9570112589559877]",batch,both
FashionMNIST,small,43,10,all,all,random,baseline,4,0.1,3,0.895,0.8915,0.2919024736762047,0.3105683356285095,209417,0.10941712808212767,209060,0.10944315703380592,0.0,0.0,0,0,0,0.31421495194081217,0.8915,0.310568332362175,0.3283182169543579,234752,235146,"[0.848, 0.972, 0.82, 0.903, 0.832, 0.957, 0.689, 0.969, 0.972, 0.953]","[0.8475073313782991, 0.9685598377281948, 0.8134810710987996, 0.9028629856850716, 0.8473205257836198, 0.965270684371808, 0.7188796680497925, 0.962172647914646, 0.9838383838383838, 0.9437052200614124]",batch,both
FashionMNIST,small,43,10,all,all,random,baseline,4,0.1,5,0.896,0.8912,0.2956018963694572,0.3142933357000351,209417,0.10941712808212767,209060,0.10944315703380592,0.0,0.0,0,0,0,0.3187997159548104,0.8912,0.31429333701133727,0.3158072760561481,234752,235146,"[0.861, 0.972, 0.807, 0.902, 0.86, 0.954, 0.655, 0.963, 0.974, 0.964]","[0.8641251221896383, 0.9695740365111561, 0.8024007386888273, 0.9069529652351738, 0.8695652173913043, 0.9611848825331971, 0.6929460580912863, 0.950533462657614, 0.9838383838383838, 0.9631525076765609]",batch,both
FashionMNIST,small,43,10,all,all,random,baseline,4,0.2,0,0.8809,0.8711,0.3485550956487656,0.37028416686058047,183183,0.2209818580796612,182865,0.22102900081788446,0.0,0.0,0,0,0,0.3203260520240292,0.8711,0.37028416802883146,0.3358841650187969,234752,235146,"[0.758, 0.97, 0.835, 0.842, 0.847, 0.947, 0.645, 0.976, 0.951, 0.94]","[0.7820136852394917, 0.9685598377281948, 0.840258541089566, 0.8374233128834356, 0.8584428715874621, 0.9499489274770173, 0.6929460580912863, 0.9728419010669254, 0.9717171717171718, 0.9344933469805528]",batch,both
FashionMNIST,small,43,10,all,all,random,baseline,4,0.2,1,0.8918,0.8877,0.2967623282670975,0.3147081545591354,183183,0.2209818580796612,182865,0.22102900081788446,0.0,0.0,0,0,0,0.32333205197937787,0.8877,0.31470815436840055,0.3223088630475104,234752,235146,"[0.829, 0.97, 0.794, 0.905, 0.823, 0.965, 0.707, 0.956, 0.969, 0.959]","[0.8387096774193549, 0.9685598377281948, 0.7968605724838412, 0.9059304703476483, 0.8351870576339737, 0.9611848825331971, 0.733402489626556, 0.9485935984481086, 0.9797979797979798, 0.9559877175025588]",batch,both
FashionMNIST,small,43,10,all,all,random,baseline,4,0.2,3,0.8947,0.8915,0.29508501484394073,0.31067461264133456,183183,0.2209818580796612,182865,0.22102900081788446,0.0,0.0,0,0,0,0.33236360689625144,0.8915,0.31067461413145064,0.34211469790898263,234752,235146,"[0.842, 0.971, 0.811, 0.907, 0.845, 0.964, 0.683, 0.955, 0.972, 0.965]","[0.8494623655913979, 0.9695740365111561, 0.804247460757156, 0.9079754601226994, 0.8564206268958544, 0.9642492339121552, 0.7126556016597511, 0.938894277400582, 0.9818181818181818, 0.9672466734902764]",batch,both
FashionMNIST,small,43,10,all,all,random,baseline,4,0.2,5,0.8938,0.8927,0.29325088663101195,0.308967500936985,183183,0.2209818580796612,182865,0.22102900081788446,0.0,0.0,0,0,0,0.32410330697894096,0.8927,0.30896750531196593,0.33867044106591493,234752,235146,"[0.855, 0.97, 0.793, 0.901, 0.849, 0.966, 0.704, 0.966, 0.971, 0.952]","[0.8533724340175953, 0.9685598377281948, 0.788550323176362, 0.901840490797546, 0.8574317492416582, 0.965270684371808, 0.7261410788381742, 0.9544131910766246, 0.9818181818181818, 0.946775844421699]",batch,both
FashionMNIST,small,43,10,all,all,random,baseline,4,0.3,0,0.8762,0.8668,0.38921290884017945,0.4062683370351791,158500,0.32595068595680976,158220,0.3260121319520175,0.0,0.0,0,0,0,0.32206593197770417,0.8668,0.40626833550930025,0.3278764559654519,234752,235146,"[0.759, 0.97, 0.809, 0.86, 0.842, 0.946, 0.643, 0.983, 0.947, 0.909]","[0.7741935483870968, 0.9726166328600405, 0.8208679593721145, 0.8548057259713702, 0.8584428715874621, 0.947906026557712, 0.6742738589211619, 0.9844810863239574, 0.9606060606060606, 0.9140225179119754]",batch,both
FashionMNIST,small,43,10,all,all,random,baseline,4,0.3,1,0.8905,0.8869,0.2949197786092758,0.31272001773118974,158500,0.32595068595680976,158220,0.3260121319520175,0.0,0.0,0,0,0,0.30698117706924677,0.8869,0.3127200150966644,0.3279177499935031,234752,235146,"[0.837, 0.969, 0.792, 0.912, 0.836, 0.961, 0.673, 0.96, 0.969, 0.96]","[0.844574780058651, 0.9695740365111561, 0.7903970452446907, 0.9130879345603272, 0.8604651162790697, 0.9591419816138917, 0.6950207468879668, 0.9437439379243453, 0.9767676767676767, 0.9580348004094166]",batch,both
FashionMNIST,small,43,10,all,all,random,baseline,4,0.3,3,0.8943,0.8904,0.2932998222351074,0.3119189559698105,158500,0.32595068595680976,158220,0.3260121319520175,0.0,0.0,0,0,0,0.3270103019895032,0.8904,0.3119189561605453,0.3382803639397025,234752,235146,"[0.846, 0.972, 0.832, 0.907, 0.813, 0.964, 0.688, 0.954, 0.97, 0.958]","[0.8455522971652004, 0.9695740365111561, 0.8337950138504155, 0.9079754601226994, 0.8291203235591507, 0.965270684371808, 0.7074688796680498, 0.9456838021338506, 0.9818181818181818, 0.9590583418628454]",batch,both
FashionMNIST,small,43,10,all,all,random,baseline,4,0.3,5,0.895,0.8921,0.29244067537784574,0.3104609785914421,158500,0.32595068595680976,158220,0.3260121319520175,0.0,0.0,0,0,0,0.334742104052566,0.8921,0.31046097913980486,0.3512648530304432,234752,235146,"[0.846, 0.973, 0.821, 0.908, 0.84, 0.965, 0.682, 0.96, 0.969, 0.957]","[0.8475073313782991, 0.9695740365111561, 0.8190212373037857, 0.9069529652351738, 0.8533872598584429, 0.9622063329928499, 0.7033195020746889, 0.95635305528613, 0.9818181818181818, 0.9529170931422722]",batch,both
FashionMNIST,small,43,10,all,all,random,baseline,4,0.4,0,0.8615,0.8549,0.5112282849311829,0.5218703267574311,133605,0.43182108137072284,133364,0.4318940839694656,0.0,0.0,0,0,0,0.3499392899684608,0.8549,0.5218703278064728,0.33951224898919463,234752,235146,"[0.648, 0.963, 0.781, 0.855, 0.879, 0.932, 0.668, 0.985, 0.958, 0.88]","[0.678396871945259, 0.9695740365111561, 0.7959372114496768, 0.8466257668711656, 0.8766430738119313, 0.9274770173646578, 0.6970954356846473, 0.979631425800194, 0.9686868686868687, 0.8792221084953941]",batch,both
FashionMNIST,small,43,10,all,all,random,baseline,4,0.4,1,0.8887,0.8839,0.3065471387028694,0.32187778631448744,133605,0.43182108137072284,133364,0.4318940839694656,0.0,0.0,0,0,0,0.3363655029097572,0.8839,0.32187778897285463,0.3278390020132065,234752,235146,"[0.822, 0.967, 0.82, 0.919, 0.828, 0.953, 0.643, 0.964, 0.969, 0.954]","[0.8396871945259042, 0.9665314401622718, 0.8227146814404432, 0.9161554192229039, 0.8493427704752275, 0.9458631256384066, 0.6587136929460581, 0.953443258971872, 0.9808080808080808, 0.95496417604913]",batch,both
FashionMNIST,small,43,10,all,all,random,baseline,4,0.4,3,0.8923,0.8881,0.2980999694943428,0.31395079126358033,133605,0.43182108137072284,133364,0.4318940839694656,0.0,0.0,0,0,0,0.31807654397562146,0.8881,0.31395079699754713,0.33541125105693936,234752,235146,"[0.835, 0.968, 0.813, 0.912, 0.814, 0.958, 0.69, 0.966, 0.97, 0.955]","[0.8347996089931574, 0.9675456389452333, 0.8134810710987996, 0.9141104294478528, 0.8473205257836198, 0.9550561797752809, 0.7043568464730291, 0.9553831231813773, 0.9818181818181818, 0.9529170931422722]",batch,both
FashionMNIST,small,43,10,all,all,random,baseline,4,0.4,5,0.8942,0.888,0.29651460375785826,0.31306658673286436,133605,0.43182108137072284,133364,0.4318940839694656,0.0,0.0,0,0,0,0.3135252429638058,0.888,0.31306658940315246,0.32968093804083765,234752,235146,"[0.822, 0.97, 0.818, 0.913, 0.816, 0.955, 0.696, 0.967, 0.97, 0.953]","[0.8269794721407625, 0.9685598377281948, 0.8190212373037857, 0.9171779141104295, 0.840242669362993, 0.9550561797752809, 0.7261410788381742, 0.9573229873908826, 0.9808080808080808, 0.95496417604913]",batch,both
FashionMNIST,small,43,10,all,all,random,baseline,4,0.5,0,0.8574,0.8492,0.7172817905426025,0.721113657283783,109386,0.5348166670919343,109184,0.534896401308615,0.0,0.0,0,0,0,0.31759611004963517,0.8492,0.7211136519432068,0.3266574910376221,234752,235146,"[0.763, 0.964, 0.748, 0.808, 0.887, 0.935, 0.585, 0.984, 0.943, 0.875]","[0.8005865102639296, 0.9655172413793104, 0.765466297322253, 0.8047034764826176, 0.8948432760364005, 0.9254341164453525, 0.6026970954356846, 0.9786614936954413, 0.9505050505050505, 0.8853633572159673]",batch,both
FashionMNIST,small,43,10,all,all,random,baseline,4,0.5,1,0.8852,0.8797,0.32121958528757094,0.335318846988678,109386,0.5348166670919343,109184,0.534896401308615,0.0,0.0,0,0,0,0.3364556028973311,0.8797,0.3353188504457474,0.3376763870473951,234752,235146,"[0.843, 0.969, 0.815, 0.907, 0.825, 0.952, 0.609, 0.954, 0.971, 0.952]","[0.8690127077223851, 0.9665314401622718, 0.8097876269621422, 0.9069529652351738, 0.8523761375126391, 0.9438202247191011, 0.6192946058091287, 0.9515033947623667, 0.9787878787878788, 0.9539406345957011]",batch,both
FashionMNIST,small,43,10,all,all,random,baseline,4,0.5,3,0.8878,0.8845,0.3083111956357956,0.3227344706058502,109386,0.5348166670919343,109184,0.534896401308615,0.0,0.0,0,0,0,0.31870183802675456,0.8845,0.3227344726920128,0.3407812010264024,234752,235146,"[0.84, 0.969, 0.793, 0.912, 0.809, 0.955, 0.68, 0.954, 0.972, 0.961]","[0.8533724340175953, 0.9665314401622718, 0.7931671283471837, 0.9069529652351738, 0.8442871587462083, 0.9530132788559755, 0.6846473029045643, 0.9408341416100873, 0.9818181818181818, 0.9580348004094166]",batch,both
FashionMNIST,small,43,10,all,all,random,baseline,4,0.5,5,0.8906,0.8876,0.3025560690522194,0.31959307568073275,109386,0.5348166670919343,109184,0.534896401308615,0.0,0.0,0,0,0,0.3296290390426293,0.8876,0.3195930773735046,0.32732165802735835,234752,235146,"[0.83, 0.968, 0.81, 0.909, 0.819, 0.96, 0.693, 0.963, 0.97, 0.954]","[0.8357771260997068, 0.9675456389452333, 0.8116343490304709, 0.9100204498977505, 0.839231547017189, 0.9570990806945863, 0.7012448132780082, 0.9515033947623667, 0.9797979797979798, 0.9559877175025588]",batch,both
FashionMNIST,small,43,10,all,all,random,baseline,4,0.7,0,0.7524,0.7428,1.443178244972229,1.4480271392822266,63887,0.728309220654402,63761,0.7283899604689203,0.0,0.0,0,0,0,0.32654532906599343,0.7428,1.4480271301269532,0.34190899203531444,234752,235146,"[0.634, 0.851, 0.905, 0.749, 0.472, 0.92, 0.37, 0.894, 0.914, 0.719]","[0.6490713587487781, 0.8498985801217038, 0.9030470914127424, 0.7576687116564417, 0.4994944388270981, 0.9101123595505618, 0.38070539419087135, 0.895247332686712, 0.9282828282828283, 0.7256908904810645]",batch,both
FashionMNIST,small,43,10,all,all,random,baseline,4,0.7,1,0.8596,0.8531,0.41234370317459107,0.42733128936290743,63887,0.728309220654402,63761,0.7283899604689203,0.0,0.0,0,0,0,0.31073424499481916,0.8531,0.4273312905073166,0.32688953110482544,234752,235146,"[0.872, 0.954, 0.763, 0.908, 0.787, 0.93, 0.485, 0.921, 0.963, 0.948]","[0.8866080156402737, 0.9584178498985801, 0.7774699907663897, 0.911042944785276, 0.7906976744186046, 0.9203268641470889, 0.5093360995850622, 0.9204655674102813, 0.9686868686868687, 0.9508700102354145]",batch,both
FashionMNIST,small,43,10,all,all,random,baseline,4,0.7,3,0.8759,0.8672,0.3549618116855621,0.3697596876859665,63887,0.728309220654402,63761,0.7283899604689203,0.0,0.0,0,0,0,0.3296194769209251,0.8672,0.36975969054698943,0.32144409604370594,234752,235146,"[0.852, 0.967, 0.747, 0.885, 0.826, 0.939, 0.603, 0.936, 0.969, 0.948]","[0.8866080156402737, 0.9655172413793104, 0.7590027700831025, 0.8926380368098159, 0.8594539939332659, 0.9305413687436159, 0.6068464730290456, 0.933074684772066, 0.9737373737373738, 0.95496417604913]",batch,both
FashionMNIST,small,43,10,all,all,random,baseline,4,0.7,5,0.8796,0.8701,0.3392438307762146,0.3551178384423256,63887,0.728309220654402,63761,0.7283899604689203,0.0,0.0,0,0,0,0.326606338028796,0.8701,0.35511784323453904,0.332906557014212,234752,235146,"[0.822, 0.962, 0.749, 0.901, 0.814, 0.947, 0.653, 0.927, 0.968, 0.958]","[0.852394916911046, 0.962474645030426, 0.76269621421976, 0.9038854805725971, 0.8473205257836198, 0.9427987742594485, 0.671161825726141, 0.9233753637245393, 0.9757575757575757, 0.9611054247697032]",batch,both
FashionMNIST,small,43,10,a1,layerwise,random,baseline,4,0.05,0,0.8912,0.8822,0.308835777425766,0.33124849345684054,224190,0.04659232987165418,223808,0.04661941112322787,0.0,0.0,0,0,0,0.3193739589769393,0.8822,0.3312484960913658,0.32032194593921304,234752,235146,"[0.836, 0.972, 0.847, 0.864, 0.802, 0.949, 0.664, 0.968, 0.966, 0.954]","[0.8435972629521017, 0.9716024340770791, 0.853185595567867, 0.8701431492842536, 0.8301314459049545, 0.9550561797752809, 0.696058091286307, 0.9582929194956353, 0.9797979797979798, 0.9529170931422722]",batch,both
FashionMNIST,small,43,10,a1,layerwise,random,baseline,4,0.05,1,0.8951,0.8889,0.29274671454429624,0.31253045656085016,224190,0.04659232987165418,223808,0.04661941112322787,0.0,0.0,0,0,0,0.33382166002411395,0.8889,0.3125304544508457,0.3273523949319497,234752,235146,"[0.841, 0.971, 0.799, 0.9, 0.826, 0.956, 0.7, 0.97, 0.972, 0.954]","[0.8426197458455523, 0.9675456389452333, 0.7996306555863343, 0.9059304703476483, 0.8513650151668352, 0.9570990806945863, 0.7365145228215768, 0.9631425800193987, 0.9858585858585859, 0.946775844421699]",batch,both
FashionMNIST,small,43,10,a1,layerwise,random,baseline,4,0.05,3,0.8964,0.8934,0.29039554183483124,0.31168509007692335,224190,0.04659232987165418,223808,0.04661941112322787,0.0,0.0,0,0,0,0.3150630199816078,0.8934,0.31168509446382525,0.3658727860311046,234752,235146,"[0.864, 0.975, 0.821, 0.899, 0.846, 0.963, 0.67, 0.968, 0.972, 0.956]","[0.8690127077223851, 0.9705882352941176, 0.8217913204062789, 0.8987730061349694, 0.8533872598584429, 0.9622063329928499, 0.7012448132780082, 0.95635305528613, 0.9838383838383838, 0.9488229273285568]",batch,both
FashionMNIST,small,43,10,a1,layerwise,random,baseline,4,0.05,5,0.8989,0.8934,0.29083584798574447,0.31124353546500205,224190,0.04659232987165418,223808,0.04661941112322787,0.0,0.0,0,0,0,0.32725115097127855,0.8934,0.3112435371696949,0.31892466999124736,234752,235146,"[0.851, 0.97, 0.811, 0.91, 0.844, 0.961, 0.69, 0.964, 0.968, 0.965]","[0.8533724340175953, 0.9685598377281948, 0.8088642659279779, 0.9161554192229039, 0.8554095045500506, 0.9642492339121552, 0.729253112033195, 0.9495635305528612, 0.9828282828282828, 0.9662231320368475]",batch,both
FashionMNIST,small,43,10,a1,layerwise,random,baseline,4,0.1,0,0.8905,0.8801,0.3134510256767273,0.3354420453667641,212321,0.09706735389927956,211952,0.09712377317339149,0.0,0.0,0,0,0,0.3240370569983497,0.8801,0.3354420426726341,0.32502502005081624,234752,235146,"[0.831, 0.97, 0.847, 0.852, 0.806, 0.948, 0.663, 0.973, 0.964, 0.947]","[0.8406647116324536, 0.9705882352941176, 0.863342566943675, 0.852760736196319, 0.8301314459049545, 0.9550561797752809, 0.696058091286307, 0.9670223084384093, 0.9808080808080808, 0.9457523029682702]",batch,both
FashionMNIST,small,43,10,a1,layerwise,random,baseline,4,0.1,1,0.8963,0.8902,0.2940555812120438,0.3127939152240753,212321,0.09706735389927956,211952,0.09712377317339149,0.0,0.0,0,0,0,0.31308131699915975,0.8902,0.312793918633461,0.33448290394153446,234752,235146,"[0.848, 0.971, 0.794, 0.898, 0.856, 0.963, 0.683, 0.966, 0.97, 0.953]","[0.8543499511241447, 0.9685598377281948, 0.791320406278855, 0.8977505112474438, 0.8736097067745198, 0.965270684371808, 0.7219917012448133, 0.9573229873908826, 0.9848484848484849, 0.9539406345957011]",batch,both
FashionMNIST,small,43,10,a1,layerwise,random,baseline,4,0.1,3,0.8966,0.8911,0.2931791626811028,0.31217214864492415,212321,0.09706735389927956,211952,0.09712377317339149,0.0,0.0,0,0,0,0.32539731496945024,0.8911,0.3121721469283104,0.33232729602605104,234752,235146,"[0.847, 0.97, 0.804, 0.902, 0.835, 0.962, 0.703, 0.963, 0.97, 0.955]","[0.8484848484848485, 0.9675456389452333, 0.7968605724838412, 0.9130879345603272, 0.8533872598584429, 0.9673135852911133, 0.7313278008298755, 0.95635305528613, 0.9828282828282828, 0.95496417604913]",batch,both
FashionMNIST,small,43,10,a1,layerwise,random,baseline,4,0.1,5,0.8972,0.8923,0.2950041410446167,0.3133173581540585,212321,0.09706735389927956,211952,0.09712377317339149,0.0,0.0,0,0,0,0.3300935400184244,0.8923,0.3133173621416092,0.34150026296265423,234752,235146,"[0.846, 0.969, 0.792, 0.904, 0.844, 0.97, 0.707, 0.964, 0.97, 0.957]","[0.8543499511241447, 0.9675456389452333, 0.7903970452446907, 0.9100204498977505, 0.8614762386248737, 0.9744637385086823, 0.7344398340248963, 0.9553831231813773, 0.9838383838383838, 0.946775844421699]",batch,both
FashionMNIST,small,43,10,a1,layerwise,random,baseline,4,0.2,0,0.8857,0.8775,0.32171207842826843,0.3430227570772171,188583,0.19801740195453033,188240,0.19813249727371862,0.0,0.0,0,0,0,0.3263248639414087,0.8775,0.34302275898456575,0.3286145080346614,234752,235146,"[0.791, 0.971, 0.824, 0.859, 0.83, 0.948, 0.671, 0.973, 0.961, 0.947]","[0.8035190615835777, 0.9695740365111561, 0.8328716528162512, 0.8599182004089979, 0.8503538928210314, 0.9448416751787538, 0.7053941908713693, 0.9670223084384093, 0.9787878787878788, 0.9457523029682702]",batch,both
FashionMNIST,small,43,10,a1,layerwise,random,baseline,4,0.2,1,0.892,0.8897,0.29712871844768524,0.3157742035269737,188583,0.19801740195453033,188240,0.19813249727371862,0.0,0.0,0,0,0,0.3267458190675825,0.8897,0.3157742027759552,0.3372513719368726,234752,235146,"[0.84, 0.971, 0.788, 0.9, 0.853, 0.96, 0.695, 0.964, 0.968, 0.958]","[0.8396871945259042, 0.9695740365111561, 0.7857802400738689, 0.8926380368098159, 0.8675429726996967, 0.9632277834525026, 0.725103734439834, 0.950533462657614, 0.9808080808080808, 0.9518935516888434]",batch,both
FashionMNIST,small,43,10,a1,layerwise,random,baseline,4,0.2,3,0.8947,0.893,0.2957839872956276,0.3138593273043633,188583,0.19801740195453033,188240,0.19813249727371862,0.0,0.0,0,0,0,0.33151786809321493,0.893,0.31385932006835937,0.32824122509919107,234752,235146,"[0.842, 0.972, 0.818, 0.896, 0.85, 0.958, 0.703, 0.964, 0.969, 0.958]","[0.8387096774193549, 0.9685598377281948, 0.8162511542012927, 0.8936605316973415, 0.8533872598584429, 0.9632277834525026, 0.7230290456431535, 0.9602327837051406, 0.9797979797979798, 0.9539406345957011]",batch,both
FashionMNIST,small,43,10,a1,layerwise,random,baseline,4,0.2,5,0.8964,0.8916,0.2938050740122795,0.3111207988500595,188583,0.19801740195453033,188240,0.19813249727371862,0.0,0.0,0,0,0,0.33138539595529437,0.8916,0.31112080380916596,0.3168153769802302,234752,235146,"[0.845, 0.974, 0.833, 0.911, 0.834, 0.963, 0.667, 0.959, 0.972, 0.958]","[0.8514173998044966, 0.9695740365111561, 0.8282548476454293, 0.9079754601226994, 0.8442871587462083, 0.9693564862104188, 0.7064315352697096, 0.9485935984481086, 0.9848484848484849, 0.9559877175025588]",batch,both
FashionMNIST,small,43,10,a1,layerwise,random,baseline,4,0.3,0,0.8799,0.8719,0.33465922849178315,0.3521968519449234,165758,0.29508475585381,165440,0.2952562704471101,0.0,0.0,0,0,0,0.3219795449404046,0.8719,0.35219685426950453,0.3253032349748537,234752,235146,"[0.785, 0.972, 0.793, 0.864, 0.858, 0.947, 0.639, 0.983, 0.957, 0.921]","[0.8064516129032258, 0.9746450304259635, 0.7977839335180056, 0.8578732106339468, 0.8725985844287159, 0.95097037793667, 0.6680497925311203, 0.9815712900096993, 0.9696969696969697, 0.9211873080859775]",batch,both
FashionMNIST,small,43,10,a1,layerwise,random,baseline,4,0.3,1,0.8919,0.8874,0.29485586359500887,0.3153645385026932,165758,0.29508475585381,165440,0.2952562704471101,0.0,0.0,0,0,0,0.3357763489475474,0.8874,0.3153645467400551,0.3302724329987541,234752,235146,"[0.843, 0.967, 0.825, 0.902, 0.823, 0.963, 0.66, 0.962, 0.971, 0.958]","[0.8406647116324536, 0.9695740365111561, 0.8236380424746076, 0.9038854805725971, 0.8452982810920121, 0.958120531154239, 0.6939834024896265, 0.9515033947623667, 0.9797979797979798, 0.95496417604913]",batch,both
FashionMNIST,small,43,10,a1,layerwise,random,baseline,4,0.3,3,0.8925,0.8909,0.29633175666332245,0.3129865900158882,165758,0.29508475585381,165440,0.2952562704471101,0.0,0.0,0,0,0,0.33992438798304647,0.8909,0.3129865970849991,0.3320476890075952,234752,235146,"[0.852, 0.97, 0.804, 0.892, 0.833, 0.957, 0.703, 0.963, 0.972, 0.963]","[0.852394916911046, 0.9675456389452333, 0.7968605724838412, 0.8997955010224948, 0.8543983822042467, 0.9591419816138917, 0.7116182572614108, 0.9466537342386033, 0.9797979797979798, 0.962128966223132]",batch,both
FashionMNIST,small,43,10,a1,layerwise,random,baseline,4,0.3,5,0.8954,0.8919,0.29254048405885696,0.31157520726919175,165758,0.29508475585381,165440,0.2952562704471101,0.0,0.0,0,0,0,0.32089744007680565,0.8919,0.3115752049803734,0.3376535379793495,234752,235146,"[0.855, 0.972, 0.824, 0.906, 0.815, 0.971, 0.694, 0.96, 0.966, 0.956]","[0.855327468230694, 0.9726166328600405, 0.8217913204062789, 0.9079754601226994, 0.8291203235591507, 0.9724208375893769, 0.7188796680497925, 0.9515033947623667, 0.9787878787878788, 0.9488229273285568]",batch,both
FashionMNIST,small,43,10,a1,layerwise,random,baseline,4,0.4,0,0.8704,0.8614,0.37396794614791873,0.39083210864067075,142020,0.39603480390906076,141728,0.39626499454743724,0.0,0.0,0,0,0,0.3158393680350855,0.8614,0.39083210825920106,0.3237912820186466,234752,235146,"[0.707, 0.967, 0.781, 0.851, 0.877, 0.914, 0.654, 0.987, 0.963, 0.913]","[0.7331378299120235, 0.9705882352941176, 0.7922437673130194, 0.84560327198364, 0.8988877654196158, 0.9172625127681308, 0.6784232365145229, 0.9806013579049466, 0.9747474747474747, 0.9160696008188332]",batch,both
FashionMNIST,small,43,10,a1,layerwise,random,baseline,4,0.4,1,0.8897,0.8879,0.2976616285324097,0.3158929709792137,142020,0.39603480390906076,141728,0.39626499454743724,0.0,0.0,0,0,0,0.3176616790005937,0.8879,0.31589296981096265,0.33249806496314704,234752,235146,"[0.842, 0.968, 0.817, 0.899, 0.812, 0.964, 0.686, 0.962, 0.971, 0.958]","[0.8494623655913979, 0.9685598377281948, 0.8116343490304709, 0.8977505112474438, 0.8260869565217391, 0.9601634320735445, 0.7033195020746889, 0.9456838021338506, 0.9818181818181818, 0.9559877175025588]",batch,both
FashionMNIST,small,43,10,a1,layerwise,random,baseline,4,0.4,3,0.8919,0.889,0.29763989744186403,0.3158035777568817,142020,0.39603480390906076,141728,0.39626499454743724,0.0,0.0,0,0,0,0.3180685300612822,0.889,0.31580357282161714,0.33287226397078484,234752,235146,"[0.816, 0.968, 0.808, 0.915, 0.807, 0.962, 0.715, 0.965, 0.972, 0.962]","[0.8172043010752689, 0.9675456389452333, 0.8097876269621422, 0.9202453987730062, 0.8270980788675429, 0.9591419816138917, 0.7365145228215768, 0.9485935984481086, 0.9818181818181818, 0.9570112589559877]",batch,both
FashionMNIST,small,43,10,a1,layerwise,random,baseline,4,0.4,5,0.893,0.8923,0.2955257622718811,0.3124775815844536,142020,0.39603480390906076,141728,0.39626499454743724,0.0,0.0,0,0,0,0.3148294580169022,0.8923,0.3124775787234306,0.3375432570464909,234752,235146,"[0.845, 0.968, 0.796, 0.909, 0.849, 0.96, 0.699, 0.964, 0.97, 0.963]","[0.8494623655913979, 0.9685598377281948, 0.7940904893813481, 0.9079754601226994, 0.8645096056622852, 0.9570990806945863, 0.7064315352697096, 0.9515033947623667, 0.9818181818181818, 0.9539406345957011]",batch,both
FashionMNIST,small,43,10,a1,layerwise,random,baseline,4,0.5,0,0.8698,0.8657,0.40194785203933714,0.4128984181642532,118282,0.4969848519643115,118016,0.4972737186477645,0.0,0.0,0,0,0,0.3290131649700925,0.8657,0.41289842233657836,0.34132805303670466,234752,235146,"[0.767, 0.968, 0.764, 0.826, 0.853, 0.922, 0.683, 0.98, 0.969, 0.925]","[0.7869012707722385, 0.9695740365111561, 0.76269621421976, 0.8231083844580777, 0.8594539939332659, 0.923391215526047, 0.700207468879668, 0.973811833171678, 0.9797979797979798, 0.9242579324462641]",batch,both
FashionMNIST,small,43,10,a1,layerwise,random,baseline,4,0.5,1,0.8888,0.8838,0.30253949810266495,0.32094064800739286,118282,0.4969848519643115,118016,0.4972737186477645,0.0,0.0,0,0,0,0.32053412694949657,0.8838,0.3209406459093094,0.32522758399136364,234752,235146,"[0.843, 0.969, 0.805, 0.902, 0.819, 0.96, 0.667, 0.952, 0.966, 0.955]","[0.8543499511241447, 0.9695740365111561, 0.8060941828254847, 0.9028629856850716, 0.8422649140546006, 0.9570990806945863, 0.6794605809128631, 0.9456838021338506, 0.9777777777777777, 0.9559877175025588]",batch,both
FashionMNIST,small,43,10,a1,layerwise,random,baseline,4,0.5,3,0.8932,0.8883,0.2978562465429306,0.316072971701622,118282,0.4969848519643115,118016,0.4972737186477645,0.0,0.0,0,0,0,0.3346893589477986,0.8883,0.31607296409606933,0.3789095670217648,234752,235146,"[0.847, 0.971, 0.804, 0.911, 0.832, 0.961, 0.67, 0.961, 0.97, 0.956]","[0.8563049853372434, 0.9705882352941176, 0.8051708217913204, 0.9059304703476483, 0.8564206268958544, 0.9601634320735445, 0.6898340248962656, 0.953443258971872, 0.9828282828282828, 0.95496417604913]",batch,both
FashionMNIST,small,43,10,a1,layerwise,random,baseline,4,0.5,5,0.894,0.8898,0.2978563453316689,0.315041087526083,118282,0.4969848519643115,118016,0.4972737186477645,0.0,0.0,0,0,0,0.3122247699648142,0.8898,0.315041082906723,0.32958107895683497,234752,235146,"[0.847, 0.967, 0.823, 0.909, 0.829, 0.959, 0.674, 0.965, 0.968, 0.957]","[0.8533724340175953, 0.9685598377281948, 0.8180978762696214, 0.9120654396728016, 0.8483316481294236, 0.9550561797752809, 0.6908713692946058, 0.9582929194956353, 0.9828282828282828, 0.95496417604913]",batch,both
FashionMNIST,small,43,10,a1,layerwise,random,baseline,4,0.7,0,0.8326,0.8219,0.6287558101654053,0.6441572306632996,71719,0.6950022539188419,71504,0.6954062159214831,0.0,0.0,0,0,0,0.3166982929687947,0.8219,0.644157223033905,0.3387360629858449,234752,235146,"[0.834, 0.888, 0.818, 0.735, 0.587, 0.857, 0.679, 0.956, 0.931, 0.934]","[0.8377321603128055, 0.8722109533468559, 0.8393351800554016, 0.7443762781186094, 0.6097067745197169, 0.8529111338100103, 0.7271784232365145, 0.9553831231813773, 0.9464646464646465, 0.932446264073695]",batch,both
FashionMNIST,small,43,10,a1,layerwise,random,baseline,4,0.7,1,0.882,0.8753,0.32762090520858766,0.3464600837826729,71719,0.6950022539188419,71504,0.6954062159214831,0.0,0.0,0,0,0,0.3117576210061088,0.8753,0.34646008087396624,0.3206392909632996,234752,235146,"[0.813, 0.965, 0.778, 0.898, 0.804, 0.956, 0.679, 0.94, 0.969, 0.951]","[0.8455522971652004, 0.962474645030426, 0.7793167128347184, 0.8977505112474438, 0.8260869565217391, 0.9448416751787538, 0.6939834024896265, 0.9408341416100873, 0.9787878787878788, 0.9559877175025588]",batch,both
FashionMNIST,small,43,10,a1,layerwise,random,baseline,4,0.7,3,0.8837,0.8805,0.3167848065972328,0.3348710562705994,71719,0.6950022539188419,71504,0.6954062159214831,0.0,0.0,0,0,0,0.3344719030428678,0.8805,0.33487105283737184,0.3235758750233799,234752,235146,"[0.864, 0.966, 0.785, 0.9, 0.829, 0.959, 0.632, 0.947, 0.969, 0.954]","[0.8729227761485826, 0.9655172413793104, 0.7867036011080333, 0.8895705521472392, 0.8533872598584429, 0.95097037793667, 0.6410788381742739, 0.9427740058195926, 0.9818181818181818, 0.95496417604913]",batch,both
FashionMNIST,small,43,10,a1,layerwise,random,baseline,4,0.7,5,0.8861,0.8798,0.31321513605117796,0.33099055788516996,71719,0.6950022539188419,71504,0.6954062159214831,0.0,0.0,0,0,0,0.3309073959244415,0.8798,0.33099055976867675,0.33156504097860307,234752,235146,"[0.859, 0.967, 0.78, 0.892, 0.806, 0.96, 0.663, 0.949, 0.968, 0.954]","[0.8690127077223851, 0.9655172413793104, 0.7876269621421976, 0.8834355828220859, 0.8351870576339737, 0.9550561797752809, 0.6836099585062241, 0.9495635305528612, 0.9828282828282828, 0.9529170931422722]",batch,both
FashionMNIST,small,43,10,a2,layerwise,random,baseline,4,0.05,0,0.8904,0.8816,0.30653575277328493,0.3281623199462891,233544,0.006812788650455426,233156,0.006798664122137366,0.0,0.0,0,0,0,0.3251019869931042,0.8816,0.3281623206973076,0.3253281150246039,234752,235146,"[0.83, 0.972, 0.841, 0.866, 0.808, 0.947, 0.665, 0.968, 0.965, 0.954]","[0.8387096774193549, 0.9716024340770791, 0.8485687903970452, 0.8680981595092024, 0.8382204246713852, 0.9530132788559755, 0.696058091286307, 0.9582929194956353, 0.9777777777777777, 0.9529170931422722]",batch,both
FashionMNIST,small,43,10,a2,layerwise,random,baseline,4,0.05,1,0.8953,0.8901,0.292029986345768,0.3114248623728752,233544,0.006812788650455426,233156,0.006798664122137366,0.0,0.0,0,0,0,0.3215778999729082,0.8901,0.31142486444711687,0.3253759790677577,234752,235146,"[0.834, 0.973, 0.824, 0.903, 0.831, 0.958, 0.684, 0.966, 0.972, 0.956]","[0.8396871945259042, 0.9685598377281948, 0.8227146814404432, 0.9069529652351738, 0.8432760364004045, 0.9570990806945863, 0.7230290456431535, 0.9544131910766246, 0.9858585858585859, 0.95496417604913]",batch,both
FashionMNIST,small,43,10,a2,layerwise,random,baseline,4,0.05,3,0.8965,0.8933,0.2929578095674515,0.3128124001502991,233544,0.006812788650455426,233156,0.006798664122137366,0.0,0.0,0,0,0,0.32771049009170383,0.8933,0.31281240453720094,0.3322226000018418,234752,235146,"[0.847, 0.974, 0.833, 0.913, 0.834, 0.963, 0.671, 0.96, 0.969, 0.969]","[0.8582600195503421, 0.9705882352941176, 0.8217913204062789, 0.9069529652351738, 0.840242669362993, 0.9662921348314607, 0.7085062240663901, 0.9485935984481086, 0.9838383838383838, 0.9631525076765609]",batch,both
FashionMNIST,small,43,10,a2,layerwise,random,baseline,4,0.05,5,0.8983,0.8919,0.29314510052204135,0.31333256496191025,233544,0.006812788650455426,233156,0.006798664122137366,0.0,0.0,0,0,0,0.3336146189831197,0.8919,0.3133325633406639,0.33933409792371094,234752,235146,"[0.846, 0.972, 0.794, 0.914, 0.853, 0.961, 0.688, 0.967, 0.969, 0.955]","[0.8592375366568915, 0.9695740365111561, 0.7959372114496768, 0.9069529652351738, 0.8665318503538928, 0.9683350357507661, 0.7240663900414938, 0.962172647914646, 0.9838383838383838, 0.9518935516888434]",batch,both
FashionMNIST,small,43,10,a2,layerwise,random,baseline,4,0.1,0,0.8896,0.8806,0.30937844047546387,0.3308487330555916,231942,0.013625577300910963,231560,0.013597328244274842,0.0,0.0,0,0,0,0.3119736819062382,0.8806,0.3308487354874611,0.32416384294629097,234752,235146,"[0.814, 0.972, 0.847, 0.858, 0.817, 0.942, 0.667, 0.972, 0.965, 0.952]","[0.8318670576735093, 0.9705882352941176, 0.853185595567867, 0.8640081799591002, 0.8422649140546006, 0.9489274770173647, 0.6898340248962656, 0.9612027158098934, 0.9787878787878788, 0.9539406345957011]",batch,both
FashionMNIST,small,43,10,a2,layerwise,random,baseline,4,0.1,1,0.8968,0.892,0.28914955450296403,0.30843655836582184,231942,0.013625577300910963,231560,0.013597328244274842,0.0,0.0,0,0,0,0.3334899579640478,0.892,0.308436556828022,0.33290961501188576,234752,235146,"[0.856, 0.971, 0.81, 0.909, 0.811, 0.96, 0.708, 0.968, 0.972, 0.955]","[0.8641251221896383, 0.9685598377281948, 0.8060941828254847, 0.9100204498977505, 0.8311425682507584, 0.9622063329928499, 0.7375518672199171, 0.9573229873908826, 0.9848484848484849, 0.9508700102354145]",batch,both
FashionMNIST,small,43,10,a2,layerwise,random,baseline,4,0.1,3,0.8962,0.8917,0.29132532218694684,0.3105610750555992,231942,0.013625577300910963,231560,0.013597328244274842,0.0,0.0,0,0,0,0.326777777983807,0.8917,0.3105610799789429,0.33034107997082174,234752,235146,"[0.865, 0.973, 0.808, 0.915, 0.831, 0.96, 0.666, 0.966, 0.973, 0.96]","[0.8709677419354839, 0.9675456389452333, 0.8033240997229917, 0.9151329243353783, 0.8513650151668352, 0.9601634320735445, 0.7033195020746889, 0.9524733268671193, 0.9828282828282828, 0.9590583418628454]",batch,both
FashionMNIST,small,43,10,a2,layerwise,random,baseline,4,0.1,5,0.8982,0.8931,0.2921221185207367,0.31241617893576623,231942,0.013625577300910963,231560,0.013597328244274842,0.0,0.0,0,0,0,0.3274849089793861,0.8931,0.3124161790251732,0.32930986501742154,234752,235146,"[0.853, 0.972, 0.807, 0.912, 0.842, 0.96, 0.689, 0.961, 0.972, 0.963]","[0.8660801564027371, 0.9685598377281948, 0.8005540166204986, 0.9161554192229039, 0.8533872598584429, 0.9632277834525026, 0.720954356846473, 0.9485935984481086, 0.9838383838383838, 0.9662231320368475]",batch,both
FashionMNIST,small,43,10,a2,layerwise,random,baseline,4,0.2,0,0.8889,0.8794,0.3170654313087463,0.33755013717412946,228471,0.028386619376897793,228102,0.028327767175572505,0.0,0.0,0,0,0,0.3178039549384266,0.8794,0.3375501430869102,0.31744535302277654,234752,235146,"[0.81, 0.97, 0.849, 0.848, 0.821, 0.95, 0.664, 0.974, 0.961, 0.947]","[0.820136852394917, 0.9685598377281948, 0.8642659279778393, 0.8537832310838446, 0.846309403437816, 0.9540347293156282, 0.6929460580912863, 0.967992240543162, 0.9747474747474747, 0.9437052200614124]",batch,both
FashionMNIST,small,43,10,a2,layerwise,random,baseline,4,0.2,1,0.8931,0.8885,0.29388747292757034,0.31105339052677156,228471,0.028386619376897793,228102,0.028327767175572505,0.0,0.0,0,0,0,0.3279520570067689,0.8885,0.3110533880352974,0.3232918770518154,234752,235146,"[0.844, 0.972, 0.762, 0.914, 0.852, 0.957, 0.687, 0.958, 0.972, 0.967]","[0.8484848484848485, 0.9695740365111561, 0.7719298245614035, 0.9141104294478528, 0.8705763397371082, 0.9560776302349336, 0.7157676348547718, 0.9437439379243453, 0.9828282828282828, 0.9662231320368475]",batch,both
FashionMNIST,small,43,10,a2,layerwise,random,baseline,4,0.2,3,0.8976,0.8919,0.2918558293938637,0.310582961666584,228471,0.028386619376897793,228102,0.028327767175572505,0.0,0.0,0,0,0,0.3142568690236658,0.8919,0.3105829614877701,0.32659422094002366,234752,235146,"[0.864, 0.973, 0.811, 0.909, 0.834, 0.959, 0.675, 0.961, 0.974, 0.959]","[0.8748778103616813, 0.9695740365111561, 0.8180978762696214, 0.9028629856850716, 0.8473205257836198, 0.9622063329928499, 0.7085062240663901, 0.9495635305528612, 0.9848484848484849, 0.9611054247697032]",batch,both
FashionMNIST,small,43,10,a2,layerwise,random,baseline,4,0.2,5,0.8948,0.8912,0.2941850099563599,0.3136599134802818,228471,0.028386619376897793,228102,0.028327767175572505,0.0,0.0,0,0,0,0.3190315659157932,0.8912,0.31365990966558455,0.3130976209649816,234752,235146,"[0.848, 0.973, 0.804, 0.921, 0.853, 0.958, 0.66, 0.963, 0.972, 0.96]","[0.844574780058651, 0.9695740365111561, 0.7996306555863343, 0.918200408997955, 0.8594539939332659, 0.9601634320735445, 0.7033195020746889, 0.95635305528613, 0.9848484848484849, 0.9570112589559877]",batch,both
FashionMNIST,small,43,10,a2,layerwise,random,baseline,4,0.3,0,0.8892,0.8791,0.3219432859659195,0.3397127633571625,225000,0.04314766145288462,224644,0.04305820610687028,0.0,0.0,0,0,0,0.3163013040320948,0.8791,0.3397127628803253,0.33002395497169346,234752,235146,"[0.804, 0.969, 0.849, 0.86, 0.802, 0.952, 0.676, 0.969, 0.958, 0.952]","[0.823069403714565, 0.9695740365111561, 0.8578024007386889, 0.8670756646216768, 0.8291203235591507, 0.9540347293156282, 0.7053941908713693, 0.962172647914646, 0.9737373737373738, 0.9488229273285568]",batch,both
FashionMNIST,small,43,10,a2,layerwise,random,baseline,4,0.3,1,0.8939,0.8901,0.2912454893708229,0.3100810532450676,225000,0.04314766145288462,224644,0.04305820610687028,0.0,0.0,0,0,0,0.31872322992421687,0.8901,0.3100810564994812,0.31825923593714833,234752,235146,"[0.835, 0.97, 0.781, 0.907, 0.84, 0.963, 0.712, 0.967, 0.973, 0.953]","[0.8347996089931574, 0.9695740365111561, 0.7830101569713758, 0.9069529652351738, 0.8624873609706775, 0.965270684371808, 0.745850622406639, 0.9515033947623667, 0.9818181818181818, 0.9457523029682702]",batch,both
FashionMNIST,small,43,10,a2,layerwise,random,baseline,4,0.3,3,0.8951,0.891,0.2906299810767174,0.30979963079094885,225000,0.04314766145288462,224644,0.04305820610687028,0.0,0.0,0,0,0,0.32053933502174914,0.891,0.3097996292591095,0.3278640559874475,234752,235146,"[0.853, 0.972, 0.824, 0.919, 0.819, 0.951, 0.67, 0.967, 0.973, 0.962]","[0.8533724340175953, 0.9695740365111561, 0.8264081255771006, 0.918200408997955, 0.8311425682507584, 0.95097037793667, 0.7085062240663901, 0.9515033947623667, 0.9838383838383838, 0.9600818833162743]",batch,both
FashionMNIST,small,43,10,a2,layerwise,random,baseline,4,0.3,5,0.8975,0.8932,0.28872203842401506,0.30640929335951805,225000,0.04314766145288462,224644,0.04305820610687028,0.0,0.0,0,0,0,0.34440379694569856,0.8932,0.3064092919588089,0.32104518392588943,234752,235146,"[0.845, 0.973, 0.804, 0.906, 0.837, 0.96, 0.711, 0.967, 0.973, 0.956]","[0.8455522971652004, 0.9695740365111561, 0.8060941828254847, 0.9079754601226994, 0.8523761375126391, 0.9662921348314607, 0.7406639004149378, 0.9582929194956353, 0.9838383838383838, 0.9498464687819856]",batch,both
FashionMNIST,small,43,10,a2,layerwise,random,baseline,4,0.4,0,0.8853,0.8783,0.34945281658172606,0.36252035694122314,221529,0.05790870352887145,221186,0.05778864503816794,0.0,0.0,0,0,0,0.3215262780431658,0.8783,0.36252035963535306,0.3294186539715156,234752,235146,"[0.798, 0.967, 0.826, 0.863, 0.815, 0.96, 0.674, 0.963, 0.966, 0.951]","[0.8103616813294232, 0.9675456389452333, 0.8365650969529086, 0.8578732106339468, 0.8372093023255814, 0.958120531154239, 0.7095435684647303, 0.95635305528613, 0.9737373737373738, 0.946775844421699]",batch,both
FashionMNIST,small,43,10,a2,layerwise,random,baseline,4,0.4,1,0.8906,0.8902,0.2939838365793228,0.30913579502105715,221529,0.05790870352887145,221186,0.05778864503816794,0.0,0.0,0,0,0,0.318426956073381,0.8902,0.30913579502105715,0.3295823730295524,234752,235146,"[0.844, 0.97, 0.828, 0.912, 0.825, 0.955, 0.674, 0.965, 0.971, 0.958]","[0.8514173998044966, 0.9665314401622718, 0.8217913204062789, 0.9100204498977505, 0.8281092012133469, 0.9540347293156282, 0.6867219917012448, 0.950533462657614, 0.9838383838383838, 0.95496417604913]",batch,both
FashionMNIST,small,43,10,a2,layerwise,random,baseline,4,0.4,3,0.8946,0.8912,0.2923679719209671,0.30894557778835297,221529,0.05790870352887145,221186,0.05778864503816794,0.0,0.0,0,0,0,0.3135601800167933,0.8912,0.3089455775618553,0.33741337596438825,234752,235146,"[0.832, 0.973, 0.812, 0.914, 0.834, 0.957, 0.692, 0.959, 0.973, 0.966]","[0.8318670576735093, 0.9675456389452333, 0.8162511542012927, 0.908997955010225, 0.8503538928210314, 0.9601634320735445, 0.7230290456431535, 0.9408341416100873, 0.9858585858585859, 0.9662231320368475]",batch,both
FashionMNIST,small,43,10,a2,layerwise,random,baseline,4,0.4,5,0.8955,0.8916,0.29056975787878037,0.3081791722893715,221529,0.05790870352887145,221186,0.05778864503816794,0.0,0.0,0,0,0,0.32163879997096956,0.8916,0.30817917304635045,0.3352885809727013,234752,235146,"[0.839, 0.972, 0.799, 0.916, 0.841, 0.958, 0.696, 0.962, 0.974, 0.959]","[0.8387096774193549, 0.9685598377281948, 0.801477377654663, 0.9151329243353783, 0.8503538928210314, 0.9642492339121552, 0.7302904564315352, 0.9485935984481086, 0.9848484848484849, 0.9590583418628454]",batch,both
FashionMNIST,small,43,10,a2,layerwise,random,baseline,4,0.5,0,0.8833,0.8742,0.41516346192359926,0.4269022770881653,218058,0.07266974560485828,217728,0.0725190839694656,0.0,0.0,0,0,0,0.32918347499798983,0.8742,0.4269022794008255,0.3223368769977242,234752,235146,"[0.837, 0.969, 0.826, 0.864, 0.838, 0.948, 0.574, 0.973, 0.964, 0.949]","[0.8533724340175953, 0.9675456389452333, 0.8291782086795937, 0.8599182004089979, 0.8523761375126391, 0.9550561797752809, 0.6234439834024896, 0.9699321047526673, 0.9747474747474747, 0.9447287615148413]",batch,both
FashionMNIST,small,43,10,a2,layerwise,random,baseline,4,0.5,1,0.8909,0.8879,0.2973474909543991,0.3095458937048912,218058,0.07266974560485828,217728,0.0725190839694656,0.0,0.0,0,0,0,0.3211550200358033,0.8879,0.3095458937287331,0.32561795006040484,234752,235146,"[0.85, 0.97, 0.809, 0.903, 0.83, 0.963, 0.661, 0.961, 0.975, 0.957]","[0.8690127077223851, 0.9655172413793104, 0.814404432132964, 0.9008179959100204, 0.8422649140546006, 0.9611848825331971, 0.6753112033195021, 0.9476236663433559, 0.9818181818181818, 0.9529170931422722]",batch,both
FashionMNIST,small,43,10,a2,layerwise,random,baseline,4,0.5,3,0.8932,0.8903,0.2936331305027008,0.30983293372392656,218058,0.07266974560485828,217728,0.0725190839694656,0.0,0.0,0,0,0,0.32228843006305397,0.8903,0.3098329297423363,0.3208395700203255,234752,235146,"[0.832, 0.97, 0.787, 0.906, 0.836, 0.96, 0.716, 0.966, 0.975, 0.955]","[0.8367546432062561, 0.9655172413793104, 0.7922437673130194, 0.9079754601226994, 0.8533872598584429, 0.9611848825331971, 0.7375518672199171, 0.9544131910766246, 0.9818181818181818, 0.9477993858751279]",batch,both
FashionMNIST,small,43,10,a2,layerwise,random,baseline,4,0.5,5,0.8947,0.8902,0.29372640748023987,0.3086314164340496,218058,0.07266974560485828,217728,0.0725190839694656,0.0,0.0,0,0,0,0.3285807790234685,0.8902,0.30863141911625863,0.3177315889624879,234752,235146,"[0.828, 0.972, 0.773, 0.903, 0.845, 0.967, 0.721, 0.965, 0.973, 0.955]","[0.8357771260997068, 0.9685598377281948, 0.775623268698061, 0.9008179959100204, 0.8665318503538928, 0.9713993871297242, 0.754149377593361, 0.9515033947623667, 0.9848484848484849, 0.946775844421699]",batch,both
FashionMNIST,small,43,10,a2,layerwise,random,baseline,4,0.7,0,0.8457,0.8429,0.6630426599025726,0.6703928204536438,211383,0.10105636498175596,211078,0.10084685114503822,0.0,0.0,0,0,0,0.3393303850898519,0.8429,0.6703928196907043,0.33194977208040655,234752,235146,"[0.853, 0.97, 0.874, 0.878, 0.779, 0.98, 0.257, 0.941, 0.966, 0.931]","[0.8563049853372434, 0.9705882352941176, 0.8651892890120036, 0.8711656441717791, 0.8058645096056622, 0.9724208375893769, 0.26867219917012447, 0.9340446168768186, 0.9727272727272728, 0.9222108495394064]",batch,both
FashionMNIST,small,43,10,a2,layerwise,random,baseline,4,0.7,1,0.8871,0.8804,0.31932339205741883,0.33187634402513505,211383,0.10105636498175596,211078,0.10084685114503822,0.0,0.0,0,0,0,0.3325111619196832,0.8804,0.3318763438463211,0.33980320300906897,234752,235146,"[0.859, 0.963, 0.785, 0.897, 0.83, 0.946, 0.636, 0.958, 0.972, 0.958]","[0.8826979472140762, 0.9634888438133874, 0.7857802400738689, 0.9028629856850716, 0.8513650151668352, 0.9417773237997957, 0.6607883817427386, 0.9485935984481086, 0.9818181818181818, 0.95496417604913]",batch,both
FashionMNIST,small,43,10,a2,layerwise,random,baseline,4,0.7,3,0.8916,0.8857,0.3031460561037064,0.3182168797016144,211383,0.10105636498175596,211078,0.10084685114503822,0.0,0.0,0,0,0,0.3377015929436311,0.8857,0.3182168821930885,0.3436000180663541,234752,235146,"[0.856, 0.97, 0.803, 0.901, 0.822, 0.957, 0.66, 0.956, 0.972, 0.96]","[0.8719452590420332, 0.9645030425963489, 0.8162511542012927, 0.9038854805725971, 0.8422649140546006, 0.9560776302349336, 0.6804979253112033, 0.938894277400582, 0.9838383838383838, 0.9600818833162743]",batch,both
FashionMNIST,small,43,10,a2,layerwise,random,baseline,4,0.7,5,0.8922,0.889,0.2983928693294525,0.31477801789045334,211383,0.10105636498175596,211078,0.10084685114503822,0.0,0.0,0,0,0,0.3147080969065428,0.889,0.31477801598310473,0.3250041190767661,234752,235146,"[0.844, 0.971, 0.785, 0.894, 0.849, 0.961, 0.693, 0.961, 0.973, 0.959]","[0.8582600195503421, 0.9655172413793104, 0.7959372114496768, 0.8926380368098159, 0.8614762386248737, 0.9601634320735445, 0.7095435684647303, 0.944713870029098, 0.9838383838383838, 0.95496417604913]",batch,both
FashionMNIST,small,43,10,all,all,output_weight_norm,baseline,,0.05,0,0.8909,0.8842,0.3070683268547058,0.3261639999270439,222660,0.05309892577377462,222284,0.05311136859323884,0.26572920696344227,21.6025390625,16,0,2048,0.33209476503543556,0.8842,0.3261640025258064,0.3339180329348892,234752,235146,"[0.844, 0.972, 0.83, 0.867, 0.815, 0.954, 0.672, 0.972, 0.968, 0.948]","[0.8602150537634409, 0.9716024340770791, 0.8411819021237303, 0.8650306748466258, 0.8341759352881699, 0.9570990806945863, 0.6908713692946058, 0.9631425800193987, 0.9767676767676767, 0.9477993858751279]",batch,both
FashionMNIST,small,43,10,all,all,output_weight_norm,baseline,,0.05,1,0.8962,0.8907,0.29171280719041826,0.3120766797065735,222660,0.05309892577377462,222284,0.05311136859323884,0.26572920696344227,21.6025390625,16,0,2048,0.3212194889783859,0.8907,0.3120766763687134,0.3313602349953726,234752,235146,"[0.842, 0.973, 0.815, 0.911, 0.809, 0.961, 0.702, 0.962, 0.97, 0.962]","[0.8494623655913979, 0.9685598377281948, 0.8245614035087719, 0.911042944785276, 0.8200202224469161, 0.9632277834525026, 0.733402489626556, 0.9524733268671193, 0.9828282828282828, 0.9600818833162743]",batch,both
FashionMNIST,small,43,10,all,all,output_weight_norm,baseline,,0.05,3,0.8981,0.8918,0.2910816246509552,0.31204830290079116,222660,0.05309892577377462,222284,0.05311136859323884,0.26572920696344227,21.6025390625,16,0,2048,0.32383762497920543,0.8918,0.31204829919934274,0.33054884907323867,234752,235146,"[0.847, 0.973, 0.793, 0.912, 0.823, 0.963, 0.712, 0.962, 0.972, 0.961]","[0.8543499511241447, 0.9705882352941176, 0.8033240997229917, 0.9059304703476483, 0.8452982810920121, 0.9622063329928499, 0.7510373443983402, 0.9476236663433559, 0.9828282828282828, 0.9641760491299898]",batch,both
FashionMNIST,small,43,10,all,all,output_weight_norm,baseline,,0.05,5,0.8973,0.8942,0.2923732810974121,0.3148304230451584,222660,0.05309892577377462,222284,0.05311136859323884,0.26572920696344227,21.6025390625,16,0,2048,0.32053786201868206,0.8942,0.31483041825294494,0.3338769809342921,234752,235146,"[0.852, 0.974, 0.817, 0.92, 0.832, 0.96, 0.692, 0.96, 0.97, 0.965]","[0.8543499511241447, 0.9695740365111561, 0.817174515235457, 0.9222903885480572, 0.840242669362993, 0.9662921348314607, 0.7147302904564315, 0.950533462657614, 0.9828282828282828, 0.9590583418628454]",batch,both
FashionMNIST,small,43,10,all,all,output_weight_norm,baseline,,0.1,0,0.8889,0.8833,0.31132387585639953,0.33005890674591065,209417,0.10941712808212767,209060,0.10944315703380592,0.26572920696344227,21.6025390625,16,0,2048,0.32106889702845365,0.8833,0.33005890231132506,0.34142201906070113,234752,235146,"[0.828, 0.973, 0.831, 0.863, 0.828, 0.961, 0.671, 0.973, 0.966, 0.939]","[0.8455522971652004, 0.9716024340770791, 0.8384118190212373, 0.8578732106339468, 0.8473205257836198, 0.9570990806945863, 0.6898340248962656, 0.9660523763336566, 0.9767676767676767, 0.9375639713408394]",batch,both
FashionMNIST,small,43,10,all,all,output_weight_norm,baseline,,0.1,1,0.895,0.8905,0.2896882470488548,0.31039614951610567,209417,0.10941712808212767,209060,0.10944315703380592,0.26572920696344227,21.6025390625,16,0,2048,0.33325181098189205,0.8905,0.31039614431858065,0.34525957703590393,234752,235146,"[0.857, 0.972, 0.823, 0.915, 0.824, 0.959, 0.663, 0.969, 0.975, 0.948]","[0.8670576735092864, 0.9695740365111561, 0.8162511542012927, 0.9141104294478528, 0.8382204246713852, 0.9673135852911133, 0.6887966804979253, 0.9612027158098934, 0.9848484848484849, 0.9447287615148413]",batch,both
FashionMNIST,small,43,10,all,all,output_weight_norm,baseline,,0.1,3,0.8965,0.8919,0.29329501448869705,0.3146569219648838,209417,0.10941712808212767,209060,0.10944315703380592,0.26572920696344227,21.6025390625,16,0,2048,0.3395602460950613,0.8919,0.31465692178606985,0.34129610506352037,234752,235146,"[0.841, 0.973, 0.829, 0.922, 0.812, 0.952, 0.691, 0.965, 0.974, 0.96]","[0.841642228739003, 0.9685598377281948, 0.8208679593721145, 0.9233128834355828, 0.8301314459049545, 0.9530132788559755, 0.7313278008298755, 0.9553831231813773, 0.9848484848484849, 0.9600818833162743]",batch,both
FashionMNIST,small,43,10,all,all,output_weight_norm,baseline,,0.1,5,0.8979,0.8933,0.2906018224954605,0.31173100363016126,209417,0.10941712808212767,209060,0.10944315703380592,0.26572920696344227,21.6025390625,16,0,2048,0.31896717089693993,0.8933,0.3117310088098049,0.32613516598939896,234752,235146,"[0.846, 0.972, 0.819, 0.9, 0.845, 0.962, 0.699, 0.963, 0.969, 0.958]","[0.8484848484848485, 0.9675456389452333, 0.8208679593721145, 0.8997955010224948, 0.8584428715874621, 0.9662921348314607, 0.7344398340248963, 0.9524733268671193, 0.9828282828282828, 0.9518935516888434]",batch,both
FashionMNIST,small,43,10,all,all,output_weight_norm,baseline,,0.2,0,0.8871,0.8802,0.3275787635803223,0.3462993316411972,183183,0.2209818580796612,182865,0.22102900081788446,0.26572920696344227,21.6025390625,16,0,2048,0.3348196919541806,0.8802,0.3462993364095688,0.3398655130295083,234752,235146,"[0.838, 0.971, 0.824, 0.873, 0.827, 0.97, 0.651, 0.969, 0.953, 0.926]","[0.855327468230694, 0.9726166328600405, 0.827331486611265, 0.8742331288343558, 0.846309403437816, 0.9673135852911133, 0.6721991701244814, 0.9582929194956353, 0.9707070707070707, 0.9263050153531218]",batch,both
FashionMNIST,small,43,10,all,all,output_weight_norm,baseline,,0.2,1,0.8947,0.8909,0.2924895762681961,0.3082702919602394,183183,0.2209818580796612,182865,0.22102900081788446,0.26572920696344227,21.6025390625,16,0,2048,0.3137143669882789,0.8909,0.3082702856302261,0.3270348369842395,234752,235146,"[0.853, 0.972, 0.798, 0.911, 0.85, 0.968, 0.674, 0.945, 0.972, 0.966]","[0.8621700879765396, 0.9685598377281948, 0.7977839335180056, 0.9059304703476483, 0.8645096056622852, 0.9703779366700716, 0.7033195020746889, 0.9311348205625606, 0.9828282828282828, 0.9662231320368475]",batch,both
FashionMNIST,small,43,10,all,all,output_weight_norm,baseline,,0.2,3,0.8946,0.8914,0.29159093742370606,0.30993185551166536,183183,0.2209818580796612,182865,0.22102900081788446,0.26572920696344227,21.6025390625,16,0,2048,0.33046541700605303,0.8914,0.30993186160326003,0.33611283905338496,234752,235146,"[0.858, 0.971, 0.813, 0.899, 0.847, 0.964, 0.669, 0.965, 0.973, 0.955]","[0.8611925708699902, 0.9695740365111561, 0.8088642659279779, 0.9028629856850716, 0.8604651162790697, 0.9673135852911133, 0.6939834024896265, 0.9495635305528612, 0.9828282828282828, 0.9529170931422722]",batch,both
FashionMNIST,small,43,10,all,all,output_weight_norm,baseline,,0.2,5,0.8959,0.8913,0.29058167595863343,0.3095491666018963,183183,0.2209818580796612,182865,0.22102900081788446,0.26572920696344227,21.6025390625,16,0,2048,0.3267433129949495,0.8913,0.3095491683125496,0.3430489170132205,234752,235146,"[0.846, 0.973, 0.782, 0.903, 0.844, 0.96, 0.71, 0.962, 0.974, 0.959]","[0.852394916911046, 0.9685598377281948, 0.7903970452446907, 0.9130879345603272, 0.8574317492416582, 0.958120531154239, 0.7271784232365145, 0.9524733268671193, 0.9828282828282828, 0.9631525076765609]",batch,both
FashionMNIST,small,43,10,all,all,output_weight_norm,baseline,,0.3,0,0.8808,0.8724,0.39288068215847016,0.4084590789079666,158500,0.32595068595680976,158220,0.3260121319520175,0.26572920696344227,21.6025390625,16,0,2048,0.3170388549333438,0.8724,0.40845908048152924,0.3383934950688854,234752,235146,"[0.851, 0.971, 0.823, 0.826, 0.82, 0.973, 0.649, 0.964, 0.94, 0.907]","[0.8660801564027371, 0.9726166328600405, 0.8245614035087719, 0.8231083844580777, 0.8341759352881699, 0.975485188968335, 0.6784232365145229, 0.9592628516003879, 0.9575757575757575, 0.9150460593654043]",batch,both
FashionMNIST,small,43,10,all,all,output_weight_norm,baseline,,0.3,1,0.8939,0.889,0.29250578470230104,0.310301675593853,158500,0.32595068595680976,158220,0.3260121319520175,0.26572920696344227,21.6025390625,16,0,2048,0.32850539905484766,0.889,0.31030167655944824,0.3193480549380183,234752,235146,"[0.846, 0.971, 0.804, 0.908, 0.845, 0.958, 0.669, 0.963, 0.974, 0.952]","[0.8602150537634409, 0.9685598377281948, 0.8060941828254847, 0.9069529652351738, 0.8564206268958544, 0.9601634320735445, 0.696058091286307, 0.9495635305528612, 0.9838383838383838, 0.95496417604913]",batch,both
FashionMNIST,small,43,10,all,all,output_weight_norm,baseline,,0.3,3,0.8957,0.8908,0.29299827517271043,0.3110043200314045,158500,0.32595068595680976,158220,0.3260121319520175,0.26572920696344227,21.6025390625,16,0,2048,0.33371992502361536,0.8908,0.31100432403087613,0.32646308199036866,234752,235146,"[0.846, 0.971, 0.808, 0.907, 0.818, 0.966, 0.701, 0.965, 0.973, 0.953]","[0.8582600195503421, 0.9675456389452333, 0.8060941828254847, 0.911042944785276, 0.8291203235591507, 0.9713993871297242, 0.7344398340248963, 0.953443258971872, 0.9828282828282828, 0.9477993858751279]",batch,both
FashionMNIST,small,43,10,all,all,output_weight_norm,baseline,,0.3,5,0.8947,0.8914,0.29033814808130265,0.3111495248198509,158500,0.32595068595680976,158220,0.3260121319520175,0.26572920696344227,21.6025390625,16,0,2048,0.32167753600515425,0.8914,0.311149523460865,0.3201330100419,234752,235146,"[0.855, 0.973, 0.813, 0.906, 0.838, 0.968, 0.671, 0.952, 0.974, 0.964]","[0.8651026392961877, 0.9695740365111561, 0.8153277931671283, 0.9079754601226994, 0.846309403437816, 0.9662921348314607, 0.6939834024896265, 0.938894277400582, 0.9828282828282828, 0.9641760491299898]",batch,both
FashionMNIST,small,43,10,all,all,output_weight_norm,baseline,,0.4,0,0.8626,0.8477,0.5052681345939636,0.516788876247406,133605,0.43182108137072284,133364,0.4318940839694656,0.26572920696344227,21.6025390625,16,0,2048,0.3334907169919461,0.8477,0.516788888835907,0.314578436082229,234752,235146,"[0.814, 0.976, 0.808, 0.692, 0.812, 0.981, 0.631, 0.948, 0.923, 0.892]","[0.8357771260997068, 0.9756592292089249, 0.8236380424746076, 0.6983640081799591, 0.8432760364004045, 0.9785495403472931, 0.6794605809128631, 0.9485935984481086, 0.9464646464646465, 0.8925281473899693]",batch,both
FashionMNIST,small,43,10,all,all,output_weight_norm,baseline,,0.4,1,0.8918,0.8866,0.3012178170084953,0.3154779282450676,133605,0.43182108137072284,133364,0.4318940839694656,0.26572920696344227,21.6025390625,16,0,2048,0.3295679490547627,0.8866,0.31547792576551437,0.35559940594248474,234752,235146,"[0.848, 0.971, 0.786, 0.908, 0.844, 0.96, 0.662, 0.958, 0.974, 0.955]","[0.8572825024437928, 0.9665314401622718, 0.7839335180055401, 0.911042944785276, 0.8584428715874621, 0.9622063329928499, 0.691908713692946, 0.9524733268671193, 0.9828282828282828, 0.9570112589559877]",batch,both
FashionMNIST,small,43,10,all,all,output_weight_norm,baseline,,0.4,3,0.8947,0.8893,0.29491202627420426,0.31236877425909043,133605,0.43182108137072284,133364,0.4318940839694656,0.26572920696344227,21.6025390625,16,0,2048,0.32697692792862654,0.8893,0.3123687749862671,0.35784666799008846,234752,235146,"[0.856, 0.972, 0.818, 0.903, 0.845, 0.963, 0.649, 0.953, 0.974, 0.96]","[0.8699902248289345, 0.9665314401622718, 0.814404432132964, 0.908997955010225, 0.8564206268958544, 0.9683350357507661, 0.6784232365145229, 0.94180407371484, 0.9858585858585859, 0.9590583418628454]",batch,both
FashionMNIST,small,43,10,all,all,output_weight_norm,baseline,,0.4,5,0.8951,0.8897,0.2909693370461464,0.3106230465888977,133605,0.43182108137072284,133364,0.4318940839694656,0.26572920696344227,21.6025390625,16,0,2048,0.31900884909555316,0.8897,0.3106230467915535,0.33087631803937256,234752,235146,"[0.853, 0.972, 0.809, 0.916, 0.824, 0.964, 0.666, 0.967, 0.975, 0.951]","[0.8651026392961877, 0.9685598377281948, 0.8005540166204986, 0.9233128834355828, 0.839231547017189, 0.9662921348314607, 0.6970954356846473, 0.9573229873908826, 0.9848484848484849, 0.9529170931422722]",batch,both
FashionMNIST,small,43,10,all,all,output_weight_norm,baseline,,0.5,0,0.8452,0.836,0.633021318769455,0.6422088536262512,109386,0.5348166670919343,109184,0.534896401308615,0.26572920696344227,21.6025390625,16,0,2048,0.32800212409347296,0.836,0.6422088643074035,0.32786638499237597,234752,235146,"[0.88, 0.971, 0.864, 0.765, 0.676, 0.982, 0.511, 0.953, 0.914, 0.844]","[0.8836754643206256, 0.973630831643002, 0.8605724838411819, 0.7678936605316974, 0.6956521739130435, 0.982635342185904, 0.5373443983402489, 0.9612027158098934, 0.9313131313131313, 0.8433981576253838]",batch,both
FashionMNIST,small,43,10,all,all,output_weight_norm,baseline,,0.5,1,0.8891,0.8794,0.31841176691055295,0.3331385235309601,109386,0.5348166670919343,109184,0.534896401308615,0.26572920696344227,21.6025390625,16,0,2048,0.3367333839414641,0.8794,0.3331385241031647,0.34313594503328204,234752,235146,"[0.858, 0.966, 0.768, 0.888, 0.857, 0.955, 0.62, 0.954, 0.973, 0.955]","[0.884652981427175, 0.9665314401622718, 0.7802400738688827, 0.8977505112474438, 0.8705763397371082, 0.9570990806945863, 0.6545643153526971, 0.9456838021338506, 0.9797979797979798, 0.9580348004094166]",batch,both
FashionMNIST,small,43,10,all,all,output_weight_norm,baseline,,0.5,3,0.892,0.8867,0.301729079580307,0.3196667896986008,109386,0.5348166670919343,109184,0.534896401308615,0.26572920696344227,21.6025390625,16,0,2048,0.31215998402331024,0.8867,0.3196667982459068,0.3291154040489346,234752,235146,"[0.857, 0.971, 0.799, 0.918, 0.824, 0.964, 0.649, 0.962, 0.972, 0.951]","[0.8768328445747801, 0.9685598377281948, 0.7959372114496768, 0.918200408997955, 0.8372093023255814, 0.965270684371808, 0.6753112033195021, 0.953443258971872, 0.9818181818181818, 0.9508700102354145]",batch,both
FashionMNIST,small,43,10,all,all,output_weight_norm,baseline,,0.5,5,0.8928,0.8868,0.2976601282835007,0.3167566993892193,109386,0.5348166670919343,109184,0.534896401308615,0.26572920696344227,21.6025390625,16,0,2048,0.32020251092035323,0.8868,0.31675669979453086,0.32009474805090576,234752,235146,"[0.844, 0.969, 0.797, 0.91, 0.834, 0.968, 0.664, 0.957, 0.972, 0.953]","[0.8680351906158358, 0.9685598377281948, 0.7968605724838412, 0.9151329243353783, 0.8473205257836198, 0.9693564862104188, 0.6794605809128631, 0.9515033947623667, 0.9828282828282828, 0.9529170931422722]",batch,both
FashionMNIST,small,43,10,all,all,output_weight_norm,baseline,,0.7,0,0.7405,0.7385,1.1539046279907226,1.1538340781211853,63887,0.728309220654402,63761,0.7283899604689203,0.26572920696344227,21.6025390625,16,0,2048,0.3110488560050726,0.7385,1.1538340871810913,0.34572420502081513,234752,235146,"[0.793, 0.951, 0.769, 0.411, 0.437, 0.979, 0.561, 0.913, 0.707, 0.864]","[0.7966764418377321, 0.9482758620689655, 0.7645429362880887, 0.39570552147239263, 0.435793731041456, 0.9795709908069459, 0.5933609958506224, 0.9088263821532493, 0.7242424242424242, 0.8433981576253838]",batch,both
FashionMNIST,small,43,10,all,all,output_weight_norm,baseline,,0.7,1,0.8586,0.8535,0.4149576075792313,0.4229025285482407,63887,0.728309220654402,63761,0.7283899604689203,0.26572920696344227,21.6025390625,16,0,2048,0.32425255700945854,0.8535,0.42290253314971926,0.3288084398955107,234752,235146,"[0.878, 0.963, 0.727, 0.896, 0.819, 0.947, 0.462, 0.927, 0.96, 0.956]","[0.8905180840664711, 0.9645030425963489, 0.7442289935364728, 0.8997955010224948, 0.8088978766430738, 0.9438202247191011, 0.5031120331950207, 0.9224054316197866, 0.9656565656565657, 0.9437052200614124]",batch,both
FashionMNIST,small,43,10,all,all,output_weight_norm,baseline,,0.7,3,0.8749,0.8719,0.3510574884176254,0.36196476967334745,63887,0.728309220654402,63761,0.7283899604689203,0.26572920696344227,21.6025390625,16,0,2048,0.36356299300678074,0.8719,0.36196476380825043,0.41196380893234164,234752,235146,"[0.857, 0.968, 0.776, 0.901, 0.793, 0.952, 0.593, 0.965, 0.969, 0.945]","[0.8699902248289345, 0.9665314401622718, 0.7830101569713758, 0.8977505112474438, 0.8159757330637007, 0.9427987742594485, 0.6161825726141079, 0.953443258971872, 0.9727272727272728, 0.9314227226202662]",batch,both
FashionMNIST,small,43,10,all,all,output_weight_norm,baseline,,0.7,5,0.8802,0.8758,0.3337040787935257,0.3473384816646576,63887,0.728309220654402,63761,0.7283899604689203,0.26572920696344227,21.6025390625,16,0,2048,0.33993231307249516,0.8758,0.34733848359584807,0.32354909204877913,234752,235146,"[0.847, 0.968, 0.798, 0.905, 0.795, 0.965, 0.606, 0.945, 0.972, 0.957]","[0.8592375366568915, 0.9665314401622718, 0.801477377654663, 0.9008179959100204, 0.813953488372093, 0.9560776302349336, 0.6441908713692946, 0.9359844810863239, 0.9727272727272728, 0.9529170931422722]",batch,both
FashionMNIST,small,43,10,a1,layerwise,output_weight_norm,baseline,,0.05,0,0.8909,0.8843,0.30677847300767896,0.3257327393531799,224190,0.04659232987165418,223808,0.04661941112322787,0.26572920696344227,21.6025390625,16,0,2048,0.3176999060669914,0.8843,0.3257327366828918,0.33719124004710466,234752,235146,"[0.847, 0.972, 0.83, 0.869, 0.816, 0.949, 0.67, 0.971, 0.968, 0.951]","[0.8602150537634409, 0.9705882352941176, 0.8411819021237303, 0.869120654396728, 0.8341759352881699, 0.9540347293156282, 0.6908713692946058, 0.9602327837051406, 0.9767676767676767, 0.9508700102354145]",batch,both
FashionMNIST,small,43,10,a1,layerwise,output_weight_norm,baseline,,0.05,1,0.8953,0.8911,0.292075162088871,0.30935707738399504,224190,0.04659232987165418,223808,0.04661941112322787,0.26572920696344227,21.6025390625,16,0,2048,0.3239083340158686,0.8911,0.3093570812225342,0.3391740859951824,234752,235146,"[0.85, 0.974, 0.809, 0.904, 0.823, 0.964, 0.7, 0.965, 0.971, 0.951]","[0.8602150537634409, 0.9695740365111561, 0.8134810710987996, 0.9028629856850716, 0.8351870576339737, 0.9642492339121552, 0.720954356846473, 0.9544131910766246, 0.9848484848484849, 0.9508700102354145]",batch,both
FashionMNIST,small,43,10,a1,layerwise,output_weight_norm,baseline,,0.05,3,0.8966,0.8925,0.29396844561100005,0.31372051975727083,224190,0.04659232987165418,223808,0.04661941112322787,0.26572920696344227,21.6025390625,16,0,2048,0.32575023104436696,0.8925,0.31372051975727083,0.33593063498847187,234752,235146,"[0.833, 0.974, 0.796, 0.918, 0.847, 0.963, 0.7, 0.956, 0.972, 0.966]","[0.8328445747800587, 0.9695740365111561, 0.7894736842105263, 0.9151329243353783, 0.865520728008089, 0.9693564862104188, 0.7354771784232366, 0.94180407371484, 0.9848484848484849, 0.970317297850563]",batch,both
FashionMNIST,small,43,10,a1,layerwise,output_weight_norm,baseline,,0.05,5,0.8981,0.8928,0.2918095242023468,0.31426924363970754,224190,0.04659232987165418,223808,0.04661941112322787,0.26572920696344227,21.6025390625,16,0,2048,0.3189511919626966,0.8928,0.31426923943161966,0.34048073703888804,234752,235146,"[0.86, 0.973, 0.811, 0.905, 0.847, 0.961, 0.676, 0.965, 0.972, 0.958]","[0.8807429130009775, 0.9705882352941176, 0.8162511542012927, 0.901840490797546, 0.8503538928210314, 0.9611848825331971, 0.7074688796680498, 0.9524733268671193, 0.9838383838383838, 0.9590583418628454]",batch,both
FashionMNIST,small,43,10,a1,layerwise,output_weight_norm,baseline,,0.1,0,0.8893,0.8846,0.3077742110967636,0.32692358196973803,212321,0.09706735389927956,211952,0.09712377317339149,0.26572920696344227,21.6025390625,16,0,2048,0.32675302994903177,0.8846,0.3269235850095749,0.3330525610363111,234752,235146,"[0.845, 0.972, 0.828, 0.866, 0.828, 0.954, 0.665, 0.972, 0.967, 0.949]","[0.8563049853372434, 0.9716024340770791, 0.8356417359187442, 0.8629856850715747, 0.8442871587462083, 0.9560776302349336, 0.6773858921161826, 0.9631425800193987, 0.9767676767676767, 0.9477993858751279]",batch,both
FashionMNIST,small,43,10,a1,layerwise,output_weight_norm,baseline,,0.1,1,0.8949,0.8914,0.29325846382379533,0.3127767887949944,212321,0.09706735389927956,211952,0.09712377317339149,0.26572920696344227,21.6025390625,16,0,2048,0.32675558899063617,0.8914,0.31277678842544554,0.3296630100812763,234752,235146,"[0.824, 0.972, 0.822, 0.908, 0.844, 0.963, 0.686, 0.967, 0.975, 0.953]","[0.8279569892473119, 0.9685598377281948, 0.8153277931671283, 0.8997955010224948, 0.8594539939332659, 0.9662921348314607, 0.7261410788381742, 0.95635305528613, 0.9848484848484849, 0.9488229273285568]",batch,both
FashionMNIST,small,43,10,a1,layerwise,output_weight_norm,baseline,,0.1,3,0.8951,0.8923,0.2909829541683197,0.3082349044799805,212321,0.09706735389927956,211952,0.09712377317339149,0.26572920696344227,21.6025390625,16,0,2048,0.33250373392365873,0.8923,0.3082349041104317,0.3446104999165982,234752,235146,"[0.839, 0.973, 0.829, 0.9, 0.834, 0.961, 0.695, 0.965, 0.976, 0.951]","[0.8514173998044966, 0.9685598377281948, 0.8254847645429363, 0.8987730061349694, 0.8382204246713852, 0.9642492339121552, 0.7199170124481328, 0.9553831231813773, 0.9828282828282828, 0.9488229273285568]",batch,both
FashionMNIST,small,43,10,a1,layerwise,output_weight_norm,baseline,,0.1,5,0.8966,0.8943,0.2904759960770607,0.3124843280851841,212321,0.09706735389927956,211952,0.09712377317339149,0.26572920696344227,21.6025390625,16,0,2048,0.32700721302535385,0.8943,0.31248432807326315,0.32410947897005826,234752,235146,"[0.831, 0.972, 0.813, 0.912, 0.839, 0.965, 0.715, 0.958, 0.971, 0.967]","[0.8328445747800587, 0.9695740365111561, 0.804247460757156, 0.9120654396728016, 0.8513650151668352, 0.9713993871297242, 0.745850622406639, 0.9427740058195926, 0.9828282828282828, 0.9600818833162743]",batch,both
FashionMNIST,small,43,10,a1,layerwise,output_weight_norm,baseline,,0.2,0,0.8879,0.8808,0.31338890316486356,0.33227080906629564,188583,0.19801740195453033,188240,0.19813249727371862,0.26572920696344227,21.6025390625,16,0,2048,0.3328528089914471,0.8808,0.3322708124876022,0.32139035302679986,234752,235146,"[0.849, 0.97, 0.814, 0.884, 0.837, 0.97, 0.623, 0.964, 0.958, 0.939]","[0.8651026392961877, 0.9716024340770791, 0.8254847645429363, 0.8834355828220859, 0.8564206268958544, 0.9642492339121552, 0.6545643153526971, 0.9544131910766246, 0.9707070707070707, 0.932446264073695]",batch,both
FashionMNIST,small,43,10,a1,layerwise,output_weight_norm,baseline,,0.2,1,0.8958,0.8906,0.2907027641534805,0.30891275606155394,188583,0.19801740195453033,188240,0.19813249727371862,0.26572920696344227,21.6025390625,16,0,2048,0.3439225909532979,0.8906,0.3089127503633499,0.3637970769777894,234752,235146,"[0.847, 0.969, 0.806, 0.908, 0.828, 0.968, 0.694, 0.957, 0.971, 0.958]","[0.8602150537634409, 0.9685598377281948, 0.8088642659279779, 0.9100204498977505, 0.8412537917087968, 0.9693564862104188, 0.7240663900414938, 0.9456838021338506, 0.9828282828282828, 0.9518935516888434]",batch,both
FashionMNIST,small,43,10,a1,layerwise,output_weight_norm,baseline,,0.2,3,0.8954,0.8934,0.2916949108839035,0.3095820621371269,188583,0.19801740195453033,188240,0.19813249727371862,0.26572920696344227,21.6025390625,16,0,2048,0.3209731149254367,0.8934,0.3095820663750172,0.34412764699663967,234752,235146,"[0.852, 0.973, 0.792, 0.913, 0.847, 0.964, 0.698, 0.965, 0.975, 0.955]","[0.852394916911046, 0.9705882352941176, 0.7996306555863343, 0.908997955010225, 0.8584428715874621, 0.9662921348314607, 0.7157676348547718, 0.953443258971872, 0.9828282828282828, 0.9508700102354145]",batch,both
FashionMNIST,small,43,10,a1,layerwise,output_weight_norm,baseline,,0.2,5,0.8948,0.8919,0.2930661984920502,0.31161296813488004,188583,0.19801740195453033,188240,0.19813249727371862,0.26572920696344227,21.6025390625,16,0,2048,0.33887756592594087,0.8919,0.31161296125650406,0.34080967504996806,234752,235146,"[0.847, 0.968, 0.789, 0.909, 0.835, 0.964, 0.715, 0.959, 0.975, 0.958]","[0.8514173998044966, 0.9685598377281948, 0.7894736842105263, 0.9120654396728016, 0.8473205257836198, 0.9693564862104188, 0.7313278008298755, 0.9476236663433559, 0.9828282828282828, 0.95496417604913]",batch,both
FashionMNIST,small,43,10,a1,layerwise,output_weight_norm,baseline,,0.3,0,0.8858,0.8769,0.3277646133422852,0.34386974308490753,165758,0.29508475585381,165440,0.2952562704471101,0.26572920696344227,21.6025390625,16,0,2048,0.3234439839143306,0.8769,0.34386974308490753,0.34551656199619174,234752,235146,"[0.864, 0.971, 0.784, 0.884, 0.847, 0.971, 0.612, 0.958, 0.957, 0.921]","[0.8719452590420332, 0.9716024340770791, 0.7996306555863343, 0.8844580777096115, 0.8624873609706775, 0.9734422880490297, 0.6493775933609959, 0.950533462657614, 0.9686868686868687, 0.9273285568065507]",batch,both
FashionMNIST,small,43,10,a1,layerwise,output_weight_norm,baseline,,0.3,1,0.8938,0.8903,0.29257355555295944,0.3088705718636513,165758,0.29508475585381,165440,0.2952562704471101,0.26572920696344227,21.6025390625,16,0,2048,0.3341429440770298,0.8903,0.30887057169675824,0.32847585005220026,234752,235146,"[0.848, 0.972, 0.808, 0.911, 0.839, 0.957, 0.672, 0.963, 0.976, 0.957]","[0.8533724340175953, 0.9685598377281948, 0.8033240997229917, 0.9120654396728016, 0.8503538928210314, 0.965270684371808, 0.7033195020746889, 0.9495635305528612, 0.9828282828282828, 0.9539406345957011]",batch,both
FashionMNIST,small,43,10,a1,layerwise,output_weight_norm,baseline,,0.3,3,0.8956,0.8918,0.29296069890260695,0.31085666479468343,165758,0.29508475585381,165440,0.2952562704471101,0.26572920696344227,21.6025390625,16,0,2048,0.32204152399208397,0.8918,0.31085666779875754,0.32509248692076653,234752,235146,"[0.84, 0.972, 0.814, 0.905, 0.847, 0.959, 0.683, 0.968, 0.973, 0.957]","[0.8435972629521017, 0.9675456389452333, 0.8097876269621422, 0.9059304703476483, 0.8513650151668352, 0.9642492339121552, 0.7188796680497925, 0.95635305528613, 0.9828282828282828, 0.9600818833162743]",batch,both
FashionMNIST,small,43,10,a1,layerwise,output_weight_norm,baseline,,0.3,5,0.8964,0.8921,0.29297747073173525,0.3143250289976597,165758,0.29508475585381,165440,0.2952562704471101,0.26572920696344227,21.6025390625,16,0,2048,0.32451335503719747,0.8921,0.3143250278770924,0.30969162099063396,234752,235146,"[0.854, 0.972, 0.828, 0.91, 0.819, 0.96, 0.681, 0.962, 0.974, 0.961]","[0.863147605083089, 0.9695740365111561, 0.8190212373037857, 0.9212678936605317, 0.8260869565217391, 0.9601634320735445, 0.7126556016597511, 0.9495635305528612, 0.9828282828282828, 0.9631525076765609]",batch,both
FashionMNIST,small,43,10,a1,layerwise,output_weight_norm,baseline,,0.4,0,0.8778,0.8698,0.358316450881958,0.3725221405267716,142020,0.39603480390906076,141728,0.39626499454743724,0.26572920696344227,21.6025390625,16,0,2048,0.313629498006776,0.8698,0.372522146987915,0.3281530599342659,234752,235146,"[0.867, 0.976, 0.798, 0.855, 0.838, 0.972, 0.581, 0.946, 0.958, 0.907]","[0.8690127077223851, 0.9766734279918864, 0.8051708217913204, 0.852760736196319, 0.8513650151668352, 0.9734422880490297, 0.6224066390041494, 0.9408341416100873, 0.9727272727272728, 0.9129989764585466]",batch,both
FashionMNIST,small,43,10,a1,layerwise,output_weight_norm,baseline,,0.4,1,0.8934,0.8882,0.2942580528020859,0.3105734125137329,142020,0.39603480390906076,141728,0.39626499454743724,0.26572920696344227,21.6025390625,16,0,2048,0.32607142999768257,0.8882,0.310573415184021,0.33096916205249727,234752,235146,"[0.843, 0.97, 0.796, 0.903, 0.83, 0.961, 0.69, 0.964, 0.971, 0.954]","[0.8572825024437928, 0.9675456389452333, 0.7839335180055401, 0.9049079754601227, 0.8614762386248737, 0.9632277834525026, 0.7188796680497925, 0.950533462657614, 0.9787878787878788, 0.9539406345957011]",batch,both
FashionMNIST,small,43,10,a1,layerwise,output_weight_norm,baseline,,0.4,3,0.8934,0.891,0.29487357100248335,0.3107860610723496,142020,0.39603480390906076,141728,0.39626499454743724,0.26572920696344227,21.6025390625,16,0,2048,0.32952310401014984,0.891,0.31078606504797934,0.33300038194283843,234752,235146,"[0.848, 0.97, 0.809, 0.905, 0.846, 0.961, 0.674, 0.962, 0.974, 0.961]","[0.8602150537634409, 0.9655172413793104, 0.7940904893813481, 0.9069529652351738, 0.8604651162790697, 0.9673135852911133, 0.6970954356846473, 0.9476236663433559, 0.9838383838383838, 0.9559877175025588]",batch,both
FashionMNIST,small,43,10,a1,layerwise,output_weight_norm,baseline,,0.4,5,0.8944,0.8902,0.29451388643980025,0.31303494682908056,142020,0.39603480390906076,141728,0.39626499454743724,0.26572920696344227,21.6025390625,16,0,2048,0.32772823492996395,0.8902,0.31303495044112206,0.32840013899840415,234752,235146,"[0.827, 0.974, 0.818, 0.916, 0.812, 0.958, 0.71, 0.967, 0.973, 0.947]","[0.8406647116324536, 0.9685598377281948, 0.804247460757156, 0.9253578732106339, 0.8220424671385238, 0.965270684371808, 0.7302904564315352, 0.9592628516003879, 0.9828282828282828, 0.9508700102354145]",batch,both
FashionMNIST,small,43,10,a1,layerwise,output_weight_norm,baseline,,0.5,0,0.8635,0.8554,0.4224972537994385,0.4341974488735199,118282,0.4969848519643115,118016,0.4972737186477645,0.26572920696344227,21.6025390625,16,0,2048,0.31952247803565115,0.8554,0.43419745845794677,0.32456922193523496,234752,235146,"[0.918, 0.976, 0.778, 0.826, 0.842, 0.974, 0.456, 0.934, 0.962, 0.888]","[0.9247311827956989, 0.9756592292089249, 0.7710064635272391, 0.8231083844580777, 0.8483316481294236, 0.9785495403472931, 0.5124481327800829, 0.9321047526673133, 0.9686868686868687, 0.8966223132036848]",batch,both
FashionMNIST,small,43,10,a1,layerwise,output_weight_norm,baseline,,0.5,1,0.8915,0.8848,0.3023847311973572,0.31964928032159806,118282,0.4969848519643115,118016,0.4972737186477645,0.26572920696344227,21.6025390625,16,0,2048,0.3329598649870604,0.8848,0.3196492797732353,0.32761228806339204,234752,235146,"[0.839, 0.972, 0.81, 0.911, 0.819, 0.959, 0.65, 0.97, 0.971, 0.947]","[0.8621700879765396, 0.9716024340770791, 0.8051708217913204, 0.9120654396728016, 0.8432760364004045, 0.9601634320735445, 0.6773858921161826, 0.962172647914646, 0.9797979797979798, 0.9437052200614124]",batch,both
FashionMNIST,small,43,10,a1,layerwise,output_weight_norm,baseline,,0.5,3,0.8941,0.8879,0.2987848907351494,0.3165989585697651,118282,0.4969848519643115,118016,0.4972737186477645,0.26572920696344227,21.6025390625,16,0,2048,0.32257918908726424,0.8879,0.3165989640891552,0.3466622499981895,234752,235146,"[0.844, 0.971, 0.806, 0.909, 0.833, 0.97, 0.66, 0.96, 0.974, 0.952]","[0.8670576735092864, 0.9675456389452333, 0.804247460757156, 0.9100204498977505, 0.846309403437816, 0.9724208375893769, 0.6929460580912863, 0.950533462657614, 0.9828282828282828, 0.9508700102354145]",batch,both
FashionMNIST,small,43,10,a1,layerwise,output_weight_norm,baseline,,0.5,5,0.8931,0.8885,0.29759194029569624,0.3175087327837944,118282,0.4969848519643115,118016,0.4972737186477645,0.26572920696344227,21.6025390625,16,0,2048,0.3377944460371509,0.8885,0.3175087385118008,0.32744199002627283,234752,235146,"[0.848, 0.969, 0.824, 0.903, 0.823, 0.965, 0.665, 0.965, 0.967, 0.956]","[0.8572825024437928, 0.9675456389452333, 0.8180978762696214, 0.9120654396728016, 0.833164812942366, 0.9693564862104188, 0.691908713692946, 0.9524733268671193, 0.9808080808080808, 0.9508700102354145]",batch,both
FashionMNIST,small,43,10,a1,layerwise,output_weight_norm,baseline,,0.7,0,0.7624,0.7636,0.7807605807304382,0.774710507440567,71719,0.6950022539188419,71504,0.6954062159214831,0.26572920696344227,21.6025390625,16,0,2048,0.33214967395178974,0.7636,0.7747105157852173,0.33579093497246504,234752,235146,"[0.902, 0.969, 0.691, 0.735, 0.362, 0.983, 0.483, 0.903, 0.87, 0.738]","[0.9090909090909091, 0.9726166328600405, 0.6795937211449676, 0.7300613496932515, 0.31749241658240646, 0.982635342185904, 0.5134854771784232, 0.9010669253152279, 0.8818181818181818, 0.7287615148413511]",batch,both
FashionMNIST,small,43,10,a1,layerwise,output_weight_norm,baseline,,0.7,1,0.8773,0.8683,0.3478895446538925,0.3573914632797241,71719,0.6950022539188419,71504,0.6954062159214831,0.26572920696344227,21.6025390625,16,0,2048,0.33029422198887914,0.8683,0.35739146158695223,0.3378044390119612,234752,235146,"[0.849, 0.969, 0.756, 0.909, 0.809, 0.957, 0.565, 0.954, 0.964, 0.951]","[0.8885630498533724, 0.9675456389452333, 0.7737765466297323, 0.908997955010225, 0.8200202224469161, 0.965270684371808, 0.5933609958506224, 0.9398642095053347, 0.9737373737373738, 0.9437052200614124]",batch,both
FashionMNIST,small,43,10,a1,layerwise,output_weight_norm,baseline,,0.7,3,0.8866,0.8765,0.32294935693740845,0.33795553855895993,71719,0.6950022539188419,71504,0.6954062159214831,0.26572920696344227,21.6025390625,16,0,2048,0.32912323193158954,0.8765,0.337955538725853,0.34494481701403856,234752,235146,"[0.851, 0.973, 0.796, 0.904, 0.808, 0.955, 0.602, 0.964, 0.967, 0.945]","[0.8768328445747801, 0.9705882352941176, 0.8070175438596491, 0.9079754601226994, 0.8321536905965622, 0.9611848825331971, 0.6348547717842323, 0.9592628516003879, 0.9767676767676767, 0.9396110542476971]",batch,both
FashionMNIST,small,43,10,a1,layerwise,output_weight_norm,baseline,,0.7,5,0.8853,0.8806,0.3183847156405449,0.3332953253507614,71719,0.6950022539188419,71504,0.6954062159214831,0.26572920696344227,21.6025390625,16,0,2048,0.3305885170120746,0.8806,0.33329532936811446,0.3288099280325696,234752,235146,"[0.863, 0.971, 0.793, 0.908, 0.826, 0.96, 0.6, 0.965, 0.97, 0.95]","[0.8836754643206256, 0.9685598377281948, 0.7940904893813481, 0.9069529652351738, 0.839231547017189, 0.9560776302349336, 0.6317427385892116, 0.950533462657614, 0.9787878787878788, 0.9447287615148413]",batch,both
FashionMNIST,small,43,10,a2,layerwise,output_weight_norm,baseline,,0.05,0,0.8906,0.8838,0.30866263251304626,0.3293081165671349,233544,0.006812788650455426,233156,0.006798664122137366,0.26572920696344227,21.6025390625,16,0,2048,0.3411813019774854,0.8838,0.32930811868906024,0.3280920450342819,234752,235146,"[0.84, 0.972, 0.843, 0.861, 0.805, 0.952, 0.677, 0.969, 0.967, 0.952]","[0.8563049853372434, 0.9716024340770791, 0.8467220683287165, 0.8599182004089979, 0.8281092012133469, 0.9560776302349336, 0.6939834024896265, 0.9602327837051406, 0.9787878787878788, 0.9529170931422722]",batch,both
FashionMNIST,small,43,10,a2,layerwise,output_weight_norm,baseline,,0.05,1,0.8963,0.8903,0.29241135605573654,0.31059561804533004,233544,0.006812788650455426,233156,0.006798664122137366,0.26572920696344227,21.6025390625,16,0,2048,0.3137424959568307,0.8903,0.31059561392068863,0.3208546519745141,234752,235146,"[0.833, 0.972, 0.804, 0.905, 0.842, 0.965, 0.691, 0.962, 0.975, 0.954]","[0.8455522971652004, 0.9695740365111561, 0.801477377654663, 0.9038854805725971, 0.8604651162790697, 0.9703779366700716, 0.7282157676348547, 0.9515033947623667, 0.9858585858585859, 0.9518935516888434]",batch,both
FashionMNIST,small,43,10,a2,layerwise,output_weight_norm,baseline,,0.05,3,0.8987,0.8917,0.29084986778497696,0.31238861154317854,233544,0.006812788650455426,233156,0.006798664122137366,0.26572920696344227,21.6025390625,16,0,2048,0.3297600969672203,0.8917,0.31238861342668534,0.32441130897495896,234752,235146,"[0.859, 0.972, 0.833, 0.917, 0.807, 0.962, 0.677, 0.965, 0.972, 0.953]","[0.8768328445747801, 0.9695740365111561, 0.8310249307479224, 0.9171779141104295, 0.8240647118301314, 0.9642492339121552, 0.7105809128630706, 0.9544131910766246, 0.9858585858585859, 0.95496417604913]",batch,both
FashionMNIST,small,43,10,a2,layerwise,output_weight_norm,baseline,,0.05,5,0.8975,0.8947,0.29207024917602536,0.31316038428544996,233544,0.006812788650455426,233156,0.006798664122137366,0.26572920696344227,21.6025390625,16,0,2048,0.3190230489708483,0.8947,0.31316037474274633,0.31439691595733166,234752,235146,"[0.851, 0.973, 0.812, 0.901, 0.855, 0.958, 0.697, 0.968, 0.97, 0.962]","[0.8504398826979472, 0.9695740365111561, 0.8097876269621422, 0.901840490797546, 0.8634984833164813, 0.9632277834525026, 0.7261410788381742, 0.95635305528613, 0.9828282828282828, 0.9559877175025588]",batch,both
FashionMNIST,small,43,10,a2,layerwise,output_weight_norm,baseline,,0.1,0,0.8904,0.883,0.31027678139209747,0.33024984240531924,231942,0.013625577300910963,231560,0.013597328244274842,0.26572920696344227,21.6025390625,16,0,2048,0.3549326689681038,0.883,0.33024983749389647,0.4263130279723555,234752,235146,"[0.827, 0.972, 0.844, 0.861, 0.807, 0.956, 0.679, 0.969, 0.967, 0.948]","[0.8455522971652004, 0.9716024340770791, 0.8476454293628809, 0.8619631901840491, 0.8301314459049545, 0.958120531154239, 0.7012448132780082, 0.962172647914646, 0.9767676767676767, 0.9477993858751279]",batch,both
FashionMNIST,small,43,10,a2,layerwise,output_weight_norm,baseline,,0.1,1,0.8953,0.8915,0.29196313906908034,0.3108719282746315,231942,0.013625577300910963,231560,0.013597328244274842,0.26572920696344227,21.6025390625,16,0,2048,0.35134676203597337,0.8915,0.31087192903757094,0.4308604699326679,234752,235146,"[0.871, 0.971, 0.787, 0.904, 0.85, 0.96, 0.682, 0.955, 0.971, 0.964]","[0.8826979472140762, 0.9695740365111561, 0.7867036011080333, 0.9049079754601227, 0.8614762386248737, 0.965270684371808, 0.6970954356846473, 0.94180407371484, 0.9838383838383838, 0.9651995905834186]",batch,both
FashionMNIST,small,43,10,a2,layerwise,output_weight_norm,baseline,,0.1,3,0.8965,0.8927,0.290610253405571,0.31067876596450805,231942,0.013625577300910963,231560,0.013597328244274842,0.26572920696344227,21.6025390625,16,0,2048,0.33263893297407776,0.8927,0.31067876155376434,0.3307141730329022,234752,235146,"[0.855, 0.973, 0.824, 0.908, 0.842, 0.96, 0.671, 0.971, 0.973, 0.95]","[0.8611925708699902, 0.9695740365111561, 0.8180978762696214, 0.9069529652351738, 0.8513650151668352, 0.9632277834525026, 0.7022821576763485, 0.9670223084384093, 0.9828282828282828, 0.9447287615148413]",batch,both
FashionMNIST,small,43,10,a2,layerwise,output_weight_norm,baseline,,0.1,5,0.8983,0.8945,0.2919422092795372,0.312764661026001,231942,0.013625577300910963,231560,0.013597328244274842,0.26572920696344227,21.6025390625,16,0,2048,0.336477586068213,0.8945,0.3127646609663963,0.34019545989576727,234752,235146,"[0.859, 0.974, 0.826, 0.904, 0.844, 0.953, 0.683, 0.964, 0.973, 0.965]","[0.8651026392961877, 0.9716024340770791, 0.8208679593721145, 0.901840490797546, 0.8584428715874621, 0.9540347293156282, 0.7116182572614108, 0.953443258971872, 0.9848484848484849, 0.9641760491299898]",batch,both
FashionMNIST,small,43,10,a2,layerwise,output_weight_norm,baseline,,0.2,0,0.8885,0.8806,0.316885001039505,0.33659223499298097,228471,0.028386619376897793,228102,0.028327767175572505,0.26572920696344227,21.6025390625,16,0,2048,0.3267030230490491,0.8806,0.3365922369480133,0.35007946798577905,234752,235146,"[0.827, 0.972, 0.854, 0.854, 0.781, 0.951, 0.681, 0.974, 0.967, 0.945]","[0.8455522971652004, 0.9716024340770791, 0.8550323176361958, 0.8507157464212679, 0.8088978766430738, 0.9540347293156282, 0.7074688796680498, 0.9689621726479146, 0.9767676767676767, 0.9437052200614124]",batch,both
FashionMNIST,small,43,10,a2,layerwise,output_weight_norm,baseline,,0.2,1,0.8953,0.8897,0.2911710666179657,0.3102492741525173,228471,0.028386619376897793,228102,0.028327767175572505,0.26572920696344227,21.6025390625,16,0,2048,0.31659482698887587,0.8897,0.31024927617311476,0.3418760090135038,234752,235146,"[0.847, 0.971, 0.792, 0.912, 0.838, 0.955, 0.687, 0.967, 0.972, 0.956]","[0.8484848484848485, 0.9685598377281948, 0.791320406278855, 0.9079754601226994, 0.865520728008089, 0.9550561797752809, 0.7240663900414938, 0.9553831231813773, 0.9838383838383838, 0.9590583418628454]",batch,both
FashionMNIST,small,43,10,a2,layerwise,output_weight_norm,baseline,,0.2,3,0.8949,0.892,0.29104009141922,0.30984655521512033,228471,0.028386619376897793,228102,0.028327767175572505,0.26572920696344227,21.6025390625,16,0,2048,0.328924297937192,0.892,0.3098465487420559,0.3217977959429845,234752,235146,"[0.842, 0.971, 0.801, 0.912, 0.836, 0.962, 0.703, 0.963, 0.97, 0.96]","[0.841642228739003, 0.9675456389452333, 0.801477377654663, 0.9171779141104295, 0.8442871587462083, 0.9611848825331971, 0.7282157676348547, 0.9485935984481086, 0.9838383838383838, 0.9611054247697032]",batch,both
FashionMNIST,small,43,10,a2,layerwise,output_weight_norm,baseline,,0.2,5,0.8953,0.8923,0.29211884002685545,0.31179975939393045,228471,0.028386619376897793,228102,0.028327767175572505,0.26572920696344227,21.6025390625,16,0,2048,0.31509696203283966,0.8923,0.31179975694417955,0.3603216439951211,234752,235146,"[0.841, 0.974, 0.796, 0.907, 0.834, 0.962, 0.711, 0.961, 0.974, 0.963]","[0.8426197458455523, 0.9695740365111561, 0.791320406278855, 0.9130879345603272, 0.8422649140546006, 0.9611848825331971, 0.7437759336099585, 0.944713870029098, 0.9858585858585859, 0.9662231320368475]",batch,both
FashionMNIST,small,43,10,a2,layerwise,output_weight_norm,baseline,,0.3,0,0.8853,0.8745,0.3444926155567169,0.363436713385582,225000,0.04314766145288462,224644,0.04305820610687028,0.26572920696344227,21.6025390625,16,0,2048,0.3161807940341532,0.8745,0.3634367115020752,0.33813434408511966,234752,235146,"[0.825, 0.969, 0.863, 0.812, 0.75, 0.953, 0.698, 0.974, 0.959, 0.942]","[0.8435972629521017, 0.9716024340770791, 0.863342566943675, 0.8118609406952966, 0.7846309403437816, 0.9550561797752809, 0.7302904564315352, 0.9757516973811833, 0.9727272727272728, 0.9406345957011258]",batch,both
FashionMNIST,small,43,10,a2,layerwise,output_weight_norm,baseline,,0.3,1,0.8954,0.8892,0.29141131669282916,0.31030466499328613,225000,0.04314766145288462,224644,0.04305820610687028,0.26572920696344227,21.6025390625,16,0,2048,0.31691936298739165,0.8892,0.31030466177463534,0.3265191469108686,234752,235146,"[0.864, 0.972, 0.829, 0.905, 0.813, 0.958, 0.657, 0.964, 0.975, 0.955]","[0.8709677419354839, 0.9695740365111561, 0.827331486611265, 0.9120654396728016, 0.8311425682507584, 0.958120531154239, 0.6877593360995851, 0.9553831231813773, 0.9848484848484849, 0.9580348004094166]",batch,both
FashionMNIST,small,43,10,a2,layerwise,output_weight_norm,baseline,,0.3,3,0.8955,0.8919,0.28997183893918993,0.30833745551109315,225000,0.04314766145288462,224644,0.04305820610687028,0.26572920696344227,21.6025390625,16,0,2048,0.31432979297824204,0.8919,0.30833745552301406,0.3159917979501188,234752,235146,"[0.85, 0.973, 0.829, 0.904, 0.82, 0.956, 0.693, 0.97, 0.972, 0.952]","[0.8582600195503421, 0.9695740365111561, 0.8282548476454293, 0.908997955010225, 0.8301314459049545, 0.958120531154239, 0.7095435684647303, 0.9612027158098934, 0.9828282828282828, 0.9498464687819856]",batch,both
FashionMNIST,small,43,10,a2,layerwise,output_weight_norm,baseline,,0.3,5,0.8988,0.8936,0.2901208351969719,0.3113887301146984,225000,0.04314766145288462,224644,0.04305820610687028,0.26572920696344227,21.6025390625,16,0,2048,0.3298560839612037,0.8936,0.31138873053193095,0.3388807160081342,234752,235146,"[0.856, 0.973, 0.848, 0.916, 0.82, 0.967, 0.666, 0.956, 0.971, 0.963]","[0.8690127077223851, 0.9695740365111561, 0.8457987072945522, 0.918200408997955, 0.8412537917087968, 0.9673135852911133, 0.6867219917012448, 0.944713870029098, 0.9828282828282828, 0.9631525076765609]",batch,both
FashionMNIST,small,43,10,a2,layerwise,output_weight_norm,baseline,,0.4,0,0.8776,0.8676,0.38398475244045255,0.4012501923322678,221529,0.05790870352887145,221186,0.05778864503816794,0.26572920696344227,21.6025390625,16,0,2048,0.31776785594411194,0.8676,0.40125019273757934,0.3337640840327367,234752,235146,"[0.788, 0.967, 0.841, 0.769, 0.766, 0.96, 0.717, 0.973, 0.959, 0.936]","[0.8025415444770283, 0.9695740365111561, 0.8513388734995383, 0.7689161554192229, 0.7937310414560161, 0.9611848825331971, 0.7562240663900415, 0.9699321047526673, 0.9696969696969697, 0.9314227226202662]",batch,both
FashionMNIST,small,43,10,a2,layerwise,output_weight_norm,baseline,,0.4,1,0.8943,0.8889,0.294085138130188,0.3133911654114723,221529,0.05790870352887145,221186,0.05778864503816794,0.26572920696344227,21.6025390625,16,0,2048,0.33322761696763337,0.8889,0.31339116716384885,0.33452686306554824,234752,235146,"[0.852, 0.972, 0.834, 0.912, 0.791, 0.955, 0.68, 0.965, 0.975, 0.953]","[0.8563049853372434, 0.9685598377281948, 0.8347183748845799, 0.9151329243353783, 0.8149646107178968, 0.9540347293156282, 0.7085062240663901, 0.9553831231813773, 0.9838383838383838, 0.9529170931422722]",batch,both
FashionMNIST,small,43,10,a2,layerwise,output_weight_norm,baseline,,0.4,3,0.8964,0.8911,0.29246078919172286,0.3103028700053692,221529,0.05790870352887145,221186,0.05778864503816794,0.26572920696344227,21.6025390625,16,0,2048,0.33811329503078014,0.8911,0.3103028738319874,0.3481178469955921,234752,235146,"[0.843, 0.973, 0.807, 0.906, 0.842, 0.964, 0.684, 0.964, 0.973, 0.955]","[0.8406647116324536, 0.9695740365111561, 0.8097876269621422, 0.911042944785276, 0.8574317492416582, 0.9662921348314607, 0.7199170124481328, 0.953443258971872, 0.9848484848484849, 0.9559877175025588]",batch,both
FashionMNIST,small,43,10,a2,layerwise,output_weight_norm,baseline,,0.4,5,0.8982,0.8929,0.29072526358366013,0.3096612036943436,221529,0.05790870352887145,221186,0.05778864503816794,0.26572920696344227,21.6025390625,16,0,2048,0.32403258606791496,0.8929,0.30966119987368584,0.3287131410324946,234752,235146,"[0.844, 0.974, 0.83, 0.902, 0.829, 0.961, 0.698, 0.962, 0.973, 0.956]","[0.8455522971652004, 0.9705882352941176, 0.8310249307479224, 0.908997955010225, 0.8361981799797775, 0.9693564862104188, 0.7282157676348547, 0.9544131910766246, 0.9838383838383838, 0.9570112589559877]",batch,both
FashionMNIST,small,43,10,a2,layerwise,output_weight_norm,baseline,,0.5,0,0.874,0.8618,0.4167108385801315,0.43366113352775576,218058,0.07266974560485828,217728,0.0725190839694656,0.26572920696344227,21.6025390625,16,0,2048,0.313044467009604,0.8618,0.4336611388683319,0.308353906031698,234752,235146,"[0.784, 0.961, 0.877, 0.792, 0.715, 0.955, 0.698, 0.978, 0.942, 0.916]","[0.8005865102639296, 0.9695740365111561, 0.8873499538319483, 0.7985685071574642, 0.7411526794742164, 0.9601634320735445, 0.7354771784232366, 0.9776915615906887, 0.9565656565656566, 0.9068577277379734]",batch,both
FashionMNIST,small,43,10,a2,layerwise,output_weight_norm,baseline,,0.5,1,0.8936,0.8877,0.29505472300052643,0.313632705283165,218058,0.07266974560485828,217728,0.0725190839694656,0.26572920696344227,21.6025390625,16,0,2048,0.33208937593735754,0.8877,0.31363270950317385,0.33272567589301616,234752,235146,"[0.857, 0.972, 0.826, 0.908, 0.81, 0.959, 0.667, 0.951, 0.974, 0.953]","[0.8621700879765396, 0.9675456389452333, 0.8264081255771006, 0.9151329243353783, 0.8270980788675429, 0.965270684371808, 0.6939834024896265, 0.944713870029098, 0.9797979797979798, 0.9559877175025588]",batch,both
FashionMNIST,small,43,10,a2,layerwise,output_weight_norm,baseline,,0.5,3,0.8953,0.8907,0.2909025443315506,0.3094454579293728,218058,0.07266974560485828,217728,0.0725190839694656,0.26572920696344227,21.6025390625,16,0,2048,0.3254510910483077,0.8907,0.3094454568207264,0.3396036549238488,234752,235146,"[0.861, 0.974, 0.788, 0.901, 0.836, 0.962, 0.699, 0.963, 0.969, 0.954]","[0.8651026392961877, 0.9695740365111561, 0.7977839335180056, 0.9079754601226994, 0.846309403437816, 0.9622063329928499, 0.7219917012448133, 0.953443258971872, 0.9808080808080808, 0.9529170931422722]",batch,both
FashionMNIST,small,43,10,a2,layerwise,output_weight_norm,baseline,,0.5,5,0.8969,0.8922,0.29014166773557665,0.30896827691793444,218058,0.07266974560485828,217728,0.0725190839694656,0.26572920696344227,21.6025390625,16,0,2048,0.32494846801273525,0.8922,0.30896828360557554,0.31929611798841506,234752,235146,"[0.859, 0.972, 0.8, 0.9, 0.839, 0.966, 0.696, 0.961, 0.974, 0.955]","[0.8621700879765396, 0.9675456389452333, 0.8070175438596491, 0.9038854805725971, 0.8533872598584429, 0.9703779366700716, 0.7219917012448133, 0.9485935984481086, 0.9828282828282828, 0.9559877175025588]",batch,both
FashionMNIST,small,43,10,a2,layerwise,output_weight_norm,baseline,,0.7,0,0.8326,0.8203,0.5577788192749024,0.5713766446590424,211383,0.10105636498175596,211078,0.10084685114503822,0.26572920696344227,21.6025390625,16,0,2048,0.33134028094355017,0.8203,0.5713766519069672,0.3606788089964539,234752,235146,"[0.785, 0.954, 0.841, 0.454, 0.787, 0.952, 0.663, 0.984, 0.925, 0.858]","[0.7947214076246334, 0.962474645030426, 0.8513388734995383, 0.4611451942740286, 0.7906976744186046, 0.9560776302349336, 0.7095435684647303, 0.979631425800194, 0.9434343434343434, 0.8648925281473899]",batch,both
FashionMNIST,small,43,10,a2,layerwise,output_weight_norm,baseline,,0.7,1,0.8919,0.8831,0.30690929472446443,0.32312074176073075,211383,0.10105636498175596,211078,0.10084685114503822,0.26572920696344227,21.6025390625,16,0,2048,0.32965684798546135,0.8831,0.32312074122428897,0.36376839596778154,234752,235146,"[0.85, 0.97, 0.818, 0.899, 0.8, 0.958, 0.66, 0.952, 0.972, 0.952]","[0.8670576735092864, 0.9675456389452333, 0.8319482917820868, 0.9100204498977505, 0.8311425682507584, 0.9560776302349336, 0.6784232365145229, 0.9495635305528612, 0.9777777777777777, 0.9498464687819856]",batch,both
FashionMNIST,small,43,10,a2,layerwise,output_weight_norm,baseline,,0.7,3,0.8931,0.8864,0.2965048733949661,0.31430101976394653,211383,0.10105636498175596,211078,0.10084685114503822,0.26572920696344227,21.6025390625,16,0,2048,0.3565853409236297,0.8864,0.314301015996933,0.35150995501317084,234752,235146,"[0.851, 0.972, 0.806, 0.912, 0.817, 0.968, 0.657, 0.959, 0.971, 0.951]","[0.863147605083089, 0.9675456389452333, 0.8190212373037857, 0.918200408997955, 0.8301314459049545, 0.9601634320735445, 0.6898340248962656, 0.9524733268671193, 0.9828282828282828, 0.9498464687819856]",batch,both
FashionMNIST,small,43,10,a2,layerwise,output_weight_norm,baseline,,0.7,5,0.8939,0.8884,0.29246736500263215,0.31109461855888365,211383,0.10105636498175596,211078,0.10084685114503822,0.26572920696344227,21.6025390625,16,0,2048,0.33997443597763777,0.8884,0.3110946195483208,0.3319741729646921,234752,235146,"[0.843, 0.972, 0.813, 0.908, 0.823, 0.964, 0.678, 0.954, 0.972, 0.957]","[0.855327468230694, 0.9665314401622718, 0.8153277931671283, 0.9151329243353783, 0.8372093023255814, 0.9632277834525026, 0.7053941908713693, 0.9456838021338506, 0.9838383838383838, 0.95496417604913]",batch,both
FashionMNIST,small,43,10,all,all,mean_activation,baseline,,0.05,0,0.8914,0.8836,0.3101386919975281,0.33098101708889005,222660,0.05309892577377462,222284,0.05311136859323884,0.26572920696344227,21.6025390625,16,0,2048,0.3335028230212629,0.8836,0.330981018447876,0.324465709971264,234752,235146,"[0.85, 0.972, 0.853, 0.863, 0.813, 0.947, 0.648, 0.968, 0.968, 0.954]","[0.863147605083089, 0.9705882352941176, 0.8513388734995383, 0.8650306748466258, 0.8361981799797775, 0.9560776302349336, 0.6763485477178424, 0.9592628516003879, 0.9797979797979798, 0.9539406345957011]",batch,both
FashionMNIST,small,43,10,all,all,mean_activation,baseline,,0.05,1,0.896,0.8917,0.293724074614048,0.3134020360350609,222660,0.05309892577377462,222284,0.05311136859323884,0.26572920696344227,21.6025390625,16,0,2048,0.3510005989810452,0.8917,0.31340203565359115,0.32763027399778366,234752,235146,"[0.843, 0.971, 0.813, 0.909, 0.809, 0.963, 0.718, 0.959, 0.972, 0.96]","[0.841642228739003, 0.9685598377281948, 0.817174515235457, 0.9059304703476483, 0.8291203235591507, 0.9622063329928499, 0.7468879668049793, 0.9466537342386033, 0.9838383838383838, 0.9631525076765609]",batch,both
FashionMNIST,small,43,10,all,all,mean_activation,baseline,,0.05,3,0.8975,0.8915,0.2928011341452599,0.31380970660448076,222660,0.05309892577377462,222284,0.05311136859323884,0.26572920696344227,21.6025390625,16,0,2048,0.3534570059273392,0.8915,0.3138097073793411,0.3296972239622846,234752,235146,"[0.844, 0.973, 0.819, 0.908, 0.818, 0.963, 0.7, 0.958, 0.972, 0.96]","[0.855327468230694, 0.9675456389452333, 0.8245614035087719, 0.9141104294478528, 0.8321536905965622, 0.9673135852911133, 0.725103734439834, 0.9495635305528612, 0.9838383838383838, 0.9590583418628454]",batch,both
FashionMNIST,small,43,10,all,all,mean_activation,baseline,,0.05,5,0.8958,0.8938,0.2940729988217354,0.3121216314613819,222660,0.05309892577377462,222284,0.05311136859323884,0.26572920696344227,21.6025390625,16,0,2048,0.32376957999076694,0.8938,0.3121216328859329,0.33578149997629225,234752,235146,"[0.844, 0.973, 0.793, 0.913, 0.855, 0.961, 0.699, 0.961, 0.971, 0.968]","[0.8406647116324536, 0.9685598377281948, 0.788550323176362, 0.908997955010225, 0.8685540950455005, 0.965270684371808, 0.733402489626556, 0.9456838021338506, 0.9808080808080808, 0.9651995905834186]",batch,both
FashionMNIST,small,43,10,all,all,mean_activation,baseline,,0.1,0,0.8882,0.8783,0.316680544257164,0.3378518204927444,209417,0.10941712808212767,209060,0.10944315703380592,0.26572920696344227,21.6025390625,16,0,2048,0.3260199329815805,0.8783,0.3378518157482147,0.3245666439179331,234752,235146,"[0.854, 0.973, 0.843, 0.857, 0.817, 0.924, 0.625, 0.969, 0.967, 0.954]","[0.8641251221896383, 0.9716024340770791, 0.8513388734995383, 0.8619631901840491, 0.8442871587462083, 0.923391215526047, 0.6690871369294605, 0.9602327837051406, 0.9787878787878788, 0.9539406345957011]",batch,both
FashionMNIST,small,43,10,all,all,mean_activation,baseline,,0.1,1,0.8939,0.8911,0.2935482584476471,0.3108682637691498,209417,0.10941712808212767,209060,0.10944315703380592,0.26572920696344227,21.6025390625,16,0,2048,0.33106328593567014,0.8911,0.310868260705471,0.3334231619955972,234752,235146,"[0.83, 0.971, 0.805, 0.919, 0.82, 0.958, 0.715, 0.965, 0.97, 0.958]","[0.8377321603128055, 0.9695740365111561, 0.8005540166204986, 0.9141104294478528, 0.8321536905965622, 0.9601634320735445, 0.7396265560165975, 0.9524733268671193, 0.9828282828282828, 0.9559877175025588]",batch,both
FashionMNIST,small,43,10,all,all,mean_activation,baseline,,0.1,3,0.8964,0.8916,0.29267357941865924,0.3117358567357063,209417,0.10941712808212767,209060,0.10944315703380592,0.26572920696344227,21.6025390625,16,0,2048,0.32431022892706096,0.8916,0.3117358492612839,0.33402921294327825,234752,235146,"[0.856, 0.972, 0.83, 0.909, 0.805, 0.957, 0.697, 0.967, 0.969, 0.954]","[0.8670576735092864, 0.9705882352941176, 0.830101569713758, 0.9059304703476483, 0.8260869565217391, 0.9601634320735445, 0.716804979253112, 0.9573229873908826, 0.9808080808080808, 0.9508700102354145]",batch,both
FashionMNIST,small,43,10,all,all,mean_activation,baseline,,0.1,5,0.8973,0.8929,0.29320115386247636,0.31167800164818765,209417,0.10941712808212767,209060,0.10944315703380592,0.26572920696344227,21.6025390625,16,0,2048,0.32638505892828107,0.8929,0.3116780035734177,0.31545900902710855,234752,235146,"[0.857, 0.973, 0.815, 0.915, 0.849, 0.96, 0.668, 0.965, 0.97, 0.957]","[0.8641251221896383, 0.9685598377281948, 0.8116343490304709, 0.9130879345603272, 0.8624873609706775, 0.9632277834525026, 0.6991701244813278, 0.9553831231813773, 0.9808080808080808, 0.9580348004094166]",batch,both
FashionMNIST,small,43,10,all,all,mean_activation,baseline,,0.2,0,0.8825,0.8721,0.3343884418964386,0.3571954478979111,183183,0.2209818580796612,182865,0.22102900081788446,0.26572920696344227,21.6025390625,16,0,2048,0.31895899400115013,0.8721,0.3571954499483109,0.330478958087042,234752,235146,"[0.868, 0.974, 0.866, 0.852, 0.804, 0.907, 0.557, 0.968, 0.965, 0.96]","[0.8778103616813294, 0.9716024340770791, 0.8670360110803325, 0.8517382413087935, 0.8351870576339737, 0.9172625127681308, 0.5975103734439834, 0.9592628516003879, 0.9787878787878788, 0.9611054247697032]",batch,both
FashionMNIST,small,43,10,all,all,mean_activation,baseline,,0.2,1,0.8925,0.8871,0.2964356584310532,0.316019276201725,183183,0.2209818580796612,182865,0.22102900081788446,0.26572920696344227,21.6025390625,16,0,2048,0.3406998950522393,0.8871,0.3160192886352539,0.3295643199235201,234752,235146,"[0.85, 0.967, 0.787, 0.907, 0.825, 0.954, 0.694, 0.967, 0.97, 0.95]","[0.8543499511241447, 0.9685598377281948, 0.791320406278855, 0.9049079754601227, 0.8361981799797775, 0.9591419816138917, 0.7271784232365145, 0.9592628516003879, 0.9828282828282828, 0.946775844421699]",batch,both
FashionMNIST,small,43,10,all,all,mean_activation,baseline,,0.2,3,0.8939,0.8898,0.29357932977676393,0.31165847311019895,183183,0.2209818580796612,182865,0.22102900081788446,0.26572920696344227,21.6025390625,16,0,2048,0.3232718650251627,0.8898,0.31165847194194796,0.3299723509699106,234752,235146,"[0.832, 0.973, 0.792, 0.91, 0.825, 0.957, 0.717, 0.952, 0.971, 0.969]","[0.8289345063538612, 0.9695740365111561, 0.7996306555863343, 0.9069529652351738, 0.8422649140546006, 0.9632277834525026, 0.75, 0.9359844810863239, 0.9818181818181818, 0.9682702149437052]",batch,both
FashionMNIST,small,43,10,all,all,mean_activation,baseline,,0.2,5,0.8943,0.8911,0.29286129392385485,0.3101821552991867,183183,0.2209818580796612,182865,0.22102900081788446,0.26572920696344227,21.6025390625,16,0,2048,0.3235712789464742,0.8911,0.3101821615576744,0.3705348940566182,234752,235146,"[0.842, 0.973, 0.803, 0.905, 0.826, 0.955, 0.713, 0.963, 0.972, 0.959]","[0.8475073313782991, 0.9695740365111561, 0.7987072945521699, 0.8987730061349694, 0.8412537917087968, 0.9601634320735445, 0.7396265560165975, 0.953443258971872, 0.9818181818181818, 0.9580348004094166]",batch,both
FashionMNIST,small,43,10,all,all,mean_activation,baseline,,0.3,0,0.8693,0.8574,0.3700188181400299,0.39013303322792053,158500,0.32595068595680976,158220,0.3260121319520175,0.26572920696344227,21.6025390625,16,0,2048,0.3266221230151132,0.8574,0.3901330361127853,0.3260150820715353,234752,235146,"[0.856, 0.975, 0.854, 0.845, 0.815, 0.827, 0.504, 0.977, 0.967, 0.954]","[0.8709677419354839, 0.973630831643002, 0.8605724838411819, 0.84560327198364, 0.8412537917087968, 0.8365679264555669, 0.549792531120332, 0.9718719689621726, 0.9777777777777777, 0.9539406345957011]",batch,both
FashionMNIST,small,43,10,all,all,mean_activation,baseline,,0.3,1,0.892,0.8841,0.30068978734016416,0.31977655285596845,158500,0.32595068595680976,158220,0.3260121319520175,0.26572920696344227,21.6025390625,16,0,2048,0.3116593878949061,0.8841,0.3197765538096428,0.31672301003709435,234752,235146,"[0.825, 0.969, 0.797, 0.906, 0.806, 0.951, 0.706, 0.954, 0.97, 0.957]","[0.823069403714565, 0.9685598377281948, 0.8060941828254847, 0.8997955010224948, 0.8351870576339737, 0.958120531154239, 0.7520746887966805, 0.9466537342386033, 0.9828282828282828, 0.9539406345957011]",batch,both
FashionMNIST,small,43,10,all,all,mean_activation,baseline,,0.3,3,0.8944,0.8868,0.2967585930585861,0.31705655516386033,158500,0.32595068595680976,158220,0.3260121319520175,0.26572920696344227,21.6025390625,16,0,2048,0.315346636925824,0.8868,0.3170565544366837,0.3323065460426733,234752,235146,"[0.847, 0.97, 0.777, 0.914, 0.84, 0.959, 0.681, 0.948, 0.972, 0.96]","[0.855327468230694, 0.9665314401622718, 0.7876269621421976, 0.9120654396728016, 0.8645096056622852, 0.965270684371808, 0.7157676348547718, 0.94180407371484, 0.9838383838383838, 0.9580348004094166]",batch,both
FashionMNIST,small,43,10,all,all,mean_activation,baseline,,0.3,5,0.8929,0.8891,0.29314288096427915,0.31192518941164016,158500,0.32595068595680976,158220,0.3260121319520175,0.26572920696344227,21.6025390625,16,0,2048,0.3200355450389907,0.8891,0.3119251890540123,0.3343863009940833,234752,235146,"[0.827, 0.97, 0.798, 0.913, 0.84, 0.953, 0.697, 0.962, 0.972, 0.959]","[0.8132942326490714, 0.9695740365111561, 0.801477377654663, 0.9059304703476483, 0.8584428715874621, 0.9591419816138917, 0.7396265560165975, 0.9553831231813773, 0.9808080808080808, 0.9518935516888434]",batch,both
FashionMNIST,small,43,10,all,all,mean_activation,baseline,,0.4,0,0.859,0.8488,0.4153797464132309,0.433419562625885,133605,0.43182108137072284,133364,0.4318940839694656,0.26572920696344227,21.6025390625,16,0,2048,0.3561291069490835,0.8488,0.43341956300735474,0.33616694796364754,234752,235146,"[0.851, 0.978, 0.85, 0.815, 0.807, 0.81, 0.484, 0.973, 0.967, 0.953]","[0.8611925708699902, 0.9695740365111561, 0.8513388734995383, 0.8190184049079755, 0.8311425682507584, 0.8089887640449438, 0.529045643153527, 0.9689621726479146, 0.9808080808080808, 0.9580348004094166]",batch,both
FashionMNIST,small,43,10,all,all,mean_activation,baseline,,0.4,1,0.887,0.882,0.31079307243824006,0.3292504538536072,133605,0.43182108137072284,133364,0.4318940839694656,0.26572920696344227,21.6025390625,16,0,2048,0.33335896802600473,0.882,0.32925045549869536,0.32986189203802496,234752,235146,"[0.855, 0.967, 0.793, 0.906, 0.819, 0.949, 0.656, 0.947, 0.973, 0.955]","[0.8582600195503421, 0.9655172413793104, 0.7931671283471837, 0.9049079754601227, 0.8301314459049545, 0.9591419816138917, 0.6877593360995851, 0.938894277400582, 0.9808080808080808, 0.9559877175025588]",batch,both
FashionMNIST,small,43,10,all,all,mean_activation,baseline,,0.4,3,0.8914,0.8865,0.298033025765419,0.31884966936111453,133605,0.43182108137072284,133364,0.4318940839694656,0.26572920696344227,21.6025390625,16,0,2048,0.3274293129798025,0.8865,0.3188496730566025,0.35142497497145087,234752,235146,"[0.848, 0.97, 0.808, 0.904, 0.813, 0.954, 0.687, 0.951, 0.974, 0.956]","[0.852394916911046, 0.9675456389452333, 0.8079409048938134, 0.9069529652351738, 0.8270980788675429, 0.9611848825331971, 0.7157676348547718, 0.9408341416100873, 0.9838383838383838, 0.95496417604913]",batch,both
FashionMNIST,small,43,10,all,all,mean_activation,baseline,,0.4,5,0.8902,0.8864,0.29736119097471236,0.31847055201530455,133605,0.43182108137072284,133364,0.4318940839694656,0.26572920696344227,21.6025390625,16,0,2048,0.3286228879587725,0.8864,0.318470556807518,0.3505773110082373,234752,235146,"[0.847, 0.972, 0.779, 0.905, 0.842, 0.945, 0.681, 0.962, 0.975, 0.956]","[0.8465298142717498, 0.9655172413793104, 0.7793167128347184, 0.9028629856850716, 0.8584428715874621, 0.9489274770173647, 0.7136929460580913, 0.9582929194956353, 0.9818181818181818, 0.9529170931422722]",batch,both
FashionMNIST,small,43,10,all,all,mean_activation,baseline,,0.5,0,0.8498,0.84,0.48465119400024415,0.4998045996189117,109386,0.5348166670919343,109184,0.534896401308615,0.26572920696344227,21.6025390625,16,0,2048,0.33141973800957203,0.84,0.49980460114479064,0.327636411995627,234752,235146,"[0.823, 0.972, 0.839, 0.763, 0.797, 0.778, 0.555, 0.955, 0.955, 0.963]","[0.8387096774193549, 0.9685598377281948, 0.8467220683287165, 0.7678936605316974, 0.8159757330637007, 0.7742594484167518, 0.5985477178423236, 0.9485935984481086, 0.9595959595959596, 0.9692937563971341]",batch,both
FashionMNIST,small,43,10,all,all,mean_activation,baseline,,0.5,1,0.8827,0.8758,0.32484896104335786,0.3446198132753372,109386,0.5348166670919343,109184,0.534896401308615,0.26572920696344227,21.6025390625,16,0,2048,0.33488735498394817,0.8758,0.3446198184967041,0.324681794969365,234752,235146,"[0.835, 0.966, 0.812, 0.904, 0.782, 0.928, 0.661, 0.948, 0.972, 0.95]","[0.841642228739003, 0.9645030425963489, 0.8153277931671283, 0.9079754601226994, 0.7967644084934277, 0.933605720122574, 0.6877593360995851, 0.94180407371484, 0.9828282828282828, 0.9570112589559877]",batch,both
FashionMNIST,small,43,10,all,all,mean_activation,baseline,,0.5,3,0.8881,0.8818,0.3086535802602768,0.3297506346464157,109386,0.5348166670919343,109184,0.534896401308615,0.26572920696344227,21.6025390625,16,0,2048,0.35017421399243176,0.8818,0.32975063941478727,0.3279360349988565,234752,235146,"[0.857, 0.969, 0.807, 0.895, 0.829, 0.948, 0.638, 0.946, 0.971, 0.958]","[0.8719452590420332, 0.9645030425963489, 0.8097876269621422, 0.9038854805725971, 0.840242669362993, 0.9519918283963228, 0.6628630705394191, 0.9350145489815713, 0.9848484848484849, 0.9580348004094166]",batch,both
FashionMNIST,small,43,10,all,all,mean_activation,baseline,,0.5,5,0.8887,0.8818,0.30591357523202894,0.32624492079019546,109386,0.5348166670919343,109184,0.534896401308615,0.26572920696344227,21.6025390625,16,0,2048,0.3436532460618764,0.8818,0.3262449252843857,0.3444808480562642,234752,235146,"[0.835, 0.966, 0.791, 0.895, 0.811, 0.932, 0.712, 0.939, 0.971, 0.966]","[0.8367546432062561, 0.9634888438133874, 0.7931671283471837, 0.901840490797546, 0.8240647118301314, 0.9448416751787538, 0.741701244813278, 0.9369544131910766, 0.9838383838383838, 0.9672466734902764]",batch,both
FashionMNIST,small,43,10,all,all,mean_activation,baseline,,0.7,0,0.7488,0.7417,0.85473809299469,0.8676409136772156,63887,0.728309220654402,63761,0.7283899604689203,0.26572920696344227,21.6025390625,16,0,2048,0.3138104930985719,0.7417,0.8676409274101258,0.32468637998681515,234752,235146,"[0.826, 0.965, 0.878, 0.718, 0.668, 0.342, 0.393, 0.98, 0.784, 0.863]","[0.8240469208211144, 0.9645030425963489, 0.8781163434903048, 0.7208588957055214, 0.6764408493427705, 0.32788559754851887, 0.4170124481327801, 0.9728419010669254, 0.8131313131313131, 0.857727737973388]",batch,both
FashionMNIST,small,43,10,all,all,mean_activation,baseline,,0.7,1,0.8556,0.8499,0.41944853355884554,0.4355195155620575,63887,0.728309220654402,63761,0.7283899604689203,0.26572920696344227,21.6025390625,16,0,2048,0.33287670696154237,0.8499,0.43551951785087584,0.3262697489699349,234752,235146,"[0.822, 0.946, 0.761, 0.876, 0.781, 0.906, 0.573, 0.917, 0.966, 0.951]","[0.8318670576735093, 0.947261663286004, 0.7414589104339797, 0.8834355828220859, 0.7997977755308392, 0.9009193054136875, 0.6203319502074689, 0.9127061105722599, 0.9767676767676767, 0.946775844421699]",batch,both
FashionMNIST,small,43,10,all,all,mean_activation,baseline,,0.7,3,0.8664,0.8616,0.3661711566448212,0.3858693255186081,63887,0.728309220654402,63761,0.7283899604689203,0.26572920696344227,21.6025390625,16,0,2048,0.3228072760393843,0.8616,0.3858693276882172,0.3238530260277912,234752,235146,"[0.831, 0.957, 0.747, 0.888, 0.797, 0.921, 0.625, 0.934, 0.97, 0.946]","[0.8475073313782991, 0.9594320486815415, 0.7331486611265005, 0.8824130879345603, 0.8169868554095046, 0.9274770173646578, 0.6504149377593361, 0.9224054316197866, 0.9828282828282828, 0.9488229273285568]",batch,both
FashionMNIST,small,43,10,all,all,mean_activation,baseline,,0.7,5,0.8752,0.8671,0.3458214657783508,0.3682680310249329,63887,0.728309220654402,63761,0.7283899604689203,0.26572920696344227,21.6025390625,16,0,2048,0.31914401496760547,0.8671,0.3682680316209793,0.33347384899389,234752,235146,"[0.836, 0.958, 0.777, 0.897, 0.795, 0.925, 0.625, 0.934, 0.97, 0.954]","[0.8602150537634409, 0.9614604462474645, 0.7811634349030471, 0.8977505112474438, 0.8018200202224469, 0.9346271705822268, 0.6535269709543569, 0.9243452958292919, 0.9828282828282828, 0.9580348004094166]",batch,both
FashionMNIST,small,43,10,a1,layerwise,mean_activation,baseline,,0.05,0,0.8912,0.8832,0.30931522644758225,0.3303647619009018,224190,0.04659232987165418,223808,0.04661941112322787,0.26572920696344227,21.6025390625,16,0,2048,0.32517079601529986,0.8832,0.33036476130485537,0.33281556505244225,234752,235146,"[0.844, 0.972, 0.845, 0.863, 0.806, 0.947, 0.665, 0.968, 0.968, 0.954]","[0.8582600195503421, 0.9705882352941176, 0.8476454293628809, 0.8640081799591002, 0.8311425682507584, 0.9560776302349336, 0.6898340248962656, 0.9592628516003879, 0.9797979797979798, 0.9539406345957011]",batch,both
FashionMNIST,small,43,10,a1,layerwise,mean_activation,baseline,,0.05,1,0.8959,0.8928,0.29125512285232547,0.3099689125776291,224190,0.04659232987165418,223808,0.04661941112322787,0.26572920696344227,21.6025390625,16,0,2048,0.32004601100925356,0.8928,0.309968904542923,0.3352220830274746,234752,235146,"[0.845, 0.971, 0.829, 0.905, 0.818, 0.969, 0.7, 0.959, 0.971, 0.961]","[0.8455522971652004, 0.9685598377281948, 0.8227146814404432, 0.9038854805725971, 0.8341759352881699, 0.9693564862104188, 0.7240663900414938, 0.9466537342386033, 0.9838383838383838, 0.9641760491299898]",batch,both
FashionMNIST,small,43,10,a1,layerwise,mean_activation,baseline,,0.05,3,0.8965,0.8931,0.2947089791059494,0.3122778809547424,224190,0.04659232987165418,223808,0.04661941112322787,0.26572920696344227,21.6025390625,16,0,2048,0.32462616194970906,0.8931,0.3122778804540634,0.328232882078737,234752,235146,"[0.838, 0.969, 0.819, 0.903, 0.843, 0.963, 0.702, 0.963, 0.971, 0.96]","[0.8465298142717498, 0.9675456389452333, 0.8116343490304709, 0.9069529652351738, 0.846309403437816, 0.9622063329928499, 0.7344398340248963, 0.9524733268671193, 0.9828282828282828, 0.9590583418628454]",batch,both
FashionMNIST,small,43,10,a1,layerwise,mean_activation,baseline,,0.05,5,0.8962,0.8954,0.2938103390812874,0.3114318571448326,224190,0.04659232987165418,223808,0.04661941112322787,0.26572920696344227,21.6025390625,16,0,2048,0.315560995019041,0.8954,0.3114318633556366,0.3268102559959516,234752,235146,"[0.858, 0.972, 0.827, 0.907, 0.845, 0.963, 0.69, 0.967, 0.97, 0.955]","[0.8660801564027371, 0.9685598377281948, 0.8190212373037857, 0.8987730061349694, 0.8513650151668352, 0.9642492339121552, 0.7105809128630706, 0.9553831231813773, 0.9808080808080808, 0.9498464687819856]",batch,both
FashionMNIST,small,43,10,a1,layerwise,mean_activation,baseline,,0.1,0,0.8877,0.881,0.3139690036892891,0.33633037501573565,212321,0.09706735389927956,211952,0.09712377317339149,0.26572920696344227,21.6025390625,16,0,2048,0.3473903660196811,0.881,0.3363303777217865,0.32925842399708927,234752,235146,"[0.844, 0.972, 0.843, 0.864, 0.806, 0.924, 0.666, 0.969, 0.968, 0.954]","[0.8543499511241447, 0.9705882352941176, 0.8467220683287165, 0.8650306748466258, 0.8301314459049545, 0.9223697650663942, 0.691908713692946, 0.9602327837051406, 0.9797979797979798, 0.9539406345957011]",batch,both
FashionMNIST,small,43,10,a1,layerwise,mean_activation,baseline,,0.1,1,0.8949,0.8899,0.29249445487260817,0.3113325927376747,212321,0.09706735389927956,211952,0.09712377317339149,0.26572920696344227,21.6025390625,16,0,2048,0.32501682499423623,0.8899,0.31133259663581847,0.3339052520459518,234752,235146,"[0.849, 0.972, 0.81, 0.904, 0.817, 0.961, 0.695, 0.961, 0.97, 0.96]","[0.8543499511241447, 0.9695740365111561, 0.8051708217913204, 0.9079754601226994, 0.8382204246713852, 0.9622063329928499, 0.7240663900414938, 0.950533462657614, 0.9838383838383838, 0.9580348004094166]",batch,both
FashionMNIST,small,43,10,a1,layerwise,mean_activation,baseline,,0.1,3,0.8955,0.8915,0.292592653799057,0.3115105991780758,212321,0.09706735389927956,211952,0.09712377317339149,0.26572920696344227,21.6025390625,16,0,2048,0.33175695699173957,0.8915,0.31151060240864753,0.3284506320487708,234752,235146,"[0.833, 0.972, 0.813, 0.905, 0.854, 0.962, 0.682, 0.965, 0.97, 0.959]","[0.8328445747800587, 0.9685598377281948, 0.8116343490304709, 0.9008179959100204, 0.8725985844287159, 0.9622063329928499, 0.7230290456431535, 0.9524733268671193, 0.9828282828282828, 0.9529170931422722]",batch,both
FashionMNIST,small,43,10,a1,layerwise,mean_activation,baseline,,0.1,5,0.896,0.8921,0.29157627687454224,0.30915858582258227,212321,0.09706735389927956,211952,0.09712377317339149,0.26572920696344227,21.6025390625,16,0,2048,0.3208261210238561,0.8921,0.30915859001874924,0.3312150619458407,234752,235146,"[0.84, 0.974, 0.795, 0.913, 0.853, 0.966, 0.689, 0.962, 0.973, 0.956]","[0.8377321603128055, 0.9705882352941176, 0.7977839335180056, 0.9130879345603272, 0.8584428715874621, 0.9673135852911133, 0.7302904564315352, 0.9524733268671193, 0.9848484848484849, 0.9539406345957011]",batch,both
FashionMNIST,small,43,10,a1,layerwise,mean_activation,baseline,,0.2,0,0.8876,0.8791,0.3195217432618141,0.3433128164172173,188583,0.19801740195453033,188240,0.19813249727371862,0.26572920696344227,21.6025390625,16,0,2048,0.3224565149284899,0.8791,0.3433128185272217,0.3309387799818069,234752,235146,"[0.853, 0.973, 0.845, 0.861, 0.805, 0.906, 0.652, 0.968, 0.968, 0.96]","[0.8592375366568915, 0.9705882352941176, 0.850415512465374, 0.8650306748466258, 0.8291203235591507, 0.916241062308478, 0.6804979253112033, 0.9612027158098934, 0.9808080808080808, 0.9600818833162743]",batch,both
FashionMNIST,small,43,10,a1,layerwise,mean_activation,baseline,,0.2,1,0.8948,0.8899,0.2940272287726402,0.312757007420063,188583,0.19801740195453033,188240,0.19813249727371862,0.26572920696344227,21.6025390625,16,0,2048,0.31161106296349317,0.8899,0.3127570016980171,0.34321660292334855,234752,235146,"[0.843, 0.971, 0.813, 0.92, 0.827, 0.96, 0.682, 0.959, 0.97, 0.954]","[0.8435972629521017, 0.9675456389452333, 0.817174515235457, 0.9161554192229039, 0.8412537917087968, 0.9632277834525026, 0.7126556016597511, 0.9515033947623667, 0.9828282828282828, 0.9559877175025588]",batch,both
FashionMNIST,small,43,10,a1,layerwise,mean_activation,baseline,,0.2,3,0.8937,0.8897,0.2935756305575371,0.31177156549692153,188583,0.19801740195453033,188240,0.19813249727371862,0.26572920696344227,21.6025390625,16,0,2048,0.32889365206938237,0.8897,0.3117715696573257,0.33809681807179004,234752,235146,"[0.849, 0.971, 0.795, 0.91, 0.819, 0.961, 0.703, 0.964, 0.97, 0.955]","[0.8465298142717498, 0.9675456389452333, 0.7987072945521699, 0.9079754601226994, 0.839231547017189, 0.9632277834525026, 0.733402489626556, 0.9524733268671193, 0.9818181818181818, 0.9518935516888434]",batch,both
FashionMNIST,small,43,10,a1,layerwise,mean_activation,baseline,,0.2,5,0.8958,0.8914,0.29206184741258623,0.31154495459795,188583,0.19801740195453033,188240,0.19813249727371862,0.26572920696344227,21.6025390625,16,0,2048,0.31394598400220275,0.8914,0.31154496141672133,0.3446580501040444,234752,235146,"[0.842, 0.973, 0.825, 0.908, 0.814, 0.962, 0.706, 0.96, 0.966, 0.958]","[0.8367546432062561, 0.9665314401622718, 0.8310249307479224, 0.9141104294478528, 0.8220424671385238, 0.9693564862104188, 0.7354771784232366, 0.950533462657614, 0.9818181818181818, 0.9539406345957011]",batch,both
FashionMNIST,small,43,10,a1,layerwise,mean_activation,baseline,,0.3,0,0.8763,0.8667,0.34808282191753387,0.3741983208417892,165758,0.29508475585381,165440,0.2952562704471101,0.26572920696344227,21.6025390625,16,0,2048,0.3376725709531456,0.8667,0.3741983166694641,0.3481801290763542,234752,235146,"[0.843, 0.971, 0.837, 0.861, 0.802, 0.803, 0.65, 0.978, 0.968, 0.954]","[0.8494623655913979, 0.9705882352941176, 0.8485687903970452, 0.8629856850715747, 0.8311425682507584, 0.8130745658835546, 0.6773858921161826, 0.9689621726479146, 0.9818181818181818, 0.9539406345957011]",batch,both
FashionMNIST,small,43,10,a1,layerwise,mean_activation,baseline,,0.3,1,0.8939,0.8879,0.29465444852113726,0.31403310849666594,165758,0.29508475585381,165440,0.2952562704471101,0.26572920696344227,21.6025390625,16,0,2048,0.32247943605761975,0.8879,0.3140331083774567,0.3304030670551583,234752,235146,"[0.85, 0.971, 0.805, 0.905, 0.812, 0.955, 0.697, 0.966, 0.971, 0.947]","[0.855327468230694, 0.9685598377281948, 0.8051708217913204, 0.901840490797546, 0.8412537917087968, 0.958120531154239, 0.725103734439834, 0.9631425800193987, 0.9828282828282828, 0.9416581371545547]",batch,both
FashionMNIST,small,43,10,a1,layerwise,mean_activation,baseline,,0.3,3,0.8935,0.8871,0.2987794616103172,0.3179539496064186,165758,0.29508475585381,165440,0.2952562704471101,0.26572920696344227,21.6025390625,16,0,2048,0.322231337078847,0.8871,0.31795395151376726,0.3507379740476608,234752,235146,"[0.854, 0.971, 0.764, 0.912, 0.841, 0.952, 0.69, 0.945, 0.975, 0.967]","[0.8660801564027371, 0.9685598377281948, 0.775623268698061, 0.9079754601226994, 0.8574317492416582, 0.9632277834525026, 0.7230290456431535, 0.9291949563530553, 0.9838383838383838, 0.9682702149437052]",batch,both
FashionMNIST,small,43,10,a1,layerwise,mean_activation,baseline,,0.3,5,0.896,0.891,0.29265475083589554,0.31070792206525805,165758,0.29508475585381,165440,0.2952562704471101,0.26572920696344227,21.6025390625,16,0,2048,0.32453795394394547,0.891,0.3107079186439514,0.3280792550649494,234752,235146,"[0.858, 0.972, 0.788, 0.906, 0.843, 0.952, 0.697, 0.961, 0.972, 0.961]","[0.8651026392961877, 0.9685598377281948, 0.7922437673130194, 0.9049079754601227, 0.8564206268958544, 0.9570990806945863, 0.725103734439834, 0.9524733268671193, 0.9828282828282828, 0.9611054247697032]",batch,both
FashionMNIST,small,43,10,a1,layerwise,mean_activation,baseline,,0.4,0,0.8654,0.8614,0.36699918327331543,0.389776012134552,142020,0.39603480390906076,141728,0.39626499454743724,0.26572920696344227,21.6025390625,16,0,2048,0.3171512730186805,0.8614,0.38977600507736204,0.3183538479497656,234752,235146,"[0.842, 0.973, 0.834, 0.851, 0.792, 0.789, 0.633, 0.974, 0.971, 0.955]","[0.8543499511241447, 0.9675456389452333, 0.840258541089566, 0.8548057259713702, 0.8179979777553084, 0.7589376915219612, 0.6483402489626556, 0.9689621726479146, 0.9777777777777777, 0.9580348004094166]",batch,both
FashionMNIST,small,43,10,a1,layerwise,mean_activation,baseline,,0.4,1,0.8913,0.8842,0.2988182678580284,0.3204370257854462,142020,0.39603480390906076,141728,0.39626499454743724,0.26572920696344227,21.6025390625,16,0,2048,0.3367579609621316,0.8842,0.3204370196342468,0.32149039197247475,234752,235146,"[0.857, 0.97, 0.8, 0.896, 0.819, 0.942, 0.674, 0.953, 0.971, 0.96]","[0.8729227761485826, 0.9665314401622718, 0.8116343490304709, 0.8997955010224948, 0.8321536905965622, 0.9499489274770173, 0.6991701244813278, 0.938894277400582, 0.9828282828282828, 0.962128966223132]",batch,both
FashionMNIST,small,43,10,a1,layerwise,mean_activation,baseline,,0.4,3,0.8928,0.8874,0.2940352100253105,0.3148842205047607,142020,0.39603480390906076,141728,0.39626499454743724,0.26572920696344227,21.6025390625,16,0,2048,0.3528151350328699,0.8874,0.314884228348732,0.33679295401088893,234752,235146,"[0.862, 0.971, 0.804, 0.902, 0.837, 0.937, 0.666, 0.963, 0.974, 0.958]","[0.8670576735092864, 0.9665314401622718, 0.8070175438596491, 0.9100204498977505, 0.8432760364004045, 0.9489274770173647, 0.6939834024896265, 0.9524733268671193, 0.9838383838383838, 0.9580348004094166]",batch,both
FashionMNIST,small,43,10,a1,layerwise,mean_activation,baseline,,0.4,5,0.8938,0.8882,0.2960178358912468,0.31635669603347777,142020,0.39603480390906076,141728,0.39626499454743724,0.26572920696344227,21.6025390625,16,0,2048,0.33047284791246057,0.8882,0.3163566970825195,0.3510286689270288,234752,235146,"[0.838, 0.97, 0.825, 0.903, 0.836, 0.94, 0.675, 0.962, 0.973, 0.96]","[0.8543499511241447, 0.9665314401622718, 0.8190212373037857, 0.9130879345603272, 0.846309403437816, 0.9489274770173647, 0.6991701244813278, 0.9524733268671193, 0.9828282828282828, 0.9580348004094166]",batch,both
FashionMNIST,small,43,10,a1,layerwise,mean_activation,baseline,,0.5,0,0.8587,0.852,0.38405900239944457,0.4045580265045166,118282,0.4969848519643115,118016,0.4972737186477645,0.26572920696344227,21.6025390625,16,0,2048,0.3495255400193855,0.852,0.4045580346107483,0.35034023702610284,234752,235146,"[0.829, 0.969, 0.833, 0.836, 0.794, 0.738, 0.63, 0.968, 0.963, 0.96]","[0.8484848484848485, 0.9675456389452333, 0.8430286241920592, 0.8384458077709611, 0.8109201213346815, 0.7191011235955056, 0.6535269709543569, 0.962172647914646, 0.9727272727272728, 0.9631525076765609]",batch,both
FashionMNIST,small,43,10,a1,layerwise,mean_activation,baseline,,0.5,1,0.8882,0.8825,0.3042402156114578,0.3274441839694977,118282,0.4969848519643115,118016,0.4972737186477645,0.26572920696344227,21.6025390625,16,0,2048,0.3396750910906121,0.8825,0.32744418785572055,0.3408361279871315,234752,235146,"[0.847, 0.967, 0.798, 0.904, 0.842, 0.943, 0.646, 0.944, 0.971, 0.963]","[0.8582600195503421, 0.9634888438133874, 0.7940904893813481, 0.901840490797546, 0.8564206268958544, 0.9530132788559755, 0.6742738589211619, 0.9350145489815713, 0.9838383838383838, 0.9662231320368475]",batch,both
FashionMNIST,small,43,10,a1,layerwise,mean_activation,baseline,,0.5,3,0.8903,0.8864,0.30074778213500974,0.3212045168161392,118282,0.4969848519643115,118016,0.4972737186477645,0.26572920696344227,21.6025390625,16,0,2048,0.31848336290568113,0.8864,0.3212045127153397,0.34349986305460334,234752,235146,"[0.861, 0.971, 0.799, 0.916, 0.836, 0.945, 0.653, 0.953, 0.969, 0.961]","[0.8660801564027371, 0.9645030425963489, 0.7987072945521699, 0.908997955010225, 0.8493427704752275, 0.9489274770173647, 0.6732365145228216, 0.9456838021338506, 0.9838383838383838, 0.9672466734902764]",batch,both
FashionMNIST,small,43,10,a1,layerwise,mean_activation,baseline,,0.5,5,0.8936,0.8867,0.29386835703849795,0.31394810708761217,118282,0.4969848519643115,118016,0.4972737186477645,0.26572920696344227,21.6025390625,16,0,2048,0.32989075407385826,0.8867,0.3139481104135513,0.3157962419791147,234752,235146,"[0.836, 0.969, 0.796, 0.892, 0.817, 0.954, 0.718, 0.961, 0.968, 0.956]","[0.83088954056696, 0.9655172413793104, 0.8051708217913204, 0.9038854805725971, 0.8351870576339737, 0.958120531154239, 0.7531120331950207, 0.9544131910766246, 0.9818181818181818, 0.9539406345957011]",batch,both
FashionMNIST,small,43,10,a1,layerwise,mean_activation,baseline,,0.7,0,0.8361,0.8282,0.4846263158798218,0.5013178984642028,71719,0.6950022539188419,71504,0.6954062159214831,0.26572920696344227,21.6025390625,16,0,2048,0.3138848339440301,0.8282,0.5013178923606872,0.34899174701422453,234752,235146,"[0.793, 0.97, 0.798, 0.796, 0.819, 0.731, 0.566, 0.947, 0.895, 0.967]","[0.8005865102639296, 0.9705882352941176, 0.8070175438596491, 0.7975460122699386, 0.8250758341759353, 0.7303370786516854, 0.6058091286307054, 0.9321047526673133, 0.9141414141414141, 0.9723643807574207]",batch,both
FashionMNIST,small,43,10,a1,layerwise,mean_activation,baseline,,0.7,1,0.8759,0.8693,0.33835054020881655,0.3619488608121872,71719,0.6950022539188419,71504,0.6954062159214831,0.26572920696344227,21.6025390625,16,0,2048,0.3328754570102319,0.8693,0.36194885544776917,0.36294017801992595,234752,235146,"[0.808, 0.958, 0.795, 0.899, 0.806, 0.922, 0.636, 0.947, 0.968, 0.954]","[0.8250244379276638, 0.9614604462474645, 0.7996306555863343, 0.8977505112474438, 0.8240647118301314, 0.9244126659856997, 0.6618257261410788, 0.9321047526673133, 0.9797979797979798, 0.9559877175025588]",batch,both
FashionMNIST,small,43,10,a1,layerwise,mean_activation,baseline,,0.7,3,0.8832,0.8759,0.3193872843623161,0.3412882038831711,71719,0.6950022539188419,71504,0.6954062159214831,0.26572920696344227,21.6025390625,16,0,2048,0.33954774599988014,0.8759,0.34128820509910585,0.3391625890508294,234752,235146,"[0.836, 0.962, 0.805, 0.897, 0.803, 0.936, 0.646, 0.946, 0.972, 0.956]","[0.8426197458455523, 0.962474645030426, 0.8208679593721145, 0.8967280163599182, 0.8109201213346815, 0.9458631256384066, 0.6794605809128631, 0.9340446168768186, 0.9818181818181818, 0.9590583418628454]",batch,both
FashionMNIST,small,43,10,a1,layerwise,mean_activation,baseline,,0.7,5,0.8847,0.8771,0.31479143438339235,0.33552109212875364,71719,0.6950022539188419,71504,0.6954062159214831,0.26572920696344227,21.6025390625,16,0,2048,0.31618897593580186,0.8771,0.3355210926771164,0.33618923695757985,234752,235146,"[0.831, 0.968, 0.783, 0.89, 0.821, 0.937, 0.66, 0.946, 0.973, 0.962]","[0.8396871945259042, 0.9655172413793104, 0.7968605724838412, 0.8905930470347648, 0.8432760364004045, 0.9468845760980592, 0.6846473029045643, 0.933074684772066, 0.9838383838383838, 0.9672466734902764]",batch,both
FashionMNIST,small,43,10,a2,layerwise,mean_activation,baseline,,0.05,0,0.8908,0.8841,0.3093198991537094,0.3295622936487198,233544,0.006812788650455426,233156,0.006798664122137366,0.26572920696344227,21.6025390625,16,0,2048,0.3275586540112272,0.8841,0.3295622955560684,0.3330841329880059,234752,235146,"[0.849, 0.972, 0.851, 0.863, 0.813, 0.947, 0.655, 0.968, 0.969, 0.954]","[0.8611925708699902, 0.9705882352941176, 0.850415512465374, 0.8650306748466258, 0.8351870576339737, 0.9530132788559755, 0.6773858921161826, 0.9592628516003879, 0.9797979797979798, 0.9539406345957011]",batch,both
FashionMNIST,small,43,10,a2,layerwise,mean_activation,baseline,,0.05,1,0.8962,0.8905,0.29199800126552583,0.312154926609993,233544,0.006812788650455426,233156,0.006798664122137366,0.26572920696344227,21.6025390625,16,0,2048,0.31671260204166174,0.8905,0.31215492956638335,0.33656395005527884,234752,235146,"[0.85, 0.972, 0.821, 0.904, 0.817, 0.96, 0.684, 0.963, 0.972, 0.962]","[0.8611925708699902, 0.9685598377281948, 0.8208679593721145, 0.9049079754601227, 0.8351870576339737, 0.9622063329928499, 0.7157676348547718, 0.9495635305528612, 0.9838383838383838, 0.9631525076765609]",batch,both
FashionMNIST,small,43,10,a2,layerwise,mean_activation,baseline,,0.05,3,0.8963,0.8925,0.29318572286367417,0.31252415130734446,233544,0.006812788650455426,233156,0.006798664122137366,0.26572920696344227,21.6025390625,16,0,2048,0.3205516820307821,0.8925,0.31252414608597756,0.32227652589790523,234752,235146,"[0.839, 0.972, 0.801, 0.9, 0.851, 0.966, 0.7, 0.968, 0.974, 0.954]","[0.8494623655913979, 0.9695740365111561, 0.7977839335180056, 0.8946830265848671, 0.8665318503538928, 0.9662921348314607, 0.729253112033195, 0.9582929194956353, 0.9838383838383838, 0.9529170931422722]",batch,both
FashionMNIST,small,43,10,a2,layerwise,mean_activation,baseline,,0.05,5,0.8995,0.8938,0.294443219101429,0.3146546108543873,233544,0.006812788650455426,233156,0.006798664122137366,0.26572920696344227,21.6025390625,16,0,2048,0.31297908804845065,0.8938,0.31465460529327394,0.32638370792847127,234752,235146,"[0.844, 0.972, 0.81, 0.909, 0.841, 0.965, 0.702, 0.967, 0.973, 0.955]","[0.855327468230694, 0.9675456389452333, 0.8060941828254847, 0.9141104294478528, 0.8584428715874621, 0.9703779366700716, 0.7396265560165975, 0.9582929194956353, 0.9838383838383838, 0.946775844421699]",batch,both
FashionMNIST,small,43,10,a2,layerwise,mean_activation,baseline,,0.1,0,0.8911,0.8813,0.3110731117725372,0.3302657950401306,231942,0.013625577300910963,231560,0.013597328244274842,0.26572920696344227,21.6025390625,16,0,2048,0.3451552229234949,0.8813,0.33026579275131224,0.3222770270658657,234752,235146,"[0.854, 0.973, 0.841, 0.856, 0.816, 0.947, 0.637, 0.968, 0.967, 0.954]","[0.8680351906158358, 0.9716024340770791, 0.8513388734995383, 0.8588957055214724, 0.8452982810920121, 0.9530132788559755, 0.6680497925311203, 0.9592628516003879, 0.9787878787878788, 0.9539406345957011]",batch,both
FashionMNIST,small,43,10,a2,layerwise,mean_activation,baseline,,0.1,1,0.8966,0.8903,0.292773052418232,0.3134486862182617,231942,0.013625577300910963,231560,0.013597328244274842,0.26572920696344227,21.6025390625,16,0,2048,0.3300523330690339,0.8903,0.3134486904501915,0.33079303498379886,234752,235146,"[0.857, 0.97, 0.833, 0.903, 0.823, 0.956, 0.663, 0.965, 0.973, 0.96]","[0.8699902248289345, 0.9685598377281948, 0.8347183748845799, 0.901840490797546, 0.8372093023255814, 0.9570990806945863, 0.6981327800829875, 0.953443258971872, 0.9858585858585859, 0.9600818833162743]",batch,both
FashionMNIST,small,43,10,a2,layerwise,mean_activation,baseline,,0.1,3,0.8981,0.8922,0.2910299216389656,0.30904135081768036,231942,0.013625577300910963,231560,0.013597328244274842,0.26572920696344227,21.6025390625,16,0,2048,0.34027426096145064,0.8922,0.30904134469032285,0.32731955393683165,234752,235146,"[0.849, 0.972, 0.801, 0.907, 0.838, 0.96, 0.699, 0.965, 0.973, 0.958]","[0.8572825024437928, 0.9685598377281948, 0.801477377654663, 0.9100204498977505, 0.8564206268958544, 0.9642492339121552, 0.729253112033195, 0.9553831231813773, 0.9838383838383838, 0.9600818833162743]",batch,both
FashionMNIST,small,43,10,a2,layerwise,mean_activation,baseline,,0.1,5,0.897,0.8937,0.2960503305196762,0.31516473774313924,231942,0.013625577300910963,231560,0.013597328244274842,0.26572920696344227,21.6025390625,16,0,2048,0.3329980439739302,0.8937,0.3151647336661816,0.34055605402681977,234752,235146,"[0.826, 0.974, 0.801, 0.905, 0.857, 0.965, 0.714, 0.964, 0.973, 0.958]","[0.8328445747800587, 0.9695740365111561, 0.801477377654663, 0.9038854805725971, 0.8614762386248737, 0.9703779366700716, 0.745850622406639, 0.950533462657614, 0.9838383838383838, 0.9570112589559877]",batch,both
FashionMNIST,small,43,10,a2,layerwise,mean_activation,baseline,,0.2,0,0.887,0.8792,0.32036182720661166,0.3396293565630913,228471,0.028386619376897793,228102,0.028327767175572505,0.26572920696344227,21.6025390625,16,0,2048,0.3115686730016023,0.8792,0.3396293554186821,0.3222268130630255,234752,235146,"[0.864, 0.973, 0.865, 0.853, 0.814, 0.949, 0.588, 0.968, 0.963, 0.955]","[0.8758553274682307, 0.9716024340770791, 0.8651892890120036, 0.8537832310838446, 0.8382204246713852, 0.9550561797752809, 0.6130705394190872, 0.95635305528613, 0.9787878787878788, 0.9559877175025588]",batch,both
FashionMNIST,small,43,10,a2,layerwise,mean_activation,baseline,,0.2,1,0.8941,0.8893,0.29470373705625535,0.3137716990351677,228471,0.028386619376897793,228102,0.028327767175572505,0.26572920696344227,21.6025390625,16,0,2048,0.32830161694437265,0.8893,0.31377169724702836,0.32587953796610236,234752,235146,"[0.833, 0.971, 0.799, 0.913, 0.839, 0.954, 0.69, 0.968, 0.972, 0.954]","[0.8406647116324536, 0.9685598377281948, 0.7940904893813481, 0.9130879345603272, 0.8554095045500506, 0.958120531154239, 0.7219917012448133, 0.9524733268671193, 0.9848484848484849, 0.9580348004094166]",batch,both
FashionMNIST,small,43,10,a2,layerwise,mean_activation,baseline,,0.2,3,0.8944,0.891,0.29391606488227845,0.3137845473527908,228471,0.028386619376897793,228102,0.028327767175572505,0.26572920696344227,21.6025390625,16,0,2048,0.32304075499996543,0.891,0.313784548664093,0.3370287959696725,234752,235146,"[0.832, 0.972, 0.778, 0.903, 0.841, 0.961, 0.725, 0.968, 0.972, 0.958]","[0.8347996089931574, 0.9695740365111561, 0.778393351800554, 0.8977505112474438, 0.8634984833164813, 0.9622063329928499, 0.7551867219917012, 0.9544131910766246, 0.9828282828282828, 0.9539406345957011]",batch,both
FashionMNIST,small,43,10,a2,layerwise,mean_activation,baseline,,0.2,5,0.8961,0.8939,0.29301822234392166,0.312695828217268,228471,0.028386619376897793,228102,0.028327767175572505,0.26572920696344227,21.6025390625,16,0,2048,0.34046105796005577,0.8939,0.3126958302557468,0.3554031220264733,234752,235146,"[0.843, 0.973, 0.82, 0.905, 0.854, 0.966, 0.682, 0.962, 0.974, 0.96]","[0.8455522971652004, 0.9705882352941176, 0.804247460757156, 0.9028629856850716, 0.8624873609706775, 0.9724208375893769, 0.7230290456431535, 0.944713870029098, 0.9828282828282828, 0.9580348004094166]",batch,both
FashionMNIST,small,43,10,a2,layerwise,mean_activation,baseline,,0.3,0,0.8824,0.874,0.3308584475517273,0.34734778809547423,225000,0.04314766145288462,224644,0.04305820610687028,0.26572920696344227,21.6025390625,16,0,2048,0.3261605560546741,0.874,0.34734778850078585,0.36218425002880394,234752,235146,"[0.866, 0.974, 0.859, 0.851, 0.819, 0.956, 0.534, 0.966, 0.964, 0.951]","[0.8758553274682307, 0.9716024340770791, 0.8614958448753463, 0.84560327198364, 0.846309403437816, 0.9622063329928499, 0.5674273858921162, 0.95635305528613, 0.9777777777777777, 0.9518935516888434]",batch,both
FashionMNIST,small,43,10,a2,layerwise,mean_activation,baseline,,0.3,1,0.8941,0.8876,0.295653706240654,0.31335732398033145,225000,0.04314766145288462,224644,0.04305820610687028,0.26572920696344227,21.6025390625,16,0,2048,0.32253206602763385,0.8876,0.3133573265194893,0.3315265900455415,234752,235146,"[0.809, 0.97, 0.789, 0.904, 0.831, 0.966, 0.716, 0.964, 0.972, 0.955]","[0.8172043010752689, 0.9685598377281948, 0.7922437673130194, 0.9059304703476483, 0.8513650151668352, 0.9734422880490297, 0.7551867219917012, 0.9495635305528612, 0.9828282828282828, 0.9529170931422722]",batch,both
FashionMNIST,small,43,10,a2,layerwise,mean_activation,baseline,,0.3,3,0.8974,0.8917,0.2906077321410179,0.3126573357462883,225000,0.04314766145288462,224644,0.04305820610687028,0.26572920696344227,21.6025390625,16,0,2048,0.33222132397349924,0.8917,0.31265733896493914,0.33500947104766965,234752,235146,"[0.855, 0.973, 0.81, 0.915, 0.839, 0.956, 0.672, 0.964, 0.971, 0.962]","[0.8582600195503421, 0.9695740365111561, 0.8097876269621422, 0.9120654396728016, 0.8503538928210314, 0.9601634320735445, 0.7219917012448133, 0.953443258971872, 0.9838383838383838, 0.9590583418628454]",batch,both
FashionMNIST,small,43,10,a2,layerwise,mean_activation,baseline,,0.3,5,0.8941,0.889,0.2972088707208633,0.31555470637083055,225000,0.04314766145288462,224644,0.04305820610687028,0.26572920696344227,21.6025390625,16,0,2048,0.3361176740145311,0.889,0.3155547050118446,0.3535400419496,234752,235146,"[0.832, 0.973, 0.782, 0.898, 0.852, 0.96, 0.698, 0.967, 0.972, 0.956]","[0.8475073313782991, 0.9695740365111561, 0.7820867959372114, 0.9008179959100204, 0.8705763397371082, 0.958120531154239, 0.725103734439834, 0.9582929194956353, 0.9848484848484849, 0.9508700102354145]",batch,both
FashionMNIST,small,43,10,a2,layerwise,mean_activation,baseline,,0.4,0,0.8825,0.8721,0.3484528662443161,0.36405476739406584,221529,0.05790870352887145,221186,0.05778864503816794,0.26572920696344227,21.6025390625,16,0,2048,0.3203244620235637,0.8721,0.3640547686815262,0.335277292993851,234752,235146,"[0.851, 0.978, 0.86, 0.825, 0.813, 0.953, 0.558, 0.962, 0.967, 0.954]","[0.8699902248289345, 0.973630831643002, 0.8614958448753463, 0.8261758691206544, 0.8382204246713852, 0.9622063329928499, 0.5954356846473029, 0.9544131910766246, 0.9818181818181818, 0.95496417604913]",batch,both
FashionMNIST,small,43,10,a2,layerwise,mean_activation,baseline,,0.4,1,0.8931,0.8878,0.295450106215477,0.3134073211789131,221529,0.05790870352887145,221186,0.05778864503816794,0.26572920696344227,21.6025390625,16,0,2048,0.3298484589904547,0.8878,0.3134073217391968,0.3356861089123413,234752,235146,"[0.827, 0.971, 0.797, 0.905, 0.819, 0.951, 0.709, 0.969, 0.975, 0.955]","[0.833822091886608, 0.9695740365111561, 0.7977839335180056, 0.9069529652351738, 0.8361981799797775, 0.9540347293156282, 0.7406639004149378, 0.9592628516003879, 0.9828282828282828, 0.9559877175025588]",batch,both
FashionMNIST,small,43,10,a2,layerwise,mean_activation,baseline,,0.4,3,0.896,0.8919,0.2896948275089264,0.3117720690011978,221529,0.05790870352887145,221186,0.05778864503816794,0.26572920696344227,21.6025390625,16,0,2048,0.33084689802490175,0.8919,0.3117720682024956,0.32817946292925626,234752,235146,"[0.85, 0.97, 0.832, 0.914, 0.801, 0.964, 0.697, 0.961, 0.97, 0.96]","[0.8484848484848485, 0.9685598377281948, 0.840258541089566, 0.9141104294478528, 0.8048533872598584, 0.9724208375893769, 0.7240663900414938, 0.950533462657614, 0.9838383838383838, 0.95496417604913]",batch,both
FashionMNIST,small,43,10,a2,layerwise,mean_activation,baseline,,0.4,5,0.8965,0.8926,0.28877891952991486,0.3103423413515091,221529,0.05790870352887145,221186,0.05778864503816794,0.26572920696344227,21.6025390625,16,0,2048,0.3178288110066205,0.8926,0.31034234325885773,0.3320135559188202,234752,235146,"[0.836, 0.973, 0.817, 0.91, 0.82, 0.966, 0.71, 0.963, 0.971, 0.96]","[0.8455522971652004, 0.9705882352941176, 0.8245614035087719, 0.9059304703476483, 0.8240647118301314, 0.9724208375893769, 0.7365145228215768, 0.9495635305528612, 0.9838383838383838, 0.9559877175025588]",batch,both
FashionMNIST,small,43,10,a2,layerwise,mean_activation,baseline,,0.5,0,0.8786,0.8677,0.3830769387245178,0.39817113893032074,218058,0.07266974560485828,217728,0.0725190839694656,0.26572920696344227,21.6025390625,16,0,2048,0.32263903704006225,0.8677,0.3981711361169815,0.34772022196557373,234752,235146,"[0.84, 0.971, 0.865, 0.791, 0.801, 0.96, 0.584, 0.948, 0.962, 0.955]","[0.8572825024437928, 0.9726166328600405, 0.8624192059095106, 0.7975460122699386, 0.8210313447927199, 0.9673135852911133, 0.6265560165975104, 0.944713870029098, 0.9737373737373738, 0.9570112589559877]",batch,both
FashionMNIST,small,43,10,a2,layerwise,mean_activation,baseline,,0.5,1,0.8939,0.8891,0.2937838144540787,0.31381883668899535,218058,0.07266974560485828,217728,0.0725190839694656,0.26572920696344227,21.6025390625,16,0,2048,0.32425438798964024,0.8891,0.31381883709430697,0.3256609980016947,234752,235146,"[0.84, 0.971, 0.808, 0.904, 0.824, 0.957, 0.691, 0.965, 0.973, 0.958]","[0.8465298142717498, 0.9695740365111561, 0.8116343490304709, 0.9120654396728016, 0.8260869565217391, 0.958120531154239, 0.7313278008298755, 0.9515033947623667, 0.9818181818181818, 0.95496417604913]",batch,both
FashionMNIST,small,43,10,a2,layerwise,mean_activation,baseline,,0.5,3,0.8938,0.8896,0.29297779886722564,0.3130524841308594,218058,0.07266974560485828,217728,0.0725190839694656,0.26572920696344227,21.6025390625,16,0,2048,0.31564149796031415,0.8896,0.3130524831056595,0.3321311760228127,234752,235146,"[0.836, 0.971, 0.84, 0.906, 0.787, 0.967, 0.699, 0.969, 0.967, 0.954]","[0.8347996089931574, 0.9675456389452333, 0.8448753462603878, 0.9049079754601227, 0.7987866531850354, 0.9683350357507661, 0.7354771784232366, 0.9544131910766246, 0.9818181818181818, 0.9488229273285568]",batch,both
FashionMNIST,small,43,10,a2,layerwise,mean_activation,baseline,,0.5,5,0.8961,0.8912,0.29075470774173734,0.31143864640593527,218058,0.07266974560485828,217728,0.0725190839694656,0.26572920696344227,21.6025390625,16,0,2048,0.32840085006318986,0.8912,0.3114386460006237,0.32213529699947685,234752,235146,"[0.831, 0.974, 0.814, 0.903, 0.84, 0.962, 0.692, 0.958, 0.973, 0.965]","[0.8377321603128055, 0.9695740365111561, 0.814404432132964, 0.9100204498977505, 0.8452982810920121, 0.9693564862104188, 0.7271784232365145, 0.94180407371484, 0.9838383838383838, 0.9672466734902764]",batch,both
FashionMNIST,small,43,10,a2,layerwise,mean_activation,baseline,,0.7,0,0.86,0.8531,0.5206516147613526,0.5345016931533814,211383,0.10105636498175596,211078,0.10084685114503822,0.26572920696344227,21.6025390625,16,0,2048,0.3216544819297269,0.8531,0.534501689004898,0.3253661800408736,234752,235146,"[0.874, 0.973, 0.908, 0.785, 0.711, 0.938, 0.491, 0.982, 0.956, 0.913]","[0.8768328445747801, 0.9716024340770791, 0.8984302862419206, 0.7811860940695297, 0.7259858442871587, 0.9366700715015321, 0.524896265560166, 0.9776915615906887, 0.9676767676767677, 0.9222108495394064]",batch,both
FashionMNIST,small,43,10,a2,layerwise,mean_activation,baseline,,0.7,1,0.886,0.8809,0.3137059742689133,0.3288993488550186,211383,0.10105636498175596,211078,0.10084685114503822,0.26572920696344227,21.6025390625,16,0,2048,0.34751842403784394,0.8809,0.32889934161901474,0.34353343304246664,234752,235146,"[0.817, 0.968, 0.774, 0.906, 0.821, 0.956, 0.687, 0.954, 0.972, 0.954]","[0.8260019550342131, 0.9655172413793104, 0.7636195752539243, 0.9130879345603272, 0.8341759352881699, 0.95097037793667, 0.7302904564315352, 0.9456838021338506, 0.9808080808080808, 0.9590583418628454]",batch,both
FashionMNIST,small,43,10,a2,layerwise,mean_activation,baseline,,0.7,3,0.8924,0.8887,0.29874260320663454,0.31735796699523927,211383,0.10105636498175596,211078,0.10084685114503822,0.26572920696344227,21.6025390625,16,0,2048,0.33656474598683417,0.8887,0.3173579676032066,0.34156142896972597,234752,235146,"[0.848, 0.971, 0.815, 0.906, 0.819, 0.964, 0.68, 0.966, 0.969, 0.949]","[0.8582600195503421, 0.9655172413793104, 0.804247460757156, 0.911042944785276, 0.8301314459049545, 0.9642492339121552, 0.7136929460580913, 0.9544131910766246, 0.9797979797979798, 0.946775844421699]",batch,both
FashionMNIST,small,43,10,a2,layerwise,mean_activation,baseline,,0.7,5,0.8933,0.8884,0.2962649024963379,0.3153461834669113,211383,0.10105636498175596,211078,0.10084685114503822,0.26572920696344227,21.6025390625,16,0,2048,0.34267717506736517,0.8884,0.3153461849451065,0.3420108240097761,234752,235146,"[0.841, 0.971, 0.791, 0.894, 0.842, 0.961, 0.697, 0.963, 0.973, 0.951]","[0.8504398826979472, 0.9665314401622718, 0.7922437673130194, 0.9008179959100204, 0.8503538928210314, 0.9693564862104188, 0.725103734439834, 0.953443258971872, 0.9818181818181818, 0.9488229273285568]",batch,both
FashionMNIST,small,43,10,all,all,firing_rate,baseline,,0.05,0,0.8908,0.8832,0.3112240200996399,0.33287330129146575,222660,0.05309892577377462,222284,0.05311136859323884,0.26572920696344227,21.6025390625,16,0,2048,0.3277406960260123,0.8832,0.33287329919338227,0.32995323091745377,234752,235146,"[0.85, 0.972, 0.853, 0.864, 0.814, 0.94, 0.648, 0.968, 0.969, 0.954]","[0.8621700879765396, 0.9705882352941176, 0.8513388734995383, 0.8650306748466258, 0.8361981799797775, 0.9499489274770173, 0.6763485477178424, 0.9602327837051406, 0.9797979797979798, 0.9539406345957011]",batch,both
FashionMNIST,small,43,10,all,all,firing_rate,baseline,,0.05,1,0.895,0.892,0.29293880580663684,0.3126699479460716,222660,0.05309892577377462,222284,0.05311136859323884,0.26572920696344227,21.6025390625,16,0,2048,0.33397102798335254,0.892,0.3126699424147606,0.35120111098513007,234752,235146,"[0.848, 0.971, 0.794, 0.91, 0.846, 0.964, 0.695, 0.969, 0.972, 0.951]","[0.855327468230694, 0.9695740365111561, 0.7922437673130194, 0.9069529652351738, 0.8624873609706775, 0.9632277834525026, 0.7199170124481328, 0.9573229873908826, 0.9838383838383838, 0.9447287615148413]",batch,both
FashionMNIST,small,43,10,all,all,firing_rate,baseline,,0.05,3,0.8966,0.8922,0.292034350168705,0.312274698638916,222660,0.05309892577377462,222284,0.05311136859323884,0.26572920696344227,21.6025390625,16,0,2048,0.3269423599122092,0.8922,0.31227469902038574,0.3307144489372149,234752,235146,"[0.836, 0.973, 0.82, 0.917, 0.814, 0.962, 0.707, 0.967, 0.971, 0.955]","[0.8396871945259042, 0.9695740365111561, 0.8190212373037857, 0.9161554192229039, 0.8270980788675429, 0.965270684371808, 0.7479253112033195, 0.9573229873908826, 0.9818181818181818, 0.946775844421699]",batch,both
FashionMNIST,small,43,10,all,all,firing_rate,baseline,,0.05,5,0.8968,0.8947,0.2910619236588478,0.3098081993579864,222660,0.05309892577377462,222284,0.05311136859323884,0.26572920696344227,21.6025390625,16,0,2048,0.3472355830017477,0.8947,0.30980819643735885,0.3582627869909629,234752,235146,"[0.84, 0.973, 0.835, 0.918, 0.821, 0.962, 0.703, 0.965, 0.97, 0.96]","[0.844574780058651, 0.9705882352941176, 0.8264081255771006, 0.9171779141104295, 0.8291203235591507, 0.9611848825331971, 0.729253112033195, 0.9544131910766246, 0.9818181818181818, 0.9570112589559877]",batch,both
FashionMNIST,small,43,10,all,all,firing_rate,baseline,,0.1,0,0.8897,0.8807,0.31522371678352357,0.33908965201377866,209417,0.10941712808212767,209060,0.10944315703380592,0.26572920696344227,21.6025390625,16,0,2048,0.31827278109267354,0.8807,0.33908965182304385,0.33469625702127814,234752,235146,"[0.843, 0.971, 0.842, 0.866, 0.82, 0.925, 0.65, 0.969, 0.967, 0.954]","[0.8533724340175953, 0.9695740365111561, 0.8494921514312096, 0.8650306748466258, 0.8442871587462083, 0.9315628192032687, 0.6804979253112033, 0.9612027158098934, 0.9818181818181818, 0.9580348004094166]",batch,both
FashionMNIST,small,43,10,all,all,firing_rate,baseline,,0.1,1,0.8951,0.8905,0.2931110873699188,0.3128765187740326,209417,0.10941712808212767,209060,0.10944315703380592,0.26572920696344227,21.6025390625,16,0,2048,0.32301900908350945,0.8905,0.3128765219926834,0.32676952006295323,234752,235146,"[0.852, 0.97, 0.789, 0.915, 0.852, 0.959, 0.681, 0.951, 0.972, 0.964]","[0.863147605083089, 0.9685598377281948, 0.7940904893813481, 0.9049079754601227, 0.8624873609706775, 0.965270684371808, 0.7116182572614108, 0.9379243452958292, 0.9828282828282828, 0.9662231320368475]",batch,both
FashionMNIST,small,43,10,all,all,firing_rate,baseline,,0.1,3,0.8949,0.891,0.2942150433778763,0.3121492468357086,209417,0.10941712808212767,209060,0.10944315703380592,0.26572920696344227,21.6025390625,16,0,2048,0.3234960539266467,0.891,0.3121492493033409,0.31992083799559623,234752,235146,"[0.857, 0.972, 0.786, 0.907, 0.834, 0.951, 0.708, 0.969, 0.971, 0.955]","[0.8690127077223851, 0.9705882352941176, 0.7811634349030471, 0.9028629856850716, 0.8503538928210314, 0.9570990806945863, 0.7323651452282157, 0.9602327837051406, 0.9828282828282828, 0.9488229273285568]",batch,both
FashionMNIST,small,43,10,all,all,firing_rate,baseline,,0.1,5,0.8967,0.8927,0.2897576590180397,0.30800583783984187,209417,0.10941712808212767,209060,0.10944315703380592,0.26572920696344227,21.6025390625,16,0,2048,0.33484026102814823,0.8927,0.30800583015084265,0.3290127479704097,234752,235146,"[0.848, 0.972, 0.797, 0.906, 0.834, 0.963, 0.714, 0.961, 0.97, 0.962]","[0.8582600195503421, 0.9695740365111561, 0.8033240997229917, 0.9069529652351738, 0.8533872598584429, 0.9683350357507661, 0.7271784232365145, 0.9427740058195926, 0.9818181818181818, 0.9611054247697032]",batch,both
FashionMNIST,small,43,10,all,all,firing_rate,baseline,,0.2,0,0.8842,0.873,0.32660094125270844,0.35403911917209624,183183,0.2209818580796612,182865,0.22102900081788446,0.26572920696344227,21.6025390625,16,0,2048,0.31262241199146956,0.873,0.3540391259431839,0.3181258930126205,234752,235146,"[0.841, 0.963, 0.849, 0.864, 0.805, 0.889, 0.63, 0.971, 0.962, 0.956]","[0.8504398826979472, 0.9665314401622718, 0.8568790397045245, 0.8650306748466258, 0.8301314459049545, 0.9050051072522982, 0.6639004149377593, 0.9631425800193987, 0.9767676767676767, 0.9600818833162743]",batch,both
FashionMNIST,small,43,10,all,all,firing_rate,baseline,,0.2,1,0.8944,0.8865,0.29454149363040927,0.3158314091205597,183183,0.2209818580796612,182865,0.22102900081788446,0.26572920696344227,21.6025390625,16,0,2048,0.3373742370167747,0.8865,0.3158314059138298,0.33332530700135976,234752,235146,"[0.853, 0.967, 0.805, 0.898, 0.82, 0.952, 0.683, 0.956, 0.973, 0.958]","[0.873900293255132, 0.9675456389452333, 0.8088642659279779, 0.8997955010224948, 0.8351870576339737, 0.9519918283963228, 0.7157676348547718, 0.9456838021338506, 0.9848484848484849, 0.9641760491299898]",batch,both
FashionMNIST,small,43,10,all,all,firing_rate,baseline,,0.2,3,0.8933,0.8879,0.2923470325946808,0.31041352609395984,183183,0.2209818580796612,182865,0.22102900081788446,0.26572920696344227,21.6025390625,16,0,2048,0.33669070107862353,0.8879,0.3104135212659836,0.34613229404203594,234752,235146,"[0.848, 0.969, 0.788, 0.911, 0.828, 0.955, 0.694, 0.964, 0.97, 0.952]","[0.8572825024437928, 0.9655172413793104, 0.7931671283471837, 0.9120654396728016, 0.8483316481294236, 0.9570990806945863, 0.716804979253112, 0.9553831231813773, 0.9838383838383838, 0.9488229273285568]",batch,both
FashionMNIST,small,43,10,all,all,firing_rate,baseline,,0.2,5,0.8954,0.891,0.2923056231379509,0.31222295454740523,183183,0.2209818580796612,182865,0.22102900081788446,0.26572920696344227,21.6025390625,16,0,2048,0.323687021038495,0.891,0.31222295681238177,0.3389564190292731,234752,235146,"[0.855, 0.971, 0.787, 0.908, 0.828, 0.961, 0.705, 0.961, 0.971, 0.963]","[0.8572825024437928, 0.9675456389452333, 0.7950138504155124, 0.9100204498977505, 0.846309403437816, 0.965270684371808, 0.7302904564315352, 0.9515033947623667, 0.9808080808080808, 0.9559877175025588]",batch,both
FashionMNIST,small,43,10,all,all,firing_rate,baseline,,0.3,0,0.8662,0.8586,0.36947833290100096,0.3938852704524994,158500,0.32595068595680976,158220,0.3260121319520175,0.26572920696344227,21.6025390625,16,0,2048,0.3226979849860072,0.8586,0.3938852641105652,0.325859400909394,234752,235146,"[0.85, 0.967, 0.847, 0.858, 0.814, 0.817, 0.545, 0.975, 0.958, 0.955]","[0.8572825024437928, 0.9655172413793104, 0.8457987072945522, 0.8445807770961146, 0.8372093023255814, 0.8253319713993871, 0.5778008298755186, 0.967992240543162, 0.9727272727272728, 0.9590583418628454]",batch,both
FashionMNIST,small,43,10,all,all,firing_rate,baseline,,0.3,1,0.8898,0.8858,0.3009407993078232,0.3229864841461182,158500,0.32595068595680976,158220,0.3260121319520175,0.26572920696344227,21.6025390625,16,0,2048,0.3241129410453141,0.8858,0.32298648619651793,0.35378620692063123,234752,235146,"[0.837, 0.967, 0.806, 0.911, 0.798, 0.953, 0.7, 0.962, 0.972, 0.952]","[0.83088954056696, 0.9675456389452333, 0.8125577100646353, 0.901840490797546, 0.813953488372093, 0.9570990806945863, 0.7313278008298755, 0.953443258971872, 0.9838383838383838, 0.9498464687819856]",batch,both
FashionMNIST,small,43,10,all,all,firing_rate,baseline,,0.3,3,0.8894,0.8864,0.2967499287366867,0.31651088383197784,158500,0.32595068595680976,158220,0.3260121319520175,0.26572920696344227,21.6025390625,16,0,2048,0.31882344000041485,0.8864,0.3165108851313591,0.32569317205343395,234752,235146,"[0.829, 0.968, 0.758, 0.905, 0.834, 0.951, 0.728, 0.962, 0.971, 0.958]","[0.8211143695014663, 0.9665314401622718, 0.765466297322253, 0.9008179959100204, 0.8483316481294236, 0.9540347293156282, 0.7614107883817427, 0.9515033947623667, 0.9838383838383838, 0.9508700102354145]",batch,both
FashionMNIST,small,43,10,all,all,firing_rate,baseline,,0.3,5,0.8912,0.8888,0.2948547402143478,0.3160270712375641,158500,0.32595068595680976,158220,0.3260121319520175,0.26572920696344227,21.6025390625,16,0,2048,0.32226757297758013,0.8888,0.31602706686258314,0.32383421203121543,234752,235146,"[0.864, 0.97, 0.799, 0.916, 0.84, 0.952, 0.655, 0.963, 0.972, 0.957]","[0.8533724340175953, 0.9655172413793104, 0.8005540166204986, 0.918200408997955, 0.8503538928210314, 0.9570990806945863, 0.6836099585062241, 0.9515033947623667, 0.9838383838383838, 0.9518935516888434]",batch,both
FashionMNIST,small,43,10,all,all,firing_rate,baseline,,0.4,0,0.8559,0.8451,0.4268244463443756,0.4504643697738647,133605,0.43182108137072284,133364,0.4318940839694656,0.26572920696344227,21.6025390625,16,0,2048,0.3280362549703568,0.8451,0.4504643678665161,0.3134138169698417,234752,235146,"[0.801, 0.959, 0.866, 0.86, 0.784, 0.79, 0.547, 0.958, 0.927, 0.959]","[0.8074291300097751, 0.960446247464503, 0.8651892890120036, 0.8476482617586912, 0.8129423660262892, 0.8120531154239019, 0.5798755186721992, 0.9544131910766246, 0.9454545454545454, 0.9641760491299898]",batch,both
FashionMNIST,small,43,10,all,all,firing_rate,baseline,,0.4,1,0.8887,0.8814,0.3101869478940964,0.33183705289363863,133605,0.43182108137072284,133364,0.4318940839694656,0.26572920696344227,21.6025390625,16,0,2048,0.3397073920350522,0.8814,0.3318370456457138,0.3577746070222929,234752,235146,"[0.844, 0.96, 0.774, 0.907, 0.815, 0.947, 0.695, 0.945, 0.97, 0.957]","[0.8475073313782991, 0.9645030425963489, 0.7940904893813481, 0.9049079754601227, 0.8270980788675429, 0.9540347293156282, 0.7261410788381742, 0.9359844810863239, 0.9808080808080808, 0.9580348004094166]",batch,both
FashionMNIST,small,43,10,all,all,firing_rate,baseline,,0.4,3,0.8909,0.8857,0.2993949159026146,0.3226669607877731,133605,0.43182108137072284,133364,0.4318940839694656,0.26572920696344227,21.6025390625,16,0,2048,0.32957728195469826,0.8857,0.32266695897579195,0.32980774505995214,234752,235146,"[0.853, 0.966, 0.811, 0.916, 0.802, 0.95, 0.678, 0.949, 0.969, 0.963]","[0.8484848484848485, 0.9665314401622718, 0.8227146814404432, 0.9100204498977505, 0.8179979777553084, 0.9540347293156282, 0.7074688796680498, 0.9379243452958292, 0.9838383838383838, 0.9631525076765609]",batch,both
FashionMNIST,small,43,10,all,all,firing_rate,baseline,,0.4,5,0.8929,0.886,0.2970394265651703,0.32128012835979464,133605,0.43182108137072284,133364,0.4318940839694656,0.26572920696344227,21.6025390625,16,0,2048,0.32224209094420075,0.886,0.3212801295518875,0.33691461593843997,234752,235146,"[0.864, 0.966, 0.818, 0.912, 0.79, 0.952, 0.68, 0.963, 0.969, 0.946]","[0.8690127077223851, 0.9665314401622718, 0.830101569713758, 0.911042944785276, 0.8058645096056622, 0.9560776302349336, 0.7095435684647303, 0.9553831231813773, 0.9808080808080808, 0.9457523029682702]",batch,both
FashionMNIST,small,43,10,all,all,firing_rate,baseline,,0.5,0,0.8486,0.833,0.515341195011139,0.5386712452888489,109386,0.5348166670919343,109184,0.534896401308615,0.26572920696344227,21.6025390625,16,0,2048,0.31503537006210536,0.833,0.5386712608337403,0.32053568807896227,234752,235146,"[0.78, 0.954, 0.855, 0.845, 0.795, 0.809, 0.535, 0.975, 0.885, 0.897]","[0.7908113391984359, 0.9533468559837728, 0.866112650046168, 0.8486707566462167, 0.8190091001011123, 0.8345250255362615, 0.5601659751037344, 0.973811833171678, 0.9202020202020202, 0.9078812691914022]",batch,both
FashionMNIST,small,43,10,all,all,firing_rate,baseline,,0.5,1,0.8841,0.8755,0.3215012183189392,0.34286301271915437,109386,0.5348166670919343,109184,0.534896401308615,0.26572920696344227,21.6025390625,16,0,2048,0.33314055507071316,0.8755,0.3428630201339722,0.3262745509855449,234752,235146,"[0.833, 0.965, 0.808, 0.902, 0.789, 0.928, 0.661, 0.954, 0.97, 0.945]","[0.8299120234604106, 0.9645030425963489, 0.8199445983379502, 0.9038854805725971, 0.8048533872598584, 0.940755873340143, 0.6991701244813278, 0.9485935984481086, 0.9797979797979798, 0.9518935516888434]",batch,both
FashionMNIST,small,43,10,all,all,firing_rate,baseline,,0.5,3,0.8854,0.8809,0.3092411295175552,0.329457654941082,109386,0.5348166670919343,109184,0.534896401308615,0.26572920696344227,21.6025390625,16,0,2048,0.32555695401970297,0.8809,0.32945765825510026,0.3235313700279221,234752,235146,"[0.821, 0.967, 0.787, 0.907, 0.809, 0.939, 0.702, 0.947, 0.972, 0.958]","[0.8220918866080157, 0.9655172413793104, 0.7959372114496768, 0.9008179959100204, 0.8260869565217391, 0.9387129724208376, 0.7302904564315352, 0.9379243452958292, 0.9818181818181818, 0.9611054247697032]",batch,both
FashionMNIST,small,43,10,all,all,firing_rate,baseline,,0.5,5,0.8875,0.8816,0.30514882123470305,0.3279565081000328,109386,0.5348166670919343,109184,0.534896401308615,0.26572920696344227,21.6025390625,16,0,2048,0.33853940293192863,0.8816,0.32795651087760924,0.34450973104685545,234752,235146,"[0.841, 0.964, 0.772, 0.908, 0.829, 0.952, 0.673, 0.957, 0.971, 0.949]","[0.8426197458455523, 0.9655172413793104, 0.775623268698061, 0.908997955010225, 0.8564206268958544, 0.95097037793667, 0.7022821576763485, 0.953443258971872, 0.9808080808080808, 0.9447287615148413]",batch,both
FashionMNIST,small,43,10,all,all,firing_rate,baseline,,0.7,0,0.6801,0.6712,1.1131489906311036,1.1271816022872925,63887,0.728309220654402,63761,0.7283899604689203,0.26572920696344227,21.6025390625,16,0,2048,0.34596047294326127,0.6712,1.1271815839767456,0.34590770304203033,234752,235146,"[0.675, 0.861, 0.9, 0.77, 0.685, 0.578, 0.513, 0.978, 0.099, 0.653]","[0.7018572825024438, 0.8610547667342799, 0.9012003693444137, 0.7822085889570553, 0.7007077856420627, 0.5495403472931563, 0.5466804979253111, 0.9728419010669254, 0.10808080808080808, 0.6397134083930399]",batch,both
FashionMNIST,small,43,10,all,all,firing_rate,baseline,,0.7,1,0.8584,0.8517,0.4125044904708862,0.42877102017402646,63887,0.728309220654402,63761,0.7283899604689203,0.26572920696344227,21.6025390625,16,0,2048,0.33096377993933856,0.8517,0.4287710235595703,0.33013279596343637,234752,235146,"[0.807, 0.956, 0.74, 0.881, 0.799, 0.915, 0.605, 0.923, 0.955, 0.936]","[0.823069403714565, 0.960446247464503, 0.7349953831948292, 0.8813905930470347, 0.8361981799797775, 0.9111338100102145, 0.6400414937759336, 0.903976721629486, 0.9656565656565657, 0.9344933469805528]",batch,both
FashionMNIST,small,43,10,all,all,firing_rate,baseline,,0.7,3,0.8675,0.8623,0.3646697560787201,0.3801024499177933,63887,0.728309220654402,63761,0.7283899604689203,0.26572920696344227,21.6025390625,16,0,2048,0.32244576804805547,0.8623,0.38010244257450104,0.3379369709873572,234752,235146,"[0.824, 0.957, 0.759, 0.892, 0.785, 0.929, 0.632, 0.931, 0.969, 0.945]","[0.8347996089931574, 0.9584178498985801, 0.752539242843952, 0.8844580777096115, 0.80788675429727, 0.9325842696629213, 0.6773858921161826, 0.9175557710960233, 0.9767676767676767, 0.9396110542476971]",batch,both
FashionMNIST,small,43,10,all,all,firing_rate,baseline,,0.7,5,0.8739,0.8666,0.34775176551342013,0.3640765283346176,63887,0.728309220654402,63761,0.7283899604689203,0.26572920696344227,21.6025390625,16,0,2048,0.3253300020005554,0.8666,0.36407652888298037,0.3274247880326584,234752,235146,"[0.832, 0.96, 0.747, 0.902, 0.794, 0.932, 0.647, 0.934, 0.963, 0.955]","[0.8357771260997068, 0.962474645030426, 0.7479224376731302, 0.8946830265848671, 0.8291203235591507, 0.9366700715015321, 0.6877593360995851, 0.9243452958292919, 0.9757575757575757, 0.9529170931422722]",batch,both
FashionMNIST,small,43,10,a1,layerwise,firing_rate,baseline,,0.05,0,0.8909,0.8829,0.3102242720246315,0.33203517701625823,224190,0.04659232987165418,223808,0.04661941112322787,0.26572920696344227,21.6025390625,16,0,2048,0.32592682098038495,0.8829,0.3320351818203926,0.3194276459980756,234752,235146,"[0.844, 0.972, 0.845, 0.864, 0.807, 0.94, 0.666, 0.968, 0.969, 0.954]","[0.8582600195503421, 0.9705882352941176, 0.8485687903970452, 0.8640081799591002, 0.8321536905965622, 0.9499489274770173, 0.6898340248962656, 0.9602327837051406, 0.9797979797979798, 0.9539406345957011]",batch,both
FashionMNIST,small,43,10,a1,layerwise,firing_rate,baseline,,0.05,1,0.8945,0.8915,0.2928526273965836,0.3121676267027855,224190,0.04659232987165418,223808,0.04661941112322787,0.26572920696344227,21.6025390625,16,0,2048,0.3253516840049997,0.8915,0.31216762384176255,0.3225291839335114,234752,235146,"[0.841, 0.971, 0.827, 0.91, 0.821, 0.958, 0.695, 0.965, 0.973, 0.954]","[0.8435972629521017, 0.9675456389452333, 0.8190212373037857, 0.9120654396728016, 0.8281092012133469, 0.9591419816138917, 0.7199170124481328, 0.9592628516003879, 0.9848484848484849, 0.95496417604913]",batch,both
FashionMNIST,small,43,10,a1,layerwise,firing_rate,baseline,,0.05,3,0.8978,0.8924,0.2926040553689003,0.31237517419457433,224190,0.04659232987165418,223808,0.04661941112322787,0.26572920696344227,21.6025390625,16,0,2048,0.33604044292587787,0.8924,0.3123751753389835,0.33929163101129234,234752,235146,"[0.852, 0.972, 0.794, 0.913, 0.849, 0.959, 0.69, 0.966, 0.971, 0.958]","[0.8690127077223851, 0.9685598377281948, 0.7968605724838412, 0.9100204498977505, 0.8665318503538928, 0.9632277834525026, 0.7105809128630706, 0.95635305528613, 0.9828282828282828, 0.9590583418628454]",batch,both
FashionMNIST,small,43,10,a1,layerwise,firing_rate,baseline,,0.05,5,0.8979,0.8934,0.291350779569149,0.310118252658844,224190,0.04659232987165418,223808,0.04661941112322787,0.26572920696344227,21.6025390625,16,0,2048,0.3258452309528366,0.8934,0.3101182511150837,0.32756855501793325,234752,235146,"[0.845, 0.972, 0.817, 0.913, 0.822, 0.956, 0.709, 0.966, 0.976, 0.958]","[0.852394916911046, 0.9695740365111561, 0.814404432132964, 0.9141104294478528, 0.8311425682507584, 0.9673135852911133, 0.741701244813278, 0.953443258971872, 0.9838383838383838, 0.9559877175025588]",batch,both
FashionMNIST,small,43,10,a1,layerwise,firing_rate,baseline,,0.1,0,0.8891,0.8814,0.3140766508817673,0.3383150186419487,212321,0.09706735389927956,211952,0.09712377317339149,0.26572920696344227,21.6025390625,16,0,2048,0.3291721090208739,0.8814,0.33831501713991163,0.33678288210649043,234752,235146,"[0.841, 0.973, 0.842, 0.865, 0.808, 0.925, 0.668, 0.969, 0.969, 0.954]","[0.8533724340175953, 0.9695740365111561, 0.8467220683287165, 0.8640081799591002, 0.8341759352881699, 0.9315628192032687, 0.6898340248962656, 0.9612027158098934, 0.9808080808080808, 0.9580348004094166]",batch,both
FashionMNIST,small,43,10,a1,layerwise,firing_rate,baseline,,0.1,1,0.8952,0.8915,0.29319134899377824,0.3123913494229317,212321,0.09706735389927956,211952,0.09712377317339149,0.26572920696344227,21.6025390625,16,0,2048,0.31197082391008735,0.8915,0.3123913524270058,0.33420500298961997,234752,235146,"[0.834, 0.972, 0.817, 0.908, 0.834, 0.954, 0.704, 0.964, 0.972, 0.956]","[0.8250244379276638, 0.9685598377281948, 0.8107109879963066, 0.9038854805725971, 0.8503538928210314, 0.9570990806945863, 0.7468879668049793, 0.953443258971872, 0.9848484848484849, 0.9570112589559877]",batch,both
FashionMNIST,small,43,10,a1,layerwise,firing_rate,baseline,,0.1,3,0.8966,0.8928,0.29293613455295564,0.3133364797830582,212321,0.09706735389927956,211952,0.09712377317339149,0.26572920696344227,21.6025390625,16,0,2048,0.4249246490653604,0.8928,0.3133364795088768,0.33769906405359507,234752,235146,"[0.87, 0.971, 0.829, 0.903, 0.853, 0.969, 0.646, 0.955, 0.972, 0.96]","[0.8729227761485826, 0.9695740365111561, 0.830101569713758, 0.8967280163599182, 0.8594539939332659, 0.9662921348314607, 0.6846473029045643, 0.944713870029098, 0.9828282828282828, 0.9600818833162743]",batch,both
FashionMNIST,small,43,10,a1,layerwise,firing_rate,baseline,,0.1,5,0.8973,0.8937,0.2907974658370018,0.3098541646838188,212321,0.09706735389927956,211952,0.09712377317339149,0.26572920696344227,21.6025390625,16,0,2048,0.36603930592536926,0.8937,0.30985416387319564,0.3246638699201867,234752,235146,"[0.854, 0.973, 0.816, 0.907, 0.835, 0.964, 0.694, 0.963, 0.972, 0.959]","[0.8572825024437928, 0.9695740365111561, 0.8227146814404432, 0.9069529652351738, 0.8452982810920121, 0.9662921348314607, 0.7188796680497925, 0.9544131910766246, 0.9828282828282828, 0.9518935516888434]",batch,both
FashionMNIST,small,43,10,a1,layerwise,firing_rate,baseline,,0.2,0,0.8852,0.8753,0.32675464789867403,0.35523643589019777,188583,0.19801740195453033,188240,0.19813249727371862,0.26572920696344227,21.6025390625,16,0,2048,0.32142500090412796,0.8753,0.355236430978775,0.3309614780591801,234752,235146,"[0.839, 0.966, 0.849, 0.864, 0.794, 0.882, 0.666, 0.973, 0.964, 0.956]","[0.852394916911046, 0.9675456389452333, 0.8494921514312096, 0.8660531697341514, 0.8220424671385238, 0.8907048008171604, 0.6950207468879668, 0.9670223084384093, 0.9818181818181818, 0.9570112589559877]",batch,both
FashionMNIST,small,43,10,a1,layerwise,firing_rate,baseline,,0.2,1,0.8936,0.8881,0.2952281763672829,0.31654182407855985,188583,0.19801740195453033,188240,0.19813249727371862,0.26572920696344227,21.6025390625,16,0,2048,0.3211200430523604,0.8881,0.31654182119369506,0.3279591730097309,234752,235146,"[0.858, 0.97, 0.809, 0.899, 0.846, 0.952, 0.661, 0.958, 0.971, 0.957]","[0.8680351906158358, 0.9675456389452333, 0.8051708217913204, 0.8977505112474438, 0.8624873609706775, 0.9550561797752809, 0.6856846473029046, 0.950533462657614, 0.9848484848484849, 0.962128966223132]",batch,both
FashionMNIST,small,43,10,a1,layerwise,firing_rate,baseline,,0.2,3,0.896,0.8908,0.2917221939682961,0.31397793818712233,188583,0.19801740195453033,188240,0.19813249727371862,0.26572920696344227,21.6025390625,16,0,2048,0.3299759490182623,0.8908,0.3139779304385185,0.31574615195859224,234752,235146,"[0.844, 0.97, 0.81, 0.91, 0.814, 0.96, 0.711, 0.959, 0.971, 0.959]","[0.844574780058651, 0.9675456389452333, 0.8116343490304709, 0.9079754601226994, 0.840242669362993, 0.9632277834525026, 0.7396265560165975, 0.950533462657614, 0.9838383838383838, 0.9559877175025588]",batch,both
FashionMNIST,small,43,10,a1,layerwise,firing_rate,baseline,,0.2,5,0.8967,0.8904,0.29294362077713015,0.3116097985625267,188583,0.19801740195453033,188240,0.19813249727371862,0.26572920696344227,21.6025390625,16,0,2048,0.32254229695536196,0.8904,0.31160980083942413,0.3322568819858134,234752,235146,"[0.85, 0.97, 0.808, 0.908, 0.815, 0.954, 0.71, 0.964, 0.971, 0.954]","[0.8533724340175953, 0.9685598377281948, 0.8134810710987996, 0.9130879345603272, 0.8321536905965622, 0.958120531154239, 0.7448132780082988, 0.9573229873908826, 0.9818181818181818, 0.9488229273285568]",batch,both
FashionMNIST,small,43,10,a1,layerwise,firing_rate,baseline,,0.3,0,0.8719,0.8647,0.35686412587165833,0.38333244409561157,165758,0.29508475585381,165440,0.2952562704471101,0.26572920696344227,21.6025390625,16,0,2048,0.32900162995792925,0.8647,0.3833324429273605,0.31008161802310497,234752,235146,"[0.831, 0.97, 0.82, 0.856, 0.795, 0.794, 0.681, 0.978, 0.966, 0.956]","[0.8396871945259042, 0.9675456389452333, 0.8319482917820868, 0.8558282208588958, 0.8270980788675429, 0.7844739530132788, 0.7064315352697096, 0.9689621726479146, 0.9767676767676767, 0.9570112589559877]",batch,both
FashionMNIST,small,43,10,a1,layerwise,firing_rate,baseline,,0.3,1,0.8928,0.8862,0.2946582001566887,0.31745760915279386,165758,0.29508475585381,165440,0.2952562704471101,0.26572920696344227,21.6025390625,16,0,2048,0.33893101604189724,0.8862,0.31745761137008666,0.32793011295143515,234752,235146,"[0.844, 0.965, 0.807, 0.908, 0.832, 0.949, 0.671, 0.958, 0.97, 0.958]","[0.8484848484848485, 0.9665314401622718, 0.8107109879963066, 0.9059304703476483, 0.8523761375126391, 0.9560776302349336, 0.7033195020746889, 0.9485935984481086, 0.9838383838383838, 0.9559877175025588]",batch,both
FashionMNIST,small,43,10,a1,layerwise,firing_rate,baseline,,0.3,3,0.8926,0.8884,0.29240066496133804,0.3164701385498047,165758,0.29508475585381,165440,0.2952562704471101,0.26572920696344227,21.6025390625,16,0,2048,0.3384016089839861,0.8884,0.3164701381444931,0.35183596692513674,234752,235146,"[0.861, 0.97, 0.812, 0.906, 0.815, 0.947, 0.685, 0.968, 0.971, 0.949]","[0.8582600195503421, 0.9685598377281948, 0.8097876269621422, 0.901840490797546, 0.8351870576339737, 0.9530132788559755, 0.7116182572614108, 0.9582929194956353, 0.9828282828282828, 0.9498464687819856]",batch,both
FashionMNIST,small,43,10,a1,layerwise,firing_rate,baseline,,0.3,5,0.8949,0.8905,0.2905684610009193,0.31222938821315765,165758,0.29508475585381,165440,0.2952562704471101,0.26572920696344227,21.6025390625,16,0,2048,0.32447076006792486,0.8905,0.31222939026355745,0.3688963019521907,234752,235146,"[0.878, 0.971, 0.8, 0.91, 0.828, 0.948, 0.678, 0.96, 0.972, 0.96]","[0.8719452590420332, 0.9685598377281948, 0.8079409048938134, 0.9100204498977505, 0.8422649140546006, 0.9560776302349336, 0.7053941908713693, 0.9485935984481086, 0.9828282828282828, 0.9590583418628454]",batch,both
FashionMNIST,small,43,10,a1,layerwise,firing_rate,baseline,,0.4,0,0.8683,0.8581,0.3692204217195511,0.3938055389881134,142020,0.39603480390906076,141728,0.39626499454743724,0.26572920696344227,21.6025390625,16,0,2048,0.33046277798712254,0.8581,0.39380554990768435,0.3357283551013097,234752,235146,"[0.829, 0.964, 0.815, 0.857, 0.799, 0.769, 0.662, 0.979, 0.959, 0.948]","[0.8406647116324536, 0.9675456389452333, 0.8291782086795937, 0.8558282208588958, 0.8281092012133469, 0.7640449438202247, 0.6939834024896265, 0.9728419010669254, 0.9737373737373738, 0.9529170931422722]",batch,both
FashionMNIST,small,43,10,a1,layerwise,firing_rate,baseline,,0.4,1,0.8905,0.8849,0.29970244899988174,0.32339053580760957,142020,0.39603480390906076,141728,0.39626499454743724,0.26572920696344227,21.6025390625,16,0,2048,0.3275432010414079,0.8849,0.32339053790569305,0.32898616802413017,234752,235146,"[0.85, 0.966, 0.793, 0.898, 0.831, 0.951, 0.681, 0.947, 0.971, 0.961]","[0.8465298142717498, 0.9665314401622718, 0.8024007386888273, 0.8926380368098159, 0.8503538928210314, 0.958120531154239, 0.7147302904564315, 0.933074684772066, 0.9838383838383838, 0.962128966223132]",batch,both
FashionMNIST,small,43,10,a1,layerwise,firing_rate,baseline,,0.4,3,0.8922,0.8864,0.2961185314893722,0.31883037483692167,142020,0.39603480390906076,141728,0.39626499454743724,0.26572920696344227,21.6025390625,16,0,2048,0.3186978920130059,0.8864,0.3188303732275963,0.3123990430030972,234752,235146,"[0.832, 0.968, 0.822, 0.902, 0.797, 0.95, 0.708, 0.959, 0.97, 0.956]","[0.8347996089931574, 0.9675456389452333, 0.827331486611265, 0.8997955010224948, 0.80788675429727, 0.9560776302349336, 0.7468879668049793, 0.944713870029098, 0.9838383838383838, 0.9570112589559877]",batch,both
FashionMNIST,small,43,10,a1,layerwise,firing_rate,baseline,,0.4,5,0.8924,0.8888,0.29355374236106874,0.31372769775390624,142020,0.39603480390906076,141728,0.39626499454743724,0.26572920696344227,21.6025390625,16,0,2048,0.3533128540730104,0.8888,0.3137276934862137,0.31991914194077253,234752,235146,"[0.836, 0.969, 0.808, 0.909, 0.816, 0.947, 0.71, 0.964, 0.972, 0.957]","[0.8396871945259042, 0.9685598377281948, 0.8125577100646353, 0.9028629856850716, 0.8250758341759353, 0.95097037793667, 0.7385892116182573, 0.9544131910766246, 0.9838383838383838, 0.9518935516888434]",batch,both
FashionMNIST,small,43,10,a1,layerwise,firing_rate,baseline,,0.5,0,0.859,0.8484,0.3930619567155838,0.4193354393482208,118282,0.4969848519643115,118016,0.4972737186477645,0.26572920696344227,21.6025390625,16,0,2048,0.3289140540873632,0.8484,0.4193354496479034,0.3272914009867236,234752,235146,"[0.823, 0.965, 0.809, 0.849, 0.798, 0.729, 0.652, 0.987, 0.952, 0.92]","[0.8435972629521017, 0.9665314401622718, 0.8236380424746076, 0.8558282208588958, 0.8210313447927199, 0.7221654749744637, 0.6784232365145229, 0.9806013579049466, 0.9696969696969697, 0.9222108495394064]",batch,both
FashionMNIST,small,43,10,a1,layerwise,firing_rate,baseline,,0.5,1,0.8885,0.88,0.30421457802057267,0.32852935469150546,118282,0.4969848519643115,118016,0.4972737186477645,0.26572920696344227,21.6025390625,16,0,2048,0.3299527720082551,0.88,0.32852935853004456,0.3299986730562523,234752,235146,"[0.826, 0.962, 0.791, 0.891, 0.806, 0.948, 0.71, 0.948, 0.968, 0.95]","[0.8260019550342131, 0.9655172413793104, 0.8005540166204986, 0.8957055214723927, 0.8260869565217391, 0.9560776302349336, 0.7489626556016598, 0.9369544131910766, 0.9838383838383838, 0.9518935516888434]",batch,both
FashionMNIST,small,43,10,a1,layerwise,firing_rate,baseline,,0.5,3,0.8909,0.8857,0.29678172084093096,0.3196154592037201,118282,0.4969848519643115,118016,0.4972737186477645,0.26572920696344227,21.6025390625,16,0,2048,0.32839133590459824,0.8857,0.3196154583454132,0.3430958139942959,234752,235146,"[0.842, 0.97, 0.79, 0.901, 0.816, 0.953, 0.704, 0.951, 0.973, 0.957]","[0.8387096774193549, 0.9675456389452333, 0.8005540166204986, 0.8997955010224948, 0.8311425682507584, 0.9550561797752809, 0.741701244813278, 0.9379243452958292, 0.9828282828282828, 0.9600818833162743]",batch,both
FashionMNIST,small,43,10,a1,layerwise,firing_rate,baseline,,0.5,5,0.8925,0.8873,0.29457344818115233,0.31825220346450805,118282,0.4969848519643115,118016,0.4972737186477645,0.26572920696344227,21.6025390625,16,0,2048,0.34878157800994813,0.8873,0.31825220675468446,0.3363720620982349,234752,235146,"[0.861, 0.969, 0.812, 0.905, 0.822, 0.954, 0.664, 0.963, 0.974, 0.949]","[0.8592375366568915, 0.9675456389452333, 0.8153277931671283, 0.9069529652351738, 0.8452982810920121, 0.9530132788559755, 0.691908713692946, 0.9553831231813773, 0.9848484848484849, 0.9477993858751279]",batch,both
FashionMNIST,small,43,10,a1,layerwise,firing_rate,baseline,,0.7,0,0.8104,0.7952,0.5564942408561706,0.5829920015335083,71719,0.6950022539188419,71504,0.6954062159214831,0.26572920696344227,21.6025390625,16,0,2048,0.33902827894780785,0.7952,0.582992006111145,0.3526553550036624,234752,235146,"[0.72, 0.953, 0.832, 0.761, 0.792, 0.585, 0.626, 0.975, 0.805, 0.903]","[0.7526881720430108, 0.9543610547667343, 0.8485687903970452, 0.778118609406953, 0.8179979777553084, 0.5689479060265578, 0.6535269709543569, 0.9660523763336566, 0.8414141414141414, 0.9089048106448311]",batch,both
FashionMNIST,small,43,10,a1,layerwise,firing_rate,baseline,,0.7,1,0.8753,0.8704,0.3412262922048569,0.35973874175548554,71719,0.6950022539188419,71504,0.6954062159214831,0.26572920696344227,21.6025390625,16,0,2048,0.32153947290498763,0.8704,0.35973873744010926,0.3355817950796336,234752,235146,"[0.838, 0.963, 0.773, 0.896, 0.827, 0.926, 0.628, 0.937, 0.964, 0.952]","[0.8475073313782991, 0.962474645030426, 0.7728531855955678, 0.8936605316973415, 0.846309403437816, 0.9305413687436159, 0.6483402489626556, 0.9253152279340446, 0.9787878787878788, 0.9518935516888434]",batch,both
FashionMNIST,small,43,10,a1,layerwise,firing_rate,baseline,,0.7,3,0.881,0.8769,0.32349782972335817,0.34404245684146884,71719,0.6950022539188419,71504,0.6954062159214831,0.26572920696344227,21.6025390625,16,0,2048,0.32655005902051926,0.8769,0.34404245700836183,0.3413391229696572,234752,235146,"[0.852, 0.959, 0.796, 0.906, 0.811, 0.927, 0.642, 0.948, 0.97, 0.958]","[0.844574780058651, 0.9655172413793104, 0.7950138504155124, 0.9079754601226994, 0.8250758341759353, 0.933605720122574, 0.6659751037344398, 0.9359844810863239, 0.9797979797979798, 0.9600818833162743]",batch,both
FashionMNIST,small,43,10,a1,layerwise,firing_rate,baseline,,0.7,5,0.8854,0.8784,0.3167233609318733,0.3361618925333023,71719,0.6950022539188419,71504,0.6954062159214831,0.26572920696344227,21.6025390625,16,0,2048,0.3333762490656227,0.8784,0.33616189215183256,0.32494306401349604,234752,235146,"[0.855, 0.968, 0.806, 0.897, 0.804, 0.943, 0.639, 0.956, 0.971, 0.945]","[0.8641251221896383, 0.9675456389452333, 0.8079409048938134, 0.8997955010224948, 0.8220424671385238, 0.947906026557712, 0.6721991701244814, 0.944713870029098, 0.9818181818181818, 0.9477993858751279]",batch,both
FashionMNIST,small,43,10,a2,layerwise,firing_rate,baseline,,0.05,0,0.8908,0.8841,0.3093198991537094,0.3295622936487198,233544,0.006812788650455426,233156,0.006798664122137366,0.26572920696344227,21.6025390625,16,0,2048,0.3189551579998806,0.8841,0.3295622955560684,0.3311171180102974,234752,235146,"[0.849, 0.972, 0.851, 0.863, 0.813, 0.947, 0.655, 0.968, 0.969, 0.954]","[0.8611925708699902, 0.9705882352941176, 0.850415512465374, 0.8650306748466258, 0.8351870576339737, 0.9530132788559755, 0.6773858921161826, 0.9592628516003879, 0.9797979797979798, 0.9539406345957011]",batch,both
FashionMNIST,small,43,10,a2,layerwise,firing_rate,baseline,,0.05,1,0.8953,0.8918,0.293459285390377,0.31286204634904863,233544,0.006812788650455426,233156,0.006798664122137366,0.26572920696344227,21.6025390625,16,0,2048,0.3199103770311922,0.8918,0.31286204807758333,0.3351809800369665,234752,235146,"[0.859, 0.972, 0.812, 0.913, 0.821, 0.964, 0.686, 0.967, 0.972, 0.952]","[0.8699902248289345, 0.9695740365111561, 0.8070175438596491, 0.9100204498977505, 0.8361981799797775, 0.9611848825331971, 0.7116182572614108, 0.9544131910766246, 0.9838383838383838, 0.9529170931422722]",batch,both
FashionMNIST,small,43,10,a2,layerwise,firing_rate,baseline,,0.05,3,0.8975,0.8936,0.29299601796865465,0.3125855964779854,233544,0.006812788650455426,233156,0.006798664122137366,0.26572920696344227,21.6025390625,16,0,2048,0.3154006340773776,0.8936,0.3125855883955955,0.32615629909560084,234752,235146,"[0.854, 0.97, 0.819, 0.909, 0.849, 0.96, 0.678, 0.966, 0.971, 0.96]","[0.8602150537634409, 0.9685598377281948, 0.8107109879963066, 0.908997955010225, 0.8584428715874621, 0.9632277834525026, 0.7126556016597511, 0.953443258971872, 0.9838383838383838, 0.9590583418628454]",batch,both
FashionMNIST,small,43,10,a2,layerwise,firing_rate,baseline,,0.05,5,0.8985,0.8937,0.29410354117155074,0.3126353866934776,233544,0.006812788650455426,233156,0.006798664122137366,0.26572920696344227,21.6025390625,16,0,2048,0.32178080698940903,0.8937,0.31263538279533387,0.33550543698947877,234752,235146,"[0.853, 0.975, 0.82, 0.91, 0.846, 0.962, 0.676, 0.966, 0.972, 0.957]","[0.8592375366568915, 0.9695740365111561, 0.8162511542012927, 0.9079754601226994, 0.8594539939332659, 0.9632277834525026, 0.716804979253112, 0.9573229873908826, 0.9848484848484849, 0.9539406345957011]",batch,both
FashionMNIST,small,43,10,a2,layerwise,firing_rate,baseline,,0.1,0,0.8914,0.8822,0.30932109649181366,0.32941241499185564,231942,0.013625577300910963,231560,0.013597328244274842,0.26572920696344227,21.6025390625,16,0,2048,0.3257064160425216,0.8822,0.32941241196393967,0.3376235730247572,234752,235146,"[0.842, 0.97, 0.841, 0.863, 0.816, 0.947, 0.654, 0.968, 0.967, 0.954]","[0.855327468230694, 0.9705882352941176, 0.8494921514312096, 0.8650306748466258, 0.8412537917087968, 0.9530132788559755, 0.6836099585062241, 0.9592628516003879, 0.9808080808080808, 0.9539406345957011]",batch,both
FashionMNIST,small,43,10,a2,layerwise,firing_rate,baseline,,0.1,1,0.8955,0.89,0.2928250535130501,0.31126775228977205,231942,0.013625577300910963,231560,0.013597328244274842,0.26572920696344227,21.6025390625,16,0,2048,0.33594724093563855,0.89,0.31126774770021437,0.3560077369911596,234752,235146,"[0.851, 0.974, 0.784, 0.906, 0.843, 0.96, 0.688, 0.964, 0.971, 0.959]","[0.863147605083089, 0.9716024340770791, 0.7830101569713758, 0.9049079754601227, 0.8594539939332659, 0.9632277834525026, 0.7219917012448133, 0.9495635305528612, 0.9848484848484849, 0.9600818833162743]",batch,both
FashionMNIST,small,43,10,a2,layerwise,firing_rate,baseline,,0.1,3,0.8972,0.8921,0.2921207075476646,0.3091831384181976,231942,0.013625577300910963,231560,0.013597328244274842,0.26572920696344227,21.6025390625,16,0,2048,0.3304086929420009,0.8921,0.3091831390142441,0.35803840099833906,234752,235146,"[0.843, 0.974, 0.777, 0.911, 0.844, 0.964, 0.711, 0.967, 0.974, 0.956]","[0.8504398826979472, 0.9705882352941176, 0.7811634349030471, 0.9141104294478528, 0.8554095045500506, 0.9642492339121552, 0.7489626556016598, 0.95635305528613, 0.9848484848484849, 0.9539406345957011]",batch,both
FashionMNIST,small,43,10,a2,layerwise,firing_rate,baseline,,0.1,5,0.8974,0.8922,0.29071134929656983,0.31193562789559365,231942,0.013625577300910963,231560,0.013597328244274842,0.26572920696344227,21.6025390625,16,0,2048,0.329408883000724,0.8922,0.31193562484383586,0.3316569320159033,234752,235146,"[0.843, 0.973, 0.806, 0.909, 0.824, 0.961, 0.712, 0.967, 0.972, 0.955]","[0.8514173998044966, 0.9695740365111561, 0.804247460757156, 0.9130879345603272, 0.8412537917087968, 0.9632277834525026, 0.7427385892116183, 0.9582929194956353, 0.9828282828282828, 0.9529170931422722]",batch,both
FashionMNIST,small,43,10,a2,layerwise,firing_rate,baseline,,0.2,0,0.8909,0.8815,0.3099192348480225,0.3297407129645348,228471,0.028386619376897793,228102,0.028327767175572505,0.26572920696344227,21.6025390625,16,0,2048,0.3160713310353458,0.8815,0.32974071556329726,0.32643925899174064,234752,235146,"[0.846, 0.971, 0.843, 0.859, 0.816, 0.958, 0.634, 0.967, 0.965, 0.956]","[0.8592375366568915, 0.9695740365111561, 0.853185595567867, 0.8609406952965235, 0.8473205257836198, 0.958120531154239, 0.6680497925311203, 0.95635305528613, 0.9787878787878788, 0.95496417604913]",batch,both
FashionMNIST,small,43,10,a2,layerwise,firing_rate,baseline,,0.2,1,0.8964,0.8912,0.28976639523506165,0.3090651148200035,228471,0.028386619376897793,228102,0.028327767175572505,0.26572920696344227,21.6025390625,16,0,2048,0.31974010507110506,0.8912,0.3090651123523712,0.3516212550457567,234752,235146,"[0.846, 0.971, 0.806, 0.904, 0.823, 0.97, 0.7, 0.956, 0.973, 0.963]","[0.8514173998044966, 0.9685598377281948, 0.8107109879963066, 0.9049079754601227, 0.840242669362993, 0.9724208375893769, 0.7271784232365145, 0.944713870029098, 0.9848484848484849, 0.9641760491299898]",batch,both
FashionMNIST,small,43,10,a2,layerwise,firing_rate,baseline,,0.2,3,0.8971,0.8914,0.29186037018299105,0.31293505228757856,228471,0.028386619376897793,228102,0.028327767175572505,0.26572920696344227,21.6025390625,16,0,2048,0.309938166057691,0.8914,0.31293505643606184,0.314486098010093,234752,235146,"[0.84, 0.972, 0.8, 0.92, 0.809, 0.961, 0.72, 0.962, 0.972, 0.958]","[0.8435972629521017, 0.9685598377281948, 0.804247460757156, 0.9222903885480572, 0.8291203235591507, 0.965270684371808, 0.7448132780082988, 0.953443258971872, 0.9838383838383838, 0.962128966223132]",batch,both
FashionMNIST,small,43,10,a2,layerwise,firing_rate,baseline,,0.2,5,0.8996,0.8947,0.2901460695385933,0.310625840061903,228471,0.028386619376897793,228102,0.028327767175572505,0.26572920696344227,21.6025390625,16,0,2048,0.33124782401137054,0.8947,0.31062584227919576,0.32710243901237845,234752,235146,"[0.861, 0.973, 0.815, 0.904, 0.841, 0.969, 0.689, 0.965, 0.973, 0.957]","[0.8768328445747801, 0.9685598377281948, 0.8125577100646353, 0.9069529652351738, 0.8442871587462083, 0.9724208375893769, 0.7261410788381742, 0.9515033947623667, 0.9858585858585859, 0.95496417604913]",batch,both
FashionMNIST,small,43,10,a2,layerwise,firing_rate,baseline,,0.3,0,0.8837,0.8757,0.326648117184639,0.34638541140556334,225000,0.04314766145288462,224644,0.04305820610687028,0.26572920696344227,21.6025390625,16,0,2048,0.325041577918455,0.8757,0.3463854138374329,0.3376171760028228,234752,235146,"[0.862, 0.971, 0.866, 0.861, 0.82, 0.962, 0.535, 0.962, 0.963, 0.955]","[0.8690127077223851, 0.9695740365111561, 0.8688827331486612, 0.8588957055214724, 0.8442871587462083, 0.9642492339121552, 0.5726141078838174, 0.9553831231813773, 0.9757575757575757, 0.9508700102354145]",batch,both
FashionMNIST,small,43,10,a2,layerwise,firing_rate,baseline,,0.3,1,0.8934,0.8883,0.29250830557346347,0.31309779263734816,225000,0.04314766145288462,224644,0.04305820610687028,0.26572920696344227,21.6025390625,16,0,2048,0.33353269193321466,0.8883,0.31309779044389724,0.32358922401908785,234752,235146,"[0.846, 0.97, 0.81, 0.908, 0.827, 0.96, 0.675, 0.953, 0.973, 0.961]","[0.8514173998044966, 0.9695740365111561, 0.8033240997229917, 0.908997955010225, 0.840242669362993, 0.9693564862104188, 0.7043568464730291, 0.9456838021338506, 0.9858585858585859, 0.9600818833162743]",batch,both
FashionMNIST,small,43,10,a2,layerwise,firing_rate,baseline,,0.3,3,0.8965,0.8894,0.2916322280049324,0.31076629896163943,225000,0.04314766145288462,224644,0.04305820610687028,0.26572920696344227,21.6025390625,16,0,2048,0.3206429020501673,0.8894,0.3107663003325462,0.323275184025988,234752,235146,"[0.84, 0.972, 0.772, 0.909, 0.834, 0.963, 0.708, 0.966, 0.972, 0.958]","[0.844574780058651, 0.9705882352941176, 0.7839335180055401, 0.9079754601226994, 0.8564206268958544, 0.9662921348314607, 0.7468879668049793, 0.953443258971872, 0.9838383838383838, 0.9590583418628454]",batch,both
FashionMNIST,small,43,10,a2,layerwise,firing_rate,baseline,,0.3,5,0.8978,0.8928,0.2927321699023247,0.31248654056191444,225000,0.04314766145288462,224644,0.04305820610687028,0.26572920696344227,21.6025390625,16,0,2048,0.3270502840168774,0.8928,0.3124865393579006,0.31974790897220373,234752,235146,"[0.853, 0.971, 0.789, 0.909, 0.843, 0.964, 0.703, 0.955, 0.975, 0.966]","[0.855327468230694, 0.9695740365111561, 0.791320406278855, 0.9059304703476483, 0.8604651162790697, 0.9734422880490297, 0.7396265560165975, 0.9398642095053347, 0.9848484848484849, 0.9651995905834186]",batch,both
FashionMNIST,small,43,10,a2,layerwise,firing_rate,baseline,,0.4,0,0.882,0.8739,0.34136303842067717,0.3610851257562637,221529,0.05790870352887145,221186,0.05778864503816794,0.26572920696344227,21.6025390625,16,0,2048,0.31576025707181543,0.8739,0.3610851271867752,0.31350700894836336,234752,235146,"[0.818, 0.971, 0.889, 0.865, 0.797, 0.966, 0.574, 0.946, 0.951, 0.962]","[0.83088954056696, 0.9695740365111561, 0.8882733148661126, 0.8588957055214724, 0.8159757330637007, 0.9693564862104188, 0.6089211618257261, 0.944713870029098, 0.9666666666666667, 0.9600818833162743]",batch,both
FashionMNIST,small,43,10,a2,layerwise,firing_rate,baseline,,0.4,1,0.8932,0.8891,0.29130566848516465,0.3112618888020515,221529,0.05790870352887145,221186,0.05778864503816794,0.26572920696344227,21.6025390625,16,0,2048,0.31493486498948187,0.8891,0.31126188782453534,0.32231292501091957,234752,235146,"[0.846, 0.971, 0.795, 0.906, 0.817, 0.955, 0.706, 0.959, 0.974, 0.962]","[0.8475073313782991, 0.9685598377281948, 0.7996306555863343, 0.9038854805725971, 0.8281092012133469, 0.958120531154239, 0.733402489626556, 0.950533462657614, 0.9858585858585859, 0.962128966223132]",batch,both
FashionMNIST,small,43,10,a2,layerwise,firing_rate,baseline,,0.4,3,0.8933,0.8899,0.2903419534444809,0.3109536452293396,221529,0.05790870352887145,221186,0.05778864503816794,0.26572920696344227,21.6025390625,16,0,2048,0.3182094319490716,0.8899,0.3109536379694939,0.32347854890394956,234752,235146,"[0.828, 0.972, 0.774, 0.906, 0.824, 0.959, 0.739, 0.962, 0.975, 0.96]","[0.8279569892473119, 0.9695740365111561, 0.7820867959372114, 0.9079754601226994, 0.8372093023255814, 0.958120531154239, 0.766597510373444, 0.9485935984481086, 0.9858585858585859, 0.9580348004094166]",batch,both
FashionMNIST,small,43,10,a2,layerwise,firing_rate,baseline,,0.4,5,0.8949,0.8905,0.2898436292052269,0.3102295589566231,221529,0.05790870352887145,221186,0.05778864503816794,0.26572920696344227,21.6025390625,16,0,2048,0.3293622089549899,0.8905,0.3102295540332794,0.3237069660099223,234752,235146,"[0.839, 0.972, 0.78, 0.911, 0.821, 0.959, 0.729, 0.97, 0.973, 0.951]","[0.8396871945259042, 0.9685598377281948, 0.7830101569713758, 0.9130879345603272, 0.8412537917087968, 0.9601634320735445, 0.7614107883817427, 0.9573229873908826, 0.9838383838383838, 0.9488229273285568]",batch,both
FashionMNIST,small,43,10,a2,layerwise,firing_rate,baseline,,0.5,0,0.8775,0.8697,0.3698302638530731,0.3864189950466156,218058,0.07266974560485828,217728,0.0725190839694656,0.26572920696344227,21.6025390625,16,0,2048,0.316555785946548,0.8697,0.3864190010070801,0.3364084110362455,234752,235146,"[0.803, 0.967, 0.881, 0.862, 0.802, 0.969, 0.574, 0.945, 0.941, 0.953]","[0.8113391984359726, 0.9685598377281948, 0.8799630655586335, 0.8517382413087935, 0.8270980788675429, 0.9693564862104188, 0.6099585062240664, 0.944713870029098, 0.9555555555555556, 0.9508700102354145]",batch,both
FashionMNIST,small,43,10,a2,layerwise,firing_rate,baseline,,0.5,1,0.892,0.8895,0.2931395862340927,0.3133662188053131,218058,0.07266974560485828,217728,0.0725190839694656,0.26572920696344227,21.6025390625,16,0,2048,0.3198351989267394,0.8895,0.3133662182331085,0.3413616369944066,234752,235146,"[0.85, 0.97, 0.829, 0.907, 0.817, 0.957, 0.67, 0.961, 0.973, 0.961]","[0.852394916911046, 0.9685598377281948, 0.8217913204062789, 0.908997955010225, 0.8250758341759353, 0.9632277834525026, 0.6981327800829875, 0.9495635305528612, 0.9808080808080808, 0.9539406345957011]",batch,both
FashionMNIST,small,43,10,a2,layerwise,firing_rate,baseline,,0.5,3,0.8928,0.888,0.29093173478841783,0.31224867496490477,218058,0.07266974560485828,217728,0.0725190839694656,0.26572920696344227,21.6025390625,16,0,2048,0.32581179589033127,0.888,0.3122486753582954,0.3393687941133976,234752,235146,"[0.844, 0.97, 0.776, 0.915, 0.841, 0.957, 0.679, 0.966, 0.974, 0.958]","[0.8484848484848485, 0.9665314401622718, 0.7811634349030471, 0.9120654396728016, 0.8614762386248737, 0.9601634320735445, 0.7157676348547718, 0.9524733268671193, 0.9828282828282828, 0.9539406345957011]",batch,both
FashionMNIST,small,43,10,a2,layerwise,firing_rate,baseline,,0.5,5,0.8946,0.8895,0.2893736809492111,0.3128016612768173,218058,0.07266974560485828,217728,0.0725190839694656,0.26572920696344227,21.6025390625,16,0,2048,0.3274901310214773,0.8895,0.3128016592144966,0.32804484595544636,234752,235146,"[0.86, 0.971, 0.835, 0.902, 0.781, 0.959, 0.69, 0.968, 0.972, 0.957]","[0.8699902248289345, 0.9685598377281948, 0.840258541089566, 0.9069529652351738, 0.7906976744186046, 0.9642492339121552, 0.7147302904564315, 0.9553831231813773, 0.9838383838383838, 0.9518935516888434]",batch,both
FashionMNIST,small,43,10,a2,layerwise,firing_rate,baseline,,0.7,0,0.8525,0.8452,0.5655141021251678,0.5769047257423401,211383,0.10105636498175596,211078,0.10084685114503822,0.26572920696344227,21.6025390625,16,0,2048,0.33673778700176626,0.8452,0.5769047311782837,0.33015073905698955,234752,235146,"[0.822, 0.96, 0.919, 0.86, 0.685, 0.947, 0.554, 0.965, 0.821, 0.919]","[0.8181818181818182, 0.962474645030426, 0.9076638965835642, 0.8578732106339468, 0.6966632962588474, 0.9530132788559755, 0.5923236514522822, 0.965082444228904, 0.8343434343434344, 0.9242579324462641]",batch,both
FashionMNIST,small,43,10,a2,layerwise,firing_rate,baseline,,0.7,1,0.8892,0.8848,0.30398720598220824,0.3213683439254761,211383,0.10105636498175596,211078,0.10084685114503822,0.26572920696344227,21.6025390625,16,0,2048,0.31945802201516926,0.8848,0.3213683471441269,0.3253227280220017,234752,235146,"[0.823, 0.967, 0.816, 0.899, 0.822, 0.961, 0.678, 0.957, 0.97, 0.955]","[0.8328445747800587, 0.9665314401622718, 0.8051708217913204, 0.9049079754601227, 0.8311425682507584, 0.9622063329928499, 0.7105809128630706, 0.9495635305528612, 0.9808080808080808, 0.9529170931422722]",batch,both
FashionMNIST,small,43,10,a2,layerwise,firing_rate,baseline,,0.7,3,0.8927,0.888,0.29717921245098117,0.31526637707948685,211383,0.10105636498175596,211078,0.10084685114503822,0.26572920696344227,21.6025390625,16,0,2048,0.33741705399006605,0.888,0.3152663765192032,0.33102405397221446,234752,235146,"[0.833, 0.967, 0.789, 0.911, 0.831, 0.966, 0.697, 0.958, 0.973, 0.955]","[0.8435972629521017, 0.9665314401622718, 0.7857802400738689, 0.908997955010225, 0.846309403437816, 0.9673135852911133, 0.729253112033195, 0.950533462657614, 0.9808080808080808, 0.95496417604913]",batch,both
FashionMNIST,small,43,10,a2,layerwise,firing_rate,baseline,,0.7,5,0.8939,0.89,0.29340896577835085,0.3114299194216728,211383,0.10105636498175596,211078,0.10084685114503822,0.26572920696344227,21.6025390625,16,0,2048,0.33126118406653404,0.89,0.31142991753816607,0.3205913460114971,234752,235146,"[0.832, 0.97, 0.828, 0.912, 0.822, 0.96, 0.689, 0.953, 0.974, 0.96]","[0.8367546432062561, 0.9665314401622718, 0.8190212373037857, 0.908997955010225, 0.8341759352881699, 0.9662921348314607, 0.7230290456431535, 0.944713870029098, 0.9818181818181818, 0.962128966223132]",batch,both
FashionMNIST,small,43,10,all,all,activation_variance,baseline,,0.05,0,0.8911,0.8833,0.30883640134334567,0.32918951523303985,222660,0.05309892577377462,222284,0.05311136859323884,0.26572920696344227,21.6025390625,16,0,2048,0.3171834310051054,0.8833,0.32918951313495637,0.32369688199833035,234752,235146,"[0.845, 0.972, 0.846, 0.861, 0.809, 0.949, 0.661, 0.968, 0.968, 0.954]","[0.8592375366568915, 0.9705882352941176, 0.8467220683287165, 0.8629856850715747, 0.8341759352881699, 0.9560776302349336, 0.6877593360995851, 0.9592628516003879, 0.9787878787878788, 0.9539406345957011]",batch,both
FashionMNIST,small,43,10,all,all,activation_variance,baseline,,0.05,1,0.894,0.8908,0.29324639397859575,0.3120113892316818,222660,0.05309892577377462,222284,0.05311136859323884,0.26572920696344227,21.6025390625,16,0,2048,0.361317059956491,0.8908,0.3120113932490349,0.3324457020498812,234752,235146,"[0.84, 0.969, 0.832, 0.918, 0.819, 0.961, 0.674, 0.966, 0.973, 0.956]","[0.8435972629521017, 0.9675456389452333, 0.8254847645429363, 0.9202453987730062, 0.8291203235591507, 0.9611848825331971, 0.7012448132780082, 0.953443258971872, 0.9848484848484849, 0.9559877175025588]",batch,both
FashionMNIST,small,43,10,all,all,activation_variance,baseline,,0.05,3,0.897,0.8936,0.290584534573555,0.30903656163215637,222660,0.05309892577377462,222284,0.05311136859323884,0.26572920696344227,21.6025390625,16,0,2048,0.3426062240032479,0.8936,0.30903655610084535,0.3190762510057539,234752,235146,"[0.845, 0.972, 0.824, 0.898, 0.832, 0.965, 0.707, 0.965, 0.974, 0.954]","[0.8455522971652004, 0.9695740365111561, 0.8180978762696214, 0.8987730061349694, 0.8503538928210314, 0.9662921348314607, 0.7375518672199171, 0.9524733268671193, 0.9828282828282828, 0.9529170931422722]",batch,both
FashionMNIST,small,43,10,all,all,activation_variance,baseline,,0.05,5,0.897,0.8938,0.2939291890740395,0.3121064472138882,222660,0.05309892577377462,222284,0.05311136859323884,0.26572920696344227,21.6025390625,16,0,2048,0.3131499480223283,0.8938,0.31210644316077235,0.32234967197291553,234752,235146,"[0.854, 0.973, 0.799, 0.906, 0.85, 0.963, 0.702, 0.963, 0.971, 0.957]","[0.863147605083089, 0.9705882352941176, 0.7968605724838412, 0.9069529652351738, 0.8533872598584429, 0.965270684371808, 0.720954356846473, 0.9573229873908826, 0.9838383838383838, 0.9570112589559877]",batch,both
FashionMNIST,small,43,10,all,all,activation_variance,baseline,,0.1,0,0.8893,0.88,0.31368229825496674,0.33355342497825624,209417,0.10941712808212767,209060,0.10944315703380592,0.26572920696344227,21.6025390625,16,0,2048,0.3347333070123568,0.88,0.33355342024564744,0.3129713429370895,234752,235146,"[0.853, 0.972, 0.838, 0.861, 0.816, 0.94, 0.63, 0.97, 0.967, 0.953]","[0.863147605083089, 0.9705882352941176, 0.8485687903970452, 0.8650306748466258, 0.8372093023255814, 0.9448416751787538, 0.6690871369294605, 0.9592628516003879, 0.9787878787878788, 0.9539406345957011]",batch,both
FashionMNIST,small,43,10,all,all,activation_variance,baseline,,0.1,1,0.8953,0.8914,0.29156791375875474,0.31141972604990004,209417,0.10941712808212767,209060,0.10944315703380592,0.26572920696344227,21.6025390625,16,0,2048,0.3145518299425021,0.8914,0.3114197239279747,0.3215974239865318,234752,235146,"[0.856, 0.971, 0.819, 0.914, 0.832, 0.967, 0.666, 0.956, 0.972, 0.961]","[0.8660801564027371, 0.9685598377281948, 0.8199445983379502, 0.9120654396728016, 0.8473205257836198, 0.9673135852911133, 0.691908713692946, 0.9408341416100873, 0.9838383838383838, 0.9580348004094166]",batch,both
FashionMNIST,small,43,10,all,all,activation_variance,baseline,,0.1,3,0.8951,0.8908,0.2945598724603653,0.3111567636609077,209417,0.10941712808212767,209060,0.10944315703380592,0.26572920696344227,21.6025390625,16,0,2048,0.3285435170400888,0.8908,0.3111567574620247,0.32663728203624487,234752,235146,"[0.827, 0.971, 0.785, 0.915, 0.841, 0.958, 0.717, 0.959, 0.974, 0.961]","[0.8279569892473119, 0.9685598377281948, 0.7839335180055401, 0.9130879345603272, 0.8543983822042467, 0.9662921348314607, 0.7468879668049793, 0.950533462657614, 0.9848484848484849, 0.9631525076765609]",batch,both
FashionMNIST,small,43,10,all,all,activation_variance,baseline,,0.1,5,0.8969,0.8931,0.290992582154274,0.30900076784491537,209417,0.10941712808212767,209060,0.10944315703380592,0.26572920696344227,21.6025390625,16,0,2048,0.3323256829753518,0.8931,0.30900076303482055,0.34951596707105637,234752,235146,"[0.841, 0.974, 0.824, 0.905, 0.824, 0.969, 0.706, 0.961, 0.97, 0.957]","[0.8396871945259042, 0.9695740365111561, 0.8236380424746076, 0.9038854805725971, 0.8442871587462083, 0.9724208375893769, 0.7385892116182573, 0.950533462657614, 0.9808080808080808, 0.9498464687819856]",batch,both
FashionMNIST,small,43,10,all,all,activation_variance,baseline,,0.2,0,0.8833,0.8741,0.32859780468940736,0.3489089852809906,183183,0.2209818580796612,182865,0.22102900081788446,0.26572920696344227,21.6025390625,16,0,2048,0.31146474299021065,0.8741,0.3489089944124222,0.3278005999745801,234752,235146,"[0.875, 0.973, 0.852, 0.853, 0.816, 0.926, 0.553, 0.972, 0.966, 0.955]","[0.8885630498533724, 0.9716024340770791, 0.8614958448753463, 0.8537832310838446, 0.8361981799797775, 0.9284984678243106, 0.5943983402489627, 0.9582929194956353, 0.9777777777777777, 0.95496417604913]",batch,both
FashionMNIST,small,43,10,all,all,activation_variance,baseline,,0.2,1,0.8951,0.8888,0.2954252776861191,0.3127968829512596,183183,0.2209818580796612,182865,0.22102900081788446,0.26572920696344227,21.6025390625,16,0,2048,0.31851910101249814,0.8888,0.31279687992334365,0.3282024790532887,234752,235146,"[0.845, 0.971, 0.815, 0.905, 0.824, 0.963, 0.681, 0.953, 0.97, 0.961]","[0.8602150537634409, 0.9665314401622718, 0.8180978762696214, 0.9120654396728016, 0.8341759352881699, 0.9662921348314607, 0.7105809128630706, 0.94180407371484, 0.9848484848484849, 0.9600818833162743]",batch,both
FashionMNIST,small,43,10,all,all,activation_variance,baseline,,0.2,3,0.893,0.8898,0.2938268089532852,0.31028544793128965,183183,0.2209818580796612,182865,0.22102900081788446,0.26572920696344227,21.6025390625,16,0,2048,0.32803043501917273,0.8898,0.31028544253110885,0.318165997043252,234752,235146,"[0.837, 0.973, 0.785, 0.91, 0.835, 0.961, 0.708, 0.968, 0.968, 0.953]","[0.8299120234604106, 0.9685598377281948, 0.7903970452446907, 0.9100204498977505, 0.8452982810920121, 0.9611848825331971, 0.745850622406639, 0.9573229873908826, 0.9828282828282828, 0.9457523029682702]",batch,both
FashionMNIST,small,43,10,all,all,activation_variance,baseline,,0.2,5,0.8944,0.8925,0.29462914439439775,0.3104055426239967,183183,0.2209818580796612,182865,0.22102900081788446,0.26572920696344227,21.6025390625,16,0,2048,0.3308117209235206,0.8925,0.3104055321931839,0.3229046920314431,234752,235146,"[0.839, 0.973, 0.805, 0.91, 0.836, 0.967, 0.708, 0.957, 0.97, 0.96]","[0.8367546432062561, 0.9665314401622718, 0.8070175438596491, 0.911042944785276, 0.8473205257836198, 0.9713993871297242, 0.729253112033195, 0.9476236663433559, 0.9818181818181818, 0.9508700102354145]",batch,both
FashionMNIST,small,43,10,all,all,activation_variance,baseline,,0.3,0,0.8757,0.8648,0.36090196938514707,0.3787649355173111,158500,0.32595068595680976,158220,0.3260121319520175,0.26572920696344227,21.6025390625,16,0,2048,0.35314262798056006,0.8648,0.3787649250745773,0.3294236920773983,234752,235146,"[0.87, 0.978, 0.852, 0.824, 0.821, 0.923, 0.49, 0.972, 0.964, 0.954]","[0.8856304985337243, 0.9756592292089249, 0.8642659279778393, 0.820040899795501, 0.8382204246713852, 0.9264555669050051, 0.5404564315352697, 0.9592628516003879, 0.9808080808080808, 0.9559877175025588]",batch,both
FashionMNIST,small,43,10,all,all,activation_variance,baseline,,0.3,1,0.8922,0.8863,0.301359992313385,0.31778707505464554,158500,0.32595068595680976,158220,0.3260121319520175,0.26572920696344227,21.6025390625,16,0,2048,0.3037794920383021,0.8863,0.31778707218170166,0.329174189013429,234752,235146,"[0.824, 0.968, 0.806, 0.909, 0.822, 0.948, 0.692, 0.963, 0.973, 0.958]","[0.8172043010752689, 0.9665314401622718, 0.8162511542012927, 0.9059304703476483, 0.839231547017189, 0.9540347293156282, 0.7385892116182573, 0.9544131910766246, 0.9838383838383838, 0.9508700102354145]",batch,both
FashionMNIST,small,43,10,all,all,activation_variance,baseline,,0.3,3,0.8955,0.8891,0.2937667532324791,0.3116287127017975,158500,0.32595068595680976,158220,0.3260121319520175,0.26572920696344227,21.6025390625,16,0,2048,0.3197020199149847,0.8891,0.311628710770607,0.3173671020194888,234752,235146,"[0.847, 0.971, 0.803, 0.906, 0.818, 0.959, 0.694, 0.965, 0.972, 0.956]","[0.8641251221896383, 0.9675456389452333, 0.814404432132964, 0.9049079754601227, 0.8412537917087968, 0.9601634320735445, 0.7240663900414938, 0.9515033947623667, 0.9838383838383838, 0.946775844421699]",batch,both
FashionMNIST,small,43,10,all,all,activation_variance,baseline,,0.3,5,0.8934,0.8891,0.2948255676031113,0.3101617481827736,158500,0.32595068595680976,158220,0.3260121319520175,0.26572920696344227,21.6025390625,16,0,2048,0.35167668701615185,0.8891,0.3101617454409599,0.34759769297670573,234752,235146,"[0.827, 0.972, 0.788, 0.916, 0.821, 0.961, 0.717, 0.962, 0.971, 0.956]","[0.823069403714565, 0.9675456389452333, 0.7959372114496768, 0.918200408997955, 0.839231547017189, 0.9601634320735445, 0.7468879668049793, 0.953443258971872, 0.9818181818181818, 0.95496417604913]",batch,both
FashionMNIST,small,43,10,all,all,activation_variance,baseline,,0.4,0,0.8616,0.8507,0.41307000517845155,0.429787876868248,133605,0.43182108137072284,133364,0.4318940839694656,0.26572920696344227,21.6025390625,16,0,2048,0.36937782808672637,0.8507,0.42978787689208986,0.3648960959399119,234752,235146,"[0.875, 0.978, 0.819, 0.785, 0.832, 0.855, 0.484, 0.955, 0.961, 0.963]","[0.8807429130009775, 0.9787018255578094, 0.8384118190212373, 0.778118609406953, 0.8503538928210314, 0.8712972420837589, 0.5238589211618258, 0.944713870029098, 0.9737373737373738, 0.9662231320368475]",batch,both
FashionMNIST,small,43,10,all,all,activation_variance,baseline,,0.4,1,0.891,0.8809,0.3100060224056244,0.32678160736560824,133605,0.43182108137072284,133364,0.4318940839694656,0.26572920696344227,21.6025390625,16,0,2048,0.3591600339859724,0.8809,0.3267816067934036,0.36330757196992636,234752,235146,"[0.82, 0.968, 0.762, 0.896, 0.828, 0.952, 0.701, 0.957, 0.973, 0.952]","[0.8289345063538612, 0.9665314401622718, 0.7700831024930748, 0.901840490797546, 0.8473205257836198, 0.958120531154239, 0.7603734439834025, 0.953443258971872, 0.9828282828282828, 0.9498464687819856]",batch,both
FashionMNIST,small,43,10,all,all,activation_variance,baseline,,0.4,3,0.8922,0.884,0.3007024623513222,0.32050595588684083,133605,0.43182108137072284,133364,0.4318940839694656,0.26572920696344227,21.6025390625,16,0,2048,0.3405721030430868,0.884,0.3205059534430504,0.32984033797401935,234752,235146,"[0.837, 0.968, 0.779, 0.899, 0.81, 0.949, 0.71, 0.962, 0.972, 0.954]","[0.8406647116324536, 0.9655172413793104, 0.788550323176362, 0.9028629856850716, 0.8281092012133469, 0.9611848825331971, 0.754149377593361, 0.953443258971872, 0.9818181818181818, 0.9529170931422722]",batch,both
FashionMNIST,small,43,10,all,all,activation_variance,baseline,,0.4,5,0.8952,0.8874,0.29594972392320634,0.3166689274191856,133605,0.43182108137072284,133364,0.4318940839694656,0.26572920696344227,21.6025390625,16,0,2048,0.3428337089717388,0.8874,0.3166689217090607,0.34545216301921755,234752,235146,"[0.846, 0.971, 0.811, 0.904, 0.828, 0.952, 0.678, 0.95, 0.972, 0.962]","[0.8494623655913979, 0.9665314401622718, 0.8217913204062789, 0.9079754601226994, 0.8452982810920121, 0.9622063329928499, 0.7105809128630706, 0.9456838021338506, 0.9828282828282828, 0.9631525076765609]",batch,both
FashionMNIST,small,43,10,all,all,activation_variance,baseline,,0.5,0,0.8372,0.8279,0.5127513427257537,0.5252295157909393,109386,0.5348166670919343,109184,0.534896401308615,0.26572920696344227,21.6025390625,16,0,2048,0.3613838329911232,0.8279,0.5252295207023621,0.34739806910511106,234752,235146,"[0.883, 0.977, 0.838, 0.725, 0.774, 0.78, 0.422, 0.949, 0.961, 0.97]","[0.895405669599218, 0.9766734279918864, 0.8291782086795937, 0.7310838445807771, 0.7997977755308392, 0.7691521961184883, 0.4657676348547718, 0.9398642095053347, 0.9737373737373738, 0.9764585465711362]",batch,both
FashionMNIST,small,43,10,all,all,activation_variance,baseline,,0.5,1,0.8808,0.8745,0.3318080732822418,0.34739361743927,109386,0.5348166670919343,109184,0.534896401308615,0.26572920696344227,21.6025390625,16,0,2048,0.35116668697446585,0.8745,0.34739361875057223,0.40182252204976976,234752,235146,"[0.828, 0.967, 0.802, 0.888, 0.82, 0.929, 0.637, 0.952, 0.971, 0.951]","[0.8435972629521017, 0.9645030425963489, 0.7940904893813481, 0.8957055214723927, 0.8473205257836198, 0.9346271705822268, 0.6535269709543569, 0.9379243452958292, 0.9838383838383838, 0.9559877175025588]",batch,both
FashionMNIST,small,43,10,all,all,activation_variance,baseline,,0.5,3,0.8875,0.8801,0.3117501414060593,0.32890894339084625,109386,0.5348166670919343,109184,0.534896401308615,0.26572920696344227,21.6025390625,16,0,2048,0.37956554000265896,0.8801,0.32890894343852994,0.49187578598503023,234752,235146,"[0.824, 0.969, 0.776, 0.901, 0.828, 0.954, 0.67, 0.952, 0.972, 0.955]","[0.83088954056696, 0.9645030425963489, 0.7876269621421976, 0.9008179959100204, 0.8533872598584429, 0.9519918283963228, 0.7085062240663901, 0.9437439379243453, 0.9848484848484849, 0.95496417604913]",batch,both
FashionMNIST,small,43,10,all,all,activation_variance,baseline,,0.5,5,0.8895,0.8835,0.3041874737024307,0.32296019108295443,109386,0.5348166670919343,109184,0.534896401308615,0.26572920696344227,21.6025390625,16,0,2048,0.5354533459758386,0.8835,0.3229601907014847,0.6999926510034129,234752,235146,"[0.829, 0.97, 0.799, 0.9, 0.814, 0.952, 0.687, 0.948, 0.973, 0.963]","[0.8299120234604106, 0.9665314401622718, 0.8024007386888273, 0.9049079754601227, 0.8452982810920121, 0.9591419816138917, 0.7116182572614108, 0.9379243452958292, 0.9828282828282828, 0.9600818833162743]",batch,both
FashionMNIST,small,43,10,all,all,activation_variance,baseline,,0.7,0,0.753,0.7458,0.8630153137207032,0.8684380366325378,63887,0.728309220654402,63761,0.7283899604689203,0.26572920696344227,21.6025390625,16,0,2048,0.39236393000464886,0.7458,0.8684380355834961,0.35881088697351515,234752,235146,"[0.855, 0.983, 0.89, 0.525, 0.454, 0.89, 0.167, 0.839, 0.922, 0.933]","[0.8621700879765396, 0.9787018255578094, 0.8855032317636196, 0.5112474437627812, 0.49646107178968657, 0.8682328907048008, 0.17427385892116182, 0.8583899127061105, 0.9363636363636364, 0.9242579324462641]",batch,both
FashionMNIST,small,43,10,all,all,activation_variance,baseline,,0.7,1,0.8522,0.8442,0.43337598004341127,0.4438697377204895,63887,0.728309220654402,63761,0.7283899604689203,0.26572920696344227,21.6025390625,16,0,2048,0.328736181021668,0.8442,0.4438697410583496,0.3722570500103757,234752,235146,"[0.802, 0.946, 0.788, 0.891, 0.771, 0.89, 0.533, 0.906, 0.968, 0.947]","[0.8318670576735093, 0.9513184584178499, 0.7746999076638966, 0.8844580777096115, 0.8018200202224469, 0.8866189989785496, 0.578838174273859, 0.895247332686712, 0.9747474747474747, 0.9437052200614124]",batch,both
FashionMNIST,small,43,10,all,all,activation_variance,baseline,,0.7,3,0.8674,0.8624,0.3693732756376267,0.38178344593048097,63887,0.728309220654402,63761,0.7283899604689203,0.26572920696344227,21.6025390625,16,0,2048,0.31078187201637775,0.8624,0.3817834457874298,0.3355472380062565,234752,235146,"[0.839, 0.963, 0.769, 0.885, 0.798, 0.926, 0.614, 0.9, 0.971, 0.959]","[0.8465298142717498, 0.962474645030426, 0.752539242843952, 0.8875255623721882, 0.8149646107178968, 0.9274770173646578, 0.6514522821576764, 0.9020368574199806, 0.9757575757575757, 0.9600818833162743]",batch,both
FashionMNIST,small,43,10,all,all,activation_variance,baseline,,0.7,5,0.8735,0.8693,0.3485216745376587,0.36436012244224547,63887,0.728309220654402,63761,0.7283899604689203,0.26572920696344227,21.6025390625,16,0,2048,0.3257247790461406,0.8693,0.36436012320518496,0.32011878199409693,234752,235146,"[0.838, 0.965, 0.781, 0.886, 0.829, 0.928, 0.608, 0.923, 0.973, 0.962]","[0.8494623655913979, 0.9634888438133874, 0.7728531855955678, 0.8895705521472392, 0.8361981799797775, 0.9305413687436159, 0.6441908713692946, 0.9117361784675073, 0.9838383838383838, 0.9580348004094166]",batch,both
FashionMNIST,small,43,10,a1,layerwise,activation_variance,baseline,,0.05,0,0.891,0.883,0.30827275626659395,0.32903567883968354,224190,0.04659232987165418,223808,0.04661941112322787,0.26572920696344227,21.6025390625,16,0,2048,0.3183637849288061,0.883,0.32903567769527436,0.3502648560097441,234752,235146,"[0.844, 0.972, 0.84, 0.862, 0.807, 0.949, 0.666, 0.968, 0.968, 0.954]","[0.8582600195503421, 0.9705882352941176, 0.8457987072945522, 0.8640081799591002, 0.8321536905965622, 0.9560776302349336, 0.6898340248962656, 0.9592628516003879, 0.9787878787878788, 0.9539406345957011]",batch,both
FashionMNIST,small,43,10,a1,layerwise,activation_variance,baseline,,0.05,1,0.8968,0.893,0.28969863883256913,0.3089095590353012,224190,0.04659232987165418,223808,0.04661941112322787,0.26572920696344227,21.6025390625,16,0,2048,0.33267353894189,0.893,0.30890956244468687,0.3362501299707219,234752,235146,"[0.852, 0.972, 0.817, 0.907, 0.838, 0.959, 0.69, 0.966, 0.972, 0.957]","[0.8533724340175953, 0.9685598377281948, 0.8125577100646353, 0.9069529652351738, 0.8533872598584429, 0.9622063329928499, 0.720954356846473, 0.953443258971872, 0.9828282828282828, 0.9580348004094166]",batch,both
FashionMNIST,small,43,10,a1,layerwise,activation_variance,baseline,,0.05,3,0.8966,0.8922,0.2914673812866211,0.3080140983402729,224190,0.04659232987165418,223808,0.04661941112322787,0.26572920696344227,21.6025390625,16,0,2048,0.35691994393710047,0.8922,0.3080140954971313,0.3417818059679121,234752,235146,"[0.836, 0.974, 0.794, 0.906, 0.85, 0.961, 0.703, 0.961, 0.972, 0.965]","[0.8475073313782991, 0.9695740365111561, 0.7903970452446907, 0.908997955010225, 0.8574317492416582, 0.9642492339121552, 0.7365145228215768, 0.9485935984481086, 0.9828282828282828, 0.9672466734902764]",batch,both
FashionMNIST,small,43,10,a1,layerwise,activation_variance,baseline,,0.05,5,0.8972,0.8942,0.29276246439218523,0.31085767703652384,224190,0.04659232987165418,223808,0.04661941112322787,0.26572920696344227,21.6025390625,16,0,2048,0.32442662899848074,0.8942,0.3108576759159565,0.3428713249741122,234752,235146,"[0.847, 0.973, 0.814, 0.904, 0.836, 0.965, 0.717, 0.962, 0.969, 0.955]","[0.8484848484848485, 0.9695740365111561, 0.8107109879963066, 0.9028629856850716, 0.8513650151668352, 0.9713993871297242, 0.7406639004149378, 0.9544131910766246, 0.9808080808080808, 0.946775844421699]",batch,both
FashionMNIST,small,43,10,a1,layerwise,activation_variance,baseline,,0.1,0,0.889,0.882,0.3118803813576698,0.3327145603060722,212321,0.09706735389927956,211952,0.09712377317339149,0.26572920696344227,21.6025390625,16,0,2048,0.3265686830272898,0.882,0.3327145574450493,0.33424667303916067,234752,235146,"[0.847, 0.972, 0.839, 0.86, 0.806, 0.94, 0.666, 0.968, 0.968, 0.954]","[0.855327468230694, 0.9705882352941176, 0.8467220683287165, 0.8640081799591002, 0.8260869565217391, 0.9427987742594485, 0.6908713692946058, 0.9592628516003879, 0.9787878787878788, 0.9539406345957011]",batch,both
FashionMNIST,small,43,10,a1,layerwise,activation_variance,baseline,,0.1,1,0.8949,0.8885,0.2921224974989891,0.3131096573829651,212321,0.09706735389927956,211952,0.09712377317339149,0.26572920696344227,21.6025390625,16,0,2048,0.3224841560004279,0.8885,0.31310965777635574,0.32403187500312924,234752,235146,"[0.844, 0.971, 0.823, 0.906, 0.825, 0.957, 0.67, 0.96, 0.971, 0.958]","[0.8435972629521017, 0.9685598377281948, 0.8282548476454293, 0.9038854805725971, 0.8372093023255814, 0.9622063329928499, 0.7126556016597511, 0.9515033947623667, 0.9838383838383838, 0.9600818833162743]",batch,both
FashionMNIST,small,43,10,a1,layerwise,activation_variance,baseline,,0.1,3,0.8967,0.8926,0.29221346468925474,0.311340581536293,212321,0.09706735389927956,211952,0.09712377317339149,0.26572920696344227,21.6025390625,16,0,2048,0.3547508369665593,0.8926,0.3113405774235725,0.33173807500861585,234752,235146,"[0.845, 0.972, 0.82, 0.92, 0.833, 0.964, 0.68, 0.963, 0.971, 0.958]","[0.8455522971652004, 0.9675456389452333, 0.8236380424746076, 0.9212678936605317, 0.8442871587462083, 0.9693564862104188, 0.7095435684647303, 0.9485935984481086, 0.9838383838383838, 0.9570112589559877]",batch,both
FashionMNIST,small,43,10,a1,layerwise,activation_variance,baseline,,0.1,5,0.8961,0.8932,0.29478809218406676,0.31142807565927505,212321,0.09706735389927956,211952,0.09712377317339149,0.26572920696344227,21.6025390625,16,0,2048,0.33309581596404314,0.8932,0.311428077352047,0.35201242892071605,234752,235146,"[0.816, 0.973, 0.803, 0.917, 0.846, 0.967, 0.717, 0.96, 0.97, 0.963]","[0.8240469208211144, 0.9685598377281948, 0.8005540166204986, 0.9161554192229039, 0.8594539939332659, 0.9693564862104188, 0.7437759336099585, 0.9408341416100873, 0.9818181818181818, 0.9641760491299898]",batch,both
FashionMNIST,small,43,10,a1,layerwise,activation_variance,baseline,,0.2,0,0.8857,0.8793,0.32069116320610047,0.3429762187719345,188583,0.19801740195453033,188240,0.19813249727371862,0.26572920696344227,21.6025390625,16,0,2048,0.3309284740826115,0.8793,0.3429762214541435,0.3361201420193538,234752,235146,"[0.857, 0.972, 0.852, 0.866, 0.804, 0.919, 0.629, 0.972, 0.968, 0.954]","[0.8641251221896383, 0.9705882352941176, 0.853185595567867, 0.8711656441717791, 0.8240647118301314, 0.9152196118488254, 0.6597510373443983, 0.9602327837051406, 0.9797979797979798, 0.95496417604913]",batch,both
FashionMNIST,small,43,10,a1,layerwise,activation_variance,baseline,,0.2,1,0.893,0.8886,0.29558141684532163,0.31288236534595487,188583,0.19801740195453033,188240,0.19813249727371862,0.26572920696344227,21.6025390625,16,0,2048,0.32264464802574366,0.8886,0.312882360970974,0.3464598349528387,234752,235146,"[0.829, 0.972, 0.819, 0.915, 0.793, 0.956, 0.712, 0.967, 0.969, 0.954]","[0.8220918866080157, 0.9675456389452333, 0.8227146814404432, 0.908997955010225, 0.8119312436804853, 0.9601634320735445, 0.75, 0.9553831231813773, 0.9848484848484849, 0.9508700102354145]",batch,both
FashionMNIST,small,43,10,a1,layerwise,activation_variance,baseline,,0.2,3,0.8931,0.891,0.29396994092464446,0.30982870875597,188583,0.19801740195453033,188240,0.19813249727371862,0.26572920696344227,21.6025390625,16,0,2048,0.32833868195302784,0.891,0.3098287020921707,0.3336304071126506,234752,235146,"[0.836, 0.972, 0.788, 0.911, 0.827, 0.959, 0.716, 0.963, 0.972, 0.966]","[0.83088954056696, 0.9685598377281948, 0.7922437673130194, 0.9130879345603272, 0.8412537917087968, 0.9591419816138917, 0.745850622406639, 0.9466537342386033, 0.9818181818181818, 0.9590583418628454]",batch,both
FashionMNIST,small,43,10,a1,layerwise,activation_variance,baseline,,0.2,5,0.8942,0.891,0.2939770342588425,0.31117349412441253,188583,0.19801740195453033,188240,0.19813249727371862,0.26572920696344227,21.6025390625,16,0,2048,0.3208249050658196,0.891,0.3111734891057015,0.3475859060417861,234752,235146,"[0.836, 0.97, 0.794, 0.91, 0.823, 0.958, 0.728, 0.966, 0.971, 0.954]","[0.833822091886608, 0.9685598377281948, 0.7950138504155124, 0.9069529652351738, 0.8422649140546006, 0.9611848825331971, 0.7510373443983402, 0.9602327837051406, 0.9808080808080808, 0.9488229273285568]",batch,both
FashionMNIST,small,43,10,a1,layerwise,activation_variance,baseline,,0.3,0,0.8838,0.8746,0.3239538134098053,0.3467863930940628,165758,0.29508475585381,165440,0.2952562704471101,0.26572920696344227,21.6025390625,16,0,2048,0.3589477860368788,0.8746,0.3467863923549652,0.33657270099502057,234752,235146,"[0.845, 0.972, 0.84, 0.849, 0.802, 0.912, 0.632, 0.967, 0.967, 0.96]","[0.8484848484848485, 0.9716024340770791, 0.8513388734995383, 0.8609406952965235, 0.8270980788675429, 0.9152196118488254, 0.6649377593360996, 0.9544131910766246, 0.9808080808080808, 0.9600818833162743]",batch,both
FashionMNIST,small,43,10,a1,layerwise,activation_variance,baseline,,0.3,1,0.8942,0.888,0.2943678065419197,0.31240960664749146,165758,0.29508475585381,165440,0.2952562704471101,0.26572920696344227,21.6025390625,16,0,2048,0.3658354409271851,0.888,0.31240960587263106,0.3611879659583792,234752,235146,"[0.854, 0.972, 0.79, 0.899, 0.836, 0.961, 0.681, 0.96, 0.973, 0.954]","[0.8563049853372434, 0.9685598377281948, 0.7987072945521699, 0.9008179959100204, 0.8604651162790697, 0.9662921348314607, 0.7126556016597511, 0.9495635305528612, 0.9848484848484849, 0.9488229273285568]",batch,both
FashionMNIST,small,43,10,a1,layerwise,activation_variance,baseline,,0.3,3,0.8963,0.8891,0.2930981533408165,0.3110939710497856,165758,0.29508475585381,165440,0.2952562704471101,0.26572920696344227,21.6025390625,16,0,2048,0.37586638203356415,0.8891,0.3110939727544785,0.336376525927335,234752,235146,"[0.842, 0.971, 0.798, 0.905, 0.831, 0.96, 0.696, 0.949, 0.971, 0.968]","[0.8514173998044966, 0.9685598377281948, 0.8070175438596491, 0.908997955010225, 0.8432760364004045, 0.9662921348314607, 0.733402489626556, 0.9379243452958292, 0.9848484848484849, 0.9672466734902764]",batch,both
FashionMNIST,small,43,10,a1,layerwise,activation_variance,baseline,,0.3,5,0.8956,0.8899,0.29162387281656266,0.3102006833910942,165758,0.29508475585381,165440,0.2952562704471101,0.26572920696344227,21.6025390625,16,0,2048,0.35690384404733777,0.8899,0.3102006916284561,0.3327223879750818,234752,235146,"[0.849, 0.973, 0.808, 0.91, 0.817, 0.953, 0.699, 0.958, 0.968, 0.964]","[0.8602150537634409, 0.9695740365111561, 0.8180978762696214, 0.9100204498977505, 0.8311425682507584, 0.9611848825331971, 0.7188796680497925, 0.9485935984481086, 0.9808080808080808, 0.9611054247697032]",batch,both
FashionMNIST,small,43,10,a1,layerwise,activation_variance,baseline,,0.4,0,0.8735,0.8636,0.34904988684654237,0.373384454536438,142020,0.39603480390906076,141728,0.39626499454743724,0.26572920696344227,21.6025390625,16,0,2048,0.3371514540631324,0.8636,0.3733844516992569,0.33387819107156247,234752,235146,"[0.846, 0.972, 0.825, 0.843, 0.808, 0.839, 0.612, 0.965, 0.964, 0.962]","[0.8602150537634409, 0.9726166328600405, 0.8393351800554016, 0.8466257668711656, 0.8341759352881699, 0.8447395301327886, 0.6358921161825726, 0.953443258971872, 0.9767676767676767, 0.9662231320368475]",batch,both
FashionMNIST,small,43,10,a1,layerwise,activation_variance,baseline,,0.4,1,0.8914,0.8833,0.2997598809480667,0.3183432809829712,142020,0.39603480390906076,141728,0.39626499454743724,0.26572920696344227,21.6025390625,16,0,2048,0.32637939893174917,0.8833,0.3183432797908783,0.32419370498973876,234752,235146,"[0.842, 0.971, 0.769, 0.898, 0.811, 0.948, 0.715, 0.95, 0.971, 0.958]","[0.8504398826979472, 0.9665314401622718, 0.7737765466297323, 0.8987730061349694, 0.8372093023255814, 0.9632277834525026, 0.7489626556016598, 0.9398642095053347, 0.9808080808080808, 0.9631525076765609]",batch,both
FashionMNIST,small,43,10,a1,layerwise,activation_variance,baseline,,0.4,3,0.8935,0.8849,0.29702856895923613,0.31726137974262236,142020,0.39603480390906076,141728,0.39626499454743724,0.26572920696344227,21.6025390625,16,0,2048,0.36383562395349145,0.8849,0.3172613722085953,0.3328744889004156,234752,235146,"[0.839, 0.97, 0.792, 0.903, 0.845, 0.94, 0.672, 0.957, 0.97, 0.961]","[0.8494623655913979, 0.9675456389452333, 0.7959372114496768, 0.9028629856850716, 0.865520728008089, 0.9530132788559755, 0.7126556016597511, 0.9466537342386033, 0.9838383838383838, 0.9631525076765609]",batch,both
FashionMNIST,small,43,10,a1,layerwise,activation_variance,baseline,,0.4,5,0.8963,0.8878,0.2931099334836006,0.3125273151755333,142020,0.39603480390906076,141728,0.39626499454743724,0.26572920696344227,21.6025390625,16,0,2048,0.3500873770099133,0.8878,0.3125273176550865,0.37364989006891847,234752,235146,"[0.858, 0.97, 0.807, 0.901, 0.819, 0.947, 0.687, 0.961, 0.968, 0.96]","[0.8641251221896383, 0.9685598377281948, 0.8107109879963066, 0.9100204498977505, 0.846309403437816, 0.9570990806945863, 0.7116182572614108, 0.953443258971872, 0.9818181818181818, 0.9631525076765609]",batch,both
FashionMNIST,small,43,10,a1,layerwise,activation_variance,baseline,,0.5,0,0.858,0.8531,0.38457026634216307,0.40127683663368224,118282,0.4969848519643115,118016,0.4972737186477645,0.26572920696344227,21.6025390625,16,0,2048,0.35942641203291714,0.8531,0.4012768397331238,0.37944130098912865,234752,235146,"[0.841, 0.976, 0.809, 0.825, 0.797, 0.772, 0.615, 0.963, 0.967, 0.966]","[0.852394916911046, 0.9716024340770791, 0.8180978762696214, 0.8333333333333334, 0.8200202224469161, 0.7395301327885597, 0.6431535269709544, 0.950533462657614, 0.9777777777777777, 0.9682702149437052]",batch,both
FashionMNIST,small,43,10,a1,layerwise,activation_variance,baseline,,0.5,1,0.889,0.8808,0.3075924664616585,0.3262687907218933,118282,0.4969848519643115,118016,0.4972737186477645,0.26572920696344227,21.6025390625,16,0,2048,0.35605659696739167,0.8808,0.32626878921985625,0.36594476795289665,234752,235146,"[0.854, 0.967, 0.805, 0.902, 0.814, 0.944, 0.642, 0.946, 0.973, 0.961]","[0.8729227761485826, 0.9645030425963489, 0.8097876269621422, 0.9008179959100204, 0.8382204246713852, 0.95097037793667, 0.6773858921161826, 0.930164888457808, 0.9838383838383838, 0.9641760491299898]",batch,both
FashionMNIST,small,43,10,a1,layerwise,activation_variance,baseline,,0.5,3,0.8939,0.8843,0.29824046137332916,0.3177904480457306,118282,0.4969848519643115,118016,0.4972737186477645,0.26572920696344227,21.6025390625,16,0,2048,0.357115920051001,0.8843,0.317790451669693,0.364466215018183,234752,235146,"[0.841, 0.97, 0.796, 0.901, 0.833, 0.948, 0.676, 0.949, 0.97, 0.959]","[0.8475073313782991, 0.9675456389452333, 0.8153277931671283, 0.9049079754601227, 0.8493427704752275, 0.958120531154239, 0.7147302904564315, 0.9437439379243453, 0.9828282828282828, 0.9590583418628454]",batch,both
FashionMNIST,small,43,10,a1,layerwise,activation_variance,baseline,,0.5,5,0.8931,0.884,0.2979014403223991,0.3171531881570816,118282,0.4969848519643115,118016,0.4972737186477645,0.26572920696344227,21.6025390625,16,0,2048,0.3685619659954682,0.884,0.3171531930923462,0.3565090480260551,234752,235146,"[0.834, 0.969, 0.809, 0.893, 0.826, 0.94, 0.68, 0.96, 0.97, 0.959]","[0.8377321603128055, 0.9675456389452333, 0.8217913204062789, 0.8977505112474438, 0.8473205257836198, 0.947906026557712, 0.7230290456431535, 0.950533462657614, 0.9828282828282828, 0.9580348004094166]",batch,both
FashionMNIST,small,43,10,a1,layerwise,activation_variance,baseline,,0.7,0,0.8176,0.8119,0.5152859242916107,0.5270561023712158,71719,0.6950022539188419,71504,0.6954062159214831,0.26572920696344227,21.6025390625,16,0,2048,0.3824916770681739,0.8119,0.5270561007499694,0.3659687350736931,234752,235146,"[0.837, 0.977, 0.865, 0.78, 0.701, 0.726, 0.407, 0.885, 0.96, 0.981]","[0.8435972629521017, 0.9766734279918864, 0.8605724838411819, 0.7699386503067485, 0.7229524772497472, 0.7211440245148111, 0.4346473029045643, 0.8748787584869059, 0.9696969696969697, 0.9856704196519959]",batch,both
FashionMNIST,small,43,10,a1,layerwise,activation_variance,baseline,,0.7,1,0.8766,0.8688,0.34158264925479886,0.35282586028575896,71719,0.6950022539188419,71504,0.6954062159214831,0.26572920696344227,21.6025390625,16,0,2048,0.3529418179532513,0.8688,0.35282586603164673,0.37203036004211754,234752,235146,"[0.82, 0.963, 0.758, 0.895, 0.811, 0.941, 0.655, 0.913, 0.973, 0.959]","[0.8357771260997068, 0.9634888438133874, 0.7673130193905817, 0.8936605316973415, 0.8351870576339737, 0.9438202247191011, 0.6836099585062241, 0.9059165858389913, 0.9848484848484849, 0.9600818833162743]",batch,both
FashionMNIST,small,43,10,a1,layerwise,activation_variance,baseline,,0.7,3,0.8841,0.8775,0.32233398122787477,0.3354019524335861,71719,0.6950022539188419,71504,0.6954062159214831,0.26572920696344227,21.6025390625,16,0,2048,0.35961821291130036,0.8775,0.3354019478559494,0.3739422290818766,234752,235146,"[0.82, 0.971, 0.765, 0.902, 0.818, 0.948, 0.679, 0.948, 0.97, 0.954]","[0.8357771260997068, 0.9675456389452333, 0.7746999076638966, 0.901840490797546, 0.8422649140546006, 0.9499489274770173, 0.7043568464730291, 0.9340446168768186, 0.9868686868686869, 0.9508700102354145]",batch,both
FashionMNIST,small,43,10,a1,layerwise,activation_variance,baseline,,0.7,5,0.8866,0.878,0.31540428459644315,0.3302875037908554,71719,0.6950022539188419,71504,0.6954062159214831,0.26572920696344227,21.6025390625,16,0,2048,0.3270607040030882,0.878,0.3302875047683716,0.3642292699078098,234752,235146,"[0.832, 0.971, 0.797, 0.887, 0.823, 0.933, 0.653, 0.952, 0.972, 0.96]","[0.8475073313782991, 0.9665314401622718, 0.814404432132964, 0.8936605316973415, 0.8382204246713852, 0.940755873340143, 0.6887966804979253, 0.9369544131910766, 0.9838383838383838, 0.9580348004094166]",batch,both
FashionMNIST,small,43,10,a2,layerwise,activation_variance,baseline,,0.05,0,0.8908,0.8842,0.3089349937200546,0.3290624614357948,233544,0.006812788650455426,233156,0.006798664122137366,0.26572920696344227,21.6025390625,16,0,2048,0.3757927529513836,0.8842,0.32906246165037156,0.35264799697324634,234752,235146,"[0.844, 0.972, 0.849, 0.862, 0.808, 0.947, 0.669, 0.968, 0.969, 0.954]","[0.8572825024437928, 0.9705882352941176, 0.8476454293628809, 0.8619631901840491, 0.833164812942366, 0.9530132788559755, 0.6898340248962656, 0.9592628516003879, 0.9797979797979798, 0.9539406345957011]",batch,both
FashionMNIST,small,43,10,a2,layerwise,activation_variance,baseline,,0.05,1,0.8962,0.8913,0.29248191121816636,0.311427395761013,233544,0.006812788650455426,233156,0.006798664122137366,0.26572920696344227,21.6025390625,16,0,2048,0.31272796797566116,0.8913,0.3114273938536644,0.3324445470934734,234752,235146,"[0.855, 0.972, 0.807, 0.906, 0.84, 0.967, 0.674, 0.956, 0.972, 0.964]","[0.8592375366568915, 0.9685598377281948, 0.8107109879963066, 0.9008179959100204, 0.8584428715874621, 0.9693564862104188, 0.7064315352697096, 0.9427740058195926, 0.9848484848484849, 0.9651995905834186]",batch,both
FashionMNIST,small,43,10,a2,layerwise,activation_variance,baseline,,0.05,3,0.8973,0.893,0.29270650453567504,0.3144611682891846,233544,0.006812788650455426,233156,0.006798664122137366,0.26572920696344227,21.6025390625,16,0,2048,0.32674142997711897,0.893,0.3144611662149429,0.3364717960357666,234752,235146,"[0.859, 0.972, 0.816, 0.91, 0.843, 0.967, 0.673, 0.964, 0.973, 0.953]","[0.8660801564027371, 0.9695740365111561, 0.8116343490304709, 0.911042944785276, 0.8503538928210314, 0.9703779366700716, 0.7126556016597511, 0.9573229873908826, 0.9848484848484849, 0.9426816786079836]",batch,both
FashionMNIST,small,43,10,a2,layerwise,activation_variance,baseline,,0.05,5,0.8982,0.8925,0.2920941603899002,0.3124212311446667,233544,0.006812788650455426,233156,0.006798664122137366,0.26572920696344227,21.6025390625,16,0,2048,0.33697818394284695,0.8925,0.31242123360037805,0.32486797508317977,234752,235146,"[0.848, 0.973, 0.807, 0.906, 0.827, 0.961, 0.707, 0.965, 0.974, 0.957]","[0.8602150537634409, 0.9705882352941176, 0.8107109879963066, 0.908997955010225, 0.8473205257836198, 0.9642492339121552, 0.729253112033195, 0.9573229873908826, 0.9858585858585859, 0.9518935516888434]",batch,both
FashionMNIST,small,43,10,a2,layerwise,activation_variance,baseline,,0.1,0,0.8913,0.8821,0.3102508726596832,0.3296856667160988,231942,0.013625577300910963,231560,0.013597328244274842,0.26572920696344227,21.6025390625,16,0,2048,0.3535260749049485,0.8821,0.3296856709122658,0.3541624550707638,234752,235146,"[0.85, 0.972, 0.841, 0.863, 0.817, 0.949, 0.639, 0.97, 0.967, 0.953]","[0.8651026392961877, 0.9705882352941176, 0.850415512465374, 0.8640081799591002, 0.8412537917087968, 0.9550561797752809, 0.6721991701244814, 0.9592628516003879, 0.9787878787878788, 0.9539406345957011]",batch,both
FashionMNIST,small,43,10,a2,layerwise,activation_variance,baseline,,0.1,1,0.8964,0.8893,0.29342993166446685,0.31248271858692167,231942,0.013625577300910963,231560,0.013597328244274842,0.26572920696344227,21.6025390625,16,0,2048,0.3303670180030167,0.8893,0.31248272142410277,0.345291008008644,234752,235146,"[0.835, 0.969, 0.779, 0.922, 0.819, 0.96, 0.712, 0.96, 0.974, 0.963]","[0.8435972629521017, 0.9675456389452333, 0.7876269621421976, 0.9192229038854806, 0.8442871587462083, 0.9662921348314607, 0.7468879668049793, 0.9485935984481086, 0.9838383838383838, 0.9641760491299898]",batch,both
FashionMNIST,small,43,10,a2,layerwise,activation_variance,baseline,,0.1,3,0.8964,0.8915,0.29393003418445585,0.3121475556731224,231942,0.013625577300910963,231560,0.013597328244274842,0.26572920696344227,21.6025390625,16,0,2048,0.3109686910174787,0.8915,0.3121475607872009,0.35211183491628617,234752,235146,"[0.853, 0.97, 0.804, 0.908, 0.856, 0.956, 0.671, 0.966, 0.972, 0.959]","[0.8641251221896383, 0.9695740365111561, 0.7987072945521699, 0.9069529652351738, 0.8725985844287159, 0.958120531154239, 0.700207468879668, 0.9553831231813773, 0.9828282828282828, 0.9600818833162743]",batch,both
FashionMNIST,small,43,10,a2,layerwise,activation_variance,baseline,,0.1,5,0.8978,0.8927,0.2929000184774399,0.3127285378158092,231942,0.013625577300910963,231560,0.013597328244274842,0.26572920696344227,21.6025390625,16,0,2048,0.33614524791482836,0.8927,0.3127285338938236,0.3239544070092961,234752,235146,"[0.837, 0.971, 0.816, 0.911, 0.834, 0.958, 0.698, 0.967, 0.973, 0.962]","[0.8455522971652004, 0.9695740365111561, 0.8107109879963066, 0.9100204498977505, 0.8543983822042467, 0.9540347293156282, 0.7354771784232366, 0.9573229873908826, 0.9848484848484849, 0.9611054247697032]",batch,both
FashionMNIST,small,43,10,a2,layerwise,activation_variance,baseline,,0.2,0,0.8893,0.88,0.31358308436870574,0.3321203361272812,228471,0.028386619376897793,228102,0.028327767175572505,0.26572920696344227,21.6025390625,16,0,2048,0.32797171093989164,0.88,0.3321203396081924,0.32927319104783237,234752,235146,"[0.871, 0.973, 0.846, 0.85, 0.822, 0.953, 0.596, 0.968, 0.966, 0.955]","[0.8856304985337243, 0.9716024340770791, 0.8550323176361958, 0.8558282208588958, 0.8442871587462083, 0.9570990806945863, 0.6307053941908713, 0.9573229873908826, 0.9767676767676767, 0.9539406345957011]",batch,both
FashionMNIST,small,43,10,a2,layerwise,activation_variance,baseline,,0.2,1,0.895,0.8913,0.29213417040109635,0.31185023632049563,228471,0.028386619376897793,228102,0.028327767175572505,0.26572920696344227,21.6025390625,16,0,2048,0.31421303492970765,0.8913,0.31185023761987685,0.3306571929715574,234752,235146,"[0.841, 0.973, 0.813, 0.901, 0.818, 0.956, 0.716, 0.967, 0.975, 0.953]","[0.8465298142717498, 0.9685598377281948, 0.8116343490304709, 0.9038854805725971, 0.8361981799797775, 0.9601634320735445, 0.7323651452282157, 0.9573229873908826, 0.9848484848484849, 0.9529170931422722]",batch,both
FashionMNIST,small,43,10,a2,layerwise,activation_variance,baseline,,0.2,3,0.8977,0.892,0.291863644182682,0.312409281027317,228471,0.028386619376897793,228102,0.028327767175572505,0.26572920696344227,21.6025390625,16,0,2048,0.32646436302457005,0.892,0.31240928571224214,0.3274737710598856,234752,235146,"[0.859, 0.972, 0.835, 0.909, 0.812, 0.963, 0.679, 0.96, 0.972, 0.959]","[0.8729227761485826, 0.9675456389452333, 0.8347183748845799, 0.911042944785276, 0.8179979777553084, 0.9693564862104188, 0.7116182572614108, 0.9476236663433559, 0.9848484848484849, 0.9611054247697032]",batch,both
FashionMNIST,small,43,10,a2,layerwise,activation_variance,baseline,,0.2,5,0.896,0.8933,0.2904889294862747,0.30875105246901513,228471,0.028386619376897793,228102,0.028327767175572505,0.26572920696344227,21.6025390625,16,0,2048,0.3220374049851671,0.8933,0.30875105605721476,0.3177287880098447,234752,235146,"[0.839, 0.972, 0.81, 0.913, 0.833, 0.965, 0.707, 0.962, 0.972, 0.96]","[0.8465298142717498, 0.9695740365111561, 0.8116343490304709, 0.9151329243353783, 0.839231547017189, 0.9724208375893769, 0.7271784232365145, 0.950533462657614, 0.9818181818181818, 0.9508700102354145]",batch,both
FashionMNIST,small,43,10,a2,layerwise,activation_variance,baseline,,0.3,0,0.8823,0.8715,0.337306023812294,0.3535896805047989,225000,0.04314766145288462,224644,0.04305820610687028,0.26572920696344227,21.6025390625,16,0,2048,0.33180883491877466,0.8715,0.35358968868255614,0.36058251606300473,234752,235146,"[0.876, 0.975, 0.857, 0.833, 0.815, 0.951, 0.523, 0.97, 0.965, 0.95]","[0.895405669599218, 0.9726166328600405, 0.8596491228070176, 0.8323108384458078, 0.8422649140546006, 0.9570990806945863, 0.5653526970954357, 0.962172647914646, 0.9777777777777777, 0.9498464687819856]",batch,both
FashionMNIST,small,43,10,a2,layerwise,activation_variance,baseline,,0.3,1,0.8941,0.889,0.2933205560326576,0.31150146802663803,225000,0.04314766145288462,224644,0.04305820610687028,0.26572920696344227,21.6025390625,16,0,2048,0.3485718369483948,0.889,0.3115014666676521,0.36350171105004847,234752,235146,"[0.834, 0.97, 0.801, 0.903, 0.835, 0.958, 0.696, 0.958, 0.973, 0.962]","[0.8357771260997068, 0.9675456389452333, 0.7987072945521699, 0.9028629856850716, 0.8543983822042467, 0.965270684371808, 0.7313278008298755, 0.9485935984481086, 0.9818181818181818, 0.9611054247697032]",batch,both
FashionMNIST,small,43,10,a2,layerwise,activation_variance,baseline,,0.3,3,0.8952,0.8894,0.293339772605896,0.3141502590715885,225000,0.04314766145288462,224644,0.04305820610687028,0.26572920696344227,21.6025390625,16,0,2048,0.33719699492212385,0.8894,0.3141502573311329,0.33929371496196836,234752,235146,"[0.849, 0.97, 0.804, 0.905, 0.836, 0.959, 0.682, 0.964, 0.969, 0.956]","[0.8563049853372434, 0.9685598377281948, 0.8051708217913204, 0.9069529652351738, 0.8442871587462083, 0.965270684371808, 0.7240663900414938, 0.950533462657614, 0.9828282828282828, 0.9529170931422722]",batch,both
FashionMNIST,small,43,10,a2,layerwise,activation_variance,baseline,,0.3,5,0.897,0.8922,0.29278796619176867,0.3124822817981243,225000,0.04314766145288462,224644,0.04305820610687028,0.26572920696344227,21.6025390625,16,0,2048,0.32197460799943656,0.8922,0.3124822825849056,0.3213055559899658,234752,235146,"[0.844, 0.971, 0.806, 0.911, 0.835, 0.961, 0.694, 0.968, 0.973, 0.959]","[0.855327468230694, 0.9685598377281948, 0.8024007386888273, 0.9120654396728016, 0.8452982810920121, 0.965270684371808, 0.7323651452282157, 0.9553831231813773, 0.9838383838383838, 0.95496417604913]",batch,both
FashionMNIST,small,43,10,a2,layerwise,activation_variance,baseline,,0.4,0,0.8798,0.8693,0.3545448929309845,0.37059087443351746,221529,0.05790870352887145,221186,0.05778864503816794,0.26572920696344227,21.6025390625,16,0,2048,0.3322222490096465,0.8693,0.37059087538719176,0.3225291110575199,234752,235146,"[0.862, 0.974, 0.846, 0.8, 0.826, 0.954, 0.557, 0.958, 0.963, 0.953]","[0.8778103616813294, 0.973630831643002, 0.853185595567867, 0.8057259713701431, 0.8452982810920121, 0.9591419816138917, 0.5954356846473029, 0.9466537342386033, 0.9767676767676767, 0.9580348004094166]",batch,both
FashionMNIST,small,43,10,a2,layerwise,activation_variance,baseline,,0.4,1,0.8944,0.8884,0.2956099904775619,0.3135603456735611,221529,0.05790870352887145,221186,0.05778864503816794,0.26572920696344227,21.6025390625,16,0,2048,0.33192263497039676,0.8884,0.31356034948825834,0.3243171810172498,234752,235146,"[0.844, 0.969, 0.776, 0.914, 0.83, 0.959, 0.701, 0.96, 0.973, 0.958]","[0.8533724340175953, 0.9695740365111561, 0.7830101569713758, 0.9141104294478528, 0.8473205257836198, 0.9611848825331971, 0.7323651452282157, 0.9476236663433559, 0.9838383838383838, 0.9590583418628454]",batch,both
FashionMNIST,small,43,10,a2,layerwise,activation_variance,baseline,,0.4,3,0.8954,0.892,0.2902877955555916,0.31061303650140765,221529,0.05790870352887145,221186,0.05778864503816794,0.26572920696344227,21.6025390625,16,0,2048,0.3490325380116701,0.892,0.3106130362987518,0.3374216629890725,234752,235146,"[0.846, 0.973, 0.808, 0.914, 0.836, 0.958, 0.686, 0.971, 0.975, 0.953]","[0.8494623655913979, 0.9685598377281948, 0.8024007386888273, 0.9141104294478528, 0.8493427704752275, 0.9601634320735445, 0.7219917012448133, 0.9582929194956353, 0.9848484848484849, 0.9498464687819856]",batch,both
FashionMNIST,small,43,10,a2,layerwise,activation_variance,baseline,,0.4,5,0.8968,0.8905,0.2929488382577896,0.31437338873147963,221529,0.05790870352887145,221186,0.05778864503816794,0.26572920696344227,21.6025390625,16,0,2048,0.3231300339102745,0.8905,0.314373388338089,0.32440399506594986,234752,235146,"[0.835, 0.972, 0.792, 0.909, 0.842, 0.961, 0.703, 0.961, 0.973, 0.957]","[0.8465298142717498, 0.9675456389452333, 0.7903970452446907, 0.9171779141104295, 0.8533872598584429, 0.9673135852911133, 0.7375518672199171, 0.950533462657614, 0.9838383838383838, 0.9611054247697032]",batch,both
FashionMNIST,small,43,10,a2,layerwise,activation_variance,baseline,,0.5,0,0.8705,0.8594,0.4015409805774689,0.41643076679706575,218058,0.07266974560485828,217728,0.0725190839694656,0.26572920696344227,21.6025390625,16,0,2048,0.3122778980759904,0.8594,0.416430770277977,0.3183947369689122,234752,235146,"[0.882, 0.975, 0.88, 0.763, 0.787, 0.954, 0.481, 0.95, 0.967, 0.955]","[0.8963831867057673, 0.9746450304259635, 0.8790397045244691, 0.7597137014314929, 0.7997977755308392, 0.965270684371808, 0.5280082987551867, 0.944713870029098, 0.9818181818181818, 0.9631525076765609]",batch,both
FashionMNIST,small,43,10,a2,layerwise,activation_variance,baseline,,0.5,1,0.8935,0.887,0.2986553335428238,0.3150637466788292,218058,0.07266974560485828,217728,0.0725190839694656,0.26572920696344227,21.6025390625,16,0,2048,0.33646158198826015,0.887,0.3150637422800064,0.35303917492274195,234752,235146,"[0.839, 0.97, 0.819, 0.894, 0.809, 0.957, 0.686, 0.968, 0.975, 0.953]","[0.8484848484848485, 0.9655172413793104, 0.8125577100646353, 0.9069529652351738, 0.8260869565217391, 0.9601634320735445, 0.7271784232365145, 0.9592628516003879, 0.9838383838383838, 0.9488229273285568]",batch,both
FashionMNIST,small,43,10,a2,layerwise,activation_variance,baseline,,0.5,3,0.8937,0.8903,0.2940631406068802,0.31223565244674684,218058,0.07266974560485828,217728,0.0725190839694656,0.26572920696344227,21.6025390625,16,0,2048,0.32957020308822393,0.8903,0.3122356545448303,0.3265035090735182,234752,235146,"[0.844, 0.971, 0.804, 0.912, 0.841, 0.968, 0.687, 0.942, 0.971, 0.963]","[0.8475073313782991, 0.9655172413793104, 0.8051708217913204, 0.908997955010225, 0.8533872598584429, 0.9713993871297242, 0.7199170124481328, 0.9253152279340446, 0.9828282828282828, 0.9631525076765609]",batch,both
FashionMNIST,small,43,10,a2,layerwise,activation_variance,baseline,,0.5,5,0.8959,0.8915,0.2924041317462921,0.31044313037395477,218058,0.07266974560485828,217728,0.0725190839694656,0.26572920696344227,21.6025390625,16,0,2048,0.32735592301469296,0.8915,0.3104431317806244,0.3375656930729747,234752,235146,"[0.818, 0.971, 0.821, 0.916, 0.831, 0.961, 0.702, 0.967, 0.972, 0.956]","[0.820136852394917, 0.9665314401622718, 0.8217913204062789, 0.9171779141104295, 0.840242669362993, 0.9591419816138917, 0.741701244813278, 0.95635305528613, 0.9858585858585859, 0.95496417604913]",batch,both
FashionMNIST,small,43,10,a2,layerwise,activation_variance,baseline,,0.7,0,0.8369,0.8306,0.6058548044204712,0.6182155828952789,211383,0.10105636498175596,211078,0.10084685114503822,0.26572920696344227,21.6025390625,16,0,2048,0.336026874021627,0.8306,0.6182155886650086,0.33012407401110977,234752,235146,"[0.874, 0.979, 0.914, 0.762, 0.679, 0.984, 0.392, 0.91, 0.953, 0.859]","[0.8836754643206256, 0.9746450304259635, 0.9122807017543859, 0.7648261758691206, 0.698685540950455, 0.9877425944841676, 0.40560165975103735, 0.9000969932104753, 0.9686868686868687, 0.8515864892528148]",batch,both
FashionMNIST,small,43,10,a2,layerwise,activation_variance,baseline,,0.7,1,0.8891,0.8852,0.31614627912044524,0.33268815994262696,211383,0.10105636498175596,211078,0.10084685114503822,0.26572920696344227,21.6025390625,16,0,2048,0.35199137404561043,0.8852,0.3326881645202637,0.3404450659872964,234752,235146,"[0.849, 0.969, 0.792, 0.897, 0.822, 0.962, 0.682, 0.959, 0.972, 0.948]","[0.8572825024437928, 0.9655172413793104, 0.7894736842105263, 0.9038854805725971, 0.8412537917087968, 0.9591419816138917, 0.7043568464730291, 0.9476236663433559, 0.9808080808080808, 0.946775844421699]",batch,both
FashionMNIST,small,43,10,a2,layerwise,activation_variance,baseline,,0.7,3,0.8904,0.8875,0.3031912801504135,0.321900037586689,211383,0.10105636498175596,211078,0.10084685114503822,0.26572920696344227,21.6025390625,16,0,2048,0.3537635449320078,0.8875,0.32190004239082337,0.3183601340278983,234752,235146,"[0.848, 0.972, 0.818, 0.91, 0.834, 0.958, 0.654, 0.947, 0.974, 0.96]","[0.8670576735092864, 0.9675456389452333, 0.8097876269621422, 0.9151329243353783, 0.8473205257836198, 0.9560776302349336, 0.6721991701244814, 0.9282250242483027, 0.9858585858585859, 0.9580348004094166]",batch,both
FashionMNIST,small,43,10,a2,layerwise,activation_variance,baseline,,0.7,5,0.8928,0.8873,0.29826410859823227,0.31771695029735564,211383,0.10105636498175596,211078,0.10084685114503822,0.26572920696344227,21.6025390625,16,0,2048,0.3216699770418927,0.8873,0.3177169492006302,0.3302590260282159,234752,235146,"[0.829, 0.971, 0.787, 0.905, 0.813, 0.957, 0.728, 0.957, 0.969, 0.957]","[0.8260019550342131, 0.9675456389452333, 0.788550323176362, 0.9161554192229039, 0.8341759352881699, 0.958120531154239, 0.7634854771784232, 0.9456838021338506, 0.9818181818181818, 0.95496417604913]",batch,both
FashionMNIST,small,43,10,all,all,class_selectivity,loss_free,,0.05,0,0.8906,0.8821,0.3098426020383835,0.33133676515817645,222660,0.05309892577377462,222284,0.05311136859323884,0.26572920696344227,21.6025390625,16,0,2048,0.32629197591450065,0.8821,0.3313367626070976,0.3122823020676151,234752,235146,"[0.843, 0.973, 0.842, 0.863, 0.809, 0.948, 0.654, 0.968, 0.967, 0.954]","[0.8572825024437928, 0.9705882352941176, 0.8476454293628809, 0.8640081799591002, 0.8351870576339737, 0.9540347293156282, 0.6836099585062241, 0.9592628516003879, 0.9787878787878788, 0.9539406345957011]",batch,both
FashionMNIST,small,43,10,all,all,class_selectivity,loss_free,,0.05,1,0.8945,0.89,0.2943386388540268,0.31276964197158813,222660,0.05309892577377462,222284,0.05311136859323884,0.26572920696344227,21.6025390625,16,0,2048,0.32189778704196215,0.89,0.31276963946819303,0.32095838501118124,234752,235146,"[0.832, 0.969, 0.795, 0.903, 0.824, 0.958, 0.725, 0.96, 0.973, 0.961]","[0.8347996089931574, 0.9675456389452333, 0.7931671283471837, 0.9028629856850716, 0.846309403437816, 0.965270684371808, 0.7510373443983402, 0.9476236663433559, 0.9828282828282828, 0.9611054247697032]",batch,both
FashionMNIST,small,43,10,all,all,class_selectivity,loss_free,,0.05,3,0.8951,0.8913,0.29338296172618866,0.3102888344466686,222660,0.05309892577377462,222284,0.05311136859323884,0.26572920696344227,21.6025390625,16,0,2048,0.33499331295024604,0.8913,0.31028883530497553,0.32193663401994854,234752,235146,"[0.845, 0.972, 0.786, 0.909, 0.839, 0.963, 0.702, 0.964, 0.973, 0.96]","[0.8406647116324536, 0.9685598377281948, 0.7867036011080333, 0.9120654396728016, 0.8584428715874621, 0.9642492339121552, 0.7354771784232366, 0.9515033947623667, 0.9828282828282828, 0.9580348004094166]",batch,both
FashionMNIST,small,43,10,all,all,class_selectivity,loss_free,,0.05,5,0.8969,0.8944,0.29275459380149843,0.31062256128787996,222660,0.05309892577377462,222284,0.05311136859323884,0.26572920696344227,21.6025390625,16,0,2048,0.31687217799481004,0.8944,0.310622568911314,0.33462254505138844,234752,235146,"[0.858, 0.972, 0.812, 0.916, 0.837, 0.961, 0.695, 0.962, 0.973, 0.958]","[0.8611925708699902, 0.9695740365111561, 0.8097876269621422, 0.911042944785276, 0.8442871587462083, 0.9662921348314607, 0.7178423236514523, 0.9544131910766246, 0.9818181818181818, 0.9570112589559877]",batch,both
FashionMNIST,small,43,10,all,all,class_selectivity,loss_free,,0.1,0,0.89,0.8823,0.31462549386024474,0.3354969539642334,209417,0.10941712808212767,209060,0.10944315703380592,0.26572920696344227,21.6025390625,16,0,2048,0.33465251501183957,0.8823,0.3354969521999359,0.3375831050798297,234752,235146,"[0.857, 0.973, 0.852, 0.861, 0.805, 0.947, 0.637, 0.97, 0.968, 0.953]","[0.8660801564027371, 0.9716024340770791, 0.853185595567867, 0.8629856850715747, 0.8321536905965622, 0.9530132788559755, 0.66701244813278, 0.9582929194956353, 0.9787878787878788, 0.9539406345957011]",batch,both
FashionMNIST,small,43,10,all,all,class_selectivity,loss_free,,0.1,1,0.8938,0.8895,0.29446739881038664,0.31387341862916945,209417,0.10941712808212767,209060,0.10944315703380592,0.26572920696344227,21.6025390625,16,0,2048,0.4024398629553616,0.8895,0.3138734159946442,0.3602086720056832,234752,235146,"[0.843, 0.972, 0.788, 0.912, 0.835, 0.957, 0.695, 0.97, 0.972, 0.951]","[0.844574780058651, 0.9695740365111561, 0.7977839335180056, 0.9028629856850716, 0.8533872598584429, 0.958120531154239, 0.7240663900414938, 0.9602327837051406, 0.9848484848484849, 0.9477993858751279]",batch,both
FashionMNIST,small,43,10,all,all,class_selectivity,loss_free,,0.1,3,0.8945,0.8902,0.29403150659799576,0.31268432343006136,209417,0.10941712808212767,209060,0.10944315703380592,0.26572920696344227,21.6025390625,16,0,2048,0.33163629099726677,0.8902,0.31268432759046555,0.3386133649619296,234752,235146,"[0.845, 0.972, 0.794, 0.92, 0.815, 0.955, 0.703, 0.968, 0.973, 0.957]","[0.8533724340175953, 0.9675456389452333, 0.7940904893813481, 0.918200408997955, 0.839231547017189, 0.9550561797752809, 0.7261410788381742, 0.9582929194956353, 0.9838383838383838, 0.95496417604913]",batch,both
FashionMNIST,small,43,10,all,all,class_selectivity,loss_free,,0.1,5,0.8963,0.8917,0.2932618273496628,0.31380646494627,209417,0.10941712808212767,209060,0.10944315703380592,0.26572920696344227,21.6025390625,16,0,2048,0.33551534509751946,0.8917,0.31380646952390673,0.3370616709580645,234752,235146,"[0.849, 0.974, 0.811, 0.92, 0.82, 0.961, 0.692, 0.956, 0.97, 0.964]","[0.8426197458455523, 0.9705882352941176, 0.814404432132964, 0.9161554192229039, 0.8432760364004045, 0.9673135852911133, 0.7230290456431535, 0.94180407371484, 0.9828282828282828, 0.9662231320368475]",batch,both
FashionMNIST,small,43,10,all,all,class_selectivity,loss_free,,0.2,0,0.8832,0.8751,0.3305134110450745,0.3504111131191254,183183,0.2209818580796612,182865,0.22102900081788446,0.26572920696344227,21.6025390625,16,0,2048,0.32729364989791065,0.8751,0.35041111392974855,0.3161087839398533,234752,235146,"[0.868, 0.973, 0.841, 0.846, 0.816, 0.926, 0.586, 0.971, 0.97, 0.954]","[0.873900293255132, 0.973630831643002, 0.850415512465374, 0.8558282208588958, 0.8412537917087968, 0.9295199182839632, 0.6068464730290456, 0.9631425800193987, 0.9787878787878788, 0.9529170931422722]",batch,both
FashionMNIST,small,43,10,all,all,class_selectivity,loss_free,,0.2,1,0.8955,0.8872,0.2935933938741684,0.31308393453359606,183183,0.2209818580796612,182865,0.22102900081788446,0.26572920696344227,21.6025390625,16,0,2048,0.3196887969970703,0.8872,0.31308393726348877,0.3370056049898267,234752,235146,"[0.862, 0.972, 0.843, 0.911, 0.785, 0.959, 0.654, 0.963, 0.969, 0.954]","[0.8709677419354839, 0.9675456389452333, 0.850415512465374, 0.9130879345603272, 0.8068756319514662, 0.965270684371808, 0.6856846473029046, 0.9524733268671193, 0.9838383838383838, 0.9580348004094166]",batch,both
FashionMNIST,small,43,10,all,all,class_selectivity,loss_free,,0.2,3,0.8956,0.891,0.2927780277967453,0.31197689414024354,183183,0.2209818580796612,182865,0.22102900081788446,0.26572920696344227,21.6025390625,16,0,2048,0.33329960599076003,0.891,0.3119768928050995,0.34143389004748315,234752,235146,"[0.862, 0.971, 0.825, 0.911, 0.827, 0.959, 0.662, 0.962, 0.972, 0.959]","[0.8670576735092864, 0.9665314401622718, 0.8254847645429363, 0.9079754601226994, 0.8493427704752275, 0.9632277834525026, 0.6887966804979253, 0.9485935984481086, 0.9838383838383838, 0.9570112589559877]",batch,both
FashionMNIST,small,43,10,all,all,class_selectivity,loss_free,,0.2,5,0.8946,0.8917,0.2933001550912857,0.3112067794799805,183183,0.2209818580796612,182865,0.22102900081788446,0.26572920696344227,21.6025390625,16,0,2048,0.32404858409427106,0.8917,0.3112067783713341,0.3366432680049911,234752,235146,"[0.843, 0.972, 0.814, 0.906, 0.833, 0.957, 0.693, 0.967, 0.972, 0.96]","[0.8435972629521017, 0.9705882352941176, 0.814404432132964, 0.9079754601226994, 0.8412537917087968, 0.9601634320735445, 0.720954356846473, 0.9544131910766246, 0.9828282828282828, 0.9539406345957011]",batch,both
FashionMNIST,small,43,10,all,all,class_selectivity,loss_free,,0.3,0,0.8722,0.8649,0.37129467220306395,0.3893735769987106,158500,0.32595068595680976,158220,0.3260121319520175,0.26572920696344227,21.6025390625,16,0,2048,0.35064116504509,0.8649,0.3893735790491104,0.34170036495197564,234752,235146,"[0.859, 0.976, 0.853, 0.834, 0.794, 0.9, 0.542, 0.971, 0.96, 0.96]","[0.8611925708699902, 0.9746450304259635, 0.8605724838411819, 0.8374233128834356, 0.8099089989888777, 0.8947906026557712, 0.5819502074688797, 0.9592628516003879, 0.9747474747474747, 0.9590583418628454]",batch,both
FashionMNIST,small,43,10,all,all,class_selectivity,loss_free,,0.3,1,0.8903,0.8856,0.303793715262413,0.31985503389835357,158500,0.32595068595680976,158220,0.3260121319520175,0.26572920696344227,21.6025390625,16,0,2048,0.339066082960926,0.8856,0.3198550392389298,0.34006292396225035,234752,235146,"[0.842, 0.971, 0.803, 0.899, 0.804, 0.96, 0.691, 0.952, 0.971, 0.963]","[0.8406647116324536, 0.9665314401622718, 0.8079409048938134, 0.908997955010225, 0.8240647118301314, 0.9662921348314607, 0.7147302904564315, 0.9369544131910766, 0.9808080808080808, 0.9611054247697032]",batch,both
FashionMNIST,small,43,10,all,all,class_selectivity,loss_free,,0.3,3,0.8915,0.8877,0.2966670959353447,0.3133080585360527,158500,0.32595068595680976,158220,0.3260121319520175,0.26572920696344227,21.6025390625,16,0,2048,0.3167765629477799,0.8877,0.31330805716514587,0.3405038280179724,234752,235146,"[0.842, 0.972, 0.777, 0.901, 0.837, 0.965, 0.694, 0.957, 0.972, 0.96]","[0.833822091886608, 0.9675456389452333, 0.7820867959372114, 0.9141104294478528, 0.8503538928210314, 0.9673135852911133, 0.720954356846473, 0.9437439379243453, 0.9828282828282828, 0.9600818833162743]",batch,both
FashionMNIST,small,43,10,all,all,class_selectivity,loss_free,,0.3,5,0.8925,0.8885,0.293055360352993,0.31188347556591034,158500,0.32595068595680976,158220,0.3260121319520175,0.26572920696344227,21.6025390625,16,0,2048,0.3306905319914222,0.8885,0.3118834781765938,0.3383917270693928,234752,235146,"[0.84, 0.973, 0.828, 0.9, 0.803, 0.962, 0.681, 0.966, 0.975, 0.957]","[0.8367546432062561, 0.9685598377281948, 0.8227146814404432, 0.9059304703476483, 0.8230535894843276, 0.965270684371808, 0.7147302904564315, 0.9515033947623667, 0.9838383838383838, 0.9559877175025588]",batch,both
FashionMNIST,small,43,10,all,all,class_selectivity,loss_free,,0.4,0,0.8566,0.85,0.4403871439933777,0.45455787181854246,133605,0.43182108137072284,133364,0.4318940839694656,0.26572920696344227,21.6025390625,16,0,2048,0.34297065204009414,0.85,0.4545578661441803,0.3397748679853976,234752,235146,"[0.861, 0.979, 0.82, 0.795, 0.783, 0.895, 0.487, 0.969, 0.958, 0.953]","[0.8670576735092864, 0.9776876267748479, 0.8190212373037857, 0.7975460122699386, 0.8028311425682507, 0.8855975485188968, 0.5155601659751037, 0.9602327837051406, 0.9727272727272728, 0.9590583418628454]",batch,both
FashionMNIST,small,43,10,all,all,class_selectivity,loss_free,,0.4,1,0.8892,0.8803,0.3168598845124245,0.33247132892608644,133605,0.43182108137072284,133364,0.4318940839694656,0.26572920696344227,21.6025390625,16,0,2048,0.32853386003989726,0.8803,0.3324713277339935,0.3354445069562644,234752,235146,"[0.836, 0.969, 0.777, 0.901, 0.821, 0.952, 0.665, 0.963, 0.968, 0.951]","[0.8465298142717498, 0.9634888438133874, 0.7987072945521699, 0.9008179959100204, 0.8473205257836198, 0.9540347293156282, 0.6981327800829875, 0.95635305528613, 0.9787878787878788, 0.9518935516888434]",batch,both
FashionMNIST,small,43,10,all,all,class_selectivity,loss_free,,0.4,3,0.8903,0.8852,0.30307861596345903,0.31999216136932374,133605,0.43182108137072284,133364,0.4318940839694656,0.26572920696344227,21.6025390625,16,0,2048,0.3256768169812858,0.8852,0.31999216246604917,0.3330772629706189,234752,235146,"[0.843, 0.97, 0.79, 0.897, 0.843, 0.966, 0.665, 0.956, 0.967, 0.955]","[0.8514173998044966, 0.9655172413793104, 0.7968605724838412, 0.8997955010224948, 0.8543983822042467, 0.9622063329928499, 0.6950207468879668, 0.944713870029098, 0.9808080808080808, 0.9570112589559877]",batch,both
FashionMNIST,small,43,10,all,all,class_selectivity,loss_free,,0.4,5,0.8917,0.8867,0.30058693879842757,0.3203395566105843,133605,0.43182108137072284,133364,0.4318940839694656,0.26572920696344227,21.6025390625,16,0,2048,0.31821766204666346,0.8867,0.3203395555019379,0.33071832603309304,234752,235146,"[0.857, 0.971, 0.787, 0.898, 0.849, 0.964, 0.659, 0.953, 0.971, 0.958]","[0.8611925708699902, 0.9675456389452333, 0.7950138504155124, 0.9049079754601227, 0.8645096056622852, 0.9632277834525026, 0.6794605809128631, 0.9456838021338506, 0.9828282828282828, 0.9570112589559877]",batch,both
FashionMNIST,small,43,10,all,all,class_selectivity,loss_free,,0.5,0,0.8226,0.8179,0.5478317628383637,0.5610358510494232,109386,0.5348166670919343,109184,0.534896401308615,0.26572920696344227,21.6025390625,16,0,2048,0.33550549193751067,0.8179,0.5610358521938325,0.33848775492515415,234752,235146,"[0.886, 0.984, 0.801, 0.729, 0.805, 0.848, 0.243, 0.953, 0.959, 0.971]","[0.8983382209188661, 0.9817444219066938, 0.7903970452446907, 0.7188139059304703, 0.80788675429727, 0.8406537282941777, 0.29045643153526973, 0.9369544131910766, 0.9707070707070707, 0.9733879222108496]",batch,both
FashionMNIST,small,43,10,all,all,class_selectivity,loss_free,,0.5,1,0.8812,0.8715,0.3403966929197311,0.3537020144701004,109386,0.5348166670919343,109184,0.534896401308615,0.26572920696344227,21.6025390625,16,0,2048,0.35577920998912305,0.8715,0.35370202157497405,0.33348172903060913,234752,235146,"[0.835, 0.965, 0.77, 0.898, 0.782, 0.95, 0.646, 0.946, 0.968, 0.955]","[0.8641251221896383, 0.9634888438133874, 0.7728531855955678, 0.9069529652351738, 0.813953488372093, 0.9499489274770173, 0.671161825726141, 0.9369544131910766, 0.9797979797979798, 0.9580348004094166]",batch,both
FashionMNIST,small,43,10,all,all,class_selectivity,loss_free,,0.5,3,0.8875,0.8777,0.3189653183698654,0.3352424729824066,109386,0.5348166670919343,109184,0.534896401308615,0.26572920696344227,21.6025390625,16,0,2048,0.3201595110585913,0.8777,0.33524246916770933,0.33700961305294186,234752,235146,"[0.837, 0.97, 0.761, 0.899, 0.819, 0.941, 0.669, 0.949, 0.971, 0.961]","[0.8563049853372434, 0.9634888438133874, 0.7728531855955678, 0.901840490797546, 0.8493427704752275, 0.947906026557712, 0.7033195020746889, 0.9398642095053347, 0.9838383838383838, 0.9631525076765609]",batch,both
FashionMNIST,small,43,10,all,all,class_selectivity,loss_free,,0.5,5,0.8896,0.8816,0.3100591515302658,0.3293966255903244,109386,0.5348166670919343,109184,0.534896401308615,0.26572920696344227,21.6025390625,16,0,2048,0.3998721179086715,0.8816,0.3293966274738312,0.36473138304427266,234752,235146,"[0.861, 0.968, 0.812, 0.898, 0.819, 0.954, 0.619, 0.957, 0.97, 0.958]","[0.8719452590420332, 0.9645030425963489, 0.8208679593721145, 0.901840490797546, 0.8452982810920121, 0.958120531154239, 0.6473029045643154, 0.9437439379243453, 0.9838383838383838, 0.9590583418628454]",batch,both
FashionMNIST,small,43,10,all,all,class_selectivity,loss_free,,0.7,0,0.7222,0.7181,0.9585985317230225,0.9618217454910278,63887,0.728309220654402,63761,0.7283899604689203,0.26572920696344227,21.6025390625,16,0,2048,0.34062788903247565,0.7181,0.961821734714508,0.3364569509867579,234752,235146,"[0.83, 0.989, 0.612, 0.471, 0.782, 0.621, 0.151, 0.845, 0.9, 0.98]","[0.8494623655913979, 0.9847870182555781, 0.5789473684210527, 0.4591002044989775, 0.7967644084934277, 0.6046986721144024, 0.17323651452282157, 0.8642095053346266, 0.9131313131313131, 0.9866939611054247]",batch,both
FashionMNIST,small,43,10,all,all,class_selectivity,loss_free,,0.7,1,0.8504,0.8459,0.4461551143169403,0.45763114709854125,63887,0.728309220654402,63761,0.7283899604689203,0.26572920696344227,21.6025390625,16,0,2048,0.36320905992761254,0.8459,0.4576311479091644,0.3846403150819242,234752,235146,"[0.798, 0.951, 0.786, 0.892, 0.801, 0.9, 0.497, 0.934, 0.957, 0.943]","[0.8132942326490714, 0.9503042596348884, 0.7774699907663897, 0.8997955010224948, 0.813953488372093, 0.9009193054136875, 0.520746887966805, 0.9165858389912707, 0.9666666666666667, 0.9437052200614124]",batch,both
FashionMNIST,small,43,10,all,all,class_selectivity,loss_free,,0.7,3,0.8688,0.8612,0.3757959095001221,0.3911684899091721,63887,0.728309220654402,63761,0.7283899604689203,0.26572920696344227,21.6025390625,16,0,2048,0.3126624569995329,0.8612,0.3911684933423996,0.3500327850924805,234752,235146,"[0.825, 0.956, 0.765, 0.894, 0.813, 0.926, 0.586, 0.927, 0.966, 0.954]","[0.8543499511241447, 0.9584178498985801, 0.765466297322253, 0.901840490797546, 0.8301314459049545, 0.9366700715015321, 0.6068464730290456, 0.9097963142580019, 0.9727272727272728, 0.9559877175025588]",batch,both
FashionMNIST,small,43,10,all,all,class_selectivity,loss_free,,0.7,5,0.8747,0.8669,0.35380710492134093,0.37080436329841615,63887,0.728309220654402,63761,0.7283899604689203,0.26572920696344227,21.6025390625,16,0,2048,0.32182733400259167,0.8669,0.3708043571472168,0.3294493530411273,234752,235146,"[0.83, 0.96, 0.757, 0.895, 0.807, 0.925, 0.636, 0.936, 0.969, 0.954]","[0.841642228739003, 0.962474645030426, 0.7580794090489381, 0.9008179959100204, 0.8240647118301314, 0.9346271705822268, 0.6690871369294605, 0.9291949563530553, 0.9747474747474747, 0.9590583418628454]",batch,both
FashionMNIST,small,43,10,a1,layerwise,class_selectivity,loss_free,,0.05,0,0.8908,0.8829,0.3096855750799179,0.33161988328695297,224190,0.04659232987165418,223808,0.04661941112322787,0.26572920696344227,21.6025390625,16,0,2048,0.3391625960357487,0.8829,0.331619879090786,0.32589706499129534,234752,235146,"[0.842, 0.973, 0.842, 0.863, 0.807, 0.948, 0.664, 0.968, 0.968, 0.954]","[0.8543499511241447, 0.9705882352941176, 0.8476454293628809, 0.8640081799591002, 0.8341759352881699, 0.9540347293156282, 0.6887966804979253, 0.9592628516003879, 0.9797979797979798, 0.9539406345957011]",batch,both
FashionMNIST,small,43,10,a1,layerwise,class_selectivity,loss_free,,0.05,1,0.8942,0.8908,0.2961878489613533,0.31282810912132264,224190,0.04659232987165418,223808,0.04661941112322787,0.26572920696344227,21.6025390625,16,0,2048,0.320518895983696,0.8908,0.3128281106114387,0.332871290971525,234752,235146,"[0.852, 0.972, 0.798, 0.909, 0.844, 0.962, 0.677, 0.965, 0.971, 0.958]","[0.8582600195503421, 0.9675456389452333, 0.7959372114496768, 0.9079754601226994, 0.8554095045500506, 0.9642492339121552, 0.7074688796680498, 0.9524733268671193, 0.9828282828282828, 0.95496417604913]",batch,both
FashionMNIST,small,43,10,a1,layerwise,class_selectivity,loss_free,,0.05,3,0.8966,0.8913,0.2952481601834297,0.31391396398544313,224190,0.04659232987165418,223808,0.04661941112322787,0.26572920696344227,21.6025390625,16,0,2048,0.3343606550479308,0.8913,0.3139139662623405,0.3320074309594929,234752,235146,"[0.846, 0.971, 0.829, 0.9, 0.808, 0.961, 0.707, 0.964, 0.967, 0.96]","[0.8475073313782991, 0.9685598377281948, 0.827331486611265, 0.9038854805725971, 0.8169868554095046, 0.9611848825331971, 0.7437759336099585, 0.9553831231813773, 0.9828282828282828, 0.962128966223132]",batch,both
FashionMNIST,small,43,10,a1,layerwise,class_selectivity,loss_free,,0.05,5,0.8954,0.8933,0.29507751346826555,0.3126676419317722,224190,0.04659232987165418,223808,0.04661941112322787,0.26572920696344227,21.6025390625,16,0,2048,0.3287780280224979,0.8933,0.31266764028668403,0.33647300908342004,234752,235146,"[0.823, 0.973, 0.81, 0.914, 0.825, 0.97, 0.729, 0.96, 0.971, 0.958]","[0.8191593352883676, 0.9695740365111561, 0.8088642659279779, 0.9161554192229039, 0.8301314459049545, 0.9734422880490297, 0.758298755186722, 0.950533462657614, 0.9818181818181818, 0.9529170931422722]",batch,both
FashionMNIST,small,43,10,a1,layerwise,class_selectivity,loss_free,,0.1,0,0.8905,0.8823,0.3134067265272141,0.3360418869972229,212321,0.09706735389927956,211952,0.09712377317339149,0.26572920696344227,21.6025390625,16,0,2048,0.32667384995147586,0.8823,0.33604188787937167,0.33319553604815155,234752,235146,"[0.852, 0.973, 0.848, 0.863, 0.796, 0.944, 0.657, 0.968, 0.968, 0.954]","[0.8602150537634409, 0.9705882352941176, 0.850415512465374, 0.8640081799591002, 0.8270980788675429, 0.9540347293156282, 0.6836099585062241, 0.9592628516003879, 0.9797979797979798, 0.9539406345957011]",batch,both
FashionMNIST,small,43,10,a1,layerwise,class_selectivity,loss_free,,0.1,1,0.8947,0.8905,0.29382424778938293,0.31063221315145495,212321,0.09706735389927956,211952,0.09712377317339149,0.26572920696344227,21.6025390625,16,0,2048,0.3373113259440288,0.8905,0.3106322127699852,0.3261853560106829,234752,235146,"[0.844, 0.973, 0.791, 0.916, 0.828, 0.961, 0.702, 0.965, 0.97, 0.955]","[0.8494623655913979, 0.9695740365111561, 0.7940904893813481, 0.908997955010225, 0.846309403437816, 0.9622063329928499, 0.7271784232365145, 0.9544131910766246, 0.9838383838383838, 0.9570112589559877]",batch,both
FashionMNIST,small,43,10,a1,layerwise,class_selectivity,loss_free,,0.1,3,0.8956,0.8916,0.2933011368155479,0.31361506222486496,212321,0.09706735389927956,211952,0.09712377317339149,0.26572920696344227,21.6025390625,16,0,2048,0.3352801559958607,0.8916,0.31361506507396697,0.32728126703295857,234752,235146,"[0.83, 0.971, 0.827, 0.918, 0.822, 0.958, 0.697, 0.963, 0.97, 0.96]","[0.8299120234604106, 0.9675456389452333, 0.8291782086795937, 0.908997955010225, 0.8382204246713852, 0.9632277834525026, 0.7261410788381742, 0.953443258971872, 0.9818181818181818, 0.9611054247697032]",batch,both
FashionMNIST,small,43,10,a1,layerwise,class_selectivity,loss_free,,0.1,5,0.8965,0.8918,0.29431897665262224,0.31302606761455537,212321,0.09706735389927956,211952,0.09712377317339149,0.26572920696344227,21.6025390625,16,0,2048,0.33240323001518846,0.8918,0.3130260631322861,0.3410168980481103,234752,235146,"[0.838, 0.971, 0.803, 0.906, 0.822, 0.96, 0.723, 0.97, 0.97, 0.955]","[0.8396871945259042, 0.9675456389452333, 0.817174515235457, 0.9008179959100204, 0.840242669362993, 0.9611848825331971, 0.7551867219917012, 0.9592628516003879, 0.9828282828282828, 0.9457523029682702]",batch,both
FashionMNIST,small,43,10,a1,layerwise,class_selectivity,loss_free,,0.2,0,0.8883,0.8784,0.3189806662201881,0.34233071026802064,188583,0.19801740195453033,188240,0.19813249727371862,0.26572920696344227,21.6025390625,16,0,2048,0.34208346996456385,0.8784,0.3423307055592537,0.34553699695970863,234752,235146,"[0.852, 0.972, 0.839, 0.864, 0.797, 0.927, 0.64, 0.97, 0.968, 0.955]","[0.8572825024437928, 0.9716024340770791, 0.8513388734995383, 0.8732106339468303, 0.8291203235591507, 0.9274770173646578, 0.6773858921161826, 0.9573229873908826, 0.9797979797979798, 0.9559877175025588]",batch,both
FashionMNIST,small,43,10,a1,layerwise,class_selectivity,loss_free,,0.2,1,0.8944,0.8891,0.293628805911541,0.31332363345623016,188583,0.19801740195453033,188240,0.19813249727371862,0.26572920696344227,21.6025390625,16,0,2048,0.3172707949997857,0.8891,0.3133236304283142,0.326564286951907,234752,235146,"[0.85, 0.973, 0.824, 0.906, 0.81, 0.958, 0.687, 0.955, 0.97, 0.958]","[0.852394916911046, 0.9685598377281948, 0.8190212373037857, 0.9130879345603272, 0.8351870576339737, 0.9642492339121552, 0.7043568464730291, 0.9485935984481086, 0.9838383838383838, 0.9580348004094166]",batch,both
FashionMNIST,small,43,10,a1,layerwise,class_selectivity,loss_free,,0.2,3,0.895,0.8917,0.2931664317965508,0.31059709635972976,188583,0.19801740195453033,188240,0.19813249727371862,0.26572920696344227,21.6025390625,16,0,2048,0.3234186270274222,0.8917,0.31059709174633027,0.3256951509974897,234752,235146,"[0.855, 0.973, 0.812, 0.897, 0.829, 0.958, 0.696, 0.963, 0.973, 0.961]","[0.8621700879765396, 0.9685598377281948, 0.8051708217913204, 0.8987730061349694, 0.8483316481294236, 0.9622063329928499, 0.716804979253112, 0.950533462657614, 0.9838383838383838, 0.9580348004094166]",batch,both
FashionMNIST,small,43,10,a1,layerwise,class_selectivity,loss_free,,0.2,5,0.8954,0.893,0.2918645631432533,0.30893908333182335,188583,0.19801740195453033,188240,0.19813249727371862,0.26572920696344227,21.6025390625,16,0,2048,0.3201416350202635,0.893,0.3089390932500362,0.3288428829982877,234752,235146,"[0.837, 0.973, 0.825, 0.901, 0.838, 0.963, 0.696, 0.963, 0.971, 0.963]","[0.8367546432062561, 0.9695740365111561, 0.8180978762696214, 0.9008179959100204, 0.8523761375126391, 0.9683350357507661, 0.7240663900414938, 0.9495635305528612, 0.9828282828282828, 0.9559877175025588]",batch,both
FashionMNIST,small,43,10,a1,layerwise,class_selectivity,loss_free,,0.3,0,0.883,0.8766,0.32718255336284635,0.34834042377471924,165758,0.29508475585381,165440,0.2952562704471101,0.26572920696344227,21.6025390625,16,0,2048,0.3143270959844813,0.8766,0.34834041788578035,0.31695039197802544,234752,235146,"[0.853, 0.974, 0.83, 0.854, 0.804, 0.933, 0.625, 0.965, 0.966, 0.962]","[0.8514173998044966, 0.9716024340770791, 0.8448753462603878, 0.8588957055214724, 0.8311425682507584, 0.9315628192032687, 0.6441908713692946, 0.9573229873908826, 0.9767676767676767, 0.9590583418628454]",batch,both
FashionMNIST,small,43,10,a1,layerwise,class_selectivity,loss_free,,0.3,1,0.892,0.8866,0.29765768605470655,0.3137409865617752,165758,0.29508475585381,165440,0.2952562704471101,0.26572920696344227,21.6025390625,16,0,2048,0.3317942200228572,0.8866,0.3137409856081009,0.32469540007878095,234752,235146,"[0.849, 0.973, 0.809, 0.898, 0.818, 0.956, 0.669, 0.966, 0.971, 0.957]","[0.855327468230694, 0.9685598377281948, 0.8116343490304709, 0.9049079754601227, 0.8311425682507584, 0.9632277834525026, 0.6991701244813278, 0.9524733268671193, 0.9818181818181818, 0.95496417604913]",batch,both
FashionMNIST,small,43,10,a1,layerwise,class_selectivity,loss_free,,0.3,3,0.8917,0.8892,0.2958689178943634,0.31220277128219603,165758,0.29508475585381,165440,0.2952562704471101,0.26572920696344227,21.6025390625,16,0,2048,0.3203145479783416,0.8892,0.3122027697324753,0.3337024450302124,234752,235146,"[0.841, 0.972, 0.817, 0.908, 0.822, 0.965, 0.672, 0.952, 0.974, 0.969]","[0.8435972629521017, 0.9685598377281948, 0.8107109879963066, 0.9120654396728016, 0.8351870576339737, 0.9662921348314607, 0.6970954356846473, 0.9369544131910766, 0.9838383838383838, 0.9672466734902764]",batch,both
FashionMNIST,small,43,10,a1,layerwise,class_selectivity,loss_free,,0.3,5,0.8944,0.8907,0.2951282841682434,0.3126919491648674,165758,0.29508475585381,165440,0.2952562704471101,0.26572920696344227,21.6025390625,16,0,2048,0.35167534195352346,0.8907,0.3126919528841972,0.381077806930989,234752,235146,"[0.847, 0.973, 0.809, 0.91, 0.825, 0.969, 0.684, 0.953, 0.973, 0.964]","[0.8504398826979472, 0.9705882352941176, 0.8107109879963066, 0.9130879345603272, 0.8422649140546006, 0.9693564862104188, 0.7064315352697096, 0.9398642095053347, 0.9828282828282828, 0.9631525076765609]",batch,both
FashionMNIST,small,43,10,a1,layerwise,class_selectivity,loss_free,,0.4,0,0.8759,0.8684,0.3429756006002426,0.3580704352378845,142020,0.39603480390906076,141728,0.39626499454743724,0.26572920696344227,21.6025390625,16,0,2048,0.3614897229708731,0.8684,0.35807043166160585,0.3651993400417268,234752,235146,"[0.854, 0.976, 0.795, 0.85, 0.759, 0.923, 0.638, 0.96, 0.969, 0.96]","[0.8592375366568915, 0.9705882352941176, 0.801477377654663, 0.8548057259713702, 0.7927199191102123, 0.9141981613891726, 0.6773858921161826, 0.9466537342386033, 0.9787878787878788, 0.9641760491299898]",batch,both
FashionMNIST,small,43,10,a1,layerwise,class_selectivity,loss_free,,0.4,1,0.8903,0.8842,0.30372100530862806,0.320186919593811,142020,0.39603480390906076,141728,0.39626499454743724,0.26572920696344227,21.6025390625,16,0,2048,0.3258684519678354,0.8842,0.3201869180440903,0.34682531107682735,234752,235146,"[0.838, 0.968, 0.787, 0.894, 0.831, 0.954, 0.68, 0.969, 0.971, 0.95]","[0.8465298142717498, 0.9655172413793104, 0.7977839335180056, 0.8936605316973415, 0.840242669362993, 0.9540347293156282, 0.7178423236514523, 0.9573229873908826, 0.9838383838383838, 0.9508700102354145]",batch,both
FashionMNIST,small,43,10,a1,layerwise,class_selectivity,loss_free,,0.4,3,0.8922,0.8859,0.29910145888328554,0.31421827908754346,142020,0.39603480390906076,141728,0.39626499454743724,0.26572920696344227,21.6025390625,16,0,2048,0.3265169960213825,0.8859,0.31421828464269635,0.3472562060924247,234752,235146,"[0.847, 0.969, 0.8, 0.905, 0.825, 0.962, 0.662, 0.95, 0.973, 0.966]","[0.8572825024437928, 0.9655172413793104, 0.8005540166204986, 0.9130879345603272, 0.846309403437816, 0.9662921348314607, 0.6950207468879668, 0.9350145489815713, 0.9828282828282828, 0.9651995905834186]",batch,both
FashionMNIST,small,43,10,a1,layerwise,class_selectivity,loss_free,,0.4,5,0.8931,0.8866,0.29780434354543683,0.3133825694322586,142020,0.39603480390906076,141728,0.39626499454743724,0.26572920696344227,21.6025390625,16,0,2048,0.32928770896978676,0.8866,0.31338257319927215,0.3300163790117949,234752,235146,"[0.841, 0.969, 0.797, 0.9, 0.811, 0.959, 0.698, 0.958, 0.97, 0.963]","[0.852394916911046, 0.9675456389452333, 0.7950138504155124, 0.9100204498977505, 0.8301314459049545, 0.9642492339121552, 0.7323651452282157, 0.9398642095053347, 0.9818181818181818, 0.9641760491299898]",batch,both
FashionMNIST,small,43,10,a1,layerwise,class_selectivity,loss_free,,0.5,0,0.8658,0.8567,0.3834777952194214,0.39992130932807923,118282,0.4969848519643115,118016,0.4972737186477645,0.26572920696344227,21.6025390625,16,0,2048,0.32547594304196537,0.8567,0.3999213021278381,0.33321878395508975,234752,235146,"[0.851, 0.978, 0.78, 0.841, 0.774, 0.871, 0.588, 0.944, 0.969, 0.971]","[0.8582600195503421, 0.9746450304259635, 0.791320406278855, 0.8404907975460123, 0.8058645096056622, 0.8651685393258427, 0.6307053941908713, 0.9311348205625606, 0.9787878787878788, 0.9815762538382804]",batch,both
FashionMNIST,small,43,10,a1,layerwise,class_selectivity,loss_free,,0.5,1,0.8859,0.8781,0.3130932877421379,0.3301647024154663,118282,0.4969848519643115,118016,0.4972737186477645,0.26572920696344227,21.6025390625,16,0,2048,0.33351563790347427,0.8781,0.3301647094011307,0.34789950388949364,234752,235146,"[0.846, 0.971, 0.758, 0.891, 0.838, 0.942, 0.653, 0.95, 0.971, 0.961]","[0.863147605083089, 0.9655172413793104, 0.7765466297322253, 0.8946830265848671, 0.8483316481294236, 0.9519918283963228, 0.6784232365145229, 0.938894277400582, 0.9838383838383838, 0.9631525076765609]",batch,both
FashionMNIST,small,43,10,a1,layerwise,class_selectivity,loss_free,,0.5,3,0.8909,0.8818,0.30293512927293775,0.3215869342327118,118282,0.4969848519643115,118016,0.4972737186477645,0.26572920696344227,21.6025390625,16,0,2048,0.33177100506145507,0.8818,0.32158693251609805,0.3529299749061465,234752,235146,"[0.844, 0.971, 0.789, 0.89, 0.815, 0.947, 0.673, 0.975, 0.97, 0.944]","[0.8504398826979472, 0.9655172413793104, 0.804247460757156, 0.9008179959100204, 0.8351870576339737, 0.9489274770173647, 0.7188796680497925, 0.962172647914646, 0.9838383838383838, 0.9426816786079836]",batch,both
FashionMNIST,small,43,10,a1,layerwise,class_selectivity,loss_free,,0.5,5,0.8913,0.8822,0.30095808606147767,0.3195373027920723,118282,0.4969848519643115,118016,0.4972737186477645,0.26572920696344227,21.6025390625,16,0,2048,0.3265459359390661,0.8822,0.31953730800151825,0.3195366299478337,234752,235146,"[0.839, 0.972, 0.802, 0.9, 0.831, 0.954, 0.639, 0.961, 0.971, 0.953]","[0.8475073313782991, 0.9675456389452333, 0.8024007386888273, 0.9059304703476483, 0.8584428715874621, 0.9611848825331971, 0.6825726141078838, 0.9485935984481086, 0.9848484848484849, 0.9580348004094166]",batch,both
FashionMNIST,small,43,10,a1,layerwise,class_selectivity,loss_free,,0.7,0,0.7999,0.7958,0.544484752368927,0.5543174580574035,71719,0.6950022539188419,71504,0.6954062159214831,0.26572920696344227,21.6025390625,16,0,2048,0.3320572000229731,0.7958,0.5543174528121948,0.32801284501329064,234752,235146,"[0.849, 0.978, 0.775, 0.769, 0.84, 0.604, 0.3, 0.916, 0.946, 0.981]","[0.8572825024437928, 0.9787018255578094, 0.7553093259464451, 0.7668711656441718, 0.8493427704752275, 0.5832482124616956, 0.3412863070539419, 0.9059165858389913, 0.9616161616161616, 0.9856704196519959]",batch,both
FashionMNIST,small,43,10,a1,layerwise,class_selectivity,loss_free,,0.7,1,0.8752,0.8696,0.34489728585481644,0.3613143600940704,71719,0.6950022539188419,71504,0.6954062159214831,0.26572920696344227,21.6025390625,16,0,2048,0.3418207949725911,0.8696,0.36131435546875,0.3293134799459949,234752,235146,"[0.857, 0.968, 0.781, 0.898, 0.801, 0.931, 0.609, 0.929, 0.968, 0.954]","[0.8709677419354839, 0.9634888438133874, 0.7820867959372114, 0.8946830265848671, 0.8159757330637007, 0.9458631256384066, 0.6286307053941909, 0.9117361784675073, 0.9797979797979798, 0.962128966223132]",batch,both
FashionMNIST,small,43,10,a1,layerwise,class_selectivity,loss_free,,0.7,3,0.8824,0.8753,0.323667205786705,0.34132928943634033,71719,0.6950022539188419,71504,0.6954062159214831,0.26572920696344227,21.6025390625,16,0,2048,0.33263257693033665,0.8753,0.3413292858362198,0.34594849799759686,234752,235146,"[0.845, 0.966, 0.775, 0.896, 0.802, 0.947, 0.656, 0.937, 0.97, 0.959]","[0.8641251221896383, 0.9645030425963489, 0.7802400738688827, 0.8967280163599182, 0.8270980788675429, 0.9550561797752809, 0.6763485477178424, 0.9243452958292919, 0.9808080808080808, 0.9600818833162743]",batch,both
FashionMNIST,small,43,10,a1,layerwise,class_selectivity,loss_free,,0.7,5,0.8855,0.8773,0.31600822473764417,0.3364223507165909,71719,0.6950022539188419,71504,0.6954062159214831,0.26572920696344227,21.6025390625,16,0,2048,0.324587368988432,0.8773,0.3364223541498184,0.3533394120167941,234752,235146,"[0.849, 0.967, 0.786, 0.899, 0.81, 0.941, 0.642, 0.958, 0.973, 0.948]","[0.8572825024437928, 0.9634888438133874, 0.7977839335180056, 0.9038854805725971, 0.8321536905965622, 0.9499489274770173, 0.6690871369294605, 0.9485935984481086, 0.9818181818181818, 0.9539406345957011]",batch,both
FashionMNIST,small,43,10,a2,layerwise,class_selectivity,loss_free,,0.05,0,0.8907,0.8827,0.30842830452919007,0.32862680636644365,233544,0.006812788650455426,233156,0.006798664122137366,0.26572920696344227,21.6025390625,16,0,2048,0.3295125300064683,0.8827,0.3286268080830574,0.3518265320453793,234752,235146,"[0.844, 0.972, 0.843, 0.862, 0.807, 0.947, 0.663, 0.968, 0.967, 0.954]","[0.8582600195503421, 0.9705882352941176, 0.8467220683287165, 0.8619631901840491, 0.8341759352881699, 0.9530132788559755, 0.6887966804979253, 0.9592628516003879, 0.9787878787878788, 0.9539406345957011]",batch,both
FashionMNIST,small,43,10,a2,layerwise,class_selectivity,loss_free,,0.05,1,0.8952,0.8892,0.292360012614727,0.3114042540431023,233544,0.006812788650455426,233156,0.006798664122137366,0.26572920696344227,21.6025390625,16,0,2048,0.3234624230535701,0.8892,0.31140425292253493,0.31952292809728533,234752,235146,"[0.838, 0.971, 0.801, 0.916, 0.813, 0.961, 0.697, 0.967, 0.974, 0.954]","[0.8396871945259042, 0.9685598377281948, 0.8051708217913204, 0.9120654396728016, 0.8432760364004045, 0.9591419816138917, 0.7365145228215768, 0.9582929194956353, 0.9838383838383838, 0.9508700102354145]",batch,both
FashionMNIST,small,43,10,a2,layerwise,class_selectivity,loss_free,,0.05,3,0.8956,0.893,0.29438592007160186,0.3140363215327263,233544,0.006812788650455426,233156,0.006798664122137366,0.26572920696344227,21.6025390625,16,0,2048,0.3273925459943712,0.893,0.31403631788492203,0.3246781739871949,234752,235146,"[0.853, 0.971, 0.798, 0.908, 0.85, 0.962, 0.694, 0.963, 0.972, 0.959]","[0.8533724340175953, 0.9685598377281948, 0.7922437673130194, 0.9049079754601227, 0.8594539939332659, 0.965270684371808, 0.725103734439834, 0.95635305528613, 0.9818181818181818, 0.95496417604913]",batch,both
FashionMNIST,small,43,10,a2,layerwise,class_selectivity,loss_free,,0.05,5,0.8979,0.8951,0.29295949490070344,0.31347005113363263,233544,0.006812788650455426,233156,0.006798664122137366,0.26572920696344227,21.6025390625,16,0,2048,0.3155997840221971,0.8951,0.31347004725933075,0.3333139220485464,234752,235146,"[0.845, 0.972, 0.84, 0.908, 0.827, 0.968, 0.694, 0.962, 0.975, 0.96]","[0.8475073313782991, 0.9685598377281948, 0.8337950138504155, 0.9151329243353783, 0.8301314459049545, 0.9713993871297242, 0.7230290456431535, 0.9485935984481086, 0.9858585858585859, 0.9580348004094166]",batch,both
FashionMNIST,small,43,10,a2,layerwise,class_selectivity,loss_free,,0.1,0,0.8912,0.8835,0.30886111040115355,0.3275930090546608,231942,0.013625577300910963,231560,0.013597328244274842,0.26572920696344227,21.6025390625,16,0,2048,0.3146669149864465,0.8835,0.32759301019907,0.33335197006817907,234752,235146,"[0.85, 0.973, 0.846, 0.859, 0.814, 0.95, 0.652, 0.97, 0.968, 0.953]","[0.863147605083089, 0.9716024340770791, 0.8485687903970452, 0.8629856850715747, 0.8382204246713852, 0.9550561797752809, 0.6784232365145229, 0.9582929194956353, 0.9797979797979798, 0.9539406345957011]",batch,both
FashionMNIST,small,43,10,a2,layerwise,class_selectivity,loss_free,,0.1,1,0.8952,0.8924,0.2932670633792877,0.31166117588281633,231942,0.013625577300910963,231560,0.013597328244274842,0.26572920696344227,21.6025390625,16,0,2048,0.3335018520010635,0.8924,0.3116611779808998,0.3304827370448038,234752,235146,"[0.846, 0.969, 0.827, 0.906, 0.811, 0.968, 0.7, 0.965, 0.973, 0.959]","[0.855327468230694, 0.9675456389452333, 0.8264081255771006, 0.9008179959100204, 0.8240647118301314, 0.9693564862104188, 0.7199170124481328, 0.9495635305528612, 0.9848484848484849, 0.9570112589559877]",batch,both
FashionMNIST,small,43,10,a2,layerwise,class_selectivity,loss_free,,0.1,3,0.8957,0.8927,0.29221556072235105,0.3118901371061802,231942,0.013625577300910963,231560,0.013597328244274842,0.26572920696344227,21.6025390625,16,0,2048,0.32794891705270857,0.8927,0.31189013768434526,0.32930293295066804,234752,235146,"[0.852, 0.974, 0.82, 0.91, 0.84, 0.953, 0.682, 0.966, 0.971, 0.959]","[0.8572825024437928, 0.9705882352941176, 0.8180978762696214, 0.9120654396728016, 0.8513650151668352, 0.9591419816138917, 0.6991701244813278, 0.9544131910766246, 0.9838383838383838, 0.9539406345957011]",batch,both
FashionMNIST,small,43,10,a2,layerwise,class_selectivity,loss_free,,0.1,5,0.8973,0.8947,0.2924518202185631,0.31117004524469377,231942,0.013625577300910963,231560,0.013597328244274842,0.26572920696344227,21.6025390625,16,0,2048,0.3653098930371925,0.8947,0.3111700412392616,0.36833448498509824,234752,235146,"[0.86, 0.974, 0.824, 0.912, 0.838, 0.965, 0.681, 0.961, 0.972, 0.96]","[0.8719452590420332, 0.9705882352941176, 0.8264081255771006, 0.9069529652351738, 0.8442871587462083, 0.9713993871297242, 0.691908713692946, 0.953443258971872, 0.9838383838383838, 0.9539406345957011]",batch,both
FashionMNIST,small,43,10,a2,layerwise,class_selectivity,loss_free,,0.2,0,0.8875,0.8802,0.3166783359289169,0.333728572511673,228471,0.028386619376897793,228102,0.028327767175572505,0.26572920696344227,21.6025390625,16,0,2048,0.3376244909595698,0.8802,0.3337285742402077,0.3704364059958607,234752,235146,"[0.866, 0.974, 0.837, 0.852, 0.828, 0.949, 0.605, 0.971, 0.967, 0.953]","[0.8709677419354839, 0.9726166328600405, 0.8467220683287165, 0.852760736196319, 0.8452982810920121, 0.9530132788559755, 0.6369294605809128, 0.962172647914646, 0.9767676767676767, 0.9539406345957011]",batch,both
FashionMNIST,small,43,10,a2,layerwise,class_selectivity,loss_free,,0.2,1,0.8945,0.8891,0.29503361744880674,0.3118417883992195,228471,0.028386619376897793,228102,0.028327767175572505,0.26572920696344227,21.6025390625,16,0,2048,0.32819839392323047,0.8891,0.31184179285764696,0.3269170490093529,234752,235146,"[0.851, 0.971, 0.793, 0.905, 0.838, 0.948, 0.689, 0.971, 0.97, 0.955]","[0.855327468230694, 0.9685598377281948, 0.7931671283471837, 0.9079754601226994, 0.8554095045500506, 0.9519918283963228, 0.7178423236514523, 0.9612027158098934, 0.9838383838383838, 0.95496417604913]",batch,both
FashionMNIST,small,43,10,a2,layerwise,class_selectivity,loss_free,,0.2,3,0.8973,0.8928,0.2925846128344536,0.3098555871605873,228471,0.028386619376897793,228102,0.028327767175572505,0.26572920696344227,21.6025390625,16,0,2048,0.3436601039720699,0.8928,0.3098555813193321,0.33584269403945655,234752,235146,"[0.855, 0.972, 0.818, 0.912, 0.829, 0.956, 0.691, 0.963, 0.971, 0.961]","[0.8533724340175953, 0.9685598377281948, 0.8107109879963066, 0.9171779141104295, 0.8483316481294236, 0.9601634320735445, 0.725103734439834, 0.9495635305528612, 0.9828282828282828, 0.962128966223132]",batch,both
FashionMNIST,small,43,10,a2,layerwise,class_selectivity,loss_free,,0.2,5,0.8987,0.893,0.29199249757528306,0.31100640194416046,228471,0.028386619376897793,228102,0.028327767175572505,0.26572920696344227,21.6025390625,16,0,2048,0.3307474129833281,0.893,0.31100640515089034,0.3464302219217643,234752,235146,"[0.848, 0.973, 0.814, 0.912, 0.836, 0.966, 0.69, 0.959, 0.971, 0.961]","[0.8572825024437928, 0.9695740365111561, 0.8162511542012927, 0.9120654396728016, 0.8533872598584429, 0.9724208375893769, 0.7199170124481328, 0.9476236663433559, 0.9838383838383838, 0.9590583418628454]",batch,both
FashionMNIST,small,43,10,a2,layerwise,class_selectivity,loss_free,,0.3,0,0.8836,0.8752,0.33545356464385984,0.3529069021463394,225000,0.04314766145288462,224644,0.04305820610687028,0.26572920696344227,21.6025390625,16,0,2048,0.32316809508483857,0.8752,0.35290690219402315,0.3242108739214018,234752,235146,"[0.864, 0.975, 0.862, 0.84, 0.788, 0.936, 0.597, 0.971, 0.964, 0.955]","[0.8709677419354839, 0.973630831643002, 0.8651892890120036, 0.8404907975460123, 0.8119312436804853, 0.9387129724208376, 0.6327800829875518, 0.965082444228904, 0.9767676767676767, 0.9539406345957011]",batch,both
FashionMNIST,small,43,10,a2,layerwise,class_selectivity,loss_free,,0.3,1,0.8938,0.8883,0.2912445209980011,0.3121921381831169,225000,0.04314766145288462,224644,0.04305820610687028,0.26572920696344227,21.6025390625,16,0,2048,0.3218520290683955,0.8883,0.312192141020298,0.35350059799384326,234752,235146,"[0.859, 0.969, 0.789, 0.903, 0.816, 0.956, 0.699, 0.966, 0.969, 0.957]","[0.8699902248289345, 0.9675456389452333, 0.788550323176362, 0.9069529652351738, 0.8382204246713852, 0.9601634320735445, 0.720954356846473, 0.953443258971872, 0.9838383838383838, 0.9539406345957011]",batch,both
FashionMNIST,small,43,10,a2,layerwise,class_selectivity,loss_free,,0.3,3,0.8954,0.8921,0.2904455197095871,0.3113817433357239,225000,0.04314766145288462,224644,0.04305820610687028,0.26572920696344227,21.6025390625,16,0,2048,0.35422879306133837,0.8921,0.3113817461967468,0.3325088289566338,234752,235146,"[0.829, 0.972, 0.813, 0.916, 0.835, 0.963, 0.699, 0.958, 0.968, 0.968]","[0.8367546432062561, 0.9685598377281948, 0.8116343490304709, 0.9171779141104295, 0.8432760364004045, 0.9622063329928499, 0.729253112033195, 0.9427740058195926, 0.9828282828282828, 0.9651995905834186]",batch,both
FashionMNIST,small,43,10,a2,layerwise,class_selectivity,loss_free,,0.3,5,0.8961,0.8926,0.2886426706314087,0.309191684705019,225000,0.04314766145288462,224644,0.04305820610687028,0.26572920696344227,21.6025390625,16,0,2048,0.324210059014149,0.8926,0.3091916900098324,0.33516703895293176,234752,235146,"[0.84, 0.973, 0.807, 0.914, 0.816, 0.955, 0.727, 0.968, 0.969, 0.957]","[0.8406647116324536, 0.9695740365111561, 0.8051708217913204, 0.9161554192229039, 0.8291203235591507, 0.9601634320735445, 0.7489626556016598, 0.9582929194956353, 0.9828282828282828, 0.9559877175025588]",batch,both
FashionMNIST,small,43,10,a2,layerwise,class_selectivity,loss_free,,0.4,0,0.8745,0.8665,0.37260574324131013,0.3891952632427216,221529,0.05790870352887145,221186,0.05778864503816794,0.26572920696344227,21.6025390625,16,0,2048,0.3165933060226962,0.8665,0.38919525928497317,0.33323909901082516,234752,235146,"[0.857, 0.978, 0.876, 0.823, 0.778, 0.937, 0.532, 0.974, 0.958, 0.952]","[0.8680351906158358, 0.9746450304259635, 0.8771929824561403, 0.8190184049079755, 0.7957532861476239, 0.9387129724208376, 0.5705394190871369, 0.9660523763336566, 0.9747474747474747, 0.9498464687819856]",batch,both
FashionMNIST,small,43,10,a2,layerwise,class_selectivity,loss_free,,0.4,1,0.893,0.8897,0.29315693099498746,0.310627517747879,221529,0.05790870352887145,221186,0.05778864503816794,0.26572920696344227,21.6025390625,16,0,2048,0.3458814239129424,0.8897,0.31062751622200013,0.3352893010014668,234752,235146,"[0.831, 0.969, 0.788, 0.911, 0.835, 0.97, 0.71, 0.951, 0.971, 0.961]","[0.8299120234604106, 0.9665314401622718, 0.7876269621421976, 0.9130879345603272, 0.8493427704752275, 0.9703779366700716, 0.7344398340248963, 0.94180407371484, 0.9838383838383838, 0.9611054247697032]",batch,both
FashionMNIST,small,43,10,a2,layerwise,class_selectivity,loss_free,,0.4,3,0.8944,0.8896,0.29032905954122545,0.309416334939003,221529,0.05790870352887145,221186,0.05778864503816794,0.26572920696344227,21.6025390625,16,0,2048,0.35087351594120264,0.8896,0.309416332256794,0.3582052669953555,234752,235146,"[0.848, 0.972, 0.769, 0.906, 0.829, 0.965, 0.717, 0.967, 0.969, 0.954]","[0.8533724340175953, 0.9685598377281948, 0.7719298245614035, 0.9130879345603272, 0.8513650151668352, 0.9632277834525026, 0.7437759336099585, 0.9544131910766246, 0.9808080808080808, 0.9518935516888434]",batch,both
FashionMNIST,small,43,10,a2,layerwise,class_selectivity,loss_free,,0.4,5,0.8978,0.8928,0.2889381963253021,0.309611215031147,221529,0.05790870352887145,221186,0.05778864503816794,0.26572920696344227,21.6025390625,16,0,2048,0.3438098670449108,0.8928,0.30961120817661286,0.32485846302006394,234752,235146,"[0.85, 0.973, 0.813, 0.901, 0.846, 0.962, 0.692, 0.96, 0.972, 0.959]","[0.8465298142717498, 0.9695740365111561, 0.8107109879963066, 0.9008179959100204, 0.8624873609706775, 0.965270684371808, 0.7323651452282157, 0.9524733268671193, 0.9848484848484849, 0.9580348004094166]",batch,both
FashionMNIST,small,43,10,a2,layerwise,class_selectivity,loss_free,,0.5,0,0.8653,0.8574,0.4168554305076599,0.43290301826000216,218058,0.07266974560485828,217728,0.0725190839694656,0.26572920696344227,21.6025390625,16,0,2048,0.32611344393808395,0.8574,0.43290302555561067,0.3283036679495126,234752,235146,"[0.88, 0.977, 0.878, 0.79, 0.782, 0.942, 0.437, 0.972, 0.964, 0.952]","[0.8944281524926686, 0.9746450304259635, 0.8734995383194829, 0.7852760736196319, 0.8018200202224469, 0.9438202247191011, 0.47406639004149376, 0.9631425800193987, 0.9747474747474747, 0.9529170931422722]",batch,both
FashionMNIST,small,43,10,a2,layerwise,class_selectivity,loss_free,,0.5,1,0.8938,0.8859,0.29955588529109956,0.3172868415594101,218058,0.07266974560485828,217728,0.0725190839694656,0.26572920696344227,21.6025390625,16,0,2048,0.3409370930166915,0.8859,0.3172868457555771,0.34237044595647603,234752,235146,"[0.836, 0.967, 0.804, 0.901, 0.834, 0.957, 0.665, 0.965, 0.972, 0.958]","[0.855327468230694, 0.9645030425963489, 0.8051708217913204, 0.908997955010225, 0.8513650151668352, 0.9570990806945863, 0.7053941908713693, 0.95635305528613, 0.9828282828282828, 0.95496417604913]",batch,both
FashionMNIST,small,43,10,a2,layerwise,class_selectivity,loss_free,,0.5,3,0.8943,0.8903,0.2916276366710663,0.31045306993722915,218058,0.07266974560485828,217728,0.0725190839694656,0.26572920696344227,21.6025390625,16,0,2048,0.3205640510423109,0.8903,0.3104530703186989,0.3297148369019851,234752,235146,"[0.845, 0.972, 0.824, 0.897, 0.828, 0.966, 0.679, 0.964, 0.972, 0.956]","[0.8602150537634409, 0.9675456389452333, 0.8180978762696214, 0.8977505112474438, 0.8432760364004045, 0.9673135852911133, 0.7033195020746889, 0.9495635305528612, 0.9848484848484849, 0.9539406345957011]",batch,both
FashionMNIST,small,43,10,a2,layerwise,class_selectivity,loss_free,,0.5,5,0.8989,0.8929,0.28902245595455167,0.30552442742586133,218058,0.07266974560485828,217728,0.0725190839694656,0.26572920696344227,21.6025390625,16,0,2048,0.32080788305029273,0.8929,0.30552442990541456,0.3299166481010616,234752,235146,"[0.846, 0.971, 0.811, 0.909, 0.83, 0.967, 0.703, 0.966, 0.969, 0.957]","[0.8504398826979472, 0.9675456389452333, 0.8134810710987996, 0.9141104294478528, 0.8523761375126391, 0.9693564862104188, 0.7344398340248963, 0.9544131910766246, 0.9828282828282828, 0.95496417604913]",batch,both
FashionMNIST,small,43,10,a2,layerwise,class_selectivity,loss_free,,0.7,0,0.8537,0.846,0.6091118806362152,0.6215408848285675,211383,0.10105636498175596,211078,0.10084685114503822,0.26572920696344227,21.6025390625,16,0,2048,0.35090880806092173,0.846,0.6215408841609955,0.32492175593506545,234752,235146,"[0.872, 0.987, 0.824, 0.713, 0.84, 0.941, 0.448, 0.927, 0.95, 0.958]","[0.8817204301075269, 0.9837728194726166, 0.8208679593721145, 0.712678936605317, 0.8493427704752275, 0.947906026557712, 0.48443983402489627, 0.9224054316197866, 0.9636363636363636, 0.9611054247697032]",batch,both
FashionMNIST,small,43,10,a2,layerwise,class_selectivity,loss_free,,0.7,1,0.8871,0.8813,0.3186305838108063,0.3326947647094727,211383,0.10105636498175596,211078,0.10084685114503822,0.26572920696344227,21.6025390625,16,0,2048,0.31474234291817993,0.8813,0.33269476413726806,0.3502289659809321,234752,235146,"[0.841, 0.969, 0.808, 0.89, 0.814, 0.956, 0.664, 0.939, 0.973, 0.959]","[0.8563049853372434, 0.9655172413793104, 0.8190212373037857, 0.8946830265848671, 0.8301314459049545, 0.9540347293156282, 0.6753112033195021, 0.930164888457808, 0.9818181818181818, 0.9662231320368475]",batch,both
FashionMNIST,small,43,10,a2,layerwise,class_selectivity,loss_free,,0.7,3,0.8906,0.8862,0.3024181062221527,0.3189621164441109,211383,0.10105636498175596,211078,0.10084685114503822,0.26572920696344227,21.6025390625,16,0,2048,0.3351481190184131,0.8862,0.318962121784687,0.33695685293059796,234752,235146,"[0.818, 0.97, 0.8, 0.899, 0.822, 0.953, 0.712, 0.958, 0.971, 0.959]","[0.8289345063538612, 0.9645030425963489, 0.8024007386888273, 0.901840490797546, 0.8351870576339737, 0.9519918283963228, 0.7396265560165975, 0.944713870029098, 0.9838383838383838, 0.9590583418628454]",batch,both
FashionMNIST,small,43,10,a2,layerwise,class_selectivity,loss_free,,0.7,5,0.892,0.8904,0.29740590583086013,0.31520786665678024,211383,0.10105636498175596,211078,0.10084685114503822,0.26572920696344227,21.6025390625,16,0,2048,0.33691273094154894,0.8904,0.3152078695297241,0.41004228801466525,234752,235146,"[0.855, 0.972, 0.823, 0.906, 0.841, 0.962, 0.651, 0.954, 0.973, 0.967]","[0.8572825024437928, 0.9655172413793104, 0.8180978762696214, 0.901840490797546, 0.8523761375126391, 0.958120531154239, 0.6887966804979253, 0.9369544131910766, 0.9828282828282828, 0.9611054247697032]",batch,both
FashionMNIST,small,43,10,all,all,redundancy,loss_free,,0.05,0,0.8892,0.8829,0.3119807067871094,0.332143949842453,222660,0.05309892577377462,222284,0.05311136859323884,0.26572920696344227,21.6025390625,16,0,2048,0.3421145010506734,0.8829,0.3321439520359039,0.3324789931066334,234752,235146,"[0.83, 0.96, 0.843, 0.885, 0.821, 0.953, 0.654, 0.97, 0.975, 0.938]","[0.8387096774193549, 0.960446247464503, 0.8476454293628809, 0.8865030674846626, 0.8372093023255814, 0.9550561797752809, 0.6856846473029046, 0.965082444228904, 0.9828282828282828, 0.9314227226202662]",batch,both
FashionMNIST,small,43,10,all,all,redundancy,loss_free,,0.05,1,0.8967,0.8894,0.29185445942878724,0.312278034055233,222660,0.05309892577377462,222284,0.05311136859323884,0.26572920696344227,21.6025390625,16,0,2048,0.3362360820174217,0.8894,0.3122780347943306,0.3504415430361405,234752,235146,"[0.85, 0.972, 0.823, 0.906, 0.814, 0.956, 0.682, 0.963, 0.97, 0.958]","[0.8572825024437928, 0.9695740365111561, 0.8356417359187442, 0.9100204498977505, 0.8240647118301314, 0.9601634320735445, 0.7136929460580913, 0.9553831231813773, 0.9848484848484849, 0.9580348004094166]",batch,both
FashionMNIST,small,43,10,all,all,redundancy,loss_free,,0.05,3,0.8977,0.8925,0.29151430784463883,0.31236785031557085,222660,0.05309892577377462,222284,0.05311136859323884,0.26572920696344227,21.6025390625,16,0,2048,0.3331827640067786,0.8925,0.31236785335540773,0.3311128920176998,234752,235146,"[0.844, 0.973, 0.81, 0.903, 0.836, 0.963, 0.705, 0.96, 0.973, 0.958]","[0.8572825024437928, 0.9695740365111561, 0.8097876269621422, 0.9100204498977505, 0.840242669362993, 0.9683350357507661, 0.7396265560165975, 0.9515033947623667, 0.9848484848484849, 0.9508700102354145]",batch,both
FashionMNIST,small,43,10,all,all,redundancy,loss_free,,0.05,5,0.8972,0.8918,0.29171415932178496,0.31084085472822187,222660,0.05309892577377462,222284,0.05311136859323884,0.26572920696344227,21.6025390625,16,0,2048,0.3117084549739957,0.8918,0.310840860080719,0.32623014703858644,234752,235146,"[0.854, 0.974, 0.815, 0.905, 0.814, 0.957, 0.704, 0.965, 0.971, 0.959]","[0.8611925708699902, 0.9716024340770791, 0.8199445983379502, 0.9069529652351738, 0.8291203235591507, 0.9591419816138917, 0.7323651452282157, 0.9553831231813773, 0.9828282828282828, 0.9570112589559877]",batch,both
FashionMNIST,small,43,10,all,all,redundancy,loss_free,,0.1,0,0.8863,0.8756,0.32713628537654876,0.3483251134634018,209417,0.10941712808212767,209060,0.10944315703380592,0.26572920696344227,21.6025390625,16,0,2048,0.32597165007609874,0.8756,0.3483251124501228,0.32057880889624357,234752,235146,"[0.778, 0.95, 0.84, 0.907, 0.807, 0.956, 0.658, 0.968, 0.963, 0.929]","[0.8054740957966764, 0.9482758620689655, 0.8485687903970452, 0.9028629856850716, 0.833164812942366, 0.9570990806945863, 0.6991701244813278, 0.965082444228904, 0.9787878787878788, 0.9242579324462641]",batch,both
FashionMNIST,small,43,10,all,all,redundancy,loss_free,,0.1,1,0.8948,0.8888,0.29148126517534256,0.31171705718040466,209417,0.10941712808212767,209060,0.10944315703380592,0.26572920696344227,21.6025390625,16,0,2048,0.31603601097594947,0.8888,0.3117170596599579,0.33881353808101267,234752,235146,"[0.851, 0.973, 0.812, 0.909, 0.823, 0.955, 0.673, 0.961, 0.972, 0.959]","[0.8748778103616813, 0.9705882352941176, 0.8227146814404432, 0.9079754601226994, 0.8301314459049545, 0.958120531154239, 0.6970954356846473, 0.950533462657614, 0.9818181818181818, 0.9559877175025588]",batch,both
FashionMNIST,small,43,10,all,all,redundancy,loss_free,,0.1,3,0.8968,0.8899,0.2909571760416031,0.3146176346898079,209417,0.10941712808212767,209060,0.10944315703380592,0.26572920696344227,21.6025390625,16,0,2048,0.32639239996206015,0.8899,0.3146176421523094,0.3388755349442363,234752,235146,"[0.837, 0.968, 0.834, 0.901, 0.807, 0.964, 0.7, 0.965, 0.969, 0.954]","[0.8504398826979472, 0.9665314401622718, 0.8264081255771006, 0.9130879345603272, 0.8210313447927199, 0.9683350357507661, 0.7365145228215768, 0.9553831231813773, 0.9797979797979798, 0.9539406345957011]",batch,both
FashionMNIST,small,43,10,all,all,redundancy,loss_free,,0.1,5,0.8978,0.8903,0.2917779920935631,0.31451337238550187,209417,0.10941712808212767,209060,0.10944315703380592,0.26572920696344227,21.6025390625,16,0,2048,0.3473336909664795,0.8903,0.3145133725643158,0.32923613593447953,234752,235146,"[0.842, 0.971, 0.789, 0.904, 0.842, 0.959, 0.707, 0.965, 0.97, 0.954]","[0.863147605083089, 0.9665314401622718, 0.7940904893813481, 0.9049079754601227, 0.8645096056622852, 0.9662921348314607, 0.7354771784232366, 0.9553831231813773, 0.9808080808080808, 0.9529170931422722]",batch,both
FashionMNIST,small,43,10,all,all,redundancy,loss_free,,0.2,0,0.822,0.8138,0.504684515619278,0.5297532096862793,183183,0.2209818580796612,182865,0.22102900081788446,0.26572920696344227,21.6025390625,16,0,2048,0.3453365389723331,0.8138,0.5297532371520997,0.3372464479180053,234752,235146,"[0.738, 0.521, 0.869, 0.908, 0.761, 0.821, 0.685, 0.971, 0.954, 0.91]","[0.7595307917888563, 0.4847870182555781, 0.8725761772853186, 0.9008179959100204, 0.7805864509605662, 0.8447395301327886, 0.7240663900414938, 0.9592628516003879, 0.9676767676767677, 0.9160696008188332]",batch,both
FashionMNIST,small,43,10,all,all,redundancy,loss_free,,0.2,1,0.8916,0.8874,0.2924183947324753,0.3147176502108574,183183,0.2209818580796612,182865,0.22102900081788446,0.26572920696344227,21.6025390625,16,0,2048,0.3213201300241053,0.8874,0.3147176575064659,0.3344270649831742,234752,235146,"[0.832, 0.966, 0.83, 0.902, 0.805, 0.961, 0.694, 0.954, 0.97, 0.96]","[0.8357771260997068, 0.9634888438133874, 0.8310249307479224, 0.8977505112474438, 0.8088978766430738, 0.958120531154239, 0.7437759336099585, 0.9456838021338506, 0.9828282828282828, 0.9518935516888434]",batch,both
FashionMNIST,small,43,10,all,all,redundancy,loss_free,,0.2,3,0.8943,0.8902,0.29276877945661545,0.3133595381617546,183183,0.2209818580796612,182865,0.22102900081788446,0.26572920696344227,21.6025390625,16,0,2048,0.321954968967475,0.8902,0.3133595425844192,0.33546337904408574,234752,235146,"[0.866, 0.971, 0.814, 0.898, 0.83, 0.969, 0.671, 0.952, 0.97, 0.961]","[0.8778103616813294, 0.9655172413793104, 0.814404432132964, 0.8967280163599182, 0.833164812942366, 0.9662921348314607, 0.7085062240663901, 0.9427740058195926, 0.9818181818181818, 0.9590583418628454]",batch,both
FashionMNIST,small,43,10,all,all,redundancy,loss_free,,0.2,5,0.8946,0.8903,0.2911810234546661,0.31351781963706016,183183,0.2209818580796612,182865,0.22102900081788446,0.26572920696344227,21.6025390625,16,0,2048,0.33089842298068106,0.8903,0.31351781945228574,0.32605538005009294,234752,235146,"[0.833, 0.973, 0.805, 0.916, 0.843, 0.963, 0.682, 0.957, 0.973, 0.958]","[0.8435972629521017, 0.9685598377281948, 0.8033240997229917, 0.9130879345603272, 0.8493427704752275, 0.9662921348314607, 0.7230290456431535, 0.9476236663433559, 0.9818181818181818, 0.95496417604913]",batch,both
FashionMNIST,small,43,10,all,all,redundancy,loss_free,,0.3,0,0.6849,0.6721,0.943431545829773,0.9681360206604004,158500,0.32595068595680976,158220,0.3260121319520175,0.26572920696344227,21.6025390625,16,0,2048,0.3216043609427288,0.6721,0.9681360464096069,0.3414808720117435,234752,235146,"[0.632, 0.212, 0.885, 0.86, 0.639, 0.367, 0.766, 0.88, 0.865, 0.615]","[0.6549364613880743, 0.21703853955375255, 0.8845798707294552, 0.8588957055214724, 0.6592517694641051, 0.39325842696629215, 0.8163900414937759, 0.8477206595538312, 0.8808080808080808, 0.6110542476970318]",batch,both
FashionMNIST,small,43,10,all,all,redundancy,loss_free,,0.3,1,0.8903,0.8831,0.30137095944881437,0.3225053041934967,158500,0.32595068595680976,158220,0.3260121319520175,0.26572920696344227,21.6025390625,16,0,2048,0.32920233497861773,0.8831,0.3225053041934967,0.3294940709602088,234752,235146,"[0.836, 0.962, 0.784, 0.907, 0.855, 0.956, 0.655, 0.956, 0.974, 0.946]","[0.8533724340175953, 0.9645030425963489, 0.7968605724838412, 0.9059304703476483, 0.8675429726996967, 0.9560776302349336, 0.6836099585062241, 0.9544131910766246, 0.9818181818181818, 0.9426816786079836]",batch,both
FashionMNIST,small,43,10,all,all,redundancy,loss_free,,0.3,3,0.8908,0.8873,0.2969003492474556,0.31749831149578095,158500,0.32595068595680976,158220,0.3260121319520175,0.26572920696344227,21.6025390625,16,0,2048,0.3454145999858156,0.8873,0.31749831117391586,0.33066159405279905,234752,235146,"[0.848, 0.968, 0.78, 0.907, 0.852, 0.953, 0.679, 0.959, 0.971, 0.956]","[0.8611925708699902, 0.9665314401622718, 0.7876269621421976, 0.8977505112474438, 0.8594539939332659, 0.9499489274770173, 0.7074688796680498, 0.953443258971872, 0.9818181818181818, 0.9477993858751279]",batch,both
FashionMNIST,small,43,10,all,all,redundancy,loss_free,,0.3,5,0.891,0.888,0.29436920568943026,0.3146146206498146,158500,0.32595068595680976,158220,0.3260121319520175,0.26572920696344227,21.6025390625,16,0,2048,0.32831383298616856,0.888,0.31461461915969846,0.35232442000415176,234752,235146,"[0.842, 0.97, 0.771, 0.906, 0.849, 0.957, 0.704, 0.956, 0.97, 0.955]","[0.8504398826979472, 0.9675456389452333, 0.7811634349030471, 0.9069529652351738, 0.8554095045500506, 0.9560776302349336, 0.7230290456431535, 0.9476236663433559, 0.9818181818181818, 0.946775844421699]",batch,both
FashionMNIST,small,43,10,all,all,redundancy,loss_free,,0.4,0,0.6146,0.6065,1.1838153051376343,1.2041451330184936,133605,0.43182108137072284,133364,0.4318940839694656,0.26572920696344227,21.6025390625,16,0,2048,0.33393015095498413,0.6065,1.204145128250122,0.34649622009601444,234752,235146,"[0.7, 0.053, 0.925, 0.899, 0.468, 0.234, 0.633, 0.699, 0.76, 0.694]","[0.7145650048875856, 0.05070993914807302, 0.9242843951985226, 0.9059304703476483, 0.4833164812942366, 0.23289070480081717, 0.6773858921161826, 0.6566440349175557, 0.7767676767676768, 0.6888433981576254]",batch,both
FashionMNIST,small,43,10,all,all,redundancy,loss_free,,0.4,1,0.8866,0.8819,0.3154012805342674,0.33406411921977996,133605,0.43182108137072284,133364,0.4318940839694656,0.26572920696344227,21.6025390625,16,0,2048,0.3199542600195855,0.8819,0.33406411826610566,0.3218469860730693,234752,235146,"[0.835, 0.964, 0.809, 0.91, 0.831, 0.949, 0.653, 0.947, 0.966, 0.955]","[0.8602150537634409, 0.9645030425963489, 0.8134810710987996, 0.908997955010225, 0.8291203235591507, 0.9468845760980592, 0.6763485477178424, 0.9427740058195926, 0.9777777777777777, 0.9477993858751279]",batch,both
FashionMNIST,small,43,10,all,all,redundancy,loss_free,,0.4,3,0.8892,0.8854,0.30283248164653775,0.3228920242667198,133605,0.43182108137072284,133364,0.4318940839694656,0.26572920696344227,21.6025390625,16,0,2048,0.3226679660147056,0.8854,0.32289201911687854,0.33343210292514414,234752,235146,"[0.835, 0.97, 0.8, 0.901, 0.832, 0.942, 0.693, 0.954, 0.968, 0.959]","[0.8484848484848485, 0.9675456389452333, 0.804247460757156, 0.8916155419222904, 0.846309403437816, 0.9417773237997957, 0.7126556016597511, 0.9466537342386033, 0.9797979797979798, 0.9570112589559877]",batch,both
FashionMNIST,small,43,10,all,all,redundancy,loss_free,,0.4,5,0.8901,0.887,0.2996726180911064,0.31814034550189974,133605,0.43182108137072284,133364,0.4318940839694656,0.26572920696344227,21.6025390625,16,0,2048,0.3361866748891771,0.887,0.3181403468370438,0.3289046520367265,234752,235146,"[0.848, 0.97, 0.815, 0.91, 0.821, 0.949, 0.674, 0.962, 0.971, 0.95]","[0.8660801564027371, 0.9665314401622718, 0.8134810710987996, 0.9028629856850716, 0.8281092012133469, 0.947906026557712, 0.6970954356846473, 0.9515033947623667, 0.9818181818181818, 0.9477993858751279]",batch,both
FashionMNIST,small,43,10,all,all,redundancy,loss_free,,0.5,0,0.4692,0.4593,1.4868019006729125,1.5056352062225342,109386,0.5348166670919343,109184,0.534896401308615,0.26572920696344227,21.6025390625,16,0,2048,0.3413625080138445,0.4593,1.5056352140426636,0.3297822999302298,234752,235146,"[0.541, 0.013, 0.941, 0.804, 0.356, 0.229, 0.597, 0.286, 0.579, 0.247]","[0.5268817204301075, 0.005070993914807302, 0.938134810710988, 0.7944785276073619, 0.35995955510616784, 0.22982635342185903, 0.6296680497925311, 0.27643064985451016, 0.6373737373737374, 0.2569089048106448]",batch,both
FashionMNIST,small,43,10,all,all,redundancy,loss_free,,0.5,1,0.8777,0.8718,0.34258428857326506,0.3593721485972404,109386,0.5348166670919343,109184,0.534896401308615,0.26572920696344227,21.6025390625,16,0,2048,0.323552506044507,0.8718,0.35937214690446856,0.3465801300480962,234752,235146,"[0.819, 0.962, 0.743, 0.888, 0.854, 0.944, 0.651, 0.939, 0.968, 0.95]","[0.8543499511241447, 0.9614604462474645, 0.7423822714681441, 0.8885480572597138, 0.8665318503538928, 0.9356486210418795, 0.6742738589211619, 0.9379243452958292, 0.9757575757575757, 0.9477993858751279]",batch,both
FashionMNIST,small,43,10,all,all,redundancy,loss_free,,0.5,3,0.8839,0.8801,0.31977654569149017,0.33489681565761564,109386,0.5348166670919343,109184,0.534896401308615,0.26572920696344227,21.6025390625,16,0,2048,0.3125053819967434,0.8801,0.33489681131839755,0.3275487150531262,234752,235146,"[0.848, 0.97, 0.774, 0.891, 0.836, 0.944, 0.669, 0.956, 0.97, 0.943]","[0.8660801564027371, 0.9655172413793104, 0.778393351800554, 0.876278118609407, 0.8473205257836198, 0.940755873340143, 0.6877593360995851, 0.9515033947623667, 0.9797979797979798, 0.9498464687819856]",batch,both
FashionMNIST,small,43,10,all,all,redundancy,loss_free,,0.5,5,0.8841,0.8836,0.31133088490962985,0.32797292355298996,109386,0.5348166670919343,109184,0.534896401308615,0.26572920696344227,21.6025390625,16,0,2048,0.3180027900962159,0.8836,0.3279729181408882,0.3370386359747499,234752,235146,"[0.824, 0.971, 0.789, 0.91, 0.829, 0.942, 0.692, 0.949, 0.972, 0.958]","[0.8269794721407625, 0.9645030425963489, 0.7987072945521699, 0.8957055214723927, 0.8281092012133469, 0.9417773237997957, 0.7126556016597511, 0.9398642095053347, 0.9808080808080808, 0.9570112589559877]",batch,both
FashionMNIST,small,43,10,all,all,redundancy,loss_free,,0.7,0,0.3222,0.317,1.9599087600708007,1.9667488986968995,63887,0.728309220654402,63761,0.7283899604689203,0.26572920696344227,21.6025390625,16,0,2048,0.3251735580852255,0.317,1.966748906326294,0.3231327310204506,234752,235146,"[0.211, 0.0, 0.805, 0.914, 0.138, 0.026, 0.583, 0.038, 0.455, 0.0]","[0.2130987292277615, 0.0, 0.775623268698061, 0.8967280163599182, 0.11830131445904954, 0.027579162410623085, 0.6078838174273858, 0.058195926285160036, 0.502020202020202, 0.0]",batch,both
FashionMNIST,small,43,10,all,all,redundancy,loss_free,,0.7,1,0.8516,0.8445,0.46597122530937196,0.48302461013793946,63887,0.728309220654402,63761,0.7283899604689203,0.26572920696344227,21.6025390625,16,0,2048,0.34845489799045026,0.8445,0.4830246135234833,0.3519435590133071,234752,235146,"[0.798, 0.944, 0.718, 0.859, 0.818, 0.887, 0.599, 0.933, 0.944, 0.945]","[0.8328445747800587, 0.9452332657200812, 0.7119113573407202, 0.8640081799591002, 0.8230535894843276, 0.8855975485188968, 0.6369294605809128, 0.9253152279340446, 0.9555555555555556, 0.9426816786079836]",batch,both
FashionMNIST,small,43,10,all,all,redundancy,loss_free,,0.7,3,0.868,0.8646,0.3725361709117889,0.3892198519945145,63887,0.728309220654402,63761,0.7283899604689203,0.26572920696344227,21.6025390625,16,0,2048,0.32660221005789936,0.8646,0.3892198480129242,0.3468465299811214,234752,235146,"[0.817, 0.96, 0.793, 0.877, 0.806, 0.926, 0.625, 0.934, 0.957, 0.951]","[0.844574780058651, 0.9614604462474645, 0.775623268698061, 0.8742331288343558, 0.8169868554095046, 0.9203268641470889, 0.6421161825726142, 0.9282250242483027, 0.9686868686868687, 0.9508700102354145]",batch,both
FashionMNIST,small,43,10,all,all,redundancy,loss_free,,0.7,5,0.8722,0.869,0.35278000707626345,0.3687456924915314,63887,0.728309220654402,63761,0.7283899604689203,0.26572920696344227,21.6025390625,16,0,2048,0.33590169402305037,0.869,0.3687456886768341,0.3429442089982331,234752,235146,"[0.829, 0.967, 0.795, 0.881, 0.796, 0.925, 0.64, 0.942, 0.963, 0.952]","[0.8396871945259042, 0.962474645030426, 0.7765466297322253, 0.876278118609407, 0.8159757330637007, 0.923391215526047, 0.671161825726141, 0.9398642095053347, 0.9707070707070707, 0.9498464687819856]",batch,both
FashionMNIST,small,43,10,a1,layerwise,redundancy,loss_free,,0.05,0,0.8906,0.8826,0.3075931589126587,0.3280197905659676,224190,0.04659232987165418,223808,0.04661941112322787,0.26572920696344227,21.6025390625,16,0,2048,0.3409214849816635,0.8826,0.3280197937130928,0.34281261800788343,234752,235146,"[0.821, 0.965, 0.837, 0.884, 0.814, 0.954, 0.67, 0.971, 0.971, 0.939]","[0.8367546432062561, 0.9655172413793104, 0.8448753462603878, 0.8824130879345603, 0.8361981799797775, 0.9560776302349336, 0.7033195020746889, 0.9631425800193987, 0.9818181818181818, 0.9355168884339816]",batch,both
FashionMNIST,small,43,10,a1,layerwise,redundancy,loss_free,,0.05,1,0.8957,0.8906,0.29310853152275085,0.31229079756736755,224190,0.04659232987165418,223808,0.04661941112322787,0.26572920696344227,21.6025390625,16,0,2048,0.33865500101819634,0.8906,0.31229079599380494,0.3265441310359165,234752,235146,"[0.85, 0.971, 0.822, 0.912, 0.826, 0.958, 0.671, 0.97, 0.973, 0.953]","[0.8621700879765396, 0.9665314401622718, 0.8180978762696214, 0.9069529652351738, 0.8422649140546006, 0.9622063329928499, 0.7126556016597511, 0.95635305528613, 0.9848484848484849, 0.9477993858751279]",batch,both
FashionMNIST,small,43,10,a1,layerwise,redundancy,loss_free,,0.05,3,0.8972,0.8925,0.29224427511692047,0.3129108543276787,224190,0.04659232987165418,223808,0.04661941112322787,0.26572920696344227,21.6025390625,16,0,2048,0.3182661060709506,0.8925,0.3129108539581299,0.33398290700279176,234752,235146,"[0.846, 0.972, 0.805, 0.907, 0.841, 0.961, 0.697, 0.967, 0.972, 0.957]","[0.855327468230694, 0.9685598377281948, 0.8070175438596491, 0.9120654396728016, 0.8452982810920121, 0.9662921348314607, 0.729253112033195, 0.9553831231813773, 0.9838383838383838, 0.9539406345957011]",batch,both
FashionMNIST,small,43,10,a1,layerwise,redundancy,loss_free,,0.05,5,0.8986,0.8918,0.29214430960416793,0.31386195304989817,224190,0.04659232987165418,223808,0.04661941112322787,0.26572920696344227,21.6025390625,16,0,2048,0.33455211005639285,0.8918,0.3138619544804096,0.32856347993947566,234752,235146,"[0.85, 0.969, 0.812, 0.906, 0.845, 0.961, 0.68, 0.964, 0.971, 0.96]","[0.8543499511241447, 0.9665314401622718, 0.8134810710987996, 0.9151329243353783, 0.8523761375126391, 0.9662921348314607, 0.7302904564315352, 0.9495635305528612, 0.9828282828282828, 0.9600818833162743]",batch,both
FashionMNIST,small,43,10,a1,layerwise,redundancy,loss_free,,0.1,0,0.8875,0.8754,0.3165126727581024,0.34014612662792204,212321,0.09706735389927956,211952,0.09712377317339149,0.26572920696344227,21.6025390625,16,0,2048,0.3410574409645051,0.8754,0.3401461271762848,0.3181370079983026,234752,235146,"[0.775, 0.959, 0.83, 0.904, 0.809, 0.952, 0.66, 0.974, 0.959, 0.932]","[0.7986314760508308, 0.9574036511156186, 0.8448753462603878, 0.8977505112474438, 0.840242669362993, 0.95097037793667, 0.7085062240663901, 0.967992240543162, 0.9797979797979798, 0.9293756397134084]",batch,both
FashionMNIST,small,43,10,a1,layerwise,redundancy,loss_free,,0.1,1,0.8941,0.8884,0.2924486108183861,0.31490692152380945,212321,0.09706735389927956,211952,0.09712377317339149,0.26572920696344227,21.6025390625,16,0,2048,0.3288947769906372,0.8884,0.3149069241940975,0.34051707794424146,234752,235146,"[0.834, 0.97, 0.806, 0.906, 0.815, 0.947, 0.713, 0.962, 0.97, 0.961]","[0.8406647116324536, 0.9675456389452333, 0.8051708217913204, 0.9059304703476483, 0.8321536905965622, 0.9570990806945863, 0.7406639004149378, 0.9495635305528612, 0.9818181818181818, 0.9662231320368475]",batch,both
FashionMNIST,small,43,10,a1,layerwise,redundancy,loss_free,,0.1,3,0.8964,0.8915,0.29143915433883666,0.31489194137454035,212321,0.09706735389927956,211952,0.09712377317339149,0.26572920696344227,21.6025390625,16,0,2048,0.319200103986077,0.8915,0.3148919466972351,0.33204133401159197,234752,235146,"[0.836, 0.971, 0.808, 0.913, 0.836, 0.958, 0.696, 0.964, 0.973, 0.96]","[0.8406647116324536, 0.9665314401622718, 0.8070175438596491, 0.918200408997955, 0.8523761375126391, 0.9591419816138917, 0.7302904564315352, 0.9524733268671193, 0.9838383838383838, 0.9590583418628454]",batch,both
FashionMNIST,small,43,10,a1,layerwise,redundancy,loss_free,,0.1,5,0.8979,0.8916,0.2918078996181488,0.31391748266220093,212321,0.09706735389927956,211952,0.09712377317339149,0.26572920696344227,21.6025390625,16,0,2048,0.33050657098647207,0.8916,0.3139174814939499,0.32465141895227134,234752,235146,"[0.834, 0.971, 0.794, 0.906, 0.841, 0.96, 0.718, 0.967, 0.969, 0.956]","[0.8465298142717498, 0.9675456389452333, 0.7959372114496768, 0.9049079754601227, 0.8594539939332659, 0.9662921348314607, 0.7489626556016598, 0.962172647914646, 0.9828282828282828, 0.9508700102354145]",batch,both
FashionMNIST,small,43,10,a1,layerwise,redundancy,loss_free,,0.2,0,0.8777,0.8657,0.34826998372077944,0.3726720308542252,188583,0.19801740195453033,188240,0.19813249727371862,0.26572920696344227,21.6025390625,16,0,2048,0.31768163898959756,0.8657,0.3726720335483551,0.3516303049400449,234752,235146,"[0.738, 0.93, 0.856, 0.901, 0.769, 0.923, 0.69, 0.984, 0.966, 0.9]","[0.7693059628543499, 0.920892494929006, 0.8596491228070176, 0.8957055214723927, 0.7937310414560161, 0.9325842696629213, 0.7344398340248963, 0.9757516973811833, 0.9828282828282828, 0.9109518935516888]",batch,both
FashionMNIST,small,43,10,a1,layerwise,redundancy,loss_free,,0.2,1,0.8943,0.8898,0.2906936052799225,0.31171605664491653,188583,0.19801740195453033,188240,0.19813249727371862,0.26572920696344227,21.6025390625,16,0,2048,0.3169895811006427,0.8898,0.3117160501599312,0.33483448601327837,234752,235146,"[0.837, 0.968, 0.8, 0.917, 0.823, 0.966, 0.7, 0.955, 0.972, 0.96]","[0.8357771260997068, 0.9665314401622718, 0.8070175438596491, 0.9161554192229039, 0.8372093023255814, 0.9662921348314607, 0.7375518672199171, 0.944713870029098, 0.9848484848484849, 0.9529170931422722]",batch,both
FashionMNIST,small,43,10,a1,layerwise,redundancy,loss_free,,0.2,3,0.8952,0.8916,0.2919382959365845,0.3141477581143379,188583,0.19801740195453033,188240,0.19813249727371862,0.26572920696344227,21.6025390625,16,0,2048,0.32876033207867295,0.8916,0.31414775297641756,0.3246046690037474,234752,235146,"[0.85, 0.972, 0.793, 0.905, 0.856, 0.962, 0.69, 0.958, 0.971, 0.959]","[0.8533724340175953, 0.9675456389452333, 0.7950138504155124, 0.8987730061349694, 0.8695652173913043, 0.9601634320735445, 0.720954356846473, 0.9485935984481086, 0.9828282828282828, 0.9611054247697032]",batch,both
FashionMNIST,small,43,10,a1,layerwise,redundancy,loss_free,,0.2,5,0.8949,0.892,0.29119686131477357,0.31453877112865447,188583,0.19801740195453033,188240,0.19813249727371862,0.26572920696344227,21.6025390625,16,0,2048,0.3484593409812078,0.892,0.31453876137137415,0.3463612359482795,234752,235146,"[0.842, 0.971, 0.809, 0.914, 0.827, 0.965, 0.701, 0.964, 0.971, 0.956]","[0.852394916911046, 0.9675456389452333, 0.8079409048938134, 0.9151329243353783, 0.8442871587462083, 0.9632277834525026, 0.716804979253112, 0.9515033947623667, 0.9818181818181818, 0.9529170931422722]",batch,both
FashionMNIST,small,43,10,a1,layerwise,redundancy,loss_free,,0.3,0,0.85,0.8404,0.439419944858551,0.462754048538208,165758,0.29508475585381,165440,0.2952562704471101,0.26572920696344227,21.6025390625,16,0,2048,0.3433333969442174,0.8404,0.4627540531158447,0.34728174994233996,234752,235146,"[0.699, 0.806, 0.86, 0.865, 0.721, 0.889, 0.739, 0.974, 0.962, 0.889]","[0.7262952101661779, 0.7880324543610547, 0.8651892890120036, 0.8629856850715747, 0.737108190091001, 0.9019407558733401, 0.7821576763485477, 0.9728419010669254, 0.9727272727272728, 0.887410440122825]",batch,both
FashionMNIST,small,43,10,a1,layerwise,redundancy,loss_free,,0.3,1,0.8934,0.8877,0.2943002847075462,0.31957573322057725,165758,0.29508475585381,165440,0.2952562704471101,0.26572920696344227,21.6025390625,16,0,2048,0.318589051021263,0.8877,0.3195757379412651,0.34764769906178117,234752,235146,"[0.858, 0.963, 0.815, 0.907, 0.833, 0.961, 0.654, 0.958, 0.968, 0.96]","[0.8768328445747801, 0.9634888438133874, 0.817174515235457, 0.9069529652351738, 0.839231547017189, 0.9591419816138917, 0.6887966804979253, 0.9515033947623667, 0.9828282828282828, 0.9498464687819856]",batch,both
FashionMNIST,small,43,10,a1,layerwise,redundancy,loss_free,,0.3,3,0.8942,0.8901,0.2919812236189842,0.3165425937771797,165758,0.29508475585381,165440,0.2952562704471101,0.26572920696344227,21.6025390625,16,0,2048,0.32151635410264134,0.8901,0.3165425928115845,0.3624894500244409,234752,235146,"[0.846, 0.972, 0.824, 0.914, 0.814, 0.958, 0.685, 0.964, 0.97, 0.954]","[0.8602150537634409, 0.9685598377281948, 0.8254847645429363, 0.9141104294478528, 0.8190091001011123, 0.958120531154239, 0.716804979253112, 0.9544131910766246, 0.9818181818181818, 0.9457523029682702]",batch,both
FashionMNIST,small,43,10,a1,layerwise,redundancy,loss_free,,0.3,5,0.8965,0.8909,0.29302314603328705,0.31574626480340956,165758,0.29508475585381,165440,0.2952562704471101,0.26572920696344227,21.6025390625,16,0,2048,0.34452315501403064,0.8909,0.3157462651848793,0.3265112229855731,234752,235146,"[0.853, 0.969, 0.819, 0.9, 0.845, 0.96, 0.671, 0.953, 0.974, 0.965]","[0.8778103616813294, 0.9665314401622718, 0.8208679593721145, 0.901840490797546, 0.8513650151668352, 0.9622063329928499, 0.700207468879668, 0.944713870029098, 0.9828282828282828, 0.9590583418628454]",batch,both
FashionMNIST,small,43,10,a1,layerwise,redundancy,loss_free,,0.4,0,0.7794,0.7681,0.6581925660133362,0.6791411577224732,142020,0.39603480390906076,141728,0.39626499454743724,0.26572920696344227,21.6025390625,16,0,2048,0.3338223180035129,0.7681,0.6791411759376526,0.3226274939952418,234752,235146,"[0.661, 0.517, 0.906, 0.886, 0.617, 0.691, 0.713, 0.943, 0.928, 0.819]","[0.6862170087976539, 0.5202839756592292, 0.9067405355493998, 0.8916155419222904, 0.621840242669363, 0.6905005107252298, 0.7655601659751037, 0.9282250242483027, 0.9373737373737374, 0.8300921187308086]",batch,both
FashionMNIST,small,43,10,a1,layerwise,redundancy,loss_free,,0.4,1,0.8908,0.8849,0.30091780593395234,0.3233081227660179,142020,0.39603480390906076,141728,0.39626499454743724,0.26572920696344227,21.6025390625,16,0,2048,0.32115478604100645,0.8849,0.32330812598466874,0.3266613860614598,234752,235146,"[0.841, 0.968, 0.82, 0.92, 0.806, 0.956, 0.679, 0.945, 0.961, 0.953]","[0.8592375366568915, 0.962474645030426, 0.8097876269621422, 0.9212678936605317, 0.813953488372093, 0.9570990806945863, 0.7126556016597511, 0.944713870029098, 0.9787878787878788, 0.9518935516888434]",batch,both
FashionMNIST,small,43,10,a1,layerwise,redundancy,loss_free,,0.4,3,0.8923,0.8871,0.2984626989364624,0.3183784673810005,142020,0.39603480390906076,141728,0.39626499454743724,0.26572920696344227,21.6025390625,16,0,2048,0.3178385500796139,0.8871,0.3183784624457359,0.3227945260005072,234752,235146,"[0.849, 0.972, 0.795, 0.907, 0.831, 0.955, 0.684, 0.964, 0.968, 0.946]","[0.8680351906158358, 0.9675456389452333, 0.7931671283471837, 0.9079754601226994, 0.839231547017189, 0.9530132788559755, 0.7126556016597511, 0.9641125121241513, 0.9828282828282828, 0.9385875127942682]",batch,both
FashionMNIST,small,43,10,a1,layerwise,redundancy,loss_free,,0.4,5,0.8933,0.8883,0.2923841548681259,0.3150703996181488,142020,0.39603480390906076,141728,0.39626499454743724,0.26572920696344227,21.6025390625,16,0,2048,0.34744535700883716,0.8883,0.31507040115594864,0.3222289689583704,234752,235146,"[0.838, 0.971, 0.801, 0.915, 0.838, 0.953, 0.686, 0.961, 0.967, 0.953]","[0.8484848484848485, 0.9675456389452333, 0.8033240997229917, 0.9069529652351738, 0.8574317492416582, 0.9540347293156282, 0.716804979253112, 0.953443258971872, 0.9828282828282828, 0.946775844421699]",batch,both
FashionMNIST,small,43,10,a1,layerwise,redundancy,loss_free,,0.5,0,0.7308,0.7328,0.7926881772041321,0.8054655036926269,118282,0.4969848519643115,118016,0.4972737186477645,0.26572920696344227,21.6025390625,16,0,2048,0.3298125700093806,0.7328,0.8054655006408692,0.3228113380027935,234752,235146,"[0.551, 0.485, 0.879, 0.857, 0.546, 0.705, 0.733, 0.912, 0.898, 0.762]","[0.555229716520039, 0.44929006085192696, 0.8781163434903048, 0.8302658486707567, 0.5298281092012134, 0.7017364657814096, 0.7759336099585062, 0.9000969932104753, 0.9151515151515152, 0.7584442169907881]",batch,both
FashionMNIST,small,43,10,a1,layerwise,redundancy,loss_free,,0.5,1,0.8829,0.8823,0.31181813967227934,0.330187282538414,118282,0.4969848519643115,118016,0.4972737186477645,0.26572920696344227,21.6025390625,16,0,2048,0.3213787480490282,0.8823,0.33018727754354477,0.32295447296928614,234752,235146,"[0.821, 0.969, 0.786, 0.904, 0.829, 0.947, 0.688, 0.954, 0.968, 0.957]","[0.8162267839687195, 0.9645030425963489, 0.7903970452446907, 0.8977505112474438, 0.8200202224469161, 0.9489274770173647, 0.7178423236514523, 0.9495635305528612, 0.9787878787878788, 0.9508700102354145]",batch,both
FashionMNIST,small,43,10,a1,layerwise,redundancy,loss_free,,0.5,3,0.889,0.8862,0.30344439346790314,0.3234638685464859,118282,0.4969848519643115,118016,0.4972737186477645,0.26572920696344227,21.6025390625,16,0,2048,0.34187438897788525,0.8862,0.3234638633608818,0.32652106101159006,234752,235146,"[0.836, 0.968, 0.811, 0.899, 0.81, 0.956, 0.704, 0.948, 0.971, 0.959]","[0.8387096774193549, 0.9675456389452333, 0.8134810710987996, 0.8895705521472392, 0.8169868554095046, 0.9570990806945863, 0.7282157676348547, 0.9456838021338506, 0.9828282828282828, 0.9539406345957011]",batch,both
FashionMNIST,small,43,10,a1,layerwise,redundancy,loss_free,,0.5,5,0.8888,0.8877,0.3019585810303688,0.32288058599233627,118282,0.4969848519643115,118016,0.4972737186477645,0.26572920696344227,21.6025390625,16,0,2048,0.3249265810009092,0.8877,0.3228805873274803,0.32957075897138566,234752,235146,"[0.865, 0.968, 0.807, 0.913, 0.829, 0.957, 0.658, 0.955, 0.974, 0.951]","[0.8729227761485826, 0.9655172413793104, 0.7996306555863343, 0.9069529652351738, 0.839231547017189, 0.9601634320735445, 0.6690871369294605, 0.9515033947623667, 0.9848484848484849, 0.9406345957011258]",batch,both
FashionMNIST,small,43,10,a1,layerwise,redundancy,loss_free,,0.7,0,0.55,0.5444,1.3432180782318115,1.3554255149841308,71719,0.6950022539188419,71504,0.6954062159214831,0.26572920696344227,21.6025390625,16,0,2048,0.31853318389039487,0.5444,1.355425545310974,0.32012575794942677,234752,235146,"[0.472, 0.052, 0.737, 0.773, 0.401, 0.371, 0.69, 0.843, 0.746, 0.359]","[0.501466275659824, 0.04563894523326572, 0.7331486611265005, 0.7535787321063395, 0.41253791708796766, 0.3738508682328907, 0.7282157676348547, 0.8205625606207565, 0.7565656565656566, 0.34800409416581374]",batch,both
FashionMNIST,small,43,10,a1,layerwise,redundancy,loss_free,,0.7,1,0.8735,0.8673,0.35189532775878907,0.368856144785881,71719,0.6950022539188419,71504,0.6954062159214831,0.26572920696344227,21.6025390625,16,0,2048,0.3328402070328593,0.8673,0.36885614457130433,0.340788580942899,234752,235146,"[0.812, 0.966, 0.807, 0.897, 0.779, 0.935, 0.628, 0.946, 0.96, 0.943]","[0.8367546432062561, 0.9634888438133874, 0.8079409048938134, 0.8916155419222904, 0.7856420626895855, 0.9315628192032687, 0.6597510373443983, 0.9398642095053347, 0.9717171717171718, 0.9477993858751279]",batch,both
FashionMNIST,small,43,10,a1,layerwise,redundancy,loss_free,,0.7,3,0.882,0.878,0.3265390578269958,0.345974765920639,71719,0.6950022539188419,71504,0.6954062159214831,0.26572920696344227,21.6025390625,16,0,2048,0.32254027598537505,0.878,0.3459747594356537,0.3266157569596544,234752,235146,"[0.856, 0.968, 0.793, 0.894, 0.822, 0.951, 0.629, 0.952, 0.968, 0.947]","[0.8797653958944281, 0.9655172413793104, 0.791320406278855, 0.8813905930470347, 0.8382204246713852, 0.940755873340143, 0.6452282157676349, 0.950533462657614, 0.9797979797979798, 0.9488229273285568]",batch,both
FashionMNIST,small,43,10,a1,layerwise,redundancy,loss_free,,0.7,5,0.8822,0.8786,0.317476899766922,0.33745773179531097,71719,0.6950022539188419,71504,0.6954062159214831,0.26572920696344227,21.6025390625,16,0,2048,0.3135339730652049,0.8786,0.3374577311038971,0.3230033309664577,234752,235146,"[0.826, 0.969, 0.796, 0.899, 0.822, 0.956, 0.666, 0.938, 0.967, 0.947]","[0.8406647116324536, 0.9655172413793104, 0.7830101569713758, 0.8895705521472392, 0.8372093023255814, 0.95097037793667, 0.6898340248962656, 0.9359844810863239, 0.9797979797979798, 0.95496417604913]",batch,both
FashionMNIST,small,43,10,a2,layerwise,redundancy,loss_free,,0.05,0,0.8906,0.8843,0.3079633910894394,0.3284206874489784,233544,0.006812788650455426,233156,0.006798664122137366,0.26572920696344227,21.6025390625,16,0,2048,0.31203608796931803,0.8843,0.32842068918943407,0.32448085001669824,234752,235146,"[0.85, 0.968, 0.85, 0.866, 0.811, 0.95, 0.655, 0.97, 0.97, 0.953]","[0.8611925708699902, 0.9695740365111561, 0.8522622345337026, 0.8650306748466258, 0.8311425682507584, 0.9540347293156282, 0.6784232365145229, 0.9592628516003879, 0.9797979797979798, 0.9529170931422722]",batch,both
FashionMNIST,small,43,10,a2,layerwise,redundancy,loss_free,,0.05,1,0.8945,0.8917,0.2934994386553764,0.31094213078022004,233544,0.006812788650455426,233156,0.006798664122137366,0.26572920696344227,21.6025390625,16,0,2048,0.30634622601792216,0.8917,0.3109421298980713,0.3242811729433015,234752,235146,"[0.835, 0.972, 0.8, 0.911, 0.838, 0.963, 0.702, 0.957, 0.975, 0.964]","[0.8406647116324536, 0.9685598377281948, 0.7931671283471837, 0.908997955010225, 0.8513650151668352, 0.9662921348314607, 0.729253112033195, 0.944713870029098, 0.9858585858585859, 0.9631525076765609]",batch,both
FashionMNIST,small,43,10,a2,layerwise,redundancy,loss_free,,0.05,3,0.897,0.8934,0.2932097515940666,0.31161426401138304,233544,0.006812788650455426,233156,0.006798664122137366,0.26572920696344227,21.6025390625,16,0,2048,0.31357851496431977,0.8934,0.3116142638325691,0.3144296419341117,234752,235146,"[0.874, 0.973, 0.822, 0.919, 0.829, 0.964, 0.657, 0.956, 0.972, 0.968]","[0.8885630498533724, 0.9685598377281948, 0.827331486611265, 0.9212678936605317, 0.8281092012133469, 0.9693564862104188, 0.6794605809128631, 0.9408341416100873, 0.9838383838383838, 0.9641760491299898]",batch,both
FashionMNIST,small,43,10,a2,layerwise,redundancy,loss_free,,0.05,5,0.8975,0.8942,0.29542683873176573,0.3128038810014725,233544,0.006812788650455426,233156,0.006798664122137366,0.26572920696344227,21.6025390625,16,0,2048,0.31616923108231276,0.8942,0.31280388157367706,0.3187505069654435,234752,235146,"[0.833, 0.973, 0.803, 0.91, 0.833, 0.962, 0.732, 0.963, 0.971, 0.962]","[0.8318670576735093, 0.9695740365111561, 0.8033240997229917, 0.9151329243353783, 0.8422649140546006, 0.9693564862104188, 0.7562240663900415, 0.953443258971872, 0.9838383838383838, 0.9570112589559877]",batch,both
FashionMNIST,small,43,10,a2,layerwise,redundancy,loss_free,,0.1,0,0.8913,0.8843,0.30704293310642244,0.32651275070905683,231942,0.013625577300910963,231560,0.013597328244274842,0.26572920696344227,21.6025390625,16,0,2048,0.32155539304949343,0.8843,0.3265127545237541,0.33155942405574024,234752,235146,"[0.852, 0.967, 0.85, 0.871, 0.8, 0.958, 0.659, 0.967, 0.969, 0.95]","[0.8660801564027371, 0.9695740365111561, 0.8550323176361958, 0.8742331288343558, 0.8149646107178968, 0.9611848825331971, 0.6804979253112033, 0.9631425800193987, 0.9797979797979798, 0.9457523029682702]",batch,both
FashionMNIST,small,43,10,a2,layerwise,redundancy,loss_free,,0.1,1,0.8944,0.8885,0.29412115178108217,0.31269924943447114,231942,0.013625577300910963,231560,0.013597328244274842,0.26572920696344227,21.6025390625,16,0,2048,0.31838226900435984,0.8885,0.31269924561977386,0.3394721840741113,234752,235146,"[0.864, 0.972, 0.783, 0.905, 0.857, 0.957, 0.654, 0.967, 0.972, 0.954]","[0.8817204301075269, 0.9695740365111561, 0.7820867959372114, 0.8977505112474438, 0.8685540950455005, 0.9662921348314607, 0.6877593360995851, 0.95635305528613, 0.9848484848484849, 0.9539406345957011]",batch,both
FashionMNIST,small,43,10,a2,layerwise,redundancy,loss_free,,0.1,3,0.8965,0.8918,0.29357082535028456,0.31452653230428695,231942,0.013625577300910963,231560,0.013597328244274842,0.26572920696344227,21.6025390625,16,0,2048,0.325583582976833,0.8918,0.31452652580738066,0.3369408301077783,234752,235146,"[0.867, 0.973, 0.84, 0.911, 0.787, 0.954, 0.686, 0.964, 0.968, 0.968]","[0.8699902248289345, 0.9705882352941176, 0.840258541089566, 0.9100204498977505, 0.8058645096056622, 0.9550561797752809, 0.7147302904564315, 0.9466537342386033, 0.9838383838383838, 0.9692937563971341]",batch,both
FashionMNIST,small,43,10,a2,layerwise,redundancy,loss_free,,0.1,5,0.8971,0.8943,0.2908488766551018,0.3111429298400879,231942,0.013625577300910963,231560,0.013597328244274842,0.26572920696344227,21.6025390625,16,0,2048,0.33548501098994166,0.8943,0.3111429302215576,0.3263505509821698,234752,235146,"[0.839, 0.971, 0.813, 0.908, 0.854, 0.963, 0.698, 0.965, 0.973, 0.959]","[0.8406647116324536, 0.9685598377281948, 0.8079409048938134, 0.908997955010225, 0.8554095045500506, 0.965270684371808, 0.7313278008298755, 0.95635305528613, 0.9838383838383838, 0.9580348004094166]",batch,both
FashionMNIST,small,43,10,a2,layerwise,redundancy,loss_free,,0.2,0,0.8892,0.8812,0.3242327669620514,0.34196484595537185,228471,0.028386619376897793,228102,0.028327767175572505,0.26572920696344227,21.6025390625,16,0,2048,0.3137716200435534,0.8812,0.3419648474693298,0.3525640859734267,234752,235146,"[0.844, 0.959, 0.856, 0.876, 0.784, 0.954, 0.662, 0.955, 0.957, 0.965]","[0.8582600195503421, 0.9665314401622718, 0.8578024007386889, 0.8834355828220859, 0.8088978766430738, 0.9601634320735445, 0.6763485477178424, 0.9466537342386033, 0.9717171717171718, 0.9600818833162743]",batch,both
FashionMNIST,small,43,10,a2,layerwise,redundancy,loss_free,,0.2,1,0.8943,0.8906,0.2916164850592613,0.3094346496582031,228471,0.028386619376897793,228102,0.028327767175572505,0.26572920696344227,21.6025390625,16,0,2048,0.32362400693818927,0.8906,0.3094346504211426,0.3317994230892509,234752,235146,"[0.836, 0.969, 0.806, 0.907, 0.825, 0.962, 0.709, 0.959, 0.976, 0.957]","[0.8435972629521017, 0.9675456389452333, 0.8005540166204986, 0.8997955010224948, 0.840242669362993, 0.9673135852911133, 0.7437759336099585, 0.9485935984481086, 0.9848484848484849, 0.9529170931422722]",batch,both
FashionMNIST,small,43,10,a2,layerwise,redundancy,loss_free,,0.2,3,0.8954,0.8902,0.2912971722602844,0.31208298926353456,228471,0.028386619376897793,228102,0.028327767175572505,0.26572920696344227,21.6025390625,16,0,2048,0.3341266809729859,0.8902,0.31208298774957655,0.35004866507370025,234752,235146,"[0.849, 0.971, 0.794, 0.898, 0.849, 0.961, 0.685, 0.967, 0.972, 0.956]","[0.8572825024437928, 0.9695740365111561, 0.7894736842105263, 0.9008179959100204, 0.8645096056622852, 0.9622063329928499, 0.7271784232365145, 0.953443258971872, 0.9838383838383838, 0.9518935516888434]",batch,both
FashionMNIST,small,43,10,a2,layerwise,redundancy,loss_free,,0.2,5,0.8972,0.8935,0.29227211449146273,0.3089568977475166,228471,0.028386619376897793,228102,0.028327767175572505,0.26572920696344227,21.6025390625,16,0,2048,0.33616909105330706,0.8935,0.30895689851641656,0.32842456898652017,234752,235146,"[0.845, 0.973, 0.797, 0.912, 0.851, 0.961, 0.697, 0.964, 0.976, 0.959]","[0.8455522971652004, 0.9695740365111561, 0.8005540166204986, 0.9130879345603272, 0.8624873609706775, 0.9713993871297242, 0.7261410788381742, 0.950533462657614, 0.9828282828282828, 0.9559877175025588]",batch,both
FashionMNIST,small,43,10,a2,layerwise,redundancy,loss_free,,0.3,0,0.8819,0.8747,0.3599925719976425,0.3771650614976883,225000,0.04314766145288462,224644,0.04305820610687028,0.26572920696344227,21.6025390625,16,0,2048,0.32804890791885555,0.8747,0.377165057516098,0.33927477593533695,234752,235146,"[0.811, 0.954, 0.878, 0.865, 0.719, 0.945, 0.707, 0.966, 0.939, 0.963]","[0.8181818181818182, 0.9594320486815415, 0.8716528162511542, 0.8660531697341514, 0.7472194135490394, 0.9458631256384066, 0.733402489626556, 0.953443258971872, 0.9616161616161616, 0.9600818833162743]",batch,both
FashionMNIST,small,43,10,a2,layerwise,redundancy,loss_free,,0.3,1,0.893,0.8888,0.2921016304254532,0.31010176881551743,225000,0.04314766145288462,224644,0.04305820610687028,0.26572920696344227,21.6025390625,16,0,2048,0.3253308041021228,0.8888,0.3101017699718475,0.3235711910529062,234752,235146,"[0.831, 0.97, 0.78, 0.902, 0.863, 0.958, 0.685, 0.963, 0.975, 0.961]","[0.8318670576735093, 0.9675456389452333, 0.7793167128347184, 0.8987730061349694, 0.8857431749241659, 0.9540347293156282, 0.7261410788381742, 0.9495635305528612, 0.9848484848484849, 0.9600818833162743]",batch,both
FashionMNIST,small,43,10,a2,layerwise,redundancy,loss_free,,0.3,3,0.8952,0.8921,0.2904152012228966,0.3113738725662231,225000,0.04314766145288462,224644,0.04305820610687028,0.26572920696344227,21.6025390625,16,0,2048,0.33107346505858004,0.8921,0.31137387293577196,0.3340293370420113,234752,235146,"[0.834, 0.972, 0.806, 0.911, 0.832, 0.962, 0.711, 0.959, 0.972, 0.962]","[0.8377321603128055, 0.9685598377281948, 0.8079409048938134, 0.9100204498977505, 0.8432760364004045, 0.9662921348314607, 0.7354771784232366, 0.9456838021338506, 0.9828282828282828, 0.9600818833162743]",batch,both
FashionMNIST,small,43,10,a2,layerwise,redundancy,loss_free,,0.3,5,0.8976,0.8921,0.2911455430746078,0.3099007942199707,225000,0.04314766145288462,224644,0.04305820610687028,0.26572920696344227,21.6025390625,16,0,2048,0.31987696303986013,0.8921,0.3099007972002029,0.31721705896779895,234752,235146,"[0.843, 0.972, 0.805, 0.912, 0.849, 0.961, 0.683, 0.962, 0.973, 0.961]","[0.8504398826979472, 0.9675456389452333, 0.8079409048938134, 0.9141104294478528, 0.8634984833164813, 0.9622063329928499, 0.720954356846473, 0.9495635305528612, 0.9828282828282828, 0.962128966223132]",batch,both
FashionMNIST,small,43,10,a2,layerwise,redundancy,loss_free,,0.4,0,0.8804,0.874,0.3769449789762497,0.3909431304216385,221529,0.05790870352887145,221186,0.05778864503816794,0.26572920696344227,21.6025390625,16,0,2048,0.3218410009285435,0.874,0.3909431330442429,0.3367355439113453,234752,235146,"[0.854, 0.959, 0.891, 0.88, 0.694, 0.941, 0.635, 0.965, 0.959, 0.962]","[0.8592375366568915, 0.9634888438133874, 0.8855032317636196, 0.8793456032719836, 0.7108190091001011, 0.947906026557712, 0.6618257261410788, 0.9544131910766246, 0.9747474747474747, 0.9600818833162743]",batch,both
FashionMNIST,small,43,10,a2,layerwise,redundancy,loss_free,,0.4,1,0.8953,0.8892,0.2902163603544235,0.30985154345035554,221529,0.05790870352887145,221186,0.05778864503816794,0.26572920696344227,21.6025390625,16,0,2048,0.3211182440863922,0.8892,0.3098515455365181,0.3303000129526481,234752,235146,"[0.845, 0.97, 0.809, 0.895, 0.847, 0.956, 0.677, 0.969, 0.971, 0.953]","[0.8533724340175953, 0.9695740365111561, 0.804247460757156, 0.9008179959100204, 0.8594539939332659, 0.9591419816138917, 0.7157676348547718, 0.95635305528613, 0.9848484848484849, 0.9539406345957011]",batch,both
FashionMNIST,small,43,10,a2,layerwise,redundancy,loss_free,,0.4,3,0.8941,0.8908,0.29064301623106004,0.3112934314608574,221529,0.05790870352887145,221186,0.05778864503816794,0.26572920696344227,21.6025390625,16,0,2048,0.32326738501433283,0.8908,0.31129343050718306,0.32783892494626343,234752,235146,"[0.815, 0.971, 0.795, 0.909, 0.842, 0.956, 0.723, 0.97, 0.973, 0.954]","[0.8211143695014663, 0.9685598377281948, 0.7987072945521699, 0.9028629856850716, 0.8493427704752275, 0.9570990806945863, 0.7562240663900415, 0.9582929194956353, 0.9828282828282828, 0.9529170931422722]",batch,both
FashionMNIST,small,43,10,a2,layerwise,redundancy,loss_free,,0.4,5,0.895,0.8929,0.2919179334759712,0.3119982577443123,221529,0.05790870352887145,221186,0.05778864503816794,0.26572920696344227,21.6025390625,16,0,2048,0.31168398493900895,0.8929,0.31199825505018236,0.33712501998525113,234752,235146,"[0.843, 0.97, 0.835, 0.911, 0.845, 0.954, 0.669, 0.965, 0.975, 0.962]","[0.8465298142717498, 0.9685598377281948, 0.8208679593721145, 0.911042944785276, 0.8473205257836198, 0.9560776302349336, 0.7033195020746889, 0.9524733268671193, 0.9828282828282828, 0.9641760491299898]",batch,both
FashionMNIST,small,43,10,a2,layerwise,redundancy,loss_free,,0.5,0,0.8662,0.8599,0.5231363447189331,0.5393493043422699,218058,0.07266974560485828,217728,0.0725190839694656,0.26572920696344227,21.6025390625,16,0,2048,0.3224871010752395,0.8599,0.5393493074417114,0.3233766190242022,234752,235146,"[0.899, 0.957, 0.913, 0.855, 0.676, 0.913, 0.525, 0.952, 0.96, 0.949]","[0.8944281524926686, 0.960446247464503, 0.9058171745152355, 0.8599182004089979, 0.6835187057633973, 0.9254341164453525, 0.5549792531120332, 0.9379243452958292, 0.9757575757575757, 0.9498464687819856]",batch,both
FashionMNIST,small,43,10,a2,layerwise,redundancy,loss_free,,0.5,1,0.8916,0.8885,0.29941652747392655,0.3191017738699913,218058,0.07266974560485828,217728,0.0725190839694656,0.26572920696344227,21.6025390625,16,0,2048,0.313392800046131,0.8885,0.31910177426338193,0.32307245396077633,234752,235146,"[0.852, 0.967, 0.791, 0.912, 0.832, 0.955, 0.69, 0.954, 0.971, 0.961]","[0.863147605083089, 0.9645030425963489, 0.7830101569713758, 0.9100204498977505, 0.8412537917087968, 0.9550561797752809, 0.7095435684647303, 0.9495635305528612, 0.9858585858585859, 0.9600818833162743]",batch,both
FashionMNIST,small,43,10,a2,layerwise,redundancy,loss_free,,0.5,3,0.8944,0.8898,0.29363732341527937,0.3114511340022087,218058,0.07266974560485828,217728,0.0725190839694656,0.26572920696344227,21.6025390625,16,0,2048,0.32034500397276133,0.8898,0.31145113307237626,0.33051368896849453,234752,235146,"[0.85, 0.972, 0.779, 0.906, 0.819, 0.964, 0.718, 0.964, 0.97, 0.956]","[0.852394916911046, 0.9675456389452333, 0.7848568790397045, 0.9079754601226994, 0.833164812942366, 0.9693564862104188, 0.7489626556016598, 0.9515033947623667, 0.9838383838383838, 0.9518935516888434]",batch,both
FashionMNIST,small,43,10,a2,layerwise,redundancy,loss_free,,0.5,5,0.8935,0.8888,0.2944994337558746,0.31270526192188264,218058,0.07266974560485828,217728,0.0725190839694656,0.26572920696344227,21.6025390625,16,0,2048,0.3235265619587153,0.8888,0.3127052594602108,0.3321553770219907,234752,235146,"[0.851, 0.972, 0.766, 0.905, 0.845, 0.949, 0.706, 0.967, 0.971, 0.956]","[0.8533724340175953, 0.9675456389452333, 0.7691597414589104, 0.901840490797546, 0.8564206268958544, 0.95097037793667, 0.75, 0.953443258971872, 0.9838383838383838, 0.9570112589559877]",batch,both
FashionMNIST,small,43,10,a2,layerwise,redundancy,loss_free,,0.7,0,0.8464,0.8395,1.0022869463920594,1.0135326100349427,211383,0.10105636498175596,211078,0.10084685114503822,0.26572920696344227,21.6025390625,16,0,2048,0.3348838359816,0.8395,1.0135326085090637,0.3371906030224636,234752,235146,"[0.771, 0.916, 0.891, 0.933, 0.632, 0.811, 0.674, 0.928, 0.946, 0.893]","[0.7859237536656891, 0.9178498985801217, 0.8836565096952909, 0.9243353783231084, 0.6430738119312437, 0.8192032686414709, 0.696058091286307, 0.9282250242483027, 0.9616161616161616, 0.8966223132036848]",batch,both
FashionMNIST,small,43,10,a2,layerwise,redundancy,loss_free,,0.7,1,0.8882,0.8823,0.31397289299964903,0.33560330172777175,211383,0.10105636498175596,211078,0.10084685114503822,0.26572920696344227,21.6025390625,16,0,2048,0.3296543840551749,0.8823,0.3356032994389534,0.33966723503544927,234752,235146,"[0.825, 0.965, 0.794, 0.889, 0.828, 0.951, 0.691, 0.953, 0.97, 0.957]","[0.8426197458455523, 0.9645030425963489, 0.7968605724838412, 0.8967280163599182, 0.8422649140546006, 0.9519918283963228, 0.716804979253112, 0.9437439379243453, 0.9767676767676767, 0.95496417604913]",batch,both
FashionMNIST,small,43,10,a2,layerwise,redundancy,loss_free,,0.7,3,0.8912,0.8857,0.3010798762440681,0.3192106452345848,211383,0.10105636498175596,211078,0.10084685114503822,0.26572920696344227,21.6025390625,16,0,2048,0.3361568689579144,0.8857,0.319210643863678,0.33454519300721586,234752,235146,"[0.84, 0.968, 0.815, 0.894, 0.81, 0.956, 0.687, 0.953, 0.974, 0.96]","[0.8465298142717498, 0.9655172413793104, 0.8134810710987996, 0.8946830265848671, 0.8351870576339737, 0.9550561797752809, 0.7157676348547718, 0.9466537342386033, 0.9848484848484849, 0.9580348004094166]",batch,both
FashionMNIST,small,43,10,a2,layerwise,redundancy,loss_free,,0.7,5,0.8914,0.8894,0.29564730380773546,0.31416915309429166,211383,0.10105636498175596,211078,0.10084685114503822,0.26572920696344227,21.6025390625,16,0,2048,0.33902468904852867,0.8894,0.3141691526770592,0.3304183679865673,234752,235146,"[0.841, 0.969, 0.812, 0.893, 0.835, 0.956, 0.697, 0.952, 0.975, 0.964]","[0.8387096774193549, 0.9655172413793104, 0.8088642659279779, 0.8905930470347648, 0.8493427704752275, 0.9550561797752809, 0.7271784232365145, 0.9408341416100873, 0.9828282828282828, 0.9600818833162743]",batch,both
FashionMNIST,small,43,10,all,all,hebbian,loss_free,,0.05,0,0.8914,0.8836,0.3101386919975281,0.33098101708889005,222660,0.05309892577377462,222284,0.05311136859323884,0.26572920696344227,21.6025390625,16,0,2048,0.3320493900682777,0.8836,0.330981018447876,0.3292727239895612,234752,235146,"[0.85, 0.972, 0.853, 0.863, 0.813, 0.947, 0.648, 0.968, 0.968, 0.954]","[0.863147605083089, 0.9705882352941176, 0.8513388734995383, 0.8650306748466258, 0.8361981799797775, 0.9560776302349336, 0.6763485477178424, 0.9592628516003879, 0.9797979797979798, 0.9539406345957011]",batch,both
FashionMNIST,small,43,10,all,all,hebbian,loss_free,,0.05,1,0.8963,0.8915,0.2926912583231926,0.31115033659935,222660,0.05309892577377462,222284,0.05311136859323884,0.26572920696344227,21.6025390625,16,0,2048,0.32237593503668904,0.8915,0.31115034366846084,0.3327116649597883,234752,235146,"[0.839, 0.97, 0.799, 0.906, 0.835, 0.961, 0.711, 0.964, 0.971, 0.959]","[0.8475073313782991, 0.9695740365111561, 0.7940904893813481, 0.9079754601226994, 0.8503538928210314, 0.9642492339121552, 0.7406639004149378, 0.9515033947623667, 0.9828282828282828, 0.9611054247697032]",batch,both
FashionMNIST,small,43,10,all,all,hebbian,loss_free,,0.05,3,0.8954,0.8931,0.2915298080086708,0.31039212416410444,222660,0.05309892577377462,222284,0.05311136859323884,0.26572920696344227,21.6025390625,16,0,2048,0.32838914601597935,0.8931,0.3103921224117279,0.3294795569963753,234752,235146,"[0.851, 0.972, 0.806, 0.912, 0.826, 0.962, 0.703, 0.968, 0.973, 0.958]","[0.8572825024437928, 0.9685598377281948, 0.8070175438596491, 0.9100204498977505, 0.8372093023255814, 0.9611848825331971, 0.729253112033195, 0.95635305528613, 0.9818181818181818, 0.9498464687819856]",batch,both
FashionMNIST,small,43,10,all,all,hebbian,loss_free,,0.05,5,0.8988,0.8941,0.29223185490369796,0.31172828842401507,222660,0.05309892577377462,222284,0.05311136859323884,0.26572920696344227,21.6025390625,16,0,2048,0.31534144398756325,0.8941,0.3117282901644707,0.32844217400997877,234752,235146,"[0.863, 0.974, 0.821, 0.903, 0.829, 0.965, 0.696, 0.96, 0.97, 0.96]","[0.8758553274682307, 0.9705882352941176, 0.8254847645429363, 0.9049079754601227, 0.8351870576339737, 0.9693564862104188, 0.720954356846473, 0.9485935984481086, 0.9808080808080808, 0.9590583418628454]",batch,both
FashionMNIST,small,43,10,all,all,hebbian,loss_free,,0.1,0,0.8885,0.8806,0.31436518235206606,0.3354523375511169,209417,0.10941712808212767,209060,0.10944315703380592,0.26572920696344227,21.6025390625,16,0,2048,0.31989232392515987,0.8806,0.33545233696699145,0.3222017779480666,234752,235146,"[0.854, 0.973, 0.844, 0.859, 0.818, 0.931, 0.638, 0.968, 0.967, 0.954]","[0.863147605083089, 0.9716024340770791, 0.8522622345337026, 0.8588957055214724, 0.839231547017189, 0.9346271705822268, 0.6701244813278008, 0.9602327837051406, 0.9777777777777777, 0.9539406345957011]",batch,both
FashionMNIST,small,43,10,all,all,hebbian,loss_free,,0.1,1,0.8936,0.8903,0.29818605605363846,0.31264757130146026,209417,0.10941712808212767,209060,0.10944315703380592,0.26572920696344227,21.6025390625,16,0,2048,0.3254814660176635,0.8903,0.31264756922721865,0.3287990650860593,234752,235146,"[0.839, 0.971, 0.766, 0.904, 0.869, 0.959, 0.701, 0.961, 0.975, 0.958]","[0.8396871945259042, 0.9675456389452333, 0.7617728531855956, 0.8967280163599182, 0.8796764408493428, 0.9642492339121552, 0.7396265560165975, 0.9515033947623667, 0.9848484848484849, 0.9600818833162743]",batch,both
FashionMNIST,small,43,10,all,all,hebbian,loss_free,,0.1,3,0.895,0.8922,0.2909524392604828,0.31075215715169907,209417,0.10941712808212767,209060,0.10944315703380592,0.26572920696344227,21.6025390625,16,0,2048,0.3185144279850647,0.8922,0.31075215232372283,0.3239178160438314,234752,235146,"[0.846, 0.972, 0.819, 0.915, 0.827, 0.96, 0.691, 0.962, 0.972, 0.958]","[0.8494623655913979, 0.9685598377281948, 0.814404432132964, 0.9141104294478528, 0.840242669362993, 0.9673135852911133, 0.7126556016597511, 0.9515033947623667, 0.9828282828282828, 0.9529170931422722]",batch,both
FashionMNIST,small,43,10,all,all,hebbian,loss_free,,0.1,5,0.8974,0.8933,0.2923723051905632,0.3102300967335701,209417,0.10941712808212767,209060,0.10944315703380592,0.26572920696344227,21.6025390625,16,0,2048,0.3143987359944731,0.8933,0.3102300959587097,0.32170891005080193,234752,235146,"[0.871, 0.972, 0.81, 0.91, 0.848, 0.962, 0.669, 0.961, 0.971, 0.959]","[0.8797653958944281, 0.9685598377281948, 0.8097876269621422, 0.9059304703476483, 0.8574317492416582, 0.965270684371808, 0.6991701244813278, 0.950533462657614, 0.9818181818181818, 0.9590583418628454]",batch,both
FashionMNIST,small,43,10,all,all,hebbian,loss_free,,0.2,0,0.8835,0.8731,0.3343775068283081,0.35776272482872007,183183,0.2209818580796612,182865,0.22102900081788446,0.26572920696344227,21.6025390625,16,0,2048,0.3233512929873541,0.8731,0.3577627309560776,0.32796857703942806,234752,235146,"[0.854, 0.972, 0.852, 0.861, 0.814, 0.891, 0.593, 0.973, 0.966, 0.955]","[0.8651026392961877, 0.9705882352941176, 0.8587257617728532, 0.8650306748466258, 0.8382204246713852, 0.9050051072522982, 0.6265560165975104, 0.965082444228904, 0.9777777777777777, 0.9570112589559877]",batch,both
FashionMNIST,small,43,10,all,all,hebbian,loss_free,,0.2,1,0.8933,0.8881,0.2961245726466179,0.3132469259500504,183183,0.2209818580796612,182865,0.22102900081788446,0.26572920696344227,21.6025390625,16,0,2048,0.32484756398480386,0.8881,0.3132469274044037,0.33320761704817414,234752,235146,"[0.834, 0.97, 0.795, 0.905, 0.817, 0.959, 0.711, 0.951, 0.973, 0.966]","[0.8406647116324536, 0.9675456389452333, 0.7996306555863343, 0.8997955010224948, 0.8412537917087968, 0.9622063329928499, 0.7406639004149378, 0.94180407371484, 0.9838383838383838, 0.962128966223132]",batch,both
FashionMNIST,small,43,10,all,all,hebbian,loss_free,,0.2,3,0.8942,0.8901,0.29248781473636626,0.3111368819117546,183183,0.2209818580796612,182865,0.22102900081788446,0.26572920696344227,21.6025390625,16,0,2048,0.3154794729780406,0.8901,0.31113688830137254,0.3299757440108806,234752,235146,"[0.856, 0.971, 0.794, 0.914, 0.837, 0.956, 0.681, 0.967, 0.973, 0.952]","[0.8611925708699902, 0.9695740365111561, 0.801477377654663, 0.9120654396728016, 0.8473205257836198, 0.9591419816138917, 0.7085062240663901, 0.9592628516003879, 0.9838383838383838, 0.9437052200614124]",batch,both
FashionMNIST,small,43,10,all,all,hebbian,loss_free,,0.2,5,0.8943,0.8926,0.2921442720532417,0.30862094497680664,183183,0.2209818580796612,182865,0.22102900081788446,0.26572920696344227,21.6025390625,16,0,2048,0.33927521808072925,0.8926,0.30862094485759733,0.3241840169066563,234752,235146,"[0.828, 0.973, 0.806, 0.913, 0.839, 0.96, 0.708, 0.961, 0.975, 0.963]","[0.8279569892473119, 0.9685598377281948, 0.8060941828254847, 0.9028629856850716, 0.8523761375126391, 0.9642492339121552, 0.7375518672199171, 0.9485935984481086, 0.9828282828282828, 0.9580348004094166]",batch,both
FashionMNIST,small,43,10,all,all,hebbian,loss_free,,0.3,0,0.8706,0.8585,0.36635634083747864,0.38950095300674437,158500,0.32595068595680976,158220,0.3260121319520175,0.26572920696344227,21.6025390625,16,0,2048,0.30549916496966034,0.8585,0.38950095570087434,0.3310583479469642,234752,235146,"[0.864, 0.972, 0.859, 0.84, 0.818, 0.848, 0.494, 0.977, 0.958, 0.955]","[0.8817204301075269, 0.9705882352941176, 0.863342566943675, 0.8343558282208589, 0.839231547017189, 0.86414708886619, 0.5446058091286307, 0.9670223084384093, 0.9757575757575757, 0.9539406345957011]",batch,both
FashionMNIST,small,43,10,all,all,hebbian,loss_free,,0.3,1,0.8904,0.8865,0.2997284694671631,0.3203389282941818,158500,0.32595068595680976,158220,0.3260121319520175,0.26572920696344227,21.6025390625,16,0,2048,0.33153008797671646,0.8865,0.32033893344402314,0.3188999780686572,234752,235146,"[0.846, 0.969, 0.813, 0.917, 0.825, 0.954, 0.659, 0.962, 0.97, 0.95]","[0.8504398826979472, 0.9675456389452333, 0.814404432132964, 0.908997955010225, 0.8341759352881699, 0.9591419816138917, 0.6836099585062241, 0.9573229873908826, 0.9838383838383838, 0.946775844421699]",batch,both
FashionMNIST,small,43,10,all,all,hebbian,loss_free,,0.3,3,0.8942,0.8869,0.2959781265377998,0.3155364477038384,158500,0.32595068595680976,158220,0.3260121319520175,0.26572920696344227,21.6025390625,16,0,2048,0.337944159982726,0.8869,0.31553644273281095,0.32668063999153674,234752,235146,"[0.841, 0.97, 0.798, 0.902, 0.825, 0.947, 0.698, 0.965, 0.967, 0.956]","[0.8455522971652004, 0.9665314401622718, 0.8079409048938134, 0.901840490797546, 0.840242669362993, 0.9540347293156282, 0.7375518672199171, 0.9582929194956353, 0.9828282828282828, 0.9518935516888434]",batch,both
FashionMNIST,small,43,10,all,all,hebbian,loss_free,,0.3,5,0.8953,0.8894,0.29210300204753875,0.3129426914811134,158500,0.32595068595680976,158220,0.3260121319520175,0.26572920696344227,21.6025390625,16,0,2048,0.31808002397883683,0.8894,0.31294268893003463,0.3484053179854527,234752,235146,"[0.854, 0.972, 0.813, 0.896, 0.826, 0.949, 0.693, 0.965, 0.969, 0.957]","[0.8543499511241447, 0.9695740365111561, 0.817174515235457, 0.8926380368098159, 0.846309403437816, 0.9560776302349336, 0.7354771784232366, 0.9524733268671193, 0.9818181818181818, 0.9508700102354145]",batch,both
FashionMNIST,small,43,10,all,all,hebbian,loss_free,,0.4,0,0.8562,0.8478,0.40776176209449766,0.42981648347377777,133605,0.43182108137072284,133364,0.4318940839694656,0.26572920696344227,21.6025390625,16,0,2048,0.3209707950009033,0.8478,0.42981647963523867,0.33189565991051495,234752,235146,"[0.841, 0.969, 0.842, 0.835, 0.819, 0.821, 0.494, 0.986, 0.948, 0.923]","[0.8426197458455523, 0.9685598377281948, 0.8476454293628809, 0.8282208588957055, 0.840242669362993, 0.8243105209397344, 0.5259336099585062, 0.9815712900096993, 0.9676767676767677, 0.9232343909928352]",batch,both
FashionMNIST,small,43,10,all,all,hebbian,loss_free,,0.4,1,0.888,0.8787,0.3087820596694946,0.3296854929447174,133605,0.43182108137072284,133364,0.4318940839694656,0.26572920696344227,21.6025390625,16,0,2048,0.3359044009121135,0.8787,0.3296854925870895,0.32120122492779046,234752,235146,"[0.824, 0.96, 0.779, 0.906, 0.801, 0.945, 0.692, 0.955, 0.973, 0.952]","[0.8260019550342131, 0.9655172413793104, 0.791320406278855, 0.911042944785276, 0.8149646107178968, 0.9519918283963228, 0.7385892116182573, 0.9485935984481086, 0.9838383838383838, 0.95496417604913]",batch,both
FashionMNIST,small,43,10,all,all,hebbian,loss_free,,0.4,3,0.8898,0.8854,0.29980545049905777,0.32159351754188537,133605,0.43182108137072284,133364,0.4318940839694656,0.26572920696344227,21.6025390625,16,0,2048,0.33713831496424973,0.8854,0.3215935163974762,0.3371190120233223,234752,235146,"[0.856, 0.968, 0.772, 0.903, 0.835, 0.947, 0.688, 0.966, 0.975, 0.944]","[0.8611925708699902, 0.9675456389452333, 0.7802400738688827, 0.8997955010224948, 0.8412537917087968, 0.9427987742594485, 0.7178423236514523, 0.9641125121241513, 0.9838383838383838, 0.9447287615148413]",batch,both
FashionMNIST,small,43,10,all,all,hebbian,loss_free,,0.4,5,0.8916,0.8855,0.29660166907310487,0.31854735211133955,133605,0.43182108137072284,133364,0.4318940839694656,0.26572920696344227,21.6025390625,16,0,2048,0.3217117750318721,0.8855,0.3185473507761955,0.3166376040317118,234752,235146,"[0.845, 0.968, 0.779, 0.905, 0.814, 0.953, 0.703, 0.961, 0.974, 0.953]","[0.8465298142717498, 0.9665314401622718, 0.7848568790397045, 0.9100204498977505, 0.839231547017189, 0.9540347293156282, 0.7323651452282157, 0.95635305528613, 0.9838383838383838, 0.9488229273285568]",batch,both
FashionMNIST,small,43,10,all,all,hebbian,loss_free,,0.5,0,0.8411,0.8341,0.48687838740348816,0.5071502875804901,109386,0.5348166670919343,109184,0.534896401308615,0.26572920696344227,21.6025390625,16,0,2048,0.3276167759904638,0.8341,0.5071502995014191,0.32312774599995464,234752,235146,"[0.807, 0.964, 0.885, 0.819, 0.758, 0.728, 0.565, 0.988, 0.927, 0.9]","[0.8191593352883676, 0.9655172413793104, 0.8753462603878116, 0.8159509202453987, 0.7765419615773509, 0.7150153217568948, 0.5871369294605809, 0.9873908826382153, 0.9434343434343434, 0.90992835209826]",batch,both
FashionMNIST,small,43,10,all,all,hebbian,loss_free,,0.5,1,0.884,0.8796,0.31886059279441836,0.33917128410339353,109386,0.5348166670919343,109184,0.534896401308615,0.26572920696344227,21.6025390625,16,0,2048,0.32231480593327433,0.8796,0.3391712842464447,0.3249898470239714,234752,235146,"[0.85, 0.965, 0.793, 0.905, 0.816, 0.934, 0.664, 0.949, 0.97, 0.95]","[0.8465298142717498, 0.9634888438133874, 0.7940904893813481, 0.9079754601226994, 0.8220424671385238, 0.9387129724208376, 0.6991701244813278, 0.9398642095053347, 0.9787878787878788, 0.9539406345957011]",batch,both
FashionMNIST,small,43,10,all,all,hebbian,loss_free,,0.5,3,0.8882,0.8819,0.30675668226480485,0.33030726292133333,109386,0.5348166670919343,109184,0.534896401308615,0.26572920696344227,21.6025390625,16,0,2048,0.32858707197010517,0.8819,0.3303072682619095,0.33059911895543337,234752,235146,"[0.846, 0.97, 0.786, 0.899, 0.83, 0.941, 0.664, 0.953, 0.97, 0.96]","[0.8621700879765396, 0.9675456389452333, 0.7977839335180056, 0.8926380368098159, 0.8361981799797775, 0.9448416751787538, 0.6991701244813278, 0.9437439379243453, 0.9818181818181818, 0.9600818833162743]",batch,both
FashionMNIST,small,43,10,all,all,hebbian,loss_free,,0.5,5,0.8895,0.8841,0.3011503350973129,0.3254203951239586,109386,0.5348166670919343,109184,0.534896401308615,0.26572920696344227,21.6025390625,16,0,2048,0.32426391704939306,0.8841,0.3254203961014748,0.33701984595973045,234752,235146,"[0.834, 0.964, 0.802, 0.908, 0.816, 0.947, 0.69, 0.944, 0.971, 0.965]","[0.841642228739003, 0.9665314401622718, 0.8088642659279779, 0.9059304703476483, 0.8291203235591507, 0.947906026557712, 0.7136929460580913, 0.938894277400582, 0.9818181818181818, 0.9651995905834186]",batch,both
FashionMNIST,small,43,10,all,all,hebbian,loss_free,,0.7,0,0.7444,0.7332,0.9286810975074768,0.9470205853462219,63887,0.728309220654402,63761,0.7283899604689203,0.26572920696344227,21.6025390625,16,0,2048,0.32077954604756087,0.7332,0.9470205837249756,0.32257236796431243,234752,235146,"[0.737, 0.95, 0.89, 0.561, 0.675, 0.676, 0.524, 0.933, 0.476, 0.91]","[0.7429130009775171, 0.9513184584178499, 0.8882733148661126, 0.598159509202454, 0.679474216380182, 0.6629213483146067, 0.5435684647302904, 0.9243452958292919, 0.51010101010101, 0.917093142272262]",batch,both
FashionMNIST,small,43,10,all,all,hebbian,loss_free,,0.7,1,0.8593,0.8525,0.40550271513462066,0.42396989414691927,63887,0.728309220654402,63761,0.7283899604689203,0.26572920696344227,21.6025390625,16,0,2048,0.318314349045977,0.8525,0.42396989448070527,0.3514712050091475,234752,235146,"[0.83, 0.953, 0.749, 0.892, 0.814, 0.915, 0.557, 0.914, 0.964, 0.937]","[0.8484848484848485, 0.960446247464503, 0.7460757156048015, 0.8926380368098159, 0.839231547017189, 0.9152196118488254, 0.5840248962655602, 0.9000969932104753, 0.9767676767676767, 0.9344933469805528]",batch,both
FashionMNIST,small,43,10,all,all,hebbian,loss_free,,0.7,3,0.8722,0.8639,0.3575330613017082,0.37770480692386627,63887,0.728309220654402,63761,0.7283899604689203,0.26572920696344227,21.6025390625,16,0,2048,0.31754855008330196,0.8639,0.3777048114776611,0.34721313195768744,234752,235146,"[0.844, 0.956, 0.766, 0.887, 0.792, 0.928, 0.625, 0.917, 0.968, 0.956]","[0.852394916911046, 0.9594320486815415, 0.7663896583564174, 0.8905930470347648, 0.8200202224469161, 0.9356486210418795, 0.6628630705394191, 0.9049466537342385, 0.9777777777777777, 0.9580348004094166]",batch,both
FashionMNIST,small,43,10,all,all,hebbian,loss_free,,0.7,5,0.876,0.8678,0.3421866804480553,0.36280164308547974,63887,0.728309220654402,63761,0.7283899604689203,0.26572920696344227,21.6025390625,16,0,2048,0.3225445309653878,0.8678,0.3628016464710236,0.3334027189994231,234752,235146,"[0.825, 0.963, 0.776, 0.899, 0.788, 0.926, 0.646, 0.938, 0.97, 0.947]","[0.8269794721407625, 0.9634888438133874, 0.7728531855955678, 0.9038854805725971, 0.8149646107178968, 0.933605720122574, 0.6908713692946058, 0.930164888457808, 0.9797979797979798, 0.9498464687819856]",batch,both
FashionMNIST,small,43,10,a1,layerwise,hebbian,loss_free,,0.05,0,0.8912,0.8832,0.30931522644758225,0.3303647619009018,224190,0.04659232987165418,223808,0.04661941112322787,0.26572920696344227,21.6025390625,16,0,2048,0.31753614195622504,0.8832,0.33036476130485537,0.3374501829966903,234752,235146,"[0.844, 0.972, 0.845, 0.863, 0.806, 0.947, 0.665, 0.968, 0.968, 0.954]","[0.8582600195503421, 0.9705882352941176, 0.8476454293628809, 0.8640081799591002, 0.8311425682507584, 0.9560776302349336, 0.6898340248962656, 0.9592628516003879, 0.9797979797979798, 0.9539406345957011]",batch,both
FashionMNIST,small,43,10,a1,layerwise,hebbian,loss_free,,0.05,1,0.896,0.8917,0.29413711671829224,0.31379621913433076,224190,0.04659232987165418,223808,0.04661941112322787,0.26572920696344227,21.6025390625,16,0,2048,0.3420151270693168,0.8917,0.31379622123241424,0.3563762620324269,234752,235146,"[0.857, 0.971, 0.796, 0.901, 0.839, 0.963, 0.695, 0.958, 0.97, 0.967]","[0.8719452590420332, 0.9695740365111561, 0.791320406278855, 0.8997955010224948, 0.8584428715874621, 0.9642492339121552, 0.7230290456431535, 0.9379243452958292, 0.9838383838383838, 0.9662231320368475]",batch,both
FashionMNIST,small,43,10,a1,layerwise,hebbian,loss_free,,0.05,3,0.8962,0.8922,0.2946605013012886,0.31354994868040087,224190,0.04659232987165418,223808,0.04661941112322787,0.26572920696344227,21.6025390625,16,0,2048,0.32807063800282776,0.8922,0.3135499522924423,0.3451941789826378,234752,235146,"[0.856, 0.972, 0.81, 0.911, 0.829, 0.962, 0.693, 0.974, 0.971, 0.944]","[0.8690127077223851, 0.9685598377281948, 0.801477377654663, 0.9130879345603272, 0.8432760364004045, 0.9601634320735445, 0.720954356846473, 0.9660523763336566, 0.9818181818181818, 0.9416581371545547]",batch,both
FashionMNIST,small,43,10,a1,layerwise,hebbian,loss_free,,0.05,5,0.8997,0.8951,0.2925352606534958,0.31064037783145904,224190,0.04659232987165418,223808,0.04661941112322787,0.26572920696344227,21.6025390625,16,0,2048,0.32273775106295943,0.8951,0.3106403805971146,0.32995192205999047,234752,235146,"[0.856, 0.974, 0.808, 0.909, 0.832, 0.962, 0.714, 0.962, 0.97, 0.964]","[0.8690127077223851, 0.9705882352941176, 0.8079409048938134, 0.911042944785276, 0.8493427704752275, 0.9703779366700716, 0.7365145228215768, 0.9476236663433559, 0.9808080808080808, 0.9590583418628454]",batch,both
FashionMNIST,small,43,10,a1,layerwise,hebbian,loss_free,,0.1,0,0.8887,0.8816,0.31158022998571394,0.3337183606028557,212321,0.09706735389927956,211952,0.09712377317339149,0.26572920696344227,21.6025390625,16,0,2048,0.3238826090237126,0.8816,0.3337183627128601,0.34706128598190844,234752,235146,"[0.847, 0.972, 0.842, 0.863, 0.808, 0.931, 0.663, 0.968, 0.968, 0.954]","[0.8563049853372434, 0.9705882352941176, 0.8476454293628809, 0.8640081799591002, 0.8301314459049545, 0.9346271705822268, 0.6877593360995851, 0.9602327837051406, 0.9797979797979798, 0.9539406345957011]",batch,both
FashionMNIST,small,43,10,a1,layerwise,hebbian,loss_free,,0.1,1,0.8955,0.8909,0.2921666994214058,0.3117302517294884,212321,0.09706735389927956,211952,0.09712377317339149,0.26572920696344227,21.6025390625,16,0,2048,0.31744388304650784,0.8909,0.31173025776147845,0.3285171230090782,234752,235146,"[0.844, 0.97, 0.806, 0.913, 0.829, 0.965, 0.695, 0.964, 0.97, 0.953]","[0.8533724340175953, 0.9685598377281948, 0.8070175438596491, 0.9069529652351738, 0.8422649140546006, 0.9724208375893769, 0.720954356846473, 0.953443258971872, 0.9838383838383838, 0.9508700102354145]",batch,both
FashionMNIST,small,43,10,a1,layerwise,hebbian,loss_free,,0.1,3,0.8962,0.8931,0.2925446392059326,0.3101493407070637,212321,0.09706735389927956,211952,0.09712377317339149,0.26572920696344227,21.6025390625,16,0,2048,0.3566435519605875,0.8931,0.3101493445277214,0.3561970400623977,234752,235146,"[0.834, 0.973, 0.799, 0.919, 0.834, 0.962, 0.715, 0.964, 0.973, 0.958]","[0.8250244379276638, 0.9695740365111561, 0.8033240997229917, 0.9161554192229039, 0.8503538928210314, 0.9662921348314607, 0.7510373443983402, 0.950533462657614, 0.9838383838383838, 0.9529170931422722]",batch,both
FashionMNIST,small,43,10,a1,layerwise,hebbian,loss_free,,0.1,5,0.8973,0.8939,0.29203455395698547,0.3084696806848049,212321,0.09706735389927956,211952,0.09712377317339149,0.26572920696344227,21.6025390625,16,0,2048,0.3269560249755159,0.8939,0.308469677823782,0.3420226899906993,234752,235146,"[0.842, 0.973, 0.796, 0.915, 0.849, 0.964, 0.705, 0.962, 0.975, 0.958]","[0.8455522971652004, 0.9695740365111561, 0.7968605724838412, 0.9100204498977505, 0.8634984833164813, 0.9703779366700716, 0.7365145228215768, 0.9544131910766246, 0.9818181818181818, 0.9508700102354145]",batch,both
FashionMNIST,small,43,10,a1,layerwise,hebbian,loss_free,,0.2,0,0.8868,0.8773,0.32400701398849485,0.3491769202589989,188583,0.19801740195453033,188240,0.19813249727371862,0.26572920696344227,21.6025390625,16,0,2048,0.33333583700004965,0.8773,0.34917692650556564,0.33048826502636075,234752,235146,"[0.841, 0.972, 0.842, 0.863, 0.801, 0.891, 0.666, 0.974, 0.967, 0.956]","[0.855327468230694, 0.9705882352941176, 0.8494921514312096, 0.8650306748466258, 0.8270980788675429, 0.9019407558733401, 0.6939834024896265, 0.962172647914646, 0.9808080808080808, 0.9590583418628454]",batch,both
FashionMNIST,small,43,10,a1,layerwise,hebbian,loss_free,,0.2,1,0.8928,0.8885,0.29646317789554594,0.3157089010119438,188583,0.19801740195453033,188240,0.19813249727371862,0.26572920696344227,21.6025390625,16,0,2048,0.3389786439947784,0.8885,0.31570890616178515,0.3327598450705409,234752,235146,"[0.831, 0.97, 0.796, 0.898, 0.812, 0.954, 0.735, 0.965, 0.971, 0.953]","[0.8260019550342131, 0.9675456389452333, 0.7894736842105263, 0.901840490797546, 0.8361981799797775, 0.9550561797752809, 0.7686721991701245, 0.9524733268671193, 0.9848484848484849, 0.9539406345957011]",batch,both
FashionMNIST,small,43,10,a1,layerwise,hebbian,loss_free,,0.2,3,0.8952,0.89,0.29280490247011187,0.3132819914698601,188583,0.19801740195453033,188240,0.19813249727371862,0.26572920696344227,21.6025390625,16,0,2048,0.3334350339137018,0.89,0.3132819880604744,0.39777033508289605,234752,235146,"[0.848, 0.97, 0.823, 0.914, 0.831, 0.961, 0.66, 0.965, 0.972, 0.956]","[0.8592375366568915, 0.9675456389452333, 0.827331486611265, 0.9079754601226994, 0.8483316481294236, 0.9673135852911133, 0.6939834024896265, 0.9553831231813773, 0.9828282828282828, 0.9437052200614124]",batch,both
FashionMNIST,small,43,10,a1,layerwise,hebbian,loss_free,,0.2,5,0.8959,0.8901,0.2917790493130684,0.3117152785301209,188583,0.19801740195453033,188240,0.19813249727371862,0.26572920696344227,21.6025390625,16,0,2048,0.3382457559928298,0.8901,0.3117152856707573,0.3537059589289129,234752,235146,"[0.848, 0.972, 0.816, 0.91, 0.827, 0.954, 0.685, 0.969, 0.971, 0.949]","[0.8621700879765396, 0.9675456389452333, 0.8227146814404432, 0.9100204498977505, 0.8372093023255814, 0.9540347293156282, 0.7199170124481328, 0.965082444228904, 0.9818181818181818, 0.9406345957011258]",batch,both
FashionMNIST,small,43,10,a1,layerwise,hebbian,loss_free,,0.3,0,0.8773,0.8676,0.343829052734375,0.37004141099452975,165758,0.29508475585381,165440,0.2952562704471101,0.26572920696344227,21.6025390625,16,0,2048,0.33806510001886636,0.8676,0.3700414101600647,0.32422307902015746,234752,235146,"[0.842, 0.97, 0.834, 0.857, 0.805, 0.819, 0.656, 0.977, 0.962, 0.954]","[0.8514173998044966, 0.9685598377281948, 0.8476454293628809, 0.8599182004089979, 0.8311425682507584, 0.8253319713993871, 0.6794605809128631, 0.9689621726479146, 0.9787878787878788, 0.9570112589559877]",batch,both
FashionMNIST,small,43,10,a1,layerwise,hebbian,loss_free,,0.3,1,0.8937,0.8883,0.2940870611667633,0.3160632499575615,165758,0.29508475585381,165440,0.2952562704471101,0.26572920696344227,21.6025390625,16,0,2048,0.3111461669905111,0.8883,0.31606324800252916,0.32027035602368414,234752,235146,"[0.845, 0.972, 0.812, 0.911, 0.82, 0.946, 0.689, 0.959, 0.971, 0.958]","[0.8377321603128055, 0.9675456389452333, 0.8162511542012927, 0.9100204498977505, 0.8372093023255814, 0.9570990806945863, 0.7240663900414938, 0.950533462657614, 0.9838383838383838, 0.9570112589559877]",batch,both
FashionMNIST,small,43,10,a1,layerwise,hebbian,loss_free,,0.3,3,0.8936,0.8906,0.29452353115081786,0.313160917699337,165758,0.29508475585381,165440,0.2952562704471101,0.26572920696344227,21.6025390625,16,0,2048,0.33511599199846387,0.8906,0.31316091259717943,0.34400328795891255,234752,235146,"[0.842, 0.97, 0.799, 0.909, 0.846, 0.955, 0.697, 0.957, 0.972, 0.959]","[0.8426197458455523, 0.9665314401622718, 0.7922437673130194, 0.9038854805725971, 0.8624873609706775, 0.9560776302349336, 0.725103734439834, 0.950533462657614, 0.9838383838383838, 0.9590583418628454]",batch,both
FashionMNIST,small,43,10,a1,layerwise,hebbian,loss_free,,0.3,5,0.8954,0.8918,0.2901063713788986,0.3099356627702713,165758,0.29508475585381,165440,0.2952562704471101,0.26572920696344227,21.6025390625,16,0,2048,0.35585668205749243,0.8918,0.30993566904067993,0.3377679099794477,234752,235146,"[0.847, 0.972, 0.815, 0.905, 0.82, 0.956, 0.714, 0.962, 0.971, 0.956]","[0.852394916911046, 0.9685598377281948, 0.8162511542012927, 0.9069529652351738, 0.8351870576339737, 0.9611848825331971, 0.7302904564315352, 0.9553831231813773, 0.9828282828282828, 0.9488229273285568]",batch,both
FashionMNIST,small,43,10,a1,layerwise,hebbian,loss_free,,0.4,0,0.8658,0.8602,0.36819875104427335,0.3939489810705185,142020,0.39603480390906076,141728,0.39626499454743724,0.26572920696344227,21.6025390625,16,0,2048,0.33082241809461266,0.8602,0.39394898436069486,0.3221232210053131,234752,235146,"[0.835, 0.969, 0.825, 0.854, 0.807, 0.778, 0.639, 0.983, 0.966, 0.946]","[0.8455522971652004, 0.9675456389452333, 0.8365650969529086, 0.8578732106339468, 0.8311425682507584, 0.7487231869254342, 0.6587136929460581, 0.9786614936954413, 0.9767676767676767, 0.9498464687819856]",batch,both
FashionMNIST,small,43,10,a1,layerwise,hebbian,loss_free,,0.4,1,0.8907,0.8852,0.2961810926795006,0.32025302219390867,142020,0.39603480390906076,141728,0.39626499454743724,0.26572920696344227,21.6025390625,16,0,2048,0.31938622205052525,0.8852,0.3202530247449875,0.34350202803034335,234752,235146,"[0.846, 0.969, 0.815, 0.896, 0.831, 0.952, 0.663, 0.952, 0.972, 0.956]","[0.8543499511241447, 0.9675456389452333, 0.8180978762696214, 0.8987730061349694, 0.8442871587462083, 0.9570990806945863, 0.6898340248962656, 0.9379243452958292, 0.9848484848484849, 0.9570112589559877]",batch,both
FashionMNIST,small,43,10,a1,layerwise,hebbian,loss_free,,0.4,3,0.8934,0.8864,0.29412778515815735,0.3173423953294754,142020,0.39603480390906076,141728,0.39626499454743724,0.26572920696344227,21.6025390625,16,0,2048,0.33091817097738385,0.8864,0.31734239654541013,0.3421558110276237,234752,235146,"[0.858, 0.97, 0.806, 0.914, 0.821, 0.936, 0.665, 0.968, 0.973, 0.953]","[0.8748778103616813, 0.9675456389452333, 0.8125577100646353, 0.9130879345603272, 0.8372093023255814, 0.9468845760980592, 0.691908713692946, 0.9553831231813773, 0.9838383838383838, 0.9529170931422722]",batch,both
FashionMNIST,small,43,10,a1,layerwise,hebbian,loss_free,,0.4,5,0.8938,0.8883,0.29248606703281405,0.31289937574863436,142020,0.39603480390906076,141728,0.39626499454743724,0.26572920696344227,21.6025390625,16,0,2048,0.32806843402795494,0.8883,0.3128993772506714,0.3242483080830425,234752,235146,"[0.851, 0.969, 0.787, 0.901, 0.817, 0.949, 0.717, 0.963, 0.972, 0.957]","[0.855327468230694, 0.9675456389452333, 0.7996306555863343, 0.9069529652351738, 0.8260869565217391, 0.9591419816138917, 0.7396265560165975, 0.95635305528613, 0.9818181818181818, 0.9508700102354145]",batch,both
FashionMNIST,small,43,10,a1,layerwise,hebbian,loss_free,,0.5,0,0.8639,0.8572,0.37353090958595275,0.3961865756511688,118282,0.4969848519643115,118016,0.4972737186477645,0.26572920696344227,21.6025390625,16,0,2048,0.32818129006773233,0.8572,0.39618657815456393,0.32747086009476334,234752,235146,"[0.835, 0.966, 0.838, 0.839, 0.791, 0.774, 0.642, 0.968, 0.959, 0.96]","[0.8475073313782991, 0.9675456389452333, 0.8430286241920592, 0.8445807770961146, 0.8099089989888777, 0.7599591419816139, 0.66701244813278, 0.962172647914646, 0.9676767676767677, 0.9631525076765609]",batch,both
FashionMNIST,small,43,10,a1,layerwise,hebbian,loss_free,,0.5,1,0.8917,0.8843,0.3020496900320053,0.3247813329458237,118282,0.4969848519643115,118016,0.4972737186477645,0.26572920696344227,21.6025390625,16,0,2048,0.3260661920066923,0.8843,0.32478133807182313,0.3618493159301579,234752,235146,"[0.844, 0.966, 0.822, 0.901, 0.811, 0.941, 0.677, 0.961, 0.971, 0.949]","[0.841642228739003, 0.9665314401622718, 0.8310249307479224, 0.9069529652351738, 0.8230535894843276, 0.9519918283963228, 0.7085062240663901, 0.9544131910766246, 0.9818181818181818, 0.9529170931422722]",batch,both
FashionMNIST,small,43,10,a1,layerwise,hebbian,loss_free,,0.5,3,0.8915,0.8851,0.29692464277744296,0.3201105784654617,118282,0.4969848519643115,118016,0.4972737186477645,0.26572920696344227,21.6025390625,16,0,2048,0.32758521602954715,0.8851,0.3201105784893036,0.342895039007999,234752,235146,"[0.851, 0.963, 0.795, 0.901, 0.804, 0.946, 0.709, 0.956, 0.97, 0.956]","[0.8572825024437928, 0.9665314401622718, 0.7996306555863343, 0.8967280163599182, 0.8200202224469161, 0.9560776302349336, 0.7344398340248963, 0.9476236663433559, 0.9818181818181818, 0.9600818833162743]",batch,both
FashionMNIST,small,43,10,a1,layerwise,hebbian,loss_free,,0.5,5,0.8923,0.8861,0.29457560912370684,0.31628752229213714,118282,0.4969848519643115,118016,0.4972737186477645,0.26572920696344227,21.6025390625,16,0,2048,0.3235532339895144,0.8861,0.31628752117156983,0.3224499539937824,234752,235146,"[0.852, 0.966, 0.792, 0.9, 0.827, 0.952, 0.695, 0.946, 0.971, 0.96]","[0.8602150537634409, 0.9675456389452333, 0.7959372114496768, 0.901840490797546, 0.8361981799797775, 0.958120531154239, 0.7219917012448133, 0.938894277400582, 0.9818181818181818, 0.9662231320368475]",batch,both
FashionMNIST,small,43,10,a1,layerwise,hebbian,loss_free,,0.7,0,0.8198,0.8048,0.5430174550056458,0.5671529136657715,71719,0.6950022539188419,71504,0.6954062159214831,0.26572920696344227,21.6025390625,16,0,2048,0.3232109829550609,0.8048,0.5671529079437256,0.34428462805226445,234752,235146,"[0.8, 0.966, 0.819, 0.748, 0.813, 0.681, 0.597, 0.898, 0.751, 0.975]","[0.8328445747800587, 0.9634888438133874, 0.8310249307479224, 0.7597137014314929, 0.8432760364004045, 0.6649642492339122, 0.6244813278008299, 0.8991270611057226, 0.7888888888888889, 0.9805527123848515]",batch,both
FashionMNIST,small,43,10,a1,layerwise,hebbian,loss_free,,0.7,1,0.8768,0.8699,0.3358120628118515,0.3572534345149994,71719,0.6950022539188419,71504,0.6954062159214831,0.26572920696344227,21.6025390625,16,0,2048,0.318726698984392,0.8699,0.3572534332513809,0.3278142100898549,234752,235146,"[0.809, 0.962, 0.758, 0.9, 0.835, 0.925, 0.661, 0.94, 0.96, 0.949]","[0.8211143695014663, 0.9634888438133874, 0.7580794090489381, 0.901840490797546, 0.8513650151668352, 0.9305413687436159, 0.6898340248962656, 0.9253152279340446, 0.9808080808080808, 0.9539406345957011]",batch,both
FashionMNIST,small,43,10,a1,layerwise,hebbian,loss_free,,0.7,3,0.8835,0.875,0.3172520046234131,0.3384829690217972,71719,0.6950022539188419,71504,0.6954062159214831,0.26572920696344227,21.6025390625,16,0,2048,0.32727815897669643,0.875,0.33848296101093295,0.3665125130210072,234752,235146,"[0.836, 0.963, 0.8, 0.896, 0.8, 0.923, 0.659, 0.948, 0.964, 0.961]","[0.844574780058651, 0.9645030425963489, 0.8107109879963066, 0.8936605316973415, 0.8169868554095046, 0.9366700715015321, 0.6929460580912863, 0.9398642095053347, 0.9777777777777777, 0.9600818833162743]",batch,both
FashionMNIST,small,43,10,a1,layerwise,hebbian,loss_free,,0.7,5,0.8871,0.8787,0.31007634994983674,0.33131337866783145,71719,0.6950022539188419,71504,0.6954062159214831,0.26572920696344227,21.6025390625,16,0,2048,0.33427706989459693,0.8787,0.3313133803844452,0.3411654750816524,234752,235146,"[0.84, 0.968, 0.808, 0.888, 0.819, 0.945, 0.651, 0.942, 0.965, 0.961]","[0.841642228739003, 0.9665314401622718, 0.817174515235457, 0.8875255623721882, 0.840242669362993, 0.9560776302349336, 0.691908713692946, 0.9340446168768186, 0.9808080808080808, 0.9580348004094166]",batch,both
FashionMNIST,small,43,10,a2,layerwise,hebbian,loss_free,,0.05,0,0.8908,0.8841,0.3093198991537094,0.3295622936487198,233544,0.006812788650455426,233156,0.006798664122137366,0.26572920696344227,21.6025390625,16,0,2048,0.3252475339686498,0.8841,0.3295622955560684,0.32024611602537334,234752,235146,"[0.849, 0.972, 0.851, 0.863, 0.813, 0.947, 0.655, 0.968, 0.969, 0.954]","[0.8611925708699902, 0.9705882352941176, 0.850415512465374, 0.8650306748466258, 0.8351870576339737, 0.9530132788559755, 0.6773858921161826, 0.9592628516003879, 0.9797979797979798, 0.9539406345957011]",batch,both
FashionMNIST,small,43,10,a2,layerwise,hebbian,loss_free,,0.05,1,0.8966,0.8906,0.29389570262432096,0.3126760922074318,233544,0.006812788650455426,233156,0.006798664122137366,0.26572920696344227,21.6025390625,16,0,2048,0.3137973080156371,0.8906,0.31267608536481856,0.3302189150126651,234752,235146,"[0.845, 0.971, 0.796, 0.904, 0.839, 0.96, 0.693, 0.963, 0.975, 0.96]","[0.852394916911046, 0.9675456389452333, 0.7977839335180056, 0.9038854805725971, 0.8554095045500506, 0.9662921348314607, 0.729253112033195, 0.9524733268671193, 0.9858585858585859, 0.9611054247697032]",batch,both
FashionMNIST,small,43,10,a2,layerwise,hebbian,loss_free,,0.05,3,0.8967,0.8921,0.2919725995182991,0.31105036509037015,233544,0.006812788650455426,233156,0.006798664122137366,0.26572920696344227,21.6025390625,16,0,2048,0.32477505202405155,0.8921,0.3110503735184669,0.31912130990531296,234752,235146,"[0.858, 0.97, 0.812, 0.909, 0.821, 0.964, 0.69, 0.959, 0.973, 0.965]","[0.8651026392961877, 0.9675456389452333, 0.8162511542012927, 0.908997955010225, 0.833164812942366, 0.9683350357507661, 0.7219917012448133, 0.9437439379243453, 0.9848484848484849, 0.9611054247697032]",batch,both
FashionMNIST,small,43,10,a2,layerwise,hebbian,loss_free,,0.05,5,0.8966,0.8941,0.2941303633451462,0.31326666899323463,233544,0.006812788650455426,233156,0.006798664122137366,0.26572920696344227,21.6025390625,16,0,2048,0.32314753101672977,0.8941,0.31326666669249537,0.3445825179805979,234752,235146,"[0.854, 0.975, 0.81, 0.91, 0.844, 0.961, 0.691, 0.965, 0.972, 0.959]","[0.8651026392961877, 0.9695740365111561, 0.804247460757156, 0.9069529652351738, 0.8493427704752275, 0.9642492339121552, 0.7178423236514523, 0.953443258971872, 0.9818181818181818, 0.9580348004094166]",batch,both
FashionMNIST,small,43,10,a2,layerwise,hebbian,loss_free,,0.1,0,0.8906,0.882,0.31092229399681093,0.33021974890232086,231942,0.013625577300910963,231560,0.013597328244274842,0.26572920696344227,21.6025390625,16,0,2048,0.3296729139983654,0.882,0.33021974753141403,0.32154467899817973,234752,235146,"[0.852, 0.973, 0.842, 0.856, 0.815, 0.947, 0.646, 0.968, 0.967, 0.954]","[0.8641251221896383, 0.9716024340770791, 0.850415512465374, 0.8588957055214724, 0.8412537917087968, 0.9530132788559755, 0.6732365145228216, 0.9592628516003879, 0.9777777777777777, 0.9539406345957011]",batch,both
FashionMNIST,small,43,10,a2,layerwise,hebbian,loss_free,,0.1,1,0.8965,0.8899,0.2937911679983139,0.312898478269577,231942,0.013625577300910963,231560,0.013597328244274842,0.26572920696344227,21.6025390625,16,0,2048,0.3318011909723282,0.8899,0.31289847828149797,0.3301402179058641,234752,235146,"[0.837, 0.97, 0.824, 0.904, 0.822, 0.965, 0.684, 0.962, 0.973, 0.958]","[0.8514173998044966, 0.9685598377281948, 0.8282548476454293, 0.9059304703476483, 0.839231547017189, 0.9662921348314607, 0.7126556016597511, 0.9485935984481086, 0.9858585858585859, 0.9611054247697032]",batch,both
FashionMNIST,small,43,10,a2,layerwise,hebbian,loss_free,,0.1,3,0.8971,0.8914,0.29370315679311754,0.31445198856592177,231942,0.013625577300910963,231560,0.013597328244274842,0.26572920696344227,21.6025390625,16,0,2048,0.32137209200300276,0.8914,0.3144519916176796,0.3318077150033787,234752,235146,"[0.847, 0.969, 0.814, 0.907, 0.843, 0.956, 0.681, 0.963, 0.973, 0.961]","[0.8563049853372434, 0.9675456389452333, 0.8116343490304709, 0.9059304703476483, 0.8574317492416582, 0.9601634320735445, 0.7188796680497925, 0.9495635305528612, 0.9848484848484849, 0.9631525076765609]",batch,both
FashionMNIST,small,43,10,a2,layerwise,hebbian,loss_free,,0.1,5,0.8958,0.8938,0.29518071097135545,0.31271876093149187,231942,0.013625577300910963,231560,0.013597328244274842,0.26572920696344227,21.6025390625,16,0,2048,0.3221824180800468,0.8938,0.31271876237392426,0.34074967296328396,234752,235146,"[0.85, 0.972, 0.819, 0.911, 0.836, 0.968, 0.688, 0.958, 0.97, 0.966]","[0.8475073313782991, 0.9675456389452333, 0.8107109879963066, 0.9100204498977505, 0.8442871587462083, 0.9693564862104188, 0.7240663900414938, 0.9437439379243453, 0.9848484848484849, 0.9611054247697032]",batch,both
FashionMNIST,small,43,10,a2,layerwise,hebbian,loss_free,,0.2,0,0.8875,0.8796,0.3177608019113541,0.3366278148174286,228471,0.028386619376897793,228102,0.028327767175572505,0.26572920696344227,21.6025390625,16,0,2048,0.3424317518947646,0.8796,0.33662781517505647,0.3485130980843678,234752,235146,"[0.855, 0.971, 0.85, 0.859, 0.822, 0.949, 0.606, 0.97, 0.963, 0.951]","[0.8680351906158358, 0.9705882352941176, 0.8550323176361958, 0.8588957055214724, 0.8432760364004045, 0.9540347293156282, 0.6286307053941909, 0.9612027158098934, 0.9787878787878788, 0.9518935516888434]",batch,both
FashionMNIST,small,43,10,a2,layerwise,hebbian,loss_free,,0.2,1,0.8961,0.8912,0.29257918351888657,0.31087490223646164,228471,0.028386619376897793,228102,0.028327767175572505,0.26572920696344227,21.6025390625,16,0,2048,0.352016591001302,0.8912,0.31087490574121474,0.33988940494600683,234752,235146,"[0.858, 0.971, 0.803, 0.911, 0.821, 0.968, 0.686, 0.958, 0.971, 0.965]","[0.8690127077223851, 0.9685598377281948, 0.8060941828254847, 0.908997955010225, 0.8432760364004045, 0.9673135852911133, 0.7116182572614108, 0.944713870029098, 0.9838383838383838, 0.962128966223132]",batch,both
FashionMNIST,small,43,10,a2,layerwise,hebbian,loss_free,,0.2,3,0.8941,0.891,0.2932761408209801,0.3110079676628113,228471,0.028386619376897793,228102,0.028327767175572505,0.26572920696344227,21.6025390625,16,0,2048,0.3327079570153728,0.891,0.3110079646706581,0.3456325379665941,234752,235146,"[0.825, 0.973, 0.769, 0.916, 0.834, 0.969, 0.736, 0.958, 0.972, 0.958]","[0.83088954056696, 0.9695740365111561, 0.7700831024930748, 0.9141104294478528, 0.8503538928210314, 0.9713993871297242, 0.7603734439834025, 0.9437439379243453, 0.9828282828282828, 0.9580348004094166]",batch,both
FashionMNIST,small,43,10,a2,layerwise,hebbian,loss_free,,0.2,5,0.8965,0.8901,0.2930688768863678,0.3130047743141651,228471,0.028386619376897793,228102,0.028327767175572505,0.26572920696344227,21.6025390625,16,0,2048,0.32428996404632926,0.8901,0.313004781383276,0.32398810400627553,234752,235146,"[0.828, 0.971, 0.772, 0.915, 0.841, 0.957, 0.717, 0.96, 0.975, 0.965]","[0.833822091886608, 0.9685598377281948, 0.7830101569713758, 0.918200408997955, 0.8584428715874621, 0.965270684371808, 0.75, 0.9466537342386033, 0.9848484848484849, 0.9651995905834186]",batch,both
FashionMNIST,small,43,10,a2,layerwise,hebbian,loss_free,,0.3,0,0.8808,0.8725,0.3331883354663849,0.35135465936660765,225000,0.04314766145288462,224644,0.04305820610687028,0.26572920696344227,21.6025390625,16,0,2048,0.3377655269578099,0.8725,0.351354652929306,0.3354227930540219,234752,235146,"[0.863, 0.974, 0.863, 0.838, 0.818, 0.958, 0.533, 0.963, 0.963, 0.952]","[0.8768328445747801, 0.9726166328600405, 0.8624192059095106, 0.8333333333333334, 0.8432760364004045, 0.9632277834525026, 0.5674273858921162, 0.9553831231813773, 0.9757575757575757, 0.9498464687819856]",batch,both
FashionMNIST,small,43,10,a2,layerwise,hebbian,loss_free,,0.3,1,0.8941,0.889,0.29233702553510665,0.30994665051698683,225000,0.04314766145288462,224644,0.04305820610687028,0.26572920696344227,21.6025390625,16,0,2048,0.32409971894230694,0.889,0.30994664951562884,0.32929811195936054,234752,235146,"[0.83, 0.972, 0.786, 0.906, 0.822, 0.959, 0.72, 0.966, 0.972, 0.957]","[0.8357771260997068, 0.9695740365111561, 0.7820867959372114, 0.9069529652351738, 0.8473205257836198, 0.9611848825331971, 0.754149377593361, 0.9553831231813773, 0.9838383838383838, 0.9529170931422722]",batch,both
FashionMNIST,small,43,10,a2,layerwise,hebbian,loss_free,,0.3,3,0.8979,0.8915,0.29147205325365066,0.3089212687253952,225000,0.04314766145288462,224644,0.04305820610687028,0.26572920696344227,21.6025390625,16,0,2048,0.3217496069846675,0.8915,0.3089212696790695,0.3307994300266728,234752,235146,"[0.854, 0.974, 0.783, 0.908, 0.82, 0.966, 0.716, 0.96, 0.972, 0.962]","[0.863147605083089, 0.9705882352941176, 0.791320406278855, 0.9069529652351738, 0.840242669362993, 0.9734422880490297, 0.75, 0.9456838021338506, 0.9838383838383838, 0.9611054247697032]",batch,both
FashionMNIST,small,43,10,a2,layerwise,hebbian,loss_free,,0.3,5,0.8978,0.8925,0.2911165641903877,0.3089084832906723,225000,0.04314766145288462,224644,0.04305820610687028,0.26572920696344227,21.6025390625,16,0,2048,0.325172575074248,0.8925,0.30890848224163053,0.330179568962194,234752,235146,"[0.846, 0.974, 0.802, 0.91, 0.819, 0.961, 0.711, 0.963, 0.975, 0.964]","[0.8494623655913979, 0.9705882352941176, 0.8134810710987996, 0.9120654396728016, 0.8351870576339737, 0.965270684371808, 0.7427385892116183, 0.9476236663433559, 0.9848484848484849, 0.962128966223132]",batch,both
FashionMNIST,small,43,10,a2,layerwise,hebbian,loss_free,,0.4,0,0.8825,0.8717,0.34328382751941683,0.3612297925710678,221529,0.05790870352887145,221186,0.05778864503816794,0.26572920696344227,21.6025390625,16,0,2048,0.32030567806214094,0.8717,0.36122979924678805,0.32020574901252985,234752,235146,"[0.85, 0.972, 0.857, 0.845, 0.815, 0.967, 0.548, 0.972, 0.96, 0.931]","[0.8611925708699902, 0.9705882352941176, 0.8642659279778393, 0.843558282208589, 0.8473205257836198, 0.965270684371808, 0.5892116182572614, 0.9689621726479146, 0.9737373737373738, 0.9334698055271239]",batch,both
FashionMNIST,small,43,10,a2,layerwise,hebbian,loss_free,,0.4,1,0.8946,0.889,0.2924988837122917,0.31296846626996994,221529,0.05790870352887145,221186,0.05778864503816794,0.26572920696344227,21.6025390625,16,0,2048,0.32292902295012027,0.889,0.3129684636235237,0.33392026205547154,234752,235146,"[0.847, 0.974, 0.821, 0.908, 0.8, 0.961, 0.687, 0.956, 0.973, 0.963]","[0.8504398826979472, 0.9695740365111561, 0.830101569713758, 0.9069529652351738, 0.80788675429727, 0.9642492339121552, 0.725103734439834, 0.9476236663433559, 0.9848484848484849, 0.962128966223132]",batch,both
FashionMNIST,small,43,10,a2,layerwise,hebbian,loss_free,,0.4,3,0.8938,0.8899,0.293913288629055,0.31396706105470656,221529,0.05790870352887145,221186,0.05778864503816794,0.26572920696344227,21.6025390625,16,0,2048,0.31850704399403185,0.8899,0.31396706107854844,0.3297465000068769,234752,235146,"[0.821, 0.968, 0.776, 0.915, 0.847, 0.966, 0.715, 0.959, 0.973, 0.959]","[0.8172043010752689, 0.9675456389452333, 0.7848568790397045, 0.9120654396728016, 0.8584428715874621, 0.9693564862104188, 0.745850622406639, 0.9485935984481086, 0.9838383838383838, 0.9590583418628454]",batch,both
FashionMNIST,small,43,10,a2,layerwise,hebbian,loss_free,,0.4,5,0.8955,0.8905,0.2899906455039978,0.3112190104484558,221529,0.05790870352887145,221186,0.05778864503816794,0.26572920696344227,21.6025390625,16,0,2048,0.3172900719800964,0.8905,0.31121901160478593,0.3257084139622748,234752,235146,"[0.836, 0.973, 0.797, 0.916, 0.822, 0.96, 0.705, 0.966, 0.971, 0.959]","[0.8377321603128055, 0.9705882352941176, 0.804247460757156, 0.918200408997955, 0.839231547017189, 0.9611848825331971, 0.7344398340248963, 0.9553831231813773, 0.9838383838383838, 0.9559877175025588]",batch,both
FashionMNIST,small,43,10,a2,layerwise,hebbian,loss_free,,0.5,0,0.8779,0.8682,0.37510241272449496,0.39413212022781374,218058,0.07266974560485828,217728,0.0725190839694656,0.26572920696344227,21.6025390625,16,0,2048,0.32274110801517963,0.8682,0.3941321214199066,0.3277965260203928,234752,235146,"[0.82, 0.968, 0.892, 0.845, 0.763, 0.954, 0.598, 0.978, 0.951, 0.913]","[0.8347996089931574, 0.9695740365111561, 0.8882733148661126, 0.8425357873210634, 0.78159757330637, 0.9560776302349336, 0.6296680497925311, 0.9806013579049466, 0.9686868686868687, 0.9181166837256909]",batch,both
FashionMNIST,small,43,10,a2,layerwise,hebbian,loss_free,,0.5,1,0.8915,0.8862,0.2963431682109833,0.31477357491254804,218058,0.07266974560485828,217728,0.0725190839694656,0.26572920696344227,21.6025390625,16,0,2048,0.33582670893520117,0.8862,0.31477357605695727,0.32591438898816705,234752,235146,"[0.814, 0.969, 0.794, 0.902, 0.836, 0.954, 0.701, 0.955, 0.975, 0.962]","[0.8181818181818182, 0.9685598377281948, 0.791320406278855, 0.9008179959100204, 0.8584428715874621, 0.9560776302349336, 0.7396265560165975, 0.9437439379243453, 0.9828282828282828, 0.9631525076765609]",batch,both
FashionMNIST,small,43,10,a2,layerwise,hebbian,loss_free,,0.5,3,0.8953,0.8884,0.29142703936100006,0.3108656638622284,218058,0.07266974560485828,217728,0.0725190839694656,0.26572920696344227,21.6025390625,16,0,2048,0.31537068798206747,0.8884,0.31086566828489304,0.3322263500886038,234752,235146,"[0.862, 0.97, 0.783, 0.911, 0.826, 0.957, 0.679, 0.967, 0.974, 0.955]","[0.8768328445747801, 0.9695740365111561, 0.7867036011080333, 0.9120654396728016, 0.8473205257836198, 0.958120531154239, 0.7157676348547718, 0.9573229873908826, 0.9838383838383838, 0.9508700102354145]",batch,both
FashionMNIST,small,43,10,a2,layerwise,hebbian,loss_free,,0.5,5,0.8968,0.89,0.2901157789587975,0.3108100833594799,218058,0.07266974560485828,217728,0.0725190839694656,0.26572920696344227,21.6025390625,16,0,2048,0.3221555110067129,0.89,0.3108100877046585,0.32776791602373123,234752,235146,"[0.853, 0.97, 0.792, 0.909, 0.84, 0.958, 0.684, 0.965, 0.973, 0.956]","[0.8690127077223851, 0.9685598377281948, 0.7977839335180056, 0.9069529652351738, 0.8624873609706775, 0.9540347293156282, 0.7178423236514523, 0.9573229873908826, 0.9838383838383838, 0.95496417604913]",batch,both
FashionMNIST,small,43,10,a2,layerwise,hebbian,loss_free,,0.7,0,0.8514,0.8383,0.535868756389618,0.5525366973876953,211383,0.10105636498175596,211078,0.10084685114503822,0.26572920696344227,21.6025390625,16,0,2048,0.32469865505117923,0.8383,0.5525366958618164,0.3243259390583262,234752,235146,"[0.787, 0.968, 0.917, 0.734, 0.633, 0.96, 0.559, 0.96, 0.936, 0.929]","[0.7996089931573802, 0.9705882352941176, 0.9196675900277008, 0.7413087934560327, 0.6420626895854399, 0.9713993871297242, 0.5964730290456431, 0.9573229873908826, 0.9606060606060606, 0.9406345957011258]",batch,both
FashionMNIST,small,43,10,a2,layerwise,hebbian,loss_free,,0.7,1,0.8895,0.8835,0.3092584306716919,0.32655167981386185,211383,0.10105636498175596,211078,0.10084685114503822,0.26572920696344227,21.6025390625,16,0,2048,0.3330817969981581,0.8835,0.3265516790509224,0.35366695502307266,234752,235146,"[0.846, 0.962, 0.789, 0.904, 0.801, 0.953, 0.693, 0.967, 0.971, 0.949]","[0.8572825024437928, 0.9655172413793104, 0.7857802400738689, 0.9120654396728016, 0.8169868554095046, 0.9560776302349336, 0.7230290456431535, 0.9553831231813773, 0.9808080808080808, 0.9477993858751279]",batch,both
FashionMNIST,small,43,10,a2,layerwise,hebbian,loss_free,,0.7,3,0.8927,0.8857,0.29719828053712843,0.3154823731541634,211383,0.10105636498175596,211078,0.10084685114503822,0.26572920696344227,21.6025390625,16,0,2048,0.33350329590030015,0.8857,0.31548237129449846,0.32976542704273015,234752,235146,"[0.847, 0.971, 0.795, 0.911, 0.808, 0.952, 0.688, 0.959, 0.972, 0.954]","[0.863147605083089, 0.9665314401622718, 0.7950138504155124, 0.9161554192229039, 0.8291203235591507, 0.9499489274770173, 0.720954356846473, 0.953443258971872, 0.9828282828282828, 0.95496417604913]",batch,both
FashionMNIST,small,43,10,a2,layerwise,hebbian,loss_free,,0.7,5,0.8934,0.8887,0.2932892824292183,0.3135202905535698,211383,0.10105636498175596,211078,0.10084685114503822,0.26572920696344227,21.6025390625,16,0,2048,0.33667457196861506,0.8887,0.3135202903747559,0.3522209180518985,234752,235146,"[0.839, 0.97, 0.805, 0.909, 0.837, 0.962, 0.679, 0.963, 0.972, 0.951]","[0.8514173998044966, 0.9675456389452333, 0.8033240997229917, 0.9151329243353783, 0.839231547017189, 0.9632277834525026, 0.7116182572614108, 0.9553831231813773, 0.9828282828282828, 0.9488229273285568]",batch,both
FashionMNIST,small,43,10,all,all,activation_fisher,loss_aware,,0.05,0,0.8909,0.8831,0.30813988077640536,0.3289162676930428,222660,0.05309892577377462,222284,0.05311136859323884,0.14097341697197407,20.8994140625,16,16,2048,0.34903178096283227,0.8831,0.3289162716507912,0.3434032240184024,234752,235146,"[0.841, 0.969, 0.844, 0.863, 0.806, 0.948, 0.672, 0.968, 0.965, 0.955]","[0.8563049853372434, 0.9705882352941176, 0.8467220683287165, 0.8640081799591002, 0.8291203235591507, 0.9540347293156282, 0.6939834024896265, 0.9592628516003879, 0.9787878787878788, 0.95496417604913]",batch,both
FashionMNIST,small,43,10,all,all,activation_fisher,loss_aware,,0.05,1,0.8964,0.8894,0.29057693808078766,0.31086535094976425,222660,0.05309892577377462,222284,0.05311136859323884,0.14097341697197407,20.8994140625,16,16,2048,0.32356189901474863,0.8894,0.3108653508067131,0.34887862706091255,234752,235146,"[0.852, 0.971, 0.822, 0.905, 0.804, 0.961, 0.685, 0.963, 0.971, 0.96]","[0.8563049853372434, 0.9705882352941176, 0.8291782086795937, 0.9049079754601227, 0.8230535894843276, 0.9673135852911133, 0.7261410788381742, 0.9476236663433559, 0.9838383838383838, 0.9580348004094166]",batch,both
FashionMNIST,small,43,10,all,all,activation_fisher,loss_aware,,0.05,3,0.8972,0.895,0.2915045798540115,0.3085521370112896,222660,0.05309892577377462,222284,0.05311136859323884,0.14097341697197407,20.8994140625,16,16,2048,0.31956637802068144,0.895,0.30855213688015937,0.32481729600112885,234752,235146,"[0.845, 0.972, 0.818, 0.914, 0.829, 0.96, 0.712, 0.963, 0.971, 0.966]","[0.8377321603128055, 0.9685598377281948, 0.8153277931671283, 0.9161554192229039, 0.8422649140546006, 0.9611848825331971, 0.7448132780082988, 0.9476236663433559, 0.9828282828282828, 0.9611054247697032]",batch,both
FashionMNIST,small,43,10,all,all,activation_fisher,loss_aware,,0.05,5,0.8962,0.8947,0.29372494388818743,0.31297184471488,222660,0.05309892577377462,222284,0.05311136859323884,0.14097341697197407,20.8994140625,16,16,2048,0.32525957690086216,0.8947,0.31297184560894964,0.3359878349583596,234752,235146,"[0.841, 0.972, 0.822, 0.909, 0.845, 0.963, 0.694, 0.967, 0.974, 0.96]","[0.8484848484848485, 0.9705882352941176, 0.8097876269621422, 0.908997955010225, 0.8442871587462083, 0.9611848825331971, 0.7302904564315352, 0.9553831231813773, 0.9838383838383838, 0.9539406345957011]",batch,both
FashionMNIST,small,43,10,all,all,activation_fisher,loss_aware,,0.1,0,0.8904,0.8821,0.30966278162002564,0.3311440915822983,209417,0.10941712808212767,209060,0.10944315703380592,0.14097341697197407,20.8994140625,16,16,2048,0.32561025605537,0.8821,0.3311440902352333,0.32263825892005116,234752,235146,"[0.85, 0.966, 0.847, 0.86, 0.807, 0.948, 0.658, 0.971, 0.962, 0.952]","[0.8602150537634409, 0.9665314401622718, 0.8522622345337026, 0.8640081799591002, 0.8270980788675429, 0.9540347293156282, 0.6877593360995851, 0.9592628516003879, 0.9757575757575757, 0.95496417604913]",batch,both
FashionMNIST,small,43,10,all,all,activation_fisher,loss_aware,,0.1,1,0.8931,0.8885,0.29202314599752427,0.31082221887111666,209417,0.10941712808212767,209060,0.10944315703380592,0.14097341697197407,20.8994140625,16,16,2048,0.33186466805636883,0.8885,0.31082222282886507,0.3213921799324453,234752,235146,"[0.836, 0.969, 0.795, 0.912, 0.834, 0.959, 0.692, 0.964, 0.97, 0.954]","[0.8377321603128055, 0.9665314401622718, 0.7987072945521699, 0.9028629856850716, 0.8513650151668352, 0.9601634320735445, 0.7261410788381742, 0.9544131910766246, 0.9828282828282828, 0.9559877175025588]",batch,both
FashionMNIST,small,43,10,all,all,activation_fisher,loss_aware,,0.1,3,0.8958,0.8942,0.2905635581612587,0.310659815120697,209417,0.10941712808212767,209060,0.10944315703380592,0.14097341697197407,20.8994140625,16,16,2048,0.3312635979382321,0.8942,0.3106598113417625,0.34384753997437656,234752,235146,"[0.859, 0.973, 0.818, 0.916, 0.838, 0.953, 0.689, 0.971, 0.971, 0.954]","[0.8582600195503421, 0.9685598377281948, 0.8125577100646353, 0.9151329243353783, 0.8432760364004045, 0.9560776302349336, 0.7126556016597511, 0.962172647914646, 0.9808080808080808, 0.9518935516888434]",batch,both
FashionMNIST,small,43,10,all,all,activation_fisher,loss_aware,,0.1,5,0.8962,0.8932,0.29211163113117217,0.30947103821635247,209417,0.10941712808212767,209060,0.10944315703380592,0.14097341697197407,20.8994140625,16,16,2048,0.3258236679248512,0.8932,0.30947103632092476,0.3780101549346,234752,235146,"[0.844, 0.972, 0.803, 0.91, 0.85, 0.962, 0.694, 0.967, 0.972, 0.958]","[0.8592375366568915, 0.9685598377281948, 0.7968605724838412, 0.9120654396728016, 0.8574317492416582, 0.965270684371808, 0.7178423236514523, 0.9515033947623667, 0.9838383838383838, 0.95496417604913]",batch,both
FashionMNIST,small,43,10,all,all,activation_fisher,loss_aware,,0.2,0,0.8888,0.8803,0.31802713894844054,0.34258170651197434,183183,0.2209818580796612,182865,0.22102900081788446,0.14097341697197407,20.8994140625,16,16,2048,0.31467301200609654,0.8803,0.3425817077040672,0.3287863520672545,234752,235146,"[0.851, 0.96, 0.85, 0.863, 0.812, 0.952, 0.645, 0.973, 0.947, 0.95]","[0.8641251221896383, 0.9614604462474645, 0.863342566943675, 0.8599182004089979, 0.8311425682507584, 0.9550561797752809, 0.6742738589211619, 0.9602327837051406, 0.9616161616161616, 0.9529170931422722]",batch,both
FashionMNIST,small,43,10,all,all,activation_fisher,loss_aware,,0.2,1,0.8942,0.8893,0.29113360550403594,0.3108538888812065,183183,0.2209818580796612,182865,0.22102900081788446,0.14097341697197407,20.8994140625,16,16,2048,0.31555324199143797,0.8893,0.3108538922548294,0.32955795200541615,234752,235146,"[0.858, 0.965, 0.793, 0.907, 0.832, 0.96, 0.688, 0.959, 0.972, 0.959]","[0.8641251221896383, 0.9675456389452333, 0.7968605724838412, 0.9059304703476483, 0.8422649140546006, 0.9591419816138917, 0.7219917012448133, 0.9437439379243453, 0.9828282828282828, 0.9631525076765609]",batch,both
FashionMNIST,small,43,10,all,all,activation_fisher,loss_aware,,0.2,3,0.8953,0.8922,0.29017834560871125,0.31076870008707047,183183,0.2209818580796612,182865,0.22102900081788446,0.14097341697197407,20.8994140625,16,16,2048,0.3279473150614649,0.8922,0.3107686968564987,0.3258644019952044,234752,235146,"[0.843, 0.969, 0.821, 0.911, 0.814, 0.966, 0.705, 0.968, 0.971, 0.954]","[0.841642228739003, 0.9685598377281948, 0.8310249307479224, 0.9120654396728016, 0.8190091001011123, 0.965270684371808, 0.7344398340248963, 0.9553831231813773, 0.9838383838383838, 0.9447287615148413]",batch,both
FashionMNIST,small,43,10,all,all,activation_fisher,loss_aware,,0.2,5,0.8968,0.894,0.2903418617129326,0.30951452966928483,183183,0.2209818580796612,182865,0.22102900081788446,0.14097341697197407,20.8994140625,16,16,2048,0.334452289971523,0.894,0.30951453111171723,0.3468152030836791,234752,235146,"[0.847, 0.968, 0.806, 0.913, 0.838, 0.965, 0.709, 0.964, 0.97, 0.96]","[0.8475073313782991, 0.9675456389452333, 0.804247460757156, 0.9120654396728016, 0.8473205257836198, 0.9673135852911133, 0.7385892116182573, 0.9524733268671193, 0.9818181818181818, 0.95496417604913]",batch,both
FashionMNIST,small,43,10,all,all,activation_fisher,loss_aware,,0.3,0,0.8786,0.8716,0.35866545083522794,0.382562088060379,158500,0.32595068595680976,158220,0.3260121319520175,0.14097341697197407,20.8994140625,16,16,2048,0.3339712299639359,0.8716,0.3825620943069458,0.33229175803717226,234752,235146,"[0.839, 0.955, 0.848, 0.838, 0.825, 0.931, 0.653, 0.974, 0.9, 0.953]","[0.8465298142717498, 0.9543610547667343, 0.863342566943675, 0.8271983640081799, 0.8442871587462083, 0.9356486210418795, 0.6887966804979253, 0.9592628516003879, 0.9121212121212121, 0.9498464687819856]",batch,both
FashionMNIST,small,43,10,all,all,activation_fisher,loss_aware,,0.3,1,0.8933,0.8882,0.2953118894338608,0.313976760160923,158500,0.32595068595680976,158220,0.3260121319520175,0.14097341697197407,20.8994140625,16,16,2048,0.3247938610147685,0.8882,0.31397675729990004,0.3382206289097667,234752,235146,"[0.863, 0.961, 0.786, 0.911, 0.833, 0.96, 0.682, 0.959, 0.969, 0.958]","[0.8660801564027371, 0.9655172413793104, 0.7977839335180056, 0.9069529652351738, 0.8493427704752275, 0.9591419816138917, 0.7126556016597511, 0.9466537342386033, 0.9818181818181818, 0.9518935516888434]",batch,both
FashionMNIST,small,43,10,all,all,activation_fisher,loss_aware,,0.3,3,0.894,0.8905,0.29300298272371295,0.3130337980866432,158500,0.32595068595680976,158220,0.3260121319520175,0.14097341697197407,20.8994140625,16,16,2048,0.3204649459803477,0.8905,0.31303379789590835,0.3285143569810316,234752,235146,"[0.841, 0.97, 0.835, 0.925, 0.809, 0.96, 0.679, 0.965, 0.97, 0.951]","[0.8396871945259042, 0.9675456389452333, 0.8337950138504155, 0.9274028629856851, 0.8250758341759353, 0.9550561797752809, 0.7116182572614108, 0.9524733268671193, 0.9838383838383838, 0.9457523029682702]",batch,both
FashionMNIST,small,43,10,all,all,activation_fisher,loss_aware,,0.3,5,0.8955,0.8922,0.29157348045110704,0.3107871483623981,158500,0.32595068595680976,158220,0.3260121319520175,0.14097341697197407,20.8994140625,16,16,2048,0.3236137959174812,0.8922,0.3107871493399143,0.31300030008424073,234752,235146,"[0.847, 0.97, 0.817, 0.902, 0.841, 0.965, 0.69, 0.963, 0.972, 0.955]","[0.8484848484848485, 0.9675456389452333, 0.8254847645429363, 0.9038854805725971, 0.846309403437816, 0.9611848825331971, 0.7178423236514523, 0.9524733268671193, 0.9838383838383838, 0.9508700102354145]",batch,both
FashionMNIST,small,43,10,all,all,activation_fisher,loss_aware,,0.4,0,0.856,0.8445,0.46929058327674866,0.4945193054676056,133605,0.43182108137072284,133364,0.4318940839694656,0.14097341697197407,20.8994140625,16,16,2048,0.3201877470128238,0.8445,0.4945193119049072,0.3326454620109871,234752,235146,"[0.832, 0.929, 0.867, 0.769, 0.821, 0.907, 0.655, 0.969, 0.753, 0.943]","[0.8494623655913979, 0.9269776876267748, 0.8744228993536473, 0.7648261758691206, 0.8341759352881699, 0.9223697650663942, 0.6804979253112033, 0.9573229873908826, 0.794949494949495, 0.9457523029682702]",batch,both
FashionMNIST,small,43,10,all,all,activation_fisher,loss_aware,,0.4,1,0.8906,0.8848,0.3025292917251587,0.3219229968309402,133605,0.43182108137072284,133364,0.4318940839694656,0.14097341697197407,20.8994140625,16,16,2048,0.31181700399611145,0.8848,0.32192299703359606,0.32606841588858515,234752,235146,"[0.847, 0.961, 0.791, 0.905, 0.831, 0.95, 0.683, 0.951, 0.971, 0.958]","[0.8514173998044966, 0.9634888438133874, 0.801477377654663, 0.8997955010224948, 0.8543983822042467, 0.9519918283963228, 0.7095435684647303, 0.9359844810863239, 0.9838383838383838, 0.9590583418628454]",batch,both
FashionMNIST,small,43,10,all,all,activation_fisher,loss_aware,,0.4,3,0.8939,0.8886,0.2966329690217972,0.31569260861873627,133605,0.43182108137072284,133364,0.4318940839694656,0.14097341697197407,20.8994140625,16,16,2048,0.34099210798740387,0.8886,0.31569260783195496,0.34609886503312737,234752,235146,"[0.862, 0.965, 0.817, 0.92, 0.829, 0.957, 0.653, 0.962, 0.97, 0.951]","[0.8572825024437928, 0.9655172413793104, 0.8254847645429363, 0.918200408997955, 0.839231547017189, 0.958120531154239, 0.691908713692946, 0.9524733268671193, 0.9828282828282828, 0.9498464687819856]",batch,both
FashionMNIST,small,43,10,all,all,activation_fisher,loss_aware,,0.4,5,0.8932,0.8866,0.29574065334796906,0.31521661895513536,133605,0.43182108137072284,133364,0.4318940839694656,0.14097341697197407,20.8994140625,16,16,2048,0.3250735530164093,0.8866,0.3152166231453419,0.31946473801508546,234752,235146,"[0.855, 0.966, 0.772, 0.904, 0.865, 0.958, 0.666, 0.957, 0.97, 0.953]","[0.8514173998044966, 0.9655172413793104, 0.788550323176362, 0.911042944785276, 0.8746208291203236, 0.9611848825331971, 0.700207468879668, 0.9456838021338506, 0.9838383838383838, 0.9559877175025588]",batch,both
FashionMNIST,small,43,10,all,all,activation_fisher,loss_aware,,0.5,0,0.815,0.8041,0.608916431236267,0.6326755358695983,109386,0.5348166670919343,109184,0.534896401308615,0.14097341697197407,20.8994140625,16,16,2048,0.34592671191785485,0.8041,0.63267555103302,0.3235726800048724,234752,235146,"[0.833, 0.808, 0.893, 0.77, 0.777, 0.891, 0.616, 0.943, 0.544, 0.966]","[0.8494623655913979, 0.8265720081135902, 0.8855032317636196, 0.7730061349693251, 0.7947421638018201, 0.891726251276813, 0.6400414937759336, 0.9311348205625606, 0.5777777777777777, 0.9651995905834186]",batch,both
FashionMNIST,small,43,10,all,all,activation_fisher,loss_aware,,0.5,1,0.8863,0.8799,0.3166171799182892,0.33424273544549943,109386,0.5348166670919343,109184,0.534896401308615,0.14097341697197407,20.8994140625,16,16,2048,0.33796163799706846,0.8799,0.33424272381067277,0.3418598580174148,234752,235146,"[0.84, 0.954, 0.779, 0.903, 0.836, 0.953, 0.656, 0.953, 0.969, 0.956]","[0.8475073313782991, 0.9594320486815415, 0.7802400738688827, 0.9079754601226994, 0.8554095045500506, 0.9550561797752809, 0.6939834024896265, 0.9350145489815713, 0.9818181818181818, 0.9529170931422722]",batch,both
FashionMNIST,small,43,10,all,all,activation_fisher,loss_aware,,0.5,3,0.8877,0.8822,0.30700626266002656,0.3248568188548088,109386,0.5348166670919343,109184,0.534896401308615,0.14097341697197407,20.8994140625,16,16,2048,0.3281658289488405,0.8822,0.32485681277513506,0.33623488794546574,234752,235146,"[0.847, 0.963, 0.788, 0.892, 0.865, 0.956, 0.637, 0.95, 0.97, 0.954]","[0.8465298142717498, 0.9645030425963489, 0.7950138504155124, 0.8967280163599182, 0.8736097067745198, 0.9601634320735445, 0.6732365145228216, 0.9350145489815713, 0.9858585858585859, 0.9508700102354145]",batch,both
FashionMNIST,small,43,10,all,all,activation_fisher,loss_aware,,0.5,5,0.8923,0.8856,0.29929546248912814,0.3181974592924118,109386,0.5348166670919343,109184,0.534896401308615,0.14097341697197407,20.8994140625,16,16,2048,0.31528540304861963,0.8856,0.3181974665284157,0.3230061490321532,234752,235146,"[0.854, 0.967, 0.795, 0.889, 0.844, 0.954, 0.668, 0.959, 0.97, 0.956]","[0.852394916911046, 0.9655172413793104, 0.8005540166204986, 0.9008179959100204, 0.8614762386248737, 0.958120531154239, 0.7116182572614108, 0.94180407371484, 0.9828282828282828, 0.9529170931422722]",batch,both
FashionMNIST,small,43,10,all,all,activation_fisher,loss_aware,,0.7,0,0.6833,0.6729,1.0879982089996338,1.1009157949447632,63887,0.728309220654402,63761,0.7283899604689203,0.14097341697197407,20.8994140625,16,16,2048,0.31623501400463283,0.6729,1.100915791130066,0.33235208701808006,234752,235146,"[0.661, 0.179, 0.851, 0.626, 0.748, 0.82, 0.7, 0.904, 0.277, 0.963]","[0.6999022482893451, 0.16227180527383367, 0.8550323176361958, 0.6370143149284253, 0.756319514661274, 0.8304392236976507, 0.716804979253112, 0.9049466537342385, 0.2787878787878788, 0.9692937563971341]",batch,both
FashionMNIST,small,43,10,all,all,activation_fisher,loss_aware,,0.7,1,0.8679,0.8577,0.3970552215099335,0.4118588091611862,63887,0.728309220654402,63761,0.7283899604689203,0.14097341697197407,20.8994140625,16,16,2048,0.3297122030053288,0.8577,0.4118588083982468,0.3231435719644651,234752,235146,"[0.797, 0.951, 0.782, 0.903, 0.821, 0.929, 0.549, 0.929, 0.966, 0.95]","[0.8181818181818182, 0.9563894523326572, 0.7977839335180056, 0.8997955010224948, 0.8452982810920121, 0.940755873340143, 0.5695020746887967, 0.9214354995150339, 0.9757575757575757, 0.95496417604913]",batch,both
FashionMNIST,small,43,10,all,all,activation_fisher,loss_aware,,0.7,3,0.8807,0.8682,0.344327796292305,0.36110704920291903,63887,0.728309220654402,63761,0.7283899604689203,0.14097341697197407,20.8994140625,16,16,2048,0.31725227599963546,0.8682,0.3611070507287979,0.3217488370137289,234752,235146,"[0.821, 0.959, 0.777, 0.887, 0.8, 0.95, 0.632, 0.935, 0.97, 0.951]","[0.8367546432062561, 0.9614604462474645, 0.7940904893813481, 0.8946830265848671, 0.846309403437816, 0.9468845760980592, 0.6732365145228216, 0.9253152279340446, 0.9777777777777777, 0.95496417604913]",batch,both
FashionMNIST,small,43,10,all,all,activation_fisher,loss_aware,,0.7,5,0.8826,0.8727,0.33310130512714387,0.3488616998791695,63887,0.728309220654402,63761,0.7283899604689203,0.14097341697197407,20.8994140625,16,16,2048,0.3210683659417555,0.8727,0.3488616918683052,0.34665745799429715,234752,235146,"[0.837, 0.962, 0.791, 0.89, 0.814, 0.958, 0.621, 0.933, 0.971, 0.95]","[0.8611925708699902, 0.9614604462474645, 0.7959372114496768, 0.8957055214723927, 0.846309403437816, 0.9530132788559755, 0.6556016597510373, 0.9262851600387972, 0.9818181818181818, 0.9518935516888434]",batch,both
FashionMNIST,small,43,10,a1,layerwise,activation_fisher,loss_aware,,0.05,0,0.8905,0.8831,0.30870669305324555,0.32917012009620666,224190,0.04659232987165418,223808,0.04661941112322787,0.14097341697197407,20.8994140625,16,16,2048,0.321694633923471,0.8831,0.3291701219677925,0.3345273029990494,234752,235146,"[0.841, 0.971, 0.844, 0.862, 0.806, 0.947, 0.673, 0.968, 0.965, 0.954]","[0.855327468230694, 0.9705882352941176, 0.8467220683287165, 0.8640081799591002, 0.8291203235591507, 0.9530132788559755, 0.6929460580912863, 0.9592628516003879, 0.9787878787878788, 0.9539406345957011]",batch,both
FashionMNIST,small,43,10,a1,layerwise,activation_fisher,loss_aware,,0.05,1,0.8973,0.8913,0.29243287253379824,0.31032396327257156,224190,0.04659232987165418,223808,0.04661941112322787,0.14097341697197407,20.8994140625,16,16,2048,0.32283978490158916,0.8913,0.310323964035511,0.33053296501748264,234752,235146,"[0.835, 0.97, 0.812, 0.912, 0.815, 0.96, 0.717, 0.958, 0.974, 0.96]","[0.8426197458455523, 0.9695740365111561, 0.8079409048938134, 0.9079754601226994, 0.833164812942366, 0.9683350357507661, 0.7562240663900415, 0.950533462657614, 0.9858585858585859, 0.9570112589559877]",batch,both
FashionMNIST,small,43,10,a1,layerwise,activation_fisher,loss_aware,,0.05,3,0.8964,0.8948,0.29061142930984496,0.30719214150309565,224190,0.04659232987165418,223808,0.04661941112322787,0.14097341697197407,20.8994140625,16,16,2048,0.32652288291137666,0.8948,0.3071921410322189,0.32741648401133716,234752,235146,"[0.846, 0.971, 0.816, 0.915, 0.838, 0.962, 0.703, 0.966, 0.97, 0.961]","[0.8465298142717498, 0.9695740365111561, 0.8125577100646353, 0.9100204498977505, 0.8432760364004045, 0.9703779366700716, 0.7313278008298755, 0.9515033947623667, 0.9848484848484849, 0.9488229273285568]",batch,both
FashionMNIST,small,43,10,a1,layerwise,activation_fisher,loss_aware,,0.05,5,0.8977,0.893,0.2938251646280289,0.3119064118087292,224190,0.04659232987165418,223808,0.04661941112322787,0.14097341697197407,20.8994140625,16,16,2048,0.3180184270022437,0.893,0.3119064117014408,0.33115122106391937,234752,235146,"[0.854, 0.971, 0.812, 0.9, 0.823, 0.961, 0.715, 0.967, 0.97, 0.957]","[0.8621700879765396, 0.9705882352941176, 0.8088642659279779, 0.9069529652351738, 0.8291203235591507, 0.9642492339121552, 0.7489626556016598, 0.9553831231813773, 0.9828282828282828, 0.9529170931422722]",batch,both
FashionMNIST,small,43,10,a1,layerwise,activation_fisher,loss_aware,,0.1,0,0.8907,0.8831,0.3091144370436668,0.3295891098022461,212321,0.09706735389927956,211952,0.09712377317339149,0.14097341697197407,20.8994140625,16,16,2048,0.3270476560574025,0.8831,0.3295891119003296,0.3279531119624153,234752,235146,"[0.845, 0.97, 0.844, 0.861, 0.812, 0.949, 0.664, 0.971, 0.963, 0.952]","[0.8582600195503421, 0.9685598377281948, 0.8467220683287165, 0.8660531697341514, 0.8311425682507584, 0.9540347293156282, 0.6898340248962656, 0.9592628516003879, 0.9777777777777777, 0.9539406345957011]",batch,both
FashionMNIST,small,43,10,a1,layerwise,activation_fisher,loss_aware,,0.1,1,0.8941,0.8915,0.29096264299154284,0.3114466419935226,212321,0.09706735389927956,211952,0.09712377317339149,0.14097341697197407,20.8994140625,16,16,2048,0.3192173899151385,0.8915,0.31144664409160616,0.3277171410154551,234752,235146,"[0.848, 0.971, 0.804, 0.902, 0.835, 0.958, 0.705, 0.962, 0.97, 0.96]","[0.844574780058651, 0.9665314401622718, 0.8024007386888273, 0.8997955010224948, 0.8533872598584429, 0.9622063329928499, 0.725103734439834, 0.9485935984481086, 0.9828282828282828, 0.9611054247697032]",batch,both
FashionMNIST,small,43,10,a1,layerwise,activation_fisher,loss_aware,,0.1,3,0.8953,0.8932,0.29111446797847745,0.3101834009051323,212321,0.09706735389927956,211952,0.09712377317339149,0.14097341697197407,20.8994140625,16,16,2048,0.3393370039993897,0.8932,0.31018340510129927,0.34218320599757135,234752,235146,"[0.846, 0.97, 0.81, 0.906, 0.846, 0.961, 0.698, 0.969, 0.972, 0.954]","[0.8455522971652004, 0.9695740365111561, 0.8107109879963066, 0.908997955010225, 0.8382204246713852, 0.9642492339121552, 0.7261410788381742, 0.9612027158098934, 0.9838383838383838, 0.9488229273285568]",batch,both
FashionMNIST,small,43,10,a1,layerwise,activation_fisher,loss_aware,,0.1,5,0.8977,0.8947,0.2929172400712967,0.31211327604055406,212321,0.09706735389927956,211952,0.09712377317339149,0.14097341697197407,20.8994140625,16,16,2048,0.32031131896656007,0.8947,0.3121132732629776,0.3377067180117592,234752,235146,"[0.844, 0.971, 0.833, 0.927, 0.816, 0.961, 0.695, 0.968, 0.973, 0.959]","[0.8494623655913979, 0.9685598377281948, 0.8319482917820868, 0.9243353783231084, 0.8220424671385238, 0.9591419816138917, 0.7282157676348547, 0.95635305528613, 0.9828282828282828, 0.9570112589559877]",batch,both
FashionMNIST,small,43,10,a1,layerwise,activation_fisher,loss_aware,,0.2,0,0.8906,0.8814,0.3089692516088486,0.3314500657081604,188583,0.19801740195453033,188240,0.19813249727371862,0.14097341697197407,20.8994140625,16,16,2048,0.3134257609490305,0.8814,0.33145006878376004,0.3325616440270096,234752,235146,"[0.839, 0.965, 0.838, 0.86, 0.816, 0.95, 0.662, 0.969, 0.962, 0.953]","[0.8484848484848485, 0.9675456389452333, 0.8457987072945522, 0.8680981595092024, 0.8351870576339737, 0.9530132788559755, 0.696058091286307, 0.9582929194956353, 0.9777777777777777, 0.95496417604913]",batch,both
FashionMNIST,small,43,10,a1,layerwise,activation_fisher,loss_aware,,0.2,1,0.8944,0.8906,0.29354266628026965,0.31180519601106643,188583,0.19801740195453033,188240,0.19813249727371862,0.14097341697197407,20.8994140625,16,16,2048,0.32893683307338506,0.8906,0.31180519216060637,0.3162672019097954,234752,235146,"[0.83, 0.97, 0.827, 0.916, 0.806, 0.963, 0.704, 0.96, 0.971, 0.959]","[0.8357771260997068, 0.9675456389452333, 0.8337950138504155, 0.9151329243353783, 0.8179979777553084, 0.9632277834525026, 0.725103734439834, 0.9427740058195926, 0.9828282828282828, 0.9631525076765609]",batch,both
FashionMNIST,small,43,10,a1,layerwise,activation_fisher,loss_aware,,0.2,3,0.8949,0.8946,0.29044100234508513,0.3098402743220329,188583,0.19801740195453033,188240,0.19813249727371862,0.14097341697197407,20.8994140625,16,16,2048,0.31025120010599494,0.8946,0.3098402773618698,0.33108378993347287,234752,235146,"[0.853, 0.97, 0.82, 0.912, 0.846, 0.966, 0.685, 0.965, 0.973, 0.956]","[0.8602150537634409, 0.9675456389452333, 0.8107109879963066, 0.9069529652351738, 0.8503538928210314, 0.9703779366700716, 0.7064315352697096, 0.9495635305528612, 0.9828282828282828, 0.9477993858751279]",batch,both
FashionMNIST,small,43,10,a1,layerwise,activation_fisher,loss_aware,,0.2,5,0.8949,0.892,0.2922620646238327,0.31025257189273836,188583,0.19801740195453033,188240,0.19813249727371862,0.14097341697197407,20.8994140625,16,16,2048,0.3136215329868719,0.892,0.3102525720894337,0.3245093299774453,234752,235146,"[0.831, 0.97, 0.816, 0.903, 0.855, 0.957, 0.691, 0.968, 0.974, 0.955]","[0.8357771260997068, 0.9685598377281948, 0.8079409048938134, 0.9049079754601227, 0.8584428715874621, 0.9611848825331971, 0.7271784232365145, 0.95635305528613, 0.9818181818181818, 0.9518935516888434]",batch,both
FashionMNIST,small,43,10,a1,layerwise,activation_fisher,loss_aware,,0.3,0,0.8883,0.8815,0.3139605928897858,0.3363322240233421,165758,0.29508475585381,165440,0.2952562704471101,0.14097341697197407,20.8994140625,16,16,2048,0.3243816460017115,0.8815,0.3363322240591049,0.35796806297730654,234752,235146,"[0.844, 0.965, 0.827, 0.855, 0.826, 0.948, 0.665, 0.975, 0.96, 0.95]","[0.8514173998044966, 0.9665314401622718, 0.8421052631578947, 0.8548057259713702, 0.8361981799797775, 0.95097037793667, 0.6939834024896265, 0.962172647914646, 0.9777777777777777, 0.9457523029682702]",batch,both
FashionMNIST,small,43,10,a1,layerwise,activation_fisher,loss_aware,,0.3,1,0.8956,0.8896,0.2921121918320656,0.31057644082307817,165758,0.29508475585381,165440,0.2952562704471101,0.14097341697197407,20.8994140625,16,16,2048,0.3265221120091155,0.8896,0.31057643533945084,0.337190063088201,234752,235146,"[0.848, 0.969, 0.801, 0.904, 0.83, 0.964, 0.699, 0.957, 0.97, 0.954]","[0.8533724340175953, 0.9665314401622718, 0.8088642659279779, 0.9049079754601227, 0.8554095045500506, 0.9622063329928499, 0.729253112033195, 0.9437439379243453, 0.9818181818181818, 0.95496417604913]",batch,both
FashionMNIST,small,43,10,a1,layerwise,activation_fisher,loss_aware,,0.3,3,0.8936,0.8912,0.2928521964788437,0.3107140577852726,165758,0.29508475585381,165440,0.2952562704471101,0.14097341697197407,20.8994140625,16,16,2048,0.3236486930400133,0.8912,0.31071405808329583,0.33421559806447476,234752,235146,"[0.854, 0.969, 0.804, 0.913, 0.853, 0.961, 0.673, 0.962, 0.97, 0.953]","[0.8621700879765396, 0.9665314401622718, 0.8088642659279779, 0.9130879345603272, 0.8543983822042467, 0.9601634320735445, 0.6970954356846473, 0.950533462657614, 0.9818181818181818, 0.9447287615148413]",batch,both
FashionMNIST,small,43,10,a1,layerwise,activation_fisher,loss_aware,,0.3,5,0.8965,0.8938,0.29029363607168196,0.3102201956510544,165758,0.29508475585381,165440,0.2952562704471101,0.14097341697197407,20.8994140625,16,16,2048,0.3207421959377825,0.8938,0.3102202007889748,0.3216307390248403,234752,235146,"[0.858, 0.972, 0.847, 0.91, 0.8, 0.96, 0.698, 0.965, 0.97, 0.958]","[0.852394916911046, 0.9685598377281948, 0.8476454293628809, 0.911042944785276, 0.813953488372093, 0.9570990806945863, 0.7302904564315352, 0.9524733268671193, 0.9808080808080808, 0.9518935516888434]",batch,both
FashionMNIST,small,43,10,a1,layerwise,activation_fisher,loss_aware,,0.4,0,0.8832,0.8768,0.3265368108510971,0.3502450600028038,142020,0.39603480390906076,141728,0.39626499454743724,0.14097341697197407,20.8994140625,16,16,2048,0.32615032501053065,0.8768,0.3502450685977936,0.3436589129269123,234752,235146,"[0.845, 0.956, 0.844, 0.844, 0.814, 0.941, 0.658, 0.968, 0.946, 0.952]","[0.8563049853372434, 0.960446247464503, 0.8513388734995383, 0.8425357873210634, 0.8260869565217391, 0.9438202247191011, 0.6846473029045643, 0.9524733268671193, 0.9636363636363636, 0.9477993858751279]",batch,both
FashionMNIST,small,43,10,a1,layerwise,activation_fisher,loss_aware,,0.4,1,0.8937,0.889,0.29229932552576066,0.3140914998292923,142020,0.39603480390906076,141728,0.39626499454743724,0.14097341697197407,20.8994140625,16,16,2048,0.32463259098585695,0.889,0.31409149391651153,0.3260326199233532,234752,235146,"[0.861, 0.965, 0.814, 0.909, 0.815, 0.962, 0.68, 0.956, 0.972, 0.956]","[0.8719452590420332, 0.9675456389452333, 0.8236380424746076, 0.908997955010225, 0.8210313447927199, 0.9611848825331971, 0.7064315352697096, 0.9398642095053347, 0.9828282828282828, 0.9559877175025588]",batch,both
FashionMNIST,small,43,10,a1,layerwise,activation_fisher,loss_aware,,0.4,3,0.8948,0.8895,0.2913661329627037,0.3103791590631008,142020,0.39603480390906076,141728,0.39626499454743724,0.14097341697197407,20.8994140625,16,16,2048,0.3254109820118174,0.8895,0.3103791539013386,0.34603307698853314,234752,235146,"[0.851, 0.967, 0.803, 0.895, 0.847, 0.958, 0.685, 0.959, 0.971, 0.959]","[0.8621700879765396, 0.9675456389452333, 0.7977839335180056, 0.9028629856850716, 0.8624873609706775, 0.958120531154239, 0.7178423236514523, 0.9456838021338506, 0.9848484848484849, 0.9539406345957011]",batch,both
FashionMNIST,small,43,10,a1,layerwise,activation_fisher,loss_aware,,0.4,5,0.8962,0.892,0.2894241356015205,0.3094513265311718,142020,0.39603480390906076,141728,0.39626499454743724,0.14097341697197407,20.8994140625,16,16,2048,0.32249948801472783,0.892,0.3094513319194317,0.3282344329636544,234752,235146,"[0.859, 0.97, 0.809, 0.907, 0.821, 0.96, 0.704, 0.961, 0.971, 0.958]","[0.8680351906158358, 0.9675456389452333, 0.8097876269621422, 0.911042944785276, 0.8351870576339737, 0.9632277834525026, 0.7261410788381742, 0.950533462657614, 0.9848484848484849, 0.9498464687819856]",batch,both
FashionMNIST,small,43,10,a1,layerwise,activation_fisher,loss_aware,,0.5,0,0.877,0.8687,0.35173588857650756,0.3752343824863434,118282,0.4969848519643115,118016,0.4972737186477645,0.14097341697197407,20.8994140625,16,16,2048,0.33636622899211943,0.8687,0.3752343842029571,0.3236724359448999,234752,235146,"[0.826, 0.959, 0.855, 0.819, 0.799, 0.929, 0.659, 0.943, 0.935, 0.963]","[0.8484848484848485, 0.9634888438133874, 0.8578024007386889, 0.820040899795501, 0.813953488372093, 0.9305413687436159, 0.6856846473029046, 0.9359844810863239, 0.9525252525252526, 0.9580348004094166]",batch,both
FashionMNIST,small,43,10,a1,layerwise,activation_fisher,loss_aware,,0.5,1,0.893,0.8868,0.2974699085712433,0.3175513033032417,118282,0.4969848519643115,118016,0.4972737186477645,0.14097341697197407,20.8994140625,16,16,2048,0.31175868306308985,0.8868,0.31755130039453505,0.32587725995108485,234752,235146,"[0.826, 0.963, 0.816, 0.91, 0.82, 0.957, 0.698, 0.951, 0.968, 0.959]","[0.8387096774193549, 0.9665314401622718, 0.8227146814404432, 0.9130879345603272, 0.8210313447927199, 0.9591419816138917, 0.7323651452282157, 0.9408341416100873, 0.9838383838383838, 0.9559877175025588]",batch,both
FashionMNIST,small,43,10,a1,layerwise,activation_fisher,loss_aware,,0.5,3,0.8937,0.8883,0.29435136523246763,0.3148329060614109,118282,0.4969848519643115,118016,0.4972737186477645,0.14097341697197407,20.8994140625,16,16,2048,0.31999403494410217,0.8883,0.3148329091191292,0.32797647698316723,234752,235146,"[0.828, 0.966, 0.81, 0.905, 0.836, 0.955, 0.692, 0.961, 0.972, 0.958]","[0.841642228739003, 0.9675456389452333, 0.8088642659279779, 0.911042944785276, 0.8442871587462083, 0.9560776302349336, 0.7302904564315352, 0.9456838021338506, 0.9848484848484849, 0.9518935516888434]",batch,both
FashionMNIST,small,43,10,a1,layerwise,activation_fisher,loss_aware,,0.5,5,0.8957,0.8894,0.29233482900857927,0.31311945801973345,118282,0.4969848519643115,118016,0.4972737186477645,0.14097341697197407,20.8994140625,16,16,2048,0.3229154619621113,0.8894,0.3131194572627544,0.3364821580471471,234752,235146,"[0.837, 0.97, 0.812, 0.899, 0.844, 0.953, 0.688, 0.961, 0.973, 0.957]","[0.8435972629521017, 0.9665314401622718, 0.8134810710987996, 0.9069529652351738, 0.865520728008089, 0.9560776302349336, 0.7219917012448133, 0.9515033947623667, 0.9858585858585859, 0.9498464687819856]",batch,both
FashionMNIST,small,43,10,a1,layerwise,activation_fisher,loss_aware,,0.7,0,0.826,0.8168,0.5341518309116363,0.5464040985107422,71719,0.6950022539188419,71504,0.6954062159214831,0.14097341697197407,20.8994140625,16,16,2048,0.32432749203871936,0.8168,0.5464041022777557,0.32495582092087716,234752,235146,"[0.723, 0.905, 0.844, 0.759, 0.745, 0.868, 0.7, 0.935, 0.738, 0.951]","[0.7546432062561095, 0.9107505070993914, 0.8448753462603878, 0.7556237218813906, 0.7593528816986855, 0.8835546475995915, 0.7240663900414938, 0.9282250242483027, 0.7393939393939394, 0.95496417604913]",batch,both
FashionMNIST,small,43,10,a1,layerwise,activation_fisher,loss_aware,,0.7,1,0.8858,0.8748,0.32432171988487246,0.33967082940340043,71719,0.6950022539188419,71504,0.6954062159214831,0.14097341697197407,20.8994140625,16,16,2048,0.32063719304278493,0.8748,0.3396708378314972,0.335258778068237,234752,235146,"[0.839, 0.959, 0.784, 0.904, 0.802, 0.942, 0.649, 0.957, 0.964, 0.948]","[0.8641251221896383, 0.9614604462474645, 0.7903970452446907, 0.9130879345603272, 0.8281092012133469, 0.9438202247191011, 0.6950207468879668, 0.9476236663433559, 0.9767676767676767, 0.9416581371545547]",batch,both
FashionMNIST,small,43,10,a1,layerwise,activation_fisher,loss_aware,,0.7,3,0.8877,0.88,0.3126897679924965,0.32914531782865525,71719,0.6950022539188419,71504,0.6954062159214831,0.14097341697197407,20.8994140625,16,16,2048,0.31149365403689444,0.88,0.3291453189611435,0.3322992860339582,234752,235146,"[0.852, 0.968, 0.796, 0.905, 0.79, 0.948, 0.667, 0.954, 0.968, 0.952]","[0.8592375366568915, 0.9655172413793104, 0.8033240997229917, 0.9008179959100204, 0.8260869565217391, 0.9468845760980592, 0.7033195020746889, 0.9466537342386033, 0.9777777777777777, 0.9508700102354145]",batch,both
FashionMNIST,small,43,10,a1,layerwise,activation_fisher,loss_aware,,0.7,5,0.8882,0.8809,0.30859591101408007,0.3268833237409592,71719,0.6950022539188419,71504,0.6954062159214831,0.14097341697197407,20.8994140625,16,16,2048,0.318439893075265,0.8809,0.32688332735300063,0.32000822806730866,234752,235146,"[0.84, 0.968, 0.801, 0.909, 0.793, 0.947, 0.676, 0.95, 0.97, 0.955]","[0.8435972629521017, 0.9665314401622718, 0.804247460757156, 0.9141104294478528, 0.8169868554095046, 0.9417773237997957, 0.720954356846473, 0.9427740058195926, 0.9797979797979798, 0.9559877175025588]",batch,both
FashionMNIST,small,43,10,a2,layerwise,activation_fisher,loss_aware,,0.05,0,0.8911,0.8838,0.30793652243614195,0.32878591165542603,233544,0.006812788650455426,233156,0.006798664122137366,0.14097341697197407,20.8994140625,16,16,2048,0.3146416039671749,0.8838,0.3287859135985374,0.3142691940302029,234752,235146,"[0.843, 0.97, 0.843, 0.864, 0.806, 0.948, 0.672, 0.968, 0.969, 0.955]","[0.8563049853372434, 0.9705882352941176, 0.8467220683287165, 0.8640081799591002, 0.8301314459049545, 0.9540347293156282, 0.6939834024896265, 0.9592628516003879, 0.9797979797979798, 0.95496417604913]",batch,both
FashionMNIST,small,43,10,a2,layerwise,activation_fisher,loss_aware,,0.05,1,0.8949,0.8914,0.29207730677127836,0.3134992866396904,233544,0.006812788650455426,233156,0.006798664122137366,0.14097341697197407,20.8994140625,16,16,2048,0.3365643849829212,0.8914,0.3134992826700211,0.32806498499121517,234752,235146,"[0.862, 0.97, 0.825, 0.918, 0.834, 0.966, 0.647, 0.967, 0.972, 0.953]","[0.8660801564027371, 0.9685598377281948, 0.8190212373037857, 0.9120654396728016, 0.8483316481294236, 0.965270684371808, 0.6804979253112033, 0.953443258971872, 0.9848484848484849, 0.9529170931422722]",batch,both
FashionMNIST,small,43,10,a2,layerwise,activation_fisher,loss_aware,,0.05,3,0.8952,0.8917,0.2943758152008057,0.31356030699014664,233544,0.006812788650455426,233156,0.006798664122137366,0.14097341697197407,20.8994140625,16,16,2048,0.32556148897856474,0.8917,0.31356030093431475,0.3419746949803084,234752,235146,"[0.843, 0.973, 0.801, 0.906, 0.854, 0.962, 0.685, 0.97, 0.975, 0.948]","[0.8543499511241447, 0.9685598377281948, 0.788550323176362, 0.9028629856850716, 0.8634984833164813, 0.9673135852911133, 0.7219917012448133, 0.9631425800193987, 0.9848484848484849, 0.9426816786079836]",batch,both
FashionMNIST,small,43,10,a2,layerwise,activation_fisher,loss_aware,,0.05,5,0.8968,0.8936,0.29368974298238754,0.31288762269616127,233544,0.006812788650455426,233156,0.006798664122137366,0.14097341697197407,20.8994140625,16,16,2048,0.3120761679019779,0.8936,0.31288762743473053,0.33060130500234663,234752,235146,"[0.857, 0.974, 0.808, 0.915, 0.848, 0.959, 0.677, 0.964, 0.973, 0.961]","[0.8592375366568915, 0.9705882352941176, 0.804247460757156, 0.9120654396728016, 0.8594539939332659, 0.9591419816138917, 0.7095435684647303, 0.9544131910766246, 0.9838383838383838, 0.9600818833162743]",batch,both
FashionMNIST,small,43,10,a2,layerwise,activation_fisher,loss_aware,,0.1,0,0.8906,0.8828,0.30823090631961825,0.32995875467061997,231942,0.013625577300910963,231560,0.013597328244274842,0.14097341697197407,20.8994140625,16,16,2048,0.3458940980490297,0.8828,0.3299587556004524,0.3318218059139326,234752,235146,"[0.847, 0.967, 0.845, 0.862, 0.804, 0.948, 0.665, 0.97, 0.967, 0.953]","[0.8602150537634409, 0.9695740365111561, 0.8513388734995383, 0.8609406952965235, 0.8260869565217391, 0.9530132788559755, 0.6898340248962656, 0.9592628516003879, 0.9787878787878788, 0.95496417604913]",batch,both
FashionMNIST,small,43,10,a2,layerwise,activation_fisher,loss_aware,,0.1,1,0.8944,0.8906,0.2924296515583992,0.31228495285511015,231942,0.013625577300910963,231560,0.013597328244274842,0.14097341697197407,20.8994140625,16,16,2048,0.32769824494607747,0.8906,0.312284953212738,0.3261921990197152,234752,235146,"[0.842, 0.97, 0.795, 0.916, 0.828, 0.96, 0.699, 0.96, 0.973, 0.963]","[0.8435972629521017, 0.9675456389452333, 0.7950138504155124, 0.911042944785276, 0.8483316481294236, 0.9622063329928499, 0.7282157676348547, 0.950533462657614, 0.9828282828282828, 0.9611054247697032]",batch,both
FashionMNIST,small,43,10,a2,layerwise,activation_fisher,loss_aware,,0.1,3,0.8981,0.8925,0.290768416416645,0.3115067250370979,231942,0.013625577300910963,231560,0.013597328244274842,0.14097341697197407,20.8994140625,16,16,2048,0.31107127002906054,0.8925,0.31150672578811645,0.32989802001975477,234752,235146,"[0.857, 0.972, 0.78, 0.91, 0.858, 0.968, 0.69, 0.959, 0.971, 0.96]","[0.8572825024437928, 0.9695740365111561, 0.7857802400738689, 0.9130879345603272, 0.8736097067745198, 0.9693564862104188, 0.7261410788381742, 0.950533462657614, 0.9838383838383838, 0.9590583418628454]",batch,both
FashionMNIST,small,43,10,a2,layerwise,activation_fisher,loss_aware,,0.1,5,0.8974,0.8941,0.292488648211956,0.31099317254424097,231942,0.013625577300910963,231560,0.013597328244274842,0.14097341697197407,20.8994140625,16,16,2048,0.3173193640541285,0.8941,0.31099317376613617,0.32704193401150405,234752,235146,"[0.864, 0.972, 0.827, 0.906, 0.837, 0.963, 0.674, 0.964, 0.975, 0.959]","[0.8719452590420332, 0.9685598377281948, 0.8236380424746076, 0.918200408997955, 0.839231547017189, 0.9673135852911133, 0.6939834024896265, 0.9524733268671193, 0.9828282828282828, 0.9580348004094166]",batch,both
FashionMNIST,small,43,10,a2,layerwise,activation_fisher,loss_aware,,0.2,0,0.8903,0.8823,0.31239604120254516,0.3347577489733696,228471,0.028386619376897793,228102,0.028327767175572505,0.14097341697197407,20.8994140625,16,16,2048,0.3169508120045066,0.8823,0.33475774881839754,0.3381905509158969,234752,235146,"[0.861, 0.966, 0.859, 0.859, 0.8, 0.951, 0.652, 0.971, 0.952, 0.952]","[0.8670576735092864, 0.9685598377281948, 0.8614958448753463, 0.8558282208588958, 0.8250758341759353, 0.9540347293156282, 0.6815352697095436, 0.9612027158098934, 0.9717171717171718, 0.9529170931422722]",batch,both
FashionMNIST,small,43,10,a2,layerwise,activation_fisher,loss_aware,,0.2,1,0.8962,0.8906,0.2905936271548271,0.3107795302271843,228471,0.028386619376897793,228102,0.028327767175572505,0.14097341697197407,20.8994140625,16,16,2048,0.3230975209735334,0.8906,0.31077952927351,0.34472283301874995,234752,235146,"[0.835, 0.971, 0.807, 0.923, 0.815, 0.966, 0.698, 0.958, 0.974, 0.959]","[0.8426197458455523, 0.9675456389452333, 0.8051708217913204, 0.9212678936605317, 0.8361981799797775, 0.9713993871297242, 0.7313278008298755, 0.9485935984481086, 0.9848484848484849, 0.9590583418628454]",batch,both
FashionMNIST,small,43,10,a2,layerwise,activation_fisher,loss_aware,,0.2,3,0.8966,0.8926,0.2879104286670685,0.30887350251078605,228471,0.028386619376897793,228102,0.028327767175572505,0.14097341697197407,20.8994140625,16,16,2048,0.3316722869640216,0.8926,0.3088735076606274,0.32962494797538966,234752,235146,"[0.847, 0.972, 0.808, 0.909, 0.842, 0.962, 0.693, 0.965, 0.974, 0.954]","[0.8543499511241447, 0.9685598377281948, 0.8116343490304709, 0.9079754601226994, 0.8483316481294236, 0.965270684371808, 0.720954356846473, 0.95635305528613, 0.9848484848484849, 0.9518935516888434]",batch,both
FashionMNIST,small,43,10,a2,layerwise,activation_fisher,loss_aware,,0.2,5,0.8966,0.8944,0.28898407382965086,0.31062979881167413,228471,0.028386619376897793,228102,0.028327767175572505,0.14097341697197407,20.8994140625,16,16,2048,0.31705745100043714,0.8944,0.3106297938942909,0.3435157260391861,234752,235146,"[0.841, 0.973, 0.822, 0.91, 0.842, 0.959, 0.698, 0.962, 0.972, 0.965]","[0.8426197458455523, 0.9705882352941176, 0.8199445983379502, 0.9059304703476483, 0.8442871587462083, 0.9632277834525026, 0.7282157676348547, 0.9476236663433559, 0.9848484848484849, 0.9631525076765609]",batch,both
FashionMNIST,small,43,10,a2,layerwise,activation_fisher,loss_aware,,0.3,0,0.8863,0.8765,0.32875175392627715,0.3508402497410774,225000,0.04314766145288462,224644,0.04305820610687028,0.14097341697197407,20.8994140625,16,16,2048,0.3310567650478333,0.8765,0.3508402509212494,0.33890193805564195,234752,235146,"[0.842, 0.964, 0.856, 0.847, 0.808, 0.943, 0.661, 0.965, 0.921, 0.958]","[0.8504398826979472, 0.9655172413793104, 0.8642659279778393, 0.8425357873210634, 0.8372093023255814, 0.9458631256384066, 0.6939834024896265, 0.9573229873908826, 0.9464646464646465, 0.9559877175025588]",batch,both
FashionMNIST,small,43,10,a2,layerwise,activation_fisher,loss_aware,,0.3,1,0.8959,0.889,0.29054586429595947,0.30960662986040116,225000,0.04314766145288462,224644,0.04305820610687028,0.14097341697197407,20.8994140625,16,16,2048,0.3343848979566246,0.889,0.3096066310286522,0.3458837689831853,234752,235146,"[0.842, 0.972, 0.781, 0.911, 0.843, 0.965, 0.689, 0.957, 0.973, 0.957]","[0.8563049853372434, 0.9685598377281948, 0.7867036011080333, 0.9069529652351738, 0.8614762386248737, 0.9713993871297242, 0.7240663900414938, 0.9456838021338506, 0.9858585858585859, 0.9590583418628454]",batch,both
FashionMNIST,small,43,10,a2,layerwise,activation_fisher,loss_aware,,0.3,3,0.8955,0.8925,0.2911871070623398,0.30954816789627077,225000,0.04314766145288462,224644,0.04305820610687028,0.14097341697197407,20.8994140625,16,16,2048,0.3225715319858864,0.8925,0.3095481657743454,0.34026148403063416,234752,235146,"[0.843, 0.973, 0.785, 0.918, 0.847, 0.964, 0.7, 0.955, 0.974, 0.966]","[0.8504398826979472, 0.9675456389452333, 0.7839335180055401, 0.9141104294478528, 0.8533872598584429, 0.9703779366700716, 0.7323651452282157, 0.9408341416100873, 0.9858585858585859, 0.9641760491299898]",batch,both
FashionMNIST,small,43,10,a2,layerwise,activation_fisher,loss_aware,,0.3,5,0.8975,0.893,0.28954164665937426,0.31233447412252424,225000,0.04314766145288462,224644,0.04305820610687028,0.14097341697197407,20.8994140625,16,16,2048,0.3229624580126256,0.893,0.3123344712853432,0.33872968691866845,234752,235146,"[0.853, 0.972, 0.837, 0.912, 0.814, 0.963, 0.689, 0.959, 0.97, 0.961]","[0.8602150537634409, 0.9695740365111561, 0.8374884579870729, 0.9130879345603272, 0.8230535894843276, 0.9683350357507661, 0.7157676348547718, 0.944713870029098, 0.9838383838383838, 0.9611054247697032]",batch,both
FashionMNIST,small,43,10,a2,layerwise,activation_fisher,loss_aware,,0.4,0,0.8786,0.8704,0.36801512763500216,0.3894154771327972,221529,0.05790870352887145,221186,0.05778864503816794,0.14097341697197407,20.8994140625,16,16,2048,0.3561817000154406,0.8704,0.3894154754638672,0.35164244705811143,234752,235146,"[0.844, 0.96, 0.865, 0.801, 0.813, 0.948, 0.658, 0.969, 0.898, 0.948]","[0.8504398826979472, 0.9655172413793104, 0.8707294552169899, 0.7914110429447853, 0.8412537917087968, 0.9519918283963228, 0.6825726141078838, 0.962172647914646, 0.9141414141414141, 0.9498464687819856]",batch,both
FashionMNIST,small,43,10,a2,layerwise,activation_fisher,loss_aware,,0.4,1,0.8933,0.8882,0.29543846945762636,0.31452046644687653,221529,0.05790870352887145,221186,0.05778864503816794,0.14097341697197407,20.8994140625,16,16,2048,0.34910454403143376,0.8882,0.31452046451568605,0.3372782750520855,234752,235146,"[0.831, 0.97, 0.796, 0.902, 0.825, 0.958, 0.708, 0.965, 0.971, 0.956]","[0.8279569892473119, 0.9675456389452333, 0.8024007386888273, 0.9008179959100204, 0.846309403437816, 0.9550561797752809, 0.7448132780082988, 0.9524733268671193, 0.9858585858585859, 0.9559877175025588]",batch,both
FashionMNIST,small,43,10,a2,layerwise,activation_fisher,loss_aware,,0.4,3,0.8948,0.8877,0.29289053703546525,0.3089735350549221,221529,0.05790870352887145,221186,0.05778864503816794,0.14097341697197407,20.8994140625,16,16,2048,0.3225003950065002,0.8877,0.308973533898592,0.3307474390603602,234752,235146,"[0.828, 0.973, 0.763, 0.91, 0.854, 0.962, 0.699, 0.955, 0.974, 0.959]","[0.83088954056696, 0.9675456389452333, 0.7746999076638966, 0.9079754601226994, 0.8705763397371082, 0.9662921348314607, 0.745850622406639, 0.9476236663433559, 0.9848484848484849, 0.9611054247697032]",batch,both
FashionMNIST,small,43,10,a2,layerwise,activation_fisher,loss_aware,,0.4,5,0.898,0.8908,0.2913739578127861,0.3097956524908543,221529,0.05790870352887145,221186,0.05778864503816794,0.14097341697197407,20.8994140625,16,16,2048,0.3335688579827547,0.8908,0.30979564960598943,0.3222411499591544,234752,235146,"[0.852, 0.973, 0.815, 0.905, 0.847, 0.968, 0.659, 0.962, 0.973, 0.954]","[0.8563049853372434, 0.9685598377281948, 0.8134810710987996, 0.9079754601226994, 0.8634984833164813, 0.9703779366700716, 0.7116182572614108, 0.953443258971872, 0.9858585858585859, 0.9529170931422722]",batch,both
FashionMNIST,small,43,10,a2,layerwise,activation_fisher,loss_aware,,0.5,0,0.8742,0.8645,0.4037925032615662,0.42586102628707884,218058,0.07266974560485828,217728,0.0725190839694656,0.14097341697197407,20.8994140625,16,16,2048,0.34926292998716235,0.8645,0.42586102592945096,0.328710964997299,234752,235146,"[0.864, 0.956, 0.882, 0.808, 0.798, 0.949, 0.617, 0.963, 0.853, 0.955]","[0.8651026392961877, 0.960446247464503, 0.8827331486611265, 0.8057259713701431, 0.8240647118301314, 0.9530132788559755, 0.6441908713692946, 0.9485935984481086, 0.8878787878787879, 0.962128966223132]",batch,both
FashionMNIST,small,43,10,a2,layerwise,activation_fisher,loss_aware,,0.5,1,0.8918,0.8856,0.29483282470703126,0.31677397813797,218058,0.07266974560485828,217728,0.0725190839694656,0.14097341697197407,20.8994140625,16,16,2048,0.32711339404340833,0.8856,0.3167739796876907,0.3331197750521824,234752,235146,"[0.847, 0.965, 0.784, 0.904, 0.843, 0.955, 0.667, 0.966, 0.969, 0.956]","[0.8455522971652004, 0.9685598377281948, 0.7950138504155124, 0.8997955010224948, 0.8594539939332659, 0.9601634320735445, 0.700207468879668, 0.9553831231813773, 0.9838383838383838, 0.95496417604913]",batch,both
FashionMNIST,small,43,10,a2,layerwise,activation_fisher,loss_aware,,0.5,3,0.8959,0.8909,0.29075095298290254,0.31112572909593583,218058,0.07266974560485828,217728,0.0725190839694656,0.14097341697197407,20.8994140625,16,16,2048,0.3188098110258579,0.8909,0.3111257293105125,0.32873966498300433,234752,235146,"[0.854, 0.971, 0.815, 0.912, 0.838, 0.96, 0.667, 0.962, 0.971, 0.959]","[0.8484848484848485, 0.9675456389452333, 0.8116343490304709, 0.9079754601226994, 0.8533872598584429, 0.9642492339121552, 0.7157676348547718, 0.950533462657614, 0.9878787878787879, 0.9559877175025588]",batch,both
FashionMNIST,small,43,10,a2,layerwise,activation_fisher,loss_aware,,0.5,5,0.8958,0.8905,0.28988847439289095,0.31065784886479375,218058,0.07266974560485828,217728,0.0725190839694656,0.14097341697197407,20.8994140625,16,16,2048,0.34025966096669436,0.8905,0.31065784693360327,0.35922732192557305,234752,235146,"[0.853, 0.972, 0.807, 0.904, 0.836, 0.96, 0.678, 0.963, 0.973, 0.959]","[0.8533724340175953, 0.9675456389452333, 0.8116343490304709, 0.9059304703476483, 0.8442871587462083, 0.9662921348314607, 0.7188796680497925, 0.9524733268671193, 0.9858585858585859, 0.9559877175025588]",batch,both
FashionMNIST,small,43,10,a2,layerwise,activation_fisher,loss_aware,,0.7,0,0.8509,0.8398,0.5687074604988098,0.5842123678207397,211383,0.10105636498175596,211078,0.10084685114503822,0.14097341697197407,20.8994140625,16,16,2048,0.32639859104529023,0.8398,0.5842123677730561,0.32628780300728977,234752,235146,"[0.851, 0.954, 0.844, 0.727, 0.813, 0.952, 0.628, 0.938, 0.727, 0.964]","[0.855327468230694, 0.9553752535496958, 0.8578024007386889, 0.7321063394683026, 0.8483316481294236, 0.9560776302349336, 0.6483402489626556, 0.9340446168768186, 0.7484848484848485, 0.9651995905834186]",batch,both
FashionMNIST,small,43,10,a2,layerwise,activation_fisher,loss_aware,,0.7,1,0.8906,0.8802,0.3100752038478851,0.32801219778060914,211383,0.10105636498175596,211078,0.10084685114503822,0.14097341697197407,20.8994140625,16,16,2048,0.3313032619189471,0.8802,0.3280122000336647,0.33436409500427544,234752,235146,"[0.832, 0.965, 0.799, 0.894, 0.82, 0.951, 0.655, 0.961, 0.97, 0.955]","[0.8514173998044966, 0.9645030425963489, 0.8088642659279779, 0.901840490797546, 0.8432760364004045, 0.9591419816138917, 0.696058091286307, 0.950533462657614, 0.9838383838383838, 0.9498464687819856]",batch,both
FashionMNIST,small,43,10,a2,layerwise,activation_fisher,loss_aware,,0.7,3,0.8928,0.8863,0.29777519240379335,0.31668402292728426,211383,0.10105636498175596,211078,0.10084685114503822,0.14097341697197407,20.8994140625,16,16,2048,0.3160795259755105,0.8863,0.31668402407169344,0.3333201080095023,234752,235146,"[0.857, 0.97, 0.819, 0.89, 0.837, 0.958, 0.64, 0.959, 0.971, 0.962]","[0.8768328445747801, 0.9665314401622718, 0.8125577100646353, 0.8936605316973415, 0.8624873609706775, 0.9591419816138917, 0.6680497925311203, 0.9485935984481086, 0.9838383838383838, 0.9580348004094166]",batch,both
FashionMNIST,small,43,10,a2,layerwise,activation_fisher,loss_aware,,0.7,5,0.8947,0.8875,0.2937266214251518,0.31289796330928804,211383,0.10105636498175596,211078,0.10084685114503822,0.14097341697197407,20.8994140625,16,16,2048,0.32510755490511656,0.8875,0.3128979627490044,0.31831768609117717,234752,235146,"[0.865, 0.969, 0.806, 0.895, 0.833, 0.962, 0.659, 0.956, 0.971, 0.959]","[0.8719452590420332, 0.9665314401622718, 0.8060941828254847, 0.9038854805725971, 0.8574317492416582, 0.965270684371808, 0.691908713692946, 0.9466537342386033, 0.9838383838383838, 0.9570112589559877]",batch,both
FashionMNIST,small,43,10,all,all,weight_fisher,loss_aware,,0.05,0,0.8907,0.8834,0.30834796397686004,0.3292023580431938,222660,0.05309892577377462,222284,0.05311136859323884,0.2529825590318069,20.52392578125,16,16,2048,0.3604295119876042,0.8834,0.3292023587822914,0.3302544879261404,234752,235146,"[0.842, 0.969, 0.845, 0.863, 0.808, 0.947, 0.673, 0.968, 0.965, 0.954]","[0.8563049853372434, 0.9705882352941176, 0.8476454293628809, 0.8640081799591002, 0.8291203235591507, 0.9530132788559755, 0.6929460580912863, 0.9592628516003879, 0.9787878787878788, 0.9539406345957011]",batch,both
FashionMNIST,small,43,10,all,all,weight_fisher,loss_aware,,0.05,1,0.8965,0.8903,0.29202232508659365,0.3112399260878563,222660,0.05309892577377462,222284,0.05311136859323884,0.2529825590318069,20.52392578125,16,16,2048,0.3379513310501352,0.8903,0.3112399297118187,0.3269243829417974,234752,235146,"[0.863, 0.972, 0.82, 0.906, 0.816, 0.956, 0.673, 0.966, 0.975, 0.956]","[0.8787878787878788, 0.9695740365111561, 0.8199445983379502, 0.9059304703476483, 0.833164812942366, 0.958120531154239, 0.7022821576763485, 0.95635305528613, 0.9848484848484849, 0.9580348004094166]",batch,both
FashionMNIST,small,43,10,all,all,weight_fisher,loss_aware,,0.05,3,0.8972,0.8939,0.2917102919220924,0.3103326652765274,222660,0.05309892577377462,222284,0.05311136859323884,0.2529825590318069,20.52392578125,16,16,2048,0.31549084302969277,0.8939,0.31033266315460206,0.33280820003710687,234752,235146,"[0.828, 0.973, 0.823, 0.917, 0.828, 0.968, 0.716, 0.959, 0.971, 0.956]","[0.8387096774193549, 0.9685598377281948, 0.8190212373037857, 0.9171779141104295, 0.8311425682507584, 0.9734422880490297, 0.7406639004149378, 0.950533462657614, 0.9838383838383838, 0.9539406345957011]",batch,both
FashionMNIST,small,43,10,all,all,weight_fisher,loss_aware,,0.05,5,0.8977,0.8942,0.2920019887447357,0.3101531272470951,222660,0.05309892577377462,222284,0.05311136859323884,0.2529825590318069,20.52392578125,16,16,2048,0.32982757699210197,0.8942,0.31015313176512715,0.3246924279956147,234752,235146,"[0.842, 0.973, 0.816, 0.91, 0.848, 0.963, 0.697, 0.968, 0.969, 0.956]","[0.8455522971652004, 0.9705882352941176, 0.8116343490304709, 0.908997955010225, 0.8483316481294236, 0.9632277834525026, 0.7375518672199171, 0.9612027158098934, 0.9828282828282828, 0.9518935516888434]",batch,both
FashionMNIST,small,43,10,all,all,weight_fisher,loss_aware,,0.1,0,0.8902,0.8817,0.3101274408817291,0.3309680042386055,209417,0.10941712808212767,209060,0.10944315703380592,0.2529825590318069,20.52392578125,16,16,2048,0.3309994169976562,0.8817,0.3309680023670197,0.31442467006854713,234752,235146,"[0.85, 0.968, 0.844, 0.859, 0.807, 0.95, 0.657, 0.97, 0.959, 0.953]","[0.8611925708699902, 0.9705882352941176, 0.850415512465374, 0.8609406952965235, 0.8281092012133469, 0.9560776302349336, 0.6846473029045643, 0.9582929194956353, 0.9747474747474747, 0.95496417604913]",batch,both
FashionMNIST,small,43,10,all,all,weight_fisher,loss_aware,,0.1,1,0.8951,0.8913,0.2916825076699257,0.30895468989014624,209417,0.10941712808212767,209060,0.10944315703380592,0.2529825590318069,20.52392578125,16,16,2048,0.3631922509521246,0.8913,0.3089546894967556,0.34852277592290193,234752,235146,"[0.834, 0.972, 0.801, 0.909, 0.837, 0.968, 0.701, 0.965, 0.972, 0.954]","[0.8396871945259042, 0.9685598377281948, 0.7940904893813481, 0.9079754601226994, 0.8503538928210314, 0.9662921348314607, 0.7406639004149378, 0.953443258971872, 0.9828282828282828, 0.9539406345957011]",batch,both
FashionMNIST,small,43,10,all,all,weight_fisher,loss_aware,,0.1,3,0.8965,0.8929,0.2929310314774513,0.3104265318095684,209417,0.10941712808212767,209060,0.10944315703380592,0.2529825590318069,20.52392578125,16,16,2048,0.31753578200004995,0.8929,0.31042653256058694,0.3218892499571666,234752,235146,"[0.841, 0.97, 0.807, 0.914, 0.835, 0.967, 0.704, 0.967, 0.973, 0.951]","[0.844574780058651, 0.9675456389452333, 0.801477377654663, 0.911042944785276, 0.8483316481294236, 0.9703779366700716, 0.7375518672199171, 0.9573229873908826, 0.9848484848484849, 0.9477993858751279]",batch,both
FashionMNIST,small,43,10,all,all,weight_fisher,loss_aware,,0.1,5,0.8974,0.8937,0.29116326816082,0.31098631044626235,209417,0.10941712808212767,209060,0.10944315703380592,0.2529825590318069,20.52392578125,16,16,2048,0.3183719050139189,0.8937,0.3109863060593605,0.3257540420163423,234752,235146,"[0.856, 0.973, 0.831, 0.905, 0.82, 0.961, 0.692, 0.969, 0.971, 0.959]","[0.8572825024437928, 0.9675456389452333, 0.8310249307479224, 0.908997955010225, 0.833164812942366, 0.9601634320735445, 0.7219917012448133, 0.9553831231813773, 0.9838383838383838, 0.9570112589559877]",batch,both
FashionMNIST,small,43,10,all,all,weight_fisher,loss_aware,,0.2,0,0.8893,0.8802,0.3142766481399536,0.33736395444869993,183183,0.2209818580796612,182865,0.22102900081788446,0.2529825590318069,20.52392578125,16,16,2048,0.33028195810038596,0.8802,0.3373639590382576,0.3578888449119404,234752,235146,"[0.841, 0.966, 0.849, 0.866, 0.813, 0.933, 0.653, 0.969, 0.957, 0.955]","[0.8533724340175953, 0.9634888438133874, 0.8541089566020313, 0.8599182004089979, 0.8351870576339737, 0.947906026557712, 0.6877593360995851, 0.9592628516003879, 0.9727272727272728, 0.9570112589559877]",batch,both
FashionMNIST,small,43,10,all,all,weight_fisher,loss_aware,,0.2,1,0.8963,0.8908,0.2894211042881012,0.3100837803244591,183183,0.2209818580796612,182865,0.22102900081788446,0.2529825590318069,20.52392578125,16,16,2048,0.34497138601727784,0.8908,0.3100837797522545,0.33236438292078674,234752,235146,"[0.85, 0.971, 0.819, 0.916, 0.814, 0.96, 0.687, 0.965, 0.973, 0.953]","[0.8563049853372434, 0.9675456389452333, 0.8245614035087719, 0.9151329243353783, 0.8281092012133469, 0.9683350357507661, 0.7126556016597511, 0.9602327837051406, 0.9848484848484849, 0.9477993858751279]",batch,both
FashionMNIST,small,43,10,all,all,weight_fisher,loss_aware,,0.2,3,0.8958,0.8914,0.29011519544124603,0.30872961238622665,183183,0.2209818580796612,182865,0.22102900081788446,0.2529825590318069,20.52392578125,16,16,2048,0.32590684795286506,0.8914,0.3087296116352081,0.3336838900577277,234752,235146,"[0.857, 0.972, 0.823, 0.903, 0.818, 0.958, 0.687, 0.964, 0.974, 0.958]","[0.8699902248289345, 0.9685598377281948, 0.827331486611265, 0.9079754601226994, 0.8301314459049545, 0.9642492339121552, 0.6981327800829875, 0.9515033947623667, 0.9848484848484849, 0.9570112589559877]",batch,both
FashionMNIST,small,43,10,all,all,weight_fisher,loss_aware,,0.2,5,0.8954,0.8919,0.293126164495945,0.31299408997297284,183183,0.2209818580796612,182865,0.22102900081788446,0.2529825590318069,20.52392578125,16,16,2048,0.32605682604480535,0.8919,0.31299408581256866,0.3261980429524556,234752,235146,"[0.832, 0.972, 0.816, 0.893, 0.832, 0.962, 0.724, 0.96, 0.969, 0.959]","[0.8347996089931574, 0.9685598377281948, 0.8190212373037857, 0.8946830265848671, 0.8412537917087968, 0.9683350357507661, 0.7489626556016598, 0.9427740058195926, 0.9818181818181818, 0.9590583418628454]",batch,both
FashionMNIST,small,43,10,all,all,weight_fisher,loss_aware,,0.3,0,0.8837,0.8734,0.3392056475162506,0.36192733047008513,158500,0.32595068595680976,158220,0.3260121319520175,0.2529825590318069,20.52392578125,16,16,2048,0.3175473230658099,0.8734,0.3619273295402527,0.32764338108245283,234752,235146,"[0.825, 0.962, 0.862, 0.854, 0.777, 0.942, 0.668, 0.976, 0.927, 0.941]","[0.844574780058651, 0.9634888438133874, 0.8707294552169899, 0.84560327198364, 0.8028311425682507, 0.9499489274770173, 0.700207468879668, 0.967992240543162, 0.9474747474747475, 0.9396110542476971]",batch,both
FashionMNIST,small,43,10,all,all,weight_fisher,loss_aware,,0.3,1,0.8931,0.8878,0.2936899656295776,0.31225132821798324,158500,0.32595068595680976,158220,0.3260121319520175,0.2529825590318069,20.52392578125,16,16,2048,0.31946930300910026,0.8878,0.31225132516622545,0.32623488001991063,234752,235146,"[0.849, 0.971, 0.807, 0.908, 0.817, 0.961, 0.683, 0.957, 0.971, 0.954]","[0.8563049853372434, 0.9665314401622718, 0.8116343490304709, 0.908997955010225, 0.8321536905965622, 0.9591419816138917, 0.7116182572614108, 0.9485935984481086, 0.9828282828282828, 0.9570112589559877]",batch,both
FashionMNIST,small,43,10,all,all,weight_fisher,loss_aware,,0.3,3,0.893,0.8893,0.29160051280260085,0.30989827964305877,158500,0.32595068595680976,158220,0.3260121319520175,0.2529825590318069,20.52392578125,16,16,2048,0.3195484000025317,0.8893,0.3098982803702354,0.3382400060072541,234752,235146,"[0.847, 0.973, 0.802, 0.907, 0.822, 0.954, 0.695, 0.968, 0.973, 0.952]","[0.8514173998044966, 0.9675456389452333, 0.8051708217913204, 0.908997955010225, 0.833164812942366, 0.9550561797752809, 0.7282157676348547, 0.9544131910766246, 0.9818181818181818, 0.9488229273285568]",batch,both
FashionMNIST,small,43,10,all,all,weight_fisher,loss_aware,,0.3,5,0.8962,0.8913,0.2908439913392067,0.3078673491179943,158500,0.32595068595680976,158220,0.3260121319520175,0.2529825590318069,20.52392578125,16,16,2048,0.31897818797733635,0.8913,0.3078673502445221,0.3262124430621043,234752,235146,"[0.858, 0.972, 0.798, 0.906, 0.848, 0.96, 0.681, 0.957, 0.974, 0.959]","[0.8602150537634409, 0.9685598377281948, 0.8088642659279779, 0.9049079754601227, 0.8645096056622852, 0.9611848825331971, 0.7095435684647303, 0.944713870029098, 0.9818181818181818, 0.962128966223132]",batch,both
FashionMNIST,small,43,10,all,all,weight_fisher,loss_aware,,0.4,0,0.8733,0.8651,0.4094213754653931,0.42817312748432157,133605,0.43182108137072284,133364,0.4318940839694656,0.2529825590318069,20.52392578125,16,16,2048,0.3277417100034654,0.8651,0.4281731332540512,0.32160102494526654,234752,235146,"[0.831, 0.951, 0.868, 0.81, 0.786, 0.958, 0.671, 0.964, 0.871, 0.941]","[0.8435972629521017, 0.9574036511156186, 0.8614958448753463, 0.8026584867075665, 0.8008088978766431, 0.9662921348314607, 0.7022821576763485, 0.953443258971872, 0.895959595959596, 0.9447287615148413]",batch,both
FashionMNIST,small,43,10,all,all,weight_fisher,loss_aware,,0.4,1,0.892,0.8849,0.29854191846847533,0.3192618990302086,133605,0.43182108137072284,133364,0.4318940839694656,0.2529825590318069,20.52392578125,16,16,2048,0.31042990693822503,0.8849,0.3192619024395943,0.33580422296654433,234752,235146,"[0.837, 0.966, 0.819, 0.905, 0.793, 0.948, 0.693, 0.964, 0.969, 0.955]","[0.844574780058651, 0.9675456389452333, 0.8217913204062789, 0.9100204498977505, 0.813953488372093, 0.9530132788559755, 0.7230290456431535, 0.9515033947623667, 0.9828282828282828, 0.95496417604913]",batch,both
FashionMNIST,small,43,10,all,all,weight_fisher,loss_aware,,0.4,3,0.8934,0.8884,0.29214037206172944,0.3122933262646198,133605,0.43182108137072284,133364,0.4318940839694656,0.2529825590318069,20.52392578125,16,16,2048,0.34137041005305946,0.8884,0.31229332458376885,0.3266372149810195,234752,235146,"[0.858, 0.971, 0.815, 0.899, 0.806, 0.96, 0.688, 0.955, 0.973, 0.959]","[0.8621700879765396, 0.9675456389452333, 0.8162511542012927, 0.9049079754601227, 0.8230535894843276, 0.9622063329928499, 0.7178423236514523, 0.938894277400582, 0.9828282828282828, 0.962128966223132]",batch,both
FashionMNIST,small,43,10,all,all,weight_fisher,loss_aware,,0.4,5,0.895,0.8891,0.29203775992393494,0.3127400980055332,133605,0.43182108137072284,133364,0.4318940839694656,0.2529825590318069,20.52392578125,16,16,2048,0.33489051298238337,0.8891,0.3127400997340679,0.33831034402828664,234752,235146,"[0.83, 0.972, 0.841, 0.909, 0.807, 0.965, 0.678, 0.962, 0.973, 0.954]","[0.8377321603128055, 0.9675456389452333, 0.8439519852262235, 0.9120654396728016, 0.8281092012133469, 0.965270684371808, 0.7136929460580913, 0.9485935984481086, 0.9848484848484849, 0.9498464687819856]",batch,both
FashionMNIST,small,43,10,all,all,weight_fisher,loss_aware,,0.5,0,0.8516,0.8441,0.5390280078887939,0.5556266213417054,109386,0.5348166670919343,109184,0.534896401308615,0.2529825590318069,20.52392578125,16,16,2048,0.3266476849094033,0.8441,0.5556266331672668,0.3327725220005959,234752,235146,"[0.797, 0.892, 0.88, 0.779, 0.74, 0.941, 0.64, 0.954, 0.86, 0.958]","[0.8152492668621701, 0.8985801217038539, 0.8734995383194829, 0.7689161554192229, 0.7441860465116279, 0.9550561797752809, 0.6877593360995851, 0.9359844810863239, 0.8757575757575757, 0.9539406345957011]",batch,both
FashionMNIST,small,43,10,all,all,weight_fisher,loss_aware,,0.5,1,0.8874,0.8807,0.31369462819099425,0.32857698934078217,109386,0.5348166670919343,109184,0.534896401308615,0.2529825590318069,20.52392578125,16,16,2048,0.32373531500343233,0.8807,0.32857699221372605,0.3275884910253808,234752,235146,"[0.808, 0.961, 0.777, 0.911, 0.828, 0.954, 0.688, 0.957, 0.971, 0.952]","[0.8172043010752689, 0.9645030425963489, 0.775623268698061, 0.9141104294478528, 0.8473205257836198, 0.9550561797752809, 0.729253112033195, 0.9437439379243453, 0.9818181818181818, 0.9539406345957011]",batch,both
FashionMNIST,small,43,10,all,all,weight_fisher,loss_aware,,0.5,3,0.8907,0.8836,0.3028313608646393,0.3187362958550453,109386,0.5348166670919343,109184,0.534896401308615,0.2529825590318069,20.52392578125,16,16,2048,0.3365714449901134,0.8836,0.3187362969994545,0.34113713388796896,234752,235146,"[0.817, 0.968, 0.782, 0.896, 0.827, 0.954, 0.707, 0.959, 0.972, 0.954]","[0.8250244379276638, 0.9665314401622718, 0.7940904893813481, 0.8987730061349694, 0.8594539939332659, 0.9540347293156282, 0.7354771784232366, 0.9427740058195926, 0.9838383838383838, 0.9539406345957011]",batch,both
FashionMNIST,small,43,10,all,all,weight_fisher,loss_aware,,0.5,5,0.8931,0.8855,0.2982013210773468,0.3166138362646103,109386,0.5348166670919343,109184,0.534896401308615,0.2529825590318069,20.52392578125,16,16,2048,0.33142345503438264,0.8855,0.3166138427078724,0.34027072496246547,234752,235146,"[0.842, 0.968, 0.799, 0.903, 0.803, 0.955, 0.698, 0.964, 0.972, 0.951]","[0.8514173998044966, 0.9675456389452333, 0.8107109879963066, 0.9120654396728016, 0.8240647118301314, 0.9550561797752809, 0.733402489626556, 0.950533462657614, 0.9828282828282828, 0.9477993858751279]",batch,both
FashionMNIST,small,43,10,all,all,weight_fisher,loss_aware,,0.7,0,0.6983,0.6892,1.0398714504241944,1.0487450582504272,63887,0.728309220654402,63761,0.7283899604689203,0.2529825590318069,20.52392578125,16,16,2048,0.3338021420640871,0.6892,1.048745072555542,0.3402247510384768,234752,235146,"[0.775, 0.232, 0.923, 0.464, 0.434, 0.91, 0.547, 0.928, 0.721, 0.958]","[0.7859237536656891, 0.2231237322515213, 0.9039704524469068, 0.4867075664621677, 0.4378159757330637, 0.9090909090909091, 0.5892116182572614, 0.9253152279340446, 0.7212121212121212, 0.9672466734902764]",batch,both
FashionMNIST,small,43,10,all,all,weight_fisher,loss_aware,,0.7,1,0.8665,0.8572,0.40246393847465517,0.4099470881462097,63887,0.728309220654402,63761,0.7283899604689203,0.2529825590318069,20.52392578125,16,16,2048,0.37872318900190294,0.8572,0.4099470915317535,0.35712826589588076,234752,235146,"[0.82, 0.949, 0.745, 0.91, 0.811, 0.946, 0.551, 0.942, 0.959, 0.939]","[0.8406647116324536, 0.9523326572008114, 0.7469990766389658, 0.9130879345603272, 0.8361981799797775, 0.9438202247191011, 0.5943983402489627, 0.9311348205625606, 0.9707070707070707, 0.9406345957011258]",batch,both
FashionMNIST,small,43,10,all,all,weight_fisher,loss_aware,,0.7,3,0.8793,0.8688,0.34834262266159055,0.3603334030866623,63887,0.728309220654402,63761,0.7283899604689203,0.2529825590318069,20.52392578125,16,16,2048,0.33180066803470254,0.8688,0.36033340554237364,0.3331238750834018,234752,235146,"[0.822, 0.961, 0.78, 0.887, 0.802, 0.953, 0.626, 0.945, 0.966, 0.946]","[0.8475073313782991, 0.9614604462474645, 0.788550323176362, 0.8967280163599182, 0.8361981799797775, 0.9499489274770173, 0.6587136929460581, 0.9350145489815713, 0.9737373737373738, 0.9488229273285568]",batch,both
FashionMNIST,small,43,10,all,all,weight_fisher,loss_aware,,0.7,5,0.882,0.8729,0.3333358424663544,0.34703860461711883,63887,0.728309220654402,63761,0.7283899604689203,0.2529825590318069,20.52392578125,16,16,2048,0.3320311069255695,0.8729,0.3470386081218719,0.35161131096538156,234752,235146,"[0.821, 0.961, 0.787, 0.894, 0.799, 0.956, 0.641, 0.952, 0.969, 0.949]","[0.8406647116324536, 0.9614604462474645, 0.7940904893813481, 0.8987730061349694, 0.8281092012133469, 0.9489274770173647, 0.6856846473029046, 0.944713870029098, 0.9767676767676767, 0.9447287615148413]",batch,both
FashionMNIST,small,43,10,a1,layerwise,weight_fisher,loss_aware,,0.05,0,0.8906,0.8832,0.3087810953617096,0.3293223514676094,224190,0.04659232987165418,223808,0.04661941112322787,0.2529825590318069,20.52392578125,16,16,2048,0.32978570205159485,0.8832,0.32932235108613966,0.322479872033,234752,235146,"[0.841, 0.971, 0.845, 0.862, 0.806, 0.947, 0.673, 0.968, 0.965, 0.954]","[0.8563049853372434, 0.9705882352941176, 0.8467220683287165, 0.8640081799591002, 0.8291203235591507, 0.9530132788559755, 0.6929460580912863, 0.9592628516003879, 0.9787878787878788, 0.9539406345957011]",batch,both
FashionMNIST,small,43,10,a1,layerwise,weight_fisher,loss_aware,,0.05,1,0.8946,0.8898,0.29366403152942655,0.3128654220223427,224190,0.04659232987165418,223808,0.04661941112322787,0.2529825590318069,20.52392578125,16,16,2048,0.31774298404343426,0.8898,0.3128654207110405,0.336748696048744,234752,235146,"[0.833, 0.971, 0.815, 0.922, 0.794, 0.96, 0.712, 0.958, 0.972, 0.961]","[0.8347996089931574, 0.9675456389452333, 0.8153277931671283, 0.9192229038854806, 0.8099089989888777, 0.9642492339121552, 0.75, 0.9427740058195926, 0.9838383838383838, 0.9641760491299898]",batch,both
FashionMNIST,small,43,10,a1,layerwise,weight_fisher,loss_aware,,0.05,3,0.8963,0.8925,0.29089831705093383,0.3108330986380577,224190,0.04659232987165418,223808,0.04661941112322787,0.2529825590318069,20.52392578125,16,16,2048,0.32009419600944966,0.8925,0.3108330974817276,0.36542191996704787,234752,235146,"[0.847, 0.972, 0.801, 0.909, 0.831, 0.96, 0.711, 0.965, 0.971, 0.958]","[0.8563049853372434, 0.9685598377281948, 0.7977839335180056, 0.9079754601226994, 0.846309403437816, 0.9591419816138917, 0.7396265560165975, 0.9544131910766246, 0.9838383838383838, 0.95496417604913]",batch,both
FashionMNIST,small,43,10,a1,layerwise,weight_fisher,loss_aware,,0.05,5,0.8965,0.894,0.29305443967580797,0.3099005617201328,224190,0.04659232987165418,223808,0.04661941112322787,0.2529825590318069,20.52392578125,16,16,2048,0.31933782808482647,0.894,0.309900561517477,0.3390562320128083,234752,235146,"[0.85, 0.971, 0.82, 0.912, 0.835, 0.962, 0.695, 0.966, 0.973, 0.956]","[0.8602150537634409, 0.9665314401622718, 0.8162511542012927, 0.911042944785276, 0.840242669362993, 0.9642492339121552, 0.7199170124481328, 0.9553831231813773, 0.9828282828282828, 0.9518935516888434]",batch,both
FashionMNIST,small,43,10,a1,layerwise,weight_fisher,loss_aware,,0.1,0,0.8904,0.883,0.30863926981687545,0.32856473623514176,212321,0.09706735389927956,211952,0.09712377317339149,0.2529825590318069,20.52392578125,16,16,2048,0.3207458520773798,0.883,0.32856473504304884,0.34537998493760824,234752,235146,"[0.844, 0.971, 0.843, 0.862, 0.81, 0.95, 0.665, 0.968, 0.963, 0.954]","[0.8582600195503421, 0.9705882352941176, 0.8467220683287165, 0.8640081799591002, 0.8291203235591507, 0.9540347293156282, 0.6898340248962656, 0.9582929194956353, 0.9777777777777777, 0.9539406345957011]",batch,both
FashionMNIST,small,43,10,a1,layerwise,weight_fisher,loss_aware,,0.1,1,0.8958,0.891,0.2925654873371124,0.30953731367588044,212321,0.09706735389927956,211952,0.09712377317339149,0.2529825590318069,20.52392578125,16,16,2048,0.32353580999188125,0.891,0.3095373131036758,0.33682162303011864,234752,235146,"[0.835, 0.971, 0.807, 0.916, 0.804, 0.962, 0.728, 0.963, 0.97, 0.954]","[0.8299120234604106, 0.9675456389452333, 0.8088642659279779, 0.9141104294478528, 0.8291203235591507, 0.9673135852911133, 0.7572614107883817, 0.9524733268671193, 0.9848484848484849, 0.9529170931422722]",batch,both
FashionMNIST,small,43,10,a1,layerwise,weight_fisher,loss_aware,,0.1,3,0.8968,0.8935,0.29273682490587233,0.3105237966656685,212321,0.09706735389927956,211952,0.09712377317339149,0.2529825590318069,20.52392578125,16,16,2048,0.3355475600110367,0.8935,0.3105237958788872,0.33291447698138654,234752,235146,"[0.84, 0.972, 0.817, 0.904, 0.837, 0.964, 0.707, 0.965, 0.974, 0.955]","[0.8426197458455523, 0.9685598377281948, 0.8116343490304709, 0.901840490797546, 0.8483316481294236, 0.9662921348314607, 0.741701244813278, 0.9553831231813773, 0.9838383838383838, 0.9529170931422722]",batch,both
FashionMNIST,small,43,10,a1,layerwise,weight_fisher,loss_aware,,0.1,5,0.8982,0.896,0.2920343999028206,0.308832050383091,212321,0.09706735389927956,211952,0.09712377317339149,0.2529825590318069,20.52392578125,16,16,2048,0.3380971229635179,0.896,0.3088320461153984,0.34299520100466907,234752,235146,"[0.85, 0.973, 0.809, 0.91, 0.854, 0.971, 0.703, 0.963, 0.973, 0.954]","[0.852394916911046, 0.9695740365111561, 0.8051708217913204, 0.9079754601226994, 0.865520728008089, 0.9703779366700716, 0.729253112033195, 0.9544131910766246, 0.9828282828282828, 0.9498464687819856]",batch,both
FashionMNIST,small,43,10,a1,layerwise,weight_fisher,loss_aware,,0.2,0,0.8898,0.8809,0.31030210897922517,0.33322400641441347,188583,0.19801740195453033,188240,0.19813249727371862,0.2529825590318069,20.52392578125,16,16,2048,0.32621248404029757,0.8809,0.33322400662899015,0.33485426392871886,234752,235146,"[0.838, 0.971, 0.841, 0.862, 0.812, 0.939, 0.661, 0.97, 0.963, 0.952]","[0.8543499511241447, 0.9685598377281948, 0.8476454293628809, 0.8640081799591002, 0.8341759352881699, 0.95097037793667, 0.6867219917012448, 0.9602327837051406, 0.9767676767676767, 0.9529170931422722]",batch,both
FashionMNIST,small,43,10,a1,layerwise,weight_fisher,loss_aware,,0.2,1,0.8938,0.8917,0.2920266565680504,0.3106103041648865,188583,0.19801740195453033,188240,0.19813249727371862,0.2529825590318069,20.52392578125,16,16,2048,0.33203648508060724,0.8917,0.3106102974653244,0.3367194599704817,234752,235146,"[0.848, 0.97, 0.817, 0.905, 0.832, 0.963, 0.689, 0.966, 0.972, 0.955]","[0.852394916911046, 0.9665314401622718, 0.8125577100646353, 0.9100204498977505, 0.8382204246713852, 0.9662921348314607, 0.7126556016597511, 0.953443258971872, 0.9828282828282828, 0.946775844421699]",batch,both
FashionMNIST,small,43,10,a1,layerwise,weight_fisher,loss_aware,,0.2,3,0.8967,0.8923,0.290544044303894,0.3099966499328613,188583,0.19801740195453033,188240,0.19813249727371862,0.2529825590318069,20.52392578125,16,16,2048,0.356686421087943,0.8923,0.309996648311615,0.32736521400511265,234752,235146,"[0.838, 0.972, 0.83, 0.899, 0.81, 0.966, 0.718, 0.956, 0.971, 0.963]","[0.8406647116324536, 0.9665314401622718, 0.830101569713758, 0.9038854805725971, 0.8270980788675429, 0.9683350357507661, 0.7448132780082988, 0.94180407371484, 0.9838383838383838, 0.9641760491299898]",batch,both
FashionMNIST,small,43,10,a1,layerwise,weight_fisher,loss_aware,,0.2,5,0.8963,0.893,0.29089951577186585,0.3073266818344593,188583,0.19801740195453033,188240,0.19813249727371862,0.2529825590318069,20.52392578125,16,16,2048,0.32872258801944554,0.893,0.30732668430805204,0.3287742999382317,234752,235146,"[0.835, 0.973, 0.828, 0.901, 0.831, 0.966, 0.703, 0.954, 0.974, 0.965]","[0.841642228739003, 0.9675456389452333, 0.8264081255771006, 0.9028629856850716, 0.8321536905965622, 0.9744637385086823, 0.7365145228215768, 0.9427740058195926, 0.9828282828282828, 0.9600818833162743]",batch,both
FashionMNIST,small,43,10,a1,layerwise,weight_fisher,loss_aware,,0.3,0,0.888,0.8795,0.314092945432663,0.3368533969521523,165758,0.29508475585381,165440,0.2952562704471101,0.2529825590318069,20.52392578125,16,16,2048,0.35300327790901065,0.8795,0.33685339827537536,0.33721645595505834,234752,235146,"[0.831, 0.97, 0.841, 0.86, 0.808, 0.941, 0.668, 0.972, 0.954, 0.95]","[0.8533724340175953, 0.9685598377281948, 0.8476454293628809, 0.8609406952965235, 0.8190091001011123, 0.9458631256384066, 0.7012448132780082, 0.9660523763336566, 0.9696969696969697, 0.9457523029682702]",batch,both
FashionMNIST,small,43,10,a1,layerwise,weight_fisher,loss_aware,,0.3,1,0.8951,0.889,0.2913965454697609,0.31119139910936355,165758,0.29508475585381,165440,0.2952562704471101,0.2529825590318069,20.52392578125,16,16,2048,0.32007910090032965,0.889,0.31119140293598174,0.3150788869243115,234752,235146,"[0.843, 0.972, 0.809, 0.907, 0.832, 0.958, 0.685, 0.955, 0.972, 0.957]","[0.8484848484848485, 0.9665314401622718, 0.8107109879963066, 0.9069529652351738, 0.8483316481294236, 0.9632277834525026, 0.720954356846473, 0.9495635305528612, 0.9838383838383838, 0.9570112589559877]",batch,both
FashionMNIST,small,43,10,a1,layerwise,weight_fisher,loss_aware,,0.3,3,0.8942,0.8897,0.2927826044559479,0.30871365370750425,165758,0.29508475585381,165440,0.2952562704471101,0.2529825590318069,20.52392578125,16,16,2048,0.32122666004579514,0.8897,0.3087136542677879,0.31999027298297733,234752,235146,"[0.85, 0.973, 0.797, 0.899, 0.849, 0.957, 0.681, 0.963, 0.973, 0.955]","[0.8572825024437928, 0.9665314401622718, 0.8051708217913204, 0.9028629856850716, 0.8584428715874621, 0.9591419816138917, 0.7095435684647303, 0.9544131910766246, 0.9838383838383838, 0.9488229273285568]",batch,both
FashionMNIST,small,43,10,a1,layerwise,weight_fisher,loss_aware,,0.3,5,0.8953,0.8923,0.29161308966875077,0.3072072552502155,165758,0.29508475585381,165440,0.2952562704471101,0.2529825590318069,20.52392578125,16,16,2048,0.32548886397853494,0.8923,0.30720725260972975,0.3321655879262835,234752,235146,"[0.858, 0.973, 0.812, 0.904, 0.843, 0.96, 0.68, 0.959, 0.973, 0.961]","[0.8543499511241447, 0.9695740365111561, 0.814404432132964, 0.9079754601226994, 0.8493427704752275, 0.9622063329928499, 0.7074688796680498, 0.9466537342386033, 0.9828282828282828, 0.962128966223132]",batch,both
FashionMNIST,small,43,10,a1,layerwise,weight_fisher,loss_aware,,0.4,0,0.8872,0.8763,0.32074409561157224,0.34175563410520554,142020,0.39603480390906076,141728,0.39626499454743724,0.2529825590318069,20.52392578125,16,16,2048,0.3369531000498682,0.8763,0.34175563963651656,0.3327995960135013,234752,235146,"[0.828, 0.968, 0.817, 0.854, 0.824, 0.95, 0.67, 0.965, 0.934, 0.953]","[0.8504398826979472, 0.9685598377281948, 0.8365650969529086, 0.8537832310838446, 0.8432760364004045, 0.9560776302349336, 0.7033195020746889, 0.9582929194956353, 0.9565656565656566, 0.9447287615148413]",batch,both
FashionMNIST,small,43,10,a1,layerwise,weight_fisher,loss_aware,,0.4,1,0.895,0.8874,0.29348911278247836,0.3116709801673889,142020,0.39603480390906076,141728,0.39626499454743724,0.2529825590318069,20.52392578125,16,16,2048,0.323397550964728,0.8874,0.31167097634077073,0.34230503207072616,234752,235146,"[0.823, 0.971, 0.802, 0.905, 0.825, 0.96, 0.701, 0.955, 0.972, 0.96]","[0.8435972629521017, 0.9675456389452333, 0.8116343490304709, 0.9069529652351738, 0.8372093023255814, 0.9611848825331971, 0.7406639004149378, 0.938894277400582, 0.9848484848484849, 0.9631525076765609]",batch,both
FashionMNIST,small,43,10,a1,layerwise,weight_fisher,loss_aware,,0.4,3,0.8946,0.8901,0.29014396436214446,0.3085046308875084,142020,0.39603480390906076,141728,0.39626499454743724,0.2529825590318069,20.52392578125,16,16,2048,0.3232665720861405,0.8901,0.30850462898612024,0.3390033240430057,234752,235146,"[0.831, 0.971, 0.797, 0.908, 0.832, 0.961, 0.711, 0.962, 0.97, 0.958]","[0.8387096774193549, 0.9675456389452333, 0.8051708217913204, 0.9100204498977505, 0.8361981799797775, 0.9642492339121552, 0.7427385892116183, 0.9495635305528612, 0.9848484848484849, 0.9529170931422722]",batch,both
FashionMNIST,small,43,10,a1,layerwise,weight_fisher,loss_aware,,0.4,5,0.8967,0.8913,0.2910228788495064,0.31077384516596795,142020,0.39603480390906076,141728,0.39626499454743724,0.2529825590318069,20.52392578125,16,16,2048,0.31772601907141507,0.8913,0.3107738375365734,0.3337619360536337,234752,235146,"[0.835, 0.972, 0.83, 0.903, 0.826, 0.96, 0.694, 0.963, 0.972, 0.958]","[0.841642228739003, 0.9685598377281948, 0.830101569713758, 0.9069529652351738, 0.8442871587462083, 0.9642492339121552, 0.725103734439834, 0.9495635305528612, 0.9858585858585859, 0.9539406345957011]",batch,both
FashionMNIST,small,43,10,a1,layerwise,weight_fisher,loss_aware,,0.5,0,0.8831,0.8719,0.3355644033432007,0.35613225557804107,118282,0.4969848519643115,118016,0.4972737186477645,0.2529825590318069,20.52392578125,16,16,2048,0.31730702600907534,0.8719,0.3561322636008263,0.3391352470498532,234752,235146,"[0.816, 0.957, 0.811, 0.854, 0.815, 0.952, 0.68, 0.957, 0.926, 0.951]","[0.841642228739003, 0.962474645030426, 0.8236380424746076, 0.8568507157464212, 0.8260869565217391, 0.9570990806945863, 0.7188796680497925, 0.9427740058195926, 0.9555555555555556, 0.9477993858751279]",batch,both
FashionMNIST,small,43,10,a1,layerwise,weight_fisher,loss_aware,,0.5,1,0.8914,0.8869,0.29726907502412797,0.31538172867298125,118282,0.4969848519643115,118016,0.4972737186477645,0.2529825590318069,20.52392578125,16,16,2048,0.32868983899243176,0.8869,0.31538172676563264,0.33094285801053047,234752,235146,"[0.832, 0.966, 0.81, 0.913, 0.828, 0.959, 0.677, 0.957, 0.968, 0.959]","[0.8377321603128055, 0.9675456389452333, 0.814404432132964, 0.9151329243353783, 0.839231547017189, 0.9519918283963228, 0.716804979253112, 0.938894277400582, 0.9838383838383838, 0.9529170931422722]",batch,both
FashionMNIST,small,43,10,a1,layerwise,weight_fisher,loss_aware,,0.5,3,0.8941,0.8878,0.29508457729816434,0.3149746008455753,118282,0.4969848519643115,118016,0.4972737186477645,0.2529825590318069,20.52392578125,16,16,2048,0.3341770690167323,0.8878,0.31497460697293284,0.32368782395496964,234752,235146,"[0.832, 0.968, 0.811, 0.904, 0.823, 0.956, 0.697, 0.961, 0.97, 0.956]","[0.8406647116324536, 0.9675456389452333, 0.8125577100646353, 0.9079754601226994, 0.8473205257836198, 0.9540347293156282, 0.7344398340248963, 0.9437439379243453, 0.9848484848484849, 0.9529170931422722]",batch,both
FashionMNIST,small,43,10,a1,layerwise,weight_fisher,loss_aware,,0.5,5,0.8942,0.8894,0.2938239359378815,0.3127472947239876,118282,0.4969848519643115,118016,0.4972737186477645,0.2529825590318069,20.52392578125,16,16,2048,0.3244687389815226,0.8894,0.3127472945392132,0.33764967892784625,234752,235146,"[0.831, 0.964, 0.809, 0.907, 0.819, 0.959, 0.714, 0.958, 0.971, 0.962]","[0.8318670576735093, 0.9675456389452333, 0.8125577100646353, 0.9120654396728016, 0.8422649140546006, 0.9591419816138917, 0.7448132780082988, 0.9379243452958292, 0.9838383838383838, 0.9559877175025588]",batch,both
FashionMNIST,small,43,10,a1,layerwise,weight_fisher,loss_aware,,0.7,0,0.8573,0.8506,0.46226705012321473,0.47086633834838865,71719,0.6950022539188419,71504,0.6954062159214831,0.2529825590318069,20.52392578125,16,16,2048,0.34976814896799624,0.8506,0.47086633911132814,0.3415826850105077,234752,235146,"[0.782, 0.951, 0.827, 0.827, 0.798, 0.931, 0.649, 0.905, 0.875, 0.961]","[0.804496578690127, 0.9533468559837728, 0.8254847645429363, 0.8149284253578732, 0.8190091001011123, 0.9366700715015321, 0.6898340248962656, 0.8923375363724539, 0.8767676767676768, 0.9611054247697032]",batch,both
FashionMNIST,small,43,10,a1,layerwise,weight_fisher,loss_aware,,0.7,1,0.8838,0.8777,0.325399929022789,0.33977312753200534,71719,0.6950022539188419,71504,0.6954062159214831,0.2529825590318069,20.52392578125,16,16,2048,0.31882189691532403,0.8777,0.3397731260299683,0.33673485496547073,234752,235146,"[0.849, 0.962, 0.809, 0.891, 0.807, 0.955, 0.643, 0.946, 0.962, 0.953]","[0.855327468230694, 0.9645030425963489, 0.8107109879963066, 0.8885480572597138, 0.8291203235591507, 0.947906026557712, 0.6721991701244814, 0.9398642095053347, 0.9797979797979798, 0.9518935516888434]",batch,both
FashionMNIST,small,43,10,a1,layerwise,weight_fisher,loss_aware,,0.7,3,0.8869,0.8801,0.3133586380243301,0.32920204641819,71719,0.6950022539188419,71504,0.6954062159214831,0.2529825590318069,20.52392578125,16,16,2048,0.3316180439433083,0.8801,0.3292020456552506,0.3303955909796059,234752,235146,"[0.843, 0.968, 0.796, 0.892, 0.821, 0.96, 0.662, 0.933, 0.966, 0.96]","[0.8484848484848485, 0.9655172413793104, 0.8005540166204986, 0.8905930470347648, 0.8574317492416582, 0.9611848825331971, 0.6794605809128631, 0.930164888457808, 0.9808080808080808, 0.9590583418628454]",batch,both
FashionMNIST,small,43,10,a1,layerwise,weight_fisher,loss_aware,,0.7,5,0.8892,0.8804,0.309891318488121,0.3268056339383125,71719,0.6950022539188419,71504,0.6954062159214831,0.2529825590318069,20.52392578125,16,16,2048,0.32429564895574003,0.8804,0.3268056360006332,0.3616040669148788,234752,235146,"[0.84, 0.968, 0.817, 0.901, 0.771, 0.952, 0.675, 0.963, 0.968, 0.949]","[0.8475073313782991, 0.9665314401622718, 0.830101569713758, 0.9038854805725971, 0.80788675429727, 0.9550561797752809, 0.7043568464730291, 0.950533462657614, 0.9808080808080808, 0.946775844421699]",batch,both
FashionMNIST,small,43,10,a2,layerwise,weight_fisher,loss_aware,,0.05,0,0.891,0.884,0.3080600806236267,0.32890258729457855,233544,0.006812788650455426,233156,0.006798664122137366,0.2529825590318069,20.52392578125,16,16,2048,0.32398564694449306,0.884,0.32890258576869963,0.33636833901982754,234752,235146,"[0.844, 0.97, 0.843, 0.864, 0.808, 0.947, 0.673, 0.968, 0.969, 0.954]","[0.8563049853372434, 0.9705882352941176, 0.8476454293628809, 0.8640081799591002, 0.8301314459049545, 0.9530132788559755, 0.6939834024896265, 0.9592628516003879, 0.9797979797979798, 0.9539406345957011]",batch,both
FashionMNIST,small,43,10,a2,layerwise,weight_fisher,loss_aware,,0.05,1,0.8959,0.8913,0.2937501210927963,0.31174487863779066,233544,0.006812788650455426,233156,0.006798664122137366,0.2529825590318069,20.52392578125,16,16,2048,0.338077177060768,0.8913,0.3117448820233345,0.35729349101893604,234752,235146,"[0.848, 0.972, 0.813, 0.908, 0.824, 0.962, 0.692, 0.964, 0.974, 0.956]","[0.8563049853372434, 0.9675456389452333, 0.8116343490304709, 0.9059304703476483, 0.8372093023255814, 0.9662921348314607, 0.7240663900414938, 0.9515033947623667, 0.9858585858585859, 0.9570112589559877]",batch,both
FashionMNIST,small,43,10,a2,layerwise,weight_fisher,loss_aware,,0.05,3,0.8971,0.8932,0.2906684119939804,0.311136609685421,233544,0.006812788650455426,233156,0.006798664122137366,0.2529825590318069,20.52392578125,16,16,2048,0.33741999010089785,0.8932,0.311136615562439,0.32712120097130537,234752,235146,"[0.841, 0.974, 0.807, 0.918, 0.831, 0.967, 0.699, 0.966, 0.974, 0.955]","[0.8533724340175953, 0.9695740365111561, 0.804247460757156, 0.9192229038854806, 0.8412537917087968, 0.9703779366700716, 0.7302904564315352, 0.953443258971872, 0.9838383838383838, 0.9508700102354145]",batch,both
FashionMNIST,small,43,10,a2,layerwise,weight_fisher,loss_aware,,0.05,5,0.8988,0.8943,0.29171019506454465,0.31232448911070826,233544,0.006812788650455426,233156,0.006798664122137366,0.2529825590318069,20.52392578125,16,16,2048,0.3280418150825426,0.8943,0.3123244892001152,0.32402472698595375,234752,235146,"[0.857, 0.974, 0.814, 0.912, 0.848, 0.962, 0.68, 0.968, 0.971, 0.957]","[0.8582600195503421, 0.9705882352941176, 0.8107109879963066, 0.9141104294478528, 0.8665318503538928, 0.9622063329928499, 0.7157676348547718, 0.9582929194956353, 0.9838383838383838, 0.9518935516888434]",batch,both
FashionMNIST,small,43,10,a2,layerwise,weight_fisher,loss_aware,,0.1,0,0.8906,0.8826,0.30942944118976595,0.3308777669906616,231942,0.013625577300910963,231560,0.013597328244274842,0.2529825590318069,20.52392578125,16,16,2048,0.31610171298962086,0.8826,0.33087777198553087,0.34467345499433577,234752,235146,"[0.848, 0.969, 0.845, 0.859, 0.805, 0.949, 0.664, 0.97, 0.964, 0.953]","[0.8602150537634409, 0.9705882352941176, 0.850415512465374, 0.8609406952965235, 0.8301314459049545, 0.9540347293156282, 0.6887966804979253, 0.9592628516003879, 0.9747474747474747, 0.95496417604913]",batch,both
FashionMNIST,small,43,10,a2,layerwise,weight_fisher,loss_aware,,0.1,1,0.8955,0.8892,0.2941385137200356,0.314174080991745,231942,0.013625577300910963,231560,0.013597328244274842,0.2529825590318069,20.52392578125,16,16,2048,0.32884511700831354,0.8892,0.31417407964468,0.3309682609979063,234752,235146,"[0.849, 0.97, 0.77, 0.905, 0.828, 0.96, 0.714, 0.959, 0.972, 0.965]","[0.8592375366568915, 0.9675456389452333, 0.7746999076638966, 0.901840490797546, 0.8564206268958544, 0.9622063329928499, 0.7468879668049793, 0.9427740058195926, 0.9848484848484849, 0.9672466734902764]",batch,both
FashionMNIST,small,43,10,a2,layerwise,weight_fisher,loss_aware,,0.1,3,0.8982,0.8912,0.2911081284403801,0.31165281845331194,231942,0.013625577300910963,231560,0.013597328244274842,0.2529825590318069,20.52392578125,16,16,2048,0.321995921083726,0.8912,0.31165282101631164,0.3374286530306563,234752,235146,"[0.846, 0.973, 0.824, 0.911, 0.838, 0.959, 0.668, 0.969, 0.973, 0.951]","[0.863147605083089, 0.9695740365111561, 0.8217913204062789, 0.9130879345603272, 0.8503538928210314, 0.9601634320735445, 0.7157676348547718, 0.9602327837051406, 0.9858585858585859, 0.9447287615148413]",batch,both
FashionMNIST,small,43,10,a2,layerwise,weight_fisher,loss_aware,,0.1,5,0.8991,0.8913,0.29173112362623216,0.3106013488650322,231942,0.013625577300910963,231560,0.013597328244274842,0.2529825590318069,20.52392578125,16,16,2048,0.31266180402599275,0.8913,0.3106013458311558,0.3321981499902904,234752,235146,"[0.839, 0.972, 0.796, 0.914, 0.82, 0.962, 0.711, 0.959, 0.973, 0.967]","[0.8514173998044966, 0.9695740365111561, 0.8033240997229917, 0.9171779141104295, 0.839231547017189, 0.9683350357507661, 0.7510373443983402, 0.9485935984481086, 0.9848484848484849, 0.9641760491299898]",batch,both
FashionMNIST,small,43,10,a2,layerwise,weight_fisher,loss_aware,,0.2,0,0.8906,0.8817,0.3091384798526764,0.3303914142727852,228471,0.028386619376897793,228102,0.028327767175572505,0.2529825590318069,20.52392578125,16,16,2048,0.34195459994953126,0.8817,0.3303914137482643,0.338633532053791,234752,235146,"[0.839, 0.965, 0.846, 0.863, 0.806, 0.949, 0.664, 0.969, 0.961, 0.955]","[0.8533724340175953, 0.9675456389452333, 0.8513388734995383, 0.8568507157464212, 0.8351870576339737, 0.9530132788559755, 0.6981327800829875, 0.9592628516003879, 0.9737373737373738, 0.9559877175025588]",batch,both
FashionMNIST,small,43,10,a2,layerwise,weight_fisher,loss_aware,,0.2,1,0.8947,0.8892,0.2921589491605759,0.3111515358567238,228471,0.028386619376897793,228102,0.028327767175572505,0.2529825590318069,20.52392578125,16,16,2048,0.32977717102039605,0.8892,0.3111515373945236,0.3419736240757629,234752,235146,"[0.845, 0.971, 0.785, 0.904, 0.817, 0.963, 0.71, 0.964, 0.975, 0.958]","[0.8563049853372434, 0.9685598377281948, 0.7931671283471837, 0.9008179959100204, 0.8372093023255814, 0.9611848825331971, 0.741701244813278, 0.9515033947623667, 0.9858585858585859, 0.9570112589559877]",batch,both
FashionMNIST,small,43,10,a2,layerwise,weight_fisher,loss_aware,,0.2,3,0.8962,0.8904,0.29070147227048876,0.31192734221816065,228471,0.028386619376897793,228102,0.028327767175572505,0.2529825590318069,20.52392578125,16,16,2048,0.33671759988646954,0.8904,0.31192733951210977,0.34327869408298284,234752,235146,"[0.836, 0.971, 0.803, 0.908, 0.818, 0.962, 0.716, 0.963, 0.969, 0.958]","[0.8455522971652004, 0.9685598377281948, 0.8033240997229917, 0.9141104294478528, 0.8372093023255814, 0.9632277834525026, 0.7448132780082988, 0.9524733268671193, 0.9828282828282828, 0.9559877175025588]",batch,both
FashionMNIST,small,43,10,a2,layerwise,weight_fisher,loss_aware,,0.2,5,0.8971,0.8932,0.2906291874408722,0.31199932515621187,228471,0.028386619376897793,228102,0.028327767175572505,0.2529825590318069,20.52392578125,16,16,2048,0.33458996505942196,0.8932,0.31199932269454,0.3312813970260322,234752,235146,"[0.848, 0.975, 0.787, 0.907, 0.859, 0.966, 0.697, 0.968, 0.97, 0.955]","[0.8484848484848485, 0.9716024340770791, 0.791320406278855, 0.9100204498977505, 0.8675429726996967, 0.9662921348314607, 0.7344398340248963, 0.9582929194956353, 0.9838383838383838, 0.9457523029682702]",batch,both
FashionMNIST,small,43,10,a2,layerwise,weight_fisher,loss_aware,,0.3,0,0.8891,0.8794,0.3194073225259781,0.3413049334526062,225000,0.04314766145288462,224644,0.04305820610687028,0.2529825590318069,20.52392578125,16,16,2048,0.3281692749587819,0.8794,0.3413049351930618,0.3213537259725854,234752,235146,"[0.837, 0.963, 0.866, 0.858, 0.783, 0.952, 0.668, 0.971, 0.951, 0.945]","[0.8484848484848485, 0.9675456389452333, 0.8716528162511542, 0.8496932515337423, 0.8099089989888777, 0.958120531154239, 0.7022821576763485, 0.9631425800193987, 0.9686868686868687, 0.9477993858751279]",batch,both
FashionMNIST,small,43,10,a2,layerwise,weight_fisher,loss_aware,,0.3,1,0.8966,0.8907,0.2898465527176857,0.31052125976085665,225000,0.04314766145288462,224644,0.04305820610687028,0.2529825590318069,20.52392578125,16,16,2048,0.3195095040136948,0.8907,0.3105212606787682,0.36040948098525405,234752,235146,"[0.838, 0.972, 0.815, 0.914, 0.819, 0.97, 0.696, 0.953, 0.973, 0.957]","[0.844574780058651, 0.9685598377281948, 0.8236380424746076, 0.9151329243353783, 0.8321536905965622, 0.9713993871297242, 0.7282157676348547, 0.944713870029098, 0.9838383838383838, 0.9580348004094166]",batch,both
FashionMNIST,small,43,10,a2,layerwise,weight_fisher,loss_aware,,0.3,3,0.8959,0.8912,0.2892057690262794,0.31090433130264283,225000,0.04314766145288462,224644,0.04305820610687028,0.2529825590318069,20.52392578125,16,16,2048,0.3284858239348978,0.8912,0.31090432864427564,0.3313213309738785,234752,235146,"[0.846, 0.97, 0.814, 0.908, 0.832, 0.961, 0.692, 0.958, 0.972, 0.959]","[0.841642228739003, 0.9675456389452333, 0.8199445983379502, 0.9079754601226994, 0.840242669362993, 0.9673135852911133, 0.7230290456431535, 0.9515033947623667, 0.9828282828282828, 0.9611054247697032]",batch,both
FashionMNIST,small,43,10,a2,layerwise,weight_fisher,loss_aware,,0.3,5,0.8965,0.8935,0.29115398440361023,0.31053763549923896,225000,0.04314766145288462,224644,0.04305820610687028,0.2529825590318069,20.52392578125,16,16,2048,0.33326704904902726,0.8935,0.31053763836026194,0.32244918891228735,234752,235146,"[0.856, 0.973, 0.805, 0.903, 0.854, 0.962, 0.686, 0.957, 0.973, 0.966]","[0.8563049853372434, 0.9695740365111561, 0.7996306555863343, 0.901840490797546, 0.8695652173913043, 0.9642492339121552, 0.7188796680497925, 0.94180407371484, 0.9828282828282828, 0.9662231320368475]",batch,both
FashionMNIST,small,43,10,a2,layerwise,weight_fisher,loss_aware,,0.4,0,0.8835,0.8742,0.35136416873931886,0.3717470913171768,221529,0.05790870352887145,221186,0.05778864503816794,0.2529825590318069,20.52392578125,16,16,2048,0.31406230095308274,0.8742,0.3717470918416977,0.3372179100988433,234752,235146,"[0.85, 0.959, 0.879, 0.812, 0.765, 0.955, 0.658, 0.967, 0.947, 0.95]","[0.8592375366568915, 0.9655172413793104, 0.8725761772853186, 0.8139059304703476, 0.7957532861476239, 0.9591419816138917, 0.6846473029045643, 0.9612027158098934, 0.9656565656565657, 0.9518935516888434]",batch,both
FashionMNIST,small,43,10,a2,layerwise,weight_fisher,loss_aware,,0.4,1,0.894,0.8898,0.29252129125595094,0.31403447226285935,221529,0.05790870352887145,221186,0.05778864503816794,0.2529825590318069,20.52392578125,16,16,2048,0.33361194003373384,0.8898,0.3140344743847847,0.33269425795879215,234752,235146,"[0.863, 0.971, 0.83, 0.925, 0.811, 0.968, 0.642, 0.958, 0.972, 0.958]","[0.8690127077223851, 0.9685598377281948, 0.8291782086795937, 0.9233128834355828, 0.8220424671385238, 0.9693564862104188, 0.671161825726141, 0.9456838021338506, 0.9848484848484849, 0.9580348004094166]",batch,both
FashionMNIST,small,43,10,a2,layerwise,weight_fisher,loss_aware,,0.4,3,0.8956,0.8909,0.2895985882759094,0.3107042432308197,221529,0.05790870352887145,221186,0.05778864503816794,0.2529825590318069,20.52392578125,16,16,2048,0.31929129897616804,0.8909,0.3107042476415634,0.3381504979915917,234752,235146,"[0.849, 0.972, 0.803, 0.909, 0.83, 0.961, 0.695, 0.959, 0.974, 0.957]","[0.8514173998044966, 0.9685598377281948, 0.8024007386888273, 0.908997955010225, 0.8513650151668352, 0.9642492339121552, 0.720954356846473, 0.9515033947623667, 0.9828282828282828, 0.9590583418628454]",batch,both
FashionMNIST,small,43,10,a2,layerwise,weight_fisher,loss_aware,,0.4,5,0.8972,0.8937,0.28961238127946853,0.3106344519674778,221529,0.05790870352887145,221186,0.05778864503816794,0.2529825590318069,20.52392578125,16,16,2048,0.318463092087768,0.8937,0.3106344520568848,0.33911967603489757,234752,235146,"[0.835, 0.975, 0.806, 0.909, 0.83, 0.966, 0.723, 0.965, 0.973, 0.955]","[0.8357771260997068, 0.9716024340770791, 0.804247460757156, 0.9151329243353783, 0.8452982810920121, 0.9713993871297242, 0.7437759336099585, 0.9582929194956353, 0.9828282828282828, 0.9498464687819856]",batch,both
FashionMNIST,small,43,10,a2,layerwise,weight_fisher,loss_aware,,0.5,0,0.8688,0.8625,0.40541374921798706,0.42454526743888854,218058,0.07266974560485828,217728,0.0725190839694656,0.2529825590318069,20.52392578125,16,16,2048,0.32434417901095003,0.8625,0.4245452712059021,0.3247243450023234,234752,235146,"[0.841, 0.953, 0.9, 0.783, 0.731, 0.946, 0.61, 0.963, 0.945, 0.953]","[0.852394916911046, 0.9553752535496958, 0.8947368421052632, 0.7658486707566462, 0.7472194135490394, 0.9540347293156282, 0.6296680497925311, 0.9582929194956353, 0.9646464646464646, 0.95496417604913]",batch,both
FashionMNIST,small,43,10,a2,layerwise,weight_fisher,loss_aware,,0.5,1,0.8926,0.8898,0.295675849211216,0.3133990900874138,218058,0.07266974560485828,217728,0.0725190839694656,0.2529825590318069,20.52392578125,16,16,2048,0.3215410850243643,0.8898,0.31339909490346907,0.32431594701483846,234752,235146,"[0.868, 0.969, 0.838, 0.911, 0.807, 0.967, 0.648, 0.967, 0.972, 0.951]","[0.8670576735092864, 0.9685598377281948, 0.8337950138504155, 0.908997955010225, 0.8230535894843276, 0.9693564862104188, 0.6649377593360996, 0.9582929194956353, 0.9838383838383838, 0.9477993858751279]",batch,both
FashionMNIST,small,43,10,a2,layerwise,weight_fisher,loss_aware,,0.5,3,0.8936,0.89,0.2927225343942642,0.31175675259828567,218058,0.07266974560485828,217728,0.0725190839694656,0.2529825590318069,20.52392578125,16,16,2048,0.32417863595765084,0.89,0.3117567567706108,0.34003107296302915,234752,235146,"[0.847, 0.971, 0.803, 0.915, 0.801, 0.962, 0.709, 0.964, 0.972, 0.956]","[0.8504398826979472, 0.9675456389452333, 0.7968605724838412, 0.9192229038854806, 0.8200202224469161, 0.9622063329928499, 0.733402489626556, 0.9524733268671193, 0.9818181818181818, 0.9580348004094166]",batch,both
FashionMNIST,small,43,10,a2,layerwise,weight_fisher,loss_aware,,0.5,5,0.8956,0.8901,0.29035992641448977,0.30966224560141564,218058,0.07266974560485828,217728,0.0725190839694656,0.2529825590318069,20.52392578125,16,16,2048,0.3380595090566203,0.8901,0.30966224023103717,0.348953070002608,234752,235146,"[0.848, 0.969, 0.79, 0.896, 0.836, 0.965, 0.704, 0.963, 0.974, 0.956]","[0.8494623655913979, 0.9675456389452333, 0.7950138504155124, 0.9049079754601227, 0.8543983822042467, 0.9683350357507661, 0.7282157676348547, 0.9524733268671193, 0.9828282828282828, 0.9590583418628454]",batch,both
FashionMNIST,small,43,10,a2,layerwise,weight_fisher,loss_aware,,0.7,0,0.8231,0.8145,0.6098865274429321,0.6255021694183349,211383,0.10105636498175596,211078,0.10084685114503822,0.2529825590318069,20.52392578125,16,16,2048,0.3304537150543183,0.8145,0.6255021786212921,0.33515604899730533,234752,235146,"[0.819, 0.936, 0.93, 0.657, 0.472, 0.948, 0.534, 0.953, 0.937, 0.959]","[0.8260019550342131, 0.9391480730223124, 0.9261311172668514, 0.6574642126789366, 0.4661274014155713, 0.9570990806945863, 0.5746887966804979, 0.9476236663433559, 0.9515151515151515, 0.9651995905834186]",batch,both
FashionMNIST,small,43,10,a2,layerwise,weight_fisher,loss_aware,,0.7,1,0.8869,0.8823,0.31507570297718046,0.33200500048398973,211383,0.10105636498175596,211078,0.10084685114503822,0.2529825590318069,20.52392578125,16,16,2048,0.3337375089759007,0.8823,0.3320049980044365,0.3302637980086729,234752,235146,"[0.849, 0.962, 0.807, 0.914, 0.824, 0.953, 0.636, 0.951, 0.969, 0.958]","[0.8563049853372434, 0.9645030425963489, 0.8033240997229917, 0.908997955010225, 0.8361981799797775, 0.9540347293156282, 0.66701244813278, 0.938894277400582, 0.9797979797979798, 0.9631525076765609]",batch,both
FashionMNIST,small,43,10,a2,layerwise,weight_fisher,loss_aware,,0.7,3,0.8892,0.8872,0.29898678834438325,0.3174038225054741,211383,0.10105636498175596,211078,0.10084685114503822,0.2529825590318069,20.52392578125,16,16,2048,0.3238330619642511,0.8872,0.31740381962060926,0.3324732360197231,234752,235146,"[0.843, 0.972, 0.817, 0.9, 0.82, 0.957, 0.673, 0.963, 0.972, 0.955]","[0.8484848484848485, 0.9675456389452333, 0.8088642659279779, 0.8967280163599182, 0.8281092012133469, 0.9601634320735445, 0.6970954356846473, 0.953443258971872, 0.9818181818181818, 0.9529170931422722]",batch,both
FashionMNIST,small,43,10,a2,layerwise,weight_fisher,loss_aware,,0.7,5,0.8928,0.8887,0.29563074603080747,0.3144105488419533,211383,0.10105636498175596,211078,0.10084685114503822,0.2529825590318069,20.52392578125,16,16,2048,0.33417886891402304,0.8887,0.3144105407834053,0.35081608197651803,234752,235146,"[0.836, 0.971, 0.793, 0.911, 0.829, 0.963, 0.692, 0.959, 0.973, 0.96]","[0.8426197458455523, 0.9675456389452333, 0.7922437673130194, 0.9130879345603272, 0.8473205257836198, 0.9642492339121552, 0.7199170124481328, 0.9476236663433559, 0.9818181818181818, 0.9580348004094166]",batch,both
