dataset,architecture,seed,epoch,layer,criterion,criterion_group,neuron_index,score
FashionMNIST,small,43,10,a1,output_weight_norm,baseline,0,0.6828016638755798
FashionMNIST,small,43,10,a1,output_weight_norm,baseline,1,0.8107950091362
FashionMNIST,small,43,10,a1,output_weight_norm,baseline,2,1.0386089086532593
FashionMNIST,small,43,10,a1,output_weight_norm,baseline,3,0.7449087500572205
FashionMNIST,small,43,10,a1,output_weight_norm,baseline,4,0.8358455896377563
FashionMNIST,small,43,10,a1,output_weight_norm,baseline,5,1.0246970653533936
FashionMNIST,small,43,10,a1,output_weight_norm,baseline,6,0.6202318072319031
FashionMNIST,small,43,10,a1,output_weight_norm,baseline,7,0.7235699892044067
FashionMNIST,small,43,10,a1,output_weight_norm,baseline,8,0.7276663780212402
FashionMNIST,small,43,10,a1,output_weight_norm,baseline,9,0.6599242687225342
FashionMNIST,small,43,10,a1,output_weight_norm,baseline,10,0.699234127998352
FashionMNIST,small,43,10,a1,output_weight_norm,baseline,11,0.5854563117027283
FashionMNIST,small,43,10,a1,output_weight_norm,baseline,12,0.9497630596160889
FashionMNIST,small,43,10,a1,output_weight_norm,baseline,13,0.8088729977607727
FashionMNIST,small,43,10,a1,output_weight_norm,baseline,14,0.6621150970458984
FashionMNIST,small,43,10,a1,output_weight_norm,baseline,15,0.8409326076507568
FashionMNIST,small,43,10,a1,output_weight_norm,baseline,16,0.9284892678260803
FashionMNIST,small,43,10,a1,output_weight_norm,baseline,17,0.9522852897644043
FashionMNIST,small,43,10,a1,output_weight_norm,baseline,18,0.7792171239852905
FashionMNIST,small,43,10,a1,output_weight_norm,baseline,19,0.8453682661056519
FashionMNIST,small,43,10,a1,output_weight_norm,baseline,20,0.9459823369979858
FashionMNIST,small,43,10,a1,output_weight_norm,baseline,21,0.968727707862854
FashionMNIST,small,43,10,a1,output_weight_norm,baseline,22,0.8779955506324768
FashionMNIST,small,43,10,a1,output_weight_norm,baseline,23,0.6323041915893555
FashionMNIST,small,43,10,a1,output_weight_norm,baseline,24,0.7427917122840881
FashionMNIST,small,43,10,a1,output_weight_norm,baseline,25,0.6835880875587463
FashionMNIST,small,43,10,a1,output_weight_norm,baseline,26,0.7037801146507263
FashionMNIST,small,43,10,a1,output_weight_norm,baseline,27,0.8314612507820129
FashionMNIST,small,43,10,a1,output_weight_norm,baseline,28,0.9180556535720825
FashionMNIST,small,43,10,a1,output_weight_norm,baseline,29,1.064598560333252
FashionMNIST,small,43,10,a1,output_weight_norm,baseline,30,0.7378506660461426
FashionMNIST,small,43,10,a1,output_weight_norm,baseline,31,0.8625198602676392
FashionMNIST,small,43,10,a1,output_weight_norm,baseline,32,0.8302211761474609
FashionMNIST,small,43,10,a1,output_weight_norm,baseline,33,0.6671127080917358
FashionMNIST,small,43,10,a1,output_weight_norm,baseline,34,0.8519253730773926
FashionMNIST,small,43,10,a1,output_weight_norm,baseline,35,1.043078899383545
FashionMNIST,small,43,10,a1,output_weight_norm,baseline,36,0.8260102272033691
FashionMNIST,small,43,10,a1,output_weight_norm,baseline,37,0.678099513053894
FashionMNIST,small,43,10,a1,output_weight_norm,baseline,38,0.6158285140991211
FashionMNIST,small,43,10,a1,output_weight_norm,baseline,39,0.6957768201828003
FashionMNIST,small,43,10,a1,output_weight_norm,baseline,40,0.9420281648635864
FashionMNIST,small,43,10,a1,output_weight_norm,baseline,41,0.8023256659507751
FashionMNIST,small,43,10,a1,output_weight_norm,baseline,42,0.8882061839103699
FashionMNIST,small,43,10,a1,output_weight_norm,baseline,43,0.7772502303123474
FashionMNIST,small,43,10,a1,output_weight_norm,baseline,44,0.9051896929740906
FashionMNIST,small,43,10,a1,output_weight_norm,baseline,45,1.0016472339630127
FashionMNIST,small,43,10,a1,output_weight_norm,baseline,46,0.929103672504425
FashionMNIST,small,43,10,a1,output_weight_norm,baseline,47,0.5685399174690247
FashionMNIST,small,43,10,a1,output_weight_norm,baseline,48,0.700079619884491
FashionMNIST,small,43,10,a1,output_weight_norm,baseline,49,0.9779101014137268
FashionMNIST,small,43,10,a1,output_weight_norm,baseline,50,0.8233068585395813
FashionMNIST,small,43,10,a1,output_weight_norm,baseline,51,1.1167079210281372
FashionMNIST,small,43,10,a1,output_weight_norm,baseline,52,0.6919845342636108
FashionMNIST,small,43,10,a1,output_weight_norm,baseline,53,0.7122634649276733
FashionMNIST,small,43,10,a1,output_weight_norm,baseline,54,0.7108557224273682
FashionMNIST,small,43,10,a1,output_weight_norm,baseline,55,0.741395115852356
FashionMNIST,small,43,10,a1,output_weight_norm,baseline,56,0.850378692150116
FashionMNIST,small,43,10,a1,output_weight_norm,baseline,57,0.9816672205924988
FashionMNIST,small,43,10,a1,output_weight_norm,baseline,58,0.6478939056396484
FashionMNIST,small,43,10,a1,output_weight_norm,baseline,59,0.5163487195968628
FashionMNIST,small,43,10,a1,output_weight_norm,baseline,60,0.6783753633499146
FashionMNIST,small,43,10,a1,output_weight_norm,baseline,61,1.1733431816101074
FashionMNIST,small,43,10,a1,output_weight_norm,baseline,62,1.0749311447143555
FashionMNIST,small,43,10,a1,output_weight_norm,baseline,63,0.6154682636260986
FashionMNIST,small,43,10,a1,output_weight_norm,baseline,64,0.8100351691246033
FashionMNIST,small,43,10,a1,output_weight_norm,baseline,65,0.8855382800102234
FashionMNIST,small,43,10,a1,output_weight_norm,baseline,66,1.2878748178482056
FashionMNIST,small,43,10,a1,output_weight_norm,baseline,67,0.7884352207183838
FashionMNIST,small,43,10,a1,output_weight_norm,baseline,68,0.8073519468307495
FashionMNIST,small,43,10,a1,output_weight_norm,baseline,69,0.7745107412338257
FashionMNIST,small,43,10,a1,output_weight_norm,baseline,70,0.758256196975708
FashionMNIST,small,43,10,a1,output_weight_norm,baseline,71,1.0116976499557495
FashionMNIST,small,43,10,a1,output_weight_norm,baseline,72,0.8765815496444702
FashionMNIST,small,43,10,a1,output_weight_norm,baseline,73,0.9413326978683472
FashionMNIST,small,43,10,a1,output_weight_norm,baseline,74,0.7022691965103149
FashionMNIST,small,43,10,a1,output_weight_norm,baseline,75,0.6509711146354675
FashionMNIST,small,43,10,a1,output_weight_norm,baseline,76,0.8171501755714417
FashionMNIST,small,43,10,a1,output_weight_norm,baseline,77,0.9730547666549683
FashionMNIST,small,43,10,a1,output_weight_norm,baseline,78,0.8767871260643005
FashionMNIST,small,43,10,a1,output_weight_norm,baseline,79,0.7473536133766174
FashionMNIST,small,43,10,a1,output_weight_norm,baseline,80,0.8405894041061401
FashionMNIST,small,43,10,a1,output_weight_norm,baseline,81,0.8452733159065247
FashionMNIST,small,43,10,a1,output_weight_norm,baseline,82,0.6842560768127441
FashionMNIST,small,43,10,a1,output_weight_norm,baseline,83,0.6873927712440491
FashionMNIST,small,43,10,a1,output_weight_norm,baseline,84,0.8670329451560974
FashionMNIST,small,43,10,a1,output_weight_norm,baseline,85,0.7367383241653442
FashionMNIST,small,43,10,a1,output_weight_norm,baseline,86,1.014922857284546
FashionMNIST,small,43,10,a1,output_weight_norm,baseline,87,0.7730411887168884
FashionMNIST,small,43,10,a1,output_weight_norm,baseline,88,0.9140377044677734
FashionMNIST,small,43,10,a1,output_weight_norm,baseline,89,0.7162633538246155
FashionMNIST,small,43,10,a1,output_weight_norm,baseline,90,0.6851230263710022
FashionMNIST,small,43,10,a1,output_weight_norm,baseline,91,1.087218165397644
FashionMNIST,small,43,10,a1,output_weight_norm,baseline,92,1.2659741640090942
FashionMNIST,small,43,10,a1,output_weight_norm,baseline,93,0.7923763394355774
FashionMNIST,small,43,10,a1,output_weight_norm,baseline,94,0.8425177931785583
FashionMNIST,small,43,10,a1,output_weight_norm,baseline,95,0.6592172384262085
FashionMNIST,small,43,10,a1,output_weight_norm,baseline,96,0.676662266254425
FashionMNIST,small,43,10,a1,output_weight_norm,baseline,97,0.6697573661804199
FashionMNIST,small,43,10,a1,output_weight_norm,baseline,98,0.7715555429458618
FashionMNIST,small,43,10,a1,output_weight_norm,baseline,99,0.588445782661438
FashionMNIST,small,43,10,a1,output_weight_norm,baseline,100,0.5898982286453247
FashionMNIST,small,43,10,a1,output_weight_norm,baseline,101,0.6863408088684082
FashionMNIST,small,43,10,a1,output_weight_norm,baseline,102,0.6847531795501709
FashionMNIST,small,43,10,a1,output_weight_norm,baseline,103,1.0959844589233398
FashionMNIST,small,43,10,a1,output_weight_norm,baseline,104,0.8208390474319458
FashionMNIST,small,43,10,a1,output_weight_norm,baseline,105,0.8291187286376953
FashionMNIST,small,43,10,a1,output_weight_norm,baseline,106,0.7843534350395203
FashionMNIST,small,43,10,a1,output_weight_norm,baseline,107,0.729933500289917
FashionMNIST,small,43,10,a1,output_weight_norm,baseline,108,0.9648720026016235
FashionMNIST,small,43,10,a1,output_weight_norm,baseline,109,1.0549534559249878
FashionMNIST,small,43,10,a1,output_weight_norm,baseline,110,0.6330641508102417
FashionMNIST,small,43,10,a1,output_weight_norm,baseline,111,0.8541756272315979
FashionMNIST,small,43,10,a1,output_weight_norm,baseline,112,0.8078604936599731
FashionMNIST,small,43,10,a1,output_weight_norm,baseline,113,0.6030072569847107
FashionMNIST,small,43,10,a1,output_weight_norm,baseline,114,0.7618317604064941
FashionMNIST,small,43,10,a1,output_weight_norm,baseline,115,0.8109838366508484
FashionMNIST,small,43,10,a1,output_weight_norm,baseline,116,0.884333074092865
FashionMNIST,small,43,10,a1,output_weight_norm,baseline,117,0.9313690066337585
FashionMNIST,small,43,10,a1,output_weight_norm,baseline,118,0.8998904228210449
FashionMNIST,small,43,10,a1,output_weight_norm,baseline,119,0.8803202509880066
FashionMNIST,small,43,10,a1,output_weight_norm,baseline,120,0.7763479351997375
FashionMNIST,small,43,10,a1,output_weight_norm,baseline,121,0.7534266114234924
FashionMNIST,small,43,10,a1,output_weight_norm,baseline,122,0.9406312108039856
FashionMNIST,small,43,10,a1,output_weight_norm,baseline,123,0.7476758360862732
FashionMNIST,small,43,10,a1,output_weight_norm,baseline,124,0.6839401721954346
FashionMNIST,small,43,10,a1,output_weight_norm,baseline,125,0.5382035374641418
FashionMNIST,small,43,10,a1,output_weight_norm,baseline,126,0.8095661997795105
FashionMNIST,small,43,10,a1,output_weight_norm,baseline,127,0.8718849420547485
FashionMNIST,small,43,10,a1,output_weight_norm,baseline,128,1.030737280845642
FashionMNIST,small,43,10,a1,output_weight_norm,baseline,129,0.803865909576416
FashionMNIST,small,43,10,a1,output_weight_norm,baseline,130,0.8144552707672119
FashionMNIST,small,43,10,a1,output_weight_norm,baseline,131,0.7146013975143433
FashionMNIST,small,43,10,a1,output_weight_norm,baseline,132,0.80140221118927
FashionMNIST,small,43,10,a1,output_weight_norm,baseline,133,0.5554954409599304
FashionMNIST,small,43,10,a1,output_weight_norm,baseline,134,0.9826909303665161
FashionMNIST,small,43,10,a1,output_weight_norm,baseline,135,0.8165359497070312
FashionMNIST,small,43,10,a1,output_weight_norm,baseline,136,0.9587960839271545
FashionMNIST,small,43,10,a1,output_weight_norm,baseline,137,0.6115441918373108
FashionMNIST,small,43,10,a1,output_weight_norm,baseline,138,0.870868444442749
FashionMNIST,small,43,10,a1,output_weight_norm,baseline,139,0.7890534996986389
FashionMNIST,small,43,10,a1,output_weight_norm,baseline,140,0.7092970609664917
FashionMNIST,small,43,10,a1,output_weight_norm,baseline,141,0.6448181867599487
FashionMNIST,small,43,10,a1,output_weight_norm,baseline,142,0.7561754584312439
FashionMNIST,small,43,10,a1,output_weight_norm,baseline,143,0.9517064690589905
FashionMNIST,small,43,10,a1,output_weight_norm,baseline,144,0.7193922996520996
FashionMNIST,small,43,10,a1,output_weight_norm,baseline,145,0.7132267355918884
FashionMNIST,small,43,10,a1,output_weight_norm,baseline,146,0.8554801344871521
FashionMNIST,small,43,10,a1,output_weight_norm,baseline,147,0.6831657290458679
FashionMNIST,small,43,10,a1,output_weight_norm,baseline,148,0.7267118096351624
FashionMNIST,small,43,10,a1,output_weight_norm,baseline,149,0.7877254486083984
FashionMNIST,small,43,10,a1,output_weight_norm,baseline,150,0.9925015568733215
FashionMNIST,small,43,10,a1,output_weight_norm,baseline,151,0.75196373462677
FashionMNIST,small,43,10,a1,output_weight_norm,baseline,152,1.277408480644226
FashionMNIST,small,43,10,a1,output_weight_norm,baseline,153,0.9061020612716675
FashionMNIST,small,43,10,a1,output_weight_norm,baseline,154,1.0228687524795532
FashionMNIST,small,43,10,a1,output_weight_norm,baseline,155,0.6448038816452026
FashionMNIST,small,43,10,a1,output_weight_norm,baseline,156,1.077223777770996
FashionMNIST,small,43,10,a1,output_weight_norm,baseline,157,1.1520075798034668
FashionMNIST,small,43,10,a1,output_weight_norm,baseline,158,0.7990219593048096
FashionMNIST,small,43,10,a1,output_weight_norm,baseline,159,0.8096736669540405
FashionMNIST,small,43,10,a1,output_weight_norm,baseline,160,0.8521305322647095
FashionMNIST,small,43,10,a1,output_weight_norm,baseline,161,0.8550817966461182
FashionMNIST,small,43,10,a1,output_weight_norm,baseline,162,0.6651418805122375
FashionMNIST,small,43,10,a1,output_weight_norm,baseline,163,0.8097272515296936
FashionMNIST,small,43,10,a1,output_weight_norm,baseline,164,0.9372100234031677
FashionMNIST,small,43,10,a1,output_weight_norm,baseline,165,1.2253867387771606
FashionMNIST,small,43,10,a1,output_weight_norm,baseline,166,0.6911170482635498
FashionMNIST,small,43,10,a1,output_weight_norm,baseline,167,0.7906569242477417
FashionMNIST,small,43,10,a1,output_weight_norm,baseline,168,1.1473513841629028
FashionMNIST,small,43,10,a1,output_weight_norm,baseline,169,0.6433285474777222
FashionMNIST,small,43,10,a1,output_weight_norm,baseline,170,0.8753219842910767
FashionMNIST,small,43,10,a1,output_weight_norm,baseline,171,0.784061849117279
FashionMNIST,small,43,10,a1,output_weight_norm,baseline,172,0.711188554763794
FashionMNIST,small,43,10,a1,output_weight_norm,baseline,173,0.7891994714736938
FashionMNIST,small,43,10,a1,output_weight_norm,baseline,174,0.7573282122612
FashionMNIST,small,43,10,a1,output_weight_norm,baseline,175,0.6507554054260254
FashionMNIST,small,43,10,a1,output_weight_norm,baseline,176,0.6327241659164429
FashionMNIST,small,43,10,a1,output_weight_norm,baseline,177,0.655676007270813
FashionMNIST,small,43,10,a1,output_weight_norm,baseline,178,0.8964507579803467
FashionMNIST,small,43,10,a1,output_weight_norm,baseline,179,0.7640520334243774
FashionMNIST,small,43,10,a1,output_weight_norm,baseline,180,0.8113912343978882
FashionMNIST,small,43,10,a1,output_weight_norm,baseline,181,0.8258994221687317
FashionMNIST,small,43,10,a1,output_weight_norm,baseline,182,1.2034114599227905
FashionMNIST,small,43,10,a1,output_weight_norm,baseline,183,0.6066858172416687
FashionMNIST,small,43,10,a1,output_weight_norm,baseline,184,0.8228833675384521
FashionMNIST,small,43,10,a1,output_weight_norm,baseline,185,0.8555886149406433
FashionMNIST,small,43,10,a1,output_weight_norm,baseline,186,0.9388907551765442
FashionMNIST,small,43,10,a1,output_weight_norm,baseline,187,0.6421766877174377
FashionMNIST,small,43,10,a1,output_weight_norm,baseline,188,0.777363121509552
FashionMNIST,small,43,10,a1,output_weight_norm,baseline,189,1.016594648361206
FashionMNIST,small,43,10,a1,output_weight_norm,baseline,190,0.6674717664718628
FashionMNIST,small,43,10,a1,output_weight_norm,baseline,191,0.9770807027816772
FashionMNIST,small,43,10,a1,output_weight_norm,baseline,192,0.7597633600234985
FashionMNIST,small,43,10,a1,output_weight_norm,baseline,193,0.802439272403717
FashionMNIST,small,43,10,a1,output_weight_norm,baseline,194,0.8343359231948853
FashionMNIST,small,43,10,a1,output_weight_norm,baseline,195,0.6747487783432007
FashionMNIST,small,43,10,a1,output_weight_norm,baseline,196,0.8835803270339966
FashionMNIST,small,43,10,a1,output_weight_norm,baseline,197,0.8020179867744446
FashionMNIST,small,43,10,a1,output_weight_norm,baseline,198,0.6662573218345642
FashionMNIST,small,43,10,a1,output_weight_norm,baseline,199,1.038825273513794
FashionMNIST,small,43,10,a1,output_weight_norm,baseline,200,0.6344233751296997
FashionMNIST,small,43,10,a1,output_weight_norm,baseline,201,0.9111503958702087
FashionMNIST,small,43,10,a1,output_weight_norm,baseline,202,1.1554176807403564
FashionMNIST,small,43,10,a1,output_weight_norm,baseline,203,0.7510038018226624
FashionMNIST,small,43,10,a1,output_weight_norm,baseline,204,0.7173295021057129
FashionMNIST,small,43,10,a1,output_weight_norm,baseline,205,0.7501785755157471
FashionMNIST,small,43,10,a1,output_weight_norm,baseline,206,0.6313174962997437
FashionMNIST,small,43,10,a1,output_weight_norm,baseline,207,0.7211130857467651
FashionMNIST,small,43,10,a1,output_weight_norm,baseline,208,0.6371899843215942
FashionMNIST,small,43,10,a1,output_weight_norm,baseline,209,1.2757772207260132
FashionMNIST,small,43,10,a1,output_weight_norm,baseline,210,0.7249071002006531
FashionMNIST,small,43,10,a1,output_weight_norm,baseline,211,0.5944053530693054
FashionMNIST,small,43,10,a1,output_weight_norm,baseline,212,0.8576176762580872
FashionMNIST,small,43,10,a1,output_weight_norm,baseline,213,0.7529926896095276
FashionMNIST,small,43,10,a1,output_weight_norm,baseline,214,0.6290671825408936
FashionMNIST,small,43,10,a1,output_weight_norm,baseline,215,0.7699248194694519
FashionMNIST,small,43,10,a1,output_weight_norm,baseline,216,0.5356022715568542
FashionMNIST,small,43,10,a1,output_weight_norm,baseline,217,0.8761019110679626
FashionMNIST,small,43,10,a1,output_weight_norm,baseline,218,0.7311792373657227
FashionMNIST,small,43,10,a1,output_weight_norm,baseline,219,0.7759941220283508
FashionMNIST,small,43,10,a1,output_weight_norm,baseline,220,0.865612268447876
FashionMNIST,small,43,10,a1,output_weight_norm,baseline,221,0.6597557067871094
FashionMNIST,small,43,10,a1,output_weight_norm,baseline,222,0.6504135131835938
FashionMNIST,small,43,10,a1,output_weight_norm,baseline,223,1.0604511499404907
FashionMNIST,small,43,10,a1,output_weight_norm,baseline,224,0.8337398171424866
FashionMNIST,small,43,10,a1,output_weight_norm,baseline,225,0.7011387944221497
FashionMNIST,small,43,10,a1,output_weight_norm,baseline,226,1.022634506225586
FashionMNIST,small,43,10,a1,output_weight_norm,baseline,227,0.9469552636146545
FashionMNIST,small,43,10,a1,output_weight_norm,baseline,228,1.2818667888641357
FashionMNIST,small,43,10,a1,output_weight_norm,baseline,229,0.8025298714637756
FashionMNIST,small,43,10,a1,output_weight_norm,baseline,230,0.8277593851089478
FashionMNIST,small,43,10,a1,output_weight_norm,baseline,231,0.5883277654647827
FashionMNIST,small,43,10,a1,output_weight_norm,baseline,232,0.705364465713501
FashionMNIST,small,43,10,a1,output_weight_norm,baseline,233,0.6347382664680481
FashionMNIST,small,43,10,a1,output_weight_norm,baseline,234,0.9859465956687927
FashionMNIST,small,43,10,a1,output_weight_norm,baseline,235,0.5823597311973572
FashionMNIST,small,43,10,a1,output_weight_norm,baseline,236,0.7642410397529602
FashionMNIST,small,43,10,a1,output_weight_norm,baseline,237,0.44274935126304626
FashionMNIST,small,43,10,a1,output_weight_norm,baseline,238,1.0062364339828491
FashionMNIST,small,43,10,a1,output_weight_norm,baseline,239,0.9452632665634155
FashionMNIST,small,43,10,a1,output_weight_norm,baseline,240,0.7881841659545898
FashionMNIST,small,43,10,a1,output_weight_norm,baseline,241,0.6400831937789917
FashionMNIST,small,43,10,a1,output_weight_norm,baseline,242,0.8128361105918884
FashionMNIST,small,43,10,a1,output_weight_norm,baseline,243,1.3352339267730713
FashionMNIST,small,43,10,a1,output_weight_norm,baseline,244,0.6801881194114685
FashionMNIST,small,43,10,a1,output_weight_norm,baseline,245,0.6425579786300659
FashionMNIST,small,43,10,a1,output_weight_norm,baseline,246,0.571742594242096
FashionMNIST,small,43,10,a1,output_weight_norm,baseline,247,0.9319345355033875
FashionMNIST,small,43,10,a1,output_weight_norm,baseline,248,0.799101710319519
FashionMNIST,small,43,10,a1,output_weight_norm,baseline,249,0.5880964994430542
FashionMNIST,small,43,10,a1,output_weight_norm,baseline,250,0.6489009857177734
FashionMNIST,small,43,10,a1,output_weight_norm,baseline,251,0.6967275738716125
FashionMNIST,small,43,10,a1,output_weight_norm,baseline,252,1.000696063041687
FashionMNIST,small,43,10,a1,output_weight_norm,baseline,253,0.717893660068512
FashionMNIST,small,43,10,a1,output_weight_norm,baseline,254,0.5536358952522278
FashionMNIST,small,43,10,a1,output_weight_norm,baseline,255,0.6323755383491516
FashionMNIST,small,43,10,a2,output_weight_norm,baseline,0,0.3171333968639374
FashionMNIST,small,43,10,a2,output_weight_norm,baseline,1,0.2765933871269226
FashionMNIST,small,43,10,a2,output_weight_norm,baseline,2,0.5884621739387512
FashionMNIST,small,43,10,a2,output_weight_norm,baseline,3,0.2875373661518097
FashionMNIST,small,43,10,a2,output_weight_norm,baseline,4,0.22088339924812317
FashionMNIST,small,43,10,a2,output_weight_norm,baseline,5,0.5435833930969238
FashionMNIST,small,43,10,a2,output_weight_norm,baseline,6,0.46523556113243103
FashionMNIST,small,43,10,a2,output_weight_norm,baseline,7,0.47640639543533325
FashionMNIST,small,43,10,a2,output_weight_norm,baseline,8,0.44093191623687744
FashionMNIST,small,43,10,a2,output_weight_norm,baseline,9,0.3790797293186188
FashionMNIST,small,43,10,a2,output_weight_norm,baseline,10,0.2925158441066742
FashionMNIST,small,43,10,a2,output_weight_norm,baseline,11,0.3565647304058075
FashionMNIST,small,43,10,a2,output_weight_norm,baseline,12,0.2563210129737854
FashionMNIST,small,43,10,a2,output_weight_norm,baseline,13,0.24504800140857697
FashionMNIST,small,43,10,a2,output_weight_norm,baseline,14,0.3161960244178772
FashionMNIST,small,43,10,a2,output_weight_norm,baseline,15,0.2749410569667816
FashionMNIST,small,43,10,a2,output_weight_norm,baseline,16,0.5075942277908325
FashionMNIST,small,43,10,a2,output_weight_norm,baseline,17,0.6765995025634766
FashionMNIST,small,43,10,a2,output_weight_norm,baseline,18,0.24318383634090424
FashionMNIST,small,43,10,a2,output_weight_norm,baseline,19,0.3504820168018341
FashionMNIST,small,43,10,a2,output_weight_norm,baseline,20,0.2647726237773895
FashionMNIST,small,43,10,a2,output_weight_norm,baseline,21,0.4357069432735443
FashionMNIST,small,43,10,a2,output_weight_norm,baseline,22,0.24739253520965576
FashionMNIST,small,43,10,a2,output_weight_norm,baseline,23,0.25953492522239685
FashionMNIST,small,43,10,a2,output_weight_norm,baseline,24,0.30806201696395874
FashionMNIST,small,43,10,a2,output_weight_norm,baseline,25,0.2866491675376892
FashionMNIST,small,43,10,a2,output_weight_norm,baseline,26,0.3575951159000397
FashionMNIST,small,43,10,a2,output_weight_norm,baseline,27,0.2467544674873352
FashionMNIST,small,43,10,a2,output_weight_norm,baseline,28,0.26105257868766785
FashionMNIST,small,43,10,a2,output_weight_norm,baseline,29,0.32861289381980896
FashionMNIST,small,43,10,a2,output_weight_norm,baseline,30,0.14116637408733368
FashionMNIST,small,43,10,a2,output_weight_norm,baseline,31,0.6712203621864319
FashionMNIST,small,43,10,a2,output_weight_norm,baseline,32,0.3414338529109955
FashionMNIST,small,43,10,a2,output_weight_norm,baseline,33,0.3935425877571106
FashionMNIST,small,43,10,a2,output_weight_norm,baseline,34,0.34250184893608093
FashionMNIST,small,43,10,a2,output_weight_norm,baseline,35,0.31097647547721863
FashionMNIST,small,43,10,a2,output_weight_norm,baseline,36,0.26504120230674744
FashionMNIST,small,43,10,a2,output_weight_norm,baseline,37,0.18893083930015564
FashionMNIST,small,43,10,a2,output_weight_norm,baseline,38,0.547495424747467
FashionMNIST,small,43,10,a2,output_weight_norm,baseline,39,0.34817686676979065
FashionMNIST,small,43,10,a2,output_weight_norm,baseline,40,0.32549604773521423
FashionMNIST,small,43,10,a2,output_weight_norm,baseline,41,0.2536790370941162
FashionMNIST,small,43,10,a2,output_weight_norm,baseline,42,0.23498249053955078
FashionMNIST,small,43,10,a2,output_weight_norm,baseline,43,0.35696935653686523
FashionMNIST,small,43,10,a2,output_weight_norm,baseline,44,0.28142881393432617
FashionMNIST,small,43,10,a2,output_weight_norm,baseline,45,0.3911917805671692
FashionMNIST,small,43,10,a2,output_weight_norm,baseline,46,0.28926190733909607
FashionMNIST,small,43,10,a2,output_weight_norm,baseline,47,0.32299283146858215
FashionMNIST,small,43,10,a2,output_weight_norm,baseline,48,0.3222687244415283
FashionMNIST,small,43,10,a2,output_weight_norm,baseline,49,0.28373658657073975
FashionMNIST,small,43,10,a2,output_weight_norm,baseline,50,0.38951486349105835
FashionMNIST,small,43,10,a2,output_weight_norm,baseline,51,0.9572455883026123
FashionMNIST,small,43,10,a2,output_weight_norm,baseline,52,0.3366073966026306
FashionMNIST,small,43,10,a2,output_weight_norm,baseline,53,0.18129746615886688
FashionMNIST,small,43,10,a2,output_weight_norm,baseline,54,0.37839215993881226
FashionMNIST,small,43,10,a2,output_weight_norm,baseline,55,0.20398901402950287
FashionMNIST,small,43,10,a2,output_weight_norm,baseline,56,0.21331249177455902
FashionMNIST,small,43,10,a2,output_weight_norm,baseline,57,0.1936453878879547
FashionMNIST,small,43,10,a2,output_weight_norm,baseline,58,0.2935989499092102
FashionMNIST,small,43,10,a2,output_weight_norm,baseline,59,0.3517478108406067
FashionMNIST,small,43,10,a2,output_weight_norm,baseline,60,0.3050151467323303
FashionMNIST,small,43,10,a2,output_weight_norm,baseline,61,0.3113691210746765
FashionMNIST,small,43,10,a2,output_weight_norm,baseline,62,0.24867406487464905
FashionMNIST,small,43,10,a2,output_weight_norm,baseline,63,0.2837669551372528
FashionMNIST,small,43,10,a2,output_weight_norm,baseline,64,0.37715137004852295
FashionMNIST,small,43,10,a2,output_weight_norm,baseline,65,0.4297017455101013
FashionMNIST,small,43,10,a2,output_weight_norm,baseline,66,0.3856849670410156
FashionMNIST,small,43,10,a2,output_weight_norm,baseline,67,0.28048861026763916
FashionMNIST,small,43,10,a2,output_weight_norm,baseline,68,0.20931173861026764
FashionMNIST,small,43,10,a2,output_weight_norm,baseline,69,0.4982990026473999
FashionMNIST,small,43,10,a2,output_weight_norm,baseline,70,0.2868731617927551
FashionMNIST,small,43,10,a2,output_weight_norm,baseline,71,0.26750633120536804
FashionMNIST,small,43,10,a2,output_weight_norm,baseline,72,0.2629416882991791
FashionMNIST,small,43,10,a2,output_weight_norm,baseline,73,0.38007256388664246
FashionMNIST,small,43,10,a2,output_weight_norm,baseline,74,0.39365506172180176
FashionMNIST,small,43,10,a2,output_weight_norm,baseline,75,0.3570357859134674
FashionMNIST,small,43,10,a2,output_weight_norm,baseline,76,0.5108216404914856
FashionMNIST,small,43,10,a2,output_weight_norm,baseline,77,0.30294594168663025
FashionMNIST,small,43,10,a2,output_weight_norm,baseline,78,0.23027583956718445
FashionMNIST,small,43,10,a2,output_weight_norm,baseline,79,0.2390110343694687
FashionMNIST,small,43,10,a2,output_weight_norm,baseline,80,0.32451725006103516
FashionMNIST,small,43,10,a2,output_weight_norm,baseline,81,0.5475889444351196
FashionMNIST,small,43,10,a2,output_weight_norm,baseline,82,0.31199997663497925
FashionMNIST,small,43,10,a2,output_weight_norm,baseline,83,0.3020561635494232
FashionMNIST,small,43,10,a2,output_weight_norm,baseline,84,0.3228663206100464
FashionMNIST,small,43,10,a2,output_weight_norm,baseline,85,0.2606884837150574
FashionMNIST,small,43,10,a2,output_weight_norm,baseline,86,0.35603389143943787
FashionMNIST,small,43,10,a2,output_weight_norm,baseline,87,0.3040703237056732
FashionMNIST,small,43,10,a2,output_weight_norm,baseline,88,0.4644263684749603
FashionMNIST,small,43,10,a2,output_weight_norm,baseline,89,0.4337949752807617
FashionMNIST,small,43,10,a2,output_weight_norm,baseline,90,0.22217823565006256
FashionMNIST,small,43,10,a2,output_weight_norm,baseline,91,0.29363706707954407
FashionMNIST,small,43,10,a2,output_weight_norm,baseline,92,0.3857482671737671
FashionMNIST,small,43,10,a2,output_weight_norm,baseline,93,0.40124109387397766
FashionMNIST,small,43,10,a2,output_weight_norm,baseline,94,0.2493448555469513
FashionMNIST,small,43,10,a2,output_weight_norm,baseline,95,0.3152742087841034
FashionMNIST,small,43,10,a2,output_weight_norm,baseline,96,0.30546966195106506
FashionMNIST,small,43,10,a2,output_weight_norm,baseline,97,0.32460421323776245
FashionMNIST,small,43,10,a2,output_weight_norm,baseline,98,0.27703937888145447
FashionMNIST,small,43,10,a2,output_weight_norm,baseline,99,0.2603917121887207
FashionMNIST,small,43,10,a2,output_weight_norm,baseline,100,0.4569256007671356
FashionMNIST,small,43,10,a2,output_weight_norm,baseline,101,0.2770671546459198
FashionMNIST,small,43,10,a2,output_weight_norm,baseline,102,0.3109301030635834
FashionMNIST,small,43,10,a2,output_weight_norm,baseline,103,0.3955044448375702
FashionMNIST,small,43,10,a2,output_weight_norm,baseline,104,0.24631629884243011
FashionMNIST,small,43,10,a2,output_weight_norm,baseline,105,0.24451176822185516
FashionMNIST,small,43,10,a2,output_weight_norm,baseline,106,0.25044485926628113
FashionMNIST,small,43,10,a2,output_weight_norm,baseline,107,0.4160095453262329
FashionMNIST,small,43,10,a2,output_weight_norm,baseline,108,0.3363059163093567
FashionMNIST,small,43,10,a2,output_weight_norm,baseline,109,0.3285059332847595
FashionMNIST,small,43,10,a2,output_weight_norm,baseline,110,0.3470090329647064
FashionMNIST,small,43,10,a2,output_weight_norm,baseline,111,0.439485102891922
FashionMNIST,small,43,10,a2,output_weight_norm,baseline,112,0.25786247849464417
FashionMNIST,small,43,10,a2,output_weight_norm,baseline,113,0.2666519284248352
FashionMNIST,small,43,10,a2,output_weight_norm,baseline,114,0.172200545668602
FashionMNIST,small,43,10,a2,output_weight_norm,baseline,115,0.29664579033851624
FashionMNIST,small,43,10,a2,output_weight_norm,baseline,116,0.25860267877578735
FashionMNIST,small,43,10,a2,output_weight_norm,baseline,117,0.3642919361591339
FashionMNIST,small,43,10,a2,output_weight_norm,baseline,118,0.2290341854095459
FashionMNIST,small,43,10,a2,output_weight_norm,baseline,119,0.28720447421073914
FashionMNIST,small,43,10,a2,output_weight_norm,baseline,120,0.39951321482658386
FashionMNIST,small,43,10,a2,output_weight_norm,baseline,121,0.2794864773750305
FashionMNIST,small,43,10,a2,output_weight_norm,baseline,122,0.24089191854000092
FashionMNIST,small,43,10,a2,output_weight_norm,baseline,123,0.26635631918907166
FashionMNIST,small,43,10,a2,output_weight_norm,baseline,124,0.3903537094593048
FashionMNIST,small,43,10,a2,output_weight_norm,baseline,125,0.3710917830467224
FashionMNIST,small,43,10,a2,output_weight_norm,baseline,126,0.1660597026348114
FashionMNIST,small,43,10,a2,output_weight_norm,baseline,127,0.3851727545261383
FashionMNIST,small,43,10,a1,mean_activation,baseline,0,0.8436492085456848
FashionMNIST,small,43,10,a1,mean_activation,baseline,1,0.0599561482667923
FashionMNIST,small,43,10,a1,mean_activation,baseline,2,0.3590138256549835
FashionMNIST,small,43,10,a1,mean_activation,baseline,3,0.9168630242347717
FashionMNIST,small,43,10,a1,mean_activation,baseline,4,0.278512179851532
FashionMNIST,small,43,10,a1,mean_activation,baseline,5,0.42431896924972534
FashionMNIST,small,43,10,a1,mean_activation,baseline,6,0.5779055953025818
FashionMNIST,small,43,10,a1,mean_activation,baseline,7,0.9414221048355103
FashionMNIST,small,43,10,a1,mean_activation,baseline,8,0.44664931297302246
FashionMNIST,small,43,10,a1,mean_activation,baseline,9,2.750537872314453
FashionMNIST,small,43,10,a1,mean_activation,baseline,10,0.9605465531349182
FashionMNIST,small,43,10,a1,mean_activation,baseline,11,0.20016339421272278
FashionMNIST,small,43,10,a1,mean_activation,baseline,12,0.2584722936153412
FashionMNIST,small,43,10,a1,mean_activation,baseline,13,0.264635294675827
FashionMNIST,small,43,10,a1,mean_activation,baseline,14,0.6299070119857788
FashionMNIST,small,43,10,a1,mean_activation,baseline,15,0.39697888493537903
FashionMNIST,small,43,10,a1,mean_activation,baseline,16,1.680957555770874
FashionMNIST,small,43,10,a1,mean_activation,baseline,17,1.1123634576797485
FashionMNIST,small,43,10,a1,mean_activation,baseline,18,0.496567040681839
FashionMNIST,small,43,10,a1,mean_activation,baseline,19,0.4826319217681885
FashionMNIST,small,43,10,a1,mean_activation,baseline,20,0.6885119676589966
FashionMNIST,small,43,10,a1,mean_activation,baseline,21,0.23781020939350128
FashionMNIST,small,43,10,a1,mean_activation,baseline,22,0.5214626789093018
FashionMNIST,small,43,10,a1,mean_activation,baseline,23,0.3961963951587677
FashionMNIST,small,43,10,a1,mean_activation,baseline,24,0.45746663212776184
FashionMNIST,small,43,10,a1,mean_activation,baseline,25,1.8338978290557861
FashionMNIST,small,43,10,a1,mean_activation,baseline,26,0.09406216442584991
FashionMNIST,small,43,10,a1,mean_activation,baseline,27,1.2131670713424683
FashionMNIST,small,43,10,a1,mean_activation,baseline,28,1.585686445236206
FashionMNIST,small,43,10,a1,mean_activation,baseline,29,0.15101921558380127
FashionMNIST,small,43,10,a1,mean_activation,baseline,30,0.1428394913673401
FashionMNIST,small,43,10,a1,mean_activation,baseline,31,0.47944286465644836
FashionMNIST,small,43,10,a1,mean_activation,baseline,32,0.9373443722724915
FashionMNIST,small,43,10,a1,mean_activation,baseline,33,1.0920525789260864
FashionMNIST,small,43,10,a1,mean_activation,baseline,34,0.787757933139801
FashionMNIST,small,43,10,a1,mean_activation,baseline,35,0.6080290079116821
FashionMNIST,small,43,10,a1,mean_activation,baseline,36,1.2486555576324463
FashionMNIST,small,43,10,a1,mean_activation,baseline,37,0.21848057210445404
FashionMNIST,small,43,10,a1,mean_activation,baseline,38,0.17742975056171417
FashionMNIST,small,43,10,a1,mean_activation,baseline,39,0.514031171798706
FashionMNIST,small,43,10,a1,mean_activation,baseline,40,1.0389291048049927
FashionMNIST,small,43,10,a1,mean_activation,baseline,41,0.30692169070243835
FashionMNIST,small,43,10,a1,mean_activation,baseline,42,0.24056841433048248
FashionMNIST,small,43,10,a1,mean_activation,baseline,43,0.40355294942855835
FashionMNIST,small,43,10,a1,mean_activation,baseline,44,0.238032728433609
FashionMNIST,small,43,10,a1,mean_activation,baseline,45,0.2970235049724579
FashionMNIST,small,43,10,a1,mean_activation,baseline,46,0.42220884561538696
FashionMNIST,small,43,10,a1,mean_activation,baseline,47,1.080583095550537
FashionMNIST,small,43,10,a1,mean_activation,baseline,48,1.2898952960968018
FashionMNIST,small,43,10,a1,mean_activation,baseline,49,0.34703612327575684
FashionMNIST,small,43,10,a1,mean_activation,baseline,50,0.5295886993408203
FashionMNIST,small,43,10,a1,mean_activation,baseline,51,0.4453917443752289
FashionMNIST,small,43,10,a1,mean_activation,baseline,52,0.2258823812007904
FashionMNIST,small,43,10,a1,mean_activation,baseline,53,1.0612934827804565
FashionMNIST,small,43,10,a1,mean_activation,baseline,54,0.09200718998908997
FashionMNIST,small,43,10,a1,mean_activation,baseline,55,0.06253976374864578
FashionMNIST,small,43,10,a1,mean_activation,baseline,56,0.4081643521785736
FashionMNIST,small,43,10,a1,mean_activation,baseline,57,0.25129252672195435
FashionMNIST,small,43,10,a1,mean_activation,baseline,58,0.9072202444076538
FashionMNIST,small,43,10,a1,mean_activation,baseline,59,0.0
FashionMNIST,small,43,10,a1,mean_activation,baseline,60,1.8523939847946167
FashionMNIST,small,43,10,a1,mean_activation,baseline,61,0.3153175711631775
FashionMNIST,small,43,10,a1,mean_activation,baseline,62,0.4428943991661072
FashionMNIST,small,43,10,a1,mean_activation,baseline,63,0.16281089186668396
FashionMNIST,small,43,10,a1,mean_activation,baseline,64,0.895028829574585
FashionMNIST,small,43,10,a1,mean_activation,baseline,65,0.10927929729223251
FashionMNIST,small,43,10,a1,mean_activation,baseline,66,0.14861924946308136
FashionMNIST,small,43,10,a1,mean_activation,baseline,67,0.8640717267990112
FashionMNIST,small,43,10,a1,mean_activation,baseline,68,0.8684037923812866
FashionMNIST,small,43,10,a1,mean_activation,baseline,69,0.5686147809028625
FashionMNIST,small,43,10,a1,mean_activation,baseline,70,2.698209524154663
FashionMNIST,small,43,10,a1,mean_activation,baseline,71,1.2340383529663086
FashionMNIST,small,43,10,a1,mean_activation,baseline,72,0.7518303394317627
FashionMNIST,small,43,10,a1,mean_activation,baseline,73,0.6557274460792542
FashionMNIST,small,43,10,a1,mean_activation,baseline,74,0.1474256068468094
FashionMNIST,small,43,10,a1,mean_activation,baseline,75,1.0762745141983032
FashionMNIST,small,43,10,a1,mean_activation,baseline,76,0.6631500720977783
FashionMNIST,small,43,10,a1,mean_activation,baseline,77,1.2828501462936401
FashionMNIST,small,43,10,a1,mean_activation,baseline,78,0.6984463334083557
FashionMNIST,small,43,10,a1,mean_activation,baseline,79,0.8141945004463196
FashionMNIST,small,43,10,a1,mean_activation,baseline,80,0.5464416742324829
FashionMNIST,small,43,10,a1,mean_activation,baseline,81,0.43085822463035583
FashionMNIST,small,43,10,a1,mean_activation,baseline,82,0.396024227142334
FashionMNIST,small,43,10,a1,mean_activation,baseline,83,1.3345634937286377
FashionMNIST,small,43,10,a1,mean_activation,baseline,84,1.2957913875579834
FashionMNIST,small,43,10,a1,mean_activation,baseline,85,0.24551095068454742
FashionMNIST,small,43,10,a1,mean_activation,baseline,86,0.7374770045280457
FashionMNIST,small,43,10,a1,mean_activation,baseline,87,1.0311050415039062
FashionMNIST,small,43,10,a1,mean_activation,baseline,88,0.18974678218364716
FashionMNIST,small,43,10,a1,mean_activation,baseline,89,1.0951333045959473
FashionMNIST,small,43,10,a1,mean_activation,baseline,90,0.06087817624211311
FashionMNIST,small,43,10,a1,mean_activation,baseline,91,0.06647636741399765
FashionMNIST,small,43,10,a1,mean_activation,baseline,92,0.26262861490249634
FashionMNIST,small,43,10,a1,mean_activation,baseline,93,0.10342907905578613
FashionMNIST,small,43,10,a1,mean_activation,baseline,94,0.6100982427597046
FashionMNIST,small,43,10,a1,mean_activation,baseline,95,0.7918400168418884
FashionMNIST,small,43,10,a1,mean_activation,baseline,96,1.0565617084503174
FashionMNIST,small,43,10,a1,mean_activation,baseline,97,0.11090654879808426
FashionMNIST,small,43,10,a1,mean_activation,baseline,98,0.9261227250099182
FashionMNIST,small,43,10,a1,mean_activation,baseline,99,0.21385082602500916
FashionMNIST,small,43,10,a1,mean_activation,baseline,100,1.0499849319458008
FashionMNIST,small,43,10,a1,mean_activation,baseline,101,0.34188008308410645
FashionMNIST,small,43,10,a1,mean_activation,baseline,102,0.6565181612968445
FashionMNIST,small,43,10,a1,mean_activation,baseline,103,0.4087890684604645
FashionMNIST,small,43,10,a1,mean_activation,baseline,104,0.9700227975845337
FashionMNIST,small,43,10,a1,mean_activation,baseline,105,1.140425443649292
FashionMNIST,small,43,10,a1,mean_activation,baseline,106,1.0393131971359253
FashionMNIST,small,43,10,a1,mean_activation,baseline,107,0.2063305675983429
FashionMNIST,small,43,10,a1,mean_activation,baseline,108,0.16707538068294525
FashionMNIST,small,43,10,a1,mean_activation,baseline,109,0.03577917441725731
FashionMNIST,small,43,10,a1,mean_activation,baseline,110,0.8376945853233337
FashionMNIST,small,43,10,a1,mean_activation,baseline,111,0.7086900472640991
FashionMNIST,small,43,10,a1,mean_activation,baseline,112,1.981260061264038
FashionMNIST,small,43,10,a1,mean_activation,baseline,113,0.14428195357322693
FashionMNIST,small,43,10,a1,mean_activation,baseline,114,0.4502484202384949
FashionMNIST,small,43,10,a1,mean_activation,baseline,115,0.31704461574554443
FashionMNIST,small,43,10,a1,mean_activation,baseline,116,0.7937650084495544
FashionMNIST,small,43,10,a1,mean_activation,baseline,117,0.6761721968650818
FashionMNIST,small,43,10,a1,mean_activation,baseline,118,0.4302036762237549
FashionMNIST,small,43,10,a1,mean_activation,baseline,119,0.9019483923912048
FashionMNIST,small,43,10,a1,mean_activation,baseline,120,0.5850063562393188
FashionMNIST,small,43,10,a1,mean_activation,baseline,121,0.712145209312439
FashionMNIST,small,43,10,a1,mean_activation,baseline,122,0.364906370639801
FashionMNIST,small,43,10,a1,mean_activation,baseline,123,0.2439718246459961
FashionMNIST,small,43,10,a1,mean_activation,baseline,124,0.7592387199401855
FashionMNIST,small,43,10,a1,mean_activation,baseline,125,0.6882873773574829
FashionMNIST,small,43,10,a1,mean_activation,baseline,126,0.45520490407943726
FashionMNIST,small,43,10,a1,mean_activation,baseline,127,1.1930029392242432
FashionMNIST,small,43,10,a1,mean_activation,baseline,128,0.6415648460388184
FashionMNIST,small,43,10,a1,mean_activation,baseline,129,2.112618923187256
FashionMNIST,small,43,10,a1,mean_activation,baseline,130,1.1399824619293213
FashionMNIST,small,43,10,a1,mean_activation,baseline,131,1.3823556900024414
FashionMNIST,small,43,10,a1,mean_activation,baseline,132,0.6701674461364746
FashionMNIST,small,43,10,a1,mean_activation,baseline,133,0.45004531741142273
FashionMNIST,small,43,10,a1,mean_activation,baseline,134,1.1166768074035645
FashionMNIST,small,43,10,a1,mean_activation,baseline,135,0.9186933636665344
FashionMNIST,small,43,10,a1,mean_activation,baseline,136,0.2587500214576721
FashionMNIST,small,43,10,a1,mean_activation,baseline,137,0.42625755071640015
FashionMNIST,small,43,10,a1,mean_activation,baseline,138,0.1267499327659607
FashionMNIST,small,43,10,a1,mean_activation,baseline,139,0.8697749972343445
FashionMNIST,small,43,10,a1,mean_activation,baseline,140,0.25366100668907166
FashionMNIST,small,43,10,a1,mean_activation,baseline,141,0.29138997197151184
FashionMNIST,small,43,10,a1,mean_activation,baseline,142,0.6534277200698853
FashionMNIST,small,43,10,a1,mean_activation,baseline,143,0.9300967454910278
FashionMNIST,small,43,10,a1,mean_activation,baseline,144,0.10099376738071442
FashionMNIST,small,43,10,a1,mean_activation,baseline,145,0.5110155940055847
FashionMNIST,small,43,10,a1,mean_activation,baseline,146,0.26765990257263184
FashionMNIST,small,43,10,a1,mean_activation,baseline,147,0.5500227212905884
FashionMNIST,small,43,10,a1,mean_activation,baseline,148,0.6194339990615845
FashionMNIST,small,43,10,a1,mean_activation,baseline,149,0.395663857460022
FashionMNIST,small,43,10,a1,mean_activation,baseline,150,1.5929701328277588
FashionMNIST,small,43,10,a1,mean_activation,baseline,151,0.5021827816963196
FashionMNIST,small,43,10,a1,mean_activation,baseline,152,0.21110185980796814
FashionMNIST,small,43,10,a1,mean_activation,baseline,153,0.3723580837249756
FashionMNIST,small,43,10,a1,mean_activation,baseline,154,0.293574720621109
FashionMNIST,small,43,10,a1,mean_activation,baseline,155,0.39301419258117676
FashionMNIST,small,43,10,a1,mean_activation,baseline,156,0.3111422061920166
FashionMNIST,small,43,10,a1,mean_activation,baseline,157,0.11397092044353485
FashionMNIST,small,43,10,a1,mean_activation,baseline,158,0.7998170852661133
FashionMNIST,small,43,10,a1,mean_activation,baseline,159,0.5576521158218384
FashionMNIST,small,43,10,a1,mean_activation,baseline,160,0.8555940985679626
FashionMNIST,small,43,10,a1,mean_activation,baseline,161,0.1641867756843567
FashionMNIST,small,43,10,a1,mean_activation,baseline,162,0.7535369396209717
FashionMNIST,small,43,10,a1,mean_activation,baseline,163,0.6439812779426575
FashionMNIST,small,43,10,a1,mean_activation,baseline,164,0.4151451289653778
FashionMNIST,small,43,10,a1,mean_activation,baseline,165,0.0880492702126503
FashionMNIST,small,43,10,a1,mean_activation,baseline,166,0.7810832262039185
FashionMNIST,small,43,10,a1,mean_activation,baseline,167,0.35947197675704956
FashionMNIST,small,43,10,a1,mean_activation,baseline,168,0.2215677797794342
FashionMNIST,small,43,10,a1,mean_activation,baseline,169,0.10238207876682281
FashionMNIST,small,43,10,a1,mean_activation,baseline,170,0.786806583404541
FashionMNIST,small,43,10,a1,mean_activation,baseline,171,0.30751311779022217
FashionMNIST,small,43,10,a1,mean_activation,baseline,172,1.1048712730407715
FashionMNIST,small,43,10,a1,mean_activation,baseline,173,0.5292094945907593
FashionMNIST,small,43,10,a1,mean_activation,baseline,174,0.9060618281364441
FashionMNIST,small,43,10,a1,mean_activation,baseline,175,0.4558503031730652
FashionMNIST,small,43,10,a1,mean_activation,baseline,176,3.4308228350710124e-05
FashionMNIST,small,43,10,a1,mean_activation,baseline,177,0.12946747243404388
FashionMNIST,small,43,10,a1,mean_activation,baseline,178,0.60191410779953
FashionMNIST,small,43,10,a1,mean_activation,baseline,179,0.15814322233200073
FashionMNIST,small,43,10,a1,mean_activation,baseline,180,0.27637943625450134
FashionMNIST,small,43,10,a1,mean_activation,baseline,181,0.23694901168346405
FashionMNIST,small,43,10,a1,mean_activation,baseline,182,0.08301307260990143
FashionMNIST,small,43,10,a1,mean_activation,baseline,183,0.33514589071273804
FashionMNIST,small,43,10,a1,mean_activation,baseline,184,1.4630911350250244
FashionMNIST,small,43,10,a1,mean_activation,baseline,185,0.5964958071708679
FashionMNIST,small,43,10,a1,mean_activation,baseline,186,0.54027259349823
FashionMNIST,small,43,10,a1,mean_activation,baseline,187,1.0774117708206177
FashionMNIST,small,43,10,a1,mean_activation,baseline,188,1.0472608804702759
FashionMNIST,small,43,10,a1,mean_activation,baseline,189,0.2401646077632904
FashionMNIST,small,43,10,a1,mean_activation,baseline,190,0.8784571886062622
FashionMNIST,small,43,10,a1,mean_activation,baseline,191,0.4062076508998871
FashionMNIST,small,43,10,a1,mean_activation,baseline,192,1.0815962553024292
FashionMNIST,small,43,10,a1,mean_activation,baseline,193,0.17740735411643982
FashionMNIST,small,43,10,a1,mean_activation,baseline,194,0.546919584274292
FashionMNIST,small,43,10,a1,mean_activation,baseline,195,1.5183521509170532
FashionMNIST,small,43,10,a1,mean_activation,baseline,196,0.23308368027210236
FashionMNIST,small,43,10,a1,mean_activation,baseline,197,0.06859005242586136
FashionMNIST,small,43,10,a1,mean_activation,baseline,198,0.28265243768692017
FashionMNIST,small,43,10,a1,mean_activation,baseline,199,0.6913488507270813
FashionMNIST,small,43,10,a1,mean_activation,baseline,200,0.6804139614105225
FashionMNIST,small,43,10,a1,mean_activation,baseline,201,1.4394075870513916
FashionMNIST,small,43,10,a1,mean_activation,baseline,202,0.039142850786447525
FashionMNIST,small,43,10,a1,mean_activation,baseline,203,0.7955460548400879
FashionMNIST,small,43,10,a1,mean_activation,baseline,204,0.4569757282733917
FashionMNIST,small,43,10,a1,mean_activation,baseline,205,0.5700922608375549
FashionMNIST,small,43,10,a1,mean_activation,baseline,206,1.0623425245285034
FashionMNIST,small,43,10,a1,mean_activation,baseline,207,0.28787171840667725
FashionMNIST,small,43,10,a1,mean_activation,baseline,208,0.7756379246711731
FashionMNIST,small,43,10,a1,mean_activation,baseline,209,0.12458956241607666
FashionMNIST,small,43,10,a1,mean_activation,baseline,210,0.34423142671585083
FashionMNIST,small,43,10,a1,mean_activation,baseline,211,0.13660183548927307
FashionMNIST,small,43,10,a1,mean_activation,baseline,212,0.8444948792457581
FashionMNIST,small,43,10,a1,mean_activation,baseline,213,0.13059832155704498
FashionMNIST,small,43,10,a1,mean_activation,baseline,214,1.2170783281326294
FashionMNIST,small,43,10,a1,mean_activation,baseline,215,1.2942053079605103
FashionMNIST,small,43,10,a1,mean_activation,baseline,216,0.12284372746944427
FashionMNIST,small,43,10,a1,mean_activation,baseline,217,1.164887547492981
FashionMNIST,small,43,10,a1,mean_activation,baseline,218,0.5387390851974487
FashionMNIST,small,43,10,a1,mean_activation,baseline,219,1.1652592420578003
FashionMNIST,small,43,10,a1,mean_activation,baseline,220,0.21671786904335022
FashionMNIST,small,43,10,a1,mean_activation,baseline,221,0.3119248151779175
FashionMNIST,small,43,10,a1,mean_activation,baseline,222,0.5176904797554016
FashionMNIST,small,43,10,a1,mean_activation,baseline,223,0.9321351051330566
FashionMNIST,small,43,10,a1,mean_activation,baseline,224,0.34872257709503174
FashionMNIST,small,43,10,a1,mean_activation,baseline,225,0.5520174503326416
FashionMNIST,small,43,10,a1,mean_activation,baseline,226,0.8501406908035278
FashionMNIST,small,43,10,a1,mean_activation,baseline,227,0.6705420017242432
FashionMNIST,small,43,10,a1,mean_activation,baseline,228,0.4124113917350769
FashionMNIST,small,43,10,a1,mean_activation,baseline,229,0.959652304649353
FashionMNIST,small,43,10,a1,mean_activation,baseline,230,0.6942264437675476
FashionMNIST,small,43,10,a1,mean_activation,baseline,231,0.8384274244308472
FashionMNIST,small,43,10,a1,mean_activation,baseline,232,1.0213147401809692
FashionMNIST,small,43,10,a1,mean_activation,baseline,233,0.22215259075164795
FashionMNIST,small,43,10,a1,mean_activation,baseline,234,0.22135208547115326
FashionMNIST,small,43,10,a1,mean_activation,baseline,235,0.05491313710808754
FashionMNIST,small,43,10,a1,mean_activation,baseline,236,0.13448311388492584
FashionMNIST,small,43,10,a1,mean_activation,baseline,237,0.28306716680526733
FashionMNIST,small,43,10,a1,mean_activation,baseline,238,0.39745789766311646
FashionMNIST,small,43,10,a1,mean_activation,baseline,239,0.5596937537193298
FashionMNIST,small,43,10,a1,mean_activation,baseline,240,0.6465028524398804
FashionMNIST,small,43,10,a1,mean_activation,baseline,241,0.7533617615699768
FashionMNIST,small,43,10,a1,mean_activation,baseline,242,0.23992003500461578
FashionMNIST,small,43,10,a1,mean_activation,baseline,243,0.10239789634943008
FashionMNIST,small,43,10,a1,mean_activation,baseline,244,0.4428052604198456
FashionMNIST,small,43,10,a1,mean_activation,baseline,245,0.5024497509002686
FashionMNIST,small,43,10,a1,mean_activation,baseline,246,0.19989560544490814
FashionMNIST,small,43,10,a1,mean_activation,baseline,247,0.6269463300704956
FashionMNIST,small,43,10,a1,mean_activation,baseline,248,0.2543155252933502
FashionMNIST,small,43,10,a1,mean_activation,baseline,249,2.2729339599609375
FashionMNIST,small,43,10,a1,mean_activation,baseline,250,0.2802084684371948
FashionMNIST,small,43,10,a1,mean_activation,baseline,251,1.8053390979766846
FashionMNIST,small,43,10,a1,mean_activation,baseline,252,0.024123506620526314
FashionMNIST,small,43,10,a1,mean_activation,baseline,253,0.9226362109184265
FashionMNIST,small,43,10,a1,mean_activation,baseline,254,0.14312350749969482
FashionMNIST,small,43,10,a1,mean_activation,baseline,255,0.5178081393241882
FashionMNIST,small,43,10,a2,mean_activation,baseline,0,0.16973988711833954
FashionMNIST,small,43,10,a2,mean_activation,baseline,1,1.0479238033294678
FashionMNIST,small,43,10,a2,mean_activation,baseline,2,1.4034004211425781
FashionMNIST,small,43,10,a2,mean_activation,baseline,3,1.0291876792907715
FashionMNIST,small,43,10,a2,mean_activation,baseline,4,0.20062854886054993
FashionMNIST,small,43,10,a2,mean_activation,baseline,5,1.8699095249176025
FashionMNIST,small,43,10,a2,mean_activation,baseline,6,1.0805269479751587
FashionMNIST,small,43,10,a2,mean_activation,baseline,7,1.086185097694397
FashionMNIST,small,43,10,a2,mean_activation,baseline,8,1.9418919086456299
FashionMNIST,small,43,10,a2,mean_activation,baseline,9,0.24242781102657318
FashionMNIST,small,43,10,a2,mean_activation,baseline,10,0.8125615119934082
FashionMNIST,small,43,10,a2,mean_activation,baseline,11,1.7575739622116089
FashionMNIST,small,43,10,a2,mean_activation,baseline,12,0.961146354675293
FashionMNIST,small,43,10,a2,mean_activation,baseline,13,1.352997899055481
FashionMNIST,small,43,10,a2,mean_activation,baseline,14,0.34186720848083496
FashionMNIST,small,43,10,a2,mean_activation,baseline,15,0.7952952980995178
FashionMNIST,small,43,10,a2,mean_activation,baseline,16,1.982475996017456
FashionMNIST,small,43,10,a2,mean_activation,baseline,17,1.8106465339660645
FashionMNIST,small,43,10,a2,mean_activation,baseline,18,0.8041690587997437
FashionMNIST,small,43,10,a2,mean_activation,baseline,19,1.300307273864746
FashionMNIST,small,43,10,a2,mean_activation,baseline,20,0.8030853271484375
FashionMNIST,small,43,10,a2,mean_activation,baseline,21,0.6710695028305054
FashionMNIST,small,43,10,a2,mean_activation,baseline,22,0.5222633481025696
FashionMNIST,small,43,10,a2,mean_activation,baseline,23,0.8964011073112488
FashionMNIST,small,43,10,a2,mean_activation,baseline,24,0.9643785953521729
FashionMNIST,small,43,10,a2,mean_activation,baseline,25,0.5884426832199097
FashionMNIST,small,43,10,a2,mean_activation,baseline,26,1.4467352628707886
FashionMNIST,small,43,10,a2,mean_activation,baseline,27,0.898727297782898
FashionMNIST,small,43,10,a2,mean_activation,baseline,28,0.46187400817871094
FashionMNIST,small,43,10,a2,mean_activation,baseline,29,0.16220887005329132
FashionMNIST,small,43,10,a2,mean_activation,baseline,30,0.002181666437536478
FashionMNIST,small,43,10,a2,mean_activation,baseline,31,1.9379023313522339
FashionMNIST,small,43,10,a2,mean_activation,baseline,32,0.6868861317634583
FashionMNIST,small,43,10,a2,mean_activation,baseline,33,1.3887553215026855
FashionMNIST,small,43,10,a2,mean_activation,baseline,34,0.5755731463432312
FashionMNIST,small,43,10,a2,mean_activation,baseline,35,0.3002578020095825
FashionMNIST,small,43,10,a2,mean_activation,baseline,36,0.9618055820465088
FashionMNIST,small,43,10,a2,mean_activation,baseline,37,0.829311192035675
FashionMNIST,small,43,10,a2,mean_activation,baseline,38,3.066197156906128
FashionMNIST,small,43,10,a2,mean_activation,baseline,39,1.1273610591888428
FashionMNIST,small,43,10,a2,mean_activation,baseline,40,0.5942032337188721
FashionMNIST,small,43,10,a2,mean_activation,baseline,41,0.3574419915676117
FashionMNIST,small,43,10,a2,mean_activation,baseline,42,0.7495838403701782
FashionMNIST,small,43,10,a2,mean_activation,baseline,43,0.6693300008773804
FashionMNIST,small,43,10,a2,mean_activation,baseline,44,1.1064960956573486
FashionMNIST,small,43,10,a2,mean_activation,baseline,45,0.9862424731254578
FashionMNIST,small,43,10,a2,mean_activation,baseline,46,1.3657160997390747
FashionMNIST,small,43,10,a2,mean_activation,baseline,47,0.6401318311691284
FashionMNIST,small,43,10,a2,mean_activation,baseline,48,1.0129673480987549
FashionMNIST,small,43,10,a2,mean_activation,baseline,49,1.2434653043746948
FashionMNIST,small,43,10,a2,mean_activation,baseline,50,1.5609185695648193
FashionMNIST,small,43,10,a2,mean_activation,baseline,51,0.9420868158340454
FashionMNIST,small,43,10,a2,mean_activation,baseline,52,1.7035003900527954
FashionMNIST,small,43,10,a2,mean_activation,baseline,53,0.8394985198974609
FashionMNIST,small,43,10,a2,mean_activation,baseline,54,1.7692689895629883
FashionMNIST,small,43,10,a2,mean_activation,baseline,55,1.0130962133407593
FashionMNIST,small,43,10,a2,mean_activation,baseline,56,0.01597745716571808
FashionMNIST,small,43,10,a2,mean_activation,baseline,57,1.2186529636383057
FashionMNIST,small,43,10,a2,mean_activation,baseline,58,1.3090466260910034
FashionMNIST,small,43,10,a2,mean_activation,baseline,59,1.0431079864501953
FashionMNIST,small,43,10,a2,mean_activation,baseline,60,0.6166831851005554
FashionMNIST,small,43,10,a2,mean_activation,baseline,61,0.6204972863197327
FashionMNIST,small,43,10,a2,mean_activation,baseline,62,0.8911903500556946
FashionMNIST,small,43,10,a2,mean_activation,baseline,63,0.9284304976463318
FashionMNIST,small,43,10,a2,mean_activation,baseline,64,1.6415562629699707
FashionMNIST,small,43,10,a2,mean_activation,baseline,65,1.6146924495697021
FashionMNIST,small,43,10,a2,mean_activation,baseline,66,0.8285110592842102
FashionMNIST,small,43,10,a2,mean_activation,baseline,67,1.059052586555481
FashionMNIST,small,43,10,a2,mean_activation,baseline,68,1.0353243350982666
FashionMNIST,small,43,10,a2,mean_activation,baseline,69,0.8094752430915833
FashionMNIST,small,43,10,a2,mean_activation,baseline,70,2.899374485015869
FashionMNIST,small,43,10,a2,mean_activation,baseline,71,0.7703121304512024
FashionMNIST,small,43,10,a2,mean_activation,baseline,72,1.0111886262893677
FashionMNIST,small,43,10,a2,mean_activation,baseline,73,2.0130233764648438
FashionMNIST,small,43,10,a2,mean_activation,baseline,74,0.14426320791244507
FashionMNIST,small,43,10,a2,mean_activation,baseline,75,0.4623620808124542
FashionMNIST,small,43,10,a2,mean_activation,baseline,76,1.1920371055603027
FashionMNIST,small,43,10,a2,mean_activation,baseline,77,1.1886441707611084
FashionMNIST,small,43,10,a2,mean_activation,baseline,78,1.2039973735809326
FashionMNIST,small,43,10,a2,mean_activation,baseline,79,0.5745227336883545
FashionMNIST,small,43,10,a2,mean_activation,baseline,80,2.583155393600464
FashionMNIST,small,43,10,a2,mean_activation,baseline,81,1.0606704950332642
FashionMNIST,small,43,10,a2,mean_activation,baseline,82,1.7674922943115234
FashionMNIST,small,43,10,a2,mean_activation,baseline,83,0.9993228912353516
FashionMNIST,small,43,10,a2,mean_activation,baseline,84,1.3300076723098755
FashionMNIST,small,43,10,a2,mean_activation,baseline,85,1.0416334867477417
FashionMNIST,small,43,10,a2,mean_activation,baseline,86,1.358211636543274
FashionMNIST,small,43,10,a2,mean_activation,baseline,87,2.0638134479522705
FashionMNIST,small,43,10,a2,mean_activation,baseline,88,0.9061447978019714
FashionMNIST,small,43,10,a2,mean_activation,baseline,89,1.826930046081543
FashionMNIST,small,43,10,a2,mean_activation,baseline,90,1.403478980064392
FashionMNIST,small,43,10,a2,mean_activation,baseline,91,0.5268573760986328
FashionMNIST,small,43,10,a2,mean_activation,baseline,92,2.04999041557312
FashionMNIST,small,43,10,a2,mean_activation,baseline,93,1.9278064966201782
FashionMNIST,small,43,10,a2,mean_activation,baseline,94,0.3865235447883606
FashionMNIST,small,43,10,a2,mean_activation,baseline,95,2.2347912788391113
FashionMNIST,small,43,10,a2,mean_activation,baseline,96,0.42945396900177
FashionMNIST,small,43,10,a2,mean_activation,baseline,97,2.292208671569824
FashionMNIST,small,43,10,a2,mean_activation,baseline,98,0.6449577212333679
FashionMNIST,small,43,10,a2,mean_activation,baseline,99,2.4450438022613525
FashionMNIST,small,43,10,a2,mean_activation,baseline,100,1.1356289386749268
FashionMNIST,small,43,10,a2,mean_activation,baseline,101,1.4998875856399536
FashionMNIST,small,43,10,a2,mean_activation,baseline,102,2.272937536239624
FashionMNIST,small,43,10,a2,mean_activation,baseline,103,1.3115195035934448
FashionMNIST,small,43,10,a2,mean_activation,baseline,104,0.6706433296203613
FashionMNIST,small,43,10,a2,mean_activation,baseline,105,1.0576146841049194
FashionMNIST,small,43,10,a2,mean_activation,baseline,106,0.8580076694488525
FashionMNIST,small,43,10,a2,mean_activation,baseline,107,1.596172571182251
FashionMNIST,small,43,10,a2,mean_activation,baseline,108,0.4124356806278229
FashionMNIST,small,43,10,a2,mean_activation,baseline,109,0.8024793863296509
FashionMNIST,small,43,10,a2,mean_activation,baseline,110,1.10912024974823
FashionMNIST,small,43,10,a2,mean_activation,baseline,111,1.2412258386611938
FashionMNIST,small,43,10,a2,mean_activation,baseline,112,1.023611307144165
FashionMNIST,small,43,10,a2,mean_activation,baseline,113,0.9813329577445984
FashionMNIST,small,43,10,a2,mean_activation,baseline,114,0.026419591158628464
FashionMNIST,small,43,10,a2,mean_activation,baseline,115,0.7018692493438721
FashionMNIST,small,43,10,a2,mean_activation,baseline,116,1.142951488494873
FashionMNIST,small,43,10,a2,mean_activation,baseline,117,2.9632959365844727
FashionMNIST,small,43,10,a2,mean_activation,baseline,118,0.42287135124206543
FashionMNIST,small,43,10,a2,mean_activation,baseline,119,1.044090986251831
FashionMNIST,small,43,10,a2,mean_activation,baseline,120,1.2617615461349487
FashionMNIST,small,43,10,a2,mean_activation,baseline,121,0.8946347832679749
FashionMNIST,small,43,10,a2,mean_activation,baseline,122,0.4702393710613251
FashionMNIST,small,43,10,a2,mean_activation,baseline,123,2.328469753265381
FashionMNIST,small,43,10,a2,mean_activation,baseline,124,1.263079285621643
FashionMNIST,small,43,10,a2,mean_activation,baseline,125,0.40517231822013855
FashionMNIST,small,43,10,a2,mean_activation,baseline,126,0.0
FashionMNIST,small,43,10,a2,mean_activation,baseline,127,1.1021642684936523
FashionMNIST,small,43,10,a1,firing_rate,baseline,0,0.37060546875
FashionMNIST,small,43,10,a1,firing_rate,baseline,1,0.04541015625
FashionMNIST,small,43,10,a1,firing_rate,baseline,2,0.1435546875
FashionMNIST,small,43,10,a1,firing_rate,baseline,3,0.31494140625
FashionMNIST,small,43,10,a1,firing_rate,baseline,4,0.1884765625
FashionMNIST,small,43,10,a1,firing_rate,baseline,5,0.1640625
FashionMNIST,small,43,10,a1,firing_rate,baseline,6,0.22412109375
FashionMNIST,small,43,10,a1,firing_rate,baseline,7,0.3388671875
FashionMNIST,small,43,10,a1,firing_rate,baseline,8,0.27001953125
FashionMNIST,small,43,10,a1,firing_rate,baseline,9,0.6162109375
FashionMNIST,small,43,10,a1,firing_rate,baseline,10,0.29248046875
FashionMNIST,small,43,10,a1,firing_rate,baseline,11,0.14013671875
FashionMNIST,small,43,10,a1,firing_rate,baseline,12,0.123046875
FashionMNIST,small,43,10,a1,firing_rate,baseline,13,0.18310546875
FashionMNIST,small,43,10,a1,firing_rate,baseline,14,0.25341796875
FashionMNIST,small,43,10,a1,firing_rate,baseline,15,0.19384765625
FashionMNIST,small,43,10,a1,firing_rate,baseline,16,0.3271484375
FashionMNIST,small,43,10,a1,firing_rate,baseline,17,0.19677734375
FashionMNIST,small,43,10,a1,firing_rate,baseline,18,0.31298828125
FashionMNIST,small,43,10,a1,firing_rate,baseline,19,0.220703125
FashionMNIST,small,43,10,a1,firing_rate,baseline,20,0.2197265625
FashionMNIST,small,43,10,a1,firing_rate,baseline,21,0.07958984375
FashionMNIST,small,43,10,a1,firing_rate,baseline,22,0.19189453125
FashionMNIST,small,43,10,a1,firing_rate,baseline,23,0.16357421875
FashionMNIST,small,43,10,a1,firing_rate,baseline,24,0.23876953125
FashionMNIST,small,43,10,a1,firing_rate,baseline,25,0.55517578125
FashionMNIST,small,43,10,a1,firing_rate,baseline,26,0.07666015625
FashionMNIST,small,43,10,a1,firing_rate,baseline,27,0.2978515625
FashionMNIST,small,43,10,a1,firing_rate,baseline,28,0.31787109375
FashionMNIST,small,43,10,a1,firing_rate,baseline,29,0.0810546875
FashionMNIST,small,43,10,a1,firing_rate,baseline,30,0.076171875
FashionMNIST,small,43,10,a1,firing_rate,baseline,31,0.22509765625
FashionMNIST,small,43,10,a1,firing_rate,baseline,32,0.3203125
FashionMNIST,small,43,10,a1,firing_rate,baseline,33,0.3671875
FashionMNIST,small,43,10,a1,firing_rate,baseline,34,0.28564453125
FashionMNIST,small,43,10,a1,firing_rate,baseline,35,0.240234375
FashionMNIST,small,43,10,a1,firing_rate,baseline,36,0.3330078125
FashionMNIST,small,43,10,a1,firing_rate,baseline,37,0.1474609375
FashionMNIST,small,43,10,a1,firing_rate,baseline,38,0.1064453125
FashionMNIST,small,43,10,a1,firing_rate,baseline,39,0.2421875
FashionMNIST,small,43,10,a1,firing_rate,baseline,40,0.26025390625
FashionMNIST,small,43,10,a1,firing_rate,baseline,41,0.1826171875
FashionMNIST,small,43,10,a1,firing_rate,baseline,42,0.107421875
FashionMNIST,small,43,10,a1,firing_rate,baseline,43,0.11572265625
FashionMNIST,small,43,10,a1,firing_rate,baseline,44,0.07958984375
FashionMNIST,small,43,10,a1,firing_rate,baseline,45,0.09814453125
FashionMNIST,small,43,10,a1,firing_rate,baseline,46,0.17041015625
FashionMNIST,small,43,10,a1,firing_rate,baseline,47,0.51513671875
FashionMNIST,small,43,10,a1,firing_rate,baseline,48,0.44189453125
FashionMNIST,small,43,10,a1,firing_rate,baseline,49,0.15625
FashionMNIST,small,43,10,a1,firing_rate,baseline,50,0.177734375
FashionMNIST,small,43,10,a1,firing_rate,baseline,51,0.099609375
FashionMNIST,small,43,10,a1,firing_rate,baseline,52,0.17236328125
FashionMNIST,small,43,10,a1,firing_rate,baseline,53,0.36474609375
FashionMNIST,small,43,10,a1,firing_rate,baseline,54,0.068359375
FashionMNIST,small,43,10,a1,firing_rate,baseline,55,0.0341796875
FashionMNIST,small,43,10,a1,firing_rate,baseline,56,0.216796875
FashionMNIST,small,43,10,a1,firing_rate,baseline,57,0.138671875
FashionMNIST,small,43,10,a1,firing_rate,baseline,58,0.32373046875
FashionMNIST,small,43,10,a1,firing_rate,baseline,59,0.0
FashionMNIST,small,43,10,a1,firing_rate,baseline,60,0.53125
FashionMNIST,small,43,10,a1,firing_rate,baseline,61,0.13916015625
FashionMNIST,small,43,10,a1,firing_rate,baseline,62,0.24169921875
FashionMNIST,small,43,10,a1,firing_rate,baseline,63,0.12646484375
FashionMNIST,small,43,10,a1,firing_rate,baseline,64,0.251953125
FashionMNIST,small,43,10,a1,firing_rate,baseline,65,0.08154296875
FashionMNIST,small,43,10,a1,firing_rate,baseline,66,0.07177734375
FashionMNIST,small,43,10,a1,firing_rate,baseline,67,0.3232421875
FashionMNIST,small,43,10,a1,firing_rate,baseline,68,0.3017578125
FashionMNIST,small,43,10,a1,firing_rate,baseline,69,0.3603515625
FashionMNIST,small,43,10,a1,firing_rate,baseline,70,0.5283203125
FashionMNIST,small,43,10,a1,firing_rate,baseline,71,0.35302734375
FashionMNIST,small,43,10,a1,firing_rate,baseline,72,0.32861328125
FashionMNIST,small,43,10,a1,firing_rate,baseline,73,0.21240234375
FashionMNIST,small,43,10,a1,firing_rate,baseline,74,0.09375
FashionMNIST,small,43,10,a1,firing_rate,baseline,75,0.29150390625
FashionMNIST,small,43,10,a1,firing_rate,baseline,76,0.31884765625
FashionMNIST,small,43,10,a1,firing_rate,baseline,77,0.40771484375
FashionMNIST,small,43,10,a1,firing_rate,baseline,78,0.27685546875
FashionMNIST,small,43,10,a1,firing_rate,baseline,79,0.41357421875
FashionMNIST,small,43,10,a1,firing_rate,baseline,80,0.23095703125
FashionMNIST,small,43,10,a1,firing_rate,baseline,81,0.19384765625
FashionMNIST,small,43,10,a1,firing_rate,baseline,82,0.25537109375
FashionMNIST,small,43,10,a1,firing_rate,baseline,83,0.38525390625
FashionMNIST,small,43,10,a1,firing_rate,baseline,84,0.37060546875
FashionMNIST,small,43,10,a1,firing_rate,baseline,85,0.14697265625
FashionMNIST,small,43,10,a1,firing_rate,baseline,86,0.267578125
FashionMNIST,small,43,10,a1,firing_rate,baseline,87,0.54296875
FashionMNIST,small,43,10,a1,firing_rate,baseline,88,0.0888671875
FashionMNIST,small,43,10,a1,firing_rate,baseline,89,0.5126953125
FashionMNIST,small,43,10,a1,firing_rate,baseline,90,0.0478515625
FashionMNIST,small,43,10,a1,firing_rate,baseline,91,0.02001953125
FashionMNIST,small,43,10,a1,firing_rate,baseline,92,0.1103515625
FashionMNIST,small,43,10,a1,firing_rate,baseline,93,0.0478515625
FashionMNIST,small,43,10,a1,firing_rate,baseline,94,0.2138671875
FashionMNIST,small,43,10,a1,firing_rate,baseline,95,0.390625
FashionMNIST,small,43,10,a1,firing_rate,baseline,96,0.32763671875
FashionMNIST,small,43,10,a1,firing_rate,baseline,97,0.091796875
FashionMNIST,small,43,10,a1,firing_rate,baseline,98,0.3564453125
FashionMNIST,small,43,10,a1,firing_rate,baseline,99,0.185546875
FashionMNIST,small,43,10,a1,firing_rate,baseline,100,0.36083984375
FashionMNIST,small,43,10,a1,firing_rate,baseline,101,0.2119140625
FashionMNIST,small,43,10,a1,firing_rate,baseline,102,0.21484375
FashionMNIST,small,43,10,a1,firing_rate,baseline,103,0.16064453125
FashionMNIST,small,43,10,a1,firing_rate,baseline,104,0.26123046875
FashionMNIST,small,43,10,a1,firing_rate,baseline,105,0.38330078125
FashionMNIST,small,43,10,a1,firing_rate,baseline,106,0.4052734375
FashionMNIST,small,43,10,a1,firing_rate,baseline,107,0.09423828125
FashionMNIST,small,43,10,a1,firing_rate,baseline,108,0.07958984375
FashionMNIST,small,43,10,a1,firing_rate,baseline,109,0.0185546875
FashionMNIST,small,43,10,a1,firing_rate,baseline,110,0.18798828125
FashionMNIST,small,43,10,a1,firing_rate,baseline,111,0.25244140625
FashionMNIST,small,43,10,a1,firing_rate,baseline,112,0.55126953125
FashionMNIST,small,43,10,a1,firing_rate,baseline,113,0.07080078125
FashionMNIST,small,43,10,a1,firing_rate,baseline,114,0.23828125
FashionMNIST,small,43,10,a1,firing_rate,baseline,115,0.193359375
FashionMNIST,small,43,10,a1,firing_rate,baseline,116,0.287109375
FashionMNIST,small,43,10,a1,firing_rate,baseline,117,0.28515625
FashionMNIST,small,43,10,a1,firing_rate,baseline,118,0.078125
FashionMNIST,small,43,10,a1,firing_rate,baseline,119,0.3447265625
FashionMNIST,small,43,10,a1,firing_rate,baseline,120,0.2431640625
FashionMNIST,small,43,10,a1,firing_rate,baseline,121,0.35791015625
FashionMNIST,small,43,10,a1,firing_rate,baseline,122,0.16455078125
FashionMNIST,small,43,10,a1,firing_rate,baseline,123,0.18115234375
FashionMNIST,small,43,10,a1,firing_rate,baseline,124,0.35888671875
FashionMNIST,small,43,10,a1,firing_rate,baseline,125,0.419921875
FashionMNIST,small,43,10,a1,firing_rate,baseline,126,0.224609375
FashionMNIST,small,43,10,a1,firing_rate,baseline,127,0.30908203125
FashionMNIST,small,43,10,a1,firing_rate,baseline,128,0.29638671875
FashionMNIST,small,43,10,a1,firing_rate,baseline,129,0.533203125
FashionMNIST,small,43,10,a1,firing_rate,baseline,130,0.41552734375
FashionMNIST,small,43,10,a1,firing_rate,baseline,131,0.47607421875
FashionMNIST,small,43,10,a1,firing_rate,baseline,132,0.365234375
FashionMNIST,small,43,10,a1,firing_rate,baseline,133,0.29541015625
FashionMNIST,small,43,10,a1,firing_rate,baseline,134,0.29052734375
FashionMNIST,small,43,10,a1,firing_rate,baseline,135,0.28369140625
FashionMNIST,small,43,10,a1,firing_rate,baseline,136,0.10400390625
FashionMNIST,small,43,10,a1,firing_rate,baseline,137,0.17333984375
FashionMNIST,small,43,10,a1,firing_rate,baseline,138,0.0634765625
FashionMNIST,small,43,10,a1,firing_rate,baseline,139,0.2783203125
FashionMNIST,small,43,10,a1,firing_rate,baseline,140,0.16357421875
FashionMNIST,small,43,10,a1,firing_rate,baseline,141,0.17724609375
FashionMNIST,small,43,10,a1,firing_rate,baseline,142,0.23291015625
FashionMNIST,small,43,10,a1,firing_rate,baseline,143,0.31640625
FashionMNIST,small,43,10,a1,firing_rate,baseline,144,0.06640625
FashionMNIST,small,43,10,a1,firing_rate,baseline,145,0.21875
FashionMNIST,small,43,10,a1,firing_rate,baseline,146,0.14501953125
FashionMNIST,small,43,10,a1,firing_rate,baseline,147,0.18359375
FashionMNIST,small,43,10,a1,firing_rate,baseline,148,0.28369140625
FashionMNIST,small,43,10,a1,firing_rate,baseline,149,0.18505859375
FashionMNIST,small,43,10,a1,firing_rate,baseline,150,0.3408203125
FashionMNIST,small,43,10,a1,firing_rate,baseline,151,0.2197265625
FashionMNIST,small,43,10,a1,firing_rate,baseline,152,0.060546875
FashionMNIST,small,43,10,a1,firing_rate,baseline,153,0.220703125
FashionMNIST,small,43,10,a1,firing_rate,baseline,154,0.140625
FashionMNIST,small,43,10,a1,firing_rate,baseline,155,0.205078125
FashionMNIST,small,43,10,a1,firing_rate,baseline,156,0.09033203125
FashionMNIST,small,43,10,a1,firing_rate,baseline,157,0.0849609375
FashionMNIST,small,43,10,a1,firing_rate,baseline,158,0.30615234375
FashionMNIST,small,43,10,a1,firing_rate,baseline,159,0.224609375
FashionMNIST,small,43,10,a1,firing_rate,baseline,160,0.33642578125
FashionMNIST,small,43,10,a1,firing_rate,baseline,161,0.11474609375
FashionMNIST,small,43,10,a1,firing_rate,baseline,162,0.21484375
FashionMNIST,small,43,10,a1,firing_rate,baseline,163,0.279296875
FashionMNIST,small,43,10,a1,firing_rate,baseline,164,0.1767578125
FashionMNIST,small,43,10,a1,firing_rate,baseline,165,0.0478515625
FashionMNIST,small,43,10,a1,firing_rate,baseline,166,0.35693359375
FashionMNIST,small,43,10,a1,firing_rate,baseline,167,0.18798828125
FashionMNIST,small,43,10,a1,firing_rate,baseline,168,0.0888671875
FashionMNIST,small,43,10,a1,firing_rate,baseline,169,0.08984375
FashionMNIST,small,43,10,a1,firing_rate,baseline,170,0.1708984375
FashionMNIST,small,43,10,a1,firing_rate,baseline,171,0.1494140625
FashionMNIST,small,43,10,a1,firing_rate,baseline,172,0.42822265625
FashionMNIST,small,43,10,a1,firing_rate,baseline,173,0.216796875
FashionMNIST,small,43,10,a1,firing_rate,baseline,174,0.37939453125
FashionMNIST,small,43,10,a1,firing_rate,baseline,175,0.19189453125
FashionMNIST,small,43,10,a1,firing_rate,baseline,176,0.00048828125
FashionMNIST,small,43,10,a1,firing_rate,baseline,177,0.10107421875
FashionMNIST,small,43,10,a1,firing_rate,baseline,178,0.24658203125
FashionMNIST,small,43,10,a1,firing_rate,baseline,179,0.10400390625
FashionMNIST,small,43,10,a1,firing_rate,baseline,180,0.11669921875
FashionMNIST,small,43,10,a1,firing_rate,baseline,181,0.1103515625
FashionMNIST,small,43,10,a1,firing_rate,baseline,182,0.0283203125
FashionMNIST,small,43,10,a1,firing_rate,baseline,183,0.240234375
FashionMNIST,small,43,10,a1,firing_rate,baseline,184,0.3212890625
FashionMNIST,small,43,10,a1,firing_rate,baseline,185,0.23486328125
FashionMNIST,small,43,10,a1,firing_rate,baseline,186,0.21923828125
FashionMNIST,small,43,10,a1,firing_rate,baseline,187,0.44091796875
FashionMNIST,small,43,10,a1,firing_rate,baseline,188,0.3681640625
FashionMNIST,small,43,10,a1,firing_rate,baseline,189,0.05078125
FashionMNIST,small,43,10,a1,firing_rate,baseline,190,0.3291015625
FashionMNIST,small,43,10,a1,firing_rate,baseline,191,0.12255859375
FashionMNIST,small,43,10,a1,firing_rate,baseline,192,0.3349609375
FashionMNIST,small,43,10,a1,firing_rate,baseline,193,0.115234375
FashionMNIST,small,43,10,a1,firing_rate,baseline,194,0.25
FashionMNIST,small,43,10,a1,firing_rate,baseline,195,0.46533203125
FashionMNIST,small,43,10,a1,firing_rate,baseline,196,0.0810546875
FashionMNIST,small,43,10,a1,firing_rate,baseline,197,0.04150390625
FashionMNIST,small,43,10,a1,firing_rate,baseline,198,0.15234375
FashionMNIST,small,43,10,a1,firing_rate,baseline,199,0.33935546875
FashionMNIST,small,43,10,a1,firing_rate,baseline,200,0.2294921875
FashionMNIST,small,43,10,a1,firing_rate,baseline,201,0.34716796875
FashionMNIST,small,43,10,a1,firing_rate,baseline,202,0.02197265625
FashionMNIST,small,43,10,a1,firing_rate,baseline,203,0.25244140625
FashionMNIST,small,43,10,a1,firing_rate,baseline,204,0.2568359375
FashionMNIST,small,43,10,a1,firing_rate,baseline,205,0.267578125
FashionMNIST,small,43,10,a1,firing_rate,baseline,206,0.29345703125
FashionMNIST,small,43,10,a1,firing_rate,baseline,207,0.13037109375
FashionMNIST,small,43,10,a1,firing_rate,baseline,208,0.38720703125
FashionMNIST,small,43,10,a1,firing_rate,baseline,209,0.06689453125
FashionMNIST,small,43,10,a1,firing_rate,baseline,210,0.19482421875
FashionMNIST,small,43,10,a1,firing_rate,baseline,211,0.1025390625
FashionMNIST,small,43,10,a1,firing_rate,baseline,212,0.35107421875
FashionMNIST,small,43,10,a1,firing_rate,baseline,213,0.0849609375
FashionMNIST,small,43,10,a1,firing_rate,baseline,214,0.52783203125
FashionMNIST,small,43,10,a1,firing_rate,baseline,215,0.4716796875
FashionMNIST,small,43,10,a1,firing_rate,baseline,216,0.07763671875
FashionMNIST,small,43,10,a1,firing_rate,baseline,217,0.33349609375
FashionMNIST,small,43,10,a1,firing_rate,baseline,218,0.31884765625
FashionMNIST,small,43,10,a1,firing_rate,baseline,219,0.3203125
FashionMNIST,small,43,10,a1,firing_rate,baseline,220,0.1533203125
FashionMNIST,small,43,10,a1,firing_rate,baseline,221,0.22998046875
FashionMNIST,small,43,10,a1,firing_rate,baseline,222,0.22607421875
FashionMNIST,small,43,10,a1,firing_rate,baseline,223,0.24658203125
FashionMNIST,small,43,10,a1,firing_rate,baseline,224,0.17626953125
FashionMNIST,small,43,10,a1,firing_rate,baseline,225,0.22998046875
FashionMNIST,small,43,10,a1,firing_rate,baseline,226,0.306640625
FashionMNIST,small,43,10,a1,firing_rate,baseline,227,0.26953125
FashionMNIST,small,43,10,a1,firing_rate,baseline,228,0.12353515625
FashionMNIST,small,43,10,a1,firing_rate,baseline,229,0.2861328125
FashionMNIST,small,43,10,a1,firing_rate,baseline,230,0.2177734375
FashionMNIST,small,43,10,a1,firing_rate,baseline,231,0.3349609375
FashionMNIST,small,43,10,a1,firing_rate,baseline,232,0.47900390625
FashionMNIST,small,43,10,a1,firing_rate,baseline,233,0.1201171875
FashionMNIST,small,43,10,a1,firing_rate,baseline,234,0.0830078125
FashionMNIST,small,43,10,a1,firing_rate,baseline,235,0.04638671875
FashionMNIST,small,43,10,a1,firing_rate,baseline,236,0.0947265625
FashionMNIST,small,43,10,a1,firing_rate,baseline,237,0.21240234375
FashionMNIST,small,43,10,a1,firing_rate,baseline,238,0.1748046875
FashionMNIST,small,43,10,a1,firing_rate,baseline,239,0.1943359375
FashionMNIST,small,43,10,a1,firing_rate,baseline,240,0.18408203125
FashionMNIST,small,43,10,a1,firing_rate,baseline,241,0.306640625
FashionMNIST,small,43,10,a1,firing_rate,baseline,242,0.10595703125
FashionMNIST,small,43,10,a1,firing_rate,baseline,243,0.041015625
FashionMNIST,small,43,10,a1,firing_rate,baseline,244,0.10107421875
FashionMNIST,small,43,10,a1,firing_rate,baseline,245,0.2158203125
FashionMNIST,small,43,10,a1,firing_rate,baseline,246,0.14013671875
FashionMNIST,small,43,10,a1,firing_rate,baseline,247,0.18212890625
FashionMNIST,small,43,10,a1,firing_rate,baseline,248,0.099609375
FashionMNIST,small,43,10,a1,firing_rate,baseline,249,0.62451171875
FashionMNIST,small,43,10,a1,firing_rate,baseline,250,0.15234375
FashionMNIST,small,43,10,a1,firing_rate,baseline,251,0.68994140625
FashionMNIST,small,43,10,a1,firing_rate,baseline,252,0.013671875
FashionMNIST,small,43,10,a1,firing_rate,baseline,253,0.35595703125
FashionMNIST,small,43,10,a1,firing_rate,baseline,254,0.1123046875
FashionMNIST,small,43,10,a1,firing_rate,baseline,255,0.1982421875
FashionMNIST,small,43,10,a2,firing_rate,baseline,0,0.10888671875
FashionMNIST,small,43,10,a2,firing_rate,baseline,1,0.30859375
FashionMNIST,small,43,10,a2,firing_rate,baseline,2,0.4384765625
FashionMNIST,small,43,10,a2,firing_rate,baseline,3,0.4306640625
FashionMNIST,small,43,10,a2,firing_rate,baseline,4,0.119140625
FashionMNIST,small,43,10,a2,firing_rate,baseline,5,0.43798828125
FashionMNIST,small,43,10,a2,firing_rate,baseline,6,0.42822265625
FashionMNIST,small,43,10,a2,firing_rate,baseline,7,0.40234375
FashionMNIST,small,43,10,a2,firing_rate,baseline,8,0.4287109375
FashionMNIST,small,43,10,a2,firing_rate,baseline,9,0.10986328125
FashionMNIST,small,43,10,a2,firing_rate,baseline,10,0.35009765625
FashionMNIST,small,43,10,a2,firing_rate,baseline,11,0.6162109375
FashionMNIST,small,43,10,a2,firing_rate,baseline,12,0.41796875
FashionMNIST,small,43,10,a2,firing_rate,baseline,13,0.4833984375
FashionMNIST,small,43,10,a2,firing_rate,baseline,14,0.24951171875
FashionMNIST,small,43,10,a2,firing_rate,baseline,15,0.32421875
FashionMNIST,small,43,10,a2,firing_rate,baseline,16,0.5556640625
FashionMNIST,small,43,10,a2,firing_rate,baseline,17,0.47314453125
FashionMNIST,small,43,10,a2,firing_rate,baseline,18,0.4921875
FashionMNIST,small,43,10,a2,firing_rate,baseline,19,0.32470703125
FashionMNIST,small,43,10,a2,firing_rate,baseline,20,0.4287109375
FashionMNIST,small,43,10,a2,firing_rate,baseline,21,0.220703125
FashionMNIST,small,43,10,a2,firing_rate,baseline,22,0.2255859375
FashionMNIST,small,43,10,a2,firing_rate,baseline,23,0.38623046875
FashionMNIST,small,43,10,a2,firing_rate,baseline,24,0.115234375
FashionMNIST,small,43,10,a2,firing_rate,baseline,25,0.3447265625
FashionMNIST,small,43,10,a2,firing_rate,baseline,26,0.48828125
FashionMNIST,small,43,10,a2,firing_rate,baseline,27,0.44287109375
FashionMNIST,small,43,10,a2,firing_rate,baseline,28,0.24658203125
FashionMNIST,small,43,10,a2,firing_rate,baseline,29,0.0693359375
FashionMNIST,small,43,10,a2,firing_rate,baseline,30,0.00732421875
FashionMNIST,small,43,10,a2,firing_rate,baseline,31,0.3955078125
FashionMNIST,small,43,10,a2,firing_rate,baseline,32,0.35107421875
FashionMNIST,small,43,10,a2,firing_rate,baseline,33,0.31591796875
FashionMNIST,small,43,10,a2,firing_rate,baseline,34,0.28173828125
FashionMNIST,small,43,10,a2,firing_rate,baseline,35,0.15673828125
FashionMNIST,small,43,10,a2,firing_rate,baseline,36,0.42236328125
FashionMNIST,small,43,10,a2,firing_rate,baseline,37,0.48046875
FashionMNIST,small,43,10,a2,firing_rate,baseline,38,0.31591796875
FashionMNIST,small,43,10,a2,firing_rate,baseline,39,0.4228515625
FashionMNIST,small,43,10,a2,firing_rate,baseline,40,0.29443359375
FashionMNIST,small,43,10,a2,firing_rate,baseline,41,0.2021484375
FashionMNIST,small,43,10,a2,firing_rate,baseline,42,0.3408203125
FashionMNIST,small,43,10,a2,firing_rate,baseline,43,0.34521484375
FashionMNIST,small,43,10,a2,firing_rate,baseline,44,0.318359375
FashionMNIST,small,43,10,a2,firing_rate,baseline,45,0.42138671875
FashionMNIST,small,43,10,a2,firing_rate,baseline,46,0.37646484375
FashionMNIST,small,43,10,a2,firing_rate,baseline,47,0.32861328125
FashionMNIST,small,43,10,a2,firing_rate,baseline,48,0.47412109375
FashionMNIST,small,43,10,a2,firing_rate,baseline,49,0.369140625
FashionMNIST,small,43,10,a2,firing_rate,baseline,50,0.51025390625
FashionMNIST,small,43,10,a2,firing_rate,baseline,51,0.22607421875
FashionMNIST,small,43,10,a2,firing_rate,baseline,52,0.34033203125
FashionMNIST,small,43,10,a2,firing_rate,baseline,53,0.3486328125
FashionMNIST,small,43,10,a2,firing_rate,baseline,54,0.4912109375
FashionMNIST,small,43,10,a2,firing_rate,baseline,55,0.3955078125
FashionMNIST,small,43,10,a2,firing_rate,baseline,56,0.03564453125
FashionMNIST,small,43,10,a2,firing_rate,baseline,57,0.41943359375
FashionMNIST,small,43,10,a2,firing_rate,baseline,58,0.4814453125
FashionMNIST,small,43,10,a2,firing_rate,baseline,59,0.26513671875
FashionMNIST,small,43,10,a2,firing_rate,baseline,60,0.30908203125
FashionMNIST,small,43,10,a2,firing_rate,baseline,61,0.310546875
FashionMNIST,small,43,10,a2,firing_rate,baseline,62,0.4140625
FashionMNIST,small,43,10,a2,firing_rate,baseline,63,0.314453125
FashionMNIST,small,43,10,a2,firing_rate,baseline,64,0.35498046875
FashionMNIST,small,43,10,a2,firing_rate,baseline,65,0.54052734375
FashionMNIST,small,43,10,a2,firing_rate,baseline,66,0.33056640625
FashionMNIST,small,43,10,a2,firing_rate,baseline,67,0.3173828125
FashionMNIST,small,43,10,a2,firing_rate,baseline,68,0.3798828125
FashionMNIST,small,43,10,a2,firing_rate,baseline,69,0.22412109375
FashionMNIST,small,43,10,a2,firing_rate,baseline,70,0.7587890625
FashionMNIST,small,43,10,a2,firing_rate,baseline,71,0.26513671875
FashionMNIST,small,43,10,a2,firing_rate,baseline,72,0.51611328125
FashionMNIST,small,43,10,a2,firing_rate,baseline,73,0.548828125
FashionMNIST,small,43,10,a2,firing_rate,baseline,74,0.0625
FashionMNIST,small,43,10,a2,firing_rate,baseline,75,0.2041015625
FashionMNIST,small,43,10,a2,firing_rate,baseline,76,0.48681640625
FashionMNIST,small,43,10,a2,firing_rate,baseline,77,0.32763671875
FashionMNIST,small,43,10,a2,firing_rate,baseline,78,0.388671875
FashionMNIST,small,43,10,a2,firing_rate,baseline,79,0.2919921875
FashionMNIST,small,43,10,a2,firing_rate,baseline,80,0.51416015625
FashionMNIST,small,43,10,a2,firing_rate,baseline,81,0.373046875
FashionMNIST,small,43,10,a2,firing_rate,baseline,82,0.5126953125
FashionMNIST,small,43,10,a2,firing_rate,baseline,83,0.35302734375
FashionMNIST,small,43,10,a2,firing_rate,baseline,84,0.33642578125
FashionMNIST,small,43,10,a2,firing_rate,baseline,85,0.39501953125
FashionMNIST,small,43,10,a2,firing_rate,baseline,86,0.38427734375
FashionMNIST,small,43,10,a2,firing_rate,baseline,87,0.49853515625
FashionMNIST,small,43,10,a2,firing_rate,baseline,88,0.25537109375
FashionMNIST,small,43,10,a2,firing_rate,baseline,89,0.515625
FashionMNIST,small,43,10,a2,firing_rate,baseline,90,0.5087890625
FashionMNIST,small,43,10,a2,firing_rate,baseline,91,0.25390625
FashionMNIST,small,43,10,a2,firing_rate,baseline,92,0.48876953125
FashionMNIST,small,43,10,a2,firing_rate,baseline,93,0.400390625
FashionMNIST,small,43,10,a2,firing_rate,baseline,94,0.17919921875
FashionMNIST,small,43,10,a2,firing_rate,baseline,95,0.60791015625
FashionMNIST,small,43,10,a2,firing_rate,baseline,96,0.189453125
FashionMNIST,small,43,10,a2,firing_rate,baseline,97,0.5673828125
FashionMNIST,small,43,10,a2,firing_rate,baseline,98,0.265625
FashionMNIST,small,43,10,a2,firing_rate,baseline,99,0.541015625
FashionMNIST,small,43,10,a2,firing_rate,baseline,100,0.3544921875
FashionMNIST,small,43,10,a2,firing_rate,baseline,101,0.4931640625
FashionMNIST,small,43,10,a2,firing_rate,baseline,102,0.3447265625
FashionMNIST,small,43,10,a2,firing_rate,baseline,103,0.3583984375
FashionMNIST,small,43,10,a2,firing_rate,baseline,104,0.357421875
FashionMNIST,small,43,10,a2,firing_rate,baseline,105,0.4892578125
FashionMNIST,small,43,10,a2,firing_rate,baseline,106,0.31103515625
FashionMNIST,small,43,10,a2,firing_rate,baseline,107,0.43408203125
FashionMNIST,small,43,10,a2,firing_rate,baseline,108,0.14453125
FashionMNIST,small,43,10,a2,firing_rate,baseline,109,0.361328125
FashionMNIST,small,43,10,a2,firing_rate,baseline,110,0.43212890625
FashionMNIST,small,43,10,a2,firing_rate,baseline,111,0.2685546875
FashionMNIST,small,43,10,a2,firing_rate,baseline,112,0.39501953125
FashionMNIST,small,43,10,a2,firing_rate,baseline,113,0.28515625
FashionMNIST,small,43,10,a2,firing_rate,baseline,114,0.03564453125
FashionMNIST,small,43,10,a2,firing_rate,baseline,115,0.31640625
FashionMNIST,small,43,10,a2,firing_rate,baseline,116,0.39404296875
FashionMNIST,small,43,10,a2,firing_rate,baseline,117,0.4140625
FashionMNIST,small,43,10,a2,firing_rate,baseline,118,0.3408203125
FashionMNIST,small,43,10,a2,firing_rate,baseline,119,0.49658203125
FashionMNIST,small,43,10,a2,firing_rate,baseline,120,0.1630859375
FashionMNIST,small,43,10,a2,firing_rate,baseline,121,0.48681640625
FashionMNIST,small,43,10,a2,firing_rate,baseline,122,0.2197265625
FashionMNIST,small,43,10,a2,firing_rate,baseline,123,0.5029296875
FashionMNIST,small,43,10,a2,firing_rate,baseline,124,0.5234375
FashionMNIST,small,43,10,a2,firing_rate,baseline,125,0.173828125
FashionMNIST,small,43,10,a2,firing_rate,baseline,126,0.0
FashionMNIST,small,43,10,a2,firing_rate,baseline,127,0.44873046875
FashionMNIST,small,43,10,a1,activation_variance,baseline,0,2.5336239337921143
FashionMNIST,small,43,10,a1,activation_variance,baseline,1,0.13348212838172913
FashionMNIST,small,43,10,a1,activation_variance,baseline,2,1.6159536838531494
FashionMNIST,small,43,10,a1,activation_variance,baseline,3,3.753169059753418
FashionMNIST,small,43,10,a1,activation_variance,baseline,4,0.6263761520385742
FashionMNIST,small,43,10,a1,activation_variance,baseline,5,1.3872250318527222
FashionMNIST,small,43,10,a1,activation_variance,baseline,6,2.097414970397949
FashionMNIST,small,43,10,a1,activation_variance,baseline,7,3.1793510913848877
FashionMNIST,small,43,10,a1,activation_variance,baseline,8,0.9825028777122498
FashionMNIST,small,43,10,a1,activation_variance,baseline,9,11.413999557495117
FashionMNIST,small,43,10,a1,activation_variance,baseline,10,4.273369789123535
FashionMNIST,small,43,10,a1,activation_variance,baseline,11,0.3942103087902069
FashionMNIST,small,43,10,a1,activation_variance,baseline,12,0.7770100235939026
FashionMNIST,small,43,10,a1,activation_variance,baseline,13,0.5188772678375244
FashionMNIST,small,43,10,a1,activation_variance,baseline,14,2.065185070037842
FashionMNIST,small,43,10,a1,activation_variance,baseline,15,1.580979585647583
FashionMNIST,small,43,10,a1,activation_variance,baseline,16,9.195575714111328
FashionMNIST,small,43,10,a1,activation_variance,baseline,17,7.813111305236816
FashionMNIST,small,43,10,a1,activation_variance,baseline,18,0.968765377998352
FashionMNIST,small,43,10,a1,activation_variance,baseline,19,1.2982457876205444
FashionMNIST,small,43,10,a1,activation_variance,baseline,20,3.2780065536499023
FashionMNIST,small,43,10,a1,activation_variance,baseline,21,0.982080340385437
FashionMNIST,small,43,10,a1,activation_variance,baseline,22,2.127002000808716
FashionMNIST,small,43,10,a1,activation_variance,baseline,23,1.3982616662979126
FashionMNIST,small,43,10,a1,activation_variance,baseline,24,1.2108250856399536
FashionMNIST,small,43,10,a1,activation_variance,baseline,25,6.182709693908691
FashionMNIST,small,43,10,a1,activation_variance,baseline,26,0.17507413029670715
FashionMNIST,small,43,10,a1,activation_variance,baseline,27,6.172187805175781
FashionMNIST,small,43,10,a1,activation_variance,baseline,28,7.6374311447143555
FashionMNIST,small,43,10,a1,activation_variance,baseline,29,0.4321540892124176
FashionMNIST,small,43,10,a1,activation_variance,baseline,30,0.4307500123977661
FashionMNIST,small,43,10,a1,activation_variance,baseline,31,1.7186168432235718
FashionMNIST,small,43,10,a1,activation_variance,baseline,32,3.667736530303955
FashionMNIST,small,43,10,a1,activation_variance,baseline,33,4.259735584259033
FashionMNIST,small,43,10,a1,activation_variance,baseline,34,2.918674945831299
FashionMNIST,small,43,10,a1,activation_variance,baseline,35,2.4080612659454346
FashionMNIST,small,43,10,a1,activation_variance,baseline,36,5.283751487731934
FashionMNIST,small,43,10,a1,activation_variance,baseline,37,0.5253741145133972
FashionMNIST,small,43,10,a1,activation_variance,baseline,38,0.48874741792678833
FashionMNIST,small,43,10,a1,activation_variance,baseline,39,1.7907307147979736
FashionMNIST,small,43,10,a1,activation_variance,baseline,40,5.0753703117370605
FashionMNIST,small,43,10,a1,activation_variance,baseline,41,0.8054254651069641
FashionMNIST,small,43,10,a1,activation_variance,baseline,42,0.9318150877952576
FashionMNIST,small,43,10,a1,activation_variance,baseline,43,2.3466544151306152
FashionMNIST,small,43,10,a1,activation_variance,baseline,44,1.3206335306167603
FashionMNIST,small,43,10,a1,activation_variance,baseline,45,1.5553632974624634
FashionMNIST,small,43,10,a1,activation_variance,baseline,46,1.3791953325271606
FashionMNIST,small,43,10,a1,activation_variance,baseline,47,2.376098155975342
FashionMNIST,small,43,10,a1,activation_variance,baseline,48,5.17952823638916
FashionMNIST,small,43,10,a1,activation_variance,baseline,49,1.1293514966964722
FashionMNIST,small,43,10,a1,activation_variance,baseline,50,1.8227214813232422
FashionMNIST,small,43,10,a1,activation_variance,baseline,51,2.8476929664611816
FashionMNIST,small,43,10,a1,activation_variance,baseline,52,0.422715425491333
FashionMNIST,small,43,10,a1,activation_variance,baseline,53,4.012920379638672
FashionMNIST,small,43,10,a1,activation_variance,baseline,54,0.23009179532527924
FashionMNIST,small,43,10,a1,activation_variance,baseline,55,0.1872597634792328
FashionMNIST,small,43,10,a1,activation_variance,baseline,56,0.9194878935813904
FashionMNIST,small,43,10,a1,activation_variance,baseline,57,0.8169091939926147
FashionMNIST,small,43,10,a1,activation_variance,baseline,58,2.5236880779266357
FashionMNIST,small,43,10,a1,activation_variance,baseline,59,0.0
FashionMNIST,small,43,10,a1,activation_variance,baseline,60,5.5774664878845215
FashionMNIST,small,43,10,a1,activation_variance,baseline,61,1.1012858152389526
FashionMNIST,small,43,10,a1,activation_variance,baseline,62,1.024292230606079
FashionMNIST,small,43,10,a1,activation_variance,baseline,63,0.27773556113243103
FashionMNIST,small,43,10,a1,activation_variance,baseline,64,5.561160564422607
FashionMNIST,small,43,10,a1,activation_variance,baseline,65,0.28341934084892273
FashionMNIST,small,43,10,a1,activation_variance,baseline,66,0.6111732125282288
FashionMNIST,small,43,10,a1,activation_variance,baseline,67,2.9060704708099365
FashionMNIST,small,43,10,a1,activation_variance,baseline,68,2.9111313819885254
FashionMNIST,small,43,10,a1,activation_variance,baseline,69,1.059086799621582
FashionMNIST,small,43,10,a1,activation_variance,baseline,70,14.296009063720703
FashionMNIST,small,43,10,a1,activation_variance,baseline,71,5.952935695648193
FashionMNIST,small,43,10,a1,activation_variance,baseline,72,2.058852195739746
FashionMNIST,small,43,10,a1,activation_variance,baseline,73,2.930172920227051
FashionMNIST,small,43,10,a1,activation_variance,baseline,74,0.3795248866081238
FashionMNIST,small,43,10,a1,activation_variance,baseline,75,4.889452934265137
FashionMNIST,small,43,10,a1,activation_variance,baseline,76,1.7574677467346191
FashionMNIST,small,43,10,a1,activation_variance,baseline,77,4.360194206237793
FashionMNIST,small,43,10,a1,activation_variance,baseline,78,2.378596782684326
FashionMNIST,small,43,10,a1,activation_variance,baseline,79,1.7659921646118164
FashionMNIST,small,43,10,a1,activation_variance,baseline,80,1.638598084449768
FashionMNIST,small,43,10,a1,activation_variance,baseline,81,1.4713801145553589
FashionMNIST,small,43,10,a1,activation_variance,baseline,82,0.9163187742233276
FashionMNIST,small,43,10,a1,activation_variance,baseline,83,5.722562313079834
FashionMNIST,small,43,10,a1,activation_variance,baseline,84,6.318750381469727
FashionMNIST,small,43,10,a1,activation_variance,baseline,85,0.6910062432289124
FashionMNIST,small,43,10,a1,activation_variance,baseline,86,2.5845634937286377
FashionMNIST,small,43,10,a1,activation_variance,baseline,87,2.518648624420166
FashionMNIST,small,43,10,a1,activation_variance,baseline,88,0.6905845403671265
FashionMNIST,small,43,10,a1,activation_variance,baseline,89,2.5096242427825928
FashionMNIST,small,43,10,a1,activation_variance,baseline,90,0.1291632205247879
FashionMNIST,small,43,10,a1,activation_variance,baseline,91,0.43218448758125305
FashionMNIST,small,43,10,a1,activation_variance,baseline,92,1.0610934495925903
FashionMNIST,small,43,10,a1,activation_variance,baseline,93,0.44504019618034363
FashionMNIST,small,43,10,a1,activation_variance,baseline,94,2.8260035514831543
FashionMNIST,small,43,10,a1,activation_variance,baseline,95,2.370114326477051
FashionMNIST,small,43,10,a1,activation_variance,baseline,96,3.5205373764038086
FashionMNIST,small,43,10,a1,activation_variance,baseline,97,0.19003844261169434
FashionMNIST,small,43,10,a1,activation_variance,baseline,98,2.947233200073242
FashionMNIST,small,43,10,a1,activation_variance,baseline,99,0.3624604046344757
FashionMNIST,small,43,10,a1,activation_variance,baseline,100,3.913924217224121
FashionMNIST,small,43,10,a1,activation_variance,baseline,101,0.7333916425704956
FashionMNIST,small,43,10,a1,activation_variance,baseline,102,3.2601613998413086
FashionMNIST,small,43,10,a1,activation_variance,baseline,103,2.0292880535125732
FashionMNIST,small,43,10,a1,activation_variance,baseline,104,6.092332363128662
FashionMNIST,small,43,10,a1,activation_variance,baseline,105,4.4015703201293945
FashionMNIST,small,43,10,a1,activation_variance,baseline,106,3.234668731689453
FashionMNIST,small,43,10,a1,activation_variance,baseline,107,0.8350825905799866
FashionMNIST,small,43,10,a1,activation_variance,baseline,108,0.5173062086105347
FashionMNIST,small,43,10,a1,activation_variance,baseline,109,0.13220751285552979
FashionMNIST,small,43,10,a1,activation_variance,baseline,110,5.297645092010498
FashionMNIST,small,43,10,a1,activation_variance,baseline,111,2.2389745712280273
FashionMNIST,small,43,10,a1,activation_variance,baseline,112,8.474289894104004
FashionMNIST,small,43,10,a1,activation_variance,baseline,113,0.5654765963554382
FashionMNIST,small,43,10,a1,activation_variance,baseline,114,1.0295401811599731
FashionMNIST,small,43,10,a1,activation_variance,baseline,115,0.8260591626167297
FashionMNIST,small,43,10,a1,activation_variance,baseline,116,2.9891185760498047
FashionMNIST,small,43,10,a1,activation_variance,baseline,117,2.3587231636047363
FashionMNIST,small,43,10,a1,activation_variance,baseline,118,4.072950839996338
FashionMNIST,small,43,10,a1,activation_variance,baseline,119,3.752488136291504
FashionMNIST,small,43,10,a1,activation_variance,baseline,120,1.8342788219451904
FashionMNIST,small,43,10,a1,activation_variance,baseline,121,1.8102619647979736
FashionMNIST,small,43,10,a1,activation_variance,baseline,122,1.327070951461792
FashionMNIST,small,43,10,a1,activation_variance,baseline,123,0.4863568842411041
FashionMNIST,small,43,10,a1,activation_variance,baseline,124,2.283376455307007
FashionMNIST,small,43,10,a1,activation_variance,baseline,125,1.616676688194275
FashionMNIST,small,43,10,a1,activation_variance,baseline,126,1.1943433284759521
FashionMNIST,small,43,10,a1,activation_variance,baseline,127,8.349831581115723
FashionMNIST,small,43,10,a1,activation_variance,baseline,128,2.0800867080688477
FashionMNIST,small,43,10,a1,activation_variance,baseline,129,8.172204971313477
FashionMNIST,small,43,10,a1,activation_variance,baseline,130,4.13449239730835
FashionMNIST,small,43,10,a1,activation_variance,baseline,131,4.707361698150635
FashionMNIST,small,43,10,a1,activation_variance,baseline,132,1.668419361114502
FashionMNIST,small,43,10,a1,activation_variance,baseline,133,1.0331391096115112
FashionMNIST,small,43,10,a1,activation_variance,baseline,134,7.017841339111328
FashionMNIST,small,43,10,a1,activation_variance,baseline,135,4.377397537231445
FashionMNIST,small,43,10,a1,activation_variance,baseline,136,1.0071804523468018
FashionMNIST,small,43,10,a1,activation_variance,baseline,137,1.3206537961959839
FashionMNIST,small,43,10,a1,activation_variance,baseline,138,0.3859381377696991
FashionMNIST,small,43,10,a1,activation_variance,baseline,139,3.5087225437164307
FashionMNIST,small,43,10,a1,activation_variance,baseline,140,0.6599637269973755
FashionMNIST,small,43,10,a1,activation_variance,baseline,141,0.6649307012557983
FashionMNIST,small,43,10,a1,activation_variance,baseline,142,2.24123477935791
FashionMNIST,small,43,10,a1,activation_variance,baseline,143,3.09511137008667
FashionMNIST,small,43,10,a1,activation_variance,baseline,144,0.2778819799423218
FashionMNIST,small,43,10,a1,activation_variance,baseline,145,1.704658031463623
FashionMNIST,small,43,10,a1,activation_variance,baseline,146,0.8600771427154541
FashionMNIST,small,43,10,a1,activation_variance,baseline,147,2.3866944313049316
FashionMNIST,small,43,10,a1,activation_variance,baseline,148,1.8799188137054443
FashionMNIST,small,43,10,a1,activation_variance,baseline,149,1.5958112478256226
FashionMNIST,small,43,10,a1,activation_variance,baseline,150,10.885187149047852
FashionMNIST,small,43,10,a1,activation_variance,baseline,151,1.8860194683074951
FashionMNIST,small,43,10,a1,activation_variance,baseline,152,1.273133635520935
FashionMNIST,small,43,10,a1,activation_variance,baseline,153,0.8488601446151733
FashionMNIST,small,43,10,a1,activation_variance,baseline,154,1.057777762413025
FashionMNIST,small,43,10,a1,activation_variance,baseline,155,1.3149199485778809
FashionMNIST,small,43,10,a1,activation_variance,baseline,156,1.804079532623291
FashionMNIST,small,43,10,a1,activation_variance,baseline,157,0.23679837584495544
FashionMNIST,small,43,10,a1,activation_variance,baseline,158,3.1245577335357666
FashionMNIST,small,43,10,a1,activation_variance,baseline,159,1.8961511850357056
FashionMNIST,small,43,10,a1,activation_variance,baseline,160,2.510565757751465
FashionMNIST,small,43,10,a1,activation_variance,baseline,161,0.36610403656959534
FashionMNIST,small,43,10,a1,activation_variance,baseline,162,2.8158926963806152
FashionMNIST,small,43,10,a1,activation_variance,baseline,163,2.0087125301361084
FashionMNIST,small,43,10,a1,activation_variance,baseline,164,1.4792991876602173
FashionMNIST,small,43,10,a1,activation_variance,baseline,165,0.23619146645069122
FashionMNIST,small,43,10,a1,activation_variance,baseline,166,2.1070828437805176
FashionMNIST,small,43,10,a1,activation_variance,baseline,167,1.0629022121429443
FashionMNIST,small,43,10,a1,activation_variance,baseline,168,0.7093252539634705
FashionMNIST,small,43,10,a1,activation_variance,baseline,169,0.1672114133834839
FashionMNIST,small,43,10,a1,activation_variance,baseline,170,5.439101219177246
FashionMNIST,small,43,10,a1,activation_variance,baseline,171,1.0124281644821167
FashionMNIST,small,43,10,a1,activation_variance,baseline,172,4.070855140686035
FashionMNIST,small,43,10,a1,activation_variance,baseline,173,1.799375295639038
FashionMNIST,small,43,10,a1,activation_variance,baseline,174,2.55997896194458
FashionMNIST,small,43,10,a1,activation_variance,baseline,175,1.5264604091644287
FashionMNIST,small,43,10,a1,activation_variance,baseline,176,2.409430635452736e-06
FashionMNIST,small,43,10,a1,activation_variance,baseline,177,0.2474643439054489
FashionMNIST,small,43,10,a1,activation_variance,baseline,178,1.7947673797607422
FashionMNIST,small,43,10,a1,activation_variance,baseline,179,0.38107210397720337
FashionMNIST,small,43,10,a1,activation_variance,baseline,180,1.1796996593475342
FashionMNIST,small,43,10,a1,activation_variance,baseline,181,0.9782754182815552
FashionMNIST,small,43,10,a1,activation_variance,baseline,182,0.31003352999687195
FashionMNIST,small,43,10,a1,activation_variance,baseline,183,0.6369625329971313
FashionMNIST,small,43,10,a1,activation_variance,baseline,184,6.638121604919434
FashionMNIST,small,43,10,a1,activation_variance,baseline,185,2.794694423675537
FashionMNIST,small,43,10,a1,activation_variance,baseline,186,1.9640495777130127
FashionMNIST,small,43,10,a1,activation_variance,baseline,187,3.2282824516296387
FashionMNIST,small,43,10,a1,activation_variance,baseline,188,3.3352484703063965
FashionMNIST,small,43,10,a1,activation_variance,baseline,189,2.0222532749176025
FashionMNIST,small,43,10,a1,activation_variance,baseline,190,2.834526538848877
FashionMNIST,small,43,10,a1,activation_variance,baseline,191,2.0600266456604004
FashionMNIST,small,43,10,a1,activation_variance,baseline,192,4.660199165344238
FashionMNIST,small,43,10,a1,activation_variance,baseline,193,0.43433573842048645
FashionMNIST,small,43,10,a1,activation_variance,baseline,194,1.6497374773025513
FashionMNIST,small,43,10,a1,activation_variance,baseline,195,4.749261379241943
FashionMNIST,small,43,10,a1,activation_variance,baseline,196,0.9649950861930847
FashionMNIST,small,43,10,a1,activation_variance,baseline,197,0.19440092146396637
FashionMNIST,small,43,10,a1,activation_variance,baseline,198,0.6609588861465454
FashionMNIST,small,43,10,a1,activation_variance,baseline,199,1.722236156463623
FashionMNIST,small,43,10,a1,activation_variance,baseline,200,2.737947702407837
FashionMNIST,small,43,10,a1,activation_variance,baseline,201,10.18035888671875
FashionMNIST,small,43,10,a1,activation_variance,baseline,202,0.12592999637126923
FashionMNIST,small,43,10,a1,activation_variance,baseline,203,2.5267319679260254
FashionMNIST,small,43,10,a1,activation_variance,baseline,204,1.0286000967025757
FashionMNIST,small,43,10,a1,activation_variance,baseline,205,1.630051612854004
FashionMNIST,small,43,10,a1,activation_variance,baseline,206,3.723633289337158
FashionMNIST,small,43,10,a1,activation_variance,baseline,207,1.0838971138000488
FashionMNIST,small,43,10,a1,activation_variance,baseline,208,2.0073699951171875
FashionMNIST,small,43,10,a1,activation_variance,baseline,209,0.5529283285140991
FashionMNIST,small,43,10,a1,activation_variance,baseline,210,0.8540048003196716
FashionMNIST,small,43,10,a1,activation_variance,baseline,211,0.25773388147354126
FashionMNIST,small,43,10,a1,activation_variance,baseline,212,2.7829689979553223
FashionMNIST,small,43,10,a1,activation_variance,baseline,213,0.31505775451660156
FashionMNIST,small,43,10,a1,activation_variance,baseline,214,2.8864047527313232
FashionMNIST,small,43,10,a1,activation_variance,baseline,215,3.124746799468994
FashionMNIST,small,43,10,a1,activation_variance,baseline,216,0.34912097454071045
FashionMNIST,small,43,10,a1,activation_variance,baseline,217,5.568779468536377
FashionMNIST,small,43,10,a1,activation_variance,baseline,218,1.3173000812530518
FashionMNIST,small,43,10,a1,activation_variance,baseline,219,3.6523537635803223
FashionMNIST,small,43,10,a1,activation_variance,baseline,220,0.49456289410591125
FashionMNIST,small,43,10,a1,activation_variance,baseline,221,0.6050681471824646
FashionMNIST,small,43,10,a1,activation_variance,baseline,222,1.6601780652999878
FashionMNIST,small,43,10,a1,activation_variance,baseline,223,5.112307071685791
FashionMNIST,small,43,10,a1,activation_variance,baseline,224,0.8960111141204834
FashionMNIST,small,43,10,a1,activation_variance,baseline,225,1.462357521057129
FashionMNIST,small,43,10,a1,activation_variance,baseline,226,2.969606399536133
FashionMNIST,small,43,10,a1,activation_variance,baseline,227,2.072619915008545
FashionMNIST,small,43,10,a1,activation_variance,baseline,228,2.329171657562256
FashionMNIST,small,43,10,a1,activation_variance,baseline,229,4.106914520263672
FashionMNIST,small,43,10,a1,activation_variance,baseline,230,2.9580211639404297
FashionMNIST,small,43,10,a1,activation_variance,baseline,231,2.852691173553467
FashionMNIST,small,43,10,a1,activation_variance,baseline,232,2.532649517059326
FashionMNIST,small,43,10,a1,activation_variance,baseline,233,0.5012753009796143
FashionMNIST,small,43,10,a1,activation_variance,baseline,234,1.0524046421051025
FashionMNIST,small,43,10,a1,activation_variance,baseline,235,0.09563449025154114
FashionMNIST,small,43,10,a1,activation_variance,baseline,236,0.32082095742225647
FashionMNIST,small,43,10,a1,activation_variance,baseline,237,0.5625998377799988
FashionMNIST,small,43,10,a1,activation_variance,baseline,238,1.3268160820007324
FashionMNIST,small,43,10,a1,activation_variance,baseline,239,2.122851848602295
FashionMNIST,small,43,10,a1,activation_variance,baseline,240,2.9116268157958984
FashionMNIST,small,43,10,a1,activation_variance,baseline,241,2.1566269397735596
FashionMNIST,small,43,10,a1,activation_variance,baseline,242,0.8479998111724854
FashionMNIST,small,43,10,a1,activation_variance,baseline,243,0.38660821318626404
FashionMNIST,small,43,10,a1,activation_variance,baseline,244,3.0260841846466064
FashionMNIST,small,43,10,a1,activation_variance,baseline,245,1.5482425689697266
FashionMNIST,small,43,10,a1,activation_variance,baseline,246,0.3951215147972107
FashionMNIST,small,43,10,a1,activation_variance,baseline,247,3.5251662731170654
FashionMNIST,small,43,10,a1,activation_variance,baseline,248,0.9245261549949646
FashionMNIST,small,43,10,a1,activation_variance,baseline,249,7.581973552703857
FashionMNIST,small,43,10,a1,activation_variance,baseline,250,0.7039787173271179
FashionMNIST,small,43,10,a1,activation_variance,baseline,251,3.257171630859375
FashionMNIST,small,43,10,a1,activation_variance,baseline,252,0.10024693608283997
FashionMNIST,small,43,10,a1,activation_variance,baseline,253,2.9634580612182617
FashionMNIST,small,43,10,a1,activation_variance,baseline,254,0.2824530601501465
FashionMNIST,small,43,10,a1,activation_variance,baseline,255,1.9424755573272705
FashionMNIST,small,43,10,a2,activation_variance,baseline,0,0.42811182141304016
FashionMNIST,small,43,10,a2,activation_variance,baseline,1,4.614649772644043
FashionMNIST,small,43,10,a2,activation_variance,baseline,2,4.017712593078613
FashionMNIST,small,43,10,a2,activation_variance,baseline,3,2.778399705886841
FashionMNIST,small,43,10,a2,activation_variance,baseline,4,0.6108651757240295
FashionMNIST,small,43,10,a2,activation_variance,baseline,5,6.7158989906311035
FashionMNIST,small,43,10,a2,activation_variance,baseline,6,3.1960086822509766
FashionMNIST,small,43,10,a2,activation_variance,baseline,7,2.972540855407715
FashionMNIST,small,43,10,a2,activation_variance,baseline,8,7.70134973526001
FashionMNIST,small,43,10,a2,activation_variance,baseline,9,0.7645203471183777
FashionMNIST,small,43,10,a2,activation_variance,baseline,10,2.2411279678344727
FashionMNIST,small,43,10,a2,activation_variance,baseline,11,4.962002754211426
FashionMNIST,small,43,10,a2,activation_variance,baseline,12,2.3408942222595215
FashionMNIST,small,43,10,a2,activation_variance,baseline,13,3.664313554763794
FashionMNIST,small,43,10,a2,activation_variance,baseline,14,0.6138429045677185
FashionMNIST,small,43,10,a2,activation_variance,baseline,15,2.3545448780059814
FashionMNIST,small,43,10,a2,activation_variance,baseline,16,5.321988105773926
FashionMNIST,small,43,10,a2,activation_variance,baseline,17,5.94196081161499
FashionMNIST,small,43,10,a2,activation_variance,baseline,18,1.348880648612976
FashionMNIST,small,43,10,a2,activation_variance,baseline,19,5.982943534851074
FashionMNIST,small,43,10,a2,activation_variance,baseline,20,1.8683323860168457
FashionMNIST,small,43,10,a2,activation_variance,baseline,21,2.5689139366149902
FashionMNIST,small,43,10,a2,activation_variance,baseline,22,1.4988306760787964
FashionMNIST,small,43,10,a2,activation_variance,baseline,23,2.040548324584961
FashionMNIST,small,43,10,a2,activation_variance,baseline,24,8.875967979431152
FashionMNIST,small,43,10,a2,activation_variance,baseline,25,1.0112309455871582
FashionMNIST,small,43,10,a2,activation_variance,baseline,26,4.390676021575928
FashionMNIST,small,43,10,a2,activation_variance,baseline,27,2.0060901641845703
FashionMNIST,small,43,10,a2,activation_variance,baseline,28,1.546089768409729
FashionMNIST,small,43,10,a2,activation_variance,baseline,29,0.5201247930526733
FashionMNIST,small,43,10,a2,activation_variance,baseline,30,0.001566327759064734
FashionMNIST,small,43,10,a2,activation_variance,baseline,31,10.635233879089355
FashionMNIST,small,43,10,a2,activation_variance,baseline,32,1.6382379531860352
FashionMNIST,small,43,10,a2,activation_variance,baseline,33,5.959044933319092
FashionMNIST,small,43,10,a2,activation_variance,baseline,34,1.640511393547058
FashionMNIST,small,43,10,a2,activation_variance,baseline,35,0.8325581550598145
FashionMNIST,small,43,10,a2,activation_variance,baseline,36,2.4765329360961914
FashionMNIST,small,43,10,a2,activation_variance,baseline,37,1.3350093364715576
FashionMNIST,small,43,10,a2,activation_variance,baseline,38,27.410846710205078
FashionMNIST,small,43,10,a2,activation_variance,baseline,39,3.184096574783325
FashionMNIST,small,43,10,a2,activation_variance,baseline,40,1.9243102073669434
FashionMNIST,small,43,10,a2,activation_variance,baseline,41,0.8607758283615112
FashionMNIST,small,43,10,a2,activation_variance,baseline,42,1.9083176851272583
FashionMNIST,small,43,10,a2,activation_variance,baseline,43,1.401759147644043
FashionMNIST,small,43,10,a2,activation_variance,baseline,44,4.742394924163818
FashionMNIST,small,43,10,a2,activation_variance,baseline,45,2.2914481163024902
FashionMNIST,small,43,10,a2,activation_variance,baseline,46,6.1319260597229
FashionMNIST,small,43,10,a2,activation_variance,baseline,47,1.6056663990020752
FashionMNIST,small,43,10,a2,activation_variance,baseline,48,2.087256908416748
FashionMNIST,small,43,10,a2,activation_variance,baseline,49,5.676463603973389
FashionMNIST,small,43,10,a2,activation_variance,baseline,50,4.190636157989502
FashionMNIST,small,43,10,a2,activation_variance,baseline,51,3.887420654296875
FashionMNIST,small,43,10,a2,activation_variance,baseline,52,10.880751609802246
FashionMNIST,small,43,10,a2,activation_variance,baseline,53,2.2322607040405273
FashionMNIST,small,43,10,a2,activation_variance,baseline,54,6.277643203735352
FashionMNIST,small,43,10,a2,activation_variance,baseline,55,2.981861114501953
FashionMNIST,small,43,10,a2,activation_variance,baseline,56,0.012910127639770508
FashionMNIST,small,43,10,a2,activation_variance,baseline,57,3.8891592025756836
FashionMNIST,small,43,10,a2,activation_variance,baseline,58,3.359492301940918
FashionMNIST,small,43,10,a2,activation_variance,baseline,59,4.191935062408447
FashionMNIST,small,43,10,a2,activation_variance,baseline,60,1.3890211582183838
FashionMNIST,small,43,10,a2,activation_variance,baseline,61,1.5548999309539795
FashionMNIST,small,43,10,a2,activation_variance,baseline,62,2.6000006198883057
FashionMNIST,small,43,10,a2,activation_variance,baseline,63,3.2549948692321777
FashionMNIST,small,43,10,a2,activation_variance,baseline,64,7.6236982345581055
FashionMNIST,small,43,10,a2,activation_variance,baseline,65,3.657672882080078
FashionMNIST,small,43,10,a2,activation_variance,baseline,66,3.0475964546203613
FashionMNIST,small,43,10,a2,activation_variance,baseline,67,4.754212856292725
FashionMNIST,small,43,10,a2,activation_variance,baseline,68,3.235239028930664
FashionMNIST,small,43,10,a2,activation_variance,baseline,69,3.579810619354248
FashionMNIST,small,43,10,a2,activation_variance,baseline,70,7.143777847290039
FashionMNIST,small,43,10,a2,activation_variance,baseline,71,2.300539493560791
FashionMNIST,small,43,10,a2,activation_variance,baseline,72,2.087254762649536
FashionMNIST,small,43,10,a2,activation_variance,baseline,73,9.55461311340332
FashionMNIST,small,43,10,a2,activation_variance,baseline,74,0.4949163496494293
FashionMNIST,small,43,10,a2,activation_variance,baseline,75,2.13924503326416
FashionMNIST,small,43,10,a2,activation_variance,baseline,76,3.0887556076049805
FashionMNIST,small,43,10,a2,activation_variance,baseline,77,5.259366989135742
FashionMNIST,small,43,10,a2,activation_variance,baseline,78,5.298854351043701
FashionMNIST,small,43,10,a2,activation_variance,baseline,79,1.4317139387130737
FashionMNIST,small,43,10,a2,activation_variance,baseline,80,13.732677459716797
FashionMNIST,small,43,10,a2,activation_variance,baseline,81,3.071166515350342
FashionMNIST,small,43,10,a2,activation_variance,baseline,82,6.125212669372559
FashionMNIST,small,43,10,a2,activation_variance,baseline,83,4.519146919250488
FashionMNIST,small,43,10,a2,activation_variance,baseline,84,4.919494152069092
FashionMNIST,small,43,10,a2,activation_variance,baseline,85,3.5718014240264893
FashionMNIST,small,43,10,a2,activation_variance,baseline,86,7.310523986816406
FashionMNIST,small,43,10,a2,activation_variance,baseline,87,10.059320449829102
FashionMNIST,small,43,10,a2,activation_variance,baseline,88,3.396733283996582
FashionMNIST,small,43,10,a2,activation_variance,baseline,89,5.856057167053223
FashionMNIST,small,43,10,a2,activation_variance,baseline,90,3.2524051666259766
FashionMNIST,small,43,10,a2,activation_variance,baseline,91,1.5059001445770264
FashionMNIST,small,43,10,a2,activation_variance,baseline,92,7.068264484405518
FashionMNIST,small,43,10,a2,activation_variance,baseline,93,8.2232666015625
FashionMNIST,small,43,10,a2,activation_variance,baseline,94,1.3819425106048584
FashionMNIST,small,43,10,a2,activation_variance,baseline,95,7.834890365600586
FashionMNIST,small,43,10,a2,activation_variance,baseline,96,1.3124140501022339
FashionMNIST,small,43,10,a2,activation_variance,baseline,97,6.057113170623779
FashionMNIST,small,43,10,a2,activation_variance,baseline,98,1.85558021068573
FashionMNIST,small,43,10,a2,activation_variance,baseline,99,9.150101661682129
FashionMNIST,small,43,10,a2,activation_variance,baseline,100,5.13920783996582
FashionMNIST,small,43,10,a2,activation_variance,baseline,101,4.856394290924072
FashionMNIST,small,43,10,a2,activation_variance,baseline,102,15.2791748046875
FashionMNIST,small,43,10,a2,activation_variance,baseline,103,7.576605796813965
FashionMNIST,small,43,10,a2,activation_variance,baseline,104,1.4582912921905518
FashionMNIST,small,43,10,a2,activation_variance,baseline,105,2.7425918579101562
FashionMNIST,small,43,10,a2,activation_variance,baseline,106,2.6156909465789795
FashionMNIST,small,43,10,a2,activation_variance,baseline,107,6.157773017883301
FashionMNIST,small,43,10,a2,activation_variance,baseline,108,2.360719680786133
FashionMNIST,small,43,10,a2,activation_variance,baseline,109,2.649293899536133
FashionMNIST,small,43,10,a2,activation_variance,baseline,110,3.7232441902160645
FashionMNIST,small,43,10,a2,activation_variance,baseline,111,6.068107604980469
FashionMNIST,small,43,10,a2,activation_variance,baseline,112,2.4263811111450195
FashionMNIST,small,43,10,a2,activation_variance,baseline,113,3.9259111881256104
FashionMNIST,small,43,10,a2,activation_variance,baseline,114,0.03124801255762577
FashionMNIST,small,43,10,a2,activation_variance,baseline,115,2.357261896133423
FashionMNIST,small,43,10,a2,activation_variance,baseline,116,3.559779405593872
FashionMNIST,small,43,10,a2,activation_variance,baseline,117,17.128009796142578
FashionMNIST,small,43,10,a2,activation_variance,baseline,118,0.7214816212654114
FashionMNIST,small,43,10,a2,activation_variance,baseline,119,1.745514154434204
FashionMNIST,small,43,10,a2,activation_variance,baseline,120,13.849337577819824
FashionMNIST,small,43,10,a2,activation_variance,baseline,121,1.4455153942108154
FashionMNIST,small,43,10,a2,activation_variance,baseline,122,1.7100274562835693
FashionMNIST,small,43,10,a2,activation_variance,baseline,123,8.62070083618164
FashionMNIST,small,43,10,a2,activation_variance,baseline,124,4.056105613708496
FashionMNIST,small,43,10,a2,activation_variance,baseline,125,1.2050626277923584
FashionMNIST,small,43,10,a2,activation_variance,baseline,126,0.0
FashionMNIST,small,43,10,a2,activation_variance,baseline,127,3.432511806488037
FashionMNIST,small,43,10,a1,class_selectivity,loss_free,0,2.5233373641967773
FashionMNIST,small,43,10,a1,class_selectivity,loss_free,1,0.14451110363006592
FashionMNIST,small,43,10,a1,class_selectivity,loss_free,2,0.8311362862586975
FashionMNIST,small,43,10,a1,class_selectivity,loss_free,3,2.537719964981079
FashionMNIST,small,43,10,a1,class_selectivity,loss_free,4,0.9839614629745483
FashionMNIST,small,43,10,a1,class_selectivity,loss_free,5,1.8327534198760986
FashionMNIST,small,43,10,a1,class_selectivity,loss_free,6,1.7223604917526245
FashionMNIST,small,43,10,a1,class_selectivity,loss_free,7,2.016517162322998
FashionMNIST,small,43,10,a1,class_selectivity,loss_free,8,1.2279086112976074
FashionMNIST,small,43,10,a1,class_selectivity,loss_free,9,3.220193862915039
FashionMNIST,small,43,10,a1,class_selectivity,loss_free,10,5.0774030685424805
FashionMNIST,small,43,10,a1,class_selectivity,loss_free,11,0.7425445318222046
FashionMNIST,small,43,10,a1,class_selectivity,loss_free,12,1.7405920028686523
FashionMNIST,small,43,10,a1,class_selectivity,loss_free,13,0.695020318031311
FashionMNIST,small,43,10,a1,class_selectivity,loss_free,14,2.5852537155151367
FashionMNIST,small,43,10,a1,class_selectivity,loss_free,15,1.4040753841400146
FashionMNIST,small,43,10,a1,class_selectivity,loss_free,16,4.411048889160156
FashionMNIST,small,43,10,a1,class_selectivity,loss_free,17,5.987796783447266
FashionMNIST,small,43,10,a1,class_selectivity,loss_free,18,0.8709974884986877
FashionMNIST,small,43,10,a1,class_selectivity,loss_free,19,2.010960817337036
FashionMNIST,small,43,10,a1,class_selectivity,loss_free,20,1.8246467113494873
FashionMNIST,small,43,10,a1,class_selectivity,loss_free,21,1.901451826095581
FashionMNIST,small,43,10,a1,class_selectivity,loss_free,22,1.3915128707885742
FashionMNIST,small,43,10,a1,class_selectivity,loss_free,23,2.409764528274536
FashionMNIST,small,43,10,a1,class_selectivity,loss_free,24,1.4476978778839111
FashionMNIST,small,43,10,a1,class_selectivity,loss_free,25,3.872896194458008
FashionMNIST,small,43,10,a1,class_selectivity,loss_free,26,0.5311096906661987
FashionMNIST,small,43,10,a1,class_selectivity,loss_free,27,3.962785243988037
FashionMNIST,small,43,10,a1,class_selectivity,loss_free,28,5.157290458679199
FashionMNIST,small,43,10,a1,class_selectivity,loss_free,29,0.3603595793247223
FashionMNIST,small,43,10,a1,class_selectivity,loss_free,30,0.5121811032295227
FashionMNIST,small,43,10,a1,class_selectivity,loss_free,31,2.545426845550537
FashionMNIST,small,43,10,a1,class_selectivity,loss_free,32,3.6752336025238037
FashionMNIST,small,43,10,a1,class_selectivity,loss_free,33,3.553950786590576
FashionMNIST,small,43,10,a1,class_selectivity,loss_free,34,1.8440736532211304
FashionMNIST,small,43,10,a1,class_selectivity,loss_free,35,1.71126389503479
FashionMNIST,small,43,10,a1,class_selectivity,loss_free,36,3.4607484340667725
FashionMNIST,small,43,10,a1,class_selectivity,loss_free,37,1.0294084548950195
FashionMNIST,small,43,10,a1,class_selectivity,loss_free,38,0.3255920708179474
FashionMNIST,small,43,10,a1,class_selectivity,loss_free,39,1.6545004844665527
FashionMNIST,small,43,10,a1,class_selectivity,loss_free,40,5.368635654449463
FashionMNIST,small,43,10,a1,class_selectivity,loss_free,41,0.8691608905792236
FashionMNIST,small,43,10,a1,class_selectivity,loss_free,42,1.7844492197036743
FashionMNIST,small,43,10,a1,class_selectivity,loss_free,43,1.6550734043121338
FashionMNIST,small,43,10,a1,class_selectivity,loss_free,44,1.7915496826171875
FashionMNIST,small,43,10,a1,class_selectivity,loss_free,45,2.392324686050415
FashionMNIST,small,43,10,a1,class_selectivity,loss_free,46,2.7502317428588867
FashionMNIST,small,43,10,a1,class_selectivity,loss_free,47,1.533928632736206
FashionMNIST,small,43,10,a1,class_selectivity,loss_free,48,4.00848388671875
FashionMNIST,small,43,10,a1,class_selectivity,loss_free,49,0.9356647729873657
FashionMNIST,small,43,10,a1,class_selectivity,loss_free,50,2.1111395359039307
FashionMNIST,small,43,10,a1,class_selectivity,loss_free,51,3.682215690612793
FashionMNIST,small,43,10,a1,class_selectivity,loss_free,52,0.340597003698349
FashionMNIST,small,43,10,a1,class_selectivity,loss_free,53,4.180773735046387
FashionMNIST,small,43,10,a1,class_selectivity,loss_free,54,0.29248183965682983
FashionMNIST,small,43,10,a1,class_selectivity,loss_free,55,0.4349997639656067
FashionMNIST,small,43,10,a1,class_selectivity,loss_free,56,2.029555082321167
FashionMNIST,small,43,10,a1,class_selectivity,loss_free,57,0.8246368169784546
FashionMNIST,small,43,10,a1,class_selectivity,loss_free,58,2.922536611557007
FashionMNIST,small,43,10,a1,class_selectivity,loss_free,59,0.0
FashionMNIST,small,43,10,a1,class_selectivity,loss_free,60,4.069864273071289
FashionMNIST,small,43,10,a1,class_selectivity,loss_free,61,1.0118931531906128
FashionMNIST,small,43,10,a1,class_selectivity,loss_free,62,1.3558645248413086
FashionMNIST,small,43,10,a1,class_selectivity,loss_free,63,0.4962017238140106
FashionMNIST,small,43,10,a1,class_selectivity,loss_free,64,5.778226852416992
FashionMNIST,small,43,10,a1,class_selectivity,loss_free,65,0.6628559827804565
FashionMNIST,small,43,10,a1,class_selectivity,loss_free,66,0.30245712399482727
FashionMNIST,small,43,10,a1,class_selectivity,loss_free,67,3.123418092727661
FashionMNIST,small,43,10,a1,class_selectivity,loss_free,68,3.367852210998535
FashionMNIST,small,43,10,a1,class_selectivity,loss_free,69,0.9284185767173767
FashionMNIST,small,43,10,a1,class_selectivity,loss_free,70,6.915838718414307
FashionMNIST,small,43,10,a1,class_selectivity,loss_free,71,5.269331455230713
FashionMNIST,small,43,10,a1,class_selectivity,loss_free,72,1.482974886894226
FashionMNIST,small,43,10,a1,class_selectivity,loss_free,73,2.7008275985717773
FashionMNIST,small,43,10,a1,class_selectivity,loss_free,74,0.2989921569824219
FashionMNIST,small,43,10,a1,class_selectivity,loss_free,75,4.756536483764648
FashionMNIST,small,43,10,a1,class_selectivity,loss_free,76,1.429978609085083
FashionMNIST,small,43,10,a1,class_selectivity,loss_free,77,2.7680037021636963
FashionMNIST,small,43,10,a1,class_selectivity,loss_free,78,2.643899917602539
FashionMNIST,small,43,10,a1,class_selectivity,loss_free,79,1.6832753419876099
FashionMNIST,small,43,10,a1,class_selectivity,loss_free,80,1.0942586660385132
FashionMNIST,small,43,10,a1,class_selectivity,loss_free,81,2.4703426361083984
FashionMNIST,small,43,10,a1,class_selectivity,loss_free,82,0.8780443668365479
FashionMNIST,small,43,10,a1,class_selectivity,loss_free,83,1.3443492650985718
FashionMNIST,small,43,10,a1,class_selectivity,loss_free,84,6.171196937561035
FashionMNIST,small,43,10,a1,class_selectivity,loss_free,85,0.7457795143127441
FashionMNIST,small,43,10,a1,class_selectivity,loss_free,86,2.9518351554870605
FashionMNIST,small,43,10,a1,class_selectivity,loss_free,87,1.5401289463043213
FashionMNIST,small,43,10,a1,class_selectivity,loss_free,88,1.486269474029541
FashionMNIST,small,43,10,a1,class_selectivity,loss_free,89,2.202120542526245
FashionMNIST,small,43,10,a1,class_selectivity,loss_free,90,0.3626064360141754
FashionMNIST,small,43,10,a1,class_selectivity,loss_free,91,0.5301757454872131
FashionMNIST,small,43,10,a1,class_selectivity,loss_free,92,1.7651557922363281
FashionMNIST,small,43,10,a1,class_selectivity,loss_free,93,0.5513563752174377
FashionMNIST,small,43,10,a1,class_selectivity,loss_free,94,2.6102614402770996
FashionMNIST,small,43,10,a1,class_selectivity,loss_free,95,1.0011701583862305
FashionMNIST,small,43,10,a1,class_selectivity,loss_free,96,3.7856526374816895
FashionMNIST,small,43,10,a1,class_selectivity,loss_free,97,0.41684895753860474
FashionMNIST,small,43,10,a1,class_selectivity,loss_free,98,2.369208812713623
FashionMNIST,small,43,10,a1,class_selectivity,loss_free,99,0.42192426323890686
FashionMNIST,small,43,10,a1,class_selectivity,loss_free,100,4.476044654846191
FashionMNIST,small,43,10,a1,class_selectivity,loss_free,101,1.344313383102417
FashionMNIST,small,43,10,a1,class_selectivity,loss_free,102,2.4007110595703125
FashionMNIST,small,43,10,a1,class_selectivity,loss_free,103,2.1028335094451904
FashionMNIST,small,43,10,a1,class_selectivity,loss_free,104,4.872417449951172
FashionMNIST,small,43,10,a1,class_selectivity,loss_free,105,3.057852268218994
FashionMNIST,small,43,10,a1,class_selectivity,loss_free,106,3.24324893951416
FashionMNIST,small,43,10,a1,class_selectivity,loss_free,107,0.6860581636428833
FashionMNIST,small,43,10,a1,class_selectivity,loss_free,108,1.2817803621292114
FashionMNIST,small,43,10,a1,class_selectivity,loss_free,109,0.1605413258075714
FashionMNIST,small,43,10,a1,class_selectivity,loss_free,110,6.2964653968811035
FashionMNIST,small,43,10,a1,class_selectivity,loss_free,111,2.376457691192627
FashionMNIST,small,43,10,a1,class_selectivity,loss_free,112,4.972677230834961
FashionMNIST,small,43,10,a1,class_selectivity,loss_free,113,0.6462200284004211
FashionMNIST,small,43,10,a1,class_selectivity,loss_free,114,1.1094380617141724
FashionMNIST,small,43,10,a1,class_selectivity,loss_free,115,1.4697954654693604
FashionMNIST,small,43,10,a1,class_selectivity,loss_free,116,2.629763126373291
FashionMNIST,small,43,10,a1,class_selectivity,loss_free,117,1.923816204071045
FashionMNIST,small,43,10,a1,class_selectivity,loss_free,118,3.778393507003784
FashionMNIST,small,43,10,a1,class_selectivity,loss_free,119,2.4508776664733887
FashionMNIST,small,43,10,a1,class_selectivity,loss_free,120,2.4862289428710938
FashionMNIST,small,43,10,a1,class_selectivity,loss_free,121,1.487483024597168
FashionMNIST,small,43,10,a1,class_selectivity,loss_free,122,1.3550808429718018
FashionMNIST,small,43,10,a1,class_selectivity,loss_free,123,0.9134541749954224
FashionMNIST,small,43,10,a1,class_selectivity,loss_free,124,2.064492702484131
FashionMNIST,small,43,10,a1,class_selectivity,loss_free,125,0.9504128694534302
FashionMNIST,small,43,10,a1,class_selectivity,loss_free,126,1.0534512996673584
FashionMNIST,small,43,10,a1,class_selectivity,loss_free,127,6.3437089920043945
FashionMNIST,small,43,10,a1,class_selectivity,loss_free,128,1.1135497093200684
FashionMNIST,small,43,10,a1,class_selectivity,loss_free,129,3.8035032749176025
FashionMNIST,small,43,10,a1,class_selectivity,loss_free,130,3.0897929668426514
FashionMNIST,small,43,10,a1,class_selectivity,loss_free,131,3.813443422317505
FashionMNIST,small,43,10,a1,class_selectivity,loss_free,132,1.1094424724578857
FashionMNIST,small,43,10,a1,class_selectivity,loss_free,133,1.3349542617797852
FashionMNIST,small,43,10,a1,class_selectivity,loss_free,134,5.998344421386719
FashionMNIST,small,43,10,a1,class_selectivity,loss_free,135,2.81868314743042
FashionMNIST,small,43,10,a1,class_selectivity,loss_free,136,1.1712974309921265
FashionMNIST,small,43,10,a1,class_selectivity,loss_free,137,2.776388645172119
FashionMNIST,small,43,10,a1,class_selectivity,loss_free,138,1.0295333862304688
FashionMNIST,small,43,10,a1,class_selectivity,loss_free,139,2.908121347427368
FashionMNIST,small,43,10,a1,class_selectivity,loss_free,140,0.8124567866325378
FashionMNIST,small,43,10,a1,class_selectivity,loss_free,141,1.2911827564239502
FashionMNIST,small,43,10,a1,class_selectivity,loss_free,142,2.561203718185425
FashionMNIST,small,43,10,a1,class_selectivity,loss_free,143,3.3705081939697266
FashionMNIST,small,43,10,a1,class_selectivity,loss_free,144,0.39802050590515137
FashionMNIST,small,43,10,a1,class_selectivity,loss_free,145,1.0251460075378418
FashionMNIST,small,43,10,a1,class_selectivity,loss_free,146,1.0414960384368896
FashionMNIST,small,43,10,a1,class_selectivity,loss_free,147,2.307875394821167
FashionMNIST,small,43,10,a1,class_selectivity,loss_free,148,1.690686821937561
FashionMNIST,small,43,10,a1,class_selectivity,loss_free,149,0.9228869676589966
FashionMNIST,small,43,10,a1,class_selectivity,loss_free,150,7.4463043212890625
FashionMNIST,small,43,10,a1,class_selectivity,loss_free,151,1.7126362323760986
FashionMNIST,small,43,10,a1,class_selectivity,loss_free,152,1.6629551649093628
FashionMNIST,small,43,10,a1,class_selectivity,loss_free,153,1.5806632041931152
FashionMNIST,small,43,10,a1,class_selectivity,loss_free,154,1.3387417793273926
FashionMNIST,small,43,10,a1,class_selectivity,loss_free,155,1.033294677734375
FashionMNIST,small,43,10,a1,class_selectivity,loss_free,156,2.374594211578369
FashionMNIST,small,43,10,a1,class_selectivity,loss_free,157,0.5041860938072205
FashionMNIST,small,43,10,a1,class_selectivity,loss_free,158,1.4137613773345947
FashionMNIST,small,43,10,a1,class_selectivity,loss_free,159,3.387920379638672
FashionMNIST,small,43,10,a1,class_selectivity,loss_free,160,1.9361923933029175
FashionMNIST,small,43,10,a1,class_selectivity,loss_free,161,0.7001184821128845
FashionMNIST,small,43,10,a1,class_selectivity,loss_free,162,3.9968106746673584
FashionMNIST,small,43,10,a1,class_selectivity,loss_free,163,1.7824935913085938
FashionMNIST,small,43,10,a1,class_selectivity,loss_free,164,1.1337388753890991
FashionMNIST,small,43,10,a1,class_selectivity,loss_free,165,0.5425348281860352
FashionMNIST,small,43,10,a1,class_selectivity,loss_free,166,1.9069709777832031
FashionMNIST,small,43,10,a1,class_selectivity,loss_free,167,0.982905387878418
FashionMNIST,small,43,10,a1,class_selectivity,loss_free,168,1.5991657972335815
FashionMNIST,small,43,10,a1,class_selectivity,loss_free,169,0.362229585647583
FashionMNIST,small,43,10,a1,class_selectivity,loss_free,170,4.675757884979248
FashionMNIST,small,43,10,a1,class_selectivity,loss_free,171,1.3655800819396973
FashionMNIST,small,43,10,a1,class_selectivity,loss_free,172,4.671507835388184
FashionMNIST,small,43,10,a1,class_selectivity,loss_free,173,2.199744939804077
FashionMNIST,small,43,10,a1,class_selectivity,loss_free,174,1.945751428604126
FashionMNIST,small,43,10,a1,class_selectivity,loss_free,175,2.0261642932891846
FashionMNIST,small,43,10,a1,class_selectivity,loss_free,176,0.0002954996598418802
FashionMNIST,small,43,10,a1,class_selectivity,loss_free,177,0.8956654071807861
FashionMNIST,small,43,10,a1,class_selectivity,loss_free,178,1.4605480432510376
FashionMNIST,small,43,10,a1,class_selectivity,loss_free,179,0.7339439392089844
FashionMNIST,small,43,10,a1,class_selectivity,loss_free,180,2.212116241455078
FashionMNIST,small,43,10,a1,class_selectivity,loss_free,181,0.7682275772094727
FashionMNIST,small,43,10,a1,class_selectivity,loss_free,182,0.6717005968093872
FashionMNIST,small,43,10,a1,class_selectivity,loss_free,183,0.8715843558311462
FashionMNIST,small,43,10,a1,class_selectivity,loss_free,184,5.038302421569824
FashionMNIST,small,43,10,a1,class_selectivity,loss_free,185,2.5189359188079834
FashionMNIST,small,43,10,a1,class_selectivity,loss_free,186,0.9255272150039673
FashionMNIST,small,43,10,a1,class_selectivity,loss_free,187,1.4996778964996338
FashionMNIST,small,43,10,a1,class_selectivity,loss_free,188,2.7878668308258057
FashionMNIST,small,43,10,a1,class_selectivity,loss_free,189,2.0072333812713623
FashionMNIST,small,43,10,a1,class_selectivity,loss_free,190,3.1682872772216797
FashionMNIST,small,43,10,a1,class_selectivity,loss_free,191,2.181368827819824
FashionMNIST,small,43,10,a1,class_selectivity,loss_free,192,5.243505477905273
FashionMNIST,small,43,10,a1,class_selectivity,loss_free,193,0.5201915502548218
FashionMNIST,small,43,10,a1,class_selectivity,loss_free,194,1.078474998474121
FashionMNIST,small,43,10,a1,class_selectivity,loss_free,195,3.443912982940674
FashionMNIST,small,43,10,a1,class_selectivity,loss_free,196,1.981627345085144
FashionMNIST,small,43,10,a1,class_selectivity,loss_free,197,0.5275793671607971
FashionMNIST,small,43,10,a1,class_selectivity,loss_free,198,2.022888660430908
FashionMNIST,small,43,10,a1,class_selectivity,loss_free,199,1.0983878374099731
FashionMNIST,small,43,10,a1,class_selectivity,loss_free,200,1.4452447891235352
FashionMNIST,small,43,10,a1,class_selectivity,loss_free,201,8.35959243774414
FashionMNIST,small,43,10,a1,class_selectivity,loss_free,202,0.10077475011348724
FashionMNIST,small,43,10,a1,class_selectivity,loss_free,203,2.577583074569702
FashionMNIST,small,43,10,a1,class_selectivity,loss_free,204,0.7969983816146851
FashionMNIST,small,43,10,a1,class_selectivity,loss_free,205,1.585303544998169
FashionMNIST,small,43,10,a1,class_selectivity,loss_free,206,3.0589346885681152
FashionMNIST,small,43,10,a1,class_selectivity,loss_free,207,1.3503501415252686
FashionMNIST,small,43,10,a1,class_selectivity,loss_free,208,1.7597280740737915
FashionMNIST,small,43,10,a1,class_selectivity,loss_free,209,0.7730078101158142
FashionMNIST,small,43,10,a1,class_selectivity,loss_free,210,0.5609660744667053
FashionMNIST,small,43,10,a1,class_selectivity,loss_free,211,0.335721492767334
FashionMNIST,small,43,10,a1,class_selectivity,loss_free,212,1.8850698471069336
FashionMNIST,small,43,10,a1,class_selectivity,loss_free,213,0.554369330406189
FashionMNIST,small,43,10,a1,class_selectivity,loss_free,214,1.519222617149353
FashionMNIST,small,43,10,a1,class_selectivity,loss_free,215,2.2172343730926514
FashionMNIST,small,43,10,a1,class_selectivity,loss_free,216,0.38392937183380127
FashionMNIST,small,43,10,a1,class_selectivity,loss_free,217,4.939042091369629
FashionMNIST,small,43,10,a1,class_selectivity,loss_free,218,1.4722251892089844
FashionMNIST,small,43,10,a1,class_selectivity,loss_free,219,3.1799874305725098
FashionMNIST,small,43,10,a1,class_selectivity,loss_free,220,0.743425726890564
FashionMNIST,small,43,10,a1,class_selectivity,loss_free,221,0.5622841119766235
FashionMNIST,small,43,10,a1,class_selectivity,loss_free,222,2.8554086685180664
FashionMNIST,small,43,10,a1,class_selectivity,loss_free,223,5.883659362792969
FashionMNIST,small,43,10,a1,class_selectivity,loss_free,224,1.2845325469970703
FashionMNIST,small,43,10,a1,class_selectivity,loss_free,225,2.213557004928589
FashionMNIST,small,43,10,a1,class_selectivity,loss_free,226,2.8313915729522705
FashionMNIST,small,43,10,a1,class_selectivity,loss_free,227,1.9135761260986328
FashionMNIST,small,43,10,a1,class_selectivity,loss_free,228,1.2822357416152954
FashionMNIST,small,43,10,a1,class_selectivity,loss_free,229,3.6892096996307373
FashionMNIST,small,43,10,a1,class_selectivity,loss_free,230,2.222778081893921
FashionMNIST,small,43,10,a1,class_selectivity,loss_free,231,3.6802220344543457
FashionMNIST,small,43,10,a1,class_selectivity,loss_free,232,1.2282930612564087
FashionMNIST,small,43,10,a1,class_selectivity,loss_free,233,1.479975700378418
FashionMNIST,small,43,10,a1,class_selectivity,loss_free,234,1.5568920373916626
FashionMNIST,small,43,10,a1,class_selectivity,loss_free,235,0.24963337182998657
FashionMNIST,small,43,10,a1,class_selectivity,loss_free,236,0.42138242721557617
FashionMNIST,small,43,10,a1,class_selectivity,loss_free,237,1.0630680322647095
FashionMNIST,small,43,10,a1,class_selectivity,loss_free,238,1.278254747390747
FashionMNIST,small,43,10,a1,class_selectivity,loss_free,239,2.2832140922546387
FashionMNIST,small,43,10,a1,class_selectivity,loss_free,240,4.200053691864014
FashionMNIST,small,43,10,a1,class_selectivity,loss_free,241,2.3846890926361084
FashionMNIST,small,43,10,a1,class_selectivity,loss_free,242,1.1122677326202393
FashionMNIST,small,43,10,a1,class_selectivity,loss_free,243,0.47341784834861755
FashionMNIST,small,43,10,a1,class_selectivity,loss_free,244,2.900019645690918
FashionMNIST,small,43,10,a1,class_selectivity,loss_free,245,1.7567963600158691
FashionMNIST,small,43,10,a1,class_selectivity,loss_free,246,0.6395827531814575
FashionMNIST,small,43,10,a1,class_selectivity,loss_free,247,1.530693531036377
FashionMNIST,small,43,10,a1,class_selectivity,loss_free,248,1.7663596868515015
FashionMNIST,small,43,10,a1,class_selectivity,loss_free,249,3.615818500518799
FashionMNIST,small,43,10,a1,class_selectivity,loss_free,250,1.3186153173446655
FashionMNIST,small,43,10,a1,class_selectivity,loss_free,251,1.8268675804138184
FashionMNIST,small,43,10,a1,class_selectivity,loss_free,252,0.11501715332269669
FashionMNIST,small,43,10,a1,class_selectivity,loss_free,253,2.4876909255981445
FashionMNIST,small,43,10,a1,class_selectivity,loss_free,254,0.1582958698272705
FashionMNIST,small,43,10,a1,class_selectivity,loss_free,255,2.1428382396698
FashionMNIST,small,43,10,a2,class_selectivity,loss_free,0,0.96234530210495
FashionMNIST,small,43,10,a2,class_selectivity,loss_free,1,4.601578712463379
FashionMNIST,small,43,10,a2,class_selectivity,loss_free,2,2.230895519256592
FashionMNIST,small,43,10,a2,class_selectivity,loss_free,3,3.479773759841919
FashionMNIST,small,43,10,a2,class_selectivity,loss_free,4,1.552504062652588
FashionMNIST,small,43,10,a2,class_selectivity,loss_free,5,4.377516269683838
FashionMNIST,small,43,10,a2,class_selectivity,loss_free,6,2.7890429496765137
FashionMNIST,small,43,10,a2,class_selectivity,loss_free,7,2.9060001373291016
FashionMNIST,small,43,10,a2,class_selectivity,loss_free,8,3.5396790504455566
FashionMNIST,small,43,10,a2,class_selectivity,loss_free,9,1.8253552913665771
FashionMNIST,small,43,10,a2,class_selectivity,loss_free,10,3.21439790725708
FashionMNIST,small,43,10,a2,class_selectivity,loss_free,11,2.0247836112976074
FashionMNIST,small,43,10,a2,class_selectivity,loss_free,12,3.202488422393799
FashionMNIST,small,43,10,a2,class_selectivity,loss_free,13,2.993932008743286
FashionMNIST,small,43,10,a2,class_selectivity,loss_free,14,0.9671893119812012
FashionMNIST,small,43,10,a2,class_selectivity,loss_free,15,2.785277843475342
FashionMNIST,small,43,10,a2,class_selectivity,loss_free,16,3.213008403778076
FashionMNIST,small,43,10,a2,class_selectivity,loss_free,17,2.7511184215545654
FashionMNIST,small,43,10,a2,class_selectivity,loss_free,18,1.129276990890503
FashionMNIST,small,43,10,a2,class_selectivity,loss_free,19,4.833657264709473
FashionMNIST,small,43,10,a2,class_selectivity,loss_free,20,1.8937798738479614
FashionMNIST,small,43,10,a2,class_selectivity,loss_free,21,3.313410997390747
FashionMNIST,small,43,10,a2,class_selectivity,loss_free,22,1.9991779327392578
FashionMNIST,small,43,10,a2,class_selectivity,loss_free,23,2.026170015335083
FashionMNIST,small,43,10,a2,class_selectivity,loss_free,24,8.20185661315918
FashionMNIST,small,43,10,a2,class_selectivity,loss_free,25,1.543080449104309
FashionMNIST,small,43,10,a2,class_selectivity,loss_free,26,4.046713829040527
FashionMNIST,small,43,10,a2,class_selectivity,loss_free,27,2.51772141456604
FashionMNIST,small,43,10,a2,class_selectivity,loss_free,28,1.6616464853286743
FashionMNIST,small,43,10,a2,class_selectivity,loss_free,29,1.3533143997192383
FashionMNIST,small,43,10,a2,class_selectivity,loss_free,30,0.018177613615989685
FashionMNIST,small,43,10,a2,class_selectivity,loss_free,31,5.123130798339844
FashionMNIST,small,43,10,a2,class_selectivity,loss_free,32,2.08164644241333
FashionMNIST,small,43,10,a2,class_selectivity,loss_free,33,4.691376686096191
FashionMNIST,small,43,10,a2,class_selectivity,loss_free,34,2.934685707092285
FashionMNIST,small,43,10,a2,class_selectivity,loss_free,35,1.3497676849365234
FashionMNIST,small,43,10,a2,class_selectivity,loss_free,36,2.132150650024414
FashionMNIST,small,43,10,a2,class_selectivity,loss_free,37,1.4071155786514282
FashionMNIST,small,43,10,a2,class_selectivity,loss_free,38,10.792423248291016
FashionMNIST,small,43,10,a2,class_selectivity,loss_free,39,2.535749673843384
FashionMNIST,small,43,10,a2,class_selectivity,loss_free,40,1.931208848953247
FashionMNIST,small,43,10,a2,class_selectivity,loss_free,41,1.6752104759216309
FashionMNIST,small,43,10,a2,class_selectivity,loss_free,42,2.2743728160858154
FashionMNIST,small,43,10,a2,class_selectivity,loss_free,43,2.250847816467285
FashionMNIST,small,43,10,a2,class_selectivity,loss_free,44,3.7767882347106934
FashionMNIST,small,43,10,a2,class_selectivity,loss_free,45,2.1949782371520996
FashionMNIST,small,43,10,a2,class_selectivity,loss_free,46,4.372278213500977
FashionMNIST,small,43,10,a2,class_selectivity,loss_free,47,1.4753652811050415
FashionMNIST,small,43,10,a2,class_selectivity,loss_free,48,1.8217452764511108
FashionMNIST,small,43,10,a2,class_selectivity,loss_free,49,4.60416316986084
FashionMNIST,small,43,10,a2,class_selectivity,loss_free,50,3.1326451301574707
FashionMNIST,small,43,10,a2,class_selectivity,loss_free,51,4.269647598266602
FashionMNIST,small,43,10,a2,class_selectivity,loss_free,52,7.99854850769043
FashionMNIST,small,43,10,a2,class_selectivity,loss_free,53,2.8320188522338867
FashionMNIST,small,43,10,a2,class_selectivity,loss_free,54,3.218050241470337
FashionMNIST,small,43,10,a2,class_selectivity,loss_free,55,3.570845603942871
FashionMNIST,small,43,10,a2,class_selectivity,loss_free,56,0.1084616407752037
FashionMNIST,small,43,10,a2,class_selectivity,loss_free,57,3.9677910804748535
FashionMNIST,small,43,10,a2,class_selectivity,loss_free,58,2.200390338897705
FashionMNIST,small,43,10,a2,class_selectivity,loss_free,59,4.290134429931641
FashionMNIST,small,43,10,a2,class_selectivity,loss_free,60,1.4791862964630127
FashionMNIST,small,43,10,a2,class_selectivity,loss_free,61,2.4804556369781494
FashionMNIST,small,43,10,a2,class_selectivity,loss_free,62,2.5783119201660156
FashionMNIST,small,43,10,a2,class_selectivity,loss_free,63,3.947610378265381
FashionMNIST,small,43,10,a2,class_selectivity,loss_free,64,4.185802936553955
FashionMNIST,small,43,10,a2,class_selectivity,loss_free,65,3.1947009563446045
FashionMNIST,small,43,10,a2,class_selectivity,loss_free,66,2.0299527645111084
FashionMNIST,small,43,10,a2,class_selectivity,loss_free,67,4.302439212799072
FashionMNIST,small,43,10,a2,class_selectivity,loss_free,68,2.598888397216797
FashionMNIST,small,43,10,a2,class_selectivity,loss_free,69,4.332290172576904
FashionMNIST,small,43,10,a2,class_selectivity,loss_free,70,3.534959554672241
FashionMNIST,small,43,10,a2,class_selectivity,loss_free,71,3.090237617492676
FashionMNIST,small,43,10,a2,class_selectivity,loss_free,72,1.8864822387695312
FashionMNIST,small,43,10,a2,class_selectivity,loss_free,73,7.4972381591796875
FashionMNIST,small,43,10,a2,class_selectivity,loss_free,74,1.2512550354003906
FashionMNIST,small,43,10,a2,class_selectivity,loss_free,75,1.7480782270431519
FashionMNIST,small,43,10,a2,class_selectivity,loss_free,76,1.1666853427886963
FashionMNIST,small,43,10,a2,class_selectivity,loss_free,77,4.303196907043457
FashionMNIST,small,43,10,a2,class_selectivity,loss_free,78,3.560124397277832
FashionMNIST,small,43,10,a2,class_selectivity,loss_free,79,1.8684687614440918
FashionMNIST,small,43,10,a2,class_selectivity,loss_free,80,7.389570713043213
FashionMNIST,small,43,10,a2,class_selectivity,loss_free,81,2.4884610176086426
FashionMNIST,small,43,10,a2,class_selectivity,loss_free,82,4.049142360687256
FashionMNIST,small,43,10,a2,class_selectivity,loss_free,83,5.354247093200684
FashionMNIST,small,43,10,a2,class_selectivity,loss_free,84,3.826910972595215
FashionMNIST,small,43,10,a2,class_selectivity,loss_free,85,2.0272202491760254
FashionMNIST,small,43,10,a2,class_selectivity,loss_free,86,6.618783950805664
FashionMNIST,small,43,10,a2,class_selectivity,loss_free,87,7.093229293823242
FashionMNIST,small,43,10,a2,class_selectivity,loss_free,88,3.853945016860962
FashionMNIST,small,43,10,a2,class_selectivity,loss_free,89,4.032015800476074
FashionMNIST,small,43,10,a2,class_selectivity,loss_free,90,3.0012435913085938
FashionMNIST,small,43,10,a2,class_selectivity,loss_free,91,1.835268497467041
FashionMNIST,small,43,10,a2,class_selectivity,loss_free,92,2.93228816986084
FashionMNIST,small,43,10,a2,class_selectivity,loss_free,93,4.360713958740234
FashionMNIST,small,43,10,a2,class_selectivity,loss_free,94,2.9397761821746826
FashionMNIST,small,43,10,a2,class_selectivity,loss_free,95,4.442948341369629
FashionMNIST,small,43,10,a2,class_selectivity,loss_free,96,1.9590237140655518
FashionMNIST,small,43,10,a2,class_selectivity,loss_free,97,3.0160207748413086
FashionMNIST,small,43,10,a2,class_selectivity,loss_free,98,2.449265241622925
FashionMNIST,small,43,10,a2,class_selectivity,loss_free,99,3.8713269233703613
FashionMNIST,small,43,10,a2,class_selectivity,loss_free,100,5.093435287475586
FashionMNIST,small,43,10,a2,class_selectivity,loss_free,101,4.908050537109375
FashionMNIST,small,43,10,a2,class_selectivity,loss_free,102,7.849536418914795
FashionMNIST,small,43,10,a2,class_selectivity,loss_free,103,7.104197978973389
FashionMNIST,small,43,10,a2,class_selectivity,loss_free,104,2.007948875427246
FashionMNIST,small,43,10,a2,class_selectivity,loss_free,105,1.961104393005371
FashionMNIST,small,43,10,a2,class_selectivity,loss_free,106,2.3376212120056152
FashionMNIST,small,43,10,a2,class_selectivity,loss_free,107,5.061922073364258
FashionMNIST,small,43,10,a2,class_selectivity,loss_free,108,2.943207263946533
FashionMNIST,small,43,10,a2,class_selectivity,loss_free,109,2.646442413330078
FashionMNIST,small,43,10,a2,class_selectivity,loss_free,110,3.7460551261901855
FashionMNIST,small,43,10,a2,class_selectivity,loss_free,111,4.555011749267578
FashionMNIST,small,43,10,a2,class_selectivity,loss_free,112,2.6361351013183594
FashionMNIST,small,43,10,a2,class_selectivity,loss_free,113,4.19879150390625
FashionMNIST,small,43,10,a2,class_selectivity,loss_free,114,0.24464541673660278
FashionMNIST,small,43,10,a2,class_selectivity,loss_free,115,3.1621267795562744
FashionMNIST,small,43,10,a2,class_selectivity,loss_free,116,3.247232675552368
FashionMNIST,small,43,10,a2,class_selectivity,loss_free,117,6.370416641235352
FashionMNIST,small,43,10,a2,class_selectivity,loss_free,118,1.347527027130127
FashionMNIST,small,43,10,a2,class_selectivity,loss_free,119,1.3467051982879639
FashionMNIST,small,43,10,a2,class_selectivity,loss_free,120,10.253817558288574
FashionMNIST,small,43,10,a2,class_selectivity,loss_free,121,1.7294824123382568
FashionMNIST,small,43,10,a2,class_selectivity,loss_free,122,2.1272709369659424
FashionMNIST,small,43,10,a2,class_selectivity,loss_free,123,4.821919918060303
FashionMNIST,small,43,10,a2,class_selectivity,loss_free,124,3.9562721252441406
FashionMNIST,small,43,10,a2,class_selectivity,loss_free,125,2.9521679878234863
FashionMNIST,small,43,10,a2,class_selectivity,loss_free,126,0.0
FashionMNIST,small,43,10,a2,class_selectivity,loss_free,127,3.7816474437713623
FashionMNIST,small,43,10,a1,redundancy,loss_free,0,-0.7138247489929199
FashionMNIST,small,43,10,a1,redundancy,loss_free,1,-0.45772191882133484
FashionMNIST,small,43,10,a1,redundancy,loss_free,2,-0.6506829857826233
FashionMNIST,small,43,10,a1,redundancy,loss_free,3,-0.5278224945068359
FashionMNIST,small,43,10,a1,redundancy,loss_free,4,-0.5267265439033508
FashionMNIST,small,43,10,a1,redundancy,loss_free,5,-0.750744640827179
FashionMNIST,small,43,10,a1,redundancy,loss_free,6,-0.7403760552406311
FashionMNIST,small,43,10,a1,redundancy,loss_free,7,-0.6015934944152832
FashionMNIST,small,43,10,a1,redundancy,loss_free,8,-0.6276288032531738
FashionMNIST,small,43,10,a1,redundancy,loss_free,9,-0.5694761276245117
FashionMNIST,small,43,10,a1,redundancy,loss_free,10,-0.8646316528320312
FashionMNIST,small,43,10,a1,redundancy,loss_free,11,-0.7194485068321228
FashionMNIST,small,43,10,a1,redundancy,loss_free,12,-0.6289389729499817
FashionMNIST,small,43,10,a1,redundancy,loss_free,13,-0.5099406242370605
FashionMNIST,small,43,10,a1,redundancy,loss_free,14,-0.8298507332801819
FashionMNIST,small,43,10,a1,redundancy,loss_free,15,-0.6313323378562927
FashionMNIST,small,43,10,a1,redundancy,loss_free,16,-0.805616021156311
FashionMNIST,small,43,10,a1,redundancy,loss_free,17,-0.8063720464706421
FashionMNIST,small,43,10,a1,redundancy,loss_free,18,-0.39684441685676575
FashionMNIST,small,43,10,a1,redundancy,loss_free,19,-0.6432225704193115
FashionMNIST,small,43,10,a1,redundancy,loss_free,20,-0.714732825756073
FashionMNIST,small,43,10,a1,redundancy,loss_free,21,-0.7841866612434387
FashionMNIST,small,43,10,a1,redundancy,loss_free,22,-0.6630907654762268
FashionMNIST,small,43,10,a1,redundancy,loss_free,23,-0.7120876312255859
FashionMNIST,small,43,10,a1,redundancy,loss_free,24,-0.6622006893157959
FashionMNIST,small,43,10,a1,redundancy,loss_free,25,-0.7343897223472595
FashionMNIST,small,43,10,a1,redundancy,loss_free,26,-0.5172806978225708
FashionMNIST,small,43,10,a1,redundancy,loss_free,27,-0.7469061017036438
FashionMNIST,small,43,10,a1,redundancy,loss_free,28,-0.9699665904045105
FashionMNIST,small,43,10,a1,redundancy,loss_free,29,-0.48035773634910583
FashionMNIST,small,43,10,a1,redundancy,loss_free,30,-0.6532907485961914
FashionMNIST,small,43,10,a1,redundancy,loss_free,31,-0.8408766388893127
FashionMNIST,small,43,10,a1,redundancy,loss_free,32,-0.7482923865318298
FashionMNIST,small,43,10,a1,redundancy,loss_free,33,-0.634188711643219
FashionMNIST,small,43,10,a1,redundancy,loss_free,34,-0.8580479025840759
FashionMNIST,small,43,10,a1,redundancy,loss_free,35,-0.662302553653717
FashionMNIST,small,43,10,a1,redundancy,loss_free,36,-0.7329827547073364
FashionMNIST,small,43,10,a1,redundancy,loss_free,37,-0.6731802821159363
FashionMNIST,small,43,10,a1,redundancy,loss_free,38,-0.4460497796535492
FashionMNIST,small,43,10,a1,redundancy,loss_free,39,-0.6865112781524658
FashionMNIST,small,43,10,a1,redundancy,loss_free,40,-0.9108006358146667
FashionMNIST,small,43,10,a1,redundancy,loss_free,41,-0.5320229530334473
FashionMNIST,small,43,10,a1,redundancy,loss_free,42,-0.8408766388893127
FashionMNIST,small,43,10,a1,redundancy,loss_free,43,-0.7696422338485718
FashionMNIST,small,43,10,a1,redundancy,loss_free,44,-0.6445068120956421
FashionMNIST,small,43,10,a1,redundancy,loss_free,45,-0.7146164774894714
FashionMNIST,small,43,10,a1,redundancy,loss_free,46,-0.8479878902435303
FashionMNIST,small,43,10,a1,redundancy,loss_free,47,-0.5829573273658752
FashionMNIST,small,43,10,a1,redundancy,loss_free,48,-0.6796850562095642
FashionMNIST,small,43,10,a1,redundancy,loss_free,49,-0.5850948691368103
FashionMNIST,small,43,10,a1,redundancy,loss_free,50,-0.750744640827179
FashionMNIST,small,43,10,a1,redundancy,loss_free,51,-0.8094158172607422
FashionMNIST,small,43,10,a1,redundancy,loss_free,52,-0.44843530654907227
FashionMNIST,small,43,10,a1,redundancy,loss_free,53,-0.7739439010620117
FashionMNIST,small,43,10,a1,redundancy,loss_free,54,-0.5069885849952698
FashionMNIST,small,43,10,a1,redundancy,loss_free,55,-0.4266297221183777
FashionMNIST,small,43,10,a1,redundancy,loss_free,56,-0.7601368427276611
FashionMNIST,small,43,10,a1,redundancy,loss_free,57,-0.6506829857826233
FashionMNIST,small,43,10,a1,redundancy,loss_free,58,-0.7287532687187195
FashionMNIST,small,43,10,a1,redundancy,loss_free,59,-0.0
FashionMNIST,small,43,10,a1,redundancy,loss_free,60,-0.733680009841919
FashionMNIST,small,43,10,a1,redundancy,loss_free,61,-0.7147464156150818
FashionMNIST,small,43,10,a1,redundancy,loss_free,62,-0.5762767791748047
FashionMNIST,small,43,10,a1,redundancy,loss_free,63,-0.6859635710716248
FashionMNIST,small,43,10,a1,redundancy,loss_free,64,-0.8012937903404236
FashionMNIST,small,43,10,a1,redundancy,loss_free,65,-0.516120970249176
FashionMNIST,small,43,10,a1,redundancy,loss_free,66,-0.535636842250824
FashionMNIST,small,43,10,a1,redundancy,loss_free,67,-0.7857977151870728
FashionMNIST,small,43,10,a1,redundancy,loss_free,68,-0.8086748719215393
FashionMNIST,small,43,10,a1,redundancy,loss_free,69,-0.4625292718410492
FashionMNIST,small,43,10,a1,redundancy,loss_free,70,-0.7525363564491272
FashionMNIST,small,43,10,a1,redundancy,loss_free,71,-0.8086748719215393
FashionMNIST,small,43,10,a1,redundancy,loss_free,72,-0.8478427529335022
FashionMNIST,small,43,10,a1,redundancy,loss_free,73,-0.805616021156311
FashionMNIST,small,43,10,a1,redundancy,loss_free,74,-0.6284160614013672
FashionMNIST,small,43,10,a1,redundancy,loss_free,75,-0.869726836681366
FashionMNIST,small,43,10,a1,redundancy,loss_free,76,-0.508083701133728
FashionMNIST,small,43,10,a1,redundancy,loss_free,77,-0.557709813117981
FashionMNIST,small,43,10,a1,redundancy,loss_free,78,-0.7275295257568359
FashionMNIST,small,43,10,a1,redundancy,loss_free,79,-0.5719655752182007
FashionMNIST,small,43,10,a1,redundancy,loss_free,80,-0.5572661757469177
FashionMNIST,small,43,10,a1,redundancy,loss_free,81,-0.6911137104034424
FashionMNIST,small,43,10,a1,redundancy,loss_free,82,-0.6172950267791748
FashionMNIST,small,43,10,a1,redundancy,loss_free,83,-0.5308482050895691
FashionMNIST,small,43,10,a1,redundancy,loss_free,84,-0.8657436370849609
FashionMNIST,small,43,10,a1,redundancy,loss_free,85,-0.6418079137802124
FashionMNIST,small,43,10,a1,redundancy,loss_free,86,-0.6793131232261658
FashionMNIST,small,43,10,a1,redundancy,loss_free,87,-0.6500227451324463
FashionMNIST,small,43,10,a1,redundancy,loss_free,88,-0.8249478936195374
FashionMNIST,small,43,10,a1,redundancy,loss_free,89,-0.7420631647109985
FashionMNIST,small,43,10,a1,redundancy,loss_free,90,-0.5408688187599182
FashionMNIST,small,43,10,a1,redundancy,loss_free,91,-0.6368959546089172
FashionMNIST,small,43,10,a1,redundancy,loss_free,92,-0.8249478936195374
FashionMNIST,small,43,10,a1,redundancy,loss_free,93,-0.7158915996551514
FashionMNIST,small,43,10,a1,redundancy,loss_free,94,-0.6678604483604431
FashionMNIST,small,43,10,a1,redundancy,loss_free,95,-0.4906896650791168
FashionMNIST,small,43,10,a1,redundancy,loss_free,96,-0.9037970304489136
FashionMNIST,small,43,10,a1,redundancy,loss_free,97,-0.5370861291885376
FashionMNIST,small,43,10,a1,redundancy,loss_free,98,-0.6262475252151489
FashionMNIST,small,43,10,a1,redundancy,loss_free,99,-0.5107820630073547
FashionMNIST,small,43,10,a1,redundancy,loss_free,100,-0.9108006358146667
FashionMNIST,small,43,10,a1,redundancy,loss_free,101,-0.689942479133606
FashionMNIST,small,43,10,a1,redundancy,loss_free,102,-0.6956753134727478
FashionMNIST,small,43,10,a1,redundancy,loss_free,103,-0.8257717490196228
FashionMNIST,small,43,10,a1,redundancy,loss_free,104,-0.8544808626174927
FashionMNIST,small,43,10,a1,redundancy,loss_free,105,-0.8478427529335022
FashionMNIST,small,43,10,a1,redundancy,loss_free,106,-0.8287525773048401
FashionMNIST,small,43,10,a1,redundancy,loss_free,107,-0.6273139119148254
FashionMNIST,small,43,10,a1,redundancy,loss_free,108,-0.719328761100769
FashionMNIST,small,43,10,a1,redundancy,loss_free,109,-0.41603079438209534
FashionMNIST,small,43,10,a1,redundancy,loss_free,110,-0.9215975403785706
FashionMNIST,small,43,10,a1,redundancy,loss_free,111,-0.7694161534309387
FashionMNIST,small,43,10,a1,redundancy,loss_free,112,-0.7698144912719727
FashionMNIST,small,43,10,a1,redundancy,loss_free,113,-0.6744102239608765
FashionMNIST,small,43,10,a1,redundancy,loss_free,114,-0.5434661507606506
FashionMNIST,small,43,10,a1,redundancy,loss_free,115,-0.6518614888191223
FashionMNIST,small,43,10,a1,redundancy,loss_free,116,-0.6082215309143066
FashionMNIST,small,43,10,a1,redundancy,loss_free,117,-0.6300784349441528
FashionMNIST,small,43,10,a1,redundancy,loss_free,118,-0.8711307644844055
FashionMNIST,small,43,10,a1,redundancy,loss_free,119,-0.7051200866699219
FashionMNIST,small,43,10,a1,redundancy,loss_free,120,-0.7179715037345886
FashionMNIST,small,43,10,a1,redundancy,loss_free,121,-0.7190815210342407
FashionMNIST,small,43,10,a1,redundancy,loss_free,122,-0.7299918532371521
FashionMNIST,small,43,10,a1,redundancy,loss_free,123,-0.5409508347511292
FashionMNIST,small,43,10,a1,redundancy,loss_free,124,-0.6704464554786682
FashionMNIST,small,43,10,a1,redundancy,loss_free,125,-0.6865112781524658
FashionMNIST,small,43,10,a1,redundancy,loss_free,126,-0.4611855745315552
FashionMNIST,small,43,10,a1,redundancy,loss_free,127,-0.8764651417732239
FashionMNIST,small,43,10,a1,redundancy,loss_free,128,-0.6422823667526245
FashionMNIST,small,43,10,a1,redundancy,loss_free,129,-0.7172276377677917
FashionMNIST,small,43,10,a1,redundancy,loss_free,130,-0.6699882745742798
FashionMNIST,small,43,10,a1,redundancy,loss_free,131,-0.8287525773048401
FashionMNIST,small,43,10,a1,redundancy,loss_free,132,-0.6625655889511108
FashionMNIST,small,43,10,a1,redundancy,loss_free,133,-0.5165846347808838
FashionMNIST,small,43,10,a1,redundancy,loss_free,134,-0.8744460940361023
FashionMNIST,small,43,10,a1,redundancy,loss_free,135,-0.8580479025840759
FashionMNIST,small,43,10,a1,redundancy,loss_free,136,-0.7299918532371521
FashionMNIST,small,43,10,a1,redundancy,loss_free,137,-0.8152202367782593
FashionMNIST,small,43,10,a1,redundancy,loss_free,138,-0.5963931083679199
FashionMNIST,small,43,10,a1,redundancy,loss_free,139,-0.7778068780899048
FashionMNIST,small,43,10,a1,redundancy,loss_free,140,-0.6625655889511108
FashionMNIST,small,43,10,a1,redundancy,loss_free,141,-0.570839524269104
FashionMNIST,small,43,10,a1,redundancy,loss_free,142,-0.7653524279594421
FashionMNIST,small,43,10,a1,redundancy,loss_free,143,-0.7281574010848999
FashionMNIST,small,43,10,a1,redundancy,loss_free,144,-0.5843710899353027
FashionMNIST,small,43,10,a1,redundancy,loss_free,145,-0.48821336030960083
FashionMNIST,small,43,10,a1,redundancy,loss_free,146,-0.570839524269104
FashionMNIST,small,43,10,a1,redundancy,loss_free,147,-0.7765738368034363
FashionMNIST,small,43,10,a1,redundancy,loss_free,148,-0.6593571305274963
FashionMNIST,small,43,10,a1,redundancy,loss_free,149,-0.43722668290138245
FashionMNIST,small,43,10,a1,redundancy,loss_free,150,-0.8764651417732239
FashionMNIST,small,43,10,a1,redundancy,loss_free,151,-0.707432746887207
FashionMNIST,small,43,10,a1,redundancy,loss_free,152,-0.8695061206817627
FashionMNIST,small,43,10,a1,redundancy,loss_free,153,-0.6837356090545654
FashionMNIST,small,43,10,a1,redundancy,loss_free,154,-0.5963931083679199
FashionMNIST,small,43,10,a1,redundancy,loss_free,155,-0.48467904329299927
FashionMNIST,small,43,10,a1,redundancy,loss_free,156,-0.8315043449401855
FashionMNIST,small,43,10,a1,redundancy,loss_free,157,-0.5563863515853882
FashionMNIST,small,43,10,a1,redundancy,loss_free,158,-0.6051474213600159
FashionMNIST,small,43,10,a1,redundancy,loss_free,159,-0.8749189376831055
FashionMNIST,small,43,10,a1,redundancy,loss_free,160,-0.5510299801826477
FashionMNIST,small,43,10,a1,redundancy,loss_free,161,-0.5369551181793213
FashionMNIST,small,43,10,a1,redundancy,loss_free,162,-0.8876664638519287
FashionMNIST,small,43,10,a1,redundancy,loss_free,163,-0.6311052441596985
FashionMNIST,small,43,10,a1,redundancy,loss_free,164,-0.5648143291473389
FashionMNIST,small,43,10,a1,redundancy,loss_free,165,-0.8534350991249084
FashionMNIST,small,43,10,a1,redundancy,loss_free,166,-0.5598535537719727
FashionMNIST,small,43,10,a1,redundancy,loss_free,167,-0.6593571305274963
FashionMNIST,small,43,10,a1,redundancy,loss_free,168,-0.6365561485290527
FashionMNIST,small,43,10,a1,redundancy,loss_free,169,-0.5668615102767944
FashionMNIST,small,43,10,a1,redundancy,loss_free,170,-0.8298507332801819
FashionMNIST,small,43,10,a1,redundancy,loss_free,171,-0.7383082509040833
FashionMNIST,small,43,10,a1,redundancy,loss_free,172,-0.8398594856262207
FashionMNIST,small,43,10,a1,redundancy,loss_free,173,-0.7698144912719727
FashionMNIST,small,43,10,a1,redundancy,loss_free,174,-0.615321159362793
FashionMNIST,small,43,10,a1,redundancy,loss_free,175,-0.6192334294319153
FashionMNIST,small,43,10,a1,redundancy,loss_free,176,-0.3242438733577728
FashionMNIST,small,43,10,a1,redundancy,loss_free,177,-0.6618000268936157
FashionMNIST,small,43,10,a1,redundancy,loss_free,178,-0.716503918170929
FashionMNIST,small,43,10,a1,redundancy,loss_free,179,-0.569145143032074
FashionMNIST,small,43,10,a1,redundancy,loss_free,180,-0.7383082509040833
FashionMNIST,small,43,10,a1,redundancy,loss_free,181,-0.5327363610267639
FashionMNIST,small,43,10,a1,redundancy,loss_free,182,-0.8534350991249084
FashionMNIST,small,43,10,a1,redundancy,loss_free,183,-0.5099406242370605
FashionMNIST,small,43,10,a1,redundancy,loss_free,184,-0.9699665904045105
FashionMNIST,small,43,10,a1,redundancy,loss_free,185,-0.8063584566116333
FashionMNIST,small,43,10,a1,redundancy,loss_free,186,-0.6149524450302124
FashionMNIST,small,43,10,a1,redundancy,loss_free,187,-0.4978834390640259
FashionMNIST,small,43,10,a1,redundancy,loss_free,188,-0.6108531951904297
FashionMNIST,small,43,10,a1,redundancy,loss_free,189,-0.7691044807434082
FashionMNIST,small,43,10,a1,redundancy,loss_free,190,-0.7403760552406311
FashionMNIST,small,43,10,a1,redundancy,loss_free,191,-0.7115805149078369
FashionMNIST,small,43,10,a1,redundancy,loss_free,192,-0.8892731666564941
FashionMNIST,small,43,10,a1,redundancy,loss_free,193,-0.7147464156150818
FashionMNIST,small,43,10,a1,redundancy,loss_free,194,-0.5824889540672302
FashionMNIST,small,43,10,a1,redundancy,loss_free,195,-0.7184939384460449
FashionMNIST,small,43,10,a1,redundancy,loss_free,196,-0.739104688167572
FashionMNIST,small,43,10,a1,redundancy,loss_free,197,-0.8315043449401855
FashionMNIST,small,43,10,a1,redundancy,loss_free,198,-0.8365968465805054
FashionMNIST,small,43,10,a1,redundancy,loss_free,199,-0.6313323378562927
FashionMNIST,small,43,10,a1,redundancy,loss_free,200,-0.6149524450302124
FashionMNIST,small,43,10,a1,redundancy,loss_free,201,-0.9215975403785706
FashionMNIST,small,43,10,a1,redundancy,loss_free,202,-0.7426654696464539
FashionMNIST,small,43,10,a1,redundancy,loss_free,203,-0.7619296312332153
FashionMNIST,small,43,10,a1,redundancy,loss_free,204,-0.4917536675930023
FashionMNIST,small,43,10,a1,redundancy,loss_free,205,-0.5499458909034729
FashionMNIST,small,43,10,a1,redundancy,loss_free,206,-0.7520126700401306
FashionMNIST,small,43,10,a1,redundancy,loss_free,207,-0.6678604483604431
FashionMNIST,small,43,10,a1,redundancy,loss_free,208,-0.5751937031745911
FashionMNIST,small,43,10,a1,redundancy,loss_free,209,-0.5780750513076782
FashionMNIST,small,43,10,a1,redundancy,loss_free,210,-0.5265311002731323
FashionMNIST,small,43,10,a1,redundancy,loss_free,211,-0.7194485068321228
FashionMNIST,small,43,10,a1,redundancy,loss_free,212,-0.7190815210342407
FashionMNIST,small,43,10,a1,redundancy,loss_free,213,-0.5668615102767944
FashionMNIST,small,43,10,a1,redundancy,loss_free,214,-0.5850948691368103
FashionMNIST,small,43,10,a1,redundancy,loss_free,215,-0.6425076127052307
FashionMNIST,small,43,10,a1,redundancy,loss_free,216,-0.4172631502151489
FashionMNIST,small,43,10,a1,redundancy,loss_free,217,-0.8012937903404236
FashionMNIST,small,43,10,a1,redundancy,loss_free,218,-0.5602328181266785
FashionMNIST,small,43,10,a1,redundancy,loss_free,219,-0.804891049861908
FashionMNIST,small,43,10,a1,redundancy,loss_free,220,-0.6300784349441528
FashionMNIST,small,43,10,a1,redundancy,loss_free,221,-0.4906896650791168
FashionMNIST,small,43,10,a1,redundancy,loss_free,222,-0.7959890365600586
FashionMNIST,small,43,10,a1,redundancy,loss_free,223,-0.903767466545105
FashionMNIST,small,43,10,a1,redundancy,loss_free,224,-0.6556636691093445
FashionMNIST,small,43,10,a1,redundancy,loss_free,225,-0.7619296312332153
FashionMNIST,small,43,10,a1,redundancy,loss_free,226,-0.6676453351974487
FashionMNIST,small,43,10,a1,redundancy,loss_free,227,-0.6262475252151489
FashionMNIST,small,43,10,a1,redundancy,loss_free,228,-0.7696422338485718
FashionMNIST,small,43,10,a1,redundancy,loss_free,229,-0.7520126700401306
FashionMNIST,small,43,10,a1,redundancy,loss_free,230,-0.6699882745742798
FashionMNIST,small,43,10,a1,redundancy,loss_free,231,-0.869726836681366
FashionMNIST,small,43,10,a1,redundancy,loss_free,232,-0.5906721949577332
FashionMNIST,small,43,10,a1,redundancy,loss_free,233,-0.8334296345710754
FashionMNIST,small,43,10,a1,redundancy,loss_free,234,-0.8695061206817627
FashionMNIST,small,43,10,a1,redundancy,loss_free,235,-0.5291907787322998
FashionMNIST,small,43,10,a1,redundancy,loss_free,236,-0.5966815948486328
FashionMNIST,small,43,10,a1,redundancy,loss_free,237,-0.6731802821159363
FashionMNIST,small,43,10,a1,redundancy,loss_free,238,-0.6013891696929932
FashionMNIST,small,43,10,a1,redundancy,loss_free,239,-0.6687670946121216
FashionMNIST,small,43,10,a1,redundancy,loss_free,240,-0.913747251033783
FashionMNIST,small,43,10,a1,redundancy,loss_free,241,-0.5183364748954773
FashionMNIST,small,43,10,a1,redundancy,loss_free,242,-0.7051200866699219
FashionMNIST,small,43,10,a1,redundancy,loss_free,243,-0.6504033207893372
FashionMNIST,small,43,10,a1,redundancy,loss_free,244,-0.8711307644844055
FashionMNIST,small,43,10,a1,redundancy,loss_free,245,-0.6584183573722839
FashionMNIST,small,43,10,a1,redundancy,loss_free,246,-0.6859635710716248
FashionMNIST,small,43,10,a1,redundancy,loss_free,247,-0.6744102239608765
FashionMNIST,small,43,10,a1,redundancy,loss_free,248,-0.7841866612434387
FashionMNIST,small,43,10,a1,redundancy,loss_free,249,-0.7138247489929199
FashionMNIST,small,43,10,a1,redundancy,loss_free,250,-0.7243207097053528
FashionMNIST,small,43,10,a1,redundancy,loss_free,251,-0.3797857165336609
FashionMNIST,small,43,10,a1,redundancy,loss_free,252,-0.7426654696464539
FashionMNIST,small,43,10,a1,redundancy,loss_free,253,-0.6316882371902466
FashionMNIST,small,43,10,a1,redundancy,loss_free,254,-0.5668779611587524
FashionMNIST,small,43,10,a1,redundancy,loss_free,255,-0.7864286303520203
FashionMNIST,small,43,10,a2,redundancy,loss_free,0,-0.6625377535820007
FashionMNIST,small,43,10,a2,redundancy,loss_free,1,-0.7570211887359619
FashionMNIST,small,43,10,a2,redundancy,loss_free,2,-0.7987012267112732
FashionMNIST,small,43,10,a2,redundancy,loss_free,3,-0.7916973829269409
FashionMNIST,small,43,10,a2,redundancy,loss_free,4,-0.6403959393501282
FashionMNIST,small,43,10,a2,redundancy,loss_free,5,-0.8061041235923767
FashionMNIST,small,43,10,a2,redundancy,loss_free,6,-0.772110104560852
FashionMNIST,small,43,10,a2,redundancy,loss_free,7,-0.8106944561004639
FashionMNIST,small,43,10,a2,redundancy,loss_free,8,-0.850032389163971
FashionMNIST,small,43,10,a2,redundancy,loss_free,9,-0.6501745581626892
FashionMNIST,small,43,10,a2,redundancy,loss_free,10,-0.8556728363037109
FashionMNIST,small,43,10,a2,redundancy,loss_free,11,-0.7017186284065247
FashionMNIST,small,43,10,a2,redundancy,loss_free,12,-0.8126928806304932
FashionMNIST,small,43,10,a2,redundancy,loss_free,13,-0.6220357418060303
FashionMNIST,small,43,10,a2,redundancy,loss_free,14,-0.5345896482467651
FashionMNIST,small,43,10,a2,redundancy,loss_free,15,-0.7763636708259583
FashionMNIST,small,43,10,a2,redundancy,loss_free,16,-0.8114714026451111
FashionMNIST,small,43,10,a2,redundancy,loss_free,17,-0.7460671663284302
FashionMNIST,small,43,10,a2,redundancy,loss_free,18,-0.45595794916152954
FashionMNIST,small,43,10,a2,redundancy,loss_free,19,-0.9510069489479065
FashionMNIST,small,43,10,a2,redundancy,loss_free,20,-0.6976038813591003
FashionMNIST,small,43,10,a2,redundancy,loss_free,21,-0.7982600927352905
FashionMNIST,small,43,10,a2,redundancy,loss_free,22,-0.8175492882728577
FashionMNIST,small,43,10,a2,redundancy,loss_free,23,-0.604821503162384
FashionMNIST,small,43,10,a2,redundancy,loss_free,24,-0.993389368057251
FashionMNIST,small,43,10,a2,redundancy,loss_free,25,-0.566650927066803
FashionMNIST,small,43,10,a2,redundancy,loss_free,26,-0.7442900538444519
FashionMNIST,small,43,10,a2,redundancy,loss_free,27,-0.7570211887359619
FashionMNIST,small,43,10,a2,redundancy,loss_free,28,-0.6786984205245972
FashionMNIST,small,43,10,a2,redundancy,loss_free,29,-0.960731565952301
FashionMNIST,small,43,10,a2,redundancy,loss_free,30,-0.1776694357395172
FashionMNIST,small,43,10,a2,redundancy,loss_free,31,-0.8112092018127441
FashionMNIST,small,43,10,a2,redundancy,loss_free,32,-0.6764605641365051
FashionMNIST,small,43,10,a2,redundancy,loss_free,33,-0.85675048828125
FashionMNIST,small,43,10,a2,redundancy,loss_free,34,-0.681564450263977
FashionMNIST,small,43,10,a2,redundancy,loss_free,35,-0.8491261601448059
FashionMNIST,small,43,10,a2,redundancy,loss_free,36,-0.8527028560638428
FashionMNIST,small,43,10,a2,redundancy,loss_free,37,-0.5246005654335022
FashionMNIST,small,43,10,a2,redundancy,loss_free,38,-0.971493661403656
FashionMNIST,small,43,10,a2,redundancy,loss_free,39,-0.7356185913085938
FashionMNIST,small,43,10,a2,redundancy,loss_free,40,-0.9027279615402222
FashionMNIST,small,43,10,a2,redundancy,loss_free,41,-0.681564450263977
FashionMNIST,small,43,10,a2,redundancy,loss_free,42,-0.807624340057373
FashionMNIST,small,43,10,a2,redundancy,loss_free,43,-0.7188943028450012
FashionMNIST,small,43,10,a2,redundancy,loss_free,44,-0.7664439082145691
FashionMNIST,small,43,10,a2,redundancy,loss_free,45,-0.7852649688720703
FashionMNIST,small,43,10,a2,redundancy,loss_free,46,-0.8542042970657349
FashionMNIST,small,43,10,a2,redundancy,loss_free,47,-0.6805860996246338
FashionMNIST,small,43,10,a2,redundancy,loss_free,48,-0.6805860996246338
FashionMNIST,small,43,10,a2,redundancy,loss_free,49,-0.9510069489479065
FashionMNIST,small,43,10,a2,redundancy,loss_free,50,-0.7852649688720703
FashionMNIST,small,43,10,a2,redundancy,loss_free,51,-0.9591981172561646
FashionMNIST,small,43,10,a2,redundancy,loss_free,52,-0.9196479916572571
FashionMNIST,small,43,10,a2,redundancy,loss_free,53,-0.807624340057373
FashionMNIST,small,43,10,a2,redundancy,loss_free,54,-0.6959738731384277
FashionMNIST,small,43,10,a2,redundancy,loss_free,55,-0.7878535985946655
FashionMNIST,small,43,10,a2,redundancy,loss_free,56,-0.36668306589126587
FashionMNIST,small,43,10,a2,redundancy,loss_free,57,-0.80434250831604
FashionMNIST,small,43,10,a2,redundancy,loss_free,58,-0.7017186284065247
FashionMNIST,small,43,10,a2,redundancy,loss_free,59,-0.9591981172561646
FashionMNIST,small,43,10,a2,redundancy,loss_free,60,-0.6043792963027954
FashionMNIST,small,43,10,a2,redundancy,loss_free,61,-0.7311426997184753
FashionMNIST,small,43,10,a2,redundancy,loss_free,62,-0.686133861541748
FashionMNIST,small,43,10,a2,redundancy,loss_free,63,-0.8126928806304932
FashionMNIST,small,43,10,a2,redundancy,loss_free,64,-0.8924557566642761
FashionMNIST,small,43,10,a2,redundancy,loss_free,65,-0.782890260219574
FashionMNIST,small,43,10,a2,redundancy,loss_free,66,-0.8774257898330688
FashionMNIST,small,43,10,a2,redundancy,loss_free,67,-0.7356618046760559
FashionMNIST,small,43,10,a2,redundancy,loss_free,68,-0.784816563129425
FashionMNIST,small,43,10,a2,redundancy,loss_free,69,-0.8352426290512085
FashionMNIST,small,43,10,a2,redundancy,loss_free,70,-0.6964008212089539
FashionMNIST,small,43,10,a2,redundancy,loss_free,71,-0.9300678372383118
FashionMNIST,small,43,10,a2,redundancy,loss_free,72,-0.7664439082145691
FashionMNIST,small,43,10,a2,redundancy,loss_free,73,-0.8869972229003906
FashionMNIST,small,43,10,a2,redundancy,loss_free,74,-0.960731565952301
FashionMNIST,small,43,10,a2,redundancy,loss_free,75,-0.8121524453163147
FashionMNIST,small,43,10,a2,redundancy,loss_free,76,-0.5844143033027649
FashionMNIST,small,43,10,a2,redundancy,loss_free,77,-0.8710343837738037
FashionMNIST,small,43,10,a2,redundancy,loss_free,78,-0.8743069767951965
FashionMNIST,small,43,10,a2,redundancy,loss_free,79,-0.5876913070678711
FashionMNIST,small,43,10,a2,redundancy,loss_free,80,-0.9435295462608337
FashionMNIST,small,43,10,a2,redundancy,loss_free,81,-0.7987012267112732
FashionMNIST,small,43,10,a2,redundancy,loss_free,82,-0.7013961672782898
FashionMNIST,small,43,10,a2,redundancy,loss_free,83,-0.9196479916572571
FashionMNIST,small,43,10,a2,redundancy,loss_free,84,-0.8924557566642761
FashionMNIST,small,43,10,a2,redundancy,loss_free,85,-0.8774257898330688
FashionMNIST,small,43,10,a2,redundancy,loss_free,86,-0.898250937461853
FashionMNIST,small,43,10,a2,redundancy,loss_free,87,-0.9163728356361389
FashionMNIST,small,43,10,a2,redundancy,loss_free,88,-0.7878535985946655
FashionMNIST,small,43,10,a2,redundancy,loss_free,89,-0.8114714026451111
FashionMNIST,small,43,10,a2,redundancy,loss_free,90,-0.7088714838027954
FashionMNIST,small,43,10,a2,redundancy,loss_free,91,-0.8491261601448059
FashionMNIST,small,43,10,a2,redundancy,loss_free,92,-0.850032389163971
FashionMNIST,small,43,10,a2,redundancy,loss_free,93,-0.9259577393531799
FashionMNIST,small,43,10,a2,redundancy,loss_free,94,-0.7280794978141785
FashionMNIST,small,43,10,a2,redundancy,loss_free,95,-0.7591139674186707
FashionMNIST,small,43,10,a2,redundancy,loss_free,96,-0.6723794937133789
FashionMNIST,small,43,10,a2,redundancy,loss_free,97,-0.782890260219574
FashionMNIST,small,43,10,a2,redundancy,loss_free,98,-0.7072463035583496
FashionMNIST,small,43,10,a2,redundancy,loss_free,99,-0.8110077381134033
FashionMNIST,small,43,10,a2,redundancy,loss_free,100,-0.8509079217910767
FashionMNIST,small,43,10,a2,redundancy,loss_free,101,-0.8556728363037109
FashionMNIST,small,43,10,a2,redundancy,loss_free,102,-0.971493661403656
FashionMNIST,small,43,10,a2,redundancy,loss_free,103,-0.9312859177589417
FashionMNIST,small,43,10,a2,redundancy,loss_free,104,-0.6022350192070007
FashionMNIST,small,43,10,a2,redundancy,loss_free,105,-0.8527028560638428
FashionMNIST,small,43,10,a2,redundancy,loss_free,106,-0.8044405579566956
FashionMNIST,small,43,10,a2,redundancy,loss_free,107,-0.85675048828125
FashionMNIST,small,43,10,a2,redundancy,loss_free,108,-0.6786984205245972
FashionMNIST,small,43,10,a2,redundancy,loss_free,109,-0.7054004669189453
FashionMNIST,small,43,10,a2,redundancy,loss_free,110,-0.8509079217910767
FashionMNIST,small,43,10,a2,redundancy,loss_free,111,-0.901517927646637
FashionMNIST,small,43,10,a2,redundancy,loss_free,112,-0.6687414646148682
FashionMNIST,small,43,10,a2,redundancy,loss_free,113,-0.8602325320243835
FashionMNIST,small,43,10,a2,redundancy,loss_free,114,-0.4826095402240753
FashionMNIST,small,43,10,a2,redundancy,loss_free,115,-0.7280794978141785
FashionMNIST,small,43,10,a2,redundancy,loss_free,116,-0.7699899077415466
FashionMNIST,small,43,10,a2,redundancy,loss_free,117,-0.9259577393531799
FashionMNIST,small,43,10,a2,redundancy,loss_free,118,-0.5345896482467651
FashionMNIST,small,43,10,a2,redundancy,loss_free,119,-0.6541644930839539
FashionMNIST,small,43,10,a2,redundancy,loss_free,120,-0.993389368057251
FashionMNIST,small,43,10,a2,redundancy,loss_free,121,-0.6398607492446899
FashionMNIST,small,43,10,a2,redundancy,loss_free,122,-0.9027279615402222
FashionMNIST,small,43,10,a2,redundancy,loss_free,123,-0.7979443073272705
FashionMNIST,small,43,10,a2,redundancy,loss_free,124,-0.7447642087936401
FashionMNIST,small,43,10,a2,redundancy,loss_free,125,-0.7910658121109009
FashionMNIST,small,43,10,a2,redundancy,loss_free,126,-0.0
FashionMNIST,small,43,10,a2,redundancy,loss_free,127,-0.7252637147903442
FashionMNIST,small,43,10,a1,hebbian,loss_free,0,0.12456668168306351
FashionMNIST,small,43,10,a1,hebbian,loss_free,1,0.0015143390046432614
FashionMNIST,small,43,10,a1,hebbian,loss_free,2,0.03242775797843933
FashionMNIST,small,43,10,a1,hebbian,loss_free,3,0.14078760147094727
FashionMNIST,small,43,10,a1,hebbian,loss_free,4,0.02873864769935608
FashionMNIST,small,43,10,a1,hebbian,loss_free,5,0.04074501246213913
FashionMNIST,small,43,10,a1,hebbian,loss_free,6,0.046158384531736374
FashionMNIST,small,43,10,a1,hebbian,loss_free,7,0.14412593841552734
FashionMNIST,small,43,10,a1,hebbian,loss_free,8,0.05391862243413925
FashionMNIST,small,43,10,a1,hebbian,loss_free,9,0.7126666307449341
FashionMNIST,small,43,10,a1,hebbian,loss_free,10,0.1053524985909462
FashionMNIST,small,43,10,a1,hebbian,loss_free,11,0.009550848044455051
FashionMNIST,small,43,10,a1,hebbian,loss_free,12,0.01854364387691021
FashionMNIST,small,43,10,a1,hebbian,loss_free,13,0.025957899168133736
FashionMNIST,small,43,10,a1,hebbian,loss_free,14,0.05776060000061989
FashionMNIST,small,43,10,a1,hebbian,loss_free,15,0.03966858237981796
FashionMNIST,small,43,10,a1,hebbian,loss_free,16,0.2827828824520111
FashionMNIST,small,43,10,a1,hebbian,loss_free,17,0.11539358645677567
FashionMNIST,small,43,10,a1,hebbian,loss_free,18,0.0866994634270668
FashionMNIST,small,43,10,a1,hebbian,loss_free,19,0.05479918420314789
FashionMNIST,small,43,10,a1,hebbian,loss_free,20,0.08346042037010193
FashionMNIST,small,43,10,a1,hebbian,loss_free,21,0.010276603512465954
FashionMNIST,small,43,10,a1,hebbian,loss_free,22,0.05282776057720184
FashionMNIST,small,43,10,a1,hebbian,loss_free,23,0.023934561759233475
FashionMNIST,small,43,10,a1,hebbian,loss_free,24,0.048811476677656174
FashionMNIST,small,43,10,a1,hebbian,loss_free,25,0.40128546953201294
FashionMNIST,small,43,10,a1,hebbian,loss_free,26,0.003344689030200243
FashionMNIST,small,43,10,a1,hebbian,loss_free,27,0.1719859540462494
FashionMNIST,small,43,10,a1,hebbian,loss_free,28,0.23489753901958466
FashionMNIST,small,43,10,a1,hebbian,loss_free,29,0.008802976459264755
FashionMNIST,small,43,10,a1,hebbian,loss_free,30,0.004855815786868334
FashionMNIST,small,43,10,a1,hebbian,loss_free,31,0.050565265119075775
FashionMNIST,small,43,10,a1,hebbian,loss_free,32,0.14257808029651642
FashionMNIST,small,43,10,a1,hebbian,loss_free,33,0.16369237005710602
FashionMNIST,small,43,10,a1,hebbian,loss_free,34,0.10317235440015793
FashionMNIST,small,43,10,a1,hebbian,loss_free,35,0.09165719151496887
FashionMNIST,small,43,10,a1,hebbian,loss_free,36,0.19819296896457672
FashionMNIST,small,43,10,a1,hebbian,loss_free,37,0.013056913390755653
FashionMNIST,small,43,10,a1,hebbian,loss_free,38,0.008043212816119194
FashionMNIST,small,43,10,a1,hebbian,loss_free,39,0.0513596311211586
FashionMNIST,small,43,10,a1,hebbian,loss_free,40,0.13330046832561493
FashionMNIST,small,43,10,a1,hebbian,loss_free,41,0.029353145509958267
FashionMNIST,small,43,10,a1,hebbian,loss_free,42,0.012468679808080196
FashionMNIST,small,43,10,a1,hebbian,loss_free,43,0.020511353388428688
FashionMNIST,small,43,10,a1,hebbian,loss_free,44,0.010427933186292648
FashionMNIST,small,43,10,a1,hebbian,loss_free,45,0.01702961139380932
FashionMNIST,small,43,10,a1,hebbian,loss_free,46,0.03617327660322189
FashionMNIST,small,43,10,a1,hebbian,loss_free,47,0.1999274492263794
FashionMNIST,small,43,10,a1,hebbian,loss_free,48,0.23757056891918182
FashionMNIST,small,43,10,a1,hebbian,loss_free,49,0.03345325216650963
FashionMNIST,small,43,10,a1,hebbian,loss_free,50,0.044263843446969986
FashionMNIST,small,43,10,a1,hebbian,loss_free,51,0.02738063968718052
FashionMNIST,small,43,10,a1,hebbian,loss_free,52,0.01860048994421959
FashionMNIST,small,43,10,a1,hebbian,loss_free,53,0.15542717278003693
FashionMNIST,small,43,10,a1,hebbian,loss_free,54,0.0029668211936950684
FashionMNIST,small,43,10,a1,hebbian,loss_free,55,0.0011108687613159418
FashionMNIST,small,43,10,a1,hebbian,loss_free,56,0.04275176674127579
FashionMNIST,small,43,10,a1,hebbian,loss_free,57,0.02072376199066639
FashionMNIST,small,43,10,a1,hebbian,loss_free,58,0.11006954312324524
FashionMNIST,small,43,10,a1,hebbian,loss_free,59,0.0
FashionMNIST,small,43,10,a1,hebbian,loss_free,60,0.3850644826889038
FashionMNIST,small,43,10,a1,hebbian,loss_free,61,0.030025361105799675
FashionMNIST,small,43,10,a1,hebbian,loss_free,62,0.07300012558698654
FashionMNIST,small,43,10,a1,hebbian,loss_free,63,0.007516414858400822
FashionMNIST,small,43,10,a1,hebbian,loss_free,64,0.10140889883041382
FashionMNIST,small,43,10,a1,hebbian,loss_free,65,0.005204726476222277
FashionMNIST,small,43,10,a1,hebbian,loss_free,66,0.00894638430327177
FashionMNIST,small,43,10,a1,hebbian,loss_free,67,0.1233137771487236
FashionMNIST,small,43,10,a1,hebbian,loss_free,68,0.1169721931219101
FashionMNIST,small,43,10,a1,hebbian,loss_free,69,0.10850941389799118
FashionMNIST,small,43,10,a1,hebbian,loss_free,70,0.6167681217193604
FashionMNIST,small,43,10,a1,hebbian,loss_free,71,0.24368412792682648
FashionMNIST,small,43,10,a1,hebbian,loss_free,72,0.11720126122236252
FashionMNIST,small,43,10,a1,hebbian,loss_free,73,0.07261066138744354
FashionMNIST,small,43,10,a1,hebbian,loss_free,74,0.005960496608167887
FashionMNIST,small,43,10,a1,hebbian,loss_free,75,0.10923227667808533
FashionMNIST,small,43,10,a1,hebbian,loss_free,76,0.11457014828920364
FashionMNIST,small,43,10,a1,hebbian,loss_free,77,0.32672563195228577
FashionMNIST,small,43,10,a1,hebbian,loss_free,78,0.09814198315143585
FashionMNIST,small,43,10,a1,hebbian,loss_free,79,0.16009019315242767
FashionMNIST,small,43,10,a1,hebbian,loss_free,80,0.06812336295843124
FashionMNIST,small,43,10,a1,hebbian,loss_free,81,0.04174642637372017
FashionMNIST,small,43,10,a1,hebbian,loss_free,82,0.04278808832168579
FashionMNIST,small,43,10,a1,hebbian,loss_free,83,0.23086553812026978
FashionMNIST,small,43,10,a1,hebbian,loss_free,84,0.223167285323143
FashionMNIST,small,43,10,a1,hebbian,loss_free,85,0.016191920265555382
FashionMNIST,small,43,10,a1,hebbian,loss_free,86,0.11926154047250748
FashionMNIST,small,43,10,a1,hebbian,loss_free,87,0.26229527592658997
FashionMNIST,small,43,10,a1,hebbian,loss_free,88,0.00844558048993349
FashionMNIST,small,43,10,a1,hebbian,loss_free,89,0.23085282742977142
FashionMNIST,small,43,10,a1,hebbian,loss_free,90,0.001295270980335772
FashionMNIST,small,43,10,a1,hebbian,loss_free,91,0.0008839278598316014
FashionMNIST,small,43,10,a1,hebbian,loss_free,92,0.020104575902223587
FashionMNIST,small,43,10,a1,hebbian,loss_free,93,0.0022854956332594156
FashionMNIST,small,43,10,a1,hebbian,loss_free,94,0.06591181457042694
FashionMNIST,small,43,10,a1,hebbian,loss_free,95,0.136785089969635
FashionMNIST,small,43,10,a1,hebbian,loss_free,96,0.12303784489631653
FashionMNIST,small,43,10,a1,hebbian,loss_free,97,0.004436131566762924
FashionMNIST,small,43,10,a1,hebbian,loss_free,98,0.1566181182861328
FashionMNIST,small,43,10,a1,hebbian,loss_free,99,0.015455007553100586
FashionMNIST,small,43,10,a1,hebbian,loss_free,100,0.1169658899307251
FashionMNIST,small,43,10,a1,hebbian,loss_free,101,0.02942398563027382
FashionMNIST,small,43,10,a1,hebbian,loss_free,102,0.056958794593811035
FashionMNIST,small,43,10,a1,hebbian,loss_free,103,0.03942058980464935
FashionMNIST,small,43,10,a1,hebbian,loss_free,104,0.11216089129447937
FashionMNIST,small,43,10,a1,hebbian,loss_free,105,0.1961364597082138
FashionMNIST,small,43,10,a1,hebbian,loss_free,106,0.1806555986404419
FashionMNIST,small,43,10,a1,hebbian,loss_free,107,0.008721735328435898
FashionMNIST,small,43,10,a1,hebbian,loss_free,108,0.007462440524250269
FashionMNIST,small,43,10,a1,hebbian,loss_free,109,0.0004945890977978706
FashionMNIST,small,43,10,a1,hebbian,loss_free,110,0.05188021808862686
FashionMNIST,small,43,10,a1,hebbian,loss_free,111,0.0863642767071724
FashionMNIST,small,43,10,a1,hebbian,loss_free,112,0.4985561668872833
FashionMNIST,small,43,10,a1,hebbian,loss_free,113,0.003678838489577174
FashionMNIST,small,43,10,a1,hebbian,loss_free,114,0.052954643964767456
FashionMNIST,small,43,10,a1,hebbian,loss_free,115,0.03009706735610962
FashionMNIST,small,43,10,a1,hebbian,loss_free,116,0.1253168135881424
FashionMNIST,small,43,10,a1,hebbian,loss_free,117,0.110167495906353
FashionMNIST,small,43,10,a1,hebbian,loss_free,118,0.016164030879735947
FashionMNIST,small,43,10,a1,hebbian,loss_free,119,0.16052480041980743
FashionMNIST,small,43,10,a1,hebbian,loss_free,120,0.06428363174200058
FashionMNIST,small,43,10,a1,hebbian,loss_free,121,0.11170871555805206
FashionMNIST,small,43,10,a1,hebbian,loss_free,122,0.03264801204204559
FashionMNIST,small,43,10,a1,hebbian,loss_free,123,0.02144412137567997
FashionMNIST,small,43,10,a1,hebbian,loss_free,124,0.1115632876753807
FashionMNIST,small,43,10,a1,hebbian,loss_free,125,0.09223496168851852
FashionMNIST,small,43,10,a1,hebbian,loss_free,126,0.056647635996341705
FashionMNIST,small,43,10,a1,hebbian,loss_free,127,0.17133019864559174
FashionMNIST,small,43,10,a1,hebbian,loss_free,128,0.11934368312358856
FashionMNIST,small,43,10,a1,hebbian,loss_free,129,0.5273143649101257
FashionMNIST,small,43,10,a1,hebbian,loss_free,130,0.23102107644081116
FashionMNIST,small,43,10,a1,hebbian,loss_free,131,0.2571599781513214
FashionMNIST,small,43,10,a1,hebbian,loss_free,132,0.11798498034477234
FashionMNIST,small,43,10,a1,hebbian,loss_free,133,0.04869624599814415
FashionMNIST,small,43,10,a1,hebbian,loss_free,134,0.17008206248283386
FashionMNIST,small,43,10,a1,hebbian,loss_free,135,0.11453419178724289
FashionMNIST,small,43,10,a1,hebbian,loss_free,136,0.014914621599018574
FashionMNIST,small,43,10,a1,hebbian,loss_free,137,0.024892527610063553
FashionMNIST,small,43,10,a1,hebbian,loss_free,138,0.004389083478599787
FashionMNIST,small,43,10,a1,hebbian,loss_free,139,0.10744190216064453
FashionMNIST,small,43,10,a1,hebbian,loss_free,140,0.01770182140171528
FashionMNIST,small,43,10,a1,hebbian,loss_free,141,0.02120101824402809
FashionMNIST,small,43,10,a1,hebbian,loss_free,142,0.0651894211769104
FashionMNIST,small,43,10,a1,hebbian,loss_free,143,0.16206637024879456
FashionMNIST,small,43,10,a1,hebbian,loss_free,144,0.0030451759230345488
FashionMNIST,small,43,10,a1,hebbian,loss_free,145,0.05357283353805542
FashionMNIST,small,43,10,a1,hebbian,loss_free,146,0.021139169111847878
FashionMNIST,small,43,10,a1,hebbian,loss_free,147,0.03883124515414238
FashionMNIST,small,43,10,a1,hebbian,loss_free,148,0.07695973664522171
FashionMNIST,small,43,10,a1,hebbian,loss_free,149,0.04013148695230484
FashionMNIST,small,43,10,a1,hebbian,loss_free,150,0.28715991973876953
FashionMNIST,small,43,10,a1,hebbian,loss_free,151,0.04859568178653717
FashionMNIST,small,43,10,a1,hebbian,loss_free,152,0.008733466267585754
FashionMNIST,small,43,10,a1,hebbian,loss_free,153,0.04422547295689583
FashionMNIST,small,43,10,a1,hebbian,loss_free,154,0.026452166959643364
FashionMNIST,small,43,10,a1,hebbian,loss_free,155,0.035004399716854095
FashionMNIST,small,43,10,a1,hebbian,loss_free,156,0.01653098315000534
FashionMNIST,small,43,10,a1,hebbian,loss_free,157,0.00716722896322608
FashionMNIST,small,43,10,a1,hebbian,loss_free,158,0.12189112603664398
FashionMNIST,small,43,10,a1,hebbian,loss_free,159,0.054090216755867004
FashionMNIST,small,43,10,a1,hebbian,loss_free,160,0.15814046561717987
FashionMNIST,small,43,10,a1,hebbian,loss_free,161,0.010481479577720165
FashionMNIST,small,43,10,a1,hebbian,loss_free,162,0.05704483017325401
FashionMNIST,small,43,10,a1,hebbian,loss_free,163,0.0892886221408844
FashionMNIST,small,43,10,a1,hebbian,loss_free,164,0.043949373066425323
FashionMNIST,small,43,10,a1,hebbian,loss_free,165,0.0027855930384248495
FashionMNIST,small,43,10,a1,hebbian,loss_free,166,0.12352433800697327
FashionMNIST,small,43,10,a1,hebbian,loss_free,167,0.03219912201166153
FashionMNIST,small,43,10,a1,hebbian,loss_free,168,0.01380427461117506
FashionMNIST,small,43,10,a1,hebbian,loss_free,169,0.0037767135072499514
FashionMNIST,small,43,10,a1,hebbian,loss_free,170,0.06432180851697922
FashionMNIST,small,43,10,a1,hebbian,loss_free,171,0.02072424255311489
FashionMNIST,small,43,10,a1,hebbian,loss_free,172,0.18288640677928925
FashionMNIST,small,43,10,a1,hebbian,loss_free,173,0.05116107687354088
FashionMNIST,small,43,10,a1,hebbian,loss_free,174,0.16116628050804138
FashionMNIST,small,43,10,a1,hebbian,loss_free,175,0.03515549376606941
FashionMNIST,small,43,10,a1,hebbian,loss_free,176,8.00414223789403e-09
FashionMNIST,small,43,10,a1,hebbian,loss_free,177,0.005163112655282021
FashionMNIST,small,43,10,a1,hebbian,loss_free,178,0.07751353830099106
FashionMNIST,small,43,10,a1,hebbian,loss_free,179,0.008008663542568684
FashionMNIST,small,43,10,a1,hebbian,loss_free,180,0.01505487784743309
FashionMNIST,small,43,10,a1,hebbian,loss_free,181,0.01408941950649023
FashionMNIST,small,43,10,a1,hebbian,loss_free,182,0.0015264454996213317
FashionMNIST,small,43,10,a1,hebbian,loss_free,183,0.032349906861782074
FashionMNIST,small,43,10,a1,hebbian,loss_free,184,0.19635716080665588
FashionMNIST,small,43,10,a1,hebbian,loss_free,185,0.06635651737451553
FashionMNIST,small,43,10,a1,hebbian,loss_free,186,0.06886279582977295
FashionMNIST,small,43,10,a1,hebbian,loss_free,187,0.20366482436656952
FashionMNIST,small,43,10,a1,hebbian,loss_free,188,0.18606480956077576
FashionMNIST,small,43,10,a1,hebbian,loss_free,189,0.007008203770965338
FashionMNIST,small,43,10,a1,hebbian,loss_free,190,0.11087671667337418
FashionMNIST,small,43,10,a1,hebbian,loss_free,191,0.028420059010386467
FashionMNIST,small,43,10,a1,hebbian,loss_free,192,0.14569443464279175
FashionMNIST,small,43,10,a1,hebbian,loss_free,193,0.009566783905029297
FashionMNIST,small,43,10,a1,hebbian,loss_free,194,0.07208812236785889
FashionMNIST,small,43,10,a1,hebbian,loss_free,195,0.2774147689342499
FashionMNIST,small,43,10,a1,hebbian,loss_free,196,0.009598652832210064
FashionMNIST,small,43,10,a1,hebbian,loss_free,197,0.001246597501449287
FashionMNIST,small,43,10,a1,hebbian,loss_free,198,0.01562088169157505
FashionMNIST,small,43,10,a1,hebbian,loss_free,199,0.149400532245636
FashionMNIST,small,43,10,a1,hebbian,loss_free,200,0.06134237349033356
FashionMNIST,small,43,10,a1,hebbian,loss_free,201,0.2369469404220581
FashionMNIST,small,43,10,a1,hebbian,loss_free,202,0.0005702429916709661
FashionMNIST,small,43,10,a1,hebbian,loss_free,203,0.08560112863779068
FashionMNIST,small,43,10,a1,hebbian,loss_free,204,0.05643785372376442
FashionMNIST,small,43,10,a1,hebbian,loss_free,205,0.07383187115192413
FashionMNIST,small,43,10,a1,hebbian,loss_free,206,0.1123361811041832
FashionMNIST,small,43,10,a1,hebbian,loss_free,207,0.01622646674513817
FashionMNIST,small,43,10,a1,hebbian,loss_free,208,0.12148908525705338
FashionMNIST,small,43,10,a1,hebbian,loss_free,209,0.00673782080411911
FashionMNIST,small,43,10,a1,hebbian,loss_free,210,0.03184711933135986
FashionMNIST,small,43,10,a1,hebbian,loss_free,211,0.004842163063585758
FashionMNIST,small,43,10,a1,hebbian,loss_free,212,0.1479085385799408
FashionMNIST,small,43,10,a1,hebbian,loss_free,213,0.0053323302417993546
FashionMNIST,small,43,10,a1,hebbian,loss_free,214,0.2549505829811096
FashionMNIST,small,43,10,a1,hebbian,loss_free,215,0.2861483693122864
FashionMNIST,small,43,10,a1,hebbian,loss_free,216,0.003604226280003786
FashionMNIST,small,43,10,a1,hebbian,loss_free,217,0.1889491081237793
FashionMNIST,small,43,10,a1,hebbian,loss_free,218,0.0805000439286232
FashionMNIST,small,43,10,a1,hebbian,loss_free,219,0.16047368943691254
FashionMNIST,small,43,10,a1,hebbian,loss_free,220,0.017644498497247696
FashionMNIST,small,43,10,a1,hebbian,loss_free,221,0.03174949437379837
FashionMNIST,small,43,10,a1,hebbian,loss_free,222,0.04238450154662132
FashionMNIST,small,43,10,a1,hebbian,loss_free,223,0.12803156673908234
FashionMNIST,small,43,10,a1,hebbian,loss_free,224,0.030953923240303993
FashionMNIST,small,43,10,a1,hebbian,loss_free,225,0.050519514828920364
FashionMNIST,small,43,10,a1,hebbian,loss_free,226,0.1598590612411499
FashionMNIST,small,43,10,a1,hebbian,loss_free,227,0.10523929446935654
FashionMNIST,small,43,10,a1,hebbian,loss_free,228,0.03690443933010101
FashionMNIST,small,43,10,a1,hebbian,loss_free,229,0.12577824294567108
FashionMNIST,small,43,10,a1,hebbian,loss_free,230,0.07493708282709122
FashionMNIST,small,43,10,a1,hebbian,loss_free,231,0.08836917579174042
FashionMNIST,small,43,10,a1,hebbian,loss_free,232,0.21693594753742218
FashionMNIST,small,43,10,a1,hebbian,loss_free,233,0.00923819188028574
FashionMNIST,small,43,10,a1,hebbian,loss_free,234,0.009690118953585625
FashionMNIST,small,43,10,a1,hebbian,loss_free,235,0.0009700622758828104
FashionMNIST,small,43,10,a1,hebbian,loss_free,236,0.00609749648720026
FashionMNIST,small,43,10,a1,hebbian,loss_free,237,0.015909772366285324
FashionMNIST,small,43,10,a1,hebbian,loss_free,238,0.04365634173154831
FashionMNIST,small,43,10,a1,hebbian,loss_free,239,0.06161133572459221
FashionMNIST,small,43,10,a1,hebbian,loss_free,240,0.04901454597711563
FashionMNIST,small,43,10,a1,hebbian,loss_free,241,0.09738714247941971
FashionMNIST,small,43,10,a1,hebbian,loss_free,242,0.012118373066186905
FashionMNIST,small,43,10,a1,hebbian,loss_free,243,0.003397876862436533
FashionMNIST,small,43,10,a1,hebbian,loss_free,244,0.01626964472234249
FashionMNIST,small,43,10,a1,hebbian,loss_free,245,0.04201488196849823
FashionMNIST,small,43,10,a1,hebbian,loss_free,246,0.009499648585915565
FashionMNIST,small,43,10,a1,hebbian,loss_free,247,0.06355252116918564
FashionMNIST,small,43,10,a1,hebbian,loss_free,248,0.01134579349309206
FashionMNIST,small,43,10,a1,hebbian,loss_free,249,0.48709040880203247
FashionMNIST,small,43,10,a1,hebbian,loss_free,250,0.016064465045928955
FashionMNIST,small,43,10,a1,hebbian,loss_free,251,0.6289590001106262
FashionMNIST,small,43,10,a1,hebbian,loss_free,252,0.00018938984430860728
FashionMNIST,small,43,10,a1,hebbian,loss_free,253,0.14449439942836761
FashionMNIST,small,43,10,a1,hebbian,loss_free,254,0.0056793405674397945
FashionMNIST,small,43,10,a1,hebbian,loss_free,255,0.03633744269609451
FashionMNIST,small,43,10,a2,hebbian,loss_free,0,0.003525569336488843
FashionMNIST,small,43,10,a2,hebbian,loss_free,1,0.05090748146176338
FashionMNIST,small,43,10,a2,hebbian,loss_free,2,0.20132024586200714
FashionMNIST,small,43,10,a2,hebbian,loss_free,3,0.0711316466331482
FashionMNIST,small,43,10,a2,hebbian,loss_free,4,0.0032185998279601336
FashionMNIST,small,43,10,a2,hebbian,loss_free,5,0.24649405479431152
FashionMNIST,small,43,10,a2,hebbian,loss_free,6,0.12147515267133713
FashionMNIST,small,43,10,a2,hebbian,loss_free,7,0.114982970058918
FashionMNIST,small,43,10,a2,hebbian,loss_free,8,0.19841834902763367
FashionMNIST,small,43,10,a2,hebbian,loss_free,9,0.006118368823081255
FashionMNIST,small,43,10,a2,hebbian,loss_free,10,0.04484287649393082
FashionMNIST,small,43,10,a2,hebbian,loss_free,11,0.2269309014081955
FashionMNIST,small,43,10,a2,hebbian,loss_free,12,0.05680588260293007
FashionMNIST,small,43,10,a2,hebbian,loss_free,13,0.09880822151899338
FashionMNIST,small,43,10,a2,hebbian,loss_free,14,0.017575694248080254
FashionMNIST,small,43,10,a2,hebbian,loss_free,15,0.03990931436419487
FashionMNIST,small,43,10,a2,hebbian,loss_free,16,0.3086778223514557
FashionMNIST,small,43,10,a2,hebbian,loss_free,17,0.3319695293903351
FashionMNIST,small,43,10,a2,hebbian,loss_free,18,0.06610949337482452
FashionMNIST,small,43,10,a2,hebbian,loss_free,19,0.07584808766841888
FashionMNIST,small,43,10,a2,hebbian,loss_free,20,0.053698595613241196
FashionMNIST,small,43,10,a2,hebbian,loss_free,21,0.035885415971279144
FashionMNIST,small,43,10,a2,hebbian,loss_free,22,0.016036218032240868
FashionMNIST,small,43,10,a2,hebbian,loss_free,23,0.05599097162485123
FashionMNIST,small,43,10,a2,hebbian,loss_free,24,0.017174165695905685
FashionMNIST,small,43,10,a2,hebbian,loss_free,25,0.0371156744658947
FashionMNIST,small,43,10,a2,hebbian,loss_free,26,0.1448211371898651
FashionMNIST,small,43,10,a2,hebbian,loss_free,27,0.05589761584997177
FashionMNIST,small,43,10,a2,hebbian,loss_free,28,0.017710883170366287
FashionMNIST,small,43,10,a2,hebbian,loss_free,29,0.0018849483458325267
FashionMNIST,small,43,10,a2,hebbian,loss_free,30,1.915391294460278e-06
FashionMNIST,small,43,10,a2,hebbian,loss_free,31,0.2840425968170166
FashionMNIST,small,43,10,a2,hebbian,loss_free,32,0.04911305010318756
FashionMNIST,small,43,10,a2,hebbian,loss_free,33,0.0929904356598854
FashionMNIST,small,43,10,a2,hebbian,loss_free,34,0.03302902728319168
FashionMNIST,small,43,10,a2,hebbian,loss_free,35,0.00791462603956461
FashionMNIST,small,43,10,a2,hebbian,loss_free,36,0.05811404064297676
FashionMNIST,small,43,10,a2,hebbian,loss_free,37,0.04937754198908806
FashionMNIST,small,43,10,a2,hebbian,loss_free,38,0.2690044641494751
FashionMNIST,small,43,10,a2,hebbian,loss_free,39,0.09563053399324417
FashionMNIST,small,43,10,a2,hebbian,loss_free,40,0.029928943142294884
FashionMNIST,small,43,10,a2,hebbian,loss_free,41,0.010900515131652355
FashionMNIST,small,43,10,a2,hebbian,loss_free,42,0.03321031481027603
FashionMNIST,small,43,10,a2,hebbian,loss_free,43,0.04798566550016403
FashionMNIST,small,43,10,a2,hebbian,loss_free,44,0.056122396141290665
FashionMNIST,small,43,10,a2,hebbian,loss_free,45,0.09106501936912537
FashionMNIST,small,43,10,a2,hebbian,loss_free,46,0.08020815253257751
FashionMNIST,small,43,10,a2,hebbian,loss_free,47,0.04042841121554375
FashionMNIST,small,43,10,a2,hebbian,loss_free,48,0.09209628403186798
FashionMNIST,small,43,10,a2,hebbian,loss_free,49,0.06675472855567932
FashionMNIST,small,43,10,a2,hebbian,loss_free,50,0.17377525568008423
FashionMNIST,small,43,10,a2,hebbian,loss_free,51,0.10406075417995453
FashionMNIST,small,43,10,a2,hebbian,loss_free,52,0.10165929794311523
FashionMNIST,small,43,10,a2,hebbian,loss_free,53,0.02935430034995079
FashionMNIST,small,43,10,a2,hebbian,loss_free,54,0.1939031481742859
FashionMNIST,small,43,10,a2,hebbian,loss_free,55,0.045717302709817886
FashionMNIST,small,43,10,a2,hebbian,loss_free,56,8.888921729521826e-05
FashionMNIST,small,43,10,a2,hebbian,loss_free,57,0.05485691875219345
FashionMNIST,small,43,10,a2,hebbian,loss_free,58,0.10873487591743469
FashionMNIST,small,43,10,a2,hebbian,loss_free,59,0.04965376853942871
FashionMNIST,small,43,10,a2,hebbian,loss_free,60,0.036236830055713654
FashionMNIST,small,43,10,a2,hebbian,loss_free,61,0.03465849533677101
FashionMNIST,small,43,10,a2,hebbian,loss_free,62,0.0544220432639122
FashionMNIST,small,43,10,a2,hebbian,loss_free,63,0.04570281133055687
FashionMNIST,small,43,10,a2,hebbian,loss_free,64,0.11613153666257858
FashionMNIST,small,43,10,a2,hebbian,loss_free,65,0.21035361289978027
FashionMNIST,small,43,10,a2,hebbian,loss_free,66,0.056263528764247894
FashionMNIST,small,43,10,a2,hebbian,loss_free,67,0.05431890860199928
FashionMNIST,small,43,10,a2,hebbian,loss_free,68,0.04612390697002411
FashionMNIST,small,43,10,a2,hebbian,loss_free,69,0.04925868660211563
FashionMNIST,small,43,10,a2,hebbian,loss_free,70,0.3720375597476959
FashionMNIST,small,43,10,a2,hebbian,loss_free,71,0.028307277709245682
FashionMNIST,small,43,10,a2,hebbian,loss_free,72,0.07768493890762329
FashionMNIST,small,43,10,a2,hebbian,loss_free,73,0.22252582013607025
FashionMNIST,small,43,10,a2,hebbian,loss_free,74,0.0018102281028404832
FashionMNIST,small,43,10,a2,hebbian,loss_free,75,0.0185928326100111
FashionMNIST,small,43,10,a2,hebbian,loss_free,76,0.187092125415802
FashionMNIST,small,43,10,a2,hebbian,loss_free,77,0.06305620074272156
FashionMNIST,small,43,10,a2,hebbian,loss_free,78,0.0574931800365448
FashionMNIST,small,43,10,a2,hebbian,loss_free,79,0.025254009291529655
FashionMNIST,small,43,10,a2,hebbian,loss_free,80,0.22176632285118103
FashionMNIST,small,43,10,a2,hebbian,loss_free,81,0.12045907229185104
FashionMNIST,small,43,10,a2,hebbian,loss_free,82,0.16617511212825775
FashionMNIST,small,43,10,a2,hebbian,loss_free,83,0.05551115795969963
FashionMNIST,small,43,10,a2,hebbian,loss_free,84,0.07633794099092484
FashionMNIST,small,43,10,a2,hebbian,loss_free,85,0.05713373050093651
FashionMNIST,small,43,10,a2,hebbian,loss_free,86,0.097892627120018
FashionMNIST,small,43,10,a2,hebbian,loss_free,87,0.16325265169143677
FashionMNIST,small,43,10,a2,hebbian,loss_free,88,0.060111042112112045
FashionMNIST,small,43,10,a2,hebbian,loss_free,89,0.22558431327342987
FashionMNIST,small,43,10,a2,hebbian,loss_free,90,0.09284013509750366
FashionMNIST,small,43,10,a2,hebbian,loss_free,91,0.02124275080859661
FashionMNIST,small,43,10,a2,hebbian,loss_free,92,0.20892031490802765
FashionMNIST,small,43,10,a2,hebbian,loss_free,93,0.16080738604068756
FashionMNIST,small,43,10,a2,hebbian,loss_free,94,0.00999421626329422
FashionMNIST,small,43,10,a2,hebbian,loss_free,95,0.24348421394824982
FashionMNIST,small,43,10,a2,hebbian,loss_free,96,0.014861123636364937
FashionMNIST,small,43,10,a2,hebbian,loss_free,97,0.2367880791425705
FashionMNIST,small,43,10,a2,hebbian,loss_free,98,0.027800045907497406
FashionMNIST,small,43,10,a2,hebbian,loss_free,99,0.19019685685634613
FashionMNIST,small,43,10,a2,hebbian,loss_free,100,0.09938110411167145
FashionMNIST,small,43,10,a2,hebbian,loss_free,101,0.11044187098741531
FashionMNIST,small,43,10,a2,hebbian,loss_free,102,0.12357471138238907
FashionMNIST,small,43,10,a2,hebbian,loss_free,103,0.0962599590420723
FashionMNIST,small,43,10,a2,hebbian,loss_free,104,0.036850184202194214
FashionMNIST,small,43,10,a2,hebbian,loss_free,105,0.0682903304696083
FashionMNIST,small,43,10,a2,hebbian,loss_free,106,0.03703993558883667
FashionMNIST,small,43,10,a2,hebbian,loss_free,107,0.15523919463157654
FashionMNIST,small,43,10,a2,hebbian,loss_free,108,0.011942075565457344
FashionMNIST,small,43,10,a2,hebbian,loss_free,109,0.055853769183158875
FashionMNIST,small,43,10,a2,hebbian,loss_free,110,0.08985617011785507
FashionMNIST,small,43,10,a2,hebbian,loss_free,111,0.07704195380210876
FashionMNIST,small,43,10,a2,hebbian,loss_free,112,0.06248168647289276
FashionMNIST,small,43,10,a2,hebbian,loss_free,113,0.04011222720146179
FashionMNIST,small,43,10,a2,hebbian,loss_free,114,0.00010937717888737097
FashionMNIST,small,43,10,a2,hebbian,loss_free,115,0.03812200203537941
FashionMNIST,small,43,10,a2,hebbian,loss_free,116,0.06580116599798203
FashionMNIST,small,43,10,a2,hebbian,loss_free,117,0.23208323121070862
FashionMNIST,small,43,10,a2,hebbian,loss_free,118,0.02151007018983364
FashionMNIST,small,43,10,a2,hebbian,loss_free,119,0.09002058953046799
FashionMNIST,small,43,10,a2,hebbian,loss_free,120,0.041241344064474106
FashionMNIST,small,43,10,a2,hebbian,loss_free,121,0.07422749698162079
FashionMNIST,small,43,10,a2,hebbian,loss_free,122,0.013081184588372707
FashionMNIST,small,43,10,a2,hebbian,loss_free,123,0.17348606884479523
FashionMNIST,small,43,10,a2,hebbian,loss_free,124,0.14791662991046906
FashionMNIST,small,43,10,a2,hebbian,loss_free,125,0.014592496678233147
FashionMNIST,small,43,10,a2,hebbian,loss_free,126,0.0
FashionMNIST,small,43,10,a2,hebbian,loss_free,127,0.1104159876704216
FashionMNIST,small,43,10,a1,activation_fisher,loss_aware,0,0.0005085126031190157
FashionMNIST,small,43,10,a1,activation_fisher,loss_aware,1,3.478159487713128e-05
FashionMNIST,small,43,10,a1,activation_fisher,loss_aware,2,0.0003146033559460193
FashionMNIST,small,43,10,a1,activation_fisher,loss_aware,3,0.0013558358186855912
FashionMNIST,small,43,10,a1,activation_fisher,loss_aware,4,0.0006411889917217195
FashionMNIST,small,43,10,a1,activation_fisher,loss_aware,5,0.00016701201093383133
FashionMNIST,small,43,10,a1,activation_fisher,loss_aware,6,0.00018093084509018809
FashionMNIST,small,43,10,a1,activation_fisher,loss_aware,7,0.0005538345430977643
FashionMNIST,small,43,10,a1,activation_fisher,loss_aware,8,0.00029281238676048815
FashionMNIST,small,43,10,a1,activation_fisher,loss_aware,9,0.004478617571294308
FashionMNIST,small,43,10,a1,activation_fisher,loss_aware,10,0.0005781715735793114
FashionMNIST,small,43,10,a1,activation_fisher,loss_aware,11,9.270659938920289e-05
FashionMNIST,small,43,10,a1,activation_fisher,loss_aware,12,0.0007312853122130036
FashionMNIST,small,43,10,a1,activation_fisher,loss_aware,13,0.0002730313572101295
FashionMNIST,small,43,10,a1,activation_fisher,loss_aware,14,0.0001493044983362779
FashionMNIST,small,43,10,a1,activation_fisher,loss_aware,15,0.0008435061317868531
FashionMNIST,small,43,10,a1,activation_fisher,loss_aware,16,0.001047843717969954
FashionMNIST,small,43,10,a1,activation_fisher,loss_aware,17,0.0019046961097046733
FashionMNIST,small,43,10,a1,activation_fisher,loss_aware,18,0.0012284310068935156
FashionMNIST,small,43,10,a1,activation_fisher,loss_aware,19,8.062695997068658e-05
FashionMNIST,small,43,10,a1,activation_fisher,loss_aware,20,0.0005985349416732788
FashionMNIST,small,43,10,a1,activation_fisher,loss_aware,21,0.00048573222011327744
FashionMNIST,small,43,10,a1,activation_fisher,loss_aware,22,0.001035873661749065
FashionMNIST,small,43,10,a1,activation_fisher,loss_aware,23,0.00035029021091759205
FashionMNIST,small,43,10,a1,activation_fisher,loss_aware,24,0.0001320021110586822
FashionMNIST,small,43,10,a1,activation_fisher,loss_aware,25,0.002111520618200302
FashionMNIST,small,43,10,a1,activation_fisher,loss_aware,26,7.117950735846534e-05
FashionMNIST,small,43,10,a1,activation_fisher,loss_aware,27,0.001141933142207563
FashionMNIST,small,43,10,a1,activation_fisher,loss_aware,28,0.004444417078047991
FashionMNIST,small,43,10,a1,activation_fisher,loss_aware,29,0.0013032732531428337
FashionMNIST,small,43,10,a1,activation_fisher,loss_aware,30,4.091846858500503e-05
FashionMNIST,small,43,10,a1,activation_fisher,loss_aware,31,0.0004169060557615012
FashionMNIST,small,43,10,a1,activation_fisher,loss_aware,32,0.000496005464810878
FashionMNIST,small,43,10,a1,activation_fisher,loss_aware,33,0.0012214297894388437
FashionMNIST,small,43,10,a1,activation_fisher,loss_aware,34,0.0009817834943532944
FashionMNIST,small,43,10,a1,activation_fisher,loss_aware,35,0.002881110878661275
FashionMNIST,small,43,10,a1,activation_fisher,loss_aware,36,0.0004487269325181842
FashionMNIST,small,43,10,a1,activation_fisher,loss_aware,37,0.00028007669607177377
FashionMNIST,small,43,10,a1,activation_fisher,loss_aware,38,5.981374124530703e-05
FashionMNIST,small,43,10,a1,activation_fisher,loss_aware,39,0.0007624758291058242
FashionMNIST,small,43,10,a1,activation_fisher,loss_aware,40,0.0013264634180814028
FashionMNIST,small,43,10,a1,activation_fisher,loss_aware,41,0.00020406545081641525
FashionMNIST,small,43,10,a1,activation_fisher,loss_aware,42,0.0003246333508286625
FashionMNIST,small,43,10,a1,activation_fisher,loss_aware,43,0.00019150863226968795
FashionMNIST,small,43,10,a1,activation_fisher,loss_aware,44,4.9312457122141495e-06
FashionMNIST,small,43,10,a1,activation_fisher,loss_aware,45,7.0020898419898e-05
FashionMNIST,small,43,10,a1,activation_fisher,loss_aware,46,4.9957008741330355e-05
FashionMNIST,small,43,10,a1,activation_fisher,loss_aware,47,0.0006765009020455182
FashionMNIST,small,43,10,a1,activation_fisher,loss_aware,48,0.0012065668124705553
FashionMNIST,small,43,10,a1,activation_fisher,loss_aware,49,0.0011219107545912266
FashionMNIST,small,43,10,a1,activation_fisher,loss_aware,50,0.0004848735989071429
FashionMNIST,small,43,10,a1,activation_fisher,loss_aware,51,5.167596827959642e-05
FashionMNIST,small,43,10,a1,activation_fisher,loss_aware,52,8.335316670127213e-05
FashionMNIST,small,43,10,a1,activation_fisher,loss_aware,53,0.0008573515224270523
FashionMNIST,small,43,10,a1,activation_fisher,loss_aware,54,7.015286246314645e-05
FashionMNIST,small,43,10,a1,activation_fisher,loss_aware,55,0.00021600363834295422
FashionMNIST,small,43,10,a1,activation_fisher,loss_aware,56,0.00019096025789622217
FashionMNIST,small,43,10,a1,activation_fisher,loss_aware,57,0.00020447959832381457
FashionMNIST,small,43,10,a1,activation_fisher,loss_aware,58,0.0006301526445895433
FashionMNIST,small,43,10,a1,activation_fisher,loss_aware,59,0.0
FashionMNIST,small,43,10,a1,activation_fisher,loss_aware,60,0.0011720182374119759
FashionMNIST,small,43,10,a1,activation_fisher,loss_aware,61,0.0014572798972949386
FashionMNIST,small,43,10,a1,activation_fisher,loss_aware,62,0.001154153374955058
FashionMNIST,small,43,10,a1,activation_fisher,loss_aware,63,4.1144714487018064e-05
FashionMNIST,small,43,10,a1,activation_fisher,loss_aware,64,0.000727618345990777
FashionMNIST,small,43,10,a1,activation_fisher,loss_aware,65,9.441342990612611e-05
FashionMNIST,small,43,10,a1,activation_fisher,loss_aware,66,0.0019210554892197251
FashionMNIST,small,43,10,a1,activation_fisher,loss_aware,67,0.0005510859191417694
FashionMNIST,small,43,10,a1,activation_fisher,loss_aware,68,0.0002003378322115168
FashionMNIST,small,43,10,a1,activation_fisher,loss_aware,69,0.00032349987304769456
FashionMNIST,small,43,10,a1,activation_fisher,loss_aware,70,0.004091609735041857
FashionMNIST,small,43,10,a1,activation_fisher,loss_aware,71,0.0016679697437211871
FashionMNIST,small,43,10,a1,activation_fisher,loss_aware,72,0.0005714420112781227
FashionMNIST,small,43,10,a1,activation_fisher,loss_aware,73,0.0003502003091853112
FashionMNIST,small,43,10,a1,activation_fisher,loss_aware,74,5.0422633648850024e-05
FashionMNIST,small,43,10,a1,activation_fisher,loss_aware,75,0.00034388835774734616
FashionMNIST,small,43,10,a1,activation_fisher,loss_aware,76,0.0007229901384562254
FashionMNIST,small,43,10,a1,activation_fisher,loss_aware,77,0.0021732496097683907
FashionMNIST,small,43,10,a1,activation_fisher,loss_aware,78,0.00044542300747707486
FashionMNIST,small,43,10,a1,activation_fisher,loss_aware,79,0.0003443748864810914
FashionMNIST,small,43,10,a1,activation_fisher,loss_aware,80,0.00034921072074212134
FashionMNIST,small,43,10,a1,activation_fisher,loss_aware,81,0.00033285352401435375
FashionMNIST,small,43,10,a1,activation_fisher,loss_aware,82,0.0003362993011251092
FashionMNIST,small,43,10,a1,activation_fisher,loss_aware,83,0.003357451409101486
FashionMNIST,small,43,10,a1,activation_fisher,loss_aware,84,0.0022507437970489264
FashionMNIST,small,43,10,a1,activation_fisher,loss_aware,85,0.0009226641268469393
FashionMNIST,small,43,10,a1,activation_fisher,loss_aware,86,0.0006417357944883406
FashionMNIST,small,43,10,a1,activation_fisher,loss_aware,87,0.0025417841970920563
FashionMNIST,small,43,10,a1,activation_fisher,loss_aware,88,5.81044951104559e-05
FashionMNIST,small,43,10,a1,activation_fisher,loss_aware,89,0.0007565380074083805
FashionMNIST,small,43,10,a1,activation_fisher,loss_aware,90,3.2513119663235557e-07
FashionMNIST,small,43,10,a1,activation_fisher,loss_aware,91,1.4444706266658613e-06
FashionMNIST,small,43,10,a1,activation_fisher,loss_aware,92,0.0014790139393880963
FashionMNIST,small,43,10,a1,activation_fisher,loss_aware,93,9.275691263610497e-05
FashionMNIST,small,43,10,a1,activation_fisher,loss_aware,94,0.0008501216070726514
FashionMNIST,small,43,10,a1,activation_fisher,loss_aware,95,0.0009566810331307352
FashionMNIST,small,43,10,a1,activation_fisher,loss_aware,96,0.0010848506353795528
FashionMNIST,small,43,10,a1,activation_fisher,loss_aware,97,9.828955808188766e-05
FashionMNIST,small,43,10,a1,activation_fisher,loss_aware,98,0.000981160206720233
FashionMNIST,small,43,10,a1,activation_fisher,loss_aware,99,0.00011297395394649357
FashionMNIST,small,43,10,a1,activation_fisher,loss_aware,100,0.0015211892314255238
FashionMNIST,small,43,10,a1,activation_fisher,loss_aware,101,0.00020206863700877875
FashionMNIST,small,43,10,a1,activation_fisher,loss_aware,102,0.0007337450515478849
FashionMNIST,small,43,10,a1,activation_fisher,loss_aware,103,0.00018243506201542914
FashionMNIST,small,43,10,a1,activation_fisher,loss_aware,104,0.001096510561183095
FashionMNIST,small,43,10,a1,activation_fisher,loss_aware,105,0.0035288911312818527
FashionMNIST,small,43,10,a1,activation_fisher,loss_aware,106,0.00046259339433163404
FashionMNIST,small,43,10,a1,activation_fisher,loss_aware,107,0.00022485427325591445
FashionMNIST,small,43,10,a1,activation_fisher,loss_aware,108,0.00017663318431004882
FashionMNIST,small,43,10,a1,activation_fisher,loss_aware,109,9.124881762545556e-05
FashionMNIST,small,43,10,a1,activation_fisher,loss_aware,110,3.386257230886258e-05
FashionMNIST,small,43,10,a1,activation_fisher,loss_aware,111,0.00020285326172597706
FashionMNIST,small,43,10,a1,activation_fisher,loss_aware,112,0.0026027075946331024
FashionMNIST,small,43,10,a1,activation_fisher,loss_aware,113,0.0002193199616158381
FashionMNIST,small,43,10,a1,activation_fisher,loss_aware,114,0.0004282134468667209
FashionMNIST,small,43,10,a1,activation_fisher,loss_aware,115,0.00019780370348598808
FashionMNIST,small,43,10,a1,activation_fisher,loss_aware,116,0.001017051050439477
FashionMNIST,small,43,10,a1,activation_fisher,loss_aware,117,0.0031637779902666807
FashionMNIST,small,43,10,a1,activation_fisher,loss_aware,118,0.0007836458389647305
FashionMNIST,small,43,10,a1,activation_fisher,loss_aware,119,0.001838057185523212
FashionMNIST,small,43,10,a1,activation_fisher,loss_aware,120,0.0005993546801619232
FashionMNIST,small,43,10,a1,activation_fisher,loss_aware,121,0.00044321539462544024
FashionMNIST,small,43,10,a1,activation_fisher,loss_aware,122,0.0005320888012647629
FashionMNIST,small,43,10,a1,activation_fisher,loss_aware,123,0.0004116262134630233
FashionMNIST,small,43,10,a1,activation_fisher,loss_aware,124,0.0022203789558261633
FashionMNIST,small,43,10,a1,activation_fisher,loss_aware,125,0.00039373087929561734
FashionMNIST,small,43,10,a1,activation_fisher,loss_aware,126,0.0013555571204051375
FashionMNIST,small,43,10,a1,activation_fisher,loss_aware,127,0.008409969508647919
FashionMNIST,small,43,10,a1,activation_fisher,loss_aware,128,0.0010903695365414023
FashionMNIST,small,43,10,a1,activation_fisher,loss_aware,129,0.0025461369659751654
FashionMNIST,small,43,10,a1,activation_fisher,loss_aware,130,0.0007797200814820826
FashionMNIST,small,43,10,a1,activation_fisher,loss_aware,131,0.0016900068148970604
FashionMNIST,small,43,10,a1,activation_fisher,loss_aware,132,0.0015342833939939737
FashionMNIST,small,43,10,a1,activation_fisher,loss_aware,133,9.673061140347272e-05
FashionMNIST,small,43,10,a1,activation_fisher,loss_aware,134,0.002189468825235963
FashionMNIST,small,43,10,a1,activation_fisher,loss_aware,135,0.0012439843267202377
FashionMNIST,small,43,10,a1,activation_fisher,loss_aware,136,0.0006766928127035499
FashionMNIST,small,43,10,a1,activation_fisher,loss_aware,137,0.0001748344802763313
FashionMNIST,small,43,10,a1,activation_fisher,loss_aware,138,2.2732724573870655e-06
FashionMNIST,small,43,10,a1,activation_fisher,loss_aware,139,0.0013397876173257828
FashionMNIST,small,43,10,a1,activation_fisher,loss_aware,140,0.00010148470028070733
FashionMNIST,small,43,10,a1,activation_fisher,loss_aware,141,8.84494511410594e-05
FashionMNIST,small,43,10,a1,activation_fisher,loss_aware,142,0.00017275754362344742
FashionMNIST,small,43,10,a1,activation_fisher,loss_aware,143,0.0008156909607350826
FashionMNIST,small,43,10,a1,activation_fisher,loss_aware,144,6.356027824949706e-06
FashionMNIST,small,43,10,a1,activation_fisher,loss_aware,145,0.00040579051710665226
FashionMNIST,small,43,10,a1,activation_fisher,loss_aware,146,0.0005205685738474131
FashionMNIST,small,43,10,a1,activation_fisher,loss_aware,147,0.0002671140537131578
FashionMNIST,small,43,10,a1,activation_fisher,loss_aware,148,0.0008470251341350377
FashionMNIST,small,43,10,a1,activation_fisher,loss_aware,149,0.0012775090290233493
FashionMNIST,small,43,10,a1,activation_fisher,loss_aware,150,0.0040051816031336784
FashionMNIST,small,43,10,a1,activation_fisher,loss_aware,151,0.0006016282713972032
FashionMNIST,small,43,10,a1,activation_fisher,loss_aware,152,0.001900772680528462
FashionMNIST,small,43,10,a1,activation_fisher,loss_aware,153,0.00015966908540576696
FashionMNIST,small,43,10,a1,activation_fisher,loss_aware,154,0.0018884214805439115
FashionMNIST,small,43,10,a1,activation_fisher,loss_aware,155,0.00045562299783341587
FashionMNIST,small,43,10,a1,activation_fisher,loss_aware,156,1.5852650903980248e-05
FashionMNIST,small,43,10,a1,activation_fisher,loss_aware,157,0.00011209318472538143
FashionMNIST,small,43,10,a1,activation_fisher,loss_aware,158,0.001300079165957868
FashionMNIST,small,43,10,a1,activation_fisher,loss_aware,159,0.0001561740500619635
FashionMNIST,small,43,10,a1,activation_fisher,loss_aware,160,0.0005237378645688295
FashionMNIST,small,43,10,a1,activation_fisher,loss_aware,161,0.0005296499002724886
FashionMNIST,small,43,10,a1,activation_fisher,loss_aware,162,5.6029868574114516e-05
FashionMNIST,small,43,10,a1,activation_fisher,loss_aware,163,0.0012699374929070473
FashionMNIST,small,43,10,a1,activation_fisher,loss_aware,164,0.0007321314769797027
FashionMNIST,small,43,10,a1,activation_fisher,loss_aware,165,0.00018953904509544373
FashionMNIST,small,43,10,a1,activation_fisher,loss_aware,166,0.00018533598631620407
FashionMNIST,small,43,10,a1,activation_fisher,loss_aware,167,0.0008705363725312054
FashionMNIST,small,43,10,a1,activation_fisher,loss_aware,168,0.0002629155060276389
FashionMNIST,small,43,10,a1,activation_fisher,loss_aware,169,7.612369245180162e-06
FashionMNIST,small,43,10,a1,activation_fisher,loss_aware,170,0.000158063237904571
FashionMNIST,small,43,10,a1,activation_fisher,loss_aware,171,4.981058737030253e-05
FashionMNIST,small,43,10,a1,activation_fisher,loss_aware,172,0.00039517099503427744
FashionMNIST,small,43,10,a1,activation_fisher,loss_aware,173,0.00021047591872047633
FashionMNIST,small,43,10,a1,activation_fisher,loss_aware,174,0.0013889201218262315
FashionMNIST,small,43,10,a1,activation_fisher,loss_aware,175,0.00017096428200602531
FashionMNIST,small,43,10,a1,activation_fisher,loss_aware,176,1.0870214625195128e-28
FashionMNIST,small,43,10,a1,activation_fisher,loss_aware,177,1.8986138456966728e-05
FashionMNIST,small,43,10,a1,activation_fisher,loss_aware,178,0.0010099008213728666
FashionMNIST,small,43,10,a1,activation_fisher,loss_aware,179,8.560089918319136e-05
FashionMNIST,small,43,10,a1,activation_fisher,loss_aware,180,0.00025847303913906217
FashionMNIST,small,43,10,a1,activation_fisher,loss_aware,181,0.0005956494715064764
FashionMNIST,small,43,10,a1,activation_fisher,loss_aware,182,0.00018874566012527794
FashionMNIST,small,43,10,a1,activation_fisher,loss_aware,183,0.0001275177055504173
FashionMNIST,small,43,10,a1,activation_fisher,loss_aware,184,0.002209255238994956
FashionMNIST,small,43,10,a1,activation_fisher,loss_aware,185,0.000516566273290664
FashionMNIST,small,43,10,a1,activation_fisher,loss_aware,186,0.0022745453752577305
FashionMNIST,small,43,10,a1,activation_fisher,loss_aware,187,0.0008028767770156264
FashionMNIST,small,43,10,a1,activation_fisher,loss_aware,188,0.003452170407399535
FashionMNIST,small,43,10,a1,activation_fisher,loss_aware,189,0.0007075980538502336
FashionMNIST,small,43,10,a1,activation_fisher,loss_aware,190,0.0004634943907149136
FashionMNIST,small,43,10,a1,activation_fisher,loss_aware,191,0.0006810231716372073
FashionMNIST,small,43,10,a1,activation_fisher,loss_aware,192,0.0006157018360681832
FashionMNIST,small,43,10,a1,activation_fisher,loss_aware,193,0.00037076332955621183
FashionMNIST,small,43,10,a1,activation_fisher,loss_aware,194,0.0005148937925696373
FashionMNIST,small,43,10,a1,activation_fisher,loss_aware,195,0.0013165068812668324
FashionMNIST,small,43,10,a1,activation_fisher,loss_aware,196,1.0553470097818263e-08
FashionMNIST,small,43,10,a1,activation_fisher,loss_aware,197,2.78375637208228e-06
FashionMNIST,small,43,10,a1,activation_fisher,loss_aware,198,5.227045221545268e-06
FashionMNIST,small,43,10,a1,activation_fisher,loss_aware,199,0.0016570592997595668
FashionMNIST,small,43,10,a1,activation_fisher,loss_aware,200,0.0006326120346784592
FashionMNIST,small,43,10,a1,activation_fisher,loss_aware,201,0.0008471526671200991
FashionMNIST,small,43,10,a1,activation_fisher,loss_aware,202,2.2005820937920362e-05
FashionMNIST,small,43,10,a1,activation_fisher,loss_aware,203,0.000577296654228121
FashionMNIST,small,43,10,a1,activation_fisher,loss_aware,204,0.0005059763789176941
FashionMNIST,small,43,10,a1,activation_fisher,loss_aware,205,2.7820165996672586e-05
FashionMNIST,small,43,10,a1,activation_fisher,loss_aware,206,0.00020613474771380424
FashionMNIST,small,43,10,a1,activation_fisher,loss_aware,207,0.0009121383191086352
FashionMNIST,small,43,10,a1,activation_fisher,loss_aware,208,0.0010309143690392375
FashionMNIST,small,43,10,a1,activation_fisher,loss_aware,209,0.00017250448581762612
FashionMNIST,small,43,10,a1,activation_fisher,loss_aware,210,0.0004099144716747105
FashionMNIST,small,43,10,a1,activation_fisher,loss_aware,211,4.939487553201616e-05
FashionMNIST,small,43,10,a1,activation_fisher,loss_aware,212,0.0010813887929543853
FashionMNIST,small,43,10,a1,activation_fisher,loss_aware,213,0.00012311371392570436
FashionMNIST,small,43,10,a1,activation_fisher,loss_aware,214,0.0014844303950667381
FashionMNIST,small,43,10,a1,activation_fisher,loss_aware,215,0.0016538335476070642
FashionMNIST,small,43,10,a1,activation_fisher,loss_aware,216,0.0001220224003191106
FashionMNIST,small,43,10,a1,activation_fisher,loss_aware,217,0.0023083470296114683
FashionMNIST,small,43,10,a1,activation_fisher,loss_aware,218,0.0003642636875156313
FashionMNIST,small,43,10,a1,activation_fisher,loss_aware,219,0.0005932339699938893
FashionMNIST,small,43,10,a1,activation_fisher,loss_aware,220,0.0011069366009905934
FashionMNIST,small,43,10,a1,activation_fisher,loss_aware,221,0.0002315529272891581
FashionMNIST,small,43,10,a1,activation_fisher,loss_aware,222,0.00011207386705791578
FashionMNIST,small,43,10,a1,activation_fisher,loss_aware,223,0.000408548628911376
FashionMNIST,small,43,10,a1,activation_fisher,loss_aware,224,0.0005648199585266411
FashionMNIST,small,43,10,a1,activation_fisher,loss_aware,225,0.0007926561520434916
FashionMNIST,small,43,10,a1,activation_fisher,loss_aware,226,0.0011080530239269137
FashionMNIST,small,43,10,a1,activation_fisher,loss_aware,227,0.0016758275451138616
FashionMNIST,small,43,10,a1,activation_fisher,loss_aware,228,0.0016290649073198438
FashionMNIST,small,43,10,a1,activation_fisher,loss_aware,229,0.0007474839803762734
FashionMNIST,small,43,10,a1,activation_fisher,loss_aware,230,0.0002353972231503576
FashionMNIST,small,43,10,a1,activation_fisher,loss_aware,231,0.000187898229341954
FashionMNIST,small,43,10,a1,activation_fisher,loss_aware,232,0.0011728934478014708
FashionMNIST,small,43,10,a1,activation_fisher,loss_aware,233,3.932982144760899e-05
FashionMNIST,small,43,10,a1,activation_fisher,loss_aware,234,0.0009847376495599747
FashionMNIST,small,43,10,a1,activation_fisher,loss_aware,235,6.794476576033048e-06
FashionMNIST,small,43,10,a1,activation_fisher,loss_aware,236,0.00024456428945995867
FashionMNIST,small,43,10,a1,activation_fisher,loss_aware,237,3.2725936762290075e-05
FashionMNIST,small,43,10,a1,activation_fisher,loss_aware,238,0.00025305032613687217
FashionMNIST,small,43,10,a1,activation_fisher,loss_aware,239,0.001535683055408299
FashionMNIST,small,43,10,a1,activation_fisher,loss_aware,240,0.00011216862185392529
FashionMNIST,small,43,10,a1,activation_fisher,loss_aware,241,0.0004115794727113098
FashionMNIST,small,43,10,a1,activation_fisher,loss_aware,242,0.0002024379064096138
FashionMNIST,small,43,10,a1,activation_fisher,loss_aware,243,0.0002502088900655508
FashionMNIST,small,43,10,a1,activation_fisher,loss_aware,244,7.824814383639023e-05
FashionMNIST,small,43,10,a1,activation_fisher,loss_aware,245,0.0009502904140390456
FashionMNIST,small,43,10,a1,activation_fisher,loss_aware,246,9.546714136376977e-05
FashionMNIST,small,43,10,a1,activation_fisher,loss_aware,247,0.001609127502888441
FashionMNIST,small,43,10,a1,activation_fisher,loss_aware,248,0.0005685800570063293
FashionMNIST,small,43,10,a1,activation_fisher,loss_aware,249,0.0006059500155970454
FashionMNIST,small,43,10,a1,activation_fisher,loss_aware,250,1.3764210962108336e-05
FashionMNIST,small,43,10,a1,activation_fisher,loss_aware,251,0.001574337831698358
FashionMNIST,small,43,10,a1,activation_fisher,loss_aware,252,0.000173140739207156
FashionMNIST,small,43,10,a1,activation_fisher,loss_aware,253,0.00022763349988963455
FashionMNIST,small,43,10,a1,activation_fisher,loss_aware,254,3.98478441638872e-05
FashionMNIST,small,43,10,a1,activation_fisher,loss_aware,255,0.0002419766824459657
FashionMNIST,small,43,10,a2,activation_fisher,loss_aware,0,4.6384197048610076e-05
FashionMNIST,small,43,10,a2,activation_fisher,loss_aware,1,0.0024421040434390306
FashionMNIST,small,43,10,a2,activation_fisher,loss_aware,2,0.00016795506235212088
FashionMNIST,small,43,10,a2,activation_fisher,loss_aware,3,0.0013362744357436895
FashionMNIST,small,43,10,a2,activation_fisher,loss_aware,4,0.0003028732317034155
FashionMNIST,small,43,10,a2,activation_fisher,loss_aware,5,0.0014076025690883398
FashionMNIST,small,43,10,a2,activation_fisher,loss_aware,6,0.0005889330641366541
FashionMNIST,small,43,10,a2,activation_fisher,loss_aware,7,0.0011892369948327541
FashionMNIST,small,43,10,a2,activation_fisher,loss_aware,8,0.003198484657332301
FashionMNIST,small,43,10,a2,activation_fisher,loss_aware,9,0.000756740802899003
FashionMNIST,small,43,10,a2,activation_fisher,loss_aware,10,0.00017930463945958763
FashionMNIST,small,43,10,a2,activation_fisher,loss_aware,11,0.0006872919038869441
FashionMNIST,small,43,10,a2,activation_fisher,loss_aware,12,0.00017487748118583113
FashionMNIST,small,43,10,a2,activation_fisher,loss_aware,13,0.00020758353639394045
FashionMNIST,small,43,10,a2,activation_fisher,loss_aware,14,0.00011080061085522175
FashionMNIST,small,43,10,a2,activation_fisher,loss_aware,15,0.0008911630138754845
FashionMNIST,small,43,10,a2,activation_fisher,loss_aware,16,0.0007120055961422622
FashionMNIST,small,43,10,a2,activation_fisher,loss_aware,17,0.0006627013208344579
FashionMNIST,small,43,10,a2,activation_fisher,loss_aware,18,0.00036079157143831253
FashionMNIST,small,43,10,a2,activation_fisher,loss_aware,19,0.0006476686685346067
FashionMNIST,small,43,10,a2,activation_fisher,loss_aware,20,0.0004760619776789099
FashionMNIST,small,43,10,a2,activation_fisher,loss_aware,21,0.0002481761039234698
FashionMNIST,small,43,10,a2,activation_fisher,loss_aware,22,2.6584875740809366e-05
FashionMNIST,small,43,10,a2,activation_fisher,loss_aware,23,0.00019414201960898936
FashionMNIST,small,43,10,a2,activation_fisher,loss_aware,24,1.432821954949759e-05
FashionMNIST,small,43,10,a2,activation_fisher,loss_aware,25,0.00034797421540133655
FashionMNIST,small,43,10,a2,activation_fisher,loss_aware,26,0.0006926305359229445
FashionMNIST,small,43,10,a2,activation_fisher,loss_aware,27,0.0005359099013730884
FashionMNIST,small,43,10,a2,activation_fisher,loss_aware,28,0.0007052082801237702
FashionMNIST,small,43,10,a2,activation_fisher,loss_aware,29,0.0007137246429920197
FashionMNIST,small,43,10,a2,activation_fisher,loss_aware,30,3.338700871324818e-09
FashionMNIST,small,43,10,a2,activation_fisher,loss_aware,31,0.001240075216628611
FashionMNIST,small,43,10,a2,activation_fisher,loss_aware,32,0.0018083106260746717
FashionMNIST,small,43,10,a2,activation_fisher,loss_aware,33,0.0010388038353994489
FashionMNIST,small,43,10,a2,activation_fisher,loss_aware,34,0.00028698923415504396
FashionMNIST,small,43,10,a2,activation_fisher,loss_aware,35,6.045756526873447e-05
FashionMNIST,small,43,10,a2,activation_fisher,loss_aware,36,0.0009409677004441619
FashionMNIST,small,43,10,a2,activation_fisher,loss_aware,37,0.0006202180520631373
FashionMNIST,small,43,10,a2,activation_fisher,loss_aware,38,0.004136068746447563
FashionMNIST,small,43,10,a2,activation_fisher,loss_aware,39,0.0005522616556845605
FashionMNIST,small,43,10,a2,activation_fisher,loss_aware,40,0.0007566515123471618
FashionMNIST,small,43,10,a2,activation_fisher,loss_aware,41,0.00028902286430820823
FashionMNIST,small,43,10,a2,activation_fisher,loss_aware,42,0.0002842347603291273
FashionMNIST,small,43,10,a2,activation_fisher,loss_aware,43,0.0003266306594014168
FashionMNIST,small,43,10,a2,activation_fisher,loss_aware,44,0.0014404490357264876
FashionMNIST,small,43,10,a2,activation_fisher,loss_aware,45,0.0006728039588779211
FashionMNIST,small,43,10,a2,activation_fisher,loss_aware,46,0.0025445446372032166
FashionMNIST,small,43,10,a2,activation_fisher,loss_aware,47,0.0005212925607338548
FashionMNIST,small,43,10,a2,activation_fisher,loss_aware,48,0.001169922761619091
FashionMNIST,small,43,10,a2,activation_fisher,loss_aware,49,0.00037816265830770135
FashionMNIST,small,43,10,a2,activation_fisher,loss_aware,50,0.0009273433242924511
FashionMNIST,small,43,10,a2,activation_fisher,loss_aware,51,0.0009016413241624832
FashionMNIST,small,43,10,a2,activation_fisher,loss_aware,52,0.00018440150597598404
FashionMNIST,small,43,10,a2,activation_fisher,loss_aware,53,0.00013224469148553908
FashionMNIST,small,43,10,a2,activation_fisher,loss_aware,54,0.0015569813549518585
FashionMNIST,small,43,10,a2,activation_fisher,loss_aware,55,0.0003146060334984213
FashionMNIST,small,43,10,a2,activation_fisher,loss_aware,56,1.4995104891113442e-07
FashionMNIST,small,43,10,a2,activation_fisher,loss_aware,57,0.0001552032626932487
FashionMNIST,small,43,10,a2,activation_fisher,loss_aware,58,0.001808623899705708
FashionMNIST,small,43,10,a2,activation_fisher,loss_aware,59,0.0005729268887080252
FashionMNIST,small,43,10,a2,activation_fisher,loss_aware,60,0.00037493801210075617
FashionMNIST,small,43,10,a2,activation_fisher,loss_aware,61,0.0017217907588928938
FashionMNIST,small,43,10,a2,activation_fisher,loss_aware,62,0.0005156439729034901
FashionMNIST,small,43,10,a2,activation_fisher,loss_aware,63,0.00021461611322592944
FashionMNIST,small,43,10,a2,activation_fisher,loss_aware,64,0.0002665492065716535
FashionMNIST,small,43,10,a2,activation_fisher,loss_aware,65,0.0009342905832454562
FashionMNIST,small,43,10,a2,activation_fisher,loss_aware,66,0.0007956892368383706
FashionMNIST,small,43,10,a2,activation_fisher,loss_aware,67,0.0001540670928079635
FashionMNIST,small,43,10,a2,activation_fisher,loss_aware,68,0.0002972274669446051
FashionMNIST,small,43,10,a2,activation_fisher,loss_aware,69,0.0002901726693380624
FashionMNIST,small,43,10,a2,activation_fisher,loss_aware,70,0.0013046353124082088
FashionMNIST,small,43,10,a2,activation_fisher,loss_aware,71,0.0003628506092354655
FashionMNIST,small,43,10,a2,activation_fisher,loss_aware,72,0.00042726751416921616
FashionMNIST,small,43,10,a2,activation_fisher,loss_aware,73,0.0010004513897001743
FashionMNIST,small,43,10,a2,activation_fisher,loss_aware,74,0.0008866933640092611
FashionMNIST,small,43,10,a2,activation_fisher,loss_aware,75,9.942246833816171e-05
FashionMNIST,small,43,10,a2,activation_fisher,loss_aware,76,0.0009853593073785305
FashionMNIST,small,43,10,a2,activation_fisher,loss_aware,77,0.0001661550923017785
FashionMNIST,small,43,10,a2,activation_fisher,loss_aware,78,0.0009686713456176221
FashionMNIST,small,43,10,a2,activation_fisher,loss_aware,79,0.0008625451591797173
FashionMNIST,small,43,10,a2,activation_fisher,loss_aware,80,0.0014147274196147919
FashionMNIST,small,43,10,a2,activation_fisher,loss_aware,81,0.00020870435400865972
FashionMNIST,small,43,10,a2,activation_fisher,loss_aware,82,0.0004569032753352076
FashionMNIST,small,43,10,a2,activation_fisher,loss_aware,83,0.0001596789079485461
FashionMNIST,small,43,10,a2,activation_fisher,loss_aware,84,0.0003539479221217334
FashionMNIST,small,43,10,a2,activation_fisher,loss_aware,85,0.00035195250529795885
FashionMNIST,small,43,10,a2,activation_fisher,loss_aware,86,0.00038594225770793855
FashionMNIST,small,43,10,a2,activation_fisher,loss_aware,87,0.001186080276966095
FashionMNIST,small,43,10,a2,activation_fisher,loss_aware,88,0.0005611164378933609
FashionMNIST,small,43,10,a2,activation_fisher,loss_aware,89,0.0020629954524338245
FashionMNIST,small,43,10,a2,activation_fisher,loss_aware,90,0.0005200744490139186
FashionMNIST,small,43,10,a2,activation_fisher,loss_aware,91,0.0006933216936886311
FashionMNIST,small,43,10,a2,activation_fisher,loss_aware,92,0.00036463624564930797
FashionMNIST,small,43,10,a2,activation_fisher,loss_aware,93,9.497272549197078e-05
FashionMNIST,small,43,10,a2,activation_fisher,loss_aware,94,0.00011565283784875646
FashionMNIST,small,43,10,a2,activation_fisher,loss_aware,95,0.0007385434000752866
FashionMNIST,small,43,10,a2,activation_fisher,loss_aware,96,0.00010444234067108482
FashionMNIST,small,43,10,a2,activation_fisher,loss_aware,97,0.0006851617945358157
FashionMNIST,small,43,10,a2,activation_fisher,loss_aware,98,0.0014228620566427708
FashionMNIST,small,43,10,a2,activation_fisher,loss_aware,99,0.0002696253650356084
FashionMNIST,small,43,10,a2,activation_fisher,loss_aware,100,0.0006614726153202355
FashionMNIST,small,43,10,a2,activation_fisher,loss_aware,101,0.0003341878473293036
FashionMNIST,small,43,10,a2,activation_fisher,loss_aware,102,0.0007371225510723889
FashionMNIST,small,43,10,a2,activation_fisher,loss_aware,103,0.0004201388219371438
FashionMNIST,small,43,10,a2,activation_fisher,loss_aware,104,0.00018759247905109078
FashionMNIST,small,43,10,a2,activation_fisher,loss_aware,105,0.0005605175974778831
FashionMNIST,small,43,10,a2,activation_fisher,loss_aware,106,5.913490895181894e-05
FashionMNIST,small,43,10,a2,activation_fisher,loss_aware,107,0.0005010176682844758
FashionMNIST,small,43,10,a2,activation_fisher,loss_aware,108,0.000237751126405783
FashionMNIST,small,43,10,a2,activation_fisher,loss_aware,109,0.000631405389867723
FashionMNIST,small,43,10,a2,activation_fisher,loss_aware,110,0.0004230281920172274
FashionMNIST,small,43,10,a2,activation_fisher,loss_aware,111,0.0002415119088254869
FashionMNIST,small,43,10,a2,activation_fisher,loss_aware,112,0.0004970752634108067
FashionMNIST,small,43,10,a2,activation_fisher,loss_aware,113,0.00017718598246574402
FashionMNIST,small,43,10,a2,activation_fisher,loss_aware,114,1.70543830790848e-06
FashionMNIST,small,43,10,a2,activation_fisher,loss_aware,115,0.0003970088728237897
FashionMNIST,small,43,10,a2,activation_fisher,loss_aware,116,0.0007659525726921856
FashionMNIST,small,43,10,a2,activation_fisher,loss_aware,117,0.0002430558524793014
FashionMNIST,small,43,10,a2,activation_fisher,loss_aware,118,4.259587512933649e-05
FashionMNIST,small,43,10,a2,activation_fisher,loss_aware,119,0.00023678953584749252
FashionMNIST,small,43,10,a2,activation_fisher,loss_aware,120,8.69262294145301e-05
FashionMNIST,small,43,10,a2,activation_fisher,loss_aware,121,0.0005513003561645746
FashionMNIST,small,43,10,a2,activation_fisher,loss_aware,122,6.472320092143491e-05
FashionMNIST,small,43,10,a2,activation_fisher,loss_aware,123,0.0004805739736184478
FashionMNIST,small,43,10,a2,activation_fisher,loss_aware,124,0.001902685035020113
FashionMNIST,small,43,10,a2,activation_fisher,loss_aware,125,0.0002729309780988842
FashionMNIST,small,43,10,a2,activation_fisher,loss_aware,126,0.0
FashionMNIST,small,43,10,a2,activation_fisher,loss_aware,127,0.0025638325605541468
FashionMNIST,small,43,10,a1,weight_fisher,loss_aware,0,6.298921107372735e-06
FashionMNIST,small,43,10,a1,weight_fisher,loss_aware,1,3.5859247304870223e-07
FashionMNIST,small,43,10,a1,weight_fisher,loss_aware,2,7.312373782042414e-06
FashionMNIST,small,43,10,a1,weight_fisher,loss_aware,3,8.94608092494309e-06
FashionMNIST,small,43,10,a1,weight_fisher,loss_aware,4,3.7310646803234704e-06
FashionMNIST,small,43,10,a1,weight_fisher,loss_aware,5,3.0264400265878066e-06
FashionMNIST,small,43,10,a1,weight_fisher,loss_aware,6,2.205343662353698e-06
FashionMNIST,small,43,10,a1,weight_fisher,loss_aware,7,4.3872955757251475e-06
FashionMNIST,small,43,10,a1,weight_fisher,loss_aware,8,2.2679942048853263e-06
FashionMNIST,small,43,10,a1,weight_fisher,loss_aware,9,1.525980951555539e-05
FashionMNIST,small,43,10,a1,weight_fisher,loss_aware,10,2.343961114092963e-06
FashionMNIST,small,43,10,a1,weight_fisher,loss_aware,11,3.594432200770825e-07
FashionMNIST,small,43,10,a1,weight_fisher,loss_aware,12,4.065978373546386e-06
FashionMNIST,small,43,10,a1,weight_fisher,loss_aware,13,1.8024550172413e-06
FashionMNIST,small,43,10,a1,weight_fisher,loss_aware,14,1.053490450431127e-06
FashionMNIST,small,43,10,a1,weight_fisher,loss_aware,15,8.594469363742974e-06
FashionMNIST,small,43,10,a1,weight_fisher,loss_aware,16,1.266153049073182e-05
FashionMNIST,small,43,10,a1,weight_fisher,loss_aware,17,6.804698386986274e-06
FashionMNIST,small,43,10,a1,weight_fisher,loss_aware,18,6.088259851821931e-06
FashionMNIST,small,43,10,a1,weight_fisher,loss_aware,19,1.132209263232653e-06
FashionMNIST,small,43,10,a1,weight_fisher,loss_aware,20,5.1648839871631935e-06
FashionMNIST,small,43,10,a1,weight_fisher,loss_aware,21,3.223222620363231e-06
FashionMNIST,small,43,10,a1,weight_fisher,loss_aware,22,4.19054458689061e-06
FashionMNIST,small,43,10,a1,weight_fisher,loss_aware,23,1.682926267676521e-06
FashionMNIST,small,43,10,a1,weight_fisher,loss_aware,24,1.5228226857288973e-06
FashionMNIST,small,43,10,a1,weight_fisher,loss_aware,25,1.090058412955841e-05
FashionMNIST,small,43,10,a1,weight_fisher,loss_aware,26,7.022308068371785e-07
FashionMNIST,small,43,10,a1,weight_fisher,loss_aware,27,5.3802577895112336e-06
FashionMNIST,small,43,10,a1,weight_fisher,loss_aware,28,1.722660454106517e-05
FashionMNIST,small,43,10,a1,weight_fisher,loss_aware,29,4.967782842868473e-06
FashionMNIST,small,43,10,a1,weight_fisher,loss_aware,30,3.2332917498933966e-07
FashionMNIST,small,43,10,a1,weight_fisher,loss_aware,31,8.166349289240316e-06
FashionMNIST,small,43,10,a1,weight_fisher,loss_aware,32,9.403486728842836e-06
FashionMNIST,small,43,10,a1,weight_fisher,loss_aware,33,6.03731950832298e-06
FashionMNIST,small,43,10,a1,weight_fisher,loss_aware,34,8.402035746257752e-06
FashionMNIST,small,43,10,a1,weight_fisher,loss_aware,35,1.8606882804306224e-05
FashionMNIST,small,43,10,a1,weight_fisher,loss_aware,36,4.727544364868663e-06
FashionMNIST,small,43,10,a1,weight_fisher,loss_aware,37,2.4620160274935188e-06
FashionMNIST,small,43,10,a1,weight_fisher,loss_aware,38,8.609337101006531e-07
FashionMNIST,small,43,10,a1,weight_fisher,loss_aware,39,4.694525159720797e-06
FashionMNIST,small,43,10,a1,weight_fisher,loss_aware,40,9.48588058236055e-06
FashionMNIST,small,43,10,a1,weight_fisher,loss_aware,41,1.0411122275399975e-06
FashionMNIST,small,43,10,a1,weight_fisher,loss_aware,42,3.7579050058411667e-06
FashionMNIST,small,43,10,a1,weight_fisher,loss_aware,43,1.7689744709059596e-06
FashionMNIST,small,43,10,a1,weight_fisher,loss_aware,44,7.405907354041119e-08
FashionMNIST,small,43,10,a1,weight_fisher,loss_aware,45,8.633982133687823e-07
FashionMNIST,small,43,10,a1,weight_fisher,loss_aware,46,2.1635848952428205e-06
FashionMNIST,small,43,10,a1,weight_fisher,loss_aware,47,5.209061782807112e-06
FashionMNIST,small,43,10,a1,weight_fisher,loss_aware,48,8.402141247643158e-06
FashionMNIST,small,43,10,a1,weight_fisher,loss_aware,49,1.112086738430662e-05
FashionMNIST,small,43,10,a1,weight_fisher,loss_aware,50,1.8347095647186507e-06
FashionMNIST,small,43,10,a1,weight_fisher,loss_aware,51,2.8670328902080655e-06
FashionMNIST,small,43,10,a1,weight_fisher,loss_aware,52,1.0273265615978744e-06
FashionMNIST,small,43,10,a1,weight_fisher,loss_aware,53,6.759794814570341e-06
FashionMNIST,small,43,10,a1,weight_fisher,loss_aware,54,6.768039497728751e-07
FashionMNIST,small,43,10,a1,weight_fisher,loss_aware,55,4.635917605355644e-07
FashionMNIST,small,43,10,a1,weight_fisher,loss_aware,56,1.6408820329161244e-06
FashionMNIST,small,43,10,a1,weight_fisher,loss_aware,57,2.3050531581247924e-06
FashionMNIST,small,43,10,a1,weight_fisher,loss_aware,58,2.11603810384986e-06
FashionMNIST,small,43,10,a1,weight_fisher,loss_aware,59,0.0
FashionMNIST,small,43,10,a1,weight_fisher,loss_aware,60,7.12229348209803e-06
FashionMNIST,small,43,10,a1,weight_fisher,loss_aware,61,9.793697245186195e-06
FashionMNIST,small,43,10,a1,weight_fisher,loss_aware,62,1.0377184480603319e-05
FashionMNIST,small,43,10,a1,weight_fisher,loss_aware,63,2.0553953561375238e-07
FashionMNIST,small,43,10,a1,weight_fisher,loss_aware,64,8.024857379496098e-06
FashionMNIST,small,43,10,a1,weight_fisher,loss_aware,65,2.093408511427697e-06
FashionMNIST,small,43,10,a1,weight_fisher,loss_aware,66,5.779467301181285e-06
FashionMNIST,small,43,10,a1,weight_fisher,loss_aware,67,7.3401283771090675e-06
FashionMNIST,small,43,10,a1,weight_fisher,loss_aware,68,2.806190423143562e-06
FashionMNIST,small,43,10,a1,weight_fisher,loss_aware,69,4.51148162028403e-06
FashionMNIST,small,43,10,a1,weight_fisher,loss_aware,70,1.7368494809488766e-05
FashionMNIST,small,43,10,a1,weight_fisher,loss_aware,71,1.6364736438845284e-05
FashionMNIST,small,43,10,a1,weight_fisher,loss_aware,72,5.805352884635795e-06
FashionMNIST,small,43,10,a1,weight_fisher,loss_aware,73,4.678488494391786e-06
FashionMNIST,small,43,10,a1,weight_fisher,loss_aware,74,2.7019851245313475e-07
FashionMNIST,small,43,10,a1,weight_fisher,loss_aware,75,2.6071325009979773e-06
FashionMNIST,small,43,10,a1,weight_fisher,loss_aware,76,4.88809837406734e-06
FashionMNIST,small,43,10,a1,weight_fisher,loss_aware,77,1.6173016774700955e-05
FashionMNIST,small,43,10,a1,weight_fisher,loss_aware,78,3.3081755645980593e-06
FashionMNIST,small,43,10,a1,weight_fisher,loss_aware,79,2.8045815270161256e-06
FashionMNIST,small,43,10,a1,weight_fisher,loss_aware,80,4.991388323105639e-06
FashionMNIST,small,43,10,a1,weight_fisher,loss_aware,81,3.533982408043812e-06
FashionMNIST,small,43,10,a1,weight_fisher,loss_aware,82,2.189665565310861e-06
FashionMNIST,small,43,10,a1,weight_fisher,loss_aware,83,1.1715317668858916e-05
FashionMNIST,small,43,10,a1,weight_fisher,loss_aware,84,9.167930329567753e-06
FashionMNIST,small,43,10,a1,weight_fisher,loss_aware,85,3.180662588420091e-06
FashionMNIST,small,43,10,a1,weight_fisher,loss_aware,86,5.36691823072033e-06
FashionMNIST,small,43,10,a1,weight_fisher,loss_aware,87,1.7307294911006466e-05
FashionMNIST,small,43,10,a1,weight_fisher,loss_aware,88,2.5364934117533267e-06
FashionMNIST,small,43,10,a1,weight_fisher,loss_aware,89,4.33984541814425e-06
FashionMNIST,small,43,10,a1,weight_fisher,loss_aware,90,8.623801228679895e-09
FashionMNIST,small,43,10,a1,weight_fisher,loss_aware,91,3.268721826543697e-08
FashionMNIST,small,43,10,a1,weight_fisher,loss_aware,92,1.5336179785663262e-05
FashionMNIST,small,43,10,a1,weight_fisher,loss_aware,93,1.1962623602812528e-06
FashionMNIST,small,43,10,a1,weight_fisher,loss_aware,94,3.0726137083547655e-06
FashionMNIST,small,43,10,a1,weight_fisher,loss_aware,95,7.146756615838967e-06
FashionMNIST,small,43,10,a1,weight_fisher,loss_aware,96,2.7231785679759923e-06
FashionMNIST,small,43,10,a1,weight_fisher,loss_aware,97,1.7560817866524303e-07
FashionMNIST,small,43,10,a1,weight_fisher,loss_aware,98,5.319547199178487e-06
FashionMNIST,small,43,10,a1,weight_fisher,loss_aware,99,8.251074632426025e-07
FashionMNIST,small,43,10,a1,weight_fisher,loss_aware,100,3.3775550036807545e-06
FashionMNIST,small,43,10,a1,weight_fisher,loss_aware,101,1.1421797125876765e-06
FashionMNIST,small,43,10,a1,weight_fisher,loss_aware,102,3.5026200748689007e-06
FashionMNIST,small,43,10,a1,weight_fisher,loss_aware,103,2.1505081804207293e-06
FashionMNIST,small,43,10,a1,weight_fisher,loss_aware,104,7.5527750595938414e-06
FashionMNIST,small,43,10,a1,weight_fisher,loss_aware,105,1.2249814062670339e-05
FashionMNIST,small,43,10,a1,weight_fisher,loss_aware,106,3.9391684367728885e-06
FashionMNIST,small,43,10,a1,weight_fisher,loss_aware,107,6.536419050462428e-07
FashionMNIST,small,43,10,a1,weight_fisher,loss_aware,108,1.2814891761081526e-06
FashionMNIST,small,43,10,a1,weight_fisher,loss_aware,109,2.696124283829704e-07
FashionMNIST,small,43,10,a1,weight_fisher,loss_aware,110,2.3678317973008234e-07
FashionMNIST,small,43,10,a1,weight_fisher,loss_aware,111,1.7704774109006394e-06
FashionMNIST,small,43,10,a1,weight_fisher,loss_aware,112,1.731067823129706e-05
FashionMNIST,small,43,10,a1,weight_fisher,loss_aware,113,5.304530077410163e-07
FashionMNIST,small,43,10,a1,weight_fisher,loss_aware,114,2.7410178518039174e-06
FashionMNIST,small,43,10,a1,weight_fisher,loss_aware,115,3.1888316698314156e-06
FashionMNIST,small,43,10,a1,weight_fisher,loss_aware,116,6.4338209995185025e-06
FashionMNIST,small,43,10,a1,weight_fisher,loss_aware,117,8.712895578355528e-06
FashionMNIST,small,43,10,a1,weight_fisher,loss_aware,118,2.0874135771009605e-06
FashionMNIST,small,43,10,a1,weight_fisher,loss_aware,119,1.6937545296968892e-05
FashionMNIST,small,43,10,a1,weight_fisher,loss_aware,120,6.503560143755749e-06
FashionMNIST,small,43,10,a1,weight_fisher,loss_aware,121,6.145210136310197e-06
FashionMNIST,small,43,10,a1,weight_fisher,loss_aware,122,5.112131020723609e-06
FashionMNIST,small,43,10,a1,weight_fisher,loss_aware,123,3.1284639590012375e-06
FashionMNIST,small,43,10,a1,weight_fisher,loss_aware,124,8.332915058417711e-06
FashionMNIST,small,43,10,a1,weight_fisher,loss_aware,125,2.470810386512312e-06
FashionMNIST,small,43,10,a1,weight_fisher,loss_aware,126,6.5450726651761215e-06
FashionMNIST,small,43,10,a1,weight_fisher,loss_aware,127,2.1757847207481973e-05
FashionMNIST,small,43,10,a1,weight_fisher,loss_aware,128,1.723213972582016e-05
FashionMNIST,small,43,10,a1,weight_fisher,loss_aware,129,1.1948952305829152e-05
FashionMNIST,small,43,10,a1,weight_fisher,loss_aware,130,6.140863661130425e-06
FashionMNIST,small,43,10,a1,weight_fisher,loss_aware,131,6.450401087931823e-06
FashionMNIST,small,43,10,a1,weight_fisher,loss_aware,132,7.045375241432339e-06
FashionMNIST,small,43,10,a1,weight_fisher,loss_aware,133,7.142108415791881e-07
FashionMNIST,small,43,10,a1,weight_fisher,loss_aware,134,1.2088394214515574e-05
FashionMNIST,small,43,10,a1,weight_fisher,loss_aware,135,6.8261260821600445e-06
FashionMNIST,small,43,10,a1,weight_fisher,loss_aware,136,7.507936061301734e-06
FashionMNIST,small,43,10,a1,weight_fisher,loss_aware,137,1.2542699323603301e-06
FashionMNIST,small,43,10,a1,weight_fisher,loss_aware,138,7.44614609970995e-08
FashionMNIST,small,43,10,a1,weight_fisher,loss_aware,139,6.014642167428974e-06
FashionMNIST,small,43,10,a1,weight_fisher,loss_aware,140,1.5476757653232198e-06
FashionMNIST,small,43,10,a1,weight_fisher,loss_aware,141,9.512850738246925e-07
FashionMNIST,small,43,10,a1,weight_fisher,loss_aware,142,1.3380504242377356e-06
FashionMNIST,small,43,10,a1,weight_fisher,loss_aware,143,6.327525625238195e-06
FashionMNIST,small,43,10,a1,weight_fisher,loss_aware,144,5.710093091693125e-07
FashionMNIST,small,43,10,a1,weight_fisher,loss_aware,145,2.3703487386228517e-06
FashionMNIST,small,43,10,a1,weight_fisher,loss_aware,146,4.219186394038843e-06
FashionMNIST,small,43,10,a1,weight_fisher,loss_aware,147,1.4134993762127124e-06
FashionMNIST,small,43,10,a1,weight_fisher,loss_aware,148,2.8560825739987195e-06
FashionMNIST,small,43,10,a1,weight_fisher,loss_aware,149,5.182127551961457e-06
FashionMNIST,small,43,10,a1,weight_fisher,loss_aware,150,1.7959566321223974e-05
FashionMNIST,small,43,10,a1,weight_fisher,loss_aware,151,3.647398443717975e-06
FashionMNIST,small,43,10,a1,weight_fisher,loss_aware,152,9.29346242628526e-06
FashionMNIST,small,43,10,a1,weight_fisher,loss_aware,153,2.5838321562332567e-06
FashionMNIST,small,43,10,a1,weight_fisher,loss_aware,154,6.549071258632466e-06
FashionMNIST,small,43,10,a1,weight_fisher,loss_aware,155,3.6847566207143245e-06
FashionMNIST,small,43,10,a1,weight_fisher,loss_aware,156,4.952127596880018e-07
FashionMNIST,small,43,10,a1,weight_fisher,loss_aware,157,1.524116555629007e-06
FashionMNIST,small,43,10,a1,weight_fisher,loss_aware,158,9.383403266838286e-06
FashionMNIST,small,43,10,a1,weight_fisher,loss_aware,159,9.598009000910679e-07
FashionMNIST,small,43,10,a1,weight_fisher,loss_aware,160,5.697204414900625e-06
FashionMNIST,small,43,10,a1,weight_fisher,loss_aware,161,4.622870619641617e-06
FashionMNIST,small,43,10,a1,weight_fisher,loss_aware,162,4.1940478467950015e-07
FashionMNIST,small,43,10,a1,weight_fisher,loss_aware,163,8.62289198266808e-06
FashionMNIST,small,43,10,a1,weight_fisher,loss_aware,164,5.649494141835021e-06
FashionMNIST,small,43,10,a1,weight_fisher,loss_aware,165,1.4763586477783974e-06
FashionMNIST,small,43,10,a1,weight_fisher,loss_aware,166,2.6569121018837905e-06
FashionMNIST,small,43,10,a1,weight_fisher,loss_aware,167,3.352265366629581e-06
FashionMNIST,small,43,10,a1,weight_fisher,loss_aware,168,2.2038325369067024e-06
FashionMNIST,small,43,10,a1,weight_fisher,loss_aware,169,9.124540412130955e-08
FashionMNIST,small,43,10,a1,weight_fisher,loss_aware,170,2.5447463940508896e-06
FashionMNIST,small,43,10,a1,weight_fisher,loss_aware,171,5.313525548444886e-07
FashionMNIST,small,43,10,a1,weight_fisher,loss_aware,172,4.963111678080168e-06
FashionMNIST,small,43,10,a1,weight_fisher,loss_aware,173,1.876349188023596e-06
FashionMNIST,small,43,10,a1,weight_fisher,loss_aware,174,7.188800282165175e-06
FashionMNIST,small,43,10,a1,weight_fisher,loss_aware,175,1.7393106190866092e-06
FashionMNIST,small,43,10,a1,weight_fisher,loss_aware,176,2.518436754729379e-28
FashionMNIST,small,43,10,a1,weight_fisher,loss_aware,177,1.217656517837895e-07
FashionMNIST,small,43,10,a1,weight_fisher,loss_aware,178,5.672386578225996e-06
FashionMNIST,small,43,10,a1,weight_fisher,loss_aware,179,6.619445684918901e-07
FashionMNIST,small,43,10,a1,weight_fisher,loss_aware,180,1.3631613455800107e-06
FashionMNIST,small,43,10,a1,weight_fisher,loss_aware,181,2.1302569166437024e-06
FashionMNIST,small,43,10,a1,weight_fisher,loss_aware,182,5.674215231010749e-07
FashionMNIST,small,43,10,a1,weight_fisher,loss_aware,183,1.2135867564211367e-06
FashionMNIST,small,43,10,a1,weight_fisher,loss_aware,184,6.248724275792483e-06
FashionMNIST,small,43,10,a1,weight_fisher,loss_aware,185,3.4996594422409544e-06
FashionMNIST,small,43,10,a1,weight_fisher,loss_aware,186,1.5236970284604467e-05
FashionMNIST,small,43,10,a1,weight_fisher,loss_aware,187,7.376174835371785e-06
FashionMNIST,small,43,10,a1,weight_fisher,loss_aware,188,1.1194020771654323e-05
FashionMNIST,small,43,10,a1,weight_fisher,loss_aware,189,2.9911950605310267e-06
FashionMNIST,small,43,10,a1,weight_fisher,loss_aware,190,2.8051308618159965e-06
FashionMNIST,small,43,10,a1,weight_fisher,loss_aware,191,6.714290066156536e-06
FashionMNIST,small,43,10,a1,weight_fisher,loss_aware,192,3.6894534787279554e-06
FashionMNIST,small,43,10,a1,weight_fisher,loss_aware,193,1.598752760401112e-06
FashionMNIST,small,43,10,a1,weight_fisher,loss_aware,194,3.258146080042934e-06
FashionMNIST,small,43,10,a1,weight_fisher,loss_aware,195,5.5236641856026836e-06
FashionMNIST,small,43,10,a1,weight_fisher,loss_aware,196,2.8874904245412836e-08
FashionMNIST,small,43,10,a1,weight_fisher,loss_aware,197,3.6715345430593516e-08
FashionMNIST,small,43,10,a1,weight_fisher,loss_aware,198,1.4073535226089007e-07
FashionMNIST,small,43,10,a1,weight_fisher,loss_aware,199,1.3741037946601864e-05
FashionMNIST,small,43,10,a1,weight_fisher,loss_aware,200,3.0806593258603243e-06
FashionMNIST,small,43,10,a1,weight_fisher,loss_aware,201,7.683810508751776e-06
FashionMNIST,small,43,10,a1,weight_fisher,loss_aware,202,6.636643661295238e-07
FashionMNIST,small,43,10,a1,weight_fisher,loss_aware,203,4.307031304051634e-06
FashionMNIST,small,43,10,a1,weight_fisher,loss_aware,204,2.581507942522876e-06
FashionMNIST,small,43,10,a1,weight_fisher,loss_aware,205,3.008223643519159e-07
FashionMNIST,small,43,10,a1,weight_fisher,loss_aware,206,1.5690033023929573e-06
FashionMNIST,small,43,10,a1,weight_fisher,loss_aware,207,2.939135356427869e-06
FashionMNIST,small,43,10,a1,weight_fisher,loss_aware,208,5.570274879573844e-06
FashionMNIST,small,43,10,a1,weight_fisher,loss_aware,209,3.2962593650154304e-06
FashionMNIST,small,43,10,a1,weight_fisher,loss_aware,210,1.7473142861490487e-06
FashionMNIST,small,43,10,a1,weight_fisher,loss_aware,211,2.4221841954386036e-07
FashionMNIST,small,43,10,a1,weight_fisher,loss_aware,212,1.2611064448719844e-05
FashionMNIST,small,43,10,a1,weight_fisher,loss_aware,213,7.509609076805646e-07
FashionMNIST,small,43,10,a1,weight_fisher,loss_aware,214,6.278672117332462e-06
FashionMNIST,small,43,10,a1,weight_fisher,loss_aware,215,9.147684977506287e-06
FashionMNIST,small,43,10,a1,weight_fisher,loss_aware,216,6.154131142466213e-07
FashionMNIST,small,43,10,a1,weight_fisher,loss_aware,217,1.572067048982717e-05
FashionMNIST,small,43,10,a1,weight_fisher,loss_aware,218,5.515531938726781e-06
FashionMNIST,small,43,10,a1,weight_fisher,loss_aware,219,3.931855189875932e-06
FashionMNIST,small,43,10,a1,weight_fisher,loss_aware,220,6.06610319664469e-06
FashionMNIST,small,43,10,a1,weight_fisher,loss_aware,221,3.8105727071524598e-06
FashionMNIST,small,43,10,a1,weight_fisher,loss_aware,222,1.1658181620077812e-06
FashionMNIST,small,43,10,a1,weight_fisher,loss_aware,223,5.579408480116399e-06
FashionMNIST,small,43,10,a1,weight_fisher,loss_aware,224,1.4848769751552027e-06
FashionMNIST,small,43,10,a1,weight_fisher,loss_aware,225,3.3916094253072515e-06
FashionMNIST,small,43,10,a1,weight_fisher,loss_aware,226,1.0328170901630074e-05
FashionMNIST,small,43,10,a1,weight_fisher,loss_aware,227,1.099656401493121e-05
FashionMNIST,small,43,10,a1,weight_fisher,loss_aware,228,6.774398570996709e-06
FashionMNIST,small,43,10,a1,weight_fisher,loss_aware,229,5.53184963791864e-06
FashionMNIST,small,43,10,a1,weight_fisher,loss_aware,230,2.0242946447979193e-06
FashionMNIST,small,43,10,a1,weight_fisher,loss_aware,231,2.1102364371472504e-06
FashionMNIST,small,43,10,a1,weight_fisher,loss_aware,232,5.366700406739255e-06
FashionMNIST,small,43,10,a1,weight_fisher,loss_aware,233,4.914581950288266e-07
FashionMNIST,small,43,10,a1,weight_fisher,loss_aware,234,7.474688572983723e-06
FashionMNIST,small,43,10,a1,weight_fisher,loss_aware,235,8.61007265484659e-08
FashionMNIST,small,43,10,a1,weight_fisher,loss_aware,236,1.3710103985431488e-06
FashionMNIST,small,43,10,a1,weight_fisher,loss_aware,237,4.4083549255446997e-07
FashionMNIST,small,43,10,a1,weight_fisher,loss_aware,238,2.793613020912744e-06
FashionMNIST,small,43,10,a1,weight_fisher,loss_aware,239,4.587831881508464e-06
FashionMNIST,small,43,10,a1,weight_fisher,loss_aware,240,1.8085911506204866e-06
FashionMNIST,small,43,10,a1,weight_fisher,loss_aware,241,4.026956503366819e-06
FashionMNIST,small,43,10,a1,weight_fisher,loss_aware,242,2.0786615095857996e-06
FashionMNIST,small,43,10,a1,weight_fisher,loss_aware,243,8.594439577791491e-07
FashionMNIST,small,43,10,a1,weight_fisher,loss_aware,244,5.674195904248336e-07
FashionMNIST,small,43,10,a1,weight_fisher,loss_aware,245,1.9697658899531234e-06
FashionMNIST,small,43,10,a1,weight_fisher,loss_aware,246,3.940904775845411e-07
FashionMNIST,small,43,10,a1,weight_fisher,loss_aware,247,8.503732715325896e-06
FashionMNIST,small,43,10,a1,weight_fisher,loss_aware,248,3.399660499781021e-06
FashionMNIST,small,43,10,a1,weight_fisher,loss_aware,249,5.4206034292292316e-06
FashionMNIST,small,43,10,a1,weight_fisher,loss_aware,250,1.971352219243272e-07
FashionMNIST,small,43,10,a1,weight_fisher,loss_aware,251,1.0772559107863344e-05
FashionMNIST,small,43,10,a1,weight_fisher,loss_aware,252,8.970073395175859e-07
FashionMNIST,small,43,10,a1,weight_fisher,loss_aware,253,2.6656171030481346e-06
FashionMNIST,small,43,10,a1,weight_fisher,loss_aware,254,3.286058927187696e-07
FashionMNIST,small,43,10,a1,weight_fisher,loss_aware,255,1.0071809128930909e-06
FashionMNIST,small,43,10,a2,weight_fisher,loss_aware,0,1.6087656149466056e-06
FashionMNIST,small,43,10,a2,weight_fisher,loss_aware,1,3.1423620384885e-05
FashionMNIST,small,43,10,a2,weight_fisher,loss_aware,2,4.411502231960185e-05
FashionMNIST,small,43,10,a2,weight_fisher,loss_aware,3,3.085149000980891e-05
FashionMNIST,small,43,10,a2,weight_fisher,loss_aware,4,3.222420900783618e-06
FashionMNIST,small,43,10,a2,weight_fisher,loss_aware,5,4.138319491175935e-05
FashionMNIST,small,43,10,a2,weight_fisher,loss_aware,6,3.2022588129621e-05
FashionMNIST,small,43,10,a2,weight_fisher,loss_aware,7,1.7638600184000097e-05
FashionMNIST,small,43,10,a2,weight_fisher,loss_aware,8,9.236347978003323e-05
FashionMNIST,small,43,10,a2,weight_fisher,loss_aware,9,1.0360816304455511e-05
FashionMNIST,small,43,10,a2,weight_fisher,loss_aware,10,3.393938186491141e-06
FashionMNIST,small,43,10,a2,weight_fisher,loss_aware,11,2.0165993191767484e-05
FashionMNIST,small,43,10,a2,weight_fisher,loss_aware,12,5.951613275101408e-06
FashionMNIST,small,43,10,a2,weight_fisher,loss_aware,13,1.0568333891569637e-05
FashionMNIST,small,43,10,a2,weight_fisher,loss_aware,14,2.6966431505570654e-06
FashionMNIST,small,43,10,a2,weight_fisher,loss_aware,15,2.369510184507817e-05
FashionMNIST,small,43,10,a2,weight_fisher,loss_aware,16,7.82981442171149e-05
FashionMNIST,small,43,10,a2,weight_fisher,loss_aware,17,2.128925552824512e-05
FashionMNIST,small,43,10,a2,weight_fisher,loss_aware,18,1.2651464203372598e-05
FashionMNIST,small,43,10,a2,weight_fisher,loss_aware,19,1.62596843438223e-05
FashionMNIST,small,43,10,a2,weight_fisher,loss_aware,20,1.0813522749231197e-05
FashionMNIST,small,43,10,a2,weight_fisher,loss_aware,21,4.601529326464515e-06
FashionMNIST,small,43,10,a2,weight_fisher,loss_aware,22,3.162262601108523e-06
FashionMNIST,small,43,10,a2,weight_fisher,loss_aware,23,5.69704798181192e-06
FashionMNIST,small,43,10,a2,weight_fisher,loss_aware,24,4.496150154409406e-07
FashionMNIST,small,43,10,a2,weight_fisher,loss_aware,25,9.054792826646008e-06
FashionMNIST,small,43,10,a2,weight_fisher,loss_aware,26,1.8301110685570166e-05
FashionMNIST,small,43,10,a2,weight_fisher,loss_aware,27,6.535140983032761e-06
FashionMNIST,small,43,10,a2,weight_fisher,loss_aware,28,5.59022282686783e-06
FashionMNIST,small,43,10,a2,weight_fisher,loss_aware,29,7.3430524025752675e-06
FashionMNIST,small,43,10,a2,weight_fisher,loss_aware,30,1.4767805645021781e-08
FashionMNIST,small,43,10,a2,weight_fisher,loss_aware,31,9.02809260878712e-05
FashionMNIST,small,43,10,a2,weight_fisher,loss_aware,32,2.7735564799513668e-05
FashionMNIST,small,43,10,a2,weight_fisher,loss_aware,33,1.497027824370889e-05
FashionMNIST,small,43,10,a2,weight_fisher,loss_aware,34,8.420701306022238e-06
FashionMNIST,small,43,10,a2,weight_fisher,loss_aware,35,1.2196704801681335e-06
FashionMNIST,small,43,10,a2,weight_fisher,loss_aware,36,1.1248452210566029e-05
FashionMNIST,small,43,10,a2,weight_fisher,loss_aware,37,5.28494229001808e-06
FashionMNIST,small,43,10,a2,weight_fisher,loss_aware,38,0.00015584257198497653
FashionMNIST,small,43,10,a2,weight_fisher,loss_aware,39,1.9292496290290728e-05
FashionMNIST,small,43,10,a2,weight_fisher,loss_aware,40,1.0743241546151694e-05
FashionMNIST,small,43,10,a2,weight_fisher,loss_aware,41,5.5667978813289665e-06
FashionMNIST,small,43,10,a2,weight_fisher,loss_aware,42,4.830542820855044e-06
FashionMNIST,small,43,10,a2,weight_fisher,loss_aware,43,1.0315630788682029e-05
FashionMNIST,small,43,10,a2,weight_fisher,loss_aware,44,1.9807202988886274e-05
FashionMNIST,small,43,10,a2,weight_fisher,loss_aware,45,1.621983028599061e-05
FashionMNIST,small,43,10,a2,weight_fisher,loss_aware,46,2.7507097911438905e-05
FashionMNIST,small,43,10,a2,weight_fisher,loss_aware,47,1.1511143384268507e-05
FashionMNIST,small,43,10,a2,weight_fisher,loss_aware,48,1.9663684724946506e-05
FashionMNIST,small,43,10,a2,weight_fisher,loss_aware,49,8.445522325928323e-06
FashionMNIST,small,43,10,a2,weight_fisher,loss_aware,50,6.955405842745677e-05
FashionMNIST,small,43,10,a2,weight_fisher,loss_aware,51,1.9815477571683004e-05
FashionMNIST,small,43,10,a2,weight_fisher,loss_aware,52,9.62595731834881e-06
FashionMNIST,small,43,10,a2,weight_fisher,loss_aware,53,3.8621101339231245e-06
FashionMNIST,small,43,10,a2,weight_fisher,loss_aware,54,4.362893378129229e-05
FashionMNIST,small,43,10,a2,weight_fisher,loss_aware,55,3.4908139241451863e-06
FashionMNIST,small,43,10,a2,weight_fisher,loss_aware,56,6.420318499067434e-08
FashionMNIST,small,43,10,a2,weight_fisher,loss_aware,57,1.0448951798025519e-05
FashionMNIST,small,43,10,a2,weight_fisher,loss_aware,58,3.796769306063652e-05
FashionMNIST,small,43,10,a2,weight_fisher,loss_aware,59,3.115902654826641e-05
FashionMNIST,small,43,10,a2,weight_fisher,loss_aware,60,1.117534611694282e-05
FashionMNIST,small,43,10,a2,weight_fisher,loss_aware,61,1.857689676398877e-05
FashionMNIST,small,43,10,a2,weight_fisher,loss_aware,62,1.676692409091629e-05
FashionMNIST,small,43,10,a2,weight_fisher,loss_aware,63,4.620499112206744e-06
FashionMNIST,small,43,10,a2,weight_fisher,loss_aware,64,2.0996791135985404e-05
FashionMNIST,small,43,10,a2,weight_fisher,loss_aware,65,2.823163777065929e-05
FashionMNIST,small,43,10,a2,weight_fisher,loss_aware,66,1.0874469808186404e-05
FashionMNIST,small,43,10,a2,weight_fisher,loss_aware,67,2.5194067347911187e-06
FashionMNIST,small,43,10,a2,weight_fisher,loss_aware,68,4.589361196849495e-06
FashionMNIST,small,43,10,a2,weight_fisher,loss_aware,69,4.0518938476452604e-05
FashionMNIST,small,43,10,a2,weight_fisher,loss_aware,70,2.079880505334586e-05
FashionMNIST,small,43,10,a2,weight_fisher,loss_aware,71,1.4212810128810816e-05
FashionMNIST,small,43,10,a2,weight_fisher,loss_aware,72,1.6241963749052957e-05
FashionMNIST,small,43,10,a2,weight_fisher,loss_aware,73,1.0600435416563414e-05
FashionMNIST,small,43,10,a2,weight_fisher,loss_aware,74,8.597100531915203e-06
FashionMNIST,small,43,10,a2,weight_fisher,loss_aware,75,4.79071741210646e-06
FashionMNIST,small,43,10,a2,weight_fisher,loss_aware,76,1.7990696505876258e-05
FashionMNIST,small,43,10,a2,weight_fisher,loss_aware,77,3.9337110138149e-06
FashionMNIST,small,43,10,a2,weight_fisher,loss_aware,78,1.4527545317832846e-05
FashionMNIST,small,43,10,a2,weight_fisher,loss_aware,79,1.1731775884982198e-05
FashionMNIST,small,43,10,a2,weight_fisher,loss_aware,80,8.872151374816895e-05
FashionMNIST,small,43,10,a2,weight_fisher,loss_aware,81,2.1190968254813924e-05
FashionMNIST,small,43,10,a2,weight_fisher,loss_aware,82,1.4483639461104758e-05
FashionMNIST,small,43,10,a2,weight_fisher,loss_aware,83,2.8138670131738763e-06
FashionMNIST,small,43,10,a2,weight_fisher,loss_aware,84,1.552707726659719e-05
FashionMNIST,small,43,10,a2,weight_fisher,loss_aware,85,7.430537607433507e-06
FashionMNIST,small,43,10,a2,weight_fisher,loss_aware,86,7.70309543440817e-06
FashionMNIST,small,43,10,a2,weight_fisher,loss_aware,87,2.4061911972239614e-05
FashionMNIST,small,43,10,a2,weight_fisher,loss_aware,88,1.7641825252212584e-05
FashionMNIST,small,43,10,a2,weight_fisher,loss_aware,89,0.0001201214108732529
FashionMNIST,small,43,10,a2,weight_fisher,loss_aware,90,1.1115267625427805e-05
FashionMNIST,small,43,10,a2,weight_fisher,loss_aware,91,1.087469354388304e-05
FashionMNIST,small,43,10,a2,weight_fisher,loss_aware,92,0.00012380797124933451
FashionMNIST,small,43,10,a2,weight_fisher,loss_aware,93,6.202136773936218e-06
FashionMNIST,small,43,10,a2,weight_fisher,loss_aware,94,1.950710611708928e-06
FashionMNIST,small,43,10,a2,weight_fisher,loss_aware,95,1.4964848560339306e-05
FashionMNIST,small,43,10,a2,weight_fisher,loss_aware,96,3.0524090561812045e-06
FashionMNIST,small,43,10,a2,weight_fisher,loss_aware,97,5.351312574930489e-05
FashionMNIST,small,43,10,a2,weight_fisher,loss_aware,98,1.4314962754724547e-05
FashionMNIST,small,43,10,a2,weight_fisher,loss_aware,99,5.122134098201059e-05
FashionMNIST,small,43,10,a2,weight_fisher,loss_aware,100,7.134555926313624e-05
FashionMNIST,small,43,10,a2,weight_fisher,loss_aware,101,6.6019324549415614e-06
FashionMNIST,small,43,10,a2,weight_fisher,loss_aware,102,4.3534033466130495e-05
FashionMNIST,small,43,10,a2,weight_fisher,loss_aware,103,5.106604930915637e-06
FashionMNIST,small,43,10,a2,weight_fisher,loss_aware,104,2.597224465716863e-06
FashionMNIST,small,43,10,a2,weight_fisher,loss_aware,105,1.0729540008469485e-05
FashionMNIST,small,43,10,a2,weight_fisher,loss_aware,106,1.9742524273169693e-06
FashionMNIST,small,43,10,a2,weight_fisher,loss_aware,107,1.2206520295876544e-05
FashionMNIST,small,43,10,a2,weight_fisher,loss_aware,108,3.550499059201684e-06
FashionMNIST,small,43,10,a2,weight_fisher,loss_aware,109,1.5189296391326934e-05
FashionMNIST,small,43,10,a2,weight_fisher,loss_aware,110,4.925368557451293e-05
FashionMNIST,small,43,10,a2,weight_fisher,loss_aware,111,1.0061135071737226e-05
FashionMNIST,small,43,10,a2,weight_fisher,loss_aware,112,6.890012627991382e-06
FashionMNIST,small,43,10,a2,weight_fisher,loss_aware,113,5.0178050514659844e-06
FashionMNIST,small,43,10,a2,weight_fisher,loss_aware,114,5.893143395496736e-08
FashionMNIST,small,43,10,a2,weight_fisher,loss_aware,115,5.408820470620412e-06
FashionMNIST,small,43,10,a2,weight_fisher,loss_aware,116,1.2562904885271564e-05
FashionMNIST,small,43,10,a2,weight_fisher,loss_aware,117,4.358809019322507e-05
FashionMNIST,small,43,10,a2,weight_fisher,loss_aware,118,1.3564500704887905e-06
FashionMNIST,small,43,10,a2,weight_fisher,loss_aware,119,6.304136149992701e-06
FashionMNIST,small,43,10,a2,weight_fisher,loss_aware,120,2.69797919827397e-06
FashionMNIST,small,43,10,a2,weight_fisher,loss_aware,121,7.582451871712692e-06
FashionMNIST,small,43,10,a2,weight_fisher,loss_aware,122,1.397156097482366e-06
FashionMNIST,small,43,10,a2,weight_fisher,loss_aware,123,2.3052871256368235e-05
FashionMNIST,small,43,10,a2,weight_fisher,loss_aware,124,2.84713623841526e-05
FashionMNIST,small,43,10,a2,weight_fisher,loss_aware,125,2.663885425135959e-06
FashionMNIST,small,43,10,a2,weight_fisher,loss_aware,126,0.0
FashionMNIST,small,43,10,a2,weight_fisher,loss_aware,127,2.6164170776610263e-05
