dataset,architecture,seed,epoch,layer,criterion,criterion_group,neuron_index,score
MNIST,small,42,1,a1,output_weight_norm,baseline,0,0.5305472612380981
MNIST,small,42,1,a1,output_weight_norm,baseline,1,0.5260953903198242
MNIST,small,42,1,a1,output_weight_norm,baseline,2,0.4869130849838257
MNIST,small,42,1,a1,output_weight_norm,baseline,3,0.566209077835083
MNIST,small,42,1,a1,output_weight_norm,baseline,4,0.5200227499008179
MNIST,small,42,1,a1,output_weight_norm,baseline,5,0.6834576725959778
MNIST,small,42,1,a1,output_weight_norm,baseline,6,0.4489061236381531
MNIST,small,42,1,a1,output_weight_norm,baseline,7,0.5244847536087036
MNIST,small,42,1,a1,output_weight_norm,baseline,8,0.4593316912651062
MNIST,small,42,1,a1,output_weight_norm,baseline,9,0.5181049704551697
MNIST,small,42,1,a1,output_weight_norm,baseline,10,0.5206066966056824
MNIST,small,42,1,a1,output_weight_norm,baseline,11,0.4519725441932678
MNIST,small,42,1,a1,output_weight_norm,baseline,12,0.6076461672782898
MNIST,small,42,1,a1,output_weight_norm,baseline,13,0.7064698934555054
MNIST,small,42,1,a1,output_weight_norm,baseline,14,0.4618866741657257
MNIST,small,42,1,a1,output_weight_norm,baseline,15,0.6873887777328491
MNIST,small,42,1,a1,output_weight_norm,baseline,16,0.4978930354118347
MNIST,small,42,1,a1,output_weight_norm,baseline,17,0.5183281302452087
MNIST,small,42,1,a1,output_weight_norm,baseline,18,0.6342407464981079
MNIST,small,42,1,a1,output_weight_norm,baseline,19,0.5115174651145935
MNIST,small,42,1,a1,output_weight_norm,baseline,20,0.5653166770935059
MNIST,small,42,1,a1,output_weight_norm,baseline,21,0.5489404201507568
MNIST,small,42,1,a1,output_weight_norm,baseline,22,0.5203576683998108
MNIST,small,42,1,a1,output_weight_norm,baseline,23,0.6896597743034363
MNIST,small,42,1,a1,output_weight_norm,baseline,24,0.39429953694343567
MNIST,small,42,1,a1,output_weight_norm,baseline,25,0.49348166584968567
MNIST,small,42,1,a1,output_weight_norm,baseline,26,0.49560222029685974
MNIST,small,42,1,a1,output_weight_norm,baseline,27,0.5019941329956055
MNIST,small,42,1,a1,output_weight_norm,baseline,28,0.6875497698783875
MNIST,small,42,1,a1,output_weight_norm,baseline,29,0.5319986343383789
MNIST,small,42,1,a1,output_weight_norm,baseline,30,0.47078603506088257
MNIST,small,42,1,a1,output_weight_norm,baseline,31,0.5306788086891174
MNIST,small,42,1,a1,output_weight_norm,baseline,32,0.5123528838157654
MNIST,small,42,1,a1,output_weight_norm,baseline,33,0.4770109951496124
MNIST,small,42,1,a1,output_weight_norm,baseline,34,0.48967334628105164
MNIST,small,42,1,a1,output_weight_norm,baseline,35,0.4493366479873657
MNIST,small,42,1,a1,output_weight_norm,baseline,36,0.44769322872161865
MNIST,small,42,1,a1,output_weight_norm,baseline,37,0.514458954334259
MNIST,small,42,1,a1,output_weight_norm,baseline,38,0.517397940158844
MNIST,small,42,1,a1,output_weight_norm,baseline,39,0.5057750344276428
MNIST,small,42,1,a1,output_weight_norm,baseline,40,0.482374906539917
MNIST,small,42,1,a1,output_weight_norm,baseline,41,0.5140300393104553
MNIST,small,42,1,a1,output_weight_norm,baseline,42,0.546747624874115
MNIST,small,42,1,a1,output_weight_norm,baseline,43,0.7325141429901123
MNIST,small,42,1,a1,output_weight_norm,baseline,44,0.5889933705329895
MNIST,small,42,1,a1,output_weight_norm,baseline,45,0.4130224585533142
MNIST,small,42,1,a1,output_weight_norm,baseline,46,0.4688963294029236
MNIST,small,42,1,a1,output_weight_norm,baseline,47,0.5209871530532837
MNIST,small,42,1,a1,output_weight_norm,baseline,48,0.46947726607322693
MNIST,small,42,1,a1,output_weight_norm,baseline,49,0.5530200004577637
MNIST,small,42,1,a1,output_weight_norm,baseline,50,0.6919019818305969
MNIST,small,42,1,a1,output_weight_norm,baseline,51,0.46032634377479553
MNIST,small,42,1,a1,output_weight_norm,baseline,52,0.5553655624389648
MNIST,small,42,1,a1,output_weight_norm,baseline,53,0.4701549708843231
MNIST,small,42,1,a1,output_weight_norm,baseline,54,0.5321325659751892
MNIST,small,42,1,a1,output_weight_norm,baseline,55,0.5679765939712524
MNIST,small,42,1,a1,output_weight_norm,baseline,56,0.5022458434104919
MNIST,small,42,1,a1,output_weight_norm,baseline,57,0.48285233974456787
MNIST,small,42,1,a1,output_weight_norm,baseline,58,0.5712426900863647
MNIST,small,42,1,a1,output_weight_norm,baseline,59,0.5726515650749207
MNIST,small,42,1,a1,output_weight_norm,baseline,60,0.4673054814338684
MNIST,small,42,1,a1,output_weight_norm,baseline,61,0.3991590142250061
MNIST,small,42,1,a1,output_weight_norm,baseline,62,0.7428255081176758
MNIST,small,42,1,a1,output_weight_norm,baseline,63,0.6067162752151489
MNIST,small,42,1,a1,output_weight_norm,baseline,64,0.4710788130760193
MNIST,small,42,1,a1,output_weight_norm,baseline,65,0.46407973766326904
MNIST,small,42,1,a1,output_weight_norm,baseline,66,0.5049432516098022
MNIST,small,42,1,a1,output_weight_norm,baseline,67,0.4672711491584778
MNIST,small,42,1,a1,output_weight_norm,baseline,68,0.7760267853736877
MNIST,small,42,1,a1,output_weight_norm,baseline,69,0.5371675491333008
MNIST,small,42,1,a1,output_weight_norm,baseline,70,0.4892289340496063
MNIST,small,42,1,a1,output_weight_norm,baseline,71,0.49078869819641113
MNIST,small,42,1,a1,output_weight_norm,baseline,72,0.5192254185676575
MNIST,small,42,1,a1,output_weight_norm,baseline,73,0.502549946308136
MNIST,small,42,1,a1,output_weight_norm,baseline,74,0.37344130873680115
MNIST,small,42,1,a1,output_weight_norm,baseline,75,0.4686935842037201
MNIST,small,42,1,a1,output_weight_norm,baseline,76,0.5226191878318787
MNIST,small,42,1,a1,output_weight_norm,baseline,77,0.5160741209983826
MNIST,small,42,1,a1,output_weight_norm,baseline,78,0.48226094245910645
MNIST,small,42,1,a1,output_weight_norm,baseline,79,0.4000626802444458
MNIST,small,42,1,a1,output_weight_norm,baseline,80,0.4925810992717743
MNIST,small,42,1,a1,output_weight_norm,baseline,81,0.46098238229751587
MNIST,small,42,1,a1,output_weight_norm,baseline,82,0.48335784673690796
MNIST,small,42,1,a1,output_weight_norm,baseline,83,0.42850425839424133
MNIST,small,42,1,a1,output_weight_norm,baseline,84,0.5133912563323975
MNIST,small,42,1,a1,output_weight_norm,baseline,85,0.5169124603271484
MNIST,small,42,1,a1,output_weight_norm,baseline,86,0.5502588152885437
MNIST,small,42,1,a1,output_weight_norm,baseline,87,0.5509495735168457
MNIST,small,42,1,a1,output_weight_norm,baseline,88,0.4766359329223633
MNIST,small,42,1,a1,output_weight_norm,baseline,89,0.5364765524864197
MNIST,small,42,1,a1,output_weight_norm,baseline,90,0.49994957447052
MNIST,small,42,1,a1,output_weight_norm,baseline,91,0.5594812035560608
MNIST,small,42,1,a1,output_weight_norm,baseline,92,0.46360331773757935
MNIST,small,42,1,a1,output_weight_norm,baseline,93,0.5042803287506104
MNIST,small,42,1,a1,output_weight_norm,baseline,94,0.4527161717414856
MNIST,small,42,1,a1,output_weight_norm,baseline,95,0.49918797612190247
MNIST,small,42,1,a1,output_weight_norm,baseline,96,0.4058501422405243
MNIST,small,42,1,a1,output_weight_norm,baseline,97,0.5464515686035156
MNIST,small,42,1,a1,output_weight_norm,baseline,98,0.48239487409591675
MNIST,small,42,1,a1,output_weight_norm,baseline,99,0.5078368186950684
MNIST,small,42,1,a1,output_weight_norm,baseline,100,0.5439172387123108
MNIST,small,42,1,a1,output_weight_norm,baseline,101,0.46375033259391785
MNIST,small,42,1,a1,output_weight_norm,baseline,102,0.5609331130981445
MNIST,small,42,1,a1,output_weight_norm,baseline,103,0.6000642776489258
MNIST,small,42,1,a1,output_weight_norm,baseline,104,0.43455520272254944
MNIST,small,42,1,a1,output_weight_norm,baseline,105,0.5113736987113953
MNIST,small,42,1,a1,output_weight_norm,baseline,106,0.46524906158447266
MNIST,small,42,1,a1,output_weight_norm,baseline,107,0.4416063129901886
MNIST,small,42,1,a1,output_weight_norm,baseline,108,0.5599782466888428
MNIST,small,42,1,a1,output_weight_norm,baseline,109,0.4976765811443329
MNIST,small,42,1,a1,output_weight_norm,baseline,110,0.7340396642684937
MNIST,small,42,1,a1,output_weight_norm,baseline,111,0.5329622030258179
MNIST,small,42,1,a1,output_weight_norm,baseline,112,0.5118472576141357
MNIST,small,42,1,a1,output_weight_norm,baseline,113,0.5510416030883789
MNIST,small,42,1,a1,output_weight_norm,baseline,114,0.5266005992889404
MNIST,small,42,1,a1,output_weight_norm,baseline,115,0.6572178602218628
MNIST,small,42,1,a1,output_weight_norm,baseline,116,0.52656090259552
MNIST,small,42,1,a1,output_weight_norm,baseline,117,0.5103307366371155
MNIST,small,42,1,a1,output_weight_norm,baseline,118,0.4965750575065613
MNIST,small,42,1,a1,output_weight_norm,baseline,119,0.44448021054267883
MNIST,small,42,1,a1,output_weight_norm,baseline,120,0.44802647829055786
MNIST,small,42,1,a1,output_weight_norm,baseline,121,0.5211510062217712
MNIST,small,42,1,a1,output_weight_norm,baseline,122,0.5135394930839539
MNIST,small,42,1,a1,output_weight_norm,baseline,123,0.473608136177063
MNIST,small,42,1,a1,output_weight_norm,baseline,124,0.5793119668960571
MNIST,small,42,1,a1,output_weight_norm,baseline,125,0.4856202304363251
MNIST,small,42,1,a1,output_weight_norm,baseline,126,0.4896227717399597
MNIST,small,42,1,a1,output_weight_norm,baseline,127,0.4975811243057251
MNIST,small,42,1,a1,output_weight_norm,baseline,128,0.49761155247688293
MNIST,small,42,1,a1,output_weight_norm,baseline,129,0.3875141739845276
MNIST,small,42,1,a1,output_weight_norm,baseline,130,0.47976839542388916
MNIST,small,42,1,a1,output_weight_norm,baseline,131,0.4732726216316223
MNIST,small,42,1,a1,output_weight_norm,baseline,132,0.6841955184936523
MNIST,small,42,1,a1,output_weight_norm,baseline,133,0.4873175024986267
MNIST,small,42,1,a1,output_weight_norm,baseline,134,0.4316306710243225
MNIST,small,42,1,a1,output_weight_norm,baseline,135,0.4659149646759033
MNIST,small,42,1,a1,output_weight_norm,baseline,136,0.4756971597671509
MNIST,small,42,1,a1,output_weight_norm,baseline,137,0.45284122228622437
MNIST,small,42,1,a1,output_weight_norm,baseline,138,0.5084222555160522
MNIST,small,42,1,a1,output_weight_norm,baseline,139,0.5339762568473816
MNIST,small,42,1,a1,output_weight_norm,baseline,140,0.5003921389579773
MNIST,small,42,1,a1,output_weight_norm,baseline,141,0.40998169779777527
MNIST,small,42,1,a1,output_weight_norm,baseline,142,0.5693498849868774
MNIST,small,42,1,a1,output_weight_norm,baseline,143,0.4458770453929901
MNIST,small,42,1,a1,output_weight_norm,baseline,144,0.5095854997634888
MNIST,small,42,1,a1,output_weight_norm,baseline,145,0.5145204067230225
MNIST,small,42,1,a1,output_weight_norm,baseline,146,0.5003015398979187
MNIST,small,42,1,a1,output_weight_norm,baseline,147,0.514153003692627
MNIST,small,42,1,a1,output_weight_norm,baseline,148,0.43869349360466003
MNIST,small,42,1,a1,output_weight_norm,baseline,149,0.7782189249992371
MNIST,small,42,1,a1,output_weight_norm,baseline,150,0.5051653385162354
MNIST,small,42,1,a1,output_weight_norm,baseline,151,0.536459743976593
MNIST,small,42,1,a1,output_weight_norm,baseline,152,0.49344879388809204
MNIST,small,42,1,a1,output_weight_norm,baseline,153,0.513865053653717
MNIST,small,42,1,a1,output_weight_norm,baseline,154,0.5558788776397705
MNIST,small,42,1,a1,output_weight_norm,baseline,155,0.4866940975189209
MNIST,small,42,1,a1,output_weight_norm,baseline,156,0.4775531589984894
MNIST,small,42,1,a1,output_weight_norm,baseline,157,0.5854575037956238
MNIST,small,42,1,a1,output_weight_norm,baseline,158,0.5936142802238464
MNIST,small,42,1,a1,output_weight_norm,baseline,159,0.4533240497112274
MNIST,small,42,1,a1,output_weight_norm,baseline,160,0.692206859588623
MNIST,small,42,1,a1,output_weight_norm,baseline,161,0.5001726746559143
MNIST,small,42,1,a1,output_weight_norm,baseline,162,0.5302034616470337
MNIST,small,42,1,a1,output_weight_norm,baseline,163,0.4784432053565979
MNIST,small,42,1,a1,output_weight_norm,baseline,164,0.507300853729248
MNIST,small,42,1,a1,output_weight_norm,baseline,165,0.47356125712394714
MNIST,small,42,1,a1,output_weight_norm,baseline,166,0.6250784397125244
MNIST,small,42,1,a1,output_weight_norm,baseline,167,0.5713803172111511
MNIST,small,42,1,a1,output_weight_norm,baseline,168,0.6087386608123779
MNIST,small,42,1,a1,output_weight_norm,baseline,169,0.5358378291130066
MNIST,small,42,1,a1,output_weight_norm,baseline,170,0.5560782551765442
MNIST,small,42,1,a1,output_weight_norm,baseline,171,0.5116780400276184
MNIST,small,42,1,a1,output_weight_norm,baseline,172,0.4814123511314392
MNIST,small,42,1,a1,output_weight_norm,baseline,173,0.5482648015022278
MNIST,small,42,1,a1,output_weight_norm,baseline,174,0.5852269530296326
MNIST,small,42,1,a1,output_weight_norm,baseline,175,0.5079864263534546
MNIST,small,42,1,a1,output_weight_norm,baseline,176,0.47123441100120544
MNIST,small,42,1,a1,output_weight_norm,baseline,177,0.6286433339118958
MNIST,small,42,1,a1,output_weight_norm,baseline,178,0.570807158946991
MNIST,small,42,1,a1,output_weight_norm,baseline,179,0.42954403162002563
MNIST,small,42,1,a1,output_weight_norm,baseline,180,0.46084362268447876
MNIST,small,42,1,a1,output_weight_norm,baseline,181,0.4929073452949524
MNIST,small,42,1,a1,output_weight_norm,baseline,182,0.5079578161239624
MNIST,small,42,1,a1,output_weight_norm,baseline,183,0.6128538846969604
MNIST,small,42,1,a1,output_weight_norm,baseline,184,0.4993797242641449
MNIST,small,42,1,a1,output_weight_norm,baseline,185,0.647552490234375
MNIST,small,42,1,a1,output_weight_norm,baseline,186,0.5254132151603699
MNIST,small,42,1,a1,output_weight_norm,baseline,187,0.4724225103855133
MNIST,small,42,1,a1,output_weight_norm,baseline,188,0.4616597890853882
MNIST,small,42,1,a1,output_weight_norm,baseline,189,0.6517072319984436
MNIST,small,42,1,a1,output_weight_norm,baseline,190,0.5164698958396912
MNIST,small,42,1,a1,output_weight_norm,baseline,191,0.5353152751922607
MNIST,small,42,1,a1,output_weight_norm,baseline,192,0.5856072306632996
MNIST,small,42,1,a1,output_weight_norm,baseline,193,0.5580745339393616
MNIST,small,42,1,a1,output_weight_norm,baseline,194,0.5623423457145691
MNIST,small,42,1,a1,output_weight_norm,baseline,195,0.4895404875278473
MNIST,small,42,1,a1,output_weight_norm,baseline,196,0.5063189268112183
MNIST,small,42,1,a1,output_weight_norm,baseline,197,0.4951723515987396
MNIST,small,42,1,a1,output_weight_norm,baseline,198,0.49011677503585815
MNIST,small,42,1,a1,output_weight_norm,baseline,199,0.5142929553985596
MNIST,small,42,1,a1,output_weight_norm,baseline,200,0.5244356989860535
MNIST,small,42,1,a1,output_weight_norm,baseline,201,0.6300148367881775
MNIST,small,42,1,a1,output_weight_norm,baseline,202,0.537262499332428
MNIST,small,42,1,a1,output_weight_norm,baseline,203,0.5044243335723877
MNIST,small,42,1,a1,output_weight_norm,baseline,204,0.5037954449653625
MNIST,small,42,1,a1,output_weight_norm,baseline,205,0.6107112169265747
MNIST,small,42,1,a1,output_weight_norm,baseline,206,0.4377438426017761
MNIST,small,42,1,a1,output_weight_norm,baseline,207,0.4847283363342285
MNIST,small,42,1,a1,output_weight_norm,baseline,208,0.6657280325889587
MNIST,small,42,1,a1,output_weight_norm,baseline,209,0.4811093807220459
MNIST,small,42,1,a1,output_weight_norm,baseline,210,0.4992959201335907
MNIST,small,42,1,a1,output_weight_norm,baseline,211,0.4672228693962097
MNIST,small,42,1,a1,output_weight_norm,baseline,212,0.5242329239845276
MNIST,small,42,1,a1,output_weight_norm,baseline,213,0.5012381076812744
MNIST,small,42,1,a1,output_weight_norm,baseline,214,0.467806875705719
MNIST,small,42,1,a1,output_weight_norm,baseline,215,0.3626914918422699
MNIST,small,42,1,a1,output_weight_norm,baseline,216,0.5561456084251404
MNIST,small,42,1,a1,output_weight_norm,baseline,217,0.45984578132629395
MNIST,small,42,1,a1,output_weight_norm,baseline,218,0.5590636134147644
MNIST,small,42,1,a1,output_weight_norm,baseline,219,0.6619503498077393
MNIST,small,42,1,a1,output_weight_norm,baseline,220,0.6909623146057129
MNIST,small,42,1,a1,output_weight_norm,baseline,221,0.5165053606033325
MNIST,small,42,1,a1,output_weight_norm,baseline,222,0.4891137182712555
MNIST,small,42,1,a1,output_weight_norm,baseline,223,0.5033847093582153
MNIST,small,42,1,a1,output_weight_norm,baseline,224,0.7826195359230042
MNIST,small,42,1,a1,output_weight_norm,baseline,225,0.5684968829154968
MNIST,small,42,1,a1,output_weight_norm,baseline,226,0.5242103338241577
MNIST,small,42,1,a1,output_weight_norm,baseline,227,0.6315869092941284
MNIST,small,42,1,a1,output_weight_norm,baseline,228,0.5916914343833923
MNIST,small,42,1,a1,output_weight_norm,baseline,229,0.6179832816123962
MNIST,small,42,1,a1,output_weight_norm,baseline,230,0.4389084577560425
MNIST,small,42,1,a1,output_weight_norm,baseline,231,0.5198323726654053
MNIST,small,42,1,a1,output_weight_norm,baseline,232,0.5037831664085388
MNIST,small,42,1,a1,output_weight_norm,baseline,233,0.5779467225074768
MNIST,small,42,1,a1,output_weight_norm,baseline,234,0.5183677673339844
MNIST,small,42,1,a1,output_weight_norm,baseline,235,0.5517664551734924
MNIST,small,42,1,a1,output_weight_norm,baseline,236,0.5347444415092468
MNIST,small,42,1,a1,output_weight_norm,baseline,237,0.5993079543113708
MNIST,small,42,1,a1,output_weight_norm,baseline,238,0.6025831699371338
MNIST,small,42,1,a1,output_weight_norm,baseline,239,0.4449728727340698
MNIST,small,42,1,a1,output_weight_norm,baseline,240,0.42216819524765015
MNIST,small,42,1,a1,output_weight_norm,baseline,241,0.5596476197242737
MNIST,small,42,1,a1,output_weight_norm,baseline,242,0.5514951944351196
MNIST,small,42,1,a1,output_weight_norm,baseline,243,0.4801813066005707
MNIST,small,42,1,a1,output_weight_norm,baseline,244,0.49342578649520874
MNIST,small,42,1,a1,output_weight_norm,baseline,245,0.43754857778549194
MNIST,small,42,1,a1,output_weight_norm,baseline,246,0.6645751595497131
MNIST,small,42,1,a1,output_weight_norm,baseline,247,0.5154114961624146
MNIST,small,42,1,a1,output_weight_norm,baseline,248,0.4676523804664612
MNIST,small,42,1,a1,output_weight_norm,baseline,249,0.44027474522590637
MNIST,small,42,1,a1,output_weight_norm,baseline,250,0.49387556314468384
MNIST,small,42,1,a1,output_weight_norm,baseline,251,0.4376831650733948
MNIST,small,42,1,a1,output_weight_norm,baseline,252,0.5431086421012878
MNIST,small,42,1,a1,output_weight_norm,baseline,253,0.7315569519996643
MNIST,small,42,1,a1,output_weight_norm,baseline,254,0.5070656538009644
MNIST,small,42,1,a1,output_weight_norm,baseline,255,0.49012795090675354
MNIST,small,42,1,a2,output_weight_norm,baseline,0,0.22460617125034332
MNIST,small,42,1,a2,output_weight_norm,baseline,1,0.24624717235565186
MNIST,small,42,1,a2,output_weight_norm,baseline,2,0.2734888792037964
MNIST,small,42,1,a2,output_weight_norm,baseline,3,0.2685719132423401
MNIST,small,42,1,a2,output_weight_norm,baseline,4,0.234495609998703
MNIST,small,42,1,a2,output_weight_norm,baseline,5,0.18568070232868195
MNIST,small,42,1,a2,output_weight_norm,baseline,6,0.23545831441879272
MNIST,small,42,1,a2,output_weight_norm,baseline,7,0.2231048047542572
MNIST,small,42,1,a2,output_weight_norm,baseline,8,0.20742067694664001
MNIST,small,42,1,a2,output_weight_norm,baseline,9,0.18799211084842682
MNIST,small,42,1,a2,output_weight_norm,baseline,10,0.20612937211990356
MNIST,small,42,1,a2,output_weight_norm,baseline,11,0.21281398832798004
MNIST,small,42,1,a2,output_weight_norm,baseline,12,0.27044621109962463
MNIST,small,42,1,a2,output_weight_norm,baseline,13,0.25231480598449707
MNIST,small,42,1,a2,output_weight_norm,baseline,14,0.21495705842971802
MNIST,small,42,1,a2,output_weight_norm,baseline,15,0.19505418837070465
MNIST,small,42,1,a2,output_weight_norm,baseline,16,0.23681871592998505
MNIST,small,42,1,a2,output_weight_norm,baseline,17,0.31121358275413513
MNIST,small,42,1,a2,output_weight_norm,baseline,18,0.21773724257946014
MNIST,small,42,1,a2,output_weight_norm,baseline,19,0.2249475121498108
MNIST,small,42,1,a2,output_weight_norm,baseline,20,0.21015213429927826
MNIST,small,42,1,a2,output_weight_norm,baseline,21,0.24645815789699554
MNIST,small,42,1,a2,output_weight_norm,baseline,22,0.25754883885383606
MNIST,small,42,1,a2,output_weight_norm,baseline,23,0.22409451007843018
MNIST,small,42,1,a2,output_weight_norm,baseline,24,0.21015189588069916
MNIST,small,42,1,a2,output_weight_norm,baseline,25,0.2247753143310547
MNIST,small,42,1,a2,output_weight_norm,baseline,26,0.19892846047878265
MNIST,small,42,1,a2,output_weight_norm,baseline,27,0.2448696494102478
MNIST,small,42,1,a2,output_weight_norm,baseline,28,0.19862844049930573
MNIST,small,42,1,a2,output_weight_norm,baseline,29,0.23579876124858856
MNIST,small,42,1,a2,output_weight_norm,baseline,30,0.19934646785259247
MNIST,small,42,1,a2,output_weight_norm,baseline,31,0.21587897837162018
MNIST,small,42,1,a2,output_weight_norm,baseline,32,0.1937781274318695
MNIST,small,42,1,a2,output_weight_norm,baseline,33,0.2314351499080658
MNIST,small,42,1,a2,output_weight_norm,baseline,34,0.23445580899715424
MNIST,small,42,1,a2,output_weight_norm,baseline,35,0.2448624223470688
MNIST,small,42,1,a2,output_weight_norm,baseline,36,0.1848248839378357
MNIST,small,42,1,a2,output_weight_norm,baseline,37,0.2637481391429901
MNIST,small,42,1,a2,output_weight_norm,baseline,38,0.21681223809719086
MNIST,small,42,1,a2,output_weight_norm,baseline,39,0.2236173450946808
MNIST,small,42,1,a2,output_weight_norm,baseline,40,0.22879169881343842
MNIST,small,42,1,a2,output_weight_norm,baseline,41,0.09894528985023499
MNIST,small,42,1,a2,output_weight_norm,baseline,42,0.2270665019750595
MNIST,small,42,1,a2,output_weight_norm,baseline,43,0.2333034873008728
MNIST,small,42,1,a2,output_weight_norm,baseline,44,0.14424307644367218
MNIST,small,42,1,a2,output_weight_norm,baseline,45,0.21743430197238922
MNIST,small,42,1,a2,output_weight_norm,baseline,46,0.23589442670345306
MNIST,small,42,1,a2,output_weight_norm,baseline,47,0.2288292497396469
MNIST,small,42,1,a2,output_weight_norm,baseline,48,0.22475185990333557
MNIST,small,42,1,a2,output_weight_norm,baseline,49,0.22442860901355743
MNIST,small,42,1,a2,output_weight_norm,baseline,50,0.22190026938915253
MNIST,small,42,1,a2,output_weight_norm,baseline,51,0.23952972888946533
MNIST,small,42,1,a2,output_weight_norm,baseline,52,0.2088160663843155
MNIST,small,42,1,a2,output_weight_norm,baseline,53,0.18782299757003784
MNIST,small,42,1,a2,output_weight_norm,baseline,54,0.2585607171058655
MNIST,small,42,1,a2,output_weight_norm,baseline,55,0.2208089381456375
MNIST,small,42,1,a2,output_weight_norm,baseline,56,0.19185522198677063
MNIST,small,42,1,a2,output_weight_norm,baseline,57,0.2673787474632263
MNIST,small,42,1,a2,output_weight_norm,baseline,58,0.22419871389865875
MNIST,small,42,1,a2,output_weight_norm,baseline,59,0.2610151469707489
MNIST,small,42,1,a2,output_weight_norm,baseline,60,0.21810053288936615
MNIST,small,42,1,a2,output_weight_norm,baseline,61,0.2588982880115509
MNIST,small,42,1,a2,output_weight_norm,baseline,62,0.23386864364147186
MNIST,small,42,1,a2,output_weight_norm,baseline,63,0.2561316192150116
MNIST,small,42,1,a2,output_weight_norm,baseline,64,0.24071772396564484
MNIST,small,42,1,a2,output_weight_norm,baseline,65,0.14882449805736542
MNIST,small,42,1,a2,output_weight_norm,baseline,66,0.171857550740242
MNIST,small,42,1,a2,output_weight_norm,baseline,67,0.21219053864479065
MNIST,small,42,1,a2,output_weight_norm,baseline,68,0.19136714935302734
MNIST,small,42,1,a2,output_weight_norm,baseline,69,0.24838115274906158
MNIST,small,42,1,a2,output_weight_norm,baseline,70,0.22399820387363434
MNIST,small,42,1,a2,output_weight_norm,baseline,71,0.1986473649740219
MNIST,small,42,1,a2,output_weight_norm,baseline,72,0.19759680330753326
MNIST,small,42,1,a2,output_weight_norm,baseline,73,0.22404392063617706
MNIST,small,42,1,a2,output_weight_norm,baseline,74,0.2580633759498596
MNIST,small,42,1,a2,output_weight_norm,baseline,75,0.24455013871192932
MNIST,small,42,1,a2,output_weight_norm,baseline,76,0.13707920908927917
MNIST,small,42,1,a2,output_weight_norm,baseline,77,0.24062906205654144
MNIST,small,42,1,a2,output_weight_norm,baseline,78,0.21448752284049988
MNIST,small,42,1,a2,output_weight_norm,baseline,79,0.31139516830444336
MNIST,small,42,1,a2,output_weight_norm,baseline,80,0.2402113974094391
MNIST,small,42,1,a2,output_weight_norm,baseline,81,0.21010370552539825
MNIST,small,42,1,a2,output_weight_norm,baseline,82,0.2117510288953781
MNIST,small,42,1,a2,output_weight_norm,baseline,83,0.21523813903331757
MNIST,small,42,1,a2,output_weight_norm,baseline,84,0.17925715446472168
MNIST,small,42,1,a2,output_weight_norm,baseline,85,0.2566360533237457
MNIST,small,42,1,a2,output_weight_norm,baseline,86,0.14961571991443634
MNIST,small,42,1,a2,output_weight_norm,baseline,87,0.2217189222574234
MNIST,small,42,1,a2,output_weight_norm,baseline,88,0.2281295508146286
MNIST,small,42,1,a2,output_weight_norm,baseline,89,0.2375621497631073
MNIST,small,42,1,a2,output_weight_norm,baseline,90,0.1772039532661438
MNIST,small,42,1,a2,output_weight_norm,baseline,91,0.20505908131599426
MNIST,small,42,1,a2,output_weight_norm,baseline,92,0.2120390683412552
MNIST,small,42,1,a2,output_weight_norm,baseline,93,0.22218763828277588
MNIST,small,42,1,a2,output_weight_norm,baseline,94,0.23616363108158112
MNIST,small,42,1,a2,output_weight_norm,baseline,95,0.2625056207180023
MNIST,small,42,1,a2,output_weight_norm,baseline,96,0.1926078200340271
MNIST,small,42,1,a2,output_weight_norm,baseline,97,0.19790108501911163
MNIST,small,42,1,a2,output_weight_norm,baseline,98,0.2221618890762329
MNIST,small,42,1,a2,output_weight_norm,baseline,99,0.16261963546276093
MNIST,small,42,1,a2,output_weight_norm,baseline,100,0.2178679257631302
MNIST,small,42,1,a2,output_weight_norm,baseline,101,0.23574583232402802
MNIST,small,42,1,a2,output_weight_norm,baseline,102,0.16118794679641724
MNIST,small,42,1,a2,output_weight_norm,baseline,103,0.2355903536081314
MNIST,small,42,1,a2,output_weight_norm,baseline,104,0.24036236107349396
MNIST,small,42,1,a2,output_weight_norm,baseline,105,0.24984526634216309
MNIST,small,42,1,a2,output_weight_norm,baseline,106,0.1653650999069214
MNIST,small,42,1,a2,output_weight_norm,baseline,107,0.18998566269874573
MNIST,small,42,1,a2,output_weight_norm,baseline,108,0.2542372941970825
MNIST,small,42,1,a2,output_weight_norm,baseline,109,0.23541536927223206
MNIST,small,42,1,a2,output_weight_norm,baseline,110,0.21425004303455353
MNIST,small,42,1,a2,output_weight_norm,baseline,111,0.2403886318206787
MNIST,small,42,1,a2,output_weight_norm,baseline,112,0.23463265597820282
MNIST,small,42,1,a2,output_weight_norm,baseline,113,0.28164705634117126
MNIST,small,42,1,a2,output_weight_norm,baseline,114,0.2551571726799011
MNIST,small,42,1,a2,output_weight_norm,baseline,115,0.26561182737350464
MNIST,small,42,1,a2,output_weight_norm,baseline,116,0.22136111557483673
MNIST,small,42,1,a2,output_weight_norm,baseline,117,0.20278291404247284
MNIST,small,42,1,a2,output_weight_norm,baseline,118,0.18076163530349731
MNIST,small,42,1,a2,output_weight_norm,baseline,119,0.20662489533424377
MNIST,small,42,1,a2,output_weight_norm,baseline,120,0.21187248826026917
MNIST,small,42,1,a2,output_weight_norm,baseline,121,0.23290829360485077
MNIST,small,42,1,a2,output_weight_norm,baseline,122,0.20339317619800568
MNIST,small,42,1,a2,output_weight_norm,baseline,123,0.23912961781024933
MNIST,small,42,1,a2,output_weight_norm,baseline,124,0.2273690402507782
MNIST,small,42,1,a2,output_weight_norm,baseline,125,0.2622581422328949
MNIST,small,42,1,a2,output_weight_norm,baseline,126,0.23716801404953003
MNIST,small,42,1,a2,output_weight_norm,baseline,127,0.2268645465373993
MNIST,small,42,1,a1,mean_activation,baseline,0,0.5716608762741089
MNIST,small,42,1,a1,mean_activation,baseline,1,0.5791733264923096
MNIST,small,42,1,a1,mean_activation,baseline,2,0.3778533637523651
MNIST,small,42,1,a1,mean_activation,baseline,3,0.7001131176948547
MNIST,small,42,1,a1,mean_activation,baseline,4,0.35265082120895386
MNIST,small,42,1,a1,mean_activation,baseline,5,0.6102153062820435
MNIST,small,42,1,a1,mean_activation,baseline,6,1.6066690683364868
MNIST,small,42,1,a1,mean_activation,baseline,7,0.5389188528060913
MNIST,small,42,1,a1,mean_activation,baseline,8,1.1302355527877808
MNIST,small,42,1,a1,mean_activation,baseline,9,0.9519227743148804
MNIST,small,42,1,a1,mean_activation,baseline,10,0.4917324483394623
MNIST,small,42,1,a1,mean_activation,baseline,11,1.2809003591537476
MNIST,small,42,1,a1,mean_activation,baseline,12,1.1928136348724365
MNIST,small,42,1,a1,mean_activation,baseline,13,0.2883884012699127
MNIST,small,42,1,a1,mean_activation,baseline,14,1.47252357006073
MNIST,small,42,1,a1,mean_activation,baseline,15,0.5757999420166016
MNIST,small,42,1,a1,mean_activation,baseline,16,1.184483528137207
MNIST,small,42,1,a1,mean_activation,baseline,17,0.8990930318832397
MNIST,small,42,1,a1,mean_activation,baseline,18,0.31246811151504517
MNIST,small,42,1,a1,mean_activation,baseline,19,0.9704112410545349
MNIST,small,42,1,a1,mean_activation,baseline,20,0.40201783180236816
MNIST,small,42,1,a1,mean_activation,baseline,21,0.9592946767807007
MNIST,small,42,1,a1,mean_activation,baseline,22,0.671202540397644
MNIST,small,42,1,a1,mean_activation,baseline,23,0.18358035385608673
MNIST,small,42,1,a1,mean_activation,baseline,24,0.0
MNIST,small,42,1,a1,mean_activation,baseline,25,1.0288692712783813
MNIST,small,42,1,a1,mean_activation,baseline,26,2.1579315662384033
MNIST,small,42,1,a1,mean_activation,baseline,27,0.45833921432495117
MNIST,small,42,1,a1,mean_activation,baseline,28,0.3800244927406311
MNIST,small,42,1,a1,mean_activation,baseline,29,1.2009321451187134
MNIST,small,42,1,a1,mean_activation,baseline,30,0.5447195768356323
MNIST,small,42,1,a1,mean_activation,baseline,31,0.04430191218852997
MNIST,small,42,1,a1,mean_activation,baseline,32,0.1610628366470337
MNIST,small,42,1,a1,mean_activation,baseline,33,0.6936662197113037
MNIST,small,42,1,a1,mean_activation,baseline,34,2.3188815116882324
MNIST,small,42,1,a1,mean_activation,baseline,35,0.5347990393638611
MNIST,small,42,1,a1,mean_activation,baseline,36,0.36158010363578796
MNIST,small,42,1,a1,mean_activation,baseline,37,0.7491348385810852
MNIST,small,42,1,a1,mean_activation,baseline,38,0.48580437898635864
MNIST,small,42,1,a1,mean_activation,baseline,39,0.8455924391746521
MNIST,small,42,1,a1,mean_activation,baseline,40,1.3629388809204102
MNIST,small,42,1,a1,mean_activation,baseline,41,0.4016123414039612
MNIST,small,42,1,a1,mean_activation,baseline,42,0.4029269218444824
MNIST,small,42,1,a1,mean_activation,baseline,43,0.5332798361778259
MNIST,small,42,1,a1,mean_activation,baseline,44,0.4781087040901184
MNIST,small,42,1,a1,mean_activation,baseline,45,0.0
MNIST,small,42,1,a1,mean_activation,baseline,46,0.9684523940086365
MNIST,small,42,1,a1,mean_activation,baseline,47,0.9875181913375854
MNIST,small,42,1,a1,mean_activation,baseline,48,0.6808649897575378
MNIST,small,42,1,a1,mean_activation,baseline,49,0.6632277369499207
MNIST,small,42,1,a1,mean_activation,baseline,50,0.32598626613616943
MNIST,small,42,1,a1,mean_activation,baseline,51,0.4603666663169861
MNIST,small,42,1,a1,mean_activation,baseline,52,0.7039759159088135
MNIST,small,42,1,a1,mean_activation,baseline,53,0.3721674978733063
MNIST,small,42,1,a1,mean_activation,baseline,54,0.19093051552772522
MNIST,small,42,1,a1,mean_activation,baseline,55,0.4123607575893402
MNIST,small,42,1,a1,mean_activation,baseline,56,1.0203766822814941
MNIST,small,42,1,a1,mean_activation,baseline,57,0.6207808256149292
MNIST,small,42,1,a1,mean_activation,baseline,58,0.41423875093460083
MNIST,small,42,1,a1,mean_activation,baseline,59,0.7621986865997314
MNIST,small,42,1,a1,mean_activation,baseline,60,0.2548622786998749
MNIST,small,42,1,a1,mean_activation,baseline,61,0.0
MNIST,small,42,1,a1,mean_activation,baseline,62,0.434378445148468
MNIST,small,42,1,a1,mean_activation,baseline,63,1.1750223636627197
MNIST,small,42,1,a1,mean_activation,baseline,64,0.6130050420761108
MNIST,small,42,1,a1,mean_activation,baseline,65,1.1687359809875488
MNIST,small,42,1,a1,mean_activation,baseline,66,1.221673607826233
MNIST,small,42,1,a1,mean_activation,baseline,67,1.2316582202911377
MNIST,small,42,1,a1,mean_activation,baseline,68,0.4922242760658264
MNIST,small,42,1,a1,mean_activation,baseline,69,0.6819261908531189
MNIST,small,42,1,a1,mean_activation,baseline,70,1.6456526517868042
MNIST,small,42,1,a1,mean_activation,baseline,71,0.6658662557601929
MNIST,small,42,1,a1,mean_activation,baseline,72,0.5275430083274841
MNIST,small,42,1,a1,mean_activation,baseline,73,0.11902913451194763
MNIST,small,42,1,a1,mean_activation,baseline,74,0.0
MNIST,small,42,1,a1,mean_activation,baseline,75,0.8827171325683594
MNIST,small,42,1,a1,mean_activation,baseline,76,1.8081153631210327
MNIST,small,42,1,a1,mean_activation,baseline,77,0.7318871021270752
MNIST,small,42,1,a1,mean_activation,baseline,78,0.8444838523864746
MNIST,small,42,1,a1,mean_activation,baseline,79,0.0
MNIST,small,42,1,a1,mean_activation,baseline,80,1.3575985431671143
MNIST,small,42,1,a1,mean_activation,baseline,81,0.8167442679405212
MNIST,small,42,1,a1,mean_activation,baseline,82,0.9157315492630005
MNIST,small,42,1,a1,mean_activation,baseline,83,2.6126770973205566
MNIST,small,42,1,a1,mean_activation,baseline,84,0.47205013036727905
MNIST,small,42,1,a1,mean_activation,baseline,85,0.8687293529510498
MNIST,small,42,1,a1,mean_activation,baseline,86,0.4876673221588135
MNIST,small,42,1,a1,mean_activation,baseline,87,0.4222208261489868
MNIST,small,42,1,a1,mean_activation,baseline,88,0.6533035039901733
MNIST,small,42,1,a1,mean_activation,baseline,89,0.3807135224342346
MNIST,small,42,1,a1,mean_activation,baseline,90,1.526296615600586
MNIST,small,42,1,a1,mean_activation,baseline,91,0.6487240195274353
MNIST,small,42,1,a1,mean_activation,baseline,92,0.5305340886116028
MNIST,small,42,1,a1,mean_activation,baseline,93,1.1432586908340454
MNIST,small,42,1,a1,mean_activation,baseline,94,0.3403702974319458
MNIST,small,42,1,a1,mean_activation,baseline,95,1.5206358432769775
MNIST,small,42,1,a1,mean_activation,baseline,96,0.0
MNIST,small,42,1,a1,mean_activation,baseline,97,0.757499098777771
MNIST,small,42,1,a1,mean_activation,baseline,98,1.4543203115463257
MNIST,small,42,1,a1,mean_activation,baseline,99,0.7397241592407227
MNIST,small,42,1,a1,mean_activation,baseline,100,0.47424596548080444
MNIST,small,42,1,a1,mean_activation,baseline,101,1.260150671005249
MNIST,small,42,1,a1,mean_activation,baseline,102,0.8748100996017456
MNIST,small,42,1,a1,mean_activation,baseline,103,0.6032862067222595
MNIST,small,42,1,a1,mean_activation,baseline,104,0.0
MNIST,small,42,1,a1,mean_activation,baseline,105,0.05917518585920334
MNIST,small,42,1,a1,mean_activation,baseline,106,0.8097844123840332
MNIST,small,42,1,a1,mean_activation,baseline,107,1.1831104755401611
MNIST,small,42,1,a1,mean_activation,baseline,108,0.5739760994911194
MNIST,small,42,1,a1,mean_activation,baseline,109,1.1436680555343628
MNIST,small,42,1,a1,mean_activation,baseline,110,0.3984285593032837
MNIST,small,42,1,a1,mean_activation,baseline,111,0.8410351276397705
MNIST,small,42,1,a1,mean_activation,baseline,112,0.3370640277862549
MNIST,small,42,1,a1,mean_activation,baseline,113,1.6479880809783936
MNIST,small,42,1,a1,mean_activation,baseline,114,0.5341224670410156
MNIST,small,42,1,a1,mean_activation,baseline,115,0.22091232240200043
MNIST,small,42,1,a1,mean_activation,baseline,116,0.7459592819213867
MNIST,small,42,1,a1,mean_activation,baseline,117,0.3126547336578369
MNIST,small,42,1,a1,mean_activation,baseline,118,0.19296255707740784
MNIST,small,42,1,a1,mean_activation,baseline,119,0.5922149419784546
MNIST,small,42,1,a1,mean_activation,baseline,120,0.8895792961120605
MNIST,small,42,1,a1,mean_activation,baseline,121,0.45013105869293213
MNIST,small,42,1,a1,mean_activation,baseline,122,0.5509487986564636
MNIST,small,42,1,a1,mean_activation,baseline,123,0.34660807251930237
MNIST,small,42,1,a1,mean_activation,baseline,124,0.392001211643219
MNIST,small,42,1,a1,mean_activation,baseline,125,0.48541128635406494
MNIST,small,42,1,a1,mean_activation,baseline,126,1.2814775705337524
MNIST,small,42,1,a1,mean_activation,baseline,127,0.8271423578262329
MNIST,small,42,1,a1,mean_activation,baseline,128,0.8995531797409058
MNIST,small,42,1,a1,mean_activation,baseline,129,0.0003771485935430974
MNIST,small,42,1,a1,mean_activation,baseline,130,0.4277478754520416
MNIST,small,42,1,a1,mean_activation,baseline,131,0.9700265526771545
MNIST,small,42,1,a1,mean_activation,baseline,132,0.40653932094573975
MNIST,small,42,1,a1,mean_activation,baseline,133,0.4407574534416199
MNIST,small,42,1,a1,mean_activation,baseline,134,0.0
MNIST,small,42,1,a1,mean_activation,baseline,135,0.8006969094276428
MNIST,small,42,1,a1,mean_activation,baseline,136,0.8624410629272461
MNIST,small,42,1,a1,mean_activation,baseline,137,1.4832134246826172
MNIST,small,42,1,a1,mean_activation,baseline,138,0.30308499932289124
MNIST,small,42,1,a1,mean_activation,baseline,139,1.0636447668075562
MNIST,small,42,1,a1,mean_activation,baseline,140,0.5385264754295349
MNIST,small,42,1,a1,mean_activation,baseline,141,0.0
MNIST,small,42,1,a1,mean_activation,baseline,142,0.5526748895645142
MNIST,small,42,1,a1,mean_activation,baseline,143,0.8865712881088257
MNIST,small,42,1,a1,mean_activation,baseline,144,0.5653374791145325
MNIST,small,42,1,a1,mean_activation,baseline,145,0.5576378703117371
MNIST,small,42,1,a1,mean_activation,baseline,146,0.9635520577430725
MNIST,small,42,1,a1,mean_activation,baseline,147,0.626891016960144
MNIST,small,42,1,a1,mean_activation,baseline,148,0.8776333332061768
MNIST,small,42,1,a1,mean_activation,baseline,149,0.6737725138664246
MNIST,small,42,1,a1,mean_activation,baseline,150,1.8366425037384033
MNIST,small,42,1,a1,mean_activation,baseline,151,0.9471310377120972
MNIST,small,42,1,a1,mean_activation,baseline,152,1.0356831550598145
MNIST,small,42,1,a1,mean_activation,baseline,153,0.3153168857097626
MNIST,small,42,1,a1,mean_activation,baseline,154,0.3146216571331024
MNIST,small,42,1,a1,mean_activation,baseline,155,0.7312968969345093
MNIST,small,42,1,a1,mean_activation,baseline,156,0.7236577868461609
MNIST,small,42,1,a1,mean_activation,baseline,157,0.8571434020996094
MNIST,small,42,1,a1,mean_activation,baseline,158,0.8090031743049622
MNIST,small,42,1,a1,mean_activation,baseline,159,1.9403173923492432
MNIST,small,42,1,a1,mean_activation,baseline,160,0.4562559127807617
MNIST,small,42,1,a1,mean_activation,baseline,161,0.42063799500465393
MNIST,small,42,1,a1,mean_activation,baseline,162,0.4905128479003906
MNIST,small,42,1,a1,mean_activation,baseline,163,0.40007463097572327
MNIST,small,42,1,a1,mean_activation,baseline,164,1.365093469619751
MNIST,small,42,1,a1,mean_activation,baseline,165,1.2010294198989868
MNIST,small,42,1,a1,mean_activation,baseline,166,0.08395849168300629
MNIST,small,42,1,a1,mean_activation,baseline,167,0.6763145923614502
MNIST,small,42,1,a1,mean_activation,baseline,168,0.8496925234794617
MNIST,small,42,1,a1,mean_activation,baseline,169,0.3179280459880829
MNIST,small,42,1,a1,mean_activation,baseline,170,0.3326079249382019
MNIST,small,42,1,a1,mean_activation,baseline,171,0.6921662092208862
MNIST,small,42,1,a1,mean_activation,baseline,172,1.022820234298706
MNIST,small,42,1,a1,mean_activation,baseline,173,0.8339044451713562
MNIST,small,42,1,a1,mean_activation,baseline,174,0.985098123550415
MNIST,small,42,1,a1,mean_activation,baseline,175,0.8788416981697083
MNIST,small,42,1,a1,mean_activation,baseline,176,0.5364408493041992
MNIST,small,42,1,a1,mean_activation,baseline,177,0.4818669557571411
MNIST,small,42,1,a1,mean_activation,baseline,178,0.3434737026691437
MNIST,small,42,1,a1,mean_activation,baseline,179,0.9580082297325134
MNIST,small,42,1,a1,mean_activation,baseline,180,0.955693244934082
MNIST,small,42,1,a1,mean_activation,baseline,181,1.7018229961395264
MNIST,small,42,1,a1,mean_activation,baseline,182,0.912979245185852
MNIST,small,42,1,a1,mean_activation,baseline,183,0.5655785799026489
MNIST,small,42,1,a1,mean_activation,baseline,184,0.7654745578765869
MNIST,small,42,1,a1,mean_activation,baseline,185,0.8939204216003418
MNIST,small,42,1,a1,mean_activation,baseline,186,0.5599493384361267
MNIST,small,42,1,a1,mean_activation,baseline,187,0.7345860004425049
MNIST,small,42,1,a1,mean_activation,baseline,188,0.4926706552505493
MNIST,small,42,1,a1,mean_activation,baseline,189,0.5971989631652832
MNIST,small,42,1,a1,mean_activation,baseline,190,0.5232973694801331
MNIST,small,42,1,a1,mean_activation,baseline,191,0.2244471311569214
MNIST,small,42,1,a1,mean_activation,baseline,192,0.15246757864952087
MNIST,small,42,1,a1,mean_activation,baseline,193,0.40496742725372314
MNIST,small,42,1,a1,mean_activation,baseline,194,0.7237259149551392
MNIST,small,42,1,a1,mean_activation,baseline,195,0.4416518807411194
MNIST,small,42,1,a1,mean_activation,baseline,196,1.2952911853790283
MNIST,small,42,1,a1,mean_activation,baseline,197,0.8408082127571106
MNIST,small,42,1,a1,mean_activation,baseline,198,1.0169901847839355
MNIST,small,42,1,a1,mean_activation,baseline,199,0.5860316753387451
MNIST,small,42,1,a1,mean_activation,baseline,200,0.8879077434539795
MNIST,small,42,1,a1,mean_activation,baseline,201,0.4149189889431
MNIST,small,42,1,a1,mean_activation,baseline,202,0.2791972756385803
MNIST,small,42,1,a1,mean_activation,baseline,203,0.25735369324684143
MNIST,small,42,1,a1,mean_activation,baseline,204,0.08103831112384796
MNIST,small,42,1,a1,mean_activation,baseline,205,0.5390638113021851
MNIST,small,42,1,a1,mean_activation,baseline,206,0.613113522529602
MNIST,small,42,1,a1,mean_activation,baseline,207,1.0938918590545654
MNIST,small,42,1,a1,mean_activation,baseline,208,0.4792834520339966
MNIST,small,42,1,a1,mean_activation,baseline,209,0.899802565574646
MNIST,small,42,1,a1,mean_activation,baseline,210,0.3673734664916992
MNIST,small,42,1,a1,mean_activation,baseline,211,0.5167161226272583
MNIST,small,42,1,a1,mean_activation,baseline,212,0.4575278162956238
MNIST,small,42,1,a1,mean_activation,baseline,213,0.45875251293182373
MNIST,small,42,1,a1,mean_activation,baseline,214,0.5756879448890686
MNIST,small,42,1,a1,mean_activation,baseline,215,0.0
MNIST,small,42,1,a1,mean_activation,baseline,216,0.4637675881385803
MNIST,small,42,1,a1,mean_activation,baseline,217,0.9379567503929138
MNIST,small,42,1,a1,mean_activation,baseline,218,0.7584986686706543
MNIST,small,42,1,a1,mean_activation,baseline,219,0.22214701771736145
MNIST,small,42,1,a1,mean_activation,baseline,220,0.21281659603118896
MNIST,small,42,1,a1,mean_activation,baseline,221,0.4863075613975525
MNIST,small,42,1,a1,mean_activation,baseline,222,0.7274451851844788
MNIST,small,42,1,a1,mean_activation,baseline,223,1.3664507865905762
MNIST,small,42,1,a1,mean_activation,baseline,224,0.6738678812980652
MNIST,small,42,1,a1,mean_activation,baseline,225,1.4498399496078491
MNIST,small,42,1,a1,mean_activation,baseline,226,1.0758638381958008
MNIST,small,42,1,a1,mean_activation,baseline,227,0.5340189933776855
MNIST,small,42,1,a1,mean_activation,baseline,228,0.4436907172203064
MNIST,small,42,1,a1,mean_activation,baseline,229,0.368303507566452
MNIST,small,42,1,a1,mean_activation,baseline,230,1.095967411994934
MNIST,small,42,1,a1,mean_activation,baseline,231,0.6963177919387817
MNIST,small,42,1,a1,mean_activation,baseline,232,0.5603234767913818
MNIST,small,42,1,a1,mean_activation,baseline,233,0.3070060908794403
MNIST,small,42,1,a1,mean_activation,baseline,234,0.7946679592132568
MNIST,small,42,1,a1,mean_activation,baseline,235,0.46072033047676086
MNIST,small,42,1,a1,mean_activation,baseline,236,0.4957389533519745
MNIST,small,42,1,a1,mean_activation,baseline,237,0.39806270599365234
MNIST,small,42,1,a1,mean_activation,baseline,238,0.6868623495101929
MNIST,small,42,1,a1,mean_activation,baseline,239,1.115540862083435
MNIST,small,42,1,a1,mean_activation,baseline,240,0.7125909924507141
MNIST,small,42,1,a1,mean_activation,baseline,241,0.6721715331077576
MNIST,small,42,1,a1,mean_activation,baseline,242,0.8957141637802124
MNIST,small,42,1,a1,mean_activation,baseline,243,0.7390446662902832
MNIST,small,42,1,a1,mean_activation,baseline,244,0.4759400486946106
MNIST,small,42,1,a1,mean_activation,baseline,245,0.9880106449127197
MNIST,small,42,1,a1,mean_activation,baseline,246,0.7116485834121704
MNIST,small,42,1,a1,mean_activation,baseline,247,1.6408040523529053
MNIST,small,42,1,a1,mean_activation,baseline,248,1.2870419025421143
MNIST,small,42,1,a1,mean_activation,baseline,249,0.0
MNIST,small,42,1,a1,mean_activation,baseline,250,0.3859558403491974
MNIST,small,42,1,a1,mean_activation,baseline,251,1.2047767639160156
MNIST,small,42,1,a1,mean_activation,baseline,252,0.3647231459617615
MNIST,small,42,1,a1,mean_activation,baseline,253,0.5997300744056702
MNIST,small,42,1,a1,mean_activation,baseline,254,0.7034940123558044
MNIST,small,42,1,a1,mean_activation,baseline,255,1.3907781839370728
MNIST,small,42,1,a2,mean_activation,baseline,0,1.950597882270813
MNIST,small,42,1,a2,mean_activation,baseline,1,1.7595261335372925
MNIST,small,42,1,a2,mean_activation,baseline,2,1.1223324537277222
MNIST,small,42,1,a2,mean_activation,baseline,3,0.4015392065048218
MNIST,small,42,1,a2,mean_activation,baseline,4,1.3203823566436768
MNIST,small,42,1,a2,mean_activation,baseline,5,0.2852274775505066
MNIST,small,42,1,a2,mean_activation,baseline,6,1.3545894622802734
MNIST,small,42,1,a2,mean_activation,baseline,7,1.3545103073120117
MNIST,small,42,1,a2,mean_activation,baseline,8,2.025726795196533
MNIST,small,42,1,a2,mean_activation,baseline,9,1.0100520849227905
MNIST,small,42,1,a2,mean_activation,baseline,10,0.7256239652633667
MNIST,small,42,1,a2,mean_activation,baseline,11,1.4484632015228271
MNIST,small,42,1,a2,mean_activation,baseline,12,2.3291730880737305
MNIST,small,42,1,a2,mean_activation,baseline,13,1.466299057006836
MNIST,small,42,1,a2,mean_activation,baseline,14,1.5179388523101807
MNIST,small,42,1,a2,mean_activation,baseline,15,0.8614152669906616
MNIST,small,42,1,a2,mean_activation,baseline,16,0.9017030000686646
MNIST,small,42,1,a2,mean_activation,baseline,17,0.9213646650314331
MNIST,small,42,1,a2,mean_activation,baseline,18,1.2936062812805176
MNIST,small,42,1,a2,mean_activation,baseline,19,1.3025773763656616
MNIST,small,42,1,a2,mean_activation,baseline,20,0.4971678555011749
MNIST,small,42,1,a2,mean_activation,baseline,21,1.1035614013671875
MNIST,small,42,1,a2,mean_activation,baseline,22,1.8068567514419556
MNIST,small,42,1,a2,mean_activation,baseline,23,0.8825860023498535
MNIST,small,42,1,a2,mean_activation,baseline,24,0.525794267654419
MNIST,small,42,1,a2,mean_activation,baseline,25,0.8274497985839844
MNIST,small,42,1,a2,mean_activation,baseline,26,3.2806437015533447
MNIST,small,42,1,a2,mean_activation,baseline,27,1.0322957038879395
MNIST,small,42,1,a2,mean_activation,baseline,28,2.245274782180786
MNIST,small,42,1,a2,mean_activation,baseline,29,0.901202917098999
MNIST,small,42,1,a2,mean_activation,baseline,30,0.8563491702079773
MNIST,small,42,1,a2,mean_activation,baseline,31,1.1751747131347656
MNIST,small,42,1,a2,mean_activation,baseline,32,1.0291415452957153
MNIST,small,42,1,a2,mean_activation,baseline,33,0.6090213060379028
MNIST,small,42,1,a2,mean_activation,baseline,34,1.0406380891799927
MNIST,small,42,1,a2,mean_activation,baseline,35,0.6989573836326599
MNIST,small,42,1,a2,mean_activation,baseline,36,1.2660324573516846
MNIST,small,42,1,a2,mean_activation,baseline,37,1.0437591075897217
MNIST,small,42,1,a2,mean_activation,baseline,38,1.7872422933578491
MNIST,small,42,1,a2,mean_activation,baseline,39,0.6702507734298706
MNIST,small,42,1,a2,mean_activation,baseline,40,2.4107184410095215
MNIST,small,42,1,a2,mean_activation,baseline,41,0.0
MNIST,small,42,1,a2,mean_activation,baseline,42,2.3995964527130127
MNIST,small,42,1,a2,mean_activation,baseline,43,1.2100279331207275
MNIST,small,42,1,a2,mean_activation,baseline,44,0.0
MNIST,small,42,1,a2,mean_activation,baseline,45,0.8192877173423767
MNIST,small,42,1,a2,mean_activation,baseline,46,1.463371753692627
MNIST,small,42,1,a2,mean_activation,baseline,47,1.595796823501587
MNIST,small,42,1,a2,mean_activation,baseline,48,0.7361851334571838
MNIST,small,42,1,a2,mean_activation,baseline,49,1.4136083126068115
MNIST,small,42,1,a2,mean_activation,baseline,50,1.4426913261413574
MNIST,small,42,1,a2,mean_activation,baseline,51,0.8870939612388611
MNIST,small,42,1,a2,mean_activation,baseline,52,0.9597242474555969
MNIST,small,42,1,a2,mean_activation,baseline,53,0.748634934425354
MNIST,small,42,1,a2,mean_activation,baseline,54,1.4804713726043701
MNIST,small,42,1,a2,mean_activation,baseline,55,0.635482668876648
MNIST,small,42,1,a2,mean_activation,baseline,56,1.1007587909698486
MNIST,small,42,1,a2,mean_activation,baseline,57,1.3457465171813965
MNIST,small,42,1,a2,mean_activation,baseline,58,2.004636287689209
MNIST,small,42,1,a2,mean_activation,baseline,59,1.4621920585632324
MNIST,small,42,1,a2,mean_activation,baseline,60,1.0802286863327026
MNIST,small,42,1,a2,mean_activation,baseline,61,0.7543807029724121
MNIST,small,42,1,a2,mean_activation,baseline,62,1.2834138870239258
MNIST,small,42,1,a2,mean_activation,baseline,63,1.7782894372940063
MNIST,small,42,1,a2,mean_activation,baseline,64,1.1383248567581177
MNIST,small,42,1,a2,mean_activation,baseline,65,0.0
MNIST,small,42,1,a2,mean_activation,baseline,66,0.7778522372245789
MNIST,small,42,1,a2,mean_activation,baseline,67,1.5945593118667603
MNIST,small,42,1,a2,mean_activation,baseline,68,0.9402832984924316
MNIST,small,42,1,a2,mean_activation,baseline,69,0.7075902223587036
MNIST,small,42,1,a2,mean_activation,baseline,70,0.5579911470413208
MNIST,small,42,1,a2,mean_activation,baseline,71,1.0199813842773438
MNIST,small,42,1,a2,mean_activation,baseline,72,0.9876827597618103
MNIST,small,42,1,a2,mean_activation,baseline,73,1.1436527967453003
MNIST,small,42,1,a2,mean_activation,baseline,74,1.274216890335083
MNIST,small,42,1,a2,mean_activation,baseline,75,1.4370638132095337
MNIST,small,42,1,a2,mean_activation,baseline,76,0.8096019625663757
MNIST,small,42,1,a2,mean_activation,baseline,77,0.6848384141921997
MNIST,small,42,1,a2,mean_activation,baseline,78,0.9317935705184937
MNIST,small,42,1,a2,mean_activation,baseline,79,0.6965959072113037
MNIST,small,42,1,a2,mean_activation,baseline,80,0.8982198238372803
MNIST,small,42,1,a2,mean_activation,baseline,81,0.8191182613372803
MNIST,small,42,1,a2,mean_activation,baseline,82,2.123992681503296
MNIST,small,42,1,a2,mean_activation,baseline,83,0.43596315383911133
MNIST,small,42,1,a2,mean_activation,baseline,84,0.8905714154243469
MNIST,small,42,1,a2,mean_activation,baseline,85,1.1281588077545166
MNIST,small,42,1,a2,mean_activation,baseline,86,0.0
MNIST,small,42,1,a2,mean_activation,baseline,87,1.892750859260559
MNIST,small,42,1,a2,mean_activation,baseline,88,2.5049428939819336
MNIST,small,42,1,a2,mean_activation,baseline,89,1.582499623298645
MNIST,small,42,1,a2,mean_activation,baseline,90,2.289458990097046
MNIST,small,42,1,a2,mean_activation,baseline,91,1.484102725982666
MNIST,small,42,1,a2,mean_activation,baseline,92,1.429511308670044
MNIST,small,42,1,a2,mean_activation,baseline,93,0.7717418670654297
MNIST,small,42,1,a2,mean_activation,baseline,94,1.5073515176773071
MNIST,small,42,1,a2,mean_activation,baseline,95,1.1116454601287842
MNIST,small,42,1,a2,mean_activation,baseline,96,0.61424720287323
MNIST,small,42,1,a2,mean_activation,baseline,97,1.8222662210464478
MNIST,small,42,1,a2,mean_activation,baseline,98,1.0985136032104492
MNIST,small,42,1,a2,mean_activation,baseline,99,0.0012252710293978453
MNIST,small,42,1,a2,mean_activation,baseline,100,1.2118487358093262
MNIST,small,42,1,a2,mean_activation,baseline,101,1.2745572328567505
MNIST,small,42,1,a2,mean_activation,baseline,102,0.23682083189487457
MNIST,small,42,1,a2,mean_activation,baseline,103,0.3855975866317749
MNIST,small,42,1,a2,mean_activation,baseline,104,2.1089985370635986
MNIST,small,42,1,a2,mean_activation,baseline,105,0.7417730093002319
MNIST,small,42,1,a2,mean_activation,baseline,106,0.0
MNIST,small,42,1,a2,mean_activation,baseline,107,1.2798587083816528
MNIST,small,42,1,a2,mean_activation,baseline,108,1.5087233781814575
MNIST,small,42,1,a2,mean_activation,baseline,109,1.8525828123092651
MNIST,small,42,1,a2,mean_activation,baseline,110,0.9988255500793457
MNIST,small,42,1,a2,mean_activation,baseline,111,1.1859625577926636
MNIST,small,42,1,a2,mean_activation,baseline,112,1.2230651378631592
MNIST,small,42,1,a2,mean_activation,baseline,113,0.5468471050262451
MNIST,small,42,1,a2,mean_activation,baseline,114,1.7839099168777466
MNIST,small,42,1,a2,mean_activation,baseline,115,1.4999606609344482
MNIST,small,42,1,a2,mean_activation,baseline,116,0.934985876083374
MNIST,small,42,1,a2,mean_activation,baseline,117,0.890780508518219
MNIST,small,42,1,a2,mean_activation,baseline,118,0.0
MNIST,small,42,1,a2,mean_activation,baseline,119,1.0461522340774536
MNIST,small,42,1,a2,mean_activation,baseline,120,1.4000670909881592
MNIST,small,42,1,a2,mean_activation,baseline,121,1.8119477033615112
MNIST,small,42,1,a2,mean_activation,baseline,122,1.2023324966430664
MNIST,small,42,1,a2,mean_activation,baseline,123,1.0835307836532593
MNIST,small,42,1,a2,mean_activation,baseline,124,0.6075859665870667
MNIST,small,42,1,a2,mean_activation,baseline,125,1.4738388061523438
MNIST,small,42,1,a2,mean_activation,baseline,126,0.8564209938049316
MNIST,small,42,1,a2,mean_activation,baseline,127,1.2371397018432617
MNIST,small,42,1,a1,firing_rate,baseline,0,0.35546875
MNIST,small,42,1,a1,firing_rate,baseline,1,0.501953125
MNIST,small,42,1,a1,firing_rate,baseline,2,0.30078125
MNIST,small,42,1,a1,firing_rate,baseline,3,0.4921875
MNIST,small,42,1,a1,firing_rate,baseline,4,0.310546875
MNIST,small,42,1,a1,firing_rate,baseline,5,0.322265625
MNIST,small,42,1,a1,firing_rate,baseline,6,0.779296875
MNIST,small,42,1,a1,firing_rate,baseline,7,0.2890625
MNIST,small,42,1,a1,firing_rate,baseline,8,0.623046875
MNIST,small,42,1,a1,firing_rate,baseline,9,0.55859375
MNIST,small,42,1,a1,firing_rate,baseline,10,0.36328125
MNIST,small,42,1,a1,firing_rate,baseline,11,0.69921875
MNIST,small,42,1,a1,firing_rate,baseline,12,0.47265625
MNIST,small,42,1,a1,firing_rate,baseline,13,0.142578125
MNIST,small,42,1,a1,firing_rate,baseline,14,0.7109375
MNIST,small,42,1,a1,firing_rate,baseline,15,0.291015625
MNIST,small,42,1,a1,firing_rate,baseline,16,0.61328125
MNIST,small,42,1,a1,firing_rate,baseline,17,0.447265625
MNIST,small,42,1,a1,firing_rate,baseline,18,0.201171875
MNIST,small,42,1,a1,firing_rate,baseline,19,0.552734375
MNIST,small,42,1,a1,firing_rate,baseline,20,0.25390625
MNIST,small,42,1,a1,firing_rate,baseline,21,0.486328125
MNIST,small,42,1,a1,firing_rate,baseline,22,0.359375
MNIST,small,42,1,a1,firing_rate,baseline,23,0.13671875
MNIST,small,42,1,a1,firing_rate,baseline,24,0.0
MNIST,small,42,1,a1,firing_rate,baseline,25,0.40625
MNIST,small,42,1,a1,firing_rate,baseline,26,0.880859375
MNIST,small,42,1,a1,firing_rate,baseline,27,0.36328125
MNIST,small,42,1,a1,firing_rate,baseline,28,0.08984375
MNIST,small,42,1,a1,firing_rate,baseline,29,0.6171875
MNIST,small,42,1,a1,firing_rate,baseline,30,0.345703125
MNIST,small,42,1,a1,firing_rate,baseline,31,0.046875
MNIST,small,42,1,a1,firing_rate,baseline,32,0.193359375
MNIST,small,42,1,a1,firing_rate,baseline,33,0.5625
MNIST,small,42,1,a1,firing_rate,baseline,34,0.85546875
MNIST,small,42,1,a1,firing_rate,baseline,35,0.40234375
MNIST,small,42,1,a1,firing_rate,baseline,36,0.310546875
MNIST,small,42,1,a1,firing_rate,baseline,37,0.396484375
MNIST,small,42,1,a1,firing_rate,baseline,38,0.337890625
MNIST,small,42,1,a1,firing_rate,baseline,39,0.498046875
MNIST,small,42,1,a1,firing_rate,baseline,40,0.501953125
MNIST,small,42,1,a1,firing_rate,baseline,41,0.28515625
MNIST,small,42,1,a1,firing_rate,baseline,42,0.287109375
MNIST,small,42,1,a1,firing_rate,baseline,43,0.21484375
MNIST,small,42,1,a1,firing_rate,baseline,44,0.1796875
MNIST,small,42,1,a1,firing_rate,baseline,45,0.0
MNIST,small,42,1,a1,firing_rate,baseline,46,0.54296875
MNIST,small,42,1,a1,firing_rate,baseline,47,0.603515625
MNIST,small,42,1,a1,firing_rate,baseline,48,0.5
MNIST,small,42,1,a1,firing_rate,baseline,49,0.3984375
MNIST,small,42,1,a1,firing_rate,baseline,50,0.087890625
MNIST,small,42,1,a1,firing_rate,baseline,51,0.41015625
MNIST,small,42,1,a1,firing_rate,baseline,52,0.3828125
MNIST,small,42,1,a1,firing_rate,baseline,53,0.26953125
MNIST,small,42,1,a1,firing_rate,baseline,54,0.119140625
MNIST,small,42,1,a1,firing_rate,baseline,55,0.189453125
MNIST,small,42,1,a1,firing_rate,baseline,56,0.609375
MNIST,small,42,1,a1,firing_rate,baseline,57,0.40625
MNIST,small,42,1,a1,firing_rate,baseline,58,0.21875
MNIST,small,42,1,a1,firing_rate,baseline,59,0.482421875
MNIST,small,42,1,a1,firing_rate,baseline,60,0.16796875
MNIST,small,42,1,a1,firing_rate,baseline,61,0.0
MNIST,small,42,1,a1,firing_rate,baseline,62,0.224609375
MNIST,small,42,1,a1,firing_rate,baseline,63,0.443359375
MNIST,small,42,1,a1,firing_rate,baseline,64,0.30078125
MNIST,small,42,1,a1,firing_rate,baseline,65,0.630859375
MNIST,small,42,1,a1,firing_rate,baseline,66,0.587890625
MNIST,small,42,1,a1,firing_rate,baseline,67,0.71875
MNIST,small,42,1,a1,firing_rate,baseline,68,0.244140625
MNIST,small,42,1,a1,firing_rate,baseline,69,0.470703125
MNIST,small,42,1,a1,firing_rate,baseline,70,0.87890625
MNIST,small,42,1,a1,firing_rate,baseline,71,0.341796875
MNIST,small,42,1,a1,firing_rate,baseline,72,0.447265625
MNIST,small,42,1,a1,firing_rate,baseline,73,0.119140625
MNIST,small,42,1,a1,firing_rate,baseline,74,0.0
MNIST,small,42,1,a1,firing_rate,baseline,75,0.53515625
MNIST,small,42,1,a1,firing_rate,baseline,76,0.7421875
MNIST,small,42,1,a1,firing_rate,baseline,77,0.4453125
MNIST,small,42,1,a1,firing_rate,baseline,78,0.51953125
MNIST,small,42,1,a1,firing_rate,baseline,79,0.0
MNIST,small,42,1,a1,firing_rate,baseline,80,0.708984375
MNIST,small,42,1,a1,firing_rate,baseline,81,0.408203125
MNIST,small,42,1,a1,firing_rate,baseline,82,0.580078125
MNIST,small,42,1,a1,firing_rate,baseline,83,0.904296875
MNIST,small,42,1,a1,firing_rate,baseline,84,0.34765625
MNIST,small,42,1,a1,firing_rate,baseline,85,0.490234375
MNIST,small,42,1,a1,firing_rate,baseline,86,0.333984375
MNIST,small,42,1,a1,firing_rate,baseline,87,0.30078125
MNIST,small,42,1,a1,firing_rate,baseline,88,0.45703125
MNIST,small,42,1,a1,firing_rate,baseline,89,0.248046875
MNIST,small,42,1,a1,firing_rate,baseline,90,0.73046875
MNIST,small,42,1,a1,firing_rate,baseline,91,0.4140625
MNIST,small,42,1,a1,firing_rate,baseline,92,0.376953125
MNIST,small,42,1,a1,firing_rate,baseline,93,0.640625
MNIST,small,42,1,a1,firing_rate,baseline,94,0.251953125
MNIST,small,42,1,a1,firing_rate,baseline,95,0.806640625
MNIST,small,42,1,a1,firing_rate,baseline,96,0.0
MNIST,small,42,1,a1,firing_rate,baseline,97,0.4765625
MNIST,small,42,1,a1,firing_rate,baseline,98,0.806640625
MNIST,small,42,1,a1,firing_rate,baseline,99,0.4375
MNIST,small,42,1,a1,firing_rate,baseline,100,0.3046875
MNIST,small,42,1,a1,firing_rate,baseline,101,0.740234375
MNIST,small,42,1,a1,firing_rate,baseline,102,0.48828125
MNIST,small,42,1,a1,firing_rate,baseline,103,0.271484375
MNIST,small,42,1,a1,firing_rate,baseline,104,0.0
MNIST,small,42,1,a1,firing_rate,baseline,105,0.0546875
MNIST,small,42,1,a1,firing_rate,baseline,106,0.611328125
MNIST,small,42,1,a1,firing_rate,baseline,107,0.6484375
MNIST,small,42,1,a1,firing_rate,baseline,108,0.201171875
MNIST,small,42,1,a1,firing_rate,baseline,109,0.658203125
MNIST,small,42,1,a1,firing_rate,baseline,110,0.154296875
MNIST,small,42,1,a1,firing_rate,baseline,111,0.419921875
MNIST,small,42,1,a1,firing_rate,baseline,112,0.1484375
MNIST,small,42,1,a1,firing_rate,baseline,113,0.685546875
MNIST,small,42,1,a1,firing_rate,baseline,114,0.34765625
MNIST,small,42,1,a1,firing_rate,baseline,115,0.154296875
MNIST,small,42,1,a1,firing_rate,baseline,116,0.55078125
MNIST,small,42,1,a1,firing_rate,baseline,117,0.251953125
MNIST,small,42,1,a1,firing_rate,baseline,118,0.181640625
MNIST,small,42,1,a1,firing_rate,baseline,119,0.517578125
MNIST,small,42,1,a1,firing_rate,baseline,120,0.572265625
MNIST,small,42,1,a1,firing_rate,baseline,121,0.251953125
MNIST,small,42,1,a1,firing_rate,baseline,122,0.314453125
MNIST,small,42,1,a1,firing_rate,baseline,123,0.263671875
MNIST,small,42,1,a1,firing_rate,baseline,124,0.263671875
MNIST,small,42,1,a1,firing_rate,baseline,125,0.341796875
MNIST,small,42,1,a1,firing_rate,baseline,126,0.654296875
MNIST,small,42,1,a1,firing_rate,baseline,127,0.458984375
MNIST,small,42,1,a1,firing_rate,baseline,128,0.5703125
MNIST,small,42,1,a1,firing_rate,baseline,129,0.001953125
MNIST,small,42,1,a1,firing_rate,baseline,130,0.337890625
MNIST,small,42,1,a1,firing_rate,baseline,131,0.53125
MNIST,small,42,1,a1,firing_rate,baseline,132,0.267578125
MNIST,small,42,1,a1,firing_rate,baseline,133,0.169921875
MNIST,small,42,1,a1,firing_rate,baseline,134,0.0
MNIST,small,42,1,a1,firing_rate,baseline,135,0.529296875
MNIST,small,42,1,a1,firing_rate,baseline,136,0.537109375
MNIST,small,42,1,a1,firing_rate,baseline,137,0.826171875
MNIST,small,42,1,a1,firing_rate,baseline,138,0.232421875
MNIST,small,42,1,a1,firing_rate,baseline,139,0.6484375
MNIST,small,42,1,a1,firing_rate,baseline,140,0.291015625
MNIST,small,42,1,a1,firing_rate,baseline,141,0.0
MNIST,small,42,1,a1,firing_rate,baseline,142,0.30078125
MNIST,small,42,1,a1,firing_rate,baseline,143,0.689453125
MNIST,small,42,1,a1,firing_rate,baseline,144,0.359375
MNIST,small,42,1,a1,firing_rate,baseline,145,0.353515625
MNIST,small,42,1,a1,firing_rate,baseline,146,0.625
MNIST,small,42,1,a1,firing_rate,baseline,147,0.416015625
MNIST,small,42,1,a1,firing_rate,baseline,148,0.5390625
MNIST,small,42,1,a1,firing_rate,baseline,149,0.322265625
MNIST,small,42,1,a1,firing_rate,baseline,150,0.7421875
MNIST,small,42,1,a1,firing_rate,baseline,151,0.46484375
MNIST,small,42,1,a1,firing_rate,baseline,152,0.494140625
MNIST,small,42,1,a1,firing_rate,baseline,153,0.20703125
MNIST,small,42,1,a1,firing_rate,baseline,154,0.203125
MNIST,small,42,1,a1,firing_rate,baseline,155,0.412109375
MNIST,small,42,1,a1,firing_rate,baseline,156,0.5390625
MNIST,small,42,1,a1,firing_rate,baseline,157,0.39453125
MNIST,small,42,1,a1,firing_rate,baseline,158,0.3984375
MNIST,small,42,1,a1,firing_rate,baseline,159,0.89453125
MNIST,small,42,1,a1,firing_rate,baseline,160,0.2265625
MNIST,small,42,1,a1,firing_rate,baseline,161,0.369140625
MNIST,small,42,1,a1,firing_rate,baseline,162,0.3203125
MNIST,small,42,1,a1,firing_rate,baseline,163,0.359375
MNIST,small,42,1,a1,firing_rate,baseline,164,0.7734375
MNIST,small,42,1,a1,firing_rate,baseline,165,0.5859375
MNIST,small,42,1,a1,firing_rate,baseline,166,0.07421875
MNIST,small,42,1,a1,firing_rate,baseline,167,0.30859375
MNIST,small,42,1,a1,firing_rate,baseline,168,0.552734375
MNIST,small,42,1,a1,firing_rate,baseline,169,0.197265625
MNIST,small,42,1,a1,firing_rate,baseline,170,0.244140625
MNIST,small,42,1,a1,firing_rate,baseline,171,0.458984375
MNIST,small,42,1,a1,firing_rate,baseline,172,0.626953125
MNIST,small,42,1,a1,firing_rate,baseline,173,0.40625
MNIST,small,42,1,a1,firing_rate,baseline,174,0.42578125
MNIST,small,42,1,a1,firing_rate,baseline,175,0.44921875
MNIST,small,42,1,a1,firing_rate,baseline,176,0.365234375
MNIST,small,42,1,a1,firing_rate,baseline,177,0.228515625
MNIST,small,42,1,a1,firing_rate,baseline,178,0.23046875
MNIST,small,42,1,a1,firing_rate,baseline,179,0.685546875
MNIST,small,42,1,a1,firing_rate,baseline,180,0.634765625
MNIST,small,42,1,a1,firing_rate,baseline,181,0.7109375
MNIST,small,42,1,a1,firing_rate,baseline,182,0.494140625
MNIST,small,42,1,a1,firing_rate,baseline,183,0.326171875
MNIST,small,42,1,a1,firing_rate,baseline,184,0.546875
MNIST,small,42,1,a1,firing_rate,baseline,185,0.44140625
MNIST,small,42,1,a1,firing_rate,baseline,186,0.390625
MNIST,small,42,1,a1,firing_rate,baseline,187,0.421875
MNIST,small,42,1,a1,firing_rate,baseline,188,0.458984375
MNIST,small,42,1,a1,firing_rate,baseline,189,0.212890625
MNIST,small,42,1,a1,firing_rate,baseline,190,0.34765625
MNIST,small,42,1,a1,firing_rate,baseline,191,0.19140625
MNIST,small,42,1,a1,firing_rate,baseline,192,0.115234375
MNIST,small,42,1,a1,firing_rate,baseline,193,0.28515625
MNIST,small,42,1,a1,firing_rate,baseline,194,0.3984375
MNIST,small,42,1,a1,firing_rate,baseline,195,0.310546875
MNIST,small,42,1,a1,firing_rate,baseline,196,0.6953125
MNIST,small,42,1,a1,firing_rate,baseline,197,0.5
MNIST,small,42,1,a1,firing_rate,baseline,198,0.587890625
MNIST,small,42,1,a1,firing_rate,baseline,199,0.298828125
MNIST,small,42,1,a1,firing_rate,baseline,200,0.51953125
MNIST,small,42,1,a1,firing_rate,baseline,201,0.30078125
MNIST,small,42,1,a1,firing_rate,baseline,202,0.24609375
MNIST,small,42,1,a1,firing_rate,baseline,203,0.162109375
MNIST,small,42,1,a1,firing_rate,baseline,204,0.150390625
MNIST,small,42,1,a1,firing_rate,baseline,205,0.302734375
MNIST,small,42,1,a1,firing_rate,baseline,206,0.52734375
MNIST,small,42,1,a1,firing_rate,baseline,207,0.5859375
MNIST,small,42,1,a1,firing_rate,baseline,208,0.224609375
MNIST,small,42,1,a1,firing_rate,baseline,209,0.6875
MNIST,small,42,1,a1,firing_rate,baseline,210,0.3515625
MNIST,small,42,1,a1,firing_rate,baseline,211,0.43359375
MNIST,small,42,1,a1,firing_rate,baseline,212,0.322265625
MNIST,small,42,1,a1,firing_rate,baseline,213,0.27734375
MNIST,small,42,1,a1,firing_rate,baseline,214,0.5078125
MNIST,small,42,1,a1,firing_rate,baseline,215,0.0
MNIST,small,42,1,a1,firing_rate,baseline,216,0.32421875
MNIST,small,42,1,a1,firing_rate,baseline,217,0.658203125
MNIST,small,42,1,a1,firing_rate,baseline,218,0.380859375
MNIST,small,42,1,a1,firing_rate,baseline,219,0.09375
MNIST,small,42,1,a1,firing_rate,baseline,220,0.138671875
MNIST,small,42,1,a1,firing_rate,baseline,221,0.3046875
MNIST,small,42,1,a1,firing_rate,baseline,222,0.517578125
MNIST,small,42,1,a1,firing_rate,baseline,223,0.671875
MNIST,small,42,1,a1,firing_rate,baseline,224,0.236328125
MNIST,small,42,1,a1,firing_rate,baseline,225,0.6796875
MNIST,small,42,1,a1,firing_rate,baseline,226,0.646484375
MNIST,small,42,1,a1,firing_rate,baseline,227,0.228515625
MNIST,small,42,1,a1,firing_rate,baseline,228,0.18359375
MNIST,small,42,1,a1,firing_rate,baseline,229,0.23046875
MNIST,small,42,1,a1,firing_rate,baseline,230,0.681640625
MNIST,small,42,1,a1,firing_rate,baseline,231,0.4765625
MNIST,small,42,1,a1,firing_rate,baseline,232,0.400390625
MNIST,small,42,1,a1,firing_rate,baseline,233,0.181640625
MNIST,small,42,1,a1,firing_rate,baseline,234,0.498046875
MNIST,small,42,1,a1,firing_rate,baseline,235,0.1953125
MNIST,small,42,1,a1,firing_rate,baseline,236,0.251953125
MNIST,small,42,1,a1,firing_rate,baseline,237,0.228515625
MNIST,small,42,1,a1,firing_rate,baseline,238,0.36328125
MNIST,small,42,1,a1,firing_rate,baseline,239,0.7734375
MNIST,small,42,1,a1,firing_rate,baseline,240,0.43359375
MNIST,small,42,1,a1,firing_rate,baseline,241,0.36328125
MNIST,small,42,1,a1,firing_rate,baseline,242,0.52734375
MNIST,small,42,1,a1,firing_rate,baseline,243,0.365234375
MNIST,small,42,1,a1,firing_rate,baseline,244,0.298828125
MNIST,small,42,1,a1,firing_rate,baseline,245,0.609375
MNIST,small,42,1,a1,firing_rate,baseline,246,0.30078125
MNIST,small,42,1,a1,firing_rate,baseline,247,0.751953125
MNIST,small,42,1,a1,firing_rate,baseline,248,0.66015625
MNIST,small,42,1,a1,firing_rate,baseline,249,0.0
MNIST,small,42,1,a1,firing_rate,baseline,250,0.275390625
MNIST,small,42,1,a1,firing_rate,baseline,251,0.595703125
MNIST,small,42,1,a1,firing_rate,baseline,252,0.208984375
MNIST,small,42,1,a1,firing_rate,baseline,253,0.158203125
MNIST,small,42,1,a1,firing_rate,baseline,254,0.365234375
MNIST,small,42,1,a1,firing_rate,baseline,255,0.7109375
MNIST,small,42,1,a2,firing_rate,baseline,0,0.693359375
MNIST,small,42,1,a2,firing_rate,baseline,1,0.64453125
MNIST,small,42,1,a2,firing_rate,baseline,2,0.5390625
MNIST,small,42,1,a2,firing_rate,baseline,3,0.357421875
MNIST,small,42,1,a2,firing_rate,baseline,4,0.837890625
MNIST,small,42,1,a2,firing_rate,baseline,5,0.197265625
MNIST,small,42,1,a2,firing_rate,baseline,6,0.59765625
MNIST,small,42,1,a2,firing_rate,baseline,7,0.60546875
MNIST,small,42,1,a2,firing_rate,baseline,8,0.7421875
MNIST,small,42,1,a2,firing_rate,baseline,9,0.525390625
MNIST,small,42,1,a2,firing_rate,baseline,10,0.544921875
MNIST,small,42,1,a2,firing_rate,baseline,11,0.599609375
MNIST,small,42,1,a2,firing_rate,baseline,12,0.78125
MNIST,small,42,1,a2,firing_rate,baseline,13,0.626953125
MNIST,small,42,1,a2,firing_rate,baseline,14,0.7890625
MNIST,small,42,1,a2,firing_rate,baseline,15,0.44921875
MNIST,small,42,1,a2,firing_rate,baseline,16,0.46484375
MNIST,small,42,1,a2,firing_rate,baseline,17,0.5625
MNIST,small,42,1,a2,firing_rate,baseline,18,0.658203125
MNIST,small,42,1,a2,firing_rate,baseline,19,0.46875
MNIST,small,42,1,a2,firing_rate,baseline,20,0.251953125
MNIST,small,42,1,a2,firing_rate,baseline,21,0.353515625
MNIST,small,42,1,a2,firing_rate,baseline,22,0.7421875
MNIST,small,42,1,a2,firing_rate,baseline,23,0.517578125
MNIST,small,42,1,a2,firing_rate,baseline,24,0.228515625
MNIST,small,42,1,a2,firing_rate,baseline,25,0.49609375
MNIST,small,42,1,a2,firing_rate,baseline,26,0.86328125
MNIST,small,42,1,a2,firing_rate,baseline,27,0.396484375
MNIST,small,42,1,a2,firing_rate,baseline,28,0.771484375
MNIST,small,42,1,a2,firing_rate,baseline,29,0.47265625
MNIST,small,42,1,a2,firing_rate,baseline,30,0.4453125
MNIST,small,42,1,a2,firing_rate,baseline,31,0.517578125
MNIST,small,42,1,a2,firing_rate,baseline,32,0.548828125
MNIST,small,42,1,a2,firing_rate,baseline,33,0.37109375
MNIST,small,42,1,a2,firing_rate,baseline,34,0.578125
MNIST,small,42,1,a2,firing_rate,baseline,35,0.373046875
MNIST,small,42,1,a2,firing_rate,baseline,36,0.59375
MNIST,small,42,1,a2,firing_rate,baseline,37,0.5703125
MNIST,small,42,1,a2,firing_rate,baseline,38,0.787109375
MNIST,small,42,1,a2,firing_rate,baseline,39,0.470703125
MNIST,small,42,1,a2,firing_rate,baseline,40,0.712890625
MNIST,small,42,1,a2,firing_rate,baseline,41,0.0
MNIST,small,42,1,a2,firing_rate,baseline,42,0.7734375
MNIST,small,42,1,a2,firing_rate,baseline,43,0.650390625
MNIST,small,42,1,a2,firing_rate,baseline,44,0.0
MNIST,small,42,1,a2,firing_rate,baseline,45,0.658203125
MNIST,small,42,1,a2,firing_rate,baseline,46,0.615234375
MNIST,small,42,1,a2,firing_rate,baseline,47,0.732421875
MNIST,small,42,1,a2,firing_rate,baseline,48,0.4375
MNIST,small,42,1,a2,firing_rate,baseline,49,0.662109375
MNIST,small,42,1,a2,firing_rate,baseline,50,0.681640625
MNIST,small,42,1,a2,firing_rate,baseline,51,0.421875
MNIST,small,42,1,a2,firing_rate,baseline,52,0.544921875
MNIST,small,42,1,a2,firing_rate,baseline,53,0.556640625
MNIST,small,42,1,a2,firing_rate,baseline,54,0.576171875
MNIST,small,42,1,a2,firing_rate,baseline,55,0.494140625
MNIST,small,42,1,a2,firing_rate,baseline,56,0.5703125
MNIST,small,42,1,a2,firing_rate,baseline,57,0.62890625
MNIST,small,42,1,a2,firing_rate,baseline,58,0.74609375
MNIST,small,42,1,a2,firing_rate,baseline,59,0.744140625
MNIST,small,42,1,a2,firing_rate,baseline,60,0.66796875
MNIST,small,42,1,a2,firing_rate,baseline,61,0.349609375
MNIST,small,42,1,a2,firing_rate,baseline,62,0.701171875
MNIST,small,42,1,a2,firing_rate,baseline,63,0.68359375
MNIST,small,42,1,a2,firing_rate,baseline,64,0.669921875
MNIST,small,42,1,a2,firing_rate,baseline,65,0.0
MNIST,small,42,1,a2,firing_rate,baseline,66,0.56640625
MNIST,small,42,1,a2,firing_rate,baseline,67,0.705078125
MNIST,small,42,1,a2,firing_rate,baseline,68,0.513671875
MNIST,small,42,1,a2,firing_rate,baseline,69,0.404296875
MNIST,small,42,1,a2,firing_rate,baseline,70,0.30078125
MNIST,small,42,1,a2,firing_rate,baseline,71,0.583984375
MNIST,small,42,1,a2,firing_rate,baseline,72,0.509765625
MNIST,small,42,1,a2,firing_rate,baseline,73,0.642578125
MNIST,small,42,1,a2,firing_rate,baseline,74,0.611328125
MNIST,small,42,1,a2,firing_rate,baseline,75,0.794921875
MNIST,small,42,1,a2,firing_rate,baseline,76,0.5546875
MNIST,small,42,1,a2,firing_rate,baseline,77,0.3203125
MNIST,small,42,1,a2,firing_rate,baseline,78,0.490234375
MNIST,small,42,1,a2,firing_rate,baseline,79,0.404296875
MNIST,small,42,1,a2,firing_rate,baseline,80,0.498046875
MNIST,small,42,1,a2,firing_rate,baseline,81,0.373046875
MNIST,small,42,1,a2,firing_rate,baseline,82,0.810546875
MNIST,small,42,1,a2,firing_rate,baseline,83,0.341796875
MNIST,small,42,1,a2,firing_rate,baseline,84,0.498046875
MNIST,small,42,1,a2,firing_rate,baseline,85,0.513671875
MNIST,small,42,1,a2,firing_rate,baseline,86,0.0
MNIST,small,42,1,a2,firing_rate,baseline,87,0.720703125
MNIST,small,42,1,a2,firing_rate,baseline,88,0.7734375
MNIST,small,42,1,a2,firing_rate,baseline,89,0.580078125
MNIST,small,42,1,a2,firing_rate,baseline,90,0.865234375
MNIST,small,42,1,a2,firing_rate,baseline,91,0.728515625
MNIST,small,42,1,a2,firing_rate,baseline,92,0.83203125
MNIST,small,42,1,a2,firing_rate,baseline,93,0.486328125
MNIST,small,42,1,a2,firing_rate,baseline,94,0.685546875
MNIST,small,42,1,a2,firing_rate,baseline,95,0.546875
MNIST,small,42,1,a2,firing_rate,baseline,96,0.44921875
MNIST,small,42,1,a2,firing_rate,baseline,97,0.8046875
MNIST,small,42,1,a2,firing_rate,baseline,98,0.5859375
MNIST,small,42,1,a2,firing_rate,baseline,99,0.0078125
MNIST,small,42,1,a2,firing_rate,baseline,100,0.486328125
MNIST,small,42,1,a2,firing_rate,baseline,101,0.6015625
MNIST,small,42,1,a2,firing_rate,baseline,102,0.13671875
MNIST,small,42,1,a2,firing_rate,baseline,103,0.275390625
MNIST,small,42,1,a2,firing_rate,baseline,104,0.759765625
MNIST,small,42,1,a2,firing_rate,baseline,105,0.46484375
MNIST,small,42,1,a2,firing_rate,baseline,106,0.0
MNIST,small,42,1,a2,firing_rate,baseline,107,0.6015625
MNIST,small,42,1,a2,firing_rate,baseline,108,0.556640625
MNIST,small,42,1,a2,firing_rate,baseline,109,0.76171875
MNIST,small,42,1,a2,firing_rate,baseline,110,0.5546875
MNIST,small,42,1,a2,firing_rate,baseline,111,0.5234375
MNIST,small,42,1,a2,firing_rate,baseline,112,0.56640625
MNIST,small,42,1,a2,firing_rate,baseline,113,0.306640625
MNIST,small,42,1,a2,firing_rate,baseline,114,0.712890625
MNIST,small,42,1,a2,firing_rate,baseline,115,0.65234375
MNIST,small,42,1,a2,firing_rate,baseline,116,0.494140625
MNIST,small,42,1,a2,firing_rate,baseline,117,0.595703125
MNIST,small,42,1,a2,firing_rate,baseline,118,0.0
MNIST,small,42,1,a2,firing_rate,baseline,119,0.44921875
MNIST,small,42,1,a2,firing_rate,baseline,120,0.623046875
MNIST,small,42,1,a2,firing_rate,baseline,121,0.7265625
MNIST,small,42,1,a2,firing_rate,baseline,122,0.603515625
MNIST,small,42,1,a2,firing_rate,baseline,123,0.5703125
MNIST,small,42,1,a2,firing_rate,baseline,124,0.326171875
MNIST,small,42,1,a2,firing_rate,baseline,125,0.59375
MNIST,small,42,1,a2,firing_rate,baseline,126,0.45703125
MNIST,small,42,1,a2,firing_rate,baseline,127,0.63671875
MNIST,small,42,1,a1,activation_variance,baseline,0,1.2494038343429565
MNIST,small,42,1,a1,activation_variance,baseline,1,0.685512900352478
MNIST,small,42,1,a1,activation_variance,baseline,2,0.5616485476493835
MNIST,small,42,1,a1,activation_variance,baseline,3,1.4195301532745361
MNIST,small,42,1,a1,activation_variance,baseline,4,0.5300963521003723
MNIST,small,42,1,a1,activation_variance,baseline,5,1.6391712427139282
MNIST,small,42,1,a1,activation_variance,baseline,6,2.2132978439331055
MNIST,small,42,1,a1,activation_variance,baseline,7,1.6450399160385132
MNIST,small,42,1,a1,activation_variance,baseline,8,2.1302080154418945
MNIST,small,42,1,a1,activation_variance,baseline,9,1.409517526626587
MNIST,small,42,1,a1,activation_variance,baseline,10,0.7248600721359253
MNIST,small,42,1,a1,activation_variance,baseline,11,1.991364598274231
MNIST,small,42,1,a1,activation_variance,baseline,12,3.098266124725342
MNIST,small,42,1,a1,activation_variance,baseline,13,0.9712899327278137
MNIST,small,42,1,a1,activation_variance,baseline,14,1.7179718017578125
MNIST,small,42,1,a1,activation_variance,baseline,15,1.4047141075134277
MNIST,small,42,1,a1,activation_variance,baseline,16,1.953203558921814
MNIST,small,42,1,a1,activation_variance,baseline,17,2.3220252990722656
MNIST,small,42,1,a1,activation_variance,baseline,18,0.7292780876159668
MNIST,small,42,1,a1,activation_variance,baseline,19,1.7503849267959595
MNIST,small,42,1,a1,activation_variance,baseline,20,0.8537352085113525
MNIST,small,42,1,a1,activation_variance,baseline,21,1.9883286952972412
MNIST,small,42,1,a1,activation_variance,baseline,22,1.320618748664856
MNIST,small,42,1,a1,activation_variance,baseline,23,0.46091291308403015
MNIST,small,42,1,a1,activation_variance,baseline,24,0.0
MNIST,small,42,1,a1,activation_variance,baseline,25,2.4335432052612305
MNIST,small,42,1,a1,activation_variance,baseline,26,3.3934812545776367
MNIST,small,42,1,a1,activation_variance,baseline,27,0.7138251662254333
MNIST,small,42,1,a1,activation_variance,baseline,28,2.2799482345581055
MNIST,small,42,1,a1,activation_variance,baseline,29,1.802902340888977
MNIST,small,42,1,a1,activation_variance,baseline,30,0.930640459060669
MNIST,small,42,1,a1,activation_variance,baseline,31,0.07939423620700836
MNIST,small,42,1,a1,activation_variance,baseline,32,0.19145621359348297
MNIST,small,42,1,a1,activation_variance,baseline,33,0.6709532737731934
MNIST,small,42,1,a1,activation_variance,baseline,34,3.174088478088379
MNIST,small,42,1,a1,activation_variance,baseline,35,0.7846014499664307
MNIST,small,42,1,a1,activation_variance,baseline,36,0.4731293320655823
MNIST,small,42,1,a1,activation_variance,baseline,37,1.3631439208984375
MNIST,small,42,1,a1,activation_variance,baseline,38,0.9202277660369873
MNIST,small,42,1,a1,activation_variance,baseline,39,1.5775697231292725
MNIST,small,42,1,a1,activation_variance,baseline,40,3.8139841556549072
MNIST,small,42,1,a1,activation_variance,baseline,41,0.8404228091239929
MNIST,small,42,1,a1,activation_variance,baseline,42,0.8675222992897034
MNIST,small,42,1,a1,activation_variance,baseline,43,1.8375248908996582
MNIST,small,42,1,a1,activation_variance,baseline,44,1.7866243124008179
MNIST,small,42,1,a1,activation_variance,baseline,45,0.0
MNIST,small,42,1,a1,activation_variance,baseline,46,1.3658342361450195
MNIST,small,42,1,a1,activation_variance,baseline,47,1.43571937084198
MNIST,small,42,1,a1,activation_variance,baseline,48,0.9343075752258301
MNIST,small,42,1,a1,activation_variance,baseline,49,1.5578091144561768
MNIST,small,42,1,a1,activation_variance,baseline,50,1.4835411310195923
MNIST,small,42,1,a1,activation_variance,baseline,51,0.543351411819458
MNIST,small,42,1,a1,activation_variance,baseline,52,1.7927660942077637
MNIST,small,42,1,a1,activation_variance,baseline,53,0.8190027475357056
MNIST,small,42,1,a1,activation_variance,baseline,54,0.364173024892807
MNIST,small,42,1,a1,activation_variance,baseline,55,1.0074082612991333
MNIST,small,42,1,a1,activation_variance,baseline,56,1.5899170637130737
MNIST,small,42,1,a1,activation_variance,baseline,57,1.1788583993911743
MNIST,small,42,1,a1,activation_variance,baseline,58,0.9338015913963318
MNIST,small,42,1,a1,activation_variance,baseline,59,1.2001469135284424
MNIST,small,42,1,a1,activation_variance,baseline,60,0.4028477072715759
MNIST,small,42,1,a1,activation_variance,baseline,61,0.0
MNIST,small,42,1,a1,activation_variance,baseline,62,1.176615595817566
MNIST,small,42,1,a1,activation_variance,baseline,63,4.580935001373291
MNIST,small,42,1,a1,activation_variance,baseline,64,1.4371097087860107
MNIST,small,42,1,a1,activation_variance,baseline,65,1.8107393980026245
MNIST,small,42,1,a1,activation_variance,baseline,66,2.2515482902526855
MNIST,small,42,1,a1,activation_variance,baseline,67,1.4762824773788452
MNIST,small,42,1,a1,activation_variance,baseline,68,1.460701823234558
MNIST,small,42,1,a1,activation_variance,baseline,69,1.0122692584991455
MNIST,small,42,1,a1,activation_variance,baseline,70,1.4063193798065186
MNIST,small,42,1,a1,activation_variance,baseline,71,1.298766851425171
MNIST,small,42,1,a1,activation_variance,baseline,72,0.5917948484420776
MNIST,small,42,1,a1,activation_variance,baseline,73,0.2105807065963745
MNIST,small,42,1,a1,activation_variance,baseline,74,0.0
MNIST,small,42,1,a1,activation_variance,baseline,75,1.7109205722808838
MNIST,small,42,1,a1,activation_variance,baseline,76,3.094935178756714
MNIST,small,42,1,a1,activation_variance,baseline,77,1.617247223854065
MNIST,small,42,1,a1,activation_variance,baseline,78,1.3658801317214966
MNIST,small,42,1,a1,activation_variance,baseline,79,0.0
MNIST,small,42,1,a1,activation_variance,baseline,80,2.2058024406433105
MNIST,small,42,1,a1,activation_variance,baseline,81,1.8730489015579224
MNIST,small,42,1,a1,activation_variance,baseline,82,1.249226689338684
MNIST,small,42,1,a1,activation_variance,baseline,83,3.423330783843994
MNIST,small,42,1,a1,activation_variance,baseline,84,0.718192458152771
MNIST,small,42,1,a1,activation_variance,baseline,85,1.7742457389831543
MNIST,small,42,1,a1,activation_variance,baseline,86,0.8536505699157715
MNIST,small,42,1,a1,activation_variance,baseline,87,0.9002496004104614
MNIST,small,42,1,a1,activation_variance,baseline,88,0.9967994689941406
MNIST,small,42,1,a1,activation_variance,baseline,89,0.8294359445571899
MNIST,small,42,1,a1,activation_variance,baseline,90,2.439450740814209
MNIST,small,42,1,a1,activation_variance,baseline,91,1.2653659582138062
MNIST,small,42,1,a1,activation_variance,baseline,92,0.7689380049705505
MNIST,small,42,1,a1,activation_variance,baseline,93,1.4446063041687012
MNIST,small,42,1,a1,activation_variance,baseline,94,0.8000476360321045
MNIST,small,42,1,a1,activation_variance,baseline,95,1.7021028995513916
MNIST,small,42,1,a1,activation_variance,baseline,96,0.0
MNIST,small,42,1,a1,activation_variance,baseline,97,1.3094063997268677
MNIST,small,42,1,a1,activation_variance,baseline,98,1.838050365447998
MNIST,small,42,1,a1,activation_variance,baseline,99,1.3262406587600708
MNIST,small,42,1,a1,activation_variance,baseline,100,1.0058491230010986
MNIST,small,42,1,a1,activation_variance,baseline,101,1.372409462928772
MNIST,small,42,1,a1,activation_variance,baseline,102,1.877157211303711
MNIST,small,42,1,a1,activation_variance,baseline,103,1.3956081867218018
MNIST,small,42,1,a1,activation_variance,baseline,104,0.0
MNIST,small,42,1,a1,activation_variance,baseline,105,0.0944637581706047
MNIST,small,42,1,a1,activation_variance,baseline,106,1.003068208694458
MNIST,small,42,1,a1,activation_variance,baseline,107,2.294976234436035
MNIST,small,42,1,a1,activation_variance,baseline,108,2.532456874847412
MNIST,small,42,1,a1,activation_variance,baseline,109,1.6306334733963013
MNIST,small,42,1,a1,activation_variance,baseline,110,1.449483871459961
MNIST,small,42,1,a1,activation_variance,baseline,111,1.6964144706726074
MNIST,small,42,1,a1,activation_variance,baseline,112,1.1316452026367188
MNIST,small,42,1,a1,activation_variance,baseline,113,2.431743621826172
MNIST,small,42,1,a1,activation_variance,baseline,114,1.0516289472579956
MNIST,small,42,1,a1,activation_variance,baseline,115,0.6371386647224426
MNIST,small,42,1,a1,activation_variance,baseline,116,0.979755163192749
MNIST,small,42,1,a1,activation_variance,baseline,117,0.6299234628677368
MNIST,small,42,1,a1,activation_variance,baseline,118,0.2980913519859314
MNIST,small,42,1,a1,activation_variance,baseline,119,0.7503876686096191
MNIST,small,42,1,a1,activation_variance,baseline,120,1.347285270690918
MNIST,small,42,1,a1,activation_variance,baseline,121,0.9511711597442627
MNIST,small,42,1,a1,activation_variance,baseline,122,0.9504558444023132
MNIST,small,42,1,a1,activation_variance,baseline,123,0.6170769929885864
MNIST,small,42,1,a1,activation_variance,baseline,124,0.7187128663063049
MNIST,small,42,1,a1,activation_variance,baseline,125,1.0784703493118286
MNIST,small,42,1,a1,activation_variance,baseline,126,1.9452271461486816
MNIST,small,42,1,a1,activation_variance,baseline,127,1.6043906211853027
MNIST,small,42,1,a1,activation_variance,baseline,128,1.483922004699707
MNIST,small,42,1,a1,activation_variance,baseline,129,7.268518675118685e-05
MNIST,small,42,1,a1,activation_variance,baseline,130,0.6197572946548462
MNIST,small,42,1,a1,activation_variance,baseline,131,2.145958185195923
MNIST,small,42,1,a1,activation_variance,baseline,132,0.8159999251365662
MNIST,small,42,1,a1,activation_variance,baseline,133,1.5424726009368896
MNIST,small,42,1,a1,activation_variance,baseline,134,0.0
MNIST,small,42,1,a1,activation_variance,baseline,135,1.2543026208877563
MNIST,small,42,1,a1,activation_variance,baseline,136,1.4284919500350952
MNIST,small,42,1,a1,activation_variance,baseline,137,1.638002872467041
MNIST,small,42,1,a1,activation_variance,baseline,138,0.54248046875
MNIST,small,42,1,a1,activation_variance,baseline,139,1.3823713064193726
MNIST,small,42,1,a1,activation_variance,baseline,140,1.4146382808685303
MNIST,small,42,1,a1,activation_variance,baseline,141,0.0
MNIST,small,42,1,a1,activation_variance,baseline,142,1.8055963516235352
MNIST,small,42,1,a1,activation_variance,baseline,143,1.069136142730713
MNIST,small,42,1,a1,activation_variance,baseline,144,0.9946861267089844
MNIST,small,42,1,a1,activation_variance,baseline,145,1.0852560997009277
MNIST,small,42,1,a1,activation_variance,baseline,146,1.2035397291183472
MNIST,small,42,1,a1,activation_variance,baseline,147,1.2823818922042847
MNIST,small,42,1,a1,activation_variance,baseline,148,1.3644957542419434
MNIST,small,42,1,a1,activation_variance,baseline,149,2.007697582244873
MNIST,small,42,1,a1,activation_variance,baseline,150,2.6082568168640137
MNIST,small,42,1,a1,activation_variance,baseline,151,2.094025135040283
MNIST,small,42,1,a1,activation_variance,baseline,152,2.7358908653259277
MNIST,small,42,1,a1,activation_variance,baseline,153,0.6208876967430115
MNIST,small,42,1,a1,activation_variance,baseline,154,0.8192035555839539
MNIST,small,42,1,a1,activation_variance,baseline,155,1.587746024131775
MNIST,small,42,1,a1,activation_variance,baseline,156,1.3291702270507812
MNIST,small,42,1,a1,activation_variance,baseline,157,2.1788086891174316
MNIST,small,42,1,a1,activation_variance,baseline,158,2.2535853385925293
MNIST,small,42,1,a1,activation_variance,baseline,159,2.3466806411743164
MNIST,small,42,1,a1,activation_variance,baseline,160,1.5447723865509033
MNIST,small,42,1,a1,activation_variance,baseline,161,0.5556293725967407
MNIST,small,42,1,a1,activation_variance,baseline,162,1.0450292825698853
MNIST,small,42,1,a1,activation_variance,baseline,163,0.5459847450256348
MNIST,small,42,1,a1,activation_variance,baseline,164,1.6612802743911743
MNIST,small,42,1,a1,activation_variance,baseline,165,1.9530099630355835
MNIST,small,42,1,a1,activation_variance,baseline,166,0.14112767577171326
MNIST,small,42,1,a1,activation_variance,baseline,167,1.6269205808639526
MNIST,small,42,1,a1,activation_variance,baseline,168,1.2791650295257568
MNIST,small,42,1,a1,activation_variance,baseline,169,0.7211829423904419
MNIST,small,42,1,a1,activation_variance,baseline,170,0.7080867290496826
MNIST,small,42,1,a1,activation_variance,baseline,171,1.2589211463928223
MNIST,small,42,1,a1,activation_variance,baseline,172,1.5791585445404053
MNIST,small,42,1,a1,activation_variance,baseline,173,2.273934841156006
MNIST,small,42,1,a1,activation_variance,baseline,174,2.2241201400756836
MNIST,small,42,1,a1,activation_variance,baseline,175,1.8629884719848633
MNIST,small,42,1,a1,activation_variance,baseline,176,1.0280416011810303
MNIST,small,42,1,a1,activation_variance,baseline,177,1.4855130910873413
MNIST,small,42,1,a1,activation_variance,baseline,178,0.7099130749702454
MNIST,small,42,1,a1,activation_variance,baseline,179,0.9260453581809998
MNIST,small,42,1,a1,activation_variance,baseline,180,1.1548104286193848
MNIST,small,42,1,a1,activation_variance,baseline,181,2.790165901184082
MNIST,small,42,1,a1,activation_variance,baseline,182,1.6989381313323975
MNIST,small,42,1,a1,activation_variance,baseline,183,1.3983606100082397
MNIST,small,42,1,a1,activation_variance,baseline,184,0.9512327909469604
MNIST,small,42,1,a1,activation_variance,baseline,185,2.314162492752075
MNIST,small,42,1,a1,activation_variance,baseline,186,0.9371514916419983
MNIST,small,42,1,a1,activation_variance,baseline,187,1.3429536819458008
MNIST,small,42,1,a1,activation_variance,baseline,188,0.5962401032447815
MNIST,small,42,1,a1,activation_variance,baseline,189,2.345585823059082
MNIST,small,42,1,a1,activation_variance,baseline,190,1.1267690658569336
MNIST,small,42,1,a1,activation_variance,baseline,191,0.4221392273902893
MNIST,small,42,1,a1,activation_variance,baseline,192,0.33670252561569214
MNIST,small,42,1,a1,activation_variance,baseline,193,1.045857310295105
MNIST,small,42,1,a1,activation_variance,baseline,194,1.6142940521240234
MNIST,small,42,1,a1,activation_variance,baseline,195,0.7476137280464172
MNIST,small,42,1,a1,activation_variance,baseline,196,1.8036422729492188
MNIST,small,42,1,a1,activation_variance,baseline,197,1.360389232635498
MNIST,small,42,1,a1,activation_variance,baseline,198,1.8827683925628662
MNIST,small,42,1,a1,activation_variance,baseline,199,1.449080228805542
MNIST,small,42,1,a1,activation_variance,baseline,200,1.243767261505127
MNIST,small,42,1,a1,activation_variance,baseline,201,0.8503851890563965
MNIST,small,42,1,a1,activation_variance,baseline,202,0.426078200340271
MNIST,small,42,1,a1,activation_variance,baseline,203,0.579257607460022
MNIST,small,42,1,a1,activation_variance,baseline,204,0.05881286412477493
MNIST,small,42,1,a1,activation_variance,baseline,205,1.439826250076294
MNIST,small,42,1,a1,activation_variance,baseline,206,0.7835761904716492
MNIST,small,42,1,a1,activation_variance,baseline,207,1.703356385231018
MNIST,small,42,1,a1,activation_variance,baseline,208,1.4558151960372925
MNIST,small,42,1,a1,activation_variance,baseline,209,1.0043766498565674
MNIST,small,42,1,a1,activation_variance,baseline,210,0.5266308784484863
MNIST,small,42,1,a1,activation_variance,baseline,211,0.6296666860580444
MNIST,small,42,1,a1,activation_variance,baseline,212,0.8370216488838196
MNIST,small,42,1,a1,activation_variance,baseline,213,0.8341560363769531
MNIST,small,42,1,a1,activation_variance,baseline,214,0.7693403959274292
MNIST,small,42,1,a1,activation_variance,baseline,215,0.0
MNIST,small,42,1,a1,activation_variance,baseline,216,0.8811531066894531
MNIST,small,42,1,a1,activation_variance,baseline,217,1.1166282892227173
MNIST,small,42,1,a1,activation_variance,baseline,218,1.5168254375457764
MNIST,small,42,1,a1,activation_variance,baseline,219,0.8426311016082764
MNIST,small,42,1,a1,activation_variance,baseline,220,0.4551830291748047
MNIST,small,42,1,a1,activation_variance,baseline,221,0.9249376058578491
MNIST,small,42,1,a1,activation_variance,baseline,222,1.139508605003357
MNIST,small,42,1,a1,activation_variance,baseline,223,1.8710448741912842
MNIST,small,42,1,a1,activation_variance,baseline,224,3.167999744415283
MNIST,small,42,1,a1,activation_variance,baseline,225,2.232135534286499
MNIST,small,42,1,a1,activation_variance,baseline,226,1.4886833429336548
MNIST,small,42,1,a1,activation_variance,baseline,227,1.8634846210479736
MNIST,small,42,1,a1,activation_variance,baseline,228,1.5282526016235352
MNIST,small,42,1,a1,activation_variance,baseline,229,0.7726059556007385
MNIST,small,42,1,a1,activation_variance,baseline,230,1.4851337671279907
MNIST,small,42,1,a1,activation_variance,baseline,231,1.3807597160339355
MNIST,small,42,1,a1,activation_variance,baseline,232,0.7990503907203674
MNIST,small,42,1,a1,activation_variance,baseline,233,0.7560163140296936
MNIST,small,42,1,a1,activation_variance,baseline,234,1.5206365585327148
MNIST,small,42,1,a1,activation_variance,baseline,235,1.7288793325424194
MNIST,small,42,1,a1,activation_variance,baseline,236,1.0763115882873535
MNIST,small,42,1,a1,activation_variance,baseline,237,0.8883062601089478
MNIST,small,42,1,a1,activation_variance,baseline,238,1.2551121711730957
MNIST,small,42,1,a1,activation_variance,baseline,239,1.1147629022598267
MNIST,small,42,1,a1,activation_variance,baseline,240,1.1326714754104614
MNIST,small,42,1,a1,activation_variance,baseline,241,1.3993791341781616
MNIST,small,42,1,a1,activation_variance,baseline,242,1.5223243236541748
MNIST,small,42,1,a1,activation_variance,baseline,243,1.9980055093765259
MNIST,small,42,1,a1,activation_variance,baseline,244,1.1594946384429932
MNIST,small,42,1,a1,activation_variance,baseline,245,1.4565412998199463
MNIST,small,42,1,a1,activation_variance,baseline,246,2.0337722301483154
MNIST,small,42,1,a1,activation_variance,baseline,247,3.2035722732543945
MNIST,small,42,1,a1,activation_variance,baseline,248,1.7149907350540161
MNIST,small,42,1,a1,activation_variance,baseline,249,0.0
MNIST,small,42,1,a1,activation_variance,baseline,250,0.6807599663734436
MNIST,small,42,1,a1,activation_variance,baseline,251,1.9341764450073242
MNIST,small,42,1,a1,activation_variance,baseline,252,0.8718741536140442
MNIST,small,42,1,a1,activation_variance,baseline,253,3.399078130722046
MNIST,small,42,1,a1,activation_variance,baseline,254,1.3583955764770508
MNIST,small,42,1,a1,activation_variance,baseline,255,1.8387820720672607
MNIST,small,42,1,a2,activation_variance,baseline,0,3.7379865646362305
MNIST,small,42,1,a2,activation_variance,baseline,1,3.497143030166626
MNIST,small,42,1,a2,activation_variance,baseline,2,2.5873780250549316
MNIST,small,42,1,a2,activation_variance,baseline,3,0.4926453232765198
MNIST,small,42,1,a2,activation_variance,baseline,4,1.231690764427185
MNIST,small,42,1,a2,activation_variance,baseline,5,0.6503685712814331
MNIST,small,42,1,a2,activation_variance,baseline,6,3.269111156463623
MNIST,small,42,1,a2,activation_variance,baseline,7,2.1527533531188965
MNIST,small,42,1,a2,activation_variance,baseline,8,2.871371269226074
MNIST,small,42,1,a2,activation_variance,baseline,9,1.7896654605865479
MNIST,small,42,1,a2,activation_variance,baseline,10,1.4097607135772705
MNIST,small,42,1,a2,activation_variance,baseline,11,2.7182137966156006
MNIST,small,42,1,a2,activation_variance,baseline,12,3.7914910316467285
MNIST,small,42,1,a2,activation_variance,baseline,13,2.653258800506592
MNIST,small,42,1,a2,activation_variance,baseline,14,1.9454395771026611
MNIST,small,42,1,a2,activation_variance,baseline,15,1.7292499542236328
MNIST,small,42,1,a2,activation_variance,baseline,16,1.6390677690505981
MNIST,small,42,1,a2,activation_variance,baseline,17,1.511555552482605
MNIST,small,42,1,a2,activation_variance,baseline,18,1.8237160444259644
MNIST,small,42,1,a2,activation_variance,baseline,19,3.018648624420166
MNIST,small,42,1,a2,activation_variance,baseline,20,1.3523640632629395
MNIST,small,42,1,a2,activation_variance,baseline,21,3.311044216156006
MNIST,small,42,1,a2,activation_variance,baseline,22,2.7518444061279297
MNIST,small,42,1,a2,activation_variance,baseline,23,2.091954469680786
MNIST,small,42,1,a2,activation_variance,baseline,24,1.6951347589492798
MNIST,small,42,1,a2,activation_variance,baseline,25,1.0785143375396729
MNIST,small,42,1,a2,activation_variance,baseline,26,6.226402282714844
MNIST,small,42,1,a2,activation_variance,baseline,27,3.1463146209716797
MNIST,small,42,1,a2,activation_variance,baseline,28,3.19600772857666
MNIST,small,42,1,a2,activation_variance,baseline,29,1.7592272758483887
MNIST,small,42,1,a2,activation_variance,baseline,30,1.9704430103302002
MNIST,small,42,1,a2,activation_variance,baseline,31,2.367551803588867
MNIST,small,42,1,a2,activation_variance,baseline,32,1.8210692405700684
MNIST,small,42,1,a2,activation_variance,baseline,33,1.3194531202316284
MNIST,small,42,1,a2,activation_variance,baseline,34,1.5377987623214722
MNIST,small,42,1,a2,activation_variance,baseline,35,1.4244258403778076
MNIST,small,42,1,a2,activation_variance,baseline,36,2.4450440406799316
MNIST,small,42,1,a2,activation_variance,baseline,37,1.7564774751663208
MNIST,small,42,1,a2,activation_variance,baseline,38,2.102653741836548
MNIST,small,42,1,a2,activation_variance,baseline,39,1.186098575592041
MNIST,small,42,1,a2,activation_variance,baseline,40,4.288975715637207
MNIST,small,42,1,a2,activation_variance,baseline,41,0.0
MNIST,small,42,1,a2,activation_variance,baseline,42,4.816097259521484
MNIST,small,42,1,a2,activation_variance,baseline,43,2.033996343612671
MNIST,small,42,1,a2,activation_variance,baseline,44,0.0
MNIST,small,42,1,a2,activation_variance,baseline,45,0.8954228162765503
MNIST,small,42,1,a2,activation_variance,baseline,46,2.7148072719573975
MNIST,small,42,1,a2,activation_variance,baseline,47,1.9698386192321777
MNIST,small,42,1,a2,activation_variance,baseline,48,1.1667146682739258
MNIST,small,42,1,a2,activation_variance,baseline,49,2.646340847015381
MNIST,small,42,1,a2,activation_variance,baseline,50,2.2848708629608154
MNIST,small,42,1,a2,activation_variance,baseline,51,1.7473710775375366
MNIST,small,42,1,a2,activation_variance,baseline,52,1.5089120864868164
MNIST,small,42,1,a2,activation_variance,baseline,53,0.997143030166626
MNIST,small,42,1,a2,activation_variance,baseline,54,3.7943594455718994
MNIST,small,42,1,a2,activation_variance,baseline,55,0.9623574614524841
MNIST,small,42,1,a2,activation_variance,baseline,56,2.266819477081299
MNIST,small,42,1,a2,activation_variance,baseline,57,2.3231067657470703
MNIST,small,42,1,a2,activation_variance,baseline,58,3.2880139350891113
MNIST,small,42,1,a2,activation_variance,baseline,59,1.688269853591919
MNIST,small,42,1,a2,activation_variance,baseline,60,1.3096613883972168
MNIST,small,42,1,a2,activation_variance,baseline,61,1.5959259271621704
MNIST,small,42,1,a2,activation_variance,baseline,62,1.6460902690887451
MNIST,small,42,1,a2,activation_variance,baseline,63,3.1619760990142822
MNIST,small,42,1,a2,activation_variance,baseline,64,1.3786263465881348
MNIST,small,42,1,a2,activation_variance,baseline,65,0.0
MNIST,small,42,1,a2,activation_variance,baseline,66,0.8502023816108704
MNIST,small,42,1,a2,activation_variance,baseline,67,2.5107433795928955
MNIST,small,42,1,a2,activation_variance,baseline,68,1.4942612648010254
MNIST,small,42,1,a2,activation_variance,baseline,69,1.3746384382247925
MNIST,small,42,1,a2,activation_variance,baseline,70,1.2886852025985718
MNIST,small,42,1,a2,activation_variance,baseline,71,1.4546738862991333
MNIST,small,42,1,a2,activation_variance,baseline,72,1.8285703659057617
MNIST,small,42,1,a2,activation_variance,baseline,73,1.6367700099945068
MNIST,small,42,1,a2,activation_variance,baseline,74,2.2699413299560547
MNIST,small,42,1,a2,activation_variance,baseline,75,1.6788747310638428
MNIST,small,42,1,a2,activation_variance,baseline,76,1.3077335357666016
MNIST,small,42,1,a2,activation_variance,baseline,77,1.7973926067352295
MNIST,small,42,1,a2,activation_variance,baseline,78,1.417547583580017
MNIST,small,42,1,a2,activation_variance,baseline,79,1.3237577676773071
MNIST,small,42,1,a2,activation_variance,baseline,80,1.8271534442901611
MNIST,small,42,1,a2,activation_variance,baseline,81,2.369992256164551
MNIST,small,42,1,a2,activation_variance,baseline,82,3.2378273010253906
MNIST,small,42,1,a2,activation_variance,baseline,83,0.5781978368759155
MNIST,small,42,1,a2,activation_variance,baseline,84,1.730947494506836
MNIST,small,42,1,a2,activation_variance,baseline,85,2.2091426849365234
MNIST,small,42,1,a2,activation_variance,baseline,86,0.0
MNIST,small,42,1,a2,activation_variance,baseline,87,2.894029140472412
MNIST,small,42,1,a2,activation_variance,baseline,88,4.4812912940979
MNIST,small,42,1,a2,activation_variance,baseline,89,3.2085072994232178
MNIST,small,42,1,a2,activation_variance,baseline,90,2.6921305656433105
MNIST,small,42,1,a2,activation_variance,baseline,91,2.589083194732666
MNIST,small,42,1,a2,activation_variance,baseline,92,1.784386396408081
MNIST,small,42,1,a2,activation_variance,baseline,93,1.1214282512664795
MNIST,small,42,1,a2,activation_variance,baseline,94,2.505542755126953
MNIST,small,42,1,a2,activation_variance,baseline,95,2.308767318725586
MNIST,small,42,1,a2,activation_variance,baseline,96,1.2911958694458008
MNIST,small,42,1,a2,activation_variance,baseline,97,1.8006951808929443
MNIST,small,42,1,a2,activation_variance,baseline,98,2.280120372772217
MNIST,small,42,1,a2,activation_variance,baseline,99,0.0003652489394880831
MNIST,small,42,1,a2,activation_variance,baseline,100,2.622774600982666
MNIST,small,42,1,a2,activation_variance,baseline,101,3.4275479316711426
MNIST,small,42,1,a2,activation_variance,baseline,102,0.6024643182754517
MNIST,small,42,1,a2,activation_variance,baseline,103,0.8850402235984802
MNIST,small,42,1,a2,activation_variance,baseline,104,4.360907554626465
MNIST,small,42,1,a2,activation_variance,baseline,105,1.2452881336212158
MNIST,small,42,1,a2,activation_variance,baseline,106,0.0
MNIST,small,42,1,a2,activation_variance,baseline,107,2.4502644538879395
MNIST,small,42,1,a2,activation_variance,baseline,108,3.4324305057525635
MNIST,small,42,1,a2,activation_variance,baseline,109,2.8858118057250977
MNIST,small,42,1,a2,activation_variance,baseline,110,1.6660408973693848
MNIST,small,42,1,a2,activation_variance,baseline,111,2.3228607177734375
MNIST,small,42,1,a2,activation_variance,baseline,112,2.8806533813476562
MNIST,small,42,1,a2,activation_variance,baseline,113,1.5676403045654297
MNIST,small,42,1,a2,activation_variance,baseline,114,3.063504934310913
MNIST,small,42,1,a2,activation_variance,baseline,115,2.834393262863159
MNIST,small,42,1,a2,activation_variance,baseline,116,1.5546667575836182
MNIST,small,42,1,a2,activation_variance,baseline,117,1.1707630157470703
MNIST,small,42,1,a2,activation_variance,baseline,118,0.0
MNIST,small,42,1,a2,activation_variance,baseline,119,2.2337656021118164
MNIST,small,42,1,a2,activation_variance,baseline,120,2.256244659423828
MNIST,small,42,1,a2,activation_variance,baseline,121,2.6951937675476074
MNIST,small,42,1,a2,activation_variance,baseline,122,2.4485321044921875
MNIST,small,42,1,a2,activation_variance,baseline,123,1.8615189790725708
MNIST,small,42,1,a2,activation_variance,baseline,124,1.3489739894866943
MNIST,small,42,1,a2,activation_variance,baseline,125,2.9365336894989014
MNIST,small,42,1,a2,activation_variance,baseline,126,1.5303955078125
MNIST,small,42,1,a2,activation_variance,baseline,127,2.317444324493408
MNIST,small,42,1,a1,class_selectivity,loss_free,0,2.353095054626465
MNIST,small,42,1,a1,class_selectivity,loss_free,1,0.8803200721740723
MNIST,small,42,1,a1,class_selectivity,loss_free,2,0.8905031681060791
MNIST,small,42,1,a1,class_selectivity,loss_free,3,2.277749538421631
MNIST,small,42,1,a1,class_selectivity,loss_free,4,0.8271819353103638
MNIST,small,42,1,a1,class_selectivity,loss_free,5,1.9629342555999756
MNIST,small,42,1,a1,class_selectivity,loss_free,6,2.010589838027954
MNIST,small,42,1,a1,class_selectivity,loss_free,7,2.946791648864746
MNIST,small,42,1,a1,class_selectivity,loss_free,8,1.393926978111267
MNIST,small,42,1,a1,class_selectivity,loss_free,9,1.8016868829727173
MNIST,small,42,1,a1,class_selectivity,loss_free,10,1.1614422798156738
MNIST,small,42,1,a1,class_selectivity,loss_free,11,2.036079168319702
MNIST,small,42,1,a1,class_selectivity,loss_free,12,1.683085560798645
MNIST,small,42,1,a1,class_selectivity,loss_free,13,1.370909333229065
MNIST,small,42,1,a1,class_selectivity,loss_free,14,1.4385322332382202
MNIST,small,42,1,a1,class_selectivity,loss_free,15,2.2183666229248047
MNIST,small,42,1,a1,class_selectivity,loss_free,16,2.020615339279175
MNIST,small,42,1,a1,class_selectivity,loss_free,17,1.8439218997955322
MNIST,small,42,1,a1,class_selectivity,loss_free,18,1.2639825344085693
MNIST,small,42,1,a1,class_selectivity,loss_free,19,2.113527297973633
MNIST,small,42,1,a1,class_selectivity,loss_free,20,1.436117172241211
MNIST,small,42,1,a1,class_selectivity,loss_free,21,2.0271618366241455
MNIST,small,42,1,a1,class_selectivity,loss_free,22,1.6384185552597046
MNIST,small,42,1,a1,class_selectivity,loss_free,23,0.4360702335834503
MNIST,small,42,1,a1,class_selectivity,loss_free,24,0.0
MNIST,small,42,1,a1,class_selectivity,loss_free,25,2.3390884399414062
MNIST,small,42,1,a1,class_selectivity,loss_free,26,2.777742862701416
MNIST,small,42,1,a1,class_selectivity,loss_free,27,1.1090421676635742
MNIST,small,42,1,a1,class_selectivity,loss_free,28,2.984571933746338
MNIST,small,42,1,a1,class_selectivity,loss_free,29,1.385833740234375
MNIST,small,42,1,a1,class_selectivity,loss_free,30,1.3885197639465332
MNIST,small,42,1,a1,class_selectivity,loss_free,31,0.22612214088439941
MNIST,small,42,1,a1,class_selectivity,loss_free,32,0.5632582902908325
MNIST,small,42,1,a1,class_selectivity,loss_free,33,1.0634689331054688
MNIST,small,42,1,a1,class_selectivity,loss_free,34,1.859250783920288
MNIST,small,42,1,a1,class_selectivity,loss_free,35,1.2586644887924194
MNIST,small,42,1,a1,class_selectivity,loss_free,36,0.9663652181625366
MNIST,small,42,1,a1,class_selectivity,loss_free,37,1.9846373796463013
MNIST,small,42,1,a1,class_selectivity,loss_free,38,1.8500218391418457
MNIST,small,42,1,a1,class_selectivity,loss_free,39,1.0669975280761719
MNIST,small,42,1,a1,class_selectivity,loss_free,40,2.77482271194458
MNIST,small,42,1,a1,class_selectivity,loss_free,41,1.4075660705566406
MNIST,small,42,1,a1,class_selectivity,loss_free,42,1.5414164066314697
MNIST,small,42,1,a1,class_selectivity,loss_free,43,1.904996633529663
MNIST,small,42,1,a1,class_selectivity,loss_free,44,3.3129076957702637
MNIST,small,42,1,a1,class_selectivity,loss_free,45,0.0
MNIST,small,42,1,a1,class_selectivity,loss_free,46,1.614040493965149
MNIST,small,42,1,a1,class_selectivity,loss_free,47,1.6247316598892212
MNIST,small,42,1,a1,class_selectivity,loss_free,48,1.1913546323776245
MNIST,small,42,1,a1,class_selectivity,loss_free,49,2.547128200531006
MNIST,small,42,1,a1,class_selectivity,loss_free,50,2.129593849182129
MNIST,small,42,1,a1,class_selectivity,loss_free,51,0.7205328941345215
MNIST,small,42,1,a1,class_selectivity,loss_free,52,2.9826059341430664
MNIST,small,42,1,a1,class_selectivity,loss_free,53,1.2664470672607422
MNIST,small,42,1,a1,class_selectivity,loss_free,54,0.7458738088607788
MNIST,small,42,1,a1,class_selectivity,loss_free,55,2.568965435028076
MNIST,small,42,1,a1,class_selectivity,loss_free,56,1.6355509757995605
MNIST,small,42,1,a1,class_selectivity,loss_free,57,2.546660900115967
MNIST,small,42,1,a1,class_selectivity,loss_free,58,1.785349726676941
MNIST,small,42,1,a1,class_selectivity,loss_free,59,1.317710280418396
MNIST,small,42,1,a1,class_selectivity,loss_free,60,1.559847116470337
MNIST,small,42,1,a1,class_selectivity,loss_free,61,0.0
MNIST,small,42,1,a1,class_selectivity,loss_free,62,1.9338380098342896
MNIST,small,42,1,a1,class_selectivity,loss_free,63,5.442953109741211
MNIST,small,42,1,a1,class_selectivity,loss_free,64,1.8148069381713867
MNIST,small,42,1,a1,class_selectivity,loss_free,65,2.330839157104492
MNIST,small,42,1,a1,class_selectivity,loss_free,66,1.7503838539123535
MNIST,small,42,1,a1,class_selectivity,loss_free,67,1.4342870712280273
MNIST,small,42,1,a1,class_selectivity,loss_free,68,2.0402817726135254
MNIST,small,42,1,a1,class_selectivity,loss_free,69,1.2219640016555786
MNIST,small,42,1,a1,class_selectivity,loss_free,70,1.1773611307144165
MNIST,small,42,1,a1,class_selectivity,loss_free,71,1.6502959728240967
MNIST,small,42,1,a1,class_selectivity,loss_free,72,0.7524252533912659
MNIST,small,42,1,a1,class_selectivity,loss_free,73,0.6873365640640259
MNIST,small,42,1,a1,class_selectivity,loss_free,74,0.0
MNIST,small,42,1,a1,class_selectivity,loss_free,75,1.9708192348480225
MNIST,small,42,1,a1,class_selectivity,loss_free,76,1.8055155277252197
MNIST,small,42,1,a1,class_selectivity,loss_free,77,2.6656394004821777
MNIST,small,42,1,a1,class_selectivity,loss_free,78,1.832514762878418
MNIST,small,42,1,a1,class_selectivity,loss_free,79,0.0
MNIST,small,42,1,a1,class_selectivity,loss_free,80,2.560250759124756
MNIST,small,42,1,a1,class_selectivity,loss_free,81,2.6335091590881348
MNIST,small,42,1,a1,class_selectivity,loss_free,82,1.041025996208191
MNIST,small,42,1,a1,class_selectivity,loss_free,83,2.200167655944824
MNIST,small,42,1,a1,class_selectivity,loss_free,84,1.3704936504364014
MNIST,small,42,1,a1,class_selectivity,loss_free,85,1.7780869007110596
MNIST,small,42,1,a1,class_selectivity,loss_free,86,0.9007354974746704
MNIST,small,42,1,a1,class_selectivity,loss_free,87,1.126997709274292
MNIST,small,42,1,a1,class_selectivity,loss_free,88,1.702815055847168
MNIST,small,42,1,a1,class_selectivity,loss_free,89,1.7264795303344727
MNIST,small,42,1,a1,class_selectivity,loss_free,90,1.8078160285949707
MNIST,small,42,1,a1,class_selectivity,loss_free,91,1.005646824836731
MNIST,small,42,1,a1,class_selectivity,loss_free,92,1.619765043258667
MNIST,small,42,1,a1,class_selectivity,loss_free,93,1.16122305393219
MNIST,small,42,1,a1,class_selectivity,loss_free,94,2.0642011165618896
MNIST,small,42,1,a1,class_selectivity,loss_free,95,1.4400850534439087
MNIST,small,42,1,a1,class_selectivity,loss_free,96,0.0
MNIST,small,42,1,a1,class_selectivity,loss_free,97,1.4661201238632202
MNIST,small,42,1,a1,class_selectivity,loss_free,98,1.3382076025009155
MNIST,small,42,1,a1,class_selectivity,loss_free,99,1.9360430240631104
MNIST,small,42,1,a1,class_selectivity,loss_free,100,2.053237199783325
MNIST,small,42,1,a1,class_selectivity,loss_free,101,2.0343289375305176
MNIST,small,42,1,a1,class_selectivity,loss_free,102,1.9163535833358765
MNIST,small,42,1,a1,class_selectivity,loss_free,103,2.1868538856506348
MNIST,small,42,1,a1,class_selectivity,loss_free,104,0.0
MNIST,small,42,1,a1,class_selectivity,loss_free,105,0.21106255054473877
MNIST,small,42,1,a1,class_selectivity,loss_free,106,1.0224647521972656
MNIST,small,42,1,a1,class_selectivity,loss_free,107,2.5385565757751465
MNIST,small,42,1,a1,class_selectivity,loss_free,108,4.208545684814453
MNIST,small,42,1,a1,class_selectivity,loss_free,109,1.5279810428619385
MNIST,small,42,1,a1,class_selectivity,loss_free,110,2.1016299724578857
MNIST,small,42,1,a1,class_selectivity,loss_free,111,2.496812582015991
MNIST,small,42,1,a1,class_selectivity,loss_free,112,2.5854291915893555
MNIST,small,42,1,a1,class_selectivity,loss_free,113,2.0241918563842773
MNIST,small,42,1,a1,class_selectivity,loss_free,114,2.0140514373779297
MNIST,small,42,1,a1,class_selectivity,loss_free,115,1.5039770603179932
MNIST,small,42,1,a1,class_selectivity,loss_free,116,1.661739706993103
MNIST,small,42,1,a1,class_selectivity,loss_free,117,1.5782901048660278
MNIST,small,42,1,a1,class_selectivity,loss_free,118,1.039015531539917
MNIST,small,42,1,a1,class_selectivity,loss_free,119,0.8979703783988953
MNIST,small,42,1,a1,class_selectivity,loss_free,120,1.3615254163742065
MNIST,small,42,1,a1,class_selectivity,loss_free,121,1.4399383068084717
MNIST,small,42,1,a1,class_selectivity,loss_free,122,1.5125662088394165
MNIST,small,42,1,a1,class_selectivity,loss_free,123,1.2026197910308838
MNIST,small,42,1,a1,class_selectivity,loss_free,124,1.259078025817871
MNIST,small,42,1,a1,class_selectivity,loss_free,125,1.8655881881713867
MNIST,small,42,1,a1,class_selectivity,loss_free,126,1.4872595071792603
MNIST,small,42,1,a1,class_selectivity,loss_free,127,1.5312473773956299
MNIST,small,42,1,a1,class_selectivity,loss_free,128,1.7217708826065063
MNIST,small,42,1,a1,class_selectivity,loss_free,129,0.003218334633857012
MNIST,small,42,1,a1,class_selectivity,loss_free,130,0.8726743459701538
MNIST,small,42,1,a1,class_selectivity,loss_free,131,1.648206353187561
MNIST,small,42,1,a1,class_selectivity,loss_free,132,0.74772047996521
MNIST,small,42,1,a1,class_selectivity,loss_free,133,2.197679281234741
MNIST,small,42,1,a1,class_selectivity,loss_free,134,0.0
MNIST,small,42,1,a1,class_selectivity,loss_free,135,0.8272591829299927
MNIST,small,42,1,a1,class_selectivity,loss_free,136,0.8159939050674438
MNIST,small,42,1,a1,class_selectivity,loss_free,137,1.2882168292999268
MNIST,small,42,1,a1,class_selectivity,loss_free,138,1.123240351676941
MNIST,small,42,1,a1,class_selectivity,loss_free,139,0.8979898691177368
MNIST,small,42,1,a1,class_selectivity,loss_free,140,2.6205215454101562
MNIST,small,42,1,a1,class_selectivity,loss_free,141,0.0
MNIST,small,42,1,a1,class_selectivity,loss_free,142,3.058919906616211
MNIST,small,42,1,a1,class_selectivity,loss_free,143,1.2447807788848877
MNIST,small,42,1,a1,class_selectivity,loss_free,144,1.328023076057434
MNIST,small,42,1,a1,class_selectivity,loss_free,145,1.177241325378418
MNIST,small,42,1,a1,class_selectivity,loss_free,146,1.4757245779037476
MNIST,small,42,1,a1,class_selectivity,loss_free,147,1.445491909980774
MNIST,small,42,1,a1,class_selectivity,loss_free,148,0.9618116021156311
MNIST,small,42,1,a1,class_selectivity,loss_free,149,1.496962070465088
MNIST,small,42,1,a1,class_selectivity,loss_free,150,1.6264184713363647
MNIST,small,42,1,a1,class_selectivity,loss_free,151,3.0085701942443848
MNIST,small,42,1,a1,class_selectivity,loss_free,152,2.7083096504211426
MNIST,small,42,1,a1,class_selectivity,loss_free,153,1.9433262348175049
MNIST,small,42,1,a1,class_selectivity,loss_free,154,1.1646738052368164
MNIST,small,42,1,a1,class_selectivity,loss_free,155,1.0207338333129883
MNIST,small,42,1,a1,class_selectivity,loss_free,156,2.220303773880005
MNIST,small,42,1,a1,class_selectivity,loss_free,157,1.755117654800415
MNIST,small,42,1,a1,class_selectivity,loss_free,158,2.668952465057373
MNIST,small,42,1,a1,class_selectivity,loss_free,159,2.0904440879821777
MNIST,small,42,1,a1,class_selectivity,loss_free,160,2.4581711292266846
MNIST,small,42,1,a1,class_selectivity,loss_free,161,1.1553521156311035
MNIST,small,42,1,a1,class_selectivity,loss_free,162,1.902327060699463
MNIST,small,42,1,a1,class_selectivity,loss_free,163,0.8607152700424194
MNIST,small,42,1,a1,class_selectivity,loss_free,164,1.7976051568984985
MNIST,small,42,1,a1,class_selectivity,loss_free,165,1.5818768739700317
MNIST,small,42,1,a1,class_selectivity,loss_free,166,0.5073617100715637
MNIST,small,42,1,a1,class_selectivity,loss_free,167,2.8165669441223145
MNIST,small,42,1,a1,class_selectivity,loss_free,168,1.5403081178665161
MNIST,small,42,1,a1,class_selectivity,loss_free,169,1.5608131885528564
MNIST,small,42,1,a1,class_selectivity,loss_free,170,1.7441973686218262
MNIST,small,42,1,a1,class_selectivity,loss_free,171,1.5573784112930298
MNIST,small,42,1,a1,class_selectivity,loss_free,172,1.6451879739761353
MNIST,small,42,1,a1,class_selectivity,loss_free,173,3.226632595062256
MNIST,small,42,1,a1,class_selectivity,loss_free,174,1.7581509351730347
MNIST,small,42,1,a1,class_selectivity,loss_free,175,0.8467189073562622
MNIST,small,42,1,a1,class_selectivity,loss_free,176,1.3014605045318604
MNIST,small,42,1,a1,class_selectivity,loss_free,177,2.3367345333099365
MNIST,small,42,1,a1,class_selectivity,loss_free,178,0.843824028968811
MNIST,small,42,1,a1,class_selectivity,loss_free,179,1.2385003566741943
MNIST,small,42,1,a1,class_selectivity,loss_free,180,1.2055504322052002
MNIST,small,42,1,a1,class_selectivity,loss_free,181,1.7943309545516968
MNIST,small,42,1,a1,class_selectivity,loss_free,182,2.322704792022705
MNIST,small,42,1,a1,class_selectivity,loss_free,183,2.140691041946411
MNIST,small,42,1,a1,class_selectivity,loss_free,184,0.9491274356842041
MNIST,small,42,1,a1,class_selectivity,loss_free,185,2.387211799621582
MNIST,small,42,1,a1,class_selectivity,loss_free,186,0.8532794117927551
MNIST,small,42,1,a1,class_selectivity,loss_free,187,1.6624983549118042
MNIST,small,42,1,a1,class_selectivity,loss_free,188,0.7796683311462402
MNIST,small,42,1,a1,class_selectivity,loss_free,189,1.388835072517395
MNIST,small,42,1,a1,class_selectivity,loss_free,190,2.4552667140960693
MNIST,small,42,1,a1,class_selectivity,loss_free,191,1.2367613315582275
MNIST,small,42,1,a1,class_selectivity,loss_free,192,1.1177393198013306
MNIST,small,42,1,a1,class_selectivity,loss_free,193,2.0043489933013916
MNIST,small,42,1,a1,class_selectivity,loss_free,194,2.5057601928710938
MNIST,small,42,1,a1,class_selectivity,loss_free,195,1.4514830112457275
MNIST,small,42,1,a1,class_selectivity,loss_free,196,1.3309605121612549
MNIST,small,42,1,a1,class_selectivity,loss_free,197,1.5936567783355713
MNIST,small,42,1,a1,class_selectivity,loss_free,198,2.094972610473633
MNIST,small,42,1,a1,class_selectivity,loss_free,199,1.7644011974334717
MNIST,small,42,1,a1,class_selectivity,loss_free,200,1.4030156135559082
MNIST,small,42,1,a1,class_selectivity,loss_free,201,0.9900355339050293
MNIST,small,42,1,a1,class_selectivity,loss_free,202,0.7982738018035889
MNIST,small,42,1,a1,class_selectivity,loss_free,203,1.0909252166748047
MNIST,small,42,1,a1,class_selectivity,loss_free,204,0.13414697349071503
MNIST,small,42,1,a1,class_selectivity,loss_free,205,2.8207955360412598
MNIST,small,42,1,a1,class_selectivity,loss_free,206,1.035895586013794
MNIST,small,42,1,a1,class_selectivity,loss_free,207,1.7920197248458862
MNIST,small,42,1,a1,class_selectivity,loss_free,208,1.214951515197754
MNIST,small,42,1,a1,class_selectivity,loss_free,209,1.55033540725708
MNIST,small,42,1,a1,class_selectivity,loss_free,210,1.0645947456359863
MNIST,small,42,1,a1,class_selectivity,loss_free,211,0.8989309072494507
MNIST,small,42,1,a1,class_selectivity,loss_free,212,1.3208658695220947
MNIST,small,42,1,a1,class_selectivity,loss_free,213,1.7003430128097534
MNIST,small,42,1,a1,class_selectivity,loss_free,214,1.0134317874908447
MNIST,small,42,1,a1,class_selectivity,loss_free,215,0.0
MNIST,small,42,1,a1,class_selectivity,loss_free,216,1.2833442687988281
MNIST,small,42,1,a1,class_selectivity,loss_free,217,0.9777511358261108
MNIST,small,42,1,a1,class_selectivity,loss_free,218,1.728461742401123
MNIST,small,42,1,a1,class_selectivity,loss_free,219,1.5454360246658325
MNIST,small,42,1,a1,class_selectivity,loss_free,220,0.926880419254303
MNIST,small,42,1,a1,class_selectivity,loss_free,221,1.575594425201416
MNIST,small,42,1,a1,class_selectivity,loss_free,222,1.3701989650726318
MNIST,small,42,1,a1,class_selectivity,loss_free,223,0.9108829498291016
MNIST,small,42,1,a1,class_selectivity,loss_free,224,4.535640716552734
MNIST,small,42,1,a1,class_selectivity,loss_free,225,2.138519048690796
MNIST,small,42,1,a1,class_selectivity,loss_free,226,1.7683380842208862
MNIST,small,42,1,a1,class_selectivity,loss_free,227,3.7806053161621094
MNIST,small,42,1,a1,class_selectivity,loss_free,228,2.097579002380371
MNIST,small,42,1,a1,class_selectivity,loss_free,229,1.1847259998321533
MNIST,small,42,1,a1,class_selectivity,loss_free,230,1.436811923980713
MNIST,small,42,1,a1,class_selectivity,loss_free,231,1.768668532371521
MNIST,small,42,1,a1,class_selectivity,loss_free,232,1.2565526962280273
MNIST,small,42,1,a1,class_selectivity,loss_free,233,1.0347378253936768
MNIST,small,42,1,a1,class_selectivity,loss_free,234,2.347468376159668
MNIST,small,42,1,a1,class_selectivity,loss_free,235,2.8316357135772705
MNIST,small,42,1,a1,class_selectivity,loss_free,236,2.1113882064819336
MNIST,small,42,1,a1,class_selectivity,loss_free,237,0.7893067002296448
MNIST,small,42,1,a1,class_selectivity,loss_free,238,1.9426426887512207
MNIST,small,42,1,a1,class_selectivity,loss_free,239,0.6798195838928223
MNIST,small,42,1,a1,class_selectivity,loss_free,240,1.7065902948379517
MNIST,small,42,1,a1,class_selectivity,loss_free,241,2.2290847301483154
MNIST,small,42,1,a1,class_selectivity,loss_free,242,2.1641812324523926
MNIST,small,42,1,a1,class_selectivity,loss_free,243,2.6026902198791504
MNIST,small,42,1,a1,class_selectivity,loss_free,244,1.9840086698532104
MNIST,small,42,1,a1,class_selectivity,loss_free,245,1.6063861846923828
MNIST,small,42,1,a1,class_selectivity,loss_free,246,2.4113352298736572
MNIST,small,42,1,a1,class_selectivity,loss_free,247,2.6344234943389893
MNIST,small,42,1,a1,class_selectivity,loss_free,248,1.059822678565979
MNIST,small,42,1,a1,class_selectivity,loss_free,249,0.0
MNIST,small,42,1,a1,class_selectivity,loss_free,250,0.9949696063995361
MNIST,small,42,1,a1,class_selectivity,loss_free,251,1.8486477136611938
MNIST,small,42,1,a1,class_selectivity,loss_free,252,1.9932316541671753
MNIST,small,42,1,a1,class_selectivity,loss_free,253,4.708350658416748
MNIST,small,42,1,a1,class_selectivity,loss_free,254,2.050236940383911
MNIST,small,42,1,a1,class_selectivity,loss_free,255,1.1752588748931885
MNIST,small,42,1,a2,class_selectivity,loss_free,0,3.1717257499694824
MNIST,small,42,1,a2,class_selectivity,loss_free,1,2.710170269012451
MNIST,small,42,1,a2,class_selectivity,loss_free,2,3.126817226409912
MNIST,small,42,1,a2,class_selectivity,loss_free,3,1.4731777906417847
MNIST,small,42,1,a2,class_selectivity,loss_free,4,1.5060925483703613
MNIST,small,42,1,a2,class_selectivity,loss_free,5,2.186960220336914
MNIST,small,42,1,a2,class_selectivity,loss_free,6,3.013153076171875
MNIST,small,42,1,a2,class_selectivity,loss_free,7,1.668491244316101
MNIST,small,42,1,a2,class_selectivity,loss_free,8,1.702397108078003
MNIST,small,42,1,a2,class_selectivity,loss_free,9,2.61855411529541
MNIST,small,42,1,a2,class_selectivity,loss_free,10,3.0584983825683594
MNIST,small,42,1,a2,class_selectivity,loss_free,11,2.0966053009033203
MNIST,small,42,1,a2,class_selectivity,loss_free,12,2.7292492389678955
MNIST,small,42,1,a2,class_selectivity,loss_free,13,1.929221510887146
MNIST,small,42,1,a2,class_selectivity,loss_free,14,1.8459386825561523
MNIST,small,42,1,a2,class_selectivity,loss_free,15,2.7286324501037598
MNIST,small,42,1,a2,class_selectivity,loss_free,16,2.465688467025757
MNIST,small,42,1,a2,class_selectivity,loss_free,17,2.18349027633667
MNIST,small,42,1,a2,class_selectivity,loss_free,18,2.0613300800323486
MNIST,small,42,1,a2,class_selectivity,loss_free,19,2.5791826248168945
MNIST,small,42,1,a2,class_selectivity,loss_free,20,2.7737350463867188
MNIST,small,42,1,a2,class_selectivity,loss_free,21,3.2121200561523438
MNIST,small,42,1,a2,class_selectivity,loss_free,22,1.6797232627868652
MNIST,small,42,1,a2,class_selectivity,loss_free,23,2.2940611839294434
MNIST,small,42,1,a2,class_selectivity,loss_free,24,3.6054320335388184
MNIST,small,42,1,a2,class_selectivity,loss_free,25,1.5550706386566162
MNIST,small,42,1,a2,class_selectivity,loss_free,26,2.4797909259796143
MNIST,small,42,1,a2,class_selectivity,loss_free,27,3.8478760719299316
MNIST,small,42,1,a2,class_selectivity,loss_free,28,2.178659439086914
MNIST,small,42,1,a2,class_selectivity,loss_free,29,2.224055290222168
MNIST,small,42,1,a2,class_selectivity,loss_free,30,2.2098371982574463
MNIST,small,42,1,a2,class_selectivity,loss_free,31,2.423213005065918
MNIST,small,42,1,a2,class_selectivity,loss_free,32,2.3656163215637207
MNIST,small,42,1,a2,class_selectivity,loss_free,33,2.414588689804077
MNIST,small,42,1,a2,class_selectivity,loss_free,34,1.7167531251907349
MNIST,small,42,1,a2,class_selectivity,loss_free,35,1.9689103364944458
MNIST,small,42,1,a2,class_selectivity,loss_free,36,2.613236427307129
MNIST,small,42,1,a2,class_selectivity,loss_free,37,1.9524831771850586
MNIST,small,42,1,a2,class_selectivity,loss_free,38,1.2965630292892456
MNIST,small,42,1,a2,class_selectivity,loss_free,39,1.8879621028900146
MNIST,small,42,1,a2,class_selectivity,loss_free,40,3.0531187057495117
MNIST,small,42,1,a2,class_selectivity,loss_free,41,0.0
MNIST,small,42,1,a2,class_selectivity,loss_free,42,2.8661184310913086
MNIST,small,42,1,a2,class_selectivity,loss_free,43,2.12241792678833
MNIST,small,42,1,a2,class_selectivity,loss_free,44,0.0
MNIST,small,42,1,a2,class_selectivity,loss_free,45,1.5070394277572632
MNIST,small,42,1,a2,class_selectivity,loss_free,46,2.1891815662384033
MNIST,small,42,1,a2,class_selectivity,loss_free,47,1.4379206895828247
MNIST,small,42,1,a2,class_selectivity,loss_free,48,1.7186973094940186
MNIST,small,42,1,a2,class_selectivity,loss_free,49,2.9717252254486084
MNIST,small,42,1,a2,class_selectivity,loss_free,50,1.8125617504119873
MNIST,small,42,1,a2,class_selectivity,loss_free,51,2.100743293762207
MNIST,small,42,1,a2,class_selectivity,loss_free,52,2.005624294281006
MNIST,small,42,1,a2,class_selectivity,loss_free,53,1.6219890117645264
MNIST,small,42,1,a2,class_selectivity,loss_free,54,2.7627365589141846
MNIST,small,42,1,a2,class_selectivity,loss_free,55,1.6745434999465942
MNIST,small,42,1,a2,class_selectivity,loss_free,56,3.173319101333618
MNIST,small,42,1,a2,class_selectivity,loss_free,57,1.885820746421814
MNIST,small,42,1,a2,class_selectivity,loss_free,58,2.1854538917541504
MNIST,small,42,1,a2,class_selectivity,loss_free,59,1.7917001247406006
MNIST,small,42,1,a2,class_selectivity,loss_free,60,1.8233531713485718
MNIST,small,42,1,a2,class_selectivity,loss_free,61,2.4783854484558105
MNIST,small,42,1,a2,class_selectivity,loss_free,62,1.4952473640441895
MNIST,small,42,1,a2,class_selectivity,loss_free,63,2.5736594200134277
MNIST,small,42,1,a2,class_selectivity,loss_free,64,1.574775218963623
MNIST,small,42,1,a2,class_selectivity,loss_free,65,0.0
MNIST,small,42,1,a2,class_selectivity,loss_free,66,0.9626618027687073
MNIST,small,42,1,a2,class_selectivity,loss_free,67,2.4282126426696777
MNIST,small,42,1,a2,class_selectivity,loss_free,68,1.9481300115585327
MNIST,small,42,1,a2,class_selectivity,loss_free,69,2.4332475662231445
MNIST,small,42,1,a2,class_selectivity,loss_free,70,2.5295262336730957
MNIST,small,42,1,a2,class_selectivity,loss_free,71,1.5093371868133545
MNIST,small,42,1,a2,class_selectivity,loss_free,72,2.6305694580078125
MNIST,small,42,1,a2,class_selectivity,loss_free,73,2.168452739715576
MNIST,small,42,1,a2,class_selectivity,loss_free,74,1.9687161445617676
MNIST,small,42,1,a2,class_selectivity,loss_free,75,1.6925532817840576
MNIST,small,42,1,a2,class_selectivity,loss_free,76,2.659809112548828
MNIST,small,42,1,a2,class_selectivity,loss_free,77,2.3164122104644775
MNIST,small,42,1,a2,class_selectivity,loss_free,78,1.465657353401184
MNIST,small,42,1,a2,class_selectivity,loss_free,79,2.3494479656219482
MNIST,small,42,1,a2,class_selectivity,loss_free,80,2.786905288696289
MNIST,small,42,1,a2,class_selectivity,loss_free,81,3.663130044937134
MNIST,small,42,1,a2,class_selectivity,loss_free,82,2.3130903244018555
MNIST,small,42,1,a2,class_selectivity,loss_free,83,1.1061233282089233
MNIST,small,42,1,a2,class_selectivity,loss_free,84,2.4368319511413574
MNIST,small,42,1,a2,class_selectivity,loss_free,85,2.34551739692688
MNIST,small,42,1,a2,class_selectivity,loss_free,86,0.0
MNIST,small,42,1,a2,class_selectivity,loss_free,87,1.592715859413147
MNIST,small,42,1,a2,class_selectivity,loss_free,88,3.0055136680603027
MNIST,small,42,1,a2,class_selectivity,loss_free,89,2.7333579063415527
MNIST,small,42,1,a2,class_selectivity,loss_free,90,2.057788133621216
MNIST,small,42,1,a2,class_selectivity,loss_free,91,2.6724987030029297
MNIST,small,42,1,a2,class_selectivity,loss_free,92,1.997821569442749
MNIST,small,42,1,a2,class_selectivity,loss_free,93,1.5597896575927734
MNIST,small,42,1,a2,class_selectivity,loss_free,94,2.4975686073303223
MNIST,small,42,1,a2,class_selectivity,loss_free,95,2.537489414215088
MNIST,small,42,1,a2,class_selectivity,loss_free,96,2.9864861965179443
MNIST,small,42,1,a2,class_selectivity,loss_free,97,1.6424169540405273
MNIST,small,42,1,a2,class_selectivity,loss_free,98,2.5923051834106445
MNIST,small,42,1,a2,class_selectivity,loss_free,99,0.005113366991281509
MNIST,small,42,1,a2,class_selectivity,loss_free,100,2.984266757965088
MNIST,small,42,1,a2,class_selectivity,loss_free,101,3.2499146461486816
MNIST,small,42,1,a2,class_selectivity,loss_free,102,2.0463004112243652
MNIST,small,42,1,a2,class_selectivity,loss_free,103,2.652289867401123
MNIST,small,42,1,a2,class_selectivity,loss_free,104,3.644681930541992
MNIST,small,42,1,a2,class_selectivity,loss_free,105,1.8911625146865845
MNIST,small,42,1,a2,class_selectivity,loss_free,106,0.0
MNIST,small,42,1,a2,class_selectivity,loss_free,107,2.7608420848846436
MNIST,small,42,1,a2,class_selectivity,loss_free,108,3.1558008193969727
MNIST,small,42,1,a2,class_selectivity,loss_free,109,2.402390956878662
MNIST,small,42,1,a2,class_selectivity,loss_free,110,2.427172899246216
MNIST,small,42,1,a2,class_selectivity,loss_free,111,2.2971508502960205
MNIST,small,42,1,a2,class_selectivity,loss_free,112,3.2026255130767822
MNIST,small,42,1,a2,class_selectivity,loss_free,113,3.2868223190307617
MNIST,small,42,1,a2,class_selectivity,loss_free,114,2.5350189208984375
MNIST,small,42,1,a2,class_selectivity,loss_free,115,1.8649005889892578
MNIST,small,42,1,a2,class_selectivity,loss_free,116,1.5406548976898193
MNIST,small,42,1,a2,class_selectivity,loss_free,117,2.0349841117858887
MNIST,small,42,1,a2,class_selectivity,loss_free,118,0.0
MNIST,small,42,1,a2,class_selectivity,loss_free,119,2.8319461345672607
MNIST,small,42,1,a2,class_selectivity,loss_free,120,2.0922751426696777
MNIST,small,42,1,a2,class_selectivity,loss_free,121,2.0538876056671143
MNIST,small,42,1,a2,class_selectivity,loss_free,122,2.704545736312866
MNIST,small,42,1,a2,class_selectivity,loss_free,123,2.0867037773132324
MNIST,small,42,1,a2,class_selectivity,loss_free,124,2.31315541267395
MNIST,small,42,1,a2,class_selectivity,loss_free,125,3.2908365726470947
MNIST,small,42,1,a2,class_selectivity,loss_free,126,1.762078881263733
MNIST,small,42,1,a2,class_selectivity,loss_free,127,2.825974464416504
MNIST,small,42,1,a1,redundancy,loss_free,0,-0.8574640154838562
MNIST,small,42,1,a1,redundancy,loss_free,1,-0.5980287790298462
MNIST,small,42,1,a1,redundancy,loss_free,2,-0.5720877051353455
MNIST,small,42,1,a1,redundancy,loss_free,3,-0.6202555298805237
MNIST,small,42,1,a1,redundancy,loss_free,4,-0.7000864744186401
MNIST,small,42,1,a1,redundancy,loss_free,5,-0.6218550205230713
MNIST,small,42,1,a1,redundancy,loss_free,6,-0.6506168246269226
MNIST,small,42,1,a1,redundancy,loss_free,7,-0.8959788680076599
MNIST,small,42,1,a1,redundancy,loss_free,8,-0.7453975677490234
MNIST,small,42,1,a1,redundancy,loss_free,9,-0.6821005344390869
MNIST,small,42,1,a1,redundancy,loss_free,10,-0.6080020070075989
MNIST,small,42,1,a1,redundancy,loss_free,11,-0.685878574848175
MNIST,small,42,1,a1,redundancy,loss_free,12,-0.6115216016769409
MNIST,small,42,1,a1,redundancy,loss_free,13,-0.585048258304596
MNIST,small,42,1,a1,redundancy,loss_free,14,-0.7184715867042542
MNIST,small,42,1,a1,redundancy,loss_free,15,-0.8972427845001221
MNIST,small,42,1,a1,redundancy,loss_free,16,-0.7543461322784424
MNIST,small,42,1,a1,redundancy,loss_free,17,-0.8740375638008118
MNIST,small,42,1,a1,redundancy,loss_free,18,-0.7016434073448181
MNIST,small,42,1,a1,redundancy,loss_free,19,-0.7856234908103943
MNIST,small,42,1,a1,redundancy,loss_free,20,-0.6693434715270996
MNIST,small,42,1,a1,redundancy,loss_free,21,-0.8740375638008118
MNIST,small,42,1,a1,redundancy,loss_free,22,-0.7261691689491272
MNIST,small,42,1,a1,redundancy,loss_free,23,-0.5048977136611938
MNIST,small,42,1,a1,redundancy,loss_free,24,-0.0
MNIST,small,42,1,a1,redundancy,loss_free,25,-0.8586612343788147
MNIST,small,42,1,a1,redundancy,loss_free,26,-0.7339688539505005
MNIST,small,42,1,a1,redundancy,loss_free,27,-0.5575621724128723
MNIST,small,42,1,a1,redundancy,loss_free,28,-0.811648428440094
MNIST,small,42,1,a1,redundancy,loss_free,29,-0.7728061079978943
MNIST,small,42,1,a1,redundancy,loss_free,30,-0.7453975677490234
MNIST,small,42,1,a1,redundancy,loss_free,31,-0.5448793768882751
MNIST,small,42,1,a1,redundancy,loss_free,32,-0.5906667709350586
MNIST,small,42,1,a1,redundancy,loss_free,33,-0.679736316204071
MNIST,small,42,1,a1,redundancy,loss_free,34,-0.7372510433197021
MNIST,small,42,1,a1,redundancy,loss_free,35,-0.6705055832862854
MNIST,small,42,1,a1,redundancy,loss_free,36,-0.5815554857254028
MNIST,small,42,1,a1,redundancy,loss_free,37,-0.8524516820907593
MNIST,small,42,1,a1,redundancy,loss_free,38,-0.7372606992721558
MNIST,small,42,1,a1,redundancy,loss_free,39,-0.6086564660072327
MNIST,small,42,1,a1,redundancy,loss_free,40,-0.7225806713104248
MNIST,small,42,1,a1,redundancy,loss_free,41,-0.771720826625824
MNIST,small,42,1,a1,redundancy,loss_free,42,-0.7506148219108582
MNIST,small,42,1,a1,redundancy,loss_free,43,-0.713578999042511
MNIST,small,42,1,a1,redundancy,loss_free,44,-0.9209224581718445
MNIST,small,42,1,a1,redundancy,loss_free,45,-0.0
MNIST,small,42,1,a1,redundancy,loss_free,46,-0.7867614030838013
MNIST,small,42,1,a1,redundancy,loss_free,47,-0.6859970092773438
MNIST,small,42,1,a1,redundancy,loss_free,48,-0.5813127756118774
MNIST,small,42,1,a1,redundancy,loss_free,49,-0.7943876385688782
MNIST,small,42,1,a1,redundancy,loss_free,50,-0.898820698261261
MNIST,small,42,1,a1,redundancy,loss_free,51,-0.6193715929985046
MNIST,small,42,1,a1,redundancy,loss_free,52,-0.8574640154838562
MNIST,small,42,1,a1,redundancy,loss_free,53,-0.8199283480644226
MNIST,small,42,1,a1,redundancy,loss_free,54,-0.8122255802154541
MNIST,small,42,1,a1,redundancy,loss_free,55,-0.8898072838783264
MNIST,small,42,1,a1,redundancy,loss_free,56,-0.7728061079978943
MNIST,small,42,1,a1,redundancy,loss_free,57,-0.8491994142532349
MNIST,small,42,1,a1,redundancy,loss_free,58,-0.6580788493156433
MNIST,small,42,1,a1,redundancy,loss_free,59,-0.8077114820480347
MNIST,small,42,1,a1,redundancy,loss_free,60,-0.8898072838783264
MNIST,small,42,1,a1,redundancy,loss_free,61,-0.0
MNIST,small,42,1,a1,redundancy,loss_free,62,-0.6765815615653992
MNIST,small,42,1,a1,redundancy,loss_free,63,-0.8639705181121826
MNIST,small,42,1,a1,redundancy,loss_free,64,-0.8324083685874939
MNIST,small,42,1,a1,redundancy,loss_free,65,-0.7675656676292419
MNIST,small,42,1,a1,redundancy,loss_free,66,-0.6748418807983398
MNIST,small,42,1,a1,redundancy,loss_free,67,-0.6748418807983398
MNIST,small,42,1,a1,redundancy,loss_free,68,-0.7506148219108582
MNIST,small,42,1,a1,redundancy,loss_free,69,-0.7827777862548828
MNIST,small,42,1,a1,redundancy,loss_free,70,-0.560638964176178
MNIST,small,42,1,a1,redundancy,loss_free,71,-0.8213463425636292
MNIST,small,42,1,a1,redundancy,loss_free,72,-0.5797199010848999
MNIST,small,42,1,a1,redundancy,loss_free,73,-0.5616791248321533
MNIST,small,42,1,a1,redundancy,loss_free,74,-0.0
MNIST,small,42,1,a1,redundancy,loss_free,75,-0.7708399891853333
MNIST,small,42,1,a1,redundancy,loss_free,76,-0.8452980518341064
MNIST,small,42,1,a1,redundancy,loss_free,77,-0.7888531684875488
MNIST,small,42,1,a1,redundancy,loss_free,78,-0.7289628386497498
MNIST,small,42,1,a1,redundancy,loss_free,79,-0.0
MNIST,small,42,1,a1,redundancy,loss_free,80,-0.7027568817138672
MNIST,small,42,1,a1,redundancy,loss_free,81,-0.8175716400146484
MNIST,small,42,1,a1,redundancy,loss_free,82,-0.6836662292480469
MNIST,small,42,1,a1,redundancy,loss_free,83,-0.7397710680961609
MNIST,small,42,1,a1,redundancy,loss_free,84,-0.6953541040420532
MNIST,small,42,1,a1,redundancy,loss_free,85,-0.8225496411323547
MNIST,small,42,1,a1,redundancy,loss_free,86,-0.7516023516654968
MNIST,small,42,1,a1,redundancy,loss_free,87,-0.6805943846702576
MNIST,small,42,1,a1,redundancy,loss_free,88,-0.7176883816719055
MNIST,small,42,1,a1,redundancy,loss_free,89,-0.7318540811538696
MNIST,small,42,1,a1,redundancy,loss_free,90,-0.6842944025993347
MNIST,small,42,1,a1,redundancy,loss_free,91,-0.6061265468597412
MNIST,small,42,1,a1,redundancy,loss_free,92,-0.8240691423416138
MNIST,small,42,1,a1,redundancy,loss_free,93,-0.679736316204071
MNIST,small,42,1,a1,redundancy,loss_free,94,-0.8519687056541443
MNIST,small,42,1,a1,redundancy,loss_free,95,-0.6116530299186707
MNIST,small,42,1,a1,redundancy,loss_free,96,-0.0
MNIST,small,42,1,a1,redundancy,loss_free,97,-0.5692585706710815
MNIST,small,42,1,a1,redundancy,loss_free,98,-0.6673625707626343
MNIST,small,42,1,a1,redundancy,loss_free,99,-0.8077114820480347
MNIST,small,42,1,a1,redundancy,loss_free,100,-0.8092684745788574
MNIST,small,42,1,a1,redundancy,loss_free,101,-0.7967004776000977
MNIST,small,42,1,a1,redundancy,loss_free,102,-0.6218550205230713
MNIST,small,42,1,a1,redundancy,loss_free,103,-0.7438948750495911
MNIST,small,42,1,a1,redundancy,loss_free,104,-0.0
MNIST,small,42,1,a1,redundancy,loss_free,105,-0.5850822925567627
MNIST,small,42,1,a1,redundancy,loss_free,106,-0.6743831634521484
MNIST,small,42,1,a1,redundancy,loss_free,107,-0.7993438243865967
MNIST,small,42,1,a1,redundancy,loss_free,108,-0.9398948550224304
MNIST,small,42,1,a1,redundancy,loss_free,109,-0.6016413569450378
MNIST,small,42,1,a1,redundancy,loss_free,110,-0.6141831874847412
MNIST,small,42,1,a1,redundancy,loss_free,111,-0.8524516820907593
MNIST,small,42,1,a1,redundancy,loss_free,112,-0.8959788680076599
MNIST,small,42,1,a1,redundancy,loss_free,113,-0.7967004776000977
MNIST,small,42,1,a1,redundancy,loss_free,114,-0.6429557204246521
MNIST,small,42,1,a1,redundancy,loss_free,115,-0.509333074092865
MNIST,small,42,1,a1,redundancy,loss_free,116,-0.4966697692871094
MNIST,small,42,1,a1,redundancy,loss_free,117,-0.7132648229598999
MNIST,small,42,1,a1,redundancy,loss_free,118,-0.6561271548271179
MNIST,small,42,1,a1,redundancy,loss_free,119,-0.5315915942192078
MNIST,small,42,1,a1,redundancy,loss_free,120,-0.6817836165428162
MNIST,small,42,1,a1,redundancy,loss_free,121,-0.8065710663795471
MNIST,small,42,1,a1,redundancy,loss_free,122,-0.8313062787055969
MNIST,small,42,1,a1,redundancy,loss_free,123,-0.7016434073448181
MNIST,small,42,1,a1,redundancy,loss_free,124,-0.760965883731842
MNIST,small,42,1,a1,redundancy,loss_free,125,-0.8981063961982727
MNIST,small,42,1,a1,redundancy,loss_free,126,-0.7469316124916077
MNIST,small,42,1,a1,redundancy,loss_free,127,-0.8225496411323547
MNIST,small,42,1,a1,redundancy,loss_free,128,-0.6974411010742188
MNIST,small,42,1,a1,redundancy,loss_free,129,-0.24959540367126465
MNIST,small,42,1,a1,redundancy,loss_free,130,-0.5780719518661499
MNIST,small,42,1,a1,redundancy,loss_free,131,-0.6743831634521484
MNIST,small,42,1,a1,redundancy,loss_free,132,-0.6984953880310059
MNIST,small,42,1,a1,redundancy,loss_free,133,-0.8190258145332336
MNIST,small,42,1,a1,redundancy,loss_free,134,-0.0
MNIST,small,42,1,a1,redundancy,loss_free,135,-0.7708399891853333
MNIST,small,42,1,a1,redundancy,loss_free,136,-0.7302623987197876
MNIST,small,42,1,a1,redundancy,loss_free,137,-0.7006561160087585
MNIST,small,42,1,a1,redundancy,loss_free,138,-0.6555401086807251
MNIST,small,42,1,a1,redundancy,loss_free,139,-0.7372510433197021
MNIST,small,42,1,a1,redundancy,loss_free,140,-0.8891027569770813
MNIST,small,42,1,a1,redundancy,loss_free,141,-0.0
MNIST,small,42,1,a1,redundancy,loss_free,142,-0.8955956697463989
MNIST,small,42,1,a1,redundancy,loss_free,143,-0.6446085572242737
MNIST,small,42,1,a1,redundancy,loss_free,144,-0.8256597518920898
MNIST,small,42,1,a1,redundancy,loss_free,145,-0.620000422000885
MNIST,small,42,1,a1,redundancy,loss_free,146,-0.6898585557937622
MNIST,small,42,1,a1,redundancy,loss_free,147,-0.7946519255638123
MNIST,small,42,1,a1,redundancy,loss_free,148,-0.658178985118866
MNIST,small,42,1,a1,redundancy,loss_free,149,-0.6250746250152588
MNIST,small,42,1,a1,redundancy,loss_free,150,-0.7011306881904602
MNIST,small,42,1,a1,redundancy,loss_free,151,-0.7618896961212158
MNIST,small,42,1,a1,redundancy,loss_free,152,-0.7739459276199341
MNIST,small,42,1,a1,redundancy,loss_free,153,-0.8491994142532349
MNIST,small,42,1,a1,redundancy,loss_free,154,-0.7599491477012634
MNIST,small,42,1,a1,redundancy,loss_free,155,-0.7302623987197876
MNIST,small,42,1,a1,redundancy,loss_free,156,-0.8199561834335327
MNIST,small,42,1,a1,redundancy,loss_free,157,-0.8376009464263916
MNIST,small,42,1,a1,redundancy,loss_free,158,-0.7378960251808167
MNIST,small,42,1,a1,redundancy,loss_free,159,-0.7057132124900818
MNIST,small,42,1,a1,redundancy,loss_free,160,-0.8871296644210815
MNIST,small,42,1,a1,redundancy,loss_free,161,-0.6111379861831665
MNIST,small,42,1,a1,redundancy,loss_free,162,-0.7771943211555481
MNIST,small,42,1,a1,redundancy,loss_free,163,-0.7054761648178101
MNIST,small,42,1,a1,redundancy,loss_free,164,-0.6774652600288391
MNIST,small,42,1,a1,redundancy,loss_free,165,-0.7354357838630676
MNIST,small,42,1,a1,redundancy,loss_free,166,-0.525744616985321
MNIST,small,42,1,a1,redundancy,loss_free,167,-0.8647729158401489
MNIST,small,42,1,a1,redundancy,loss_free,168,-0.6898585557937622
MNIST,small,42,1,a1,redundancy,loss_free,169,-0.7324227094650269
MNIST,small,42,1,a1,redundancy,loss_free,170,-0.7319604158401489
MNIST,small,42,1,a1,redundancy,loss_free,171,-0.7729480862617493
MNIST,small,42,1,a1,redundancy,loss_free,172,-0.6688747406005859
MNIST,small,42,1,a1,redundancy,loss_free,173,-0.7764670848846436
MNIST,small,42,1,a1,redundancy,loss_free,174,-0.6983016729354858
MNIST,small,42,1,a1,redundancy,loss_free,175,-0.7137306332588196
MNIST,small,42,1,a1,redundancy,loss_free,176,-0.8376009464263916
MNIST,small,42,1,a1,redundancy,loss_free,177,-0.8751978874206543
MNIST,small,42,1,a1,redundancy,loss_free,178,-0.7516023516654968
MNIST,small,42,1,a1,redundancy,loss_free,179,-0.7026430368423462
MNIST,small,42,1,a1,redundancy,loss_free,180,-0.7329875826835632
MNIST,small,42,1,a1,redundancy,loss_free,181,-0.7397710680961609
MNIST,small,42,1,a1,redundancy,loss_free,182,-0.7958685755729675
MNIST,small,42,1,a1,redundancy,loss_free,183,-0.760965883731842
MNIST,small,42,1,a1,redundancy,loss_free,184,-0.6078176498413086
MNIST,small,42,1,a1,redundancy,loss_free,185,-0.6472157835960388
MNIST,small,42,1,a1,redundancy,loss_free,186,-0.5300840735435486
MNIST,small,42,1,a1,redundancy,loss_free,187,-0.81620854139328
MNIST,small,42,1,a1,redundancy,loss_free,188,-0.7738266587257385
MNIST,small,42,1,a1,redundancy,loss_free,189,-0.6830385327339172
MNIST,small,42,1,a1,redundancy,loss_free,190,-0.7527870535850525
MNIST,small,42,1,a1,redundancy,loss_free,191,-0.7140137553215027
MNIST,small,42,1,a1,redundancy,loss_free,192,-0.7659085988998413
MNIST,small,42,1,a1,redundancy,loss_free,193,-0.771720826625824
MNIST,small,42,1,a1,redundancy,loss_free,194,-0.7319604158401489
MNIST,small,42,1,a1,redundancy,loss_free,195,-0.8092684745788574
MNIST,small,42,1,a1,redundancy,loss_free,196,-0.7856234908103943
MNIST,small,42,1,a1,redundancy,loss_free,197,-0.8106918334960938
MNIST,small,42,1,a1,redundancy,loss_free,198,-0.7468766570091248
MNIST,small,42,1,a1,redundancy,loss_free,199,-0.8175716400146484
MNIST,small,42,1,a1,redundancy,loss_free,200,-0.7402268648147583
MNIST,small,42,1,a1,redundancy,loss_free,201,-0.6363318562507629
MNIST,small,42,1,a1,redundancy,loss_free,202,-0.5838419198989868
MNIST,small,42,1,a1,redundancy,loss_free,203,-0.6698228716850281
MNIST,small,42,1,a1,redundancy,loss_free,204,-0.3953190743923187
MNIST,small,42,1,a1,redundancy,loss_free,205,-0.7943876385688782
MNIST,small,42,1,a1,redundancy,loss_free,206,-0.5560933947563171
MNIST,small,42,1,a1,redundancy,loss_free,207,-0.6712729930877686
MNIST,small,42,1,a1,redundancy,loss_free,208,-0.6757066249847412
MNIST,small,42,1,a1,redundancy,loss_free,209,-0.6700716614723206
MNIST,small,42,1,a1,redundancy,loss_free,210,-0.7596112489700317
MNIST,small,42,1,a1,redundancy,loss_free,211,-0.6676278710365295
MNIST,small,42,1,a1,redundancy,loss_free,212,-0.6086496114730835
MNIST,small,42,1,a1,redundancy,loss_free,213,-0.8200175166130066
MNIST,small,42,1,a1,redundancy,loss_free,214,-0.6066235899925232
MNIST,small,42,1,a1,redundancy,loss_free,215,-0.0
MNIST,small,42,1,a1,redundancy,loss_free,216,-0.7729480862617493
MNIST,small,42,1,a1,redundancy,loss_free,217,-0.7057132124900818
MNIST,small,42,1,a1,redundancy,loss_free,218,-0.7438948750495911
MNIST,small,42,1,a1,redundancy,loss_free,219,-0.8414355516433716
MNIST,small,42,1,a1,redundancy,loss_free,220,-0.6048033833503723
MNIST,small,42,1,a1,redundancy,loss_free,221,-0.8256597518920898
MNIST,small,42,1,a1,redundancy,loss_free,222,-0.7468766570091248
MNIST,small,42,1,a1,redundancy,loss_free,223,-0.6474518179893494
MNIST,small,42,1,a1,redundancy,loss_free,224,-0.8710529208183289
MNIST,small,42,1,a1,redundancy,loss_free,225,-0.8452980518341064
MNIST,small,42,1,a1,redundancy,loss_free,226,-0.6615654230117798
MNIST,small,42,1,a1,redundancy,loss_free,227,-0.9398948550224304
MNIST,small,42,1,a1,redundancy,loss_free,228,-0.898820698261261
MNIST,small,42,1,a1,redundancy,loss_free,229,-0.5341534614562988
MNIST,small,42,1,a1,redundancy,loss_free,230,-0.6817836165428162
MNIST,small,42,1,a1,redundancy,loss_free,231,-0.7488096356391907
MNIST,small,42,1,a1,redundancy,loss_free,232,-0.7469316124916077
MNIST,small,42,1,a1,redundancy,loss_free,233,-0.6698228716850281
MNIST,small,42,1,a1,redundancy,loss_free,234,-0.7424876689910889
MNIST,small,42,1,a1,redundancy,loss_free,235,-0.8871296644210815
MNIST,small,42,1,a1,redundancy,loss_free,236,-0.8200175166130066
MNIST,small,42,1,a1,redundancy,loss_free,237,-0.5358853340148926
MNIST,small,42,1,a1,redundancy,loss_free,238,-0.7359418869018555
MNIST,small,42,1,a1,redundancy,loss_free,239,-0.7534447908401489
MNIST,small,42,1,a1,redundancy,loss_free,240,-0.8213463425636292
MNIST,small,42,1,a1,redundancy,loss_free,241,-0.7359418869018555
MNIST,small,42,1,a1,redundancy,loss_free,242,-0.7184068560600281
MNIST,small,42,1,a1,redundancy,loss_free,243,-0.8190258145332336
MNIST,small,42,1,a1,redundancy,loss_free,244,-0.8981063961982727
MNIST,small,42,1,a1,redundancy,loss_free,245,-0.6459330320358276
MNIST,small,42,1,a1,redundancy,loss_free,246,-0.8972427845001221
MNIST,small,42,1,a1,redundancy,loss_free,247,-0.7339688539505005
MNIST,small,42,1,a1,redundancy,loss_free,248,-0.6599918007850647
MNIST,small,42,1,a1,redundancy,loss_free,249,-0.0
MNIST,small,42,1,a1,redundancy,loss_free,250,-0.6232998967170715
MNIST,small,42,1,a1,redundancy,loss_free,251,-0.7543461322784424
MNIST,small,42,1,a1,redundancy,loss_free,252,-0.7659085988998413
MNIST,small,42,1,a1,redundancy,loss_free,253,-0.8710529208183289
MNIST,small,42,1,a1,redundancy,loss_free,254,-0.8586612343788147
MNIST,small,42,1,a1,redundancy,loss_free,255,-0.620000422000885
MNIST,small,42,1,a2,redundancy,loss_free,0,-0.8821187019348145
MNIST,small,42,1,a2,redundancy,loss_free,1,-0.8821187019348145
MNIST,small,42,1,a2,redundancy,loss_free,2,-0.9171181917190552
MNIST,small,42,1,a2,redundancy,loss_free,3,-0.5988392233848572
MNIST,small,42,1,a2,redundancy,loss_free,4,-0.5882435441017151
MNIST,small,42,1,a2,redundancy,loss_free,5,-0.730463445186615
MNIST,small,42,1,a2,redundancy,loss_free,6,-0.8727309703826904
MNIST,small,42,1,a2,redundancy,loss_free,7,-0.7213872671127319
MNIST,small,42,1,a2,redundancy,loss_free,8,-0.7407232522964478
MNIST,small,42,1,a2,redundancy,loss_free,9,-0.8267699480056763
MNIST,small,42,1,a2,redundancy,loss_free,10,-0.9194742441177368
MNIST,small,42,1,a2,redundancy,loss_free,11,-0.7335113286972046
MNIST,small,42,1,a2,redundancy,loss_free,12,-0.7788736820220947
MNIST,small,42,1,a2,redundancy,loss_free,13,-0.7369311451911926
MNIST,small,42,1,a2,redundancy,loss_free,14,-0.6423177719116211
MNIST,small,42,1,a2,redundancy,loss_free,15,-0.7370408177375793
MNIST,small,42,1,a2,redundancy,loss_free,16,-0.7485993504524231
MNIST,small,42,1,a2,redundancy,loss_free,17,-0.8183566927909851
MNIST,small,42,1,a2,redundancy,loss_free,18,-0.7407232522964478
MNIST,small,42,1,a2,redundancy,loss_free,19,-0.8842725157737732
MNIST,small,42,1,a2,redundancy,loss_free,20,-0.8246877789497375
MNIST,small,42,1,a2,redundancy,loss_free,21,-0.829234778881073
MNIST,small,42,1,a2,redundancy,loss_free,22,-0.7654669284820557
MNIST,small,42,1,a2,redundancy,loss_free,23,-0.8632428646087646
MNIST,small,42,1,a2,redundancy,loss_free,24,-0.9590772986412048
MNIST,small,42,1,a2,redundancy,loss_free,25,-0.8078206181526184
MNIST,small,42,1,a2,redundancy,loss_free,26,-0.6992403864860535
MNIST,small,42,1,a2,redundancy,loss_free,27,-0.8590003848075867
MNIST,small,42,1,a2,redundancy,loss_free,28,-0.7293151617050171
MNIST,small,42,1,a2,redundancy,loss_free,29,-0.7596739530563354
MNIST,small,42,1,a2,redundancy,loss_free,30,-0.9171181917190552
MNIST,small,42,1,a2,redundancy,loss_free,31,-0.7412335276603699
MNIST,small,42,1,a2,redundancy,loss_free,32,-0.8820350170135498
MNIST,small,42,1,a2,redundancy,loss_free,33,-0.9088326096534729
MNIST,small,42,1,a2,redundancy,loss_free,34,-0.6860217452049255
MNIST,small,42,1,a2,redundancy,loss_free,35,-0.7453039288520813
MNIST,small,42,1,a2,redundancy,loss_free,36,-0.7455143928527832
MNIST,small,42,1,a2,redundancy,loss_free,37,-0.7486546635627747
MNIST,small,42,1,a2,redundancy,loss_free,38,-0.7918674945831299
MNIST,small,42,1,a2,redundancy,loss_free,39,-0.7404780387878418
MNIST,small,42,1,a2,redundancy,loss_free,40,-0.8314353823661804
MNIST,small,42,1,a2,redundancy,loss_free,41,-0.0
MNIST,small,42,1,a2,redundancy,loss_free,42,-0.7761639952659607
MNIST,small,42,1,a2,redundancy,loss_free,43,-0.8312242031097412
MNIST,small,42,1,a2,redundancy,loss_free,44,-0.0
MNIST,small,42,1,a2,redundancy,loss_free,45,-0.790860652923584
MNIST,small,42,1,a2,redundancy,loss_free,46,-0.7548319101333618
MNIST,small,42,1,a2,redundancy,loss_free,47,-0.7788736820220947
MNIST,small,42,1,a2,redundancy,loss_free,48,-0.7037503719329834
MNIST,small,42,1,a2,redundancy,loss_free,49,-0.7846192121505737
MNIST,small,42,1,a2,redundancy,loss_free,50,-0.7975021004676819
MNIST,small,42,1,a2,redundancy,loss_free,51,-0.8381592631340027
MNIST,small,42,1,a2,redundancy,loss_free,52,-0.7220404148101807
MNIST,small,42,1,a2,redundancy,loss_free,53,-0.699684202671051
MNIST,small,42,1,a2,redundancy,loss_free,54,-0.7462837100028992
MNIST,small,42,1,a2,redundancy,loss_free,55,-0.6824325919151306
MNIST,small,42,1,a2,redundancy,loss_free,56,-0.8198001384735107
MNIST,small,42,1,a2,redundancy,loss_free,57,-0.7109746932983398
MNIST,small,42,1,a2,redundancy,loss_free,58,-0.7344045042991638
MNIST,small,42,1,a2,redundancy,loss_free,59,-0.6845145225524902
MNIST,small,42,1,a2,redundancy,loss_free,60,-0.6406019926071167
MNIST,small,42,1,a2,redundancy,loss_free,61,-0.8842725157737732
MNIST,small,42,1,a2,redundancy,loss_free,62,-0.6824325919151306
MNIST,small,42,1,a2,redundancy,loss_free,63,-0.8285841941833496
MNIST,small,42,1,a2,redundancy,loss_free,64,-0.5636553168296814
MNIST,small,42,1,a2,redundancy,loss_free,65,-0.0
MNIST,small,42,1,a2,redundancy,loss_free,66,-0.6425474882125854
MNIST,small,42,1,a2,redundancy,loss_free,67,-0.8285841941833496
MNIST,small,42,1,a2,redundancy,loss_free,68,-0.8381592631340027
MNIST,small,42,1,a2,redundancy,loss_free,69,-0.7627755403518677
MNIST,small,42,1,a2,redundancy,loss_free,70,-0.8590003848075867
MNIST,small,42,1,a2,redundancy,loss_free,71,-0.750633180141449
MNIST,small,42,1,a2,redundancy,loss_free,72,-0.6818860173225403
MNIST,small,42,1,a2,redundancy,loss_free,73,-0.731950044631958
MNIST,small,42,1,a2,redundancy,loss_free,74,-0.8820350170135498
MNIST,small,42,1,a2,redundancy,loss_free,75,-0.5917965769767761
MNIST,small,42,1,a2,redundancy,loss_free,76,-0.7275956869125366
MNIST,small,42,1,a2,redundancy,loss_free,77,-0.8742383122444153
MNIST,small,42,1,a2,redundancy,loss_free,78,-0.7344045042991638
MNIST,small,42,1,a2,redundancy,loss_free,79,-0.730463445186615
MNIST,small,42,1,a2,redundancy,loss_free,80,-0.7370408177375793
MNIST,small,42,1,a2,redundancy,loss_free,81,-0.8183566927909851
MNIST,small,42,1,a2,redundancy,loss_free,82,-0.7023149728775024
MNIST,small,42,1,a2,redundancy,loss_free,83,-0.6163690090179443
MNIST,small,42,1,a2,redundancy,loss_free,84,-0.9088326096534729
MNIST,small,42,1,a2,redundancy,loss_free,85,-0.7453039288520813
MNIST,small,42,1,a2,redundancy,loss_free,86,-0.0
MNIST,small,42,1,a2,redundancy,loss_free,87,-0.8314353823661804
MNIST,small,42,1,a2,redundancy,loss_free,88,-0.8405942320823669
MNIST,small,42,1,a2,redundancy,loss_free,89,-0.7874462008476257
MNIST,small,42,1,a2,redundancy,loss_free,90,-0.5749517679214478
MNIST,small,42,1,a2,redundancy,loss_free,91,-0.6842128038406372
MNIST,small,42,1,a2,redundancy,loss_free,92,-0.764786422252655
MNIST,small,42,1,a2,redundancy,loss_free,93,-0.815957248210907
MNIST,small,42,1,a2,redundancy,loss_free,94,-0.7805162668228149
MNIST,small,42,1,a2,redundancy,loss_free,95,-0.8562316298484802
MNIST,small,42,1,a2,redundancy,loss_free,96,-0.7888970971107483
MNIST,small,42,1,a2,redundancy,loss_free,97,-0.7918674945831299
MNIST,small,42,1,a2,redundancy,loss_free,98,-0.770781934261322
MNIST,small,42,1,a2,redundancy,loss_free,99,-0.07568009197711945
MNIST,small,42,1,a2,redundancy,loss_free,100,-0.7729774713516235
MNIST,small,42,1,a2,redundancy,loss_free,101,-0.8742383122444153
MNIST,small,42,1,a2,redundancy,loss_free,102,-0.8606072068214417
MNIST,small,42,1,a2,redundancy,loss_free,103,-0.7417110204696655
MNIST,small,42,1,a2,redundancy,loss_free,104,-0.8593724966049194
MNIST,small,42,1,a2,redundancy,loss_free,105,-0.7975021004676819
MNIST,small,42,1,a2,redundancy,loss_free,106,-0.0
MNIST,small,42,1,a2,redundancy,loss_free,107,-0.8596821427345276
MNIST,small,42,1,a2,redundancy,loss_free,108,-0.8494219779968262
MNIST,small,42,1,a2,redundancy,loss_free,109,-0.7109746932983398
MNIST,small,42,1,a2,redundancy,loss_free,110,-0.7018911242485046
MNIST,small,42,1,a2,redundancy,loss_free,111,-0.87590092420578
MNIST,small,42,1,a2,redundancy,loss_free,112,-0.8312242031097412
MNIST,small,42,1,a2,redundancy,loss_free,113,-0.9590772986412048
MNIST,small,42,1,a2,redundancy,loss_free,114,-0.8562316298484802
MNIST,small,42,1,a2,redundancy,loss_free,115,-0.6312727332115173
MNIST,small,42,1,a2,redundancy,loss_free,116,-0.770781934261322
MNIST,small,42,1,a2,redundancy,loss_free,117,-0.7494751214981079
MNIST,small,42,1,a2,redundancy,loss_free,118,-0.0
MNIST,small,42,1,a2,redundancy,loss_free,119,-0.7485993504524231
MNIST,small,42,1,a2,redundancy,loss_free,120,-0.747432291507721
MNIST,small,42,1,a2,redundancy,loss_free,121,-0.7264539003372192
MNIST,small,42,1,a2,redundancy,loss_free,122,-0.7830204963684082
MNIST,small,42,1,a2,redundancy,loss_free,123,-0.6443780660629272
MNIST,small,42,1,a2,redundancy,loss_free,124,-0.7655038833618164
MNIST,small,42,1,a2,redundancy,loss_free,125,-0.7729774713516235
MNIST,small,42,1,a2,redundancy,loss_free,126,-0.7207335233688354
MNIST,small,42,1,a2,redundancy,loss_free,127,-0.8494219779968262
MNIST,small,42,1,a1,hebbian,loss_free,0,0.05804216116666794
MNIST,small,42,1,a1,hebbian,loss_free,1,0.09570874273777008
MNIST,small,42,1,a1,hebbian,loss_free,2,0.035200491547584534
MNIST,small,42,1,a1,hebbian,loss_free,3,0.12041819840669632
MNIST,small,42,1,a1,hebbian,loss_free,4,0.03349834680557251
MNIST,small,42,1,a1,hebbian,loss_free,5,0.08286987245082855
MNIST,small,42,1,a1,hebbian,loss_free,6,0.3405168354511261
MNIST,small,42,1,a1,hebbian,loss_free,7,0.04309376701712608
MNIST,small,42,1,a1,hebbian,loss_free,8,0.18531975150108337
MNIST,small,42,1,a1,hebbian,loss_free,9,0.1637810319662094
MNIST,small,42,1,a1,hebbian,loss_free,10,0.057835571467876434
MNIST,small,42,1,a1,hebbian,loss_free,11,0.24011218547821045
MNIST,small,42,1,a1,hebbian,loss_free,12,0.21258500218391418
MNIST,small,42,1,a1,hebbian,loss_free,13,0.018326599150896072
MNIST,small,42,1,a1,hebbian,loss_free,14,0.28137582540512085
MNIST,small,42,1,a1,hebbian,loss_free,15,0.06071101129055023
MNIST,small,42,1,a1,hebbian,loss_free,16,0.20616239309310913
MNIST,small,42,1,a1,hebbian,loss_free,17,0.11122352629899979
MNIST,small,42,1,a1,hebbian,loss_free,18,0.023429257795214653
MNIST,small,42,1,a1,hebbian,loss_free,19,0.15365363657474518
MNIST,small,42,1,a1,hebbian,loss_free,20,0.034567248076200485
MNIST,small,42,1,a1,hebbian,loss_free,21,0.13665589690208435
MNIST,small,42,1,a1,hebbian,loss_free,22,0.07271434366703033
MNIST,small,42,1,a1,hebbian,loss_free,23,0.011502234265208244
MNIST,small,42,1,a1,hebbian,loss_free,24,0.0
MNIST,small,42,1,a1,hebbian,loss_free,25,0.11097479611635208
MNIST,small,42,1,a1,hebbian,loss_free,26,0.5432956218719482
MNIST,small,42,1,a1,hebbian,loss_free,27,0.05366402491927147
MNIST,small,42,1,a1,hebbian,loss_free,28,0.012957753613591194
MNIST,small,42,1,a1,hebbian,loss_free,29,0.2224256545305252
MNIST,small,42,1,a1,hebbian,loss_free,30,0.05079319328069687
MNIST,small,42,1,a1,hebbian,loss_free,31,0.0007133471081033349
MNIST,small,42,1,a1,hebbian,loss_free,32,0.010031145997345448
MNIST,small,42,1,a1,hebbian,loss_free,33,0.11080525070428848
MNIST,small,42,1,a1,hebbian,loss_free,34,0.5591477751731873
MNIST,small,42,1,a1,hebbian,loss_free,35,0.05787776783108711
MNIST,small,42,1,a1,hebbian,loss_free,36,0.03178540617227554
MNIST,small,42,1,a1,hebbian,loss_free,37,0.08248783648014069
MNIST,small,42,1,a1,hebbian,loss_free,38,0.04888743907213211
MNIST,small,42,1,a1,hebbian,loss_free,39,0.1324114054441452
MNIST,small,42,1,a1,hebbian,loss_free,40,0.19157758355140686
MNIST,small,42,1,a1,hebbian,loss_free,41,0.033226389437913895
MNIST,small,42,1,a1,hebbian,loss_free,42,0.036130163818597794
MNIST,small,42,1,a1,hebbian,loss_free,43,0.048976730555295944
MNIST,small,42,1,a1,hebbian,loss_free,44,0.02634177729487419
MNIST,small,42,1,a1,hebbian,loss_free,45,0.0
MNIST,small,42,1,a1,hebbian,loss_free,46,0.13799501955509186
MNIST,small,42,1,a1,hebbian,loss_free,47,0.18416361510753632
MNIST,small,42,1,a1,hebbian,loss_free,48,0.10107128322124481
MNIST,small,42,1,a1,hebbian,loss_free,49,0.08144181966781616
MNIST,small,42,1,a1,hebbian,loss_free,50,0.010440047830343246
MNIST,small,42,1,a1,hebbian,loss_free,51,0.05367505922913551
MNIST,small,42,1,a1,hebbian,loss_free,52,0.08057539165019989
MNIST,small,42,1,a1,hebbian,loss_free,53,0.025913991034030914
MNIST,small,42,1,a1,hebbian,loss_free,54,0.0066794827580451965
MNIST,small,42,1,a1,hebbian,loss_free,55,0.023479672148823738
MNIST,small,42,1,a1,hebbian,loss_free,56,0.1761571317911148
MNIST,small,42,1,a1,hebbian,loss_free,57,0.06585098057985306
MNIST,small,42,1,a1,hebbian,loss_free,58,0.03121866099536419
MNIST,small,42,1,a1,hebbian,loss_free,59,0.11648138612508774
MNIST,small,42,1,a1,hebbian,loss_free,60,0.010585647076368332
MNIST,small,42,1,a1,hebbian,loss_free,61,0.0
MNIST,small,42,1,a1,hebbian,loss_free,62,0.043227314949035645
MNIST,small,42,1,a1,hebbian,loss_free,63,0.16956984996795654
MNIST,small,42,1,a1,hebbian,loss_free,64,0.04740084707736969
MNIST,small,42,1,a1,hebbian,loss_free,65,0.1935824453830719
MNIST,small,42,1,a1,hebbian,loss_free,66,0.2165312021970749
MNIST,small,42,1,a1,hebbian,loss_free,67,0.24698080122470856
MNIST,small,42,1,a1,hebbian,loss_free,68,0.053270794451236725
MNIST,small,42,1,a1,hebbian,loss_free,69,0.09671570360660553
MNIST,small,42,1,a1,hebbian,loss_free,70,0.4534093141555786
MNIST,small,42,1,a1,hebbian,loss_free,71,0.06132776662707329
MNIST,small,42,1,a1,hebbian,loss_free,72,0.07755311578512192
MNIST,small,42,1,a1,hebbian,loss_free,73,0.004563526250422001
MNIST,small,42,1,a1,hebbian,loss_free,74,0.0
MNIST,small,42,1,a1,hebbian,loss_free,75,0.1250293254852295
MNIST,small,42,1,a1,hebbian,loss_free,76,0.3800656497478485
MNIST,small,42,1,a1,hebbian,loss_free,77,0.09402564913034439
MNIST,small,42,1,a1,hebbian,loss_free,78,0.12237689644098282
MNIST,small,42,1,a1,hebbian,loss_free,79,0.0
MNIST,small,42,1,a1,hebbian,loss_free,80,0.2784409523010254
MNIST,small,42,1,a1,hebbian,loss_free,81,0.08455809950828552
MNIST,small,42,1,a1,hebbian,loss_free,82,0.15249915421009064
MNIST,small,42,1,a1,hebbian,loss_free,83,0.5819153785705566
MNIST,small,42,1,a1,hebbian,loss_free,84,0.04969654604792595
MNIST,small,42,1,a1,hebbian,loss_free,85,0.1207885891199112
MNIST,small,42,1,a1,hebbian,loss_free,86,0.051165979355573654
MNIST,small,42,1,a1,hebbian,loss_free,87,0.041633158922195435
MNIST,small,42,1,a1,hebbian,loss_free,88,0.08285205066204071
MNIST,small,42,1,a1,hebbian,loss_free,89,0.029253074899315834
MNIST,small,42,1,a1,hebbian,loss_free,90,0.3309396505355835
MNIST,small,42,1,a1,hebbian,loss_free,91,0.09356892108917236
MNIST,small,42,1,a1,hebbian,loss_free,92,0.05082833766937256
MNIST,small,42,1,a1,hebbian,loss_free,93,0.2198767513036728
MNIST,small,42,1,a1,hebbian,loss_free,94,0.020963497459888458
MNIST,small,42,1,a1,hebbian,loss_free,95,0.3799249827861786
MNIST,small,42,1,a1,hebbian,loss_free,96,0.0
MNIST,small,42,1,a1,hebbian,loss_free,97,0.12570691108703613
MNIST,small,42,1,a1,hebbian,loss_free,98,0.3394007384777069
MNIST,small,42,1,a1,hebbian,loss_free,99,0.09091654419898987
MNIST,small,42,1,a1,hebbian,loss_free,100,0.043439824134111404
MNIST,small,42,1,a1,hebbian,loss_free,101,0.24076884984970093
MNIST,small,42,1,a1,hebbian,loss_free,102,0.1477348357439041
MNIST,small,42,1,a1,hebbian,loss_free,103,0.05635672062635422
MNIST,small,42,1,a1,hebbian,loss_free,104,0.0
MNIST,small,42,1,a1,hebbian,loss_free,105,0.001044033095240593
MNIST,small,42,1,a1,hebbian,loss_free,106,0.13755439221858978
MNIST,small,42,1,a1,hebbian,loss_free,107,0.1882844716310501
MNIST,small,42,1,a1,hebbian,loss_free,108,0.033331435173749924
MNIST,small,42,1,a1,hebbian,loss_free,109,0.23390626907348633
MNIST,small,42,1,a1,hebbian,loss_free,110,0.027955953031778336
MNIST,small,42,1,a1,hebbian,loss_free,111,0.1016089990735054
MNIST,small,42,1,a1,hebbian,loss_free,112,0.013507124967873096
MNIST,small,42,1,a1,hebbian,loss_free,113,0.3464973270893097
MNIST,small,42,1,a1,hebbian,loss_free,114,0.05951773002743721
MNIST,small,42,1,a1,hebbian,loss_free,115,0.014842303469777107
MNIST,small,42,1,a1,hebbian,loss_free,116,0.14454959332942963
MNIST,small,42,1,a1,hebbian,loss_free,117,0.023464538156986237
MNIST,small,42,1,a1,hebbian,loss_free,118,0.010509383864700794
MNIST,small,42,1,a1,hebbian,loss_free,119,0.08895385265350342
MNIST,small,42,1,a1,hebbian,loss_free,120,0.13561753928661346
MNIST,small,42,1,a1,hebbian,loss_free,121,0.0327165350317955
MNIST,small,42,1,a1,hebbian,loss_free,122,0.048582520335912704
MNIST,small,42,1,a1,hebbian,loss_free,123,0.025436250492930412
MNIST,small,42,1,a1,hebbian,loss_free,124,0.034002650529146194
MNIST,small,42,1,a1,hebbian,loss_free,125,0.04244770109653473
MNIST,small,42,1,a1,hebbian,loss_free,126,0.23500199615955353
MNIST,small,42,1,a1,hebbian,loss_free,127,0.10364842414855957
MNIST,small,42,1,a1,hebbian,loss_free,128,0.1503957211971283
MNIST,small,42,1,a1,hebbian,loss_free,129,2.2843398994609743e-07
MNIST,small,42,1,a1,hebbian,loss_free,130,0.04394088685512543
MNIST,small,42,1,a1,hebbian,loss_free,131,0.14565961062908173
MNIST,small,42,1,a1,hebbian,loss_free,132,0.04381966218352318
MNIST,small,42,1,a1,hebbian,loss_free,133,0.020064210519194603
MNIST,small,42,1,a1,hebbian,loss_free,134,0.0
MNIST,small,42,1,a1,hebbian,loss_free,135,0.11150512844324112
MNIST,small,42,1,a1,hebbian,loss_free,136,0.1273534595966339
MNIST,small,42,1,a1,hebbian,loss_free,137,0.3262898027896881
MNIST,small,42,1,a1,hebbian,loss_free,138,0.02163347601890564
MNIST,small,42,1,a1,hebbian,loss_free,139,0.2119942456483841
MNIST,small,42,1,a1,hebbian,loss_free,140,0.041512440890073776
MNIST,small,42,1,a1,hebbian,loss_free,141,0.0
MNIST,small,42,1,a1,hebbian,loss_free,142,0.04992913454771042
MNIST,small,42,1,a1,hebbian,loss_free,143,0.16571848094463348
MNIST,small,42,1,a1,hebbian,loss_free,144,0.05670911446213722
MNIST,small,42,1,a1,hebbian,loss_free,145,0.0626106709241867
MNIST,small,42,1,a1,hebbian,loss_free,146,0.17829398810863495
MNIST,small,42,1,a1,hebbian,loss_free,147,0.07471603155136108
MNIST,small,42,1,a1,hebbian,loss_free,148,0.12516474723815918
MNIST,small,42,1,a1,hebbian,loss_free,149,0.10398142039775848
MNIST,small,42,1,a1,hebbian,loss_free,150,0.4047940671443939
MNIST,small,42,1,a1,hebbian,loss_free,151,0.13405267894268036
MNIST,small,42,1,a1,hebbian,loss_free,152,0.14235711097717285
MNIST,small,42,1,a1,hebbian,loss_free,153,0.018140466883778572
MNIST,small,42,1,a1,hebbian,loss_free,154,0.020185153931379318
MNIST,small,42,1,a1,hebbian,loss_free,155,0.08477159589529037
MNIST,small,42,1,a1,hebbian,loss_free,156,0.10236068069934845
MNIST,small,42,1,a1,hebbian,loss_free,157,0.10774052143096924
MNIST,small,42,1,a1,hebbian,loss_free,158,0.11010093986988068
MNIST,small,42,1,a1,hebbian,loss_free,159,0.4612867832183838
MNIST,small,42,1,a1,hebbian,loss_free,160,0.03791671246290207
MNIST,small,42,1,a1,hebbian,loss_free,161,0.04820450022816658
MNIST,small,42,1,a1,hebbian,loss_free,162,0.04687399044632912
MNIST,small,42,1,a1,hebbian,loss_free,163,0.04033421352505684
MNIST,small,42,1,a1,hebbian,loss_free,164,0.3193005919456482
MNIST,small,42,1,a1,hebbian,loss_free,165,0.19203154742717743
MNIST,small,42,1,a1,hebbian,loss_free,166,0.0025528830010443926
MNIST,small,42,1,a1,hebbian,loss_free,167,0.06394921243190765
MNIST,small,42,1,a1,hebbian,loss_free,168,0.16918382048606873
MNIST,small,42,1,a1,hebbian,loss_free,169,0.019398126751184464
MNIST,small,42,1,a1,hebbian,loss_free,170,0.02607177384197712
MNIST,small,42,1,a1,hebbian,loss_free,171,0.09168726950883865
MNIST,small,42,1,a1,hebbian,loss_free,172,0.1849813163280487
MNIST,small,42,1,a1,hebbian,loss_free,173,0.10455453395843506
MNIST,small,42,1,a1,hebbian,loss_free,174,0.1445358246564865
MNIST,small,42,1,a1,hebbian,loss_free,175,0.11702485382556915
MNIST,small,42,1,a1,hebbian,loss_free,176,0.05024342983961105
MNIST,small,42,1,a1,hebbian,loss_free,177,0.036914777010679245
MNIST,small,42,1,a1,hebbian,loss_free,178,0.025796417146921158
MNIST,small,42,1,a1,hebbian,loss_free,179,0.16568778455257416
MNIST,small,42,1,a1,hebbian,loss_free,180,0.16132067143917084
MNIST,small,42,1,a1,hebbian,loss_free,181,0.34278276562690735
MNIST,small,42,1,a1,hebbian,loss_free,182,0.12760408222675323
MNIST,small,42,1,a1,hebbian,loss_free,183,0.06420154869556427
MNIST,small,42,1,a1,hebbian,loss_free,184,0.13002082705497742
MNIST,small,42,1,a1,hebbian,loss_free,185,0.15511785447597504
MNIST,small,42,1,a1,hebbian,loss_free,186,0.07510942965745926
MNIST,small,42,1,a1,hebbian,loss_free,187,0.08061044663190842
MNIST,small,42,1,a1,hebbian,loss_free,188,0.05885257571935654
MNIST,small,42,1,a1,hebbian,loss_free,189,0.049230482429265976
MNIST,small,42,1,a1,hebbian,loss_free,190,0.053606126457452774
MNIST,small,42,1,a1,hebbian,loss_free,191,0.013417311944067478
MNIST,small,42,1,a1,hebbian,loss_free,192,0.005826366133987904
MNIST,small,42,1,a1,hebbian,loss_free,193,0.036374736577272415
MNIST,small,42,1,a1,hebbian,loss_free,194,0.09362615644931793
MNIST,small,42,1,a1,hebbian,loss_free,195,0.037110164761543274
MNIST,small,42,1,a1,hebbian,loss_free,196,0.255376935005188
MNIST,small,42,1,a1,hebbian,loss_free,197,0.11496847867965698
MNIST,small,42,1,a1,hebbian,loss_free,198,0.16774539649486542
MNIST,small,42,1,a1,hebbian,loss_free,199,0.04955204948782921
MNIST,small,42,1,a1,hebbian,loss_free,200,0.13901636004447937
MNIST,small,42,1,a1,hebbian,loss_free,201,0.048050012439489365
MNIST,small,42,1,a1,hebbian,loss_free,202,0.02330700308084488
MNIST,small,42,1,a1,hebbian,loss_free,203,0.01260271668434143
MNIST,small,42,1,a1,hebbian,loss_free,204,0.004400396719574928
MNIST,small,42,1,a1,hebbian,loss_free,205,0.055542007088661194
MNIST,small,42,1,a1,hebbian,loss_free,206,0.09095342457294464
MNIST,small,42,1,a1,hebbian,loss_free,207,0.18589887022972107
MNIST,small,42,1,a1,hebbian,loss_free,208,0.042768023908138275
MNIST,small,42,1,a1,hebbian,loss_free,209,0.1782086044549942
MNIST,small,42,1,a1,hebbian,loss_free,210,0.03664811700582504
MNIST,small,42,1,a1,hebbian,loss_free,211,0.06277113407850266
MNIST,small,42,1,a1,hebbian,loss_free,212,0.04805010184645653
MNIST,small,42,1,a1,hebbian,loss_free,213,0.035040102899074554
MNIST,small,42,1,a1,hebbian,loss_free,214,0.08512222021818161
MNIST,small,42,1,a1,hebbian,loss_free,215,0.0
MNIST,small,42,1,a1,hebbian,loss_free,216,0.047166213393211365
MNIST,small,42,1,a1,hebbian,loss_free,217,0.16643664240837097
MNIST,small,42,1,a1,hebbian,loss_free,218,0.09261054545640945
MNIST,small,42,1,a1,hebbian,loss_free,219,0.007486531976610422
MNIST,small,42,1,a1,hebbian,loss_free,220,0.012706514447927475
MNIST,small,42,1,a1,hebbian,loss_free,221,0.04191994294524193
MNIST,small,42,1,a1,hebbian,loss_free,222,0.10542018711566925
MNIST,small,42,1,a1,hebbian,loss_free,223,0.2805238366127014
MNIST,small,42,1,a1,hebbian,loss_free,224,0.0666123554110527
MNIST,small,42,1,a1,hebbian,loss_free,225,0.30359241366386414
MNIST,small,42,1,a1,hebbian,loss_free,226,0.21943378448486328
MNIST,small,42,1,a1,hebbian,loss_free,227,0.03973081707954407
MNIST,small,42,1,a1,hebbian,loss_free,228,0.02538338676095009
MNIST,small,42,1,a1,hebbian,loss_free,229,0.034192103892564774
MNIST,small,42,1,a1,hebbian,loss_free,230,0.19496510922908783
MNIST,small,42,1,a1,hebbian,loss_free,231,0.09863888472318649
MNIST,small,42,1,a1,hebbian,loss_free,232,0.06469794362783432
MNIST,small,42,1,a1,hebbian,loss_free,233,0.01930089294910431
MNIST,small,42,1,a1,hebbian,loss_free,234,0.11774004995822906
MNIST,small,42,1,a1,hebbian,loss_free,235,0.02631000615656376
MNIST,small,42,1,a1,hebbian,loss_free,236,0.03669809550046921
MNIST,small,42,1,a1,hebbian,loss_free,237,0.035494301468133926
MNIST,small,42,1,a1,hebbian,loss_free,238,0.08661527931690216
MNIST,small,42,1,a1,hebbian,loss_free,239,0.21895363926887512
MNIST,small,42,1,a1,hebbian,loss_free,240,0.07161702960729599
MNIST,small,42,1,a1,hebbian,loss_free,241,0.07872316986322403
MNIST,small,42,1,a1,hebbian,loss_free,242,0.1515929400920868
MNIST,small,42,1,a1,hebbian,loss_free,243,0.07125391811132431
MNIST,small,42,1,a1,hebbian,loss_free,244,0.036972176283597946
MNIST,small,42,1,a1,hebbian,loss_free,245,0.16005171835422516
MNIST,small,42,1,a1,hebbian,loss_free,246,0.07497863471508026
MNIST,small,42,1,a1,hebbian,loss_free,247,0.36674168705940247
MNIST,small,42,1,a1,hebbian,loss_free,248,0.23936279118061066
MNIST,small,42,1,a1,hebbian,loss_free,249,0.0
MNIST,small,42,1,a1,hebbian,loss_free,250,0.032337434589862823
MNIST,small,42,1,a1,hebbian,loss_free,251,0.17905275523662567
MNIST,small,42,1,a1,hebbian,loss_free,252,0.02344205230474472
MNIST,small,42,1,a1,hebbian,loss_free,253,0.037096500396728516
MNIST,small,42,1,a1,hebbian,loss_free,254,0.0700964480638504
MNIST,small,42,1,a1,hebbian,loss_free,255,0.29914629459381104
MNIST,small,42,1,a2,hebbian,loss_free,0,0.1613989770412445
MNIST,small,42,1,a2,hebbian,loss_free,1,0.14837609231472015
MNIST,small,42,1,a2,hebbian,loss_free,2,0.0863080695271492
MNIST,small,42,1,a2,hebbian,loss_free,3,0.024108203127980232
MNIST,small,42,1,a2,hebbian,loss_free,4,0.16334456205368042
MNIST,small,42,1,a2,hebbian,loss_free,5,0.006037360522896051
MNIST,small,42,1,a2,hebbian,loss_free,6,0.10178827494382858
MNIST,small,42,1,a2,hebbian,loss_free,7,0.10629293322563171
MNIST,small,42,1,a2,hebbian,loss_free,8,0.17915000021457672
MNIST,small,42,1,a2,hebbian,loss_free,9,0.0546112135052681
MNIST,small,42,1,a2,hebbian,loss_free,10,0.042462293058633804
MNIST,small,42,1,a2,hebbian,loss_free,11,0.10662262886762619
MNIST,small,42,1,a2,hebbian,loss_free,12,0.27664804458618164
MNIST,small,42,1,a2,hebbian,loss_free,13,0.13354197144508362
MNIST,small,42,1,a2,hebbian,loss_free,14,0.1567690074443817
MNIST,small,42,1,a2,hebbian,loss_free,15,0.04345259815454483
MNIST,small,42,1,a2,hebbian,loss_free,16,0.05676703900098801
MNIST,small,42,1,a2,hebbian,loss_free,17,0.08870202302932739
MNIST,small,42,1,a2,hebbian,loss_free,18,0.10650378465652466
MNIST,small,42,1,a2,hebbian,loss_free,19,0.07289240509271622
MNIST,small,42,1,a2,hebbian,loss_free,20,0.014426734298467636
MNIST,small,42,1,a2,hebbian,loss_free,21,0.05256284400820732
MNIST,small,42,1,a2,hebbian,loss_free,22,0.19563086330890656
MNIST,small,42,1,a2,hebbian,loss_free,23,0.054940760135650635
MNIST,small,42,1,a2,hebbian,loss_free,24,0.012888829223811626
MNIST,small,42,1,a2,hebbian,loss_free,25,0.05103859305381775
MNIST,small,42,1,a2,hebbian,loss_free,26,0.3315533995628357
MNIST,small,42,1,a2,hebbian,loss_free,27,0.053912028670310974
MNIST,small,42,1,a2,hebbian,loss_free,28,0.1989591419696808
MNIST,small,42,1,a2,hebbian,loss_free,29,0.05707912519574165
MNIST,small,42,1,a2,hebbian,loss_free,30,0.03965294361114502
MNIST,small,42,1,a2,hebbian,loss_free,31,0.07541047036647797
MNIST,small,42,1,a2,hebbian,loss_free,32,0.05815519765019417
MNIST,small,42,1,a2,hebbian,loss_free,33,0.02740170620381832
MNIST,small,42,1,a2,hebbian,loss_free,34,0.08366026729345322
MNIST,small,42,1,a2,hebbian,loss_free,35,0.03658180683851242
MNIST,small,42,1,a2,hebbian,loss_free,36,0.07959494739770889
MNIST,small,42,1,a2,hebbian,loss_free,37,0.08978390693664551
MNIST,small,42,1,a2,hebbian,loss_free,38,0.17021444439888
MNIST,small,42,1,a2,hebbian,loss_free,39,0.04053417965769768
MNIST,small,42,1,a2,hebbian,loss_free,40,0.214693084359169
MNIST,small,42,1,a2,hebbian,loss_free,41,0.0
MNIST,small,42,1,a2,hebbian,loss_free,42,0.23726485669612885
MNIST,small,42,1,a2,hebbian,loss_free,43,0.1002650037407875
MNIST,small,42,1,a2,hebbian,loss_free,44,0.0
MNIST,small,42,1,a2,hebbian,loss_free,45,0.06547306478023529
MNIST,small,42,1,a2,hebbian,loss_free,46,0.12102564424276352
MNIST,small,42,1,a2,hebbian,loss_free,47,0.1503506600856781
MNIST,small,42,1,a2,hebbian,loss_free,48,0.042487625032663345
MNIST,small,42,1,a2,hebbian,loss_free,49,0.11770407110452652
MNIST,small,42,1,a2,hebbian,loss_free,50,0.12139961868524551
MNIST,small,42,1,a2,hebbian,loss_free,51,0.04876740649342537
MNIST,small,42,1,a2,hebbian,loss_free,52,0.06341635435819626
MNIST,small,42,1,a2,hebbian,loss_free,53,0.0460495688021183
MNIST,small,42,1,a2,hebbian,loss_free,54,0.1262989640235901
MNIST,small,42,1,a2,hebbian,loss_free,55,0.04121290519833565
MNIST,small,42,1,a2,hebbian,loss_free,56,0.06618429720401764
MNIST,small,42,1,a2,hebbian,loss_free,57,0.13226120173931122
MNIST,small,42,1,a2,hebbian,loss_free,58,0.19333554804325104
MNIST,small,42,1,a2,hebbian,loss_free,59,0.16859720647335052
MNIST,small,42,1,a2,hebbian,loss_free,60,0.09592357277870178
MNIST,small,42,1,a2,hebbian,loss_free,61,0.03623757138848305
MNIST,small,42,1,a2,hebbian,loss_free,62,0.1250908523797989
MNIST,small,42,1,a2,hebbian,loss_free,63,0.17027416825294495
MNIST,small,42,1,a2,hebbian,loss_free,64,0.11739711463451385
MNIST,small,42,1,a2,hebbian,loss_free,65,0.0
MNIST,small,42,1,a2,hebbian,loss_free,66,0.04609733447432518
MNIST,small,42,1,a2,hebbian,loss_free,67,0.13046349585056305
MNIST,small,42,1,a2,hebbian,loss_free,68,0.05028387904167175
MNIST,small,42,1,a2,hebbian,loss_free,69,0.04030916839838028
MNIST,small,42,1,a2,hebbian,loss_free,70,0.02022288553416729
MNIST,small,42,1,a2,hebbian,loss_free,71,0.06758978962898254
MNIST,small,42,1,a2,hebbian,loss_free,72,0.0591522641479969
MNIST,small,42,1,a2,hebbian,loss_free,73,0.09506440907716751
MNIST,small,42,1,a2,hebbian,loss_free,74,0.10681110620498657
MNIST,small,42,1,a2,hebbian,loss_free,75,0.1755014806985855
MNIST,small,42,1,a2,hebbian,loss_free,76,0.03563275560736656
MNIST,small,42,1,a2,hebbian,loss_free,77,0.02816341258585453
MNIST,small,42,1,a2,hebbian,loss_free,78,0.056490458548069
MNIST,small,42,1,a2,hebbian,loss_free,79,0.05067931488156319
MNIST,small,42,1,a2,hebbian,loss_free,80,0.06186377629637718
MNIST,small,42,1,a2,hebbian,loss_free,81,0.03530730679631233
MNIST,small,42,1,a2,hebbian,loss_free,82,0.2141493409872055
MNIST,small,42,1,a2,hebbian,loss_free,83,0.01984250918030739
MNIST,small,42,1,a2,hebbian,loss_free,84,0.04165313020348549
MNIST,small,42,1,a2,hebbian,loss_free,85,0.08521237224340439
MNIST,small,42,1,a2,hebbian,loss_free,86,0.0
MNIST,small,42,1,a2,hebbian,loss_free,87,0.16514331102371216
MNIST,small,42,1,a2,hebbian,loss_free,88,0.24013006687164307
MNIST,small,42,1,a2,hebbian,loss_free,89,0.12200407683849335
MNIST,small,42,1,a2,hebbian,loss_free,90,0.22288087010383606
MNIST,small,42,1,a2,hebbian,loss_free,91,0.13163909316062927
MNIST,small,42,1,a2,hebbian,loss_free,92,0.14290615916252136
MNIST,small,42,1,a2,hebbian,loss_free,93,0.045921459794044495
MNIST,small,42,1,a2,hebbian,loss_free,94,0.13706253468990326
MNIST,small,42,1,a2,hebbian,loss_free,95,0.08597274869680405
MNIST,small,42,1,a2,hebbian,loss_free,96,0.029709110036492348
MNIST,small,42,1,a2,hebbian,loss_free,97,0.16195015609264374
MNIST,small,42,1,a2,hebbian,loss_free,98,0.08075346797704697
MNIST,small,42,1,a2,hebbian,loss_free,99,1.4471449958364246e-06
MNIST,small,42,1,a2,hebbian,loss_free,100,0.07242156565189362
MNIST,small,42,1,a2,hebbian,loss_free,101,0.09644047170877457
MNIST,small,42,1,a2,hebbian,loss_free,102,0.0028049545362591743
MNIST,small,42,1,a2,hebbian,loss_free,103,0.014363652095198631
MNIST,small,42,1,a2,hebbian,loss_free,104,0.20713619887828827
MNIST,small,42,1,a2,hebbian,loss_free,105,0.047926947474479675
MNIST,small,42,1,a2,hebbian,loss_free,106,0.0
MNIST,small,42,1,a2,hebbian,loss_free,107,0.07865473628044128
MNIST,small,42,1,a2,hebbian,loss_free,108,0.11544836312532425
MNIST,small,42,1,a2,hebbian,loss_free,109,0.19416166841983795
MNIST,small,42,1,a2,hebbian,loss_free,110,0.06974725425243378
MNIST,small,42,1,a2,hebbian,loss_free,111,0.07954993098974228
MNIST,small,42,1,a2,hebbian,loss_free,112,0.08876148611307144
MNIST,small,42,1,a2,hebbian,loss_free,113,0.02410733699798584
MNIST,small,42,1,a2,hebbian,loss_free,114,0.17481207847595215
MNIST,small,42,1,a2,hebbian,loss_free,115,0.15932253003120422
MNIST,small,42,1,a2,hebbian,loss_free,116,0.05775529891252518
MNIST,small,42,1,a2,hebbian,loss_free,117,0.06150694563984871
MNIST,small,42,1,a2,hebbian,loss_free,118,0.0
MNIST,small,42,1,a2,hebbian,loss_free,119,0.05553222820162773
MNIST,small,42,1,a2,hebbian,loss_free,120,0.1057654395699501
MNIST,small,42,1,a2,hebbian,loss_free,121,0.17760232090950012
MNIST,small,42,1,a2,hebbian,loss_free,122,0.082773856818676
MNIST,small,42,1,a2,hebbian,loss_free,123,0.08986401557922363
MNIST,small,42,1,a2,hebbian,loss_free,124,0.025522127747535706
MNIST,small,42,1,a2,hebbian,loss_free,125,0.1294432431459427
MNIST,small,42,1,a2,hebbian,loss_free,126,0.053948041051626205
MNIST,small,42,1,a2,hebbian,loss_free,127,0.09662666916847229
MNIST,small,42,1,a1,activation_fisher,loss_aware,0,0.0002556820691097528
MNIST,small,42,1,a1,activation_fisher,loss_aware,1,0.00015017618716228753
MNIST,small,42,1,a1,activation_fisher,loss_aware,2,9.533928096061572e-05
MNIST,small,42,1,a1,activation_fisher,loss_aware,3,0.00039646471850574017
MNIST,small,42,1,a1,activation_fisher,loss_aware,4,0.00010078340710606426
MNIST,small,42,1,a1,activation_fisher,loss_aware,5,0.0007106453413143754
MNIST,small,42,1,a1,activation_fisher,loss_aware,6,0.00064291269518435
MNIST,small,42,1,a1,activation_fisher,loss_aware,7,8.58839339343831e-05
MNIST,small,42,1,a1,activation_fisher,loss_aware,8,0.0001040586648741737
MNIST,small,42,1,a1,activation_fisher,loss_aware,9,0.00012631533900275826
MNIST,small,42,1,a1,activation_fisher,loss_aware,10,5.5993543355725706e-05
MNIST,small,42,1,a1,activation_fisher,loss_aware,11,0.00029488568543456495
MNIST,small,42,1,a1,activation_fisher,loss_aware,12,0.0009020777652040124
MNIST,small,42,1,a1,activation_fisher,loss_aware,13,9.025688632391393e-05
MNIST,small,42,1,a1,activation_fisher,loss_aware,14,0.0008054214413277805
MNIST,small,42,1,a1,activation_fisher,loss_aware,15,0.00015471385268028826
MNIST,small,42,1,a1,activation_fisher,loss_aware,16,0.000570506788790226
MNIST,small,42,1,a1,activation_fisher,loss_aware,17,0.0007525823311880231
MNIST,small,42,1,a1,activation_fisher,loss_aware,18,0.0003380360431037843
MNIST,small,42,1,a1,activation_fisher,loss_aware,19,0.00040453203837387264
MNIST,small,42,1,a1,activation_fisher,loss_aware,20,0.0005805086111649871
MNIST,small,42,1,a1,activation_fisher,loss_aware,21,0.0017366346437484026
MNIST,small,42,1,a1,activation_fisher,loss_aware,22,0.00032815444865264
MNIST,small,42,1,a1,activation_fisher,loss_aware,23,0.000552479294128716
MNIST,small,42,1,a1,activation_fisher,loss_aware,24,0.0
MNIST,small,42,1,a1,activation_fisher,loss_aware,25,7.159641245380044e-05
MNIST,small,42,1,a1,activation_fisher,loss_aware,26,0.000611131195910275
MNIST,small,42,1,a1,activation_fisher,loss_aware,27,0.0004185051657259464
MNIST,small,42,1,a1,activation_fisher,loss_aware,28,0.00018247614207211882
MNIST,small,42,1,a1,activation_fisher,loss_aware,29,0.00026056854403577745
MNIST,small,42,1,a1,activation_fisher,loss_aware,30,3.1567389669362456e-05
MNIST,small,42,1,a1,activation_fisher,loss_aware,31,3.835998541035224e-06
MNIST,small,42,1,a1,activation_fisher,loss_aware,32,2.990871962538222e-06
MNIST,small,42,1,a1,activation_fisher,loss_aware,33,8.263333438662812e-05
MNIST,small,42,1,a1,activation_fisher,loss_aware,34,0.0006475074915215373
MNIST,small,42,1,a1,activation_fisher,loss_aware,35,9.040853910846636e-05
MNIST,small,42,1,a1,activation_fisher,loss_aware,36,2.893865166697651e-05
MNIST,small,42,1,a1,activation_fisher,loss_aware,37,0.00012842437718063593
MNIST,small,42,1,a1,activation_fisher,loss_aware,38,0.00016903069627005607
MNIST,small,42,1,a1,activation_fisher,loss_aware,39,0.00017287810624111444
MNIST,small,42,1,a1,activation_fisher,loss_aware,40,0.00022559524222742766
MNIST,small,42,1,a1,activation_fisher,loss_aware,41,9.123655036091805e-05
MNIST,small,42,1,a1,activation_fisher,loss_aware,42,0.00011733406427083537
MNIST,small,42,1,a1,activation_fisher,loss_aware,43,0.004339790903031826
MNIST,small,42,1,a1,activation_fisher,loss_aware,44,2.429665437375661e-05
MNIST,small,42,1,a1,activation_fisher,loss_aware,45,0.0
MNIST,small,42,1,a1,activation_fisher,loss_aware,46,8.674328273627907e-05
MNIST,small,42,1,a1,activation_fisher,loss_aware,47,0.0002673644630704075
MNIST,small,42,1,a1,activation_fisher,loss_aware,48,0.0001128770672949031
MNIST,small,42,1,a1,activation_fisher,loss_aware,49,0.00029148097382858396
MNIST,small,42,1,a1,activation_fisher,loss_aware,50,8.935331425163895e-05
MNIST,small,42,1,a1,activation_fisher,loss_aware,51,2.502792631275952e-05
MNIST,small,42,1,a1,activation_fisher,loss_aware,52,0.0005333537701517344
MNIST,small,42,1,a1,activation_fisher,loss_aware,53,0.00024362489057239145
MNIST,small,42,1,a1,activation_fisher,loss_aware,54,3.610981730162166e-05
MNIST,small,42,1,a1,activation_fisher,loss_aware,55,0.00020429256255738437
MNIST,small,42,1,a1,activation_fisher,loss_aware,56,0.00015768776938784868
MNIST,small,42,1,a1,activation_fisher,loss_aware,57,0.00030048476764932275
MNIST,small,42,1,a1,activation_fisher,loss_aware,58,0.00012602198694366962
MNIST,small,42,1,a1,activation_fisher,loss_aware,59,0.0014471081085503101
MNIST,small,42,1,a1,activation_fisher,loss_aware,60,1.0682600986910984e-05
MNIST,small,42,1,a1,activation_fisher,loss_aware,61,0.0
MNIST,small,42,1,a1,activation_fisher,loss_aware,62,0.0024490586947649717
MNIST,small,42,1,a1,activation_fisher,loss_aware,63,0.0008985133026726544
MNIST,small,42,1,a1,activation_fisher,loss_aware,64,3.938872760045342e-05
MNIST,small,42,1,a1,activation_fisher,loss_aware,65,0.00015046913176774979
MNIST,small,42,1,a1,activation_fisher,loss_aware,66,0.0001373485429212451
MNIST,small,42,1,a1,activation_fisher,loss_aware,67,0.0001889713603304699
MNIST,small,42,1,a1,activation_fisher,loss_aware,68,0.001366576412692666
MNIST,small,42,1,a1,activation_fisher,loss_aware,69,0.00024274799216073006
MNIST,small,42,1,a1,activation_fisher,loss_aware,70,0.00030254607554525137
MNIST,small,42,1,a1,activation_fisher,loss_aware,71,0.0001960068184416741
MNIST,small,42,1,a1,activation_fisher,loss_aware,72,0.00017167854821309447
MNIST,small,42,1,a1,activation_fisher,loss_aware,73,5.514955773833208e-05
MNIST,small,42,1,a1,activation_fisher,loss_aware,74,0.0
MNIST,small,42,1,a1,activation_fisher,loss_aware,75,0.00012322209659032524
MNIST,small,42,1,a1,activation_fisher,loss_aware,76,0.0004972186870872974
MNIST,small,42,1,a1,activation_fisher,loss_aware,77,6.602358189411461e-05
MNIST,small,42,1,a1,activation_fisher,loss_aware,78,0.00033287680707871914
MNIST,small,42,1,a1,activation_fisher,loss_aware,79,0.0
MNIST,small,42,1,a1,activation_fisher,loss_aware,80,0.00035943486727774143
MNIST,small,42,1,a1,activation_fisher,loss_aware,81,0.00011842238018289208
MNIST,small,42,1,a1,activation_fisher,loss_aware,82,0.0005238892626948655
MNIST,small,42,1,a1,activation_fisher,loss_aware,83,0.00070092489477247
MNIST,small,42,1,a1,activation_fisher,loss_aware,84,8.574175808462314e-06
MNIST,small,42,1,a1,activation_fisher,loss_aware,85,0.00034310546470806
MNIST,small,42,1,a1,activation_fisher,loss_aware,86,0.0002540070563554764
MNIST,small,42,1,a1,activation_fisher,loss_aware,87,3.0159129892126657e-05
MNIST,small,42,1,a1,activation_fisher,loss_aware,88,0.0002852027537301183
MNIST,small,42,1,a1,activation_fisher,loss_aware,89,0.00022760528372600675
MNIST,small,42,1,a1,activation_fisher,loss_aware,90,0.000443219585577026
MNIST,small,42,1,a1,activation_fisher,loss_aware,91,0.0005436090868897736
MNIST,small,42,1,a1,activation_fisher,loss_aware,92,6.0894049966009334e-05
MNIST,small,42,1,a1,activation_fisher,loss_aware,93,0.0005355337052606046
MNIST,small,42,1,a1,activation_fisher,loss_aware,94,3.285444472567178e-05
MNIST,small,42,1,a1,activation_fisher,loss_aware,95,0.0006398940458893776
MNIST,small,42,1,a1,activation_fisher,loss_aware,96,0.0
MNIST,small,42,1,a1,activation_fisher,loss_aware,97,0.00042470372864045203
MNIST,small,42,1,a1,activation_fisher,loss_aware,98,0.0005158476415090263
MNIST,small,42,1,a1,activation_fisher,loss_aware,99,0.00036601530155166984
MNIST,small,42,1,a1,activation_fisher,loss_aware,100,0.00028652226319536567
MNIST,small,42,1,a1,activation_fisher,loss_aware,101,8.265451469924301e-05
MNIST,small,42,1,a1,activation_fisher,loss_aware,102,0.0003945644129998982
MNIST,small,42,1,a1,activation_fisher,loss_aware,103,0.0004898660117760301
MNIST,small,42,1,a1,activation_fisher,loss_aware,104,0.0
MNIST,small,42,1,a1,activation_fisher,loss_aware,105,1.0331425983167719e-05
MNIST,small,42,1,a1,activation_fisher,loss_aware,106,0.00011377021291991696
MNIST,small,42,1,a1,activation_fisher,loss_aware,107,0.0002851259778253734
MNIST,small,42,1,a1,activation_fisher,loss_aware,108,4.516644912655465e-05
MNIST,small,42,1,a1,activation_fisher,loss_aware,109,0.00031931366538628936
MNIST,small,42,1,a1,activation_fisher,loss_aware,110,0.0007942820666357875
MNIST,small,42,1,a1,activation_fisher,loss_aware,111,0.00029975047800689936
MNIST,small,42,1,a1,activation_fisher,loss_aware,112,8.332332072313875e-06
MNIST,small,42,1,a1,activation_fisher,loss_aware,113,0.0008693540585227311
MNIST,small,42,1,a1,activation_fisher,loss_aware,114,0.0005754034500569105
MNIST,small,42,1,a1,activation_fisher,loss_aware,115,0.00333402119576931
MNIST,small,42,1,a1,activation_fisher,loss_aware,116,0.0005267394590191543
MNIST,small,42,1,a1,activation_fisher,loss_aware,117,3.9213071431731805e-05
MNIST,small,42,1,a1,activation_fisher,loss_aware,118,7.2944958446896635e-06
MNIST,small,42,1,a1,activation_fisher,loss_aware,119,1.8454309611115605e-05
MNIST,small,42,1,a1,activation_fisher,loss_aware,120,9.693007450550795e-05
MNIST,small,42,1,a1,activation_fisher,loss_aware,121,8.074673678493127e-05
MNIST,small,42,1,a1,activation_fisher,loss_aware,122,3.909170118276961e-05
MNIST,small,42,1,a1,activation_fisher,loss_aware,123,6.45349282422103e-05
MNIST,small,42,1,a1,activation_fisher,loss_aware,124,0.00010757713607745245
MNIST,small,42,1,a1,activation_fisher,loss_aware,125,0.00035844993544742465
MNIST,small,42,1,a1,activation_fisher,loss_aware,126,0.0002269686374347657
MNIST,small,42,1,a1,activation_fisher,loss_aware,127,0.00027973324176855385
MNIST,small,42,1,a1,activation_fisher,loss_aware,128,0.0005055962828919291
MNIST,small,42,1,a1,activation_fisher,loss_aware,129,9.124369662605325e-12
MNIST,small,42,1,a1,activation_fisher,loss_aware,130,8.143073500832543e-05
MNIST,small,42,1,a1,activation_fisher,loss_aware,131,8.74269608175382e-05
MNIST,small,42,1,a1,activation_fisher,loss_aware,132,0.0003257768112234771
MNIST,small,42,1,a1,activation_fisher,loss_aware,133,0.0001415883016306907
MNIST,small,42,1,a1,activation_fisher,loss_aware,134,0.0
MNIST,small,42,1,a1,activation_fisher,loss_aware,135,0.0001439600600861013
MNIST,small,42,1,a1,activation_fisher,loss_aware,136,9.93002686300315e-05
MNIST,small,42,1,a1,activation_fisher,loss_aware,137,0.00045718811452388763
MNIST,small,42,1,a1,activation_fisher,loss_aware,138,3.373839717824012e-05
MNIST,small,42,1,a1,activation_fisher,loss_aware,139,6.942564505152404e-05
MNIST,small,42,1,a1,activation_fisher,loss_aware,140,0.00037567352410405874
MNIST,small,42,1,a1,activation_fisher,loss_aware,141,0.0
MNIST,small,42,1,a1,activation_fisher,loss_aware,142,0.00042564471368677914
MNIST,small,42,1,a1,activation_fisher,loss_aware,143,7.73702486185357e-05
MNIST,small,42,1,a1,activation_fisher,loss_aware,144,9.430562204215676e-05
MNIST,small,42,1,a1,activation_fisher,loss_aware,145,2.588858114904724e-05
MNIST,small,42,1,a1,activation_fisher,loss_aware,146,0.0003218802157789469
MNIST,small,42,1,a1,activation_fisher,loss_aware,147,0.00046252808533608913
MNIST,small,42,1,a1,activation_fisher,loss_aware,148,8.224095654441044e-05
MNIST,small,42,1,a1,activation_fisher,loss_aware,149,0.0003389168414287269
MNIST,small,42,1,a1,activation_fisher,loss_aware,150,0.0013147846329957247
MNIST,small,42,1,a1,activation_fisher,loss_aware,151,0.0002047521702479571
MNIST,small,42,1,a1,activation_fisher,loss_aware,152,0.00031229190062731504
MNIST,small,42,1,a1,activation_fisher,loss_aware,153,3.201996878487989e-05
MNIST,small,42,1,a1,activation_fisher,loss_aware,154,0.00031116168247535825
MNIST,small,42,1,a1,activation_fisher,loss_aware,155,4.75558772450313e-05
MNIST,small,42,1,a1,activation_fisher,loss_aware,156,0.00010639986430760473
MNIST,small,42,1,a1,activation_fisher,loss_aware,157,0.0007998569635674357
MNIST,small,42,1,a1,activation_fisher,loss_aware,158,0.00039114305400289595
MNIST,small,42,1,a1,activation_fisher,loss_aware,159,0.00020956045773345977
MNIST,small,42,1,a1,activation_fisher,loss_aware,160,0.00019625255663413554
MNIST,small,42,1,a1,activation_fisher,loss_aware,161,4.326185808167793e-05
MNIST,small,42,1,a1,activation_fisher,loss_aware,162,0.00025432041729800403
MNIST,small,42,1,a1,activation_fisher,loss_aware,163,4.5896620576968417e-05
MNIST,small,42,1,a1,activation_fisher,loss_aware,164,0.0006774028297513723
MNIST,small,42,1,a1,activation_fisher,loss_aware,165,0.0004751930246129632
MNIST,small,42,1,a1,activation_fisher,loss_aware,166,0.00020114294602535665
MNIST,small,42,1,a1,activation_fisher,loss_aware,167,0.0007402116898447275
MNIST,small,42,1,a1,activation_fisher,loss_aware,168,0.0011925054714083672
MNIST,small,42,1,a1,activation_fisher,loss_aware,169,1.3376162314671092e-05
MNIST,small,42,1,a1,activation_fisher,loss_aware,170,0.00033201955375261605
MNIST,small,42,1,a1,activation_fisher,loss_aware,171,0.0002468398306518793
MNIST,small,42,1,a1,activation_fisher,loss_aware,172,0.00032411946449428797
MNIST,small,42,1,a1,activation_fisher,loss_aware,173,0.0002683041093405336
MNIST,small,42,1,a1,activation_fisher,loss_aware,174,0.0019158481154590845
MNIST,small,42,1,a1,activation_fisher,loss_aware,175,7.595451461384073e-05
MNIST,small,42,1,a1,activation_fisher,loss_aware,176,0.00020424417743925005
MNIST,small,42,1,a1,activation_fisher,loss_aware,177,2.498755384294782e-05
MNIST,small,42,1,a1,activation_fisher,loss_aware,178,0.0001004858931992203
MNIST,small,42,1,a1,activation_fisher,loss_aware,179,9.391762432642281e-05
MNIST,small,42,1,a1,activation_fisher,loss_aware,180,0.00011421569797676057
MNIST,small,42,1,a1,activation_fisher,loss_aware,181,0.0004154413181822747
MNIST,small,42,1,a1,activation_fisher,loss_aware,182,0.0003510527894832194
MNIST,small,42,1,a1,activation_fisher,loss_aware,183,0.001014098059386015
MNIST,small,42,1,a1,activation_fisher,loss_aware,184,0.00027636782033368945
MNIST,small,42,1,a1,activation_fisher,loss_aware,185,0.001529607456177473
MNIST,small,42,1,a1,activation_fisher,loss_aware,186,0.00013764796312898397
MNIST,small,42,1,a1,activation_fisher,loss_aware,187,0.00012740943930111825
MNIST,small,42,1,a1,activation_fisher,loss_aware,188,0.0001629756297916174
MNIST,small,42,1,a1,activation_fisher,loss_aware,189,0.0005011798930354416
MNIST,small,42,1,a1,activation_fisher,loss_aware,190,0.00019552052253857255
MNIST,small,42,1,a1,activation_fisher,loss_aware,191,0.0001413773570675403
MNIST,small,42,1,a1,activation_fisher,loss_aware,192,0.0005234370473772287
MNIST,small,42,1,a1,activation_fisher,loss_aware,193,0.00022382661700248718
MNIST,small,42,1,a1,activation_fisher,loss_aware,194,0.00042646925430744886
MNIST,small,42,1,a1,activation_fisher,loss_aware,195,0.00015955309208948165
MNIST,small,42,1,a1,activation_fisher,loss_aware,196,0.0005360184004530311
MNIST,small,42,1,a1,activation_fisher,loss_aware,197,0.0003898858849424869
MNIST,small,42,1,a1,activation_fisher,loss_aware,198,0.00012159053585492074
MNIST,small,42,1,a1,activation_fisher,loss_aware,199,0.0002160955045837909
MNIST,small,42,1,a1,activation_fisher,loss_aware,200,0.00024614890571683645
MNIST,small,42,1,a1,activation_fisher,loss_aware,201,0.0004975617048330605
MNIST,small,42,1,a1,activation_fisher,loss_aware,202,0.00018210058624390513
MNIST,small,42,1,a1,activation_fisher,loss_aware,203,6.7017645051237196e-06
MNIST,small,42,1,a1,activation_fisher,loss_aware,204,1.0250385003018891e-06
MNIST,small,42,1,a1,activation_fisher,loss_aware,205,0.0004364187770988792
MNIST,small,42,1,a1,activation_fisher,loss_aware,206,2.6150179110118188e-05
MNIST,small,42,1,a1,activation_fisher,loss_aware,207,0.00015975683345459402
MNIST,small,42,1,a1,activation_fisher,loss_aware,208,0.0007549067959189415
MNIST,small,42,1,a1,activation_fisher,loss_aware,209,0.00017201881564687937
MNIST,small,42,1,a1,activation_fisher,loss_aware,210,4.6096327423583716e-05
MNIST,small,42,1,a1,activation_fisher,loss_aware,211,4.8496069211978465e-05
MNIST,small,42,1,a1,activation_fisher,loss_aware,212,0.00011236188584007323
MNIST,small,42,1,a1,activation_fisher,loss_aware,213,0.00013986462727189064
MNIST,small,42,1,a1,activation_fisher,loss_aware,214,7.458605978172272e-05
MNIST,small,42,1,a1,activation_fisher,loss_aware,215,0.0
MNIST,small,42,1,a1,activation_fisher,loss_aware,216,6.940831372048706e-05
MNIST,small,42,1,a1,activation_fisher,loss_aware,217,5.747586692450568e-05
MNIST,small,42,1,a1,activation_fisher,loss_aware,218,0.0004131256719119847
MNIST,small,42,1,a1,activation_fisher,loss_aware,219,8.928374882088974e-05
MNIST,small,42,1,a1,activation_fisher,loss_aware,220,0.00023395837342832237
MNIST,small,42,1,a1,activation_fisher,loss_aware,221,7.239831757033244e-05
MNIST,small,42,1,a1,activation_fisher,loss_aware,222,0.00021083989122416824
MNIST,small,42,1,a1,activation_fisher,loss_aware,223,0.0004696546238847077
MNIST,small,42,1,a1,activation_fisher,loss_aware,224,0.0027297725901007652
MNIST,small,42,1,a1,activation_fisher,loss_aware,225,0.0004519798676483333
MNIST,small,42,1,a1,activation_fisher,loss_aware,226,0.00043878366705030203
MNIST,small,42,1,a1,activation_fisher,loss_aware,227,5.8420642744749784e-05
MNIST,small,42,1,a1,activation_fisher,loss_aware,228,0.00040200742660090327
MNIST,small,42,1,a1,activation_fisher,loss_aware,229,0.00021833888604305685
MNIST,small,42,1,a1,activation_fisher,loss_aware,230,6.958318408578634e-05
MNIST,small,42,1,a1,activation_fisher,loss_aware,231,0.0008598921122029424
MNIST,small,42,1,a1,activation_fisher,loss_aware,232,8.563147275708616e-05
MNIST,small,42,1,a1,activation_fisher,loss_aware,233,4.643577631213702e-05
MNIST,small,42,1,a1,activation_fisher,loss_aware,234,0.0003423180023673922
MNIST,small,42,1,a1,activation_fisher,loss_aware,235,0.00015218280896078795
MNIST,small,42,1,a1,activation_fisher,loss_aware,236,0.000692136469297111
MNIST,small,42,1,a1,activation_fisher,loss_aware,237,0.0004786974168382585
MNIST,small,42,1,a1,activation_fisher,loss_aware,238,0.0006286929710768163
MNIST,small,42,1,a1,activation_fisher,loss_aware,239,3.159526386298239e-05
MNIST,small,42,1,a1,activation_fisher,loss_aware,240,9.268598660128191e-05
MNIST,small,42,1,a1,activation_fisher,loss_aware,241,0.00044941389933228493
MNIST,small,42,1,a1,activation_fisher,loss_aware,242,0.00047163880662992597
MNIST,small,42,1,a1,activation_fisher,loss_aware,243,0.00016431862604804337
MNIST,small,42,1,a1,activation_fisher,loss_aware,244,0.00036180095048621297
MNIST,small,42,1,a1,activation_fisher,loss_aware,245,0.00016076027532108128
MNIST,small,42,1,a1,activation_fisher,loss_aware,246,0.0003727966104634106
MNIST,small,42,1,a1,activation_fisher,loss_aware,247,0.0006981156184338033
MNIST,small,42,1,a1,activation_fisher,loss_aware,248,0.00019857229199260473
MNIST,small,42,1,a1,activation_fisher,loss_aware,249,0.0
MNIST,small,42,1,a1,activation_fisher,loss_aware,250,0.00017317544552497566
MNIST,small,42,1,a1,activation_fisher,loss_aware,251,0.0003518022713251412
MNIST,small,42,1,a1,activation_fisher,loss_aware,252,0.00024159920576494187
MNIST,small,42,1,a1,activation_fisher,loss_aware,253,0.0003204226086381823
MNIST,small,42,1,a1,activation_fisher,loss_aware,254,5.262890044832602e-05
MNIST,small,42,1,a1,activation_fisher,loss_aware,255,0.00014252375694923103
MNIST,small,42,1,a2,activation_fisher,loss_aware,0,0.0006459199939854443
MNIST,small,42,1,a2,activation_fisher,loss_aware,1,0.0004776465939357877
MNIST,small,42,1,a2,activation_fisher,loss_aware,2,0.0006786061567254364
MNIST,small,42,1,a2,activation_fisher,loss_aware,3,0.000246153911575675
MNIST,small,42,1,a2,activation_fisher,loss_aware,4,0.00045734905870631337
MNIST,small,42,1,a2,activation_fisher,loss_aware,5,0.0002807540004141629
MNIST,small,42,1,a2,activation_fisher,loss_aware,6,0.0004760657320730388
MNIST,small,42,1,a2,activation_fisher,loss_aware,7,0.00012906527263112366
MNIST,small,42,1,a2,activation_fisher,loss_aware,8,0.0011225345078855753
MNIST,small,42,1,a2,activation_fisher,loss_aware,9,0.0001250199566129595
MNIST,small,42,1,a2,activation_fisher,loss_aware,10,9.233551099896431e-05
MNIST,small,42,1,a2,activation_fisher,loss_aware,11,0.0002226976357633248
MNIST,small,42,1,a2,activation_fisher,loss_aware,12,0.002095248783007264
MNIST,small,42,1,a2,activation_fisher,loss_aware,13,0.0006273197941482067
MNIST,small,42,1,a2,activation_fisher,loss_aware,14,0.0006751978071406484
MNIST,small,42,1,a2,activation_fisher,loss_aware,15,0.0008553488296456635
MNIST,small,42,1,a2,activation_fisher,loss_aware,16,0.00029474019538611174
MNIST,small,42,1,a2,activation_fisher,loss_aware,17,0.0005061154952272773
MNIST,small,42,1,a2,activation_fisher,loss_aware,18,0.0005455090431496501
MNIST,small,42,1,a2,activation_fisher,loss_aware,19,0.0004915212048217654
MNIST,small,42,1,a2,activation_fisher,loss_aware,20,0.00014284283679444343
MNIST,small,42,1,a2,activation_fisher,loss_aware,21,0.00027616601437330246
MNIST,small,42,1,a2,activation_fisher,loss_aware,22,0.0009555889992043376
MNIST,small,42,1,a2,activation_fisher,loss_aware,23,0.00021672932780347764
MNIST,small,42,1,a2,activation_fisher,loss_aware,24,0.00011109228944405913
MNIST,small,42,1,a2,activation_fisher,loss_aware,25,7.35645808163099e-05
MNIST,small,42,1,a2,activation_fisher,loss_aware,26,0.0008422303362749517
MNIST,small,42,1,a2,activation_fisher,loss_aware,27,0.000691866734996438
MNIST,small,42,1,a2,activation_fisher,loss_aware,28,0.001138100167736411
MNIST,small,42,1,a2,activation_fisher,loss_aware,29,0.00024155579740181565
MNIST,small,42,1,a2,activation_fisher,loss_aware,30,0.00039201806066557765
MNIST,small,42,1,a2,activation_fisher,loss_aware,31,0.0005051570478826761
MNIST,small,42,1,a2,activation_fisher,loss_aware,32,0.00022084105876274407
MNIST,small,42,1,a2,activation_fisher,loss_aware,33,0.00014320990885607898
MNIST,small,42,1,a2,activation_fisher,loss_aware,34,0.00040855747647583485
MNIST,small,42,1,a2,activation_fisher,loss_aware,35,4.884576264885254e-05
MNIST,small,42,1,a2,activation_fisher,loss_aware,36,0.0012390927877277136
MNIST,small,42,1,a2,activation_fisher,loss_aware,37,0.00041318079456686974
MNIST,small,42,1,a2,activation_fisher,loss_aware,38,0.0010380663443356752
MNIST,small,42,1,a2,activation_fisher,loss_aware,39,0.0005745663656853139
MNIST,small,42,1,a2,activation_fisher,loss_aware,40,0.0008287037489935756
MNIST,small,42,1,a2,activation_fisher,loss_aware,41,0.0
MNIST,small,42,1,a2,activation_fisher,loss_aware,42,0.0010300729190930724
MNIST,small,42,1,a2,activation_fisher,loss_aware,43,0.00036277627805247903
MNIST,small,42,1,a2,activation_fisher,loss_aware,44,0.0
MNIST,small,42,1,a2,activation_fisher,loss_aware,45,0.0002860694075934589
MNIST,small,42,1,a2,activation_fisher,loss_aware,46,0.0005823332467116416
MNIST,small,42,1,a2,activation_fisher,loss_aware,47,0.0008795556495897472
MNIST,small,42,1,a2,activation_fisher,loss_aware,48,0.00032597198151052
MNIST,small,42,1,a2,activation_fisher,loss_aware,49,0.0003888584324158728
MNIST,small,42,1,a2,activation_fisher,loss_aware,50,0.0007668132311664522
MNIST,small,42,1,a2,activation_fisher,loss_aware,51,0.0002091978385578841
MNIST,small,42,1,a2,activation_fisher,loss_aware,52,0.00028150013531558216
MNIST,small,42,1,a2,activation_fisher,loss_aware,53,0.00013161933748051524
MNIST,small,42,1,a2,activation_fisher,loss_aware,54,0.0011055413633584976
MNIST,small,42,1,a2,activation_fisher,loss_aware,55,0.0003165031666867435
MNIST,small,42,1,a2,activation_fisher,loss_aware,56,0.00045682518975809216
MNIST,small,42,1,a2,activation_fisher,loss_aware,57,0.0006274019833654165
MNIST,small,42,1,a2,activation_fisher,loss_aware,58,0.0011774690356105566
MNIST,small,42,1,a2,activation_fisher,loss_aware,59,0.0006587223615497351
MNIST,small,42,1,a2,activation_fisher,loss_aware,60,0.0005053298664279282
MNIST,small,42,1,a2,activation_fisher,loss_aware,61,0.00015311587776523083
MNIST,small,42,1,a2,activation_fisher,loss_aware,62,0.00016604969277977943
MNIST,small,42,1,a2,activation_fisher,loss_aware,63,0.0002593807294033468
MNIST,small,42,1,a2,activation_fisher,loss_aware,64,0.0004815551801584661
MNIST,small,42,1,a2,activation_fisher,loss_aware,65,0.0
MNIST,small,42,1,a2,activation_fisher,loss_aware,66,0.00034533374127931893
MNIST,small,42,1,a2,activation_fisher,loss_aware,67,0.0005002275574952364
MNIST,small,42,1,a2,activation_fisher,loss_aware,68,4.022970097139478e-05
MNIST,small,42,1,a2,activation_fisher,loss_aware,69,0.00040985873783938587
MNIST,small,42,1,a2,activation_fisher,loss_aware,70,0.0002511001948732883
MNIST,small,42,1,a2,activation_fisher,loss_aware,71,0.000177574300323613
MNIST,small,42,1,a2,activation_fisher,loss_aware,72,0.000279713305644691
MNIST,small,42,1,a2,activation_fisher,loss_aware,73,0.0006539867608807981
MNIST,small,42,1,a2,activation_fisher,loss_aware,74,0.0004631535557564348
MNIST,small,42,1,a2,activation_fisher,loss_aware,75,0.0007905025267973542
MNIST,small,42,1,a2,activation_fisher,loss_aware,76,0.00014355042367242277
MNIST,small,42,1,a2,activation_fisher,loss_aware,77,0.00010600703535601497
MNIST,small,42,1,a2,activation_fisher,loss_aware,78,0.00014793314039707184
MNIST,small,42,1,a2,activation_fisher,loss_aware,79,0.00024535483680665493
MNIST,small,42,1,a2,activation_fisher,loss_aware,80,0.00015063889441080391
MNIST,small,42,1,a2,activation_fisher,loss_aware,81,0.0003061058814637363
MNIST,small,42,1,a2,activation_fisher,loss_aware,82,0.0002451982581987977
MNIST,small,42,1,a2,activation_fisher,loss_aware,83,0.00018346203432884067
MNIST,small,42,1,a2,activation_fisher,loss_aware,84,0.0005461163236759603
MNIST,small,42,1,a2,activation_fisher,loss_aware,85,0.000435040972661227
MNIST,small,42,1,a2,activation_fisher,loss_aware,86,0.0
MNIST,small,42,1,a2,activation_fisher,loss_aware,87,0.0006955858552828431
MNIST,small,42,1,a2,activation_fisher,loss_aware,88,0.000496492488309741
MNIST,small,42,1,a2,activation_fisher,loss_aware,89,0.0011030785972252488
MNIST,small,42,1,a2,activation_fisher,loss_aware,90,0.0002056007506325841
MNIST,small,42,1,a2,activation_fisher,loss_aware,91,0.0005879991222172976
MNIST,small,42,1,a2,activation_fisher,loss_aware,92,0.00032304198248311877
MNIST,small,42,1,a2,activation_fisher,loss_aware,93,1.838390016928315e-05
MNIST,small,42,1,a2,activation_fisher,loss_aware,94,0.0005913102068006992
MNIST,small,42,1,a2,activation_fisher,loss_aware,95,0.00024062667216639966
MNIST,small,42,1,a2,activation_fisher,loss_aware,96,0.00011064620048273355
MNIST,small,42,1,a2,activation_fisher,loss_aware,97,0.0008847526041790843
MNIST,small,42,1,a2,activation_fisher,loss_aware,98,0.0004225900920573622
MNIST,small,42,1,a2,activation_fisher,loss_aware,99,2.5933596936589254e-10
MNIST,small,42,1,a2,activation_fisher,loss_aware,100,0.0005387046840041876
MNIST,small,42,1,a2,activation_fisher,loss_aware,101,0.00041373298154212534
MNIST,small,42,1,a2,activation_fisher,loss_aware,102,3.634167342170258e-06
MNIST,small,42,1,a2,activation_fisher,loss_aware,103,0.0003221231163479388
MNIST,small,42,1,a2,activation_fisher,loss_aware,104,0.0007288111373782158
MNIST,small,42,1,a2,activation_fisher,loss_aware,105,0.0005788481212221086
MNIST,small,42,1,a2,activation_fisher,loss_aware,106,0.0
MNIST,small,42,1,a2,activation_fisher,loss_aware,107,0.00046058156294748187
MNIST,small,42,1,a2,activation_fisher,loss_aware,108,0.001073183724656701
MNIST,small,42,1,a2,activation_fisher,loss_aware,109,0.0009215518366545439
MNIST,small,42,1,a2,activation_fisher,loss_aware,110,0.00037347798934206367
MNIST,small,42,1,a2,activation_fisher,loss_aware,111,0.0006849386263638735
MNIST,small,42,1,a2,activation_fisher,loss_aware,112,0.000656967400573194
MNIST,small,42,1,a2,activation_fisher,loss_aware,113,0.00031855719862505794
MNIST,small,42,1,a2,activation_fisher,loss_aware,114,0.0002831616438925266
MNIST,small,42,1,a2,activation_fisher,loss_aware,115,0.002184981480240822
MNIST,small,42,1,a2,activation_fisher,loss_aware,116,0.0006220616050995886
MNIST,small,42,1,a2,activation_fisher,loss_aware,117,0.0001646749587962404
MNIST,small,42,1,a2,activation_fisher,loss_aware,118,0.0
MNIST,small,42,1,a2,activation_fisher,loss_aware,119,0.00015777193766552955
MNIST,small,42,1,a2,activation_fisher,loss_aware,120,0.0002412579779047519
MNIST,small,42,1,a2,activation_fisher,loss_aware,121,0.0006816238164901733
MNIST,small,42,1,a2,activation_fisher,loss_aware,122,0.00010222058335784823
MNIST,small,42,1,a2,activation_fisher,loss_aware,123,0.0005798224592581391
MNIST,small,42,1,a2,activation_fisher,loss_aware,124,0.0002170102234231308
MNIST,small,42,1,a2,activation_fisher,loss_aware,125,0.001898287096992135
MNIST,small,42,1,a2,activation_fisher,loss_aware,126,7.391699182335287e-05
MNIST,small,42,1,a2,activation_fisher,loss_aware,127,0.000400284567149356
MNIST,small,42,1,a1,weight_fisher,loss_aware,0,1.1027086657122709e-06
MNIST,small,42,1,a1,weight_fisher,loss_aware,1,1.7085219496948412e-06
MNIST,small,42,1,a1,weight_fisher,loss_aware,2,7.229263587760215e-07
MNIST,small,42,1,a1,weight_fisher,loss_aware,3,1.6671024241077248e-06
MNIST,small,42,1,a1,weight_fisher,loss_aware,4,9.504920512881654e-07
MNIST,small,42,1,a1,weight_fisher,loss_aware,5,3.6498636291071307e-06
MNIST,small,42,1,a1,weight_fisher,loss_aware,6,1.825958634071867e-06
MNIST,small,42,1,a1,weight_fisher,loss_aware,7,5.117457249070867e-07
MNIST,small,42,1,a1,weight_fisher,loss_aware,8,7.794407110850443e-07
MNIST,small,42,1,a1,weight_fisher,loss_aware,9,1.604967906132515e-06
MNIST,small,42,1,a1,weight_fisher,loss_aware,10,4.2103368969037547e-07
MNIST,small,42,1,a1,weight_fisher,loss_aware,11,1.44731836826395e-06
MNIST,small,42,1,a1,weight_fisher,loss_aware,12,3.8014145502529573e-06
MNIST,small,42,1,a1,weight_fisher,loss_aware,13,7.425682042594417e-07
MNIST,small,42,1,a1,weight_fisher,loss_aware,14,1.966061972780153e-06
MNIST,small,42,1,a1,weight_fisher,loss_aware,15,1.4024632264408865e-06
MNIST,small,42,1,a1,weight_fisher,loss_aware,16,3.1726283395983046e-06
MNIST,small,42,1,a1,weight_fisher,loss_aware,17,1.8895700577559182e-06
MNIST,small,42,1,a1,weight_fisher,loss_aware,18,2.696042201932869e-06
MNIST,small,42,1,a1,weight_fisher,loss_aware,19,2.6703110052039847e-06
MNIST,small,42,1,a1,weight_fisher,loss_aware,20,2.2565141080121975e-06
MNIST,small,42,1,a1,weight_fisher,loss_aware,21,3.6314015687821666e-06
MNIST,small,42,1,a1,weight_fisher,loss_aware,22,8.116622893794556e-07
MNIST,small,42,1,a1,weight_fisher,loss_aware,23,2.1350451788748614e-06
MNIST,small,42,1,a1,weight_fisher,loss_aware,24,0.0
MNIST,small,42,1,a1,weight_fisher,loss_aware,25,9.930363376042806e-07
MNIST,small,42,1,a1,weight_fisher,loss_aware,26,4.214102773403283e-06
MNIST,small,42,1,a1,weight_fisher,loss_aware,27,1.5643317965441383e-06
MNIST,small,42,1,a1,weight_fisher,loss_aware,28,5.842340442541172e-07
MNIST,small,42,1,a1,weight_fisher,loss_aware,29,2.0072563984285807e-06
MNIST,small,42,1,a1,weight_fisher,loss_aware,30,4.2769579522428103e-07
MNIST,small,42,1,a1,weight_fisher,loss_aware,31,3.3908627017353865e-08
MNIST,small,42,1,a1,weight_fisher,loss_aware,32,8.54197281796587e-08
MNIST,small,42,1,a1,weight_fisher,loss_aware,33,5.728987275688269e-07
MNIST,small,42,1,a1,weight_fisher,loss_aware,34,3.95967344957171e-06
MNIST,small,42,1,a1,weight_fisher,loss_aware,35,7.054030675135436e-07
MNIST,small,42,1,a1,weight_fisher,loss_aware,36,3.6043161344423424e-07
MNIST,small,42,1,a1,weight_fisher,loss_aware,37,1.157436599896755e-06
MNIST,small,42,1,a1,weight_fisher,loss_aware,38,5.540738925446931e-07
MNIST,small,42,1,a1,weight_fisher,loss_aware,39,1.7370759906043531e-06
MNIST,small,42,1,a1,weight_fisher,loss_aware,40,1.5716984762548236e-06
MNIST,small,42,1,a1,weight_fisher,loss_aware,41,5.087135832582135e-07
MNIST,small,42,1,a1,weight_fisher,loss_aware,42,1.5029356745799305e-06
MNIST,small,42,1,a1,weight_fisher,loss_aware,43,7.812424883013591e-06
MNIST,small,42,1,a1,weight_fisher,loss_aware,44,1.906200424173221e-07
MNIST,small,42,1,a1,weight_fisher,loss_aware,45,0.0
MNIST,small,42,1,a1,weight_fisher,loss_aware,46,1.0023620689025847e-06
MNIST,small,42,1,a1,weight_fisher,loss_aware,47,1.8768228073895443e-06
MNIST,small,42,1,a1,weight_fisher,loss_aware,48,7.913362196632079e-07
MNIST,small,42,1,a1,weight_fisher,loss_aware,49,8.314217438964988e-07
MNIST,small,42,1,a1,weight_fisher,loss_aware,50,4.5973979467817117e-07
MNIST,small,42,1,a1,weight_fisher,loss_aware,51,4.4331505932859727e-07
MNIST,small,42,1,a1,weight_fisher,loss_aware,52,2.5668223315733485e-06
MNIST,small,42,1,a1,weight_fisher,loss_aware,53,7.335473810599069e-07
MNIST,small,42,1,a1,weight_fisher,loss_aware,54,1.2011662420263747e-07
MNIST,small,42,1,a1,weight_fisher,loss_aware,55,9.148502613243181e-07
MNIST,small,42,1,a1,weight_fisher,loss_aware,56,1.4370268672792008e-06
MNIST,small,42,1,a1,weight_fisher,loss_aware,57,1.2651073575398186e-06
MNIST,small,42,1,a1,weight_fisher,loss_aware,58,3.712243312747887e-07
MNIST,small,42,1,a1,weight_fisher,loss_aware,59,4.632514446711866e-06
MNIST,small,42,1,a1,weight_fisher,loss_aware,60,1.658534074522322e-07
MNIST,small,42,1,a1,weight_fisher,loss_aware,61,0.0
MNIST,small,42,1,a1,weight_fisher,loss_aware,62,5.630370651488192e-06
MNIST,small,42,1,a1,weight_fisher,loss_aware,63,3.0367104955075774e-06
MNIST,small,42,1,a1,weight_fisher,loss_aware,64,3.7097589711265755e-07
MNIST,small,42,1,a1,weight_fisher,loss_aware,65,1.1042463938792935e-06
MNIST,small,42,1,a1,weight_fisher,loss_aware,66,1.7841789485828485e-06
MNIST,small,42,1,a1,weight_fisher,loss_aware,67,1.469004700993537e-06
MNIST,small,42,1,a1,weight_fisher,loss_aware,68,3.0532364689861424e-06
MNIST,small,42,1,a1,weight_fisher,loss_aware,69,7.97145389697107e-07
MNIST,small,42,1,a1,weight_fisher,loss_aware,70,2.750070962065365e-06
MNIST,small,42,1,a1,weight_fisher,loss_aware,71,8.842299621392158e-07
MNIST,small,42,1,a1,weight_fisher,loss_aware,72,8.907458095563925e-07
MNIST,small,42,1,a1,weight_fisher,loss_aware,73,3.778783366215066e-07
MNIST,small,42,1,a1,weight_fisher,loss_aware,74,0.0
MNIST,small,42,1,a1,weight_fisher,loss_aware,75,1.0239825769531308e-06
MNIST,small,42,1,a1,weight_fisher,loss_aware,76,3.923473286704393e-06
MNIST,small,42,1,a1,weight_fisher,loss_aware,77,6.1272567108972e-07
MNIST,small,42,1,a1,weight_fisher,loss_aware,78,1.3730560795011115e-06
MNIST,small,42,1,a1,weight_fisher,loss_aware,79,0.0
MNIST,small,42,1,a1,weight_fisher,loss_aware,80,2.2476874619314913e-06
MNIST,small,42,1,a1,weight_fisher,loss_aware,81,7.529934009653516e-07
MNIST,small,42,1,a1,weight_fisher,loss_aware,82,1.4777535852772417e-06
MNIST,small,42,1,a1,weight_fisher,loss_aware,83,5.386417342378991e-06
MNIST,small,42,1,a1,weight_fisher,loss_aware,84,2.2548218225892924e-07
MNIST,small,42,1,a1,weight_fisher,loss_aware,85,1.8099572116625495e-06
MNIST,small,42,1,a1,weight_fisher,loss_aware,86,1.7820084394770674e-06
MNIST,small,42,1,a1,weight_fisher,loss_aware,87,3.9066600265869056e-07
MNIST,small,42,1,a1,weight_fisher,loss_aware,88,8.587595061726461e-07
MNIST,small,42,1,a1,weight_fisher,loss_aware,89,9.561269962432561e-07
MNIST,small,42,1,a1,weight_fisher,loss_aware,90,1.926594904944068e-06
MNIST,small,42,1,a1,weight_fisher,loss_aware,91,3.2663122055964777e-06
MNIST,small,42,1,a1,weight_fisher,loss_aware,92,4.79754646676156e-07
MNIST,small,42,1,a1,weight_fisher,loss_aware,93,1.701024984868127e-06
MNIST,small,42,1,a1,weight_fisher,loss_aware,94,1.4560021099896403e-07
MNIST,small,42,1,a1,weight_fisher,loss_aware,95,2.8589922749233665e-06
MNIST,small,42,1,a1,weight_fisher,loss_aware,96,0.0
MNIST,small,42,1,a1,weight_fisher,loss_aware,97,1.8237783478980418e-06
MNIST,small,42,1,a1,weight_fisher,loss_aware,98,2.7392984520702157e-06
MNIST,small,42,1,a1,weight_fisher,loss_aware,99,2.906893996623694e-06
MNIST,small,42,1,a1,weight_fisher,loss_aware,100,1.2484408671298297e-06
MNIST,small,42,1,a1,weight_fisher,loss_aware,101,1.5009640037533245e-06
MNIST,small,42,1,a1,weight_fisher,loss_aware,102,2.827359594448353e-06
MNIST,small,42,1,a1,weight_fisher,loss_aware,103,1.303857288803556e-06
MNIST,small,42,1,a1,weight_fisher,loss_aware,104,0.0
MNIST,small,42,1,a1,weight_fisher,loss_aware,105,6.207386604728526e-08
MNIST,small,42,1,a1,weight_fisher,loss_aware,106,9.392558695253683e-07
MNIST,small,42,1,a1,weight_fisher,loss_aware,107,1.4155361895973329e-06
MNIST,small,42,1,a1,weight_fisher,loss_aware,108,3.8570743754462455e-07
MNIST,small,42,1,a1,weight_fisher,loss_aware,109,2.0123718513787026e-06
MNIST,small,42,1,a1,weight_fisher,loss_aware,110,3.2066661788121564e-06
MNIST,small,42,1,a1,weight_fisher,loss_aware,111,1.2540801890281728e-06
MNIST,small,42,1,a1,weight_fisher,loss_aware,112,2.693145120247209e-07
MNIST,small,42,1,a1,weight_fisher,loss_aware,113,5.88613102081581e-06
MNIST,small,42,1,a1,weight_fisher,loss_aware,114,1.297522089771519e-06
MNIST,small,42,1,a1,weight_fisher,loss_aware,115,4.123943654121831e-06
MNIST,small,42,1,a1,weight_fisher,loss_aware,116,2.474554548825836e-06
MNIST,small,42,1,a1,weight_fisher,loss_aware,117,2.032238626270555e-07
MNIST,small,42,1,a1,weight_fisher,loss_aware,118,8.768807902015396e-08
MNIST,small,42,1,a1,weight_fisher,loss_aware,119,4.4571859802999825e-07
MNIST,small,42,1,a1,weight_fisher,loss_aware,120,6.495302500297839e-07
MNIST,small,42,1,a1,weight_fisher,loss_aware,121,8.278612426693144e-07
MNIST,small,42,1,a1,weight_fisher,loss_aware,122,4.5999422582099214e-07
MNIST,small,42,1,a1,weight_fisher,loss_aware,123,5.109768039801565e-07
MNIST,small,42,1,a1,weight_fisher,loss_aware,124,8.984274586509855e-07
MNIST,small,42,1,a1,weight_fisher,loss_aware,125,9.948066690412816e-07
MNIST,small,42,1,a1,weight_fisher,loss_aware,126,2.135655449819751e-06
MNIST,small,42,1,a1,weight_fisher,loss_aware,127,1.1721992905222578e-06
MNIST,small,42,1,a1,weight_fisher,loss_aware,128,1.5783009530423442e-06
MNIST,small,42,1,a1,weight_fisher,loss_aware,129,6.589984634375323e-13
MNIST,small,42,1,a1,weight_fisher,loss_aware,130,4.290681658858375e-07
MNIST,small,42,1,a1,weight_fisher,loss_aware,131,9.418694162377506e-07
MNIST,small,42,1,a1,weight_fisher,loss_aware,132,1.3321110827746452e-06
MNIST,small,42,1,a1,weight_fisher,loss_aware,133,5.475559419210185e-07
MNIST,small,42,1,a1,weight_fisher,loss_aware,134,0.0
MNIST,small,42,1,a1,weight_fisher,loss_aware,135,8.0408256053488e-07
MNIST,small,42,1,a1,weight_fisher,loss_aware,136,1.0790121223180904e-06
MNIST,small,42,1,a1,weight_fisher,loss_aware,137,1.7816869330999907e-06
MNIST,small,42,1,a1,weight_fisher,loss_aware,138,4.065598204761045e-07
MNIST,small,42,1,a1,weight_fisher,loss_aware,139,1.3458474086291972e-06
MNIST,small,42,1,a1,weight_fisher,loss_aware,140,1.3426933946902864e-06
MNIST,small,42,1,a1,weight_fisher,loss_aware,141,0.0
MNIST,small,42,1,a1,weight_fisher,loss_aware,142,1.6295381328745862e-06
MNIST,small,42,1,a1,weight_fisher,loss_aware,143,9.422772677680769e-07
MNIST,small,42,1,a1,weight_fisher,loss_aware,144,4.229562193813763e-07
MNIST,small,42,1,a1,weight_fisher,loss_aware,145,5.183401867725479e-07
MNIST,small,42,1,a1,weight_fisher,loss_aware,146,2.2841059035272337e-06
MNIST,small,42,1,a1,weight_fisher,loss_aware,147,1.6378239706682507e-06
MNIST,small,42,1,a1,weight_fisher,loss_aware,148,5.766784170191386e-07
MNIST,small,42,1,a1,weight_fisher,loss_aware,149,2.3572131340188207e-06
MNIST,small,42,1,a1,weight_fisher,loss_aware,150,4.605440153682139e-06
MNIST,small,42,1,a1,weight_fisher,loss_aware,151,8.477420578856254e-07
MNIST,small,42,1,a1,weight_fisher,loss_aware,152,1.2122919770263252e-06
MNIST,small,42,1,a1,weight_fisher,loss_aware,153,3.369202659087023e-07
MNIST,small,42,1,a1,weight_fisher,loss_aware,154,5.567681000684388e-07
MNIST,small,42,1,a1,weight_fisher,loss_aware,155,1.1003209010596038e-06
MNIST,small,42,1,a1,weight_fisher,loss_aware,156,9.364902666675334e-07
MNIST,small,42,1,a1,weight_fisher,loss_aware,157,3.5239932003605645e-06
MNIST,small,42,1,a1,weight_fisher,loss_aware,158,2.7528351438377285e-06
MNIST,small,42,1,a1,weight_fisher,loss_aware,159,2.260879909954383e-06
MNIST,small,42,1,a1,weight_fisher,loss_aware,160,6.091776754146849e-07
MNIST,small,42,1,a1,weight_fisher,loss_aware,161,4.502021226926445e-07
MNIST,small,42,1,a1,weight_fisher,loss_aware,162,8.298181910504354e-07
MNIST,small,42,1,a1,weight_fisher,loss_aware,163,3.1857905469223624e-07
MNIST,small,42,1,a1,weight_fisher,loss_aware,164,2.4512496565876063e-06
MNIST,small,42,1,a1,weight_fisher,loss_aware,165,2.423590103717288e-06
MNIST,small,42,1,a1,weight_fisher,loss_aware,166,7.700277819822077e-07
MNIST,small,42,1,a1,weight_fisher,loss_aware,167,2.309547198819928e-06
MNIST,small,42,1,a1,weight_fisher,loss_aware,168,4.309576979721896e-06
MNIST,small,42,1,a1,weight_fisher,loss_aware,169,3.9756633896104177e-07
MNIST,small,42,1,a1,weight_fisher,loss_aware,170,6.630870075241546e-07
MNIST,small,42,1,a1,weight_fisher,loss_aware,171,1.602427005309437e-06
MNIST,small,42,1,a1,weight_fisher,loss_aware,172,1.447938302590046e-06
MNIST,small,42,1,a1,weight_fisher,loss_aware,173,7.452873660440673e-07
MNIST,small,42,1,a1,weight_fisher,loss_aware,174,6.450336059060646e-06
MNIST,small,42,1,a1,weight_fisher,loss_aware,175,1.1924125828954857e-06
MNIST,small,42,1,a1,weight_fisher,loss_aware,176,1.0763008049252676e-06
MNIST,small,42,1,a1,weight_fisher,loss_aware,177,3.2991101761581376e-07
MNIST,small,42,1,a1,weight_fisher,loss_aware,178,1.2661638493227656e-06
MNIST,small,42,1,a1,weight_fisher,loss_aware,179,1.2233329016453354e-06
MNIST,small,42,1,a1,weight_fisher,loss_aware,180,1.0243562655887217e-06
MNIST,small,42,1,a1,weight_fisher,loss_aware,181,2.578711246314924e-06
MNIST,small,42,1,a1,weight_fisher,loss_aware,182,2.091949227178702e-06
MNIST,small,42,1,a1,weight_fisher,loss_aware,183,3.066080580538255e-06
MNIST,small,42,1,a1,weight_fisher,loss_aware,184,9.422610673937015e-07
MNIST,small,42,1,a1,weight_fisher,loss_aware,185,5.251425136520993e-06
MNIST,small,42,1,a1,weight_fisher,loss_aware,186,1.6270644209726015e-06
MNIST,small,42,1,a1,weight_fisher,loss_aware,187,6.505342753371224e-07
MNIST,small,42,1,a1,weight_fisher,loss_aware,188,8.536243853995984e-07
MNIST,small,42,1,a1,weight_fisher,loss_aware,189,2.5104427550104447e-06
MNIST,small,42,1,a1,weight_fisher,loss_aware,190,5.479901119542774e-07
MNIST,small,42,1,a1,weight_fisher,loss_aware,191,4.163320284078509e-07
MNIST,small,42,1,a1,weight_fisher,loss_aware,192,2.050943294307217e-06
MNIST,small,42,1,a1,weight_fisher,loss_aware,193,1.6662513644405408e-06
MNIST,small,42,1,a1,weight_fisher,loss_aware,194,2.087255325022852e-06
MNIST,small,42,1,a1,weight_fisher,loss_aware,195,8.445628623121593e-07
MNIST,small,42,1,a1,weight_fisher,loss_aware,196,2.3512850475526648e-06
MNIST,small,42,1,a1,weight_fisher,loss_aware,197,1.5773048289702274e-06
MNIST,small,42,1,a1,weight_fisher,loss_aware,198,1.0744009841801017e-06
MNIST,small,42,1,a1,weight_fisher,loss_aware,199,1.1715618484231527e-06
MNIST,small,42,1,a1,weight_fisher,loss_aware,200,1.972363406821387e-06
MNIST,small,42,1,a1,weight_fisher,loss_aware,201,2.4299636152136372e-06
MNIST,small,42,1,a1,weight_fisher,loss_aware,202,1.0798166840686463e-06
MNIST,small,42,1,a1,weight_fisher,loss_aware,203,5.279546400061008e-08
MNIST,small,42,1,a1,weight_fisher,loss_aware,204,1.8524703548905563e-08
MNIST,small,42,1,a1,weight_fisher,loss_aware,205,2.6082893782586325e-06
MNIST,small,42,1,a1,weight_fisher,loss_aware,206,3.7348172554629855e-07
MNIST,small,42,1,a1,weight_fisher,loss_aware,207,2.1345281311369035e-06
MNIST,small,42,1,a1,weight_fisher,loss_aware,208,2.406451585557079e-06
MNIST,small,42,1,a1,weight_fisher,loss_aware,209,1.0434273463033605e-06
MNIST,small,42,1,a1,weight_fisher,loss_aware,210,4.3769256308223703e-07
MNIST,small,42,1,a1,weight_fisher,loss_aware,211,2.8195140089337656e-07
MNIST,small,42,1,a1,weight_fisher,loss_aware,212,9.345251328340964e-07
MNIST,small,42,1,a1,weight_fisher,loss_aware,213,6.987409051362192e-07
MNIST,small,42,1,a1,weight_fisher,loss_aware,214,5.230721740190347e-07
MNIST,small,42,1,a1,weight_fisher,loss_aware,215,0.0
MNIST,small,42,1,a1,weight_fisher,loss_aware,216,3.99829701791532e-07
MNIST,small,42,1,a1,weight_fisher,loss_aware,217,6.848020461802662e-07
MNIST,small,42,1,a1,weight_fisher,loss_aware,218,1.6026959883674863e-06
MNIST,small,42,1,a1,weight_fisher,loss_aware,219,5.517154022527393e-07
MNIST,small,42,1,a1,weight_fisher,loss_aware,220,4.86041244585067e-06
MNIST,small,42,1,a1,weight_fisher,loss_aware,221,3.9158817344286945e-07
MNIST,small,42,1,a1,weight_fisher,loss_aware,222,1.2417513062246144e-06
MNIST,small,42,1,a1,weight_fisher,loss_aware,223,2.402076916041551e-06
MNIST,small,42,1,a1,weight_fisher,loss_aware,224,1.2553717169794254e-05
MNIST,small,42,1,a1,weight_fisher,loss_aware,225,3.1051808946358506e-06
MNIST,small,42,1,a1,weight_fisher,loss_aware,226,2.163437329727458e-06
MNIST,small,42,1,a1,weight_fisher,loss_aware,227,3.5964797007181915e-07
MNIST,small,42,1,a1,weight_fisher,loss_aware,228,6.918154440427315e-07
MNIST,small,42,1,a1,weight_fisher,loss_aware,229,1.109158574763569e-06
MNIST,small,42,1,a1,weight_fisher,loss_aware,230,7.541207196481992e-07
MNIST,small,42,1,a1,weight_fisher,loss_aware,231,2.1220803319010884e-06
MNIST,small,42,1,a1,weight_fisher,loss_aware,232,1.0456088830324006e-06
MNIST,small,42,1,a1,weight_fisher,loss_aware,233,5.669113534167991e-07
MNIST,small,42,1,a1,weight_fisher,loss_aware,234,1.3941807992523536e-06
MNIST,small,42,1,a1,weight_fisher,loss_aware,235,9.734710602060659e-07
MNIST,small,42,1,a1,weight_fisher,loss_aware,236,1.8862192519009113e-06
MNIST,small,42,1,a1,weight_fisher,loss_aware,237,2.6773634544952074e-06
MNIST,small,42,1,a1,weight_fisher,loss_aware,238,1.4752758943359368e-06
MNIST,small,42,1,a1,weight_fisher,loss_aware,239,9.992951390813687e-07
MNIST,small,42,1,a1,weight_fisher,loss_aware,240,3.9674088725405454e-07
MNIST,small,42,1,a1,weight_fisher,loss_aware,241,1.70966916357429e-06
MNIST,small,42,1,a1,weight_fisher,loss_aware,242,2.1068403839308303e-06
MNIST,small,42,1,a1,weight_fisher,loss_aware,243,8.210332111957541e-07
MNIST,small,42,1,a1,weight_fisher,loss_aware,244,1.0199797770837904e-06
MNIST,small,42,1,a1,weight_fisher,loss_aware,245,8.738320502743591e-07
MNIST,small,42,1,a1,weight_fisher,loss_aware,246,2.0931918243149994e-06
MNIST,small,42,1,a1,weight_fisher,loss_aware,247,4.065710072609363e-06
MNIST,small,42,1,a1,weight_fisher,loss_aware,248,1.272897065973666e-06
MNIST,small,42,1,a1,weight_fisher,loss_aware,249,0.0
MNIST,small,42,1,a1,weight_fisher,loss_aware,250,1.1552806427062023e-06
MNIST,small,42,1,a1,weight_fisher,loss_aware,251,1.7445959201722872e-06
MNIST,small,42,1,a1,weight_fisher,loss_aware,252,1.6709075225662673e-06
MNIST,small,42,1,a1,weight_fisher,loss_aware,253,1.274658870897838e-06
MNIST,small,42,1,a1,weight_fisher,loss_aware,254,3.3129032317447127e-07
MNIST,small,42,1,a1,weight_fisher,loss_aware,255,1.4687373095512157e-06
MNIST,small,42,1,a2,weight_fisher,loss_aware,0,1.7021733583533205e-05
MNIST,small,42,1,a2,weight_fisher,loss_aware,1,8.356454600288998e-06
MNIST,small,42,1,a2,weight_fisher,loss_aware,2,1.3359955119085498e-05
MNIST,small,42,1,a2,weight_fisher,loss_aware,3,3.5160537663614377e-06
MNIST,small,42,1,a2,weight_fisher,loss_aware,4,1.1368457307980862e-05
MNIST,small,42,1,a2,weight_fisher,loss_aware,5,4.396480107971001e-06
MNIST,small,42,1,a2,weight_fisher,loss_aware,6,3.963517883676104e-06
MNIST,small,42,1,a2,weight_fisher,loss_aware,7,1.0379664672655053e-05
MNIST,small,42,1,a2,weight_fisher,loss_aware,8,1.077314664144069e-05
MNIST,small,42,1,a2,weight_fisher,loss_aware,9,5.460792635858525e-06
MNIST,small,42,1,a2,weight_fisher,loss_aware,10,1.3911288760937168e-06
MNIST,small,42,1,a2,weight_fisher,loss_aware,11,4.718137915915577e-06
MNIST,small,42,1,a2,weight_fisher,loss_aware,12,3.7788831832585856e-05
MNIST,small,42,1,a2,weight_fisher,loss_aware,13,5.849826266057789e-06
MNIST,small,42,1,a2,weight_fisher,loss_aware,14,7.30858073438867e-06
MNIST,small,42,1,a2,weight_fisher,loss_aware,15,1.0055246093543246e-05
MNIST,small,42,1,a2,weight_fisher,loss_aware,16,9.17379202292068e-06
MNIST,small,42,1,a2,weight_fisher,loss_aware,17,5.1746087592619006e-06
MNIST,small,42,1,a2,weight_fisher,loss_aware,18,8.468628038826864e-06
MNIST,small,42,1,a2,weight_fisher,loss_aware,19,8.52741959533887e-06
MNIST,small,42,1,a2,weight_fisher,loss_aware,20,1.4626091342506697e-06
MNIST,small,42,1,a2,weight_fisher,loss_aware,21,1.255373081221478e-05
MNIST,small,42,1,a2,weight_fisher,loss_aware,22,1.2980488463654183e-05
MNIST,small,42,1,a2,weight_fisher,loss_aware,23,6.240623406483792e-06
MNIST,small,42,1,a2,weight_fisher,loss_aware,24,1.7292206848651404e-06
MNIST,small,42,1,a2,weight_fisher,loss_aware,25,2.5256626940972637e-06
MNIST,small,42,1,a2,weight_fisher,loss_aware,26,2.0867722923867404e-05
MNIST,small,42,1,a2,weight_fisher,loss_aware,27,6.434530860133236e-06
MNIST,small,42,1,a2,weight_fisher,loss_aware,28,1.0247265890939161e-05
MNIST,small,42,1,a2,weight_fisher,loss_aware,29,5.9461694945639465e-06
MNIST,small,42,1,a2,weight_fisher,loss_aware,30,4.034968242194736e-06
MNIST,small,42,1,a2,weight_fisher,loss_aware,31,1.9163857359671965e-05
MNIST,small,42,1,a2,weight_fisher,loss_aware,32,2.4134187697200105e-06
MNIST,small,42,1,a2,weight_fisher,loss_aware,33,2.2462213564722333e-06
MNIST,small,42,1,a2,weight_fisher,loss_aware,34,1.0090260730066802e-05
MNIST,small,42,1,a2,weight_fisher,loss_aware,35,1.2127648005844094e-06
MNIST,small,42,1,a2,weight_fisher,loss_aware,36,1.2051390513079241e-05
MNIST,small,42,1,a2,weight_fisher,loss_aware,37,1.4590800674341153e-05
MNIST,small,42,1,a2,weight_fisher,loss_aware,38,1.165952198789455e-05
MNIST,small,42,1,a2,weight_fisher,loss_aware,39,4.481305040826555e-06
MNIST,small,42,1,a2,weight_fisher,loss_aware,40,1.726742812024895e-05
MNIST,small,42,1,a2,weight_fisher,loss_aware,41,0.0
MNIST,small,42,1,a2,weight_fisher,loss_aware,42,1.7362855942337774e-05
MNIST,small,42,1,a2,weight_fisher,loss_aware,43,1.48878461914137e-05
MNIST,small,42,1,a2,weight_fisher,loss_aware,44,0.0
MNIST,small,42,1,a2,weight_fisher,loss_aware,45,3.3161381907120813e-06
MNIST,small,42,1,a2,weight_fisher,loss_aware,46,1.8712682503974065e-05
MNIST,small,42,1,a2,weight_fisher,loss_aware,47,1.229335703101242e-05
MNIST,small,42,1,a2,weight_fisher,loss_aware,48,4.082151917828014e-06
MNIST,small,42,1,a2,weight_fisher,loss_aware,49,7.765533155179583e-06
MNIST,small,42,1,a2,weight_fisher,loss_aware,50,2.0568500985973515e-05
MNIST,small,42,1,a2,weight_fisher,loss_aware,51,4.8767697080620565e-06
MNIST,small,42,1,a2,weight_fisher,loss_aware,52,3.4510680961830076e-06
MNIST,small,42,1,a2,weight_fisher,loss_aware,53,1.3795011000183877e-06
MNIST,small,42,1,a2,weight_fisher,loss_aware,54,8.638869076094124e-06
MNIST,small,42,1,a2,weight_fisher,loss_aware,55,7.296836884052027e-06
MNIST,small,42,1,a2,weight_fisher,loss_aware,56,5.034997229813598e-06
MNIST,small,42,1,a2,weight_fisher,loss_aware,57,1.2602155038621277e-05
MNIST,small,42,1,a2,weight_fisher,loss_aware,58,1.3806656170345377e-05
MNIST,small,42,1,a2,weight_fisher,loss_aware,59,1.6156538549694233e-05
MNIST,small,42,1,a2,weight_fisher,loss_aware,60,4.1718371903698426e-06
MNIST,small,42,1,a2,weight_fisher,loss_aware,61,1.74335980318574e-06
MNIST,small,42,1,a2,weight_fisher,loss_aware,62,7.170308435888728e-06
MNIST,small,42,1,a2,weight_fisher,loss_aware,63,1.0860927432077006e-05
MNIST,small,42,1,a2,weight_fisher,loss_aware,64,3.654920419648988e-06
MNIST,small,42,1,a2,weight_fisher,loss_aware,65,0.0
MNIST,small,42,1,a2,weight_fisher,loss_aware,66,3.3619944588281214e-06
MNIST,small,42,1,a2,weight_fisher,loss_aware,67,5.042784778197529e-06
MNIST,small,42,1,a2,weight_fisher,loss_aware,68,2.4020032469707076e-06
MNIST,small,42,1,a2,weight_fisher,loss_aware,69,5.8851405810855795e-06
MNIST,small,42,1,a2,weight_fisher,loss_aware,70,4.622946107701864e-06
MNIST,small,42,1,a2,weight_fisher,loss_aware,71,3.888966602971777e-06
MNIST,small,42,1,a2,weight_fisher,loss_aware,72,2.6254131171299377e-06
MNIST,small,42,1,a2,weight_fisher,loss_aware,73,5.67649749427801e-06
MNIST,small,42,1,a2,weight_fisher,loss_aware,74,1.2293411600694526e-05
MNIST,small,42,1,a2,weight_fisher,loss_aware,75,8.267634257208556e-06
MNIST,small,42,1,a2,weight_fisher,loss_aware,76,1.7598623571757344e-06
MNIST,small,42,1,a2,weight_fisher,loss_aware,77,1.1825457022496266e-06
MNIST,small,42,1,a2,weight_fisher,loss_aware,78,1.4470340374828083e-06
MNIST,small,42,1,a2,weight_fisher,loss_aware,79,5.579091975960182e-06
MNIST,small,42,1,a2,weight_fisher,loss_aware,80,4.238430392433656e-06
MNIST,small,42,1,a2,weight_fisher,loss_aware,81,3.873780769936275e-06
MNIST,small,42,1,a2,weight_fisher,loss_aware,82,5.745876478613354e-06
MNIST,small,42,1,a2,weight_fisher,loss_aware,83,2.7340679480403196e-06
MNIST,small,42,1,a2,weight_fisher,loss_aware,84,1.1816926416940987e-05
MNIST,small,42,1,a2,weight_fisher,loss_aware,85,5.541698556044139e-06
MNIST,small,42,1,a2,weight_fisher,loss_aware,86,0.0
MNIST,small,42,1,a2,weight_fisher,loss_aware,87,1.3384529665927403e-05
MNIST,small,42,1,a2,weight_fisher,loss_aware,88,1.559865995659493e-05
MNIST,small,42,1,a2,weight_fisher,loss_aware,89,7.192818884504959e-06
MNIST,small,42,1,a2,weight_fisher,loss_aware,90,3.3840576634247554e-06
MNIST,small,42,1,a2,weight_fisher,loss_aware,91,8.807732228888199e-06
MNIST,small,42,1,a2,weight_fisher,loss_aware,92,4.082428404217353e-06
MNIST,small,42,1,a2,weight_fisher,loss_aware,93,1.5720395367679885e-06
MNIST,small,42,1,a2,weight_fisher,loss_aware,94,5.779231287306175e-06
MNIST,small,42,1,a2,weight_fisher,loss_aware,95,3.861280220007757e-06
MNIST,small,42,1,a2,weight_fisher,loss_aware,96,1.007841660793929e-06
MNIST,small,42,1,a2,weight_fisher,loss_aware,97,7.126155196601758e-06
MNIST,small,42,1,a2,weight_fisher,loss_aware,98,6.606435363210039e-06
MNIST,small,42,1,a2,weight_fisher,loss_aware,99,6.747771230664057e-09
MNIST,small,42,1,a2,weight_fisher,loss_aware,100,4.738998995890142e-06
MNIST,small,42,1,a2,weight_fisher,loss_aware,101,5.173532827029703e-06
MNIST,small,42,1,a2,weight_fisher,loss_aware,102,5.198320707222592e-08
MNIST,small,42,1,a2,weight_fisher,loss_aware,103,4.5848742047382984e-06
MNIST,small,42,1,a2,weight_fisher,loss_aware,104,1.636152228456922e-05
MNIST,small,42,1,a2,weight_fisher,loss_aware,105,6.418963948817691e-06
MNIST,small,42,1,a2,weight_fisher,loss_aware,106,0.0
MNIST,small,42,1,a2,weight_fisher,loss_aware,107,1.0529465725994669e-05
MNIST,small,42,1,a2,weight_fisher,loss_aware,108,1.1823560271295719e-05
MNIST,small,42,1,a2,weight_fisher,loss_aware,109,9.195998245559167e-06
MNIST,small,42,1,a2,weight_fisher,loss_aware,110,5.216107183514396e-06
MNIST,small,42,1,a2,weight_fisher,loss_aware,111,9.522669643047266e-06
MNIST,small,42,1,a2,weight_fisher,loss_aware,112,2.1900219508097507e-05
MNIST,small,42,1,a2,weight_fisher,loss_aware,113,2.010215439440799e-06
MNIST,small,42,1,a2,weight_fisher,loss_aware,114,1.4041308531886898e-05
MNIST,small,42,1,a2,weight_fisher,loss_aware,115,1.838688513089437e-05
MNIST,small,42,1,a2,weight_fisher,loss_aware,116,6.848159500805195e-06
MNIST,small,42,1,a2,weight_fisher,loss_aware,117,2.7138355562783545e-06
MNIST,small,42,1,a2,weight_fisher,loss_aware,118,0.0
MNIST,small,42,1,a2,weight_fisher,loss_aware,119,1.745757799653802e-06
MNIST,small,42,1,a2,weight_fisher,loss_aware,120,5.531958777282853e-06
MNIST,small,42,1,a2,weight_fisher,loss_aware,121,2.262870839331299e-05
MNIST,small,42,1,a2,weight_fisher,loss_aware,122,2.1992786969349254e-06
MNIST,small,42,1,a2,weight_fisher,loss_aware,123,5.594614322035341e-06
MNIST,small,42,1,a2,weight_fisher,loss_aware,124,6.347195267153438e-06
MNIST,small,42,1,a2,weight_fisher,loss_aware,125,1.4129381270322483e-05
MNIST,small,42,1,a2,weight_fisher,loss_aware,126,2.3977986529644113e-06
MNIST,small,42,1,a2,weight_fisher,loss_aware,127,3.2038356039265636e-06
