dataset,architecture,seed,epoch,layer,criterion,criterion_group,neuron_index,score
MNIST,small,44,10,a1,output_weight_norm,baseline,0,0.7841874361038208
MNIST,small,44,10,a1,output_weight_norm,baseline,1,1.009800672531128
MNIST,small,44,10,a1,output_weight_norm,baseline,2,0.7821110486984253
MNIST,small,44,10,a1,output_weight_norm,baseline,3,0.8544726371765137
MNIST,small,44,10,a1,output_weight_norm,baseline,4,0.4125024676322937
MNIST,small,44,10,a1,output_weight_norm,baseline,5,0.8429831266403198
MNIST,small,44,10,a1,output_weight_norm,baseline,6,0.9350594878196716
MNIST,small,44,10,a1,output_weight_norm,baseline,7,0.8461071848869324
MNIST,small,44,10,a1,output_weight_norm,baseline,8,0.6650994420051575
MNIST,small,44,10,a1,output_weight_norm,baseline,9,0.7435049414634705
MNIST,small,44,10,a1,output_weight_norm,baseline,10,0.9490440487861633
MNIST,small,44,10,a1,output_weight_norm,baseline,11,0.8360465168952942
MNIST,small,44,10,a1,output_weight_norm,baseline,12,0.37475651502609253
MNIST,small,44,10,a1,output_weight_norm,baseline,13,0.8657214045524597
MNIST,small,44,10,a1,output_weight_norm,baseline,14,0.831658661365509
MNIST,small,44,10,a1,output_weight_norm,baseline,15,0.42386168241500854
MNIST,small,44,10,a1,output_weight_norm,baseline,16,0.7436334490776062
MNIST,small,44,10,a1,output_weight_norm,baseline,17,0.6954460740089417
MNIST,small,44,10,a1,output_weight_norm,baseline,18,0.6966255307197571
MNIST,small,44,10,a1,output_weight_norm,baseline,19,0.7927989363670349
MNIST,small,44,10,a1,output_weight_norm,baseline,20,0.7045935392379761
MNIST,small,44,10,a1,output_weight_norm,baseline,21,0.9619342088699341
MNIST,small,44,10,a1,output_weight_norm,baseline,22,0.8898389935493469
MNIST,small,44,10,a1,output_weight_norm,baseline,23,0.9153492450714111
MNIST,small,44,10,a1,output_weight_norm,baseline,24,0.9931651949882507
MNIST,small,44,10,a1,output_weight_norm,baseline,25,0.6511392593383789
MNIST,small,44,10,a1,output_weight_norm,baseline,26,0.7250548005104065
MNIST,small,44,10,a1,output_weight_norm,baseline,27,0.9695963859558105
MNIST,small,44,10,a1,output_weight_norm,baseline,28,1.0549728870391846
MNIST,small,44,10,a1,output_weight_norm,baseline,29,0.7486489415168762
MNIST,small,44,10,a1,output_weight_norm,baseline,30,1.0753635168075562
MNIST,small,44,10,a1,output_weight_norm,baseline,31,0.8414441347122192
MNIST,small,44,10,a1,output_weight_norm,baseline,32,0.6635238528251648
MNIST,small,44,10,a1,output_weight_norm,baseline,33,0.8497175574302673
MNIST,small,44,10,a1,output_weight_norm,baseline,34,0.6672371029853821
MNIST,small,44,10,a1,output_weight_norm,baseline,35,1.022600769996643
MNIST,small,44,10,a1,output_weight_norm,baseline,36,1.071308970451355
MNIST,small,44,10,a1,output_weight_norm,baseline,37,0.7300451993942261
MNIST,small,44,10,a1,output_weight_norm,baseline,38,0.768662691116333
MNIST,small,44,10,a1,output_weight_norm,baseline,39,0.6475735902786255
MNIST,small,44,10,a1,output_weight_norm,baseline,40,0.8242570757865906
MNIST,small,44,10,a1,output_weight_norm,baseline,41,1.086635708808899
MNIST,small,44,10,a1,output_weight_norm,baseline,42,1.057684302330017
MNIST,small,44,10,a1,output_weight_norm,baseline,43,0.9992886185646057
MNIST,small,44,10,a1,output_weight_norm,baseline,44,0.7949962615966797
MNIST,small,44,10,a1,output_weight_norm,baseline,45,0.7061796188354492
MNIST,small,44,10,a1,output_weight_norm,baseline,46,1.2286921739578247
MNIST,small,44,10,a1,output_weight_norm,baseline,47,0.3967452049255371
MNIST,small,44,10,a1,output_weight_norm,baseline,48,0.9435606598854065
MNIST,small,44,10,a1,output_weight_norm,baseline,49,1.029503583908081
MNIST,small,44,10,a1,output_weight_norm,baseline,50,1.3062803745269775
MNIST,small,44,10,a1,output_weight_norm,baseline,51,0.8814612030982971
MNIST,small,44,10,a1,output_weight_norm,baseline,52,0.7747964859008789
MNIST,small,44,10,a1,output_weight_norm,baseline,53,0.7673797607421875
MNIST,small,44,10,a1,output_weight_norm,baseline,54,0.8409453630447388
MNIST,small,44,10,a1,output_weight_norm,baseline,55,1.016802430152893
MNIST,small,44,10,a1,output_weight_norm,baseline,56,1.201509952545166
MNIST,small,44,10,a1,output_weight_norm,baseline,57,0.9465105533599854
MNIST,small,44,10,a1,output_weight_norm,baseline,58,0.9717217683792114
MNIST,small,44,10,a1,output_weight_norm,baseline,59,0.6418834328651428
MNIST,small,44,10,a1,output_weight_norm,baseline,60,1.0702228546142578
MNIST,small,44,10,a1,output_weight_norm,baseline,61,0.7203180193901062
MNIST,small,44,10,a1,output_weight_norm,baseline,62,0.5962377786636353
MNIST,small,44,10,a1,output_weight_norm,baseline,63,0.5763991475105286
MNIST,small,44,10,a1,output_weight_norm,baseline,64,0.5678845047950745
MNIST,small,44,10,a1,output_weight_norm,baseline,65,0.7941315770149231
MNIST,small,44,10,a1,output_weight_norm,baseline,66,1.1181375980377197
MNIST,small,44,10,a1,output_weight_norm,baseline,67,0.7694838643074036
MNIST,small,44,10,a1,output_weight_norm,baseline,68,1.0390681028366089
MNIST,small,44,10,a1,output_weight_norm,baseline,69,0.40567371249198914
MNIST,small,44,10,a1,output_weight_norm,baseline,70,0.6456291675567627
MNIST,small,44,10,a1,output_weight_norm,baseline,71,1.0628522634506226
MNIST,small,44,10,a1,output_weight_norm,baseline,72,1.024683952331543
MNIST,small,44,10,a1,output_weight_norm,baseline,73,0.749355137348175
MNIST,small,44,10,a1,output_weight_norm,baseline,74,0.8039870858192444
MNIST,small,44,10,a1,output_weight_norm,baseline,75,0.7976022362709045
MNIST,small,44,10,a1,output_weight_norm,baseline,76,0.6831045746803284
MNIST,small,44,10,a1,output_weight_norm,baseline,77,0.7209528684616089
MNIST,small,44,10,a1,output_weight_norm,baseline,78,0.7668787837028503
MNIST,small,44,10,a1,output_weight_norm,baseline,79,0.9299964904785156
MNIST,small,44,10,a1,output_weight_norm,baseline,80,0.7186547517776489
MNIST,small,44,10,a1,output_weight_norm,baseline,81,0.6508911848068237
MNIST,small,44,10,a1,output_weight_norm,baseline,82,0.8894829154014587
MNIST,small,44,10,a1,output_weight_norm,baseline,83,0.39020660519599915
MNIST,small,44,10,a1,output_weight_norm,baseline,84,0.9295546412467957
MNIST,small,44,10,a1,output_weight_norm,baseline,85,0.9270201325416565
MNIST,small,44,10,a1,output_weight_norm,baseline,86,0.8187631964683533
MNIST,small,44,10,a1,output_weight_norm,baseline,87,0.9333135485649109
MNIST,small,44,10,a1,output_weight_norm,baseline,88,0.7265166640281677
MNIST,small,44,10,a1,output_weight_norm,baseline,89,0.6279505491256714
MNIST,small,44,10,a1,output_weight_norm,baseline,90,0.5472337603569031
MNIST,small,44,10,a1,output_weight_norm,baseline,91,0.8099094033241272
MNIST,small,44,10,a1,output_weight_norm,baseline,92,0.8835244178771973
MNIST,small,44,10,a1,output_weight_norm,baseline,93,1.2681047916412354
MNIST,small,44,10,a1,output_weight_norm,baseline,94,0.9126151204109192
MNIST,small,44,10,a1,output_weight_norm,baseline,95,0.8993918299674988
MNIST,small,44,10,a1,output_weight_norm,baseline,96,0.8156118392944336
MNIST,small,44,10,a1,output_weight_norm,baseline,97,0.7970622181892395
MNIST,small,44,10,a1,output_weight_norm,baseline,98,0.39918971061706543
MNIST,small,44,10,a1,output_weight_norm,baseline,99,1.2436407804489136
MNIST,small,44,10,a1,output_weight_norm,baseline,100,0.7990915179252625
MNIST,small,44,10,a1,output_weight_norm,baseline,101,0.8885204195976257
MNIST,small,44,10,a1,output_weight_norm,baseline,102,0.8879144191741943
MNIST,small,44,10,a1,output_weight_norm,baseline,103,0.5170751214027405
MNIST,small,44,10,a1,output_weight_norm,baseline,104,0.7446333765983582
MNIST,small,44,10,a1,output_weight_norm,baseline,105,0.8360335230827332
MNIST,small,44,10,a1,output_weight_norm,baseline,106,0.8994777202606201
MNIST,small,44,10,a1,output_weight_norm,baseline,107,1.0550448894500732
MNIST,small,44,10,a1,output_weight_norm,baseline,108,0.6942448019981384
MNIST,small,44,10,a1,output_weight_norm,baseline,109,0.8960369229316711
MNIST,small,44,10,a1,output_weight_norm,baseline,110,0.936076819896698
MNIST,small,44,10,a1,output_weight_norm,baseline,111,0.5727075934410095
MNIST,small,44,10,a1,output_weight_norm,baseline,112,1.023980736732483
MNIST,small,44,10,a1,output_weight_norm,baseline,113,0.7565845847129822
MNIST,small,44,10,a1,output_weight_norm,baseline,114,0.40416333079338074
MNIST,small,44,10,a1,output_weight_norm,baseline,115,0.6703190803527832
MNIST,small,44,10,a1,output_weight_norm,baseline,116,0.7588436007499695
MNIST,small,44,10,a1,output_weight_norm,baseline,117,0.7587621808052063
MNIST,small,44,10,a1,output_weight_norm,baseline,118,0.7991825342178345
MNIST,small,44,10,a1,output_weight_norm,baseline,119,0.9464446306228638
MNIST,small,44,10,a1,output_weight_norm,baseline,120,0.6556491255760193
MNIST,small,44,10,a1,output_weight_norm,baseline,121,1.0725692510604858
MNIST,small,44,10,a1,output_weight_norm,baseline,122,0.8499846458435059
MNIST,small,44,10,a1,output_weight_norm,baseline,123,0.9686201214790344
MNIST,small,44,10,a1,output_weight_norm,baseline,124,0.9292193651199341
MNIST,small,44,10,a1,output_weight_norm,baseline,125,1.2884513139724731
MNIST,small,44,10,a1,output_weight_norm,baseline,126,1.031004548072815
MNIST,small,44,10,a1,output_weight_norm,baseline,127,0.7043692469596863
MNIST,small,44,10,a1,output_weight_norm,baseline,128,0.8198394775390625
MNIST,small,44,10,a1,output_weight_norm,baseline,129,0.7027216553688049
MNIST,small,44,10,a1,output_weight_norm,baseline,130,0.8451583981513977
MNIST,small,44,10,a1,output_weight_norm,baseline,131,0.8565601706504822
MNIST,small,44,10,a1,output_weight_norm,baseline,132,1.078018307685852
MNIST,small,44,10,a1,output_weight_norm,baseline,133,0.9259160161018372
MNIST,small,44,10,a1,output_weight_norm,baseline,134,0.9103109240531921
MNIST,small,44,10,a1,output_weight_norm,baseline,135,0.44103601574897766
MNIST,small,44,10,a1,output_weight_norm,baseline,136,0.7125939130783081
MNIST,small,44,10,a1,output_weight_norm,baseline,137,1.1463834047317505
MNIST,small,44,10,a1,output_weight_norm,baseline,138,1.140401840209961
MNIST,small,44,10,a1,output_weight_norm,baseline,139,0.7960878610610962
MNIST,small,44,10,a1,output_weight_norm,baseline,140,0.9067485332489014
MNIST,small,44,10,a1,output_weight_norm,baseline,141,0.8539776802062988
MNIST,small,44,10,a1,output_weight_norm,baseline,142,0.9333285093307495
MNIST,small,44,10,a1,output_weight_norm,baseline,143,0.6835703253746033
MNIST,small,44,10,a1,output_weight_norm,baseline,144,0.781141996383667
MNIST,small,44,10,a1,output_weight_norm,baseline,145,0.4132896959781647
MNIST,small,44,10,a1,output_weight_norm,baseline,146,0.961101770401001
MNIST,small,44,10,a1,output_weight_norm,baseline,147,0.7273112535476685
MNIST,small,44,10,a1,output_weight_norm,baseline,148,0.7567182183265686
MNIST,small,44,10,a1,output_weight_norm,baseline,149,0.5530828237533569
MNIST,small,44,10,a1,output_weight_norm,baseline,150,0.812652051448822
MNIST,small,44,10,a1,output_weight_norm,baseline,151,0.7579266428947449
MNIST,small,44,10,a1,output_weight_norm,baseline,152,0.862109899520874
MNIST,small,44,10,a1,output_weight_norm,baseline,153,0.4136326313018799
MNIST,small,44,10,a1,output_weight_norm,baseline,154,0.9782275557518005
MNIST,small,44,10,a1,output_weight_norm,baseline,155,0.9109323620796204
MNIST,small,44,10,a1,output_weight_norm,baseline,156,0.9359991550445557
MNIST,small,44,10,a1,output_weight_norm,baseline,157,0.9347097277641296
MNIST,small,44,10,a1,output_weight_norm,baseline,158,0.6533278226852417
MNIST,small,44,10,a1,output_weight_norm,baseline,159,0.9668619632720947
MNIST,small,44,10,a1,output_weight_norm,baseline,160,0.8561769723892212
MNIST,small,44,10,a1,output_weight_norm,baseline,161,0.9716446995735168
MNIST,small,44,10,a1,output_weight_norm,baseline,162,0.8873748183250427
MNIST,small,44,10,a1,output_weight_norm,baseline,163,0.8055345416069031
MNIST,small,44,10,a1,output_weight_norm,baseline,164,1.0098141431808472
MNIST,small,44,10,a1,output_weight_norm,baseline,165,0.39110827445983887
MNIST,small,44,10,a1,output_weight_norm,baseline,166,0.6833220720291138
MNIST,small,44,10,a1,output_weight_norm,baseline,167,0.7683236002922058
MNIST,small,44,10,a1,output_weight_norm,baseline,168,0.8904223442077637
MNIST,small,44,10,a1,output_weight_norm,baseline,169,1.0343773365020752
MNIST,small,44,10,a1,output_weight_norm,baseline,170,0.748406171798706
MNIST,small,44,10,a1,output_weight_norm,baseline,171,0.9971200227737427
MNIST,small,44,10,a1,output_weight_norm,baseline,172,0.670941948890686
MNIST,small,44,10,a1,output_weight_norm,baseline,173,0.8815018534660339
MNIST,small,44,10,a1,output_weight_norm,baseline,174,0.7099747657775879
MNIST,small,44,10,a1,output_weight_norm,baseline,175,0.5978615880012512
MNIST,small,44,10,a1,output_weight_norm,baseline,176,0.902070164680481
MNIST,small,44,10,a1,output_weight_norm,baseline,177,0.7241562008857727
MNIST,small,44,10,a1,output_weight_norm,baseline,178,0.7818565368652344
MNIST,small,44,10,a1,output_weight_norm,baseline,179,0.7290733456611633
MNIST,small,44,10,a1,output_weight_norm,baseline,180,0.7033463716506958
MNIST,small,44,10,a1,output_weight_norm,baseline,181,0.8490792512893677
MNIST,small,44,10,a1,output_weight_norm,baseline,182,0.8760026693344116
MNIST,small,44,10,a1,output_weight_norm,baseline,183,0.8914175629615784
MNIST,small,44,10,a1,output_weight_norm,baseline,184,0.7133840322494507
MNIST,small,44,10,a1,output_weight_norm,baseline,185,1.170944094657898
MNIST,small,44,10,a1,output_weight_norm,baseline,186,0.8114185929298401
MNIST,small,44,10,a1,output_weight_norm,baseline,187,0.8786303400993347
MNIST,small,44,10,a1,output_weight_norm,baseline,188,0.9113888144493103
MNIST,small,44,10,a1,output_weight_norm,baseline,189,0.6835840344429016
MNIST,small,44,10,a1,output_weight_norm,baseline,190,0.7167038321495056
MNIST,small,44,10,a1,output_weight_norm,baseline,191,0.7387737035751343
MNIST,small,44,10,a1,output_weight_norm,baseline,192,0.7049301266670227
MNIST,small,44,10,a1,output_weight_norm,baseline,193,0.9255768060684204
MNIST,small,44,10,a1,output_weight_norm,baseline,194,0.7384008765220642
MNIST,small,44,10,a1,output_weight_norm,baseline,195,1.0329054594039917
MNIST,small,44,10,a1,output_weight_norm,baseline,196,0.6763119101524353
MNIST,small,44,10,a1,output_weight_norm,baseline,197,1.2371164560317993
MNIST,small,44,10,a1,output_weight_norm,baseline,198,0.9078763723373413
MNIST,small,44,10,a1,output_weight_norm,baseline,199,0.7709801197052002
MNIST,small,44,10,a1,output_weight_norm,baseline,200,0.7436936497688293
MNIST,small,44,10,a1,output_weight_norm,baseline,201,0.7946754097938538
MNIST,small,44,10,a1,output_weight_norm,baseline,202,0.7797904014587402
MNIST,small,44,10,a1,output_weight_norm,baseline,203,0.4024745523929596
MNIST,small,44,10,a1,output_weight_norm,baseline,204,0.7710491418838501
MNIST,small,44,10,a1,output_weight_norm,baseline,205,0.7202088236808777
MNIST,small,44,10,a1,output_weight_norm,baseline,206,1.1891292333602905
MNIST,small,44,10,a1,output_weight_norm,baseline,207,0.6692320704460144
MNIST,small,44,10,a1,output_weight_norm,baseline,208,0.9841958284378052
MNIST,small,44,10,a1,output_weight_norm,baseline,209,0.7558190822601318
MNIST,small,44,10,a1,output_weight_norm,baseline,210,0.8488181829452515
MNIST,small,44,10,a1,output_weight_norm,baseline,211,0.7857860326766968
MNIST,small,44,10,a1,output_weight_norm,baseline,212,0.8001192808151245
MNIST,small,44,10,a1,output_weight_norm,baseline,213,0.8831501603126526
MNIST,small,44,10,a1,output_weight_norm,baseline,214,0.5467784404754639
MNIST,small,44,10,a1,output_weight_norm,baseline,215,1.0172067880630493
MNIST,small,44,10,a1,output_weight_norm,baseline,216,1.1998008489608765
MNIST,small,44,10,a1,output_weight_norm,baseline,217,1.036655306816101
MNIST,small,44,10,a1,output_weight_norm,baseline,218,1.1506433486938477
MNIST,small,44,10,a1,output_weight_norm,baseline,219,0.9934415221214294
MNIST,small,44,10,a1,output_weight_norm,baseline,220,0.757865846157074
MNIST,small,44,10,a1,output_weight_norm,baseline,221,0.6688506007194519
MNIST,small,44,10,a1,output_weight_norm,baseline,222,0.6796862483024597
MNIST,small,44,10,a1,output_weight_norm,baseline,223,0.757469892501831
MNIST,small,44,10,a1,output_weight_norm,baseline,224,1.1021363735198975
MNIST,small,44,10,a1,output_weight_norm,baseline,225,0.6109473705291748
MNIST,small,44,10,a1,output_weight_norm,baseline,226,0.7911878228187561
MNIST,small,44,10,a1,output_weight_norm,baseline,227,0.9709658026695251
MNIST,small,44,10,a1,output_weight_norm,baseline,228,0.8821077346801758
MNIST,small,44,10,a1,output_weight_norm,baseline,229,1.1899693012237549
MNIST,small,44,10,a1,output_weight_norm,baseline,230,1.0107327699661255
MNIST,small,44,10,a1,output_weight_norm,baseline,231,0.8933924436569214
MNIST,small,44,10,a1,output_weight_norm,baseline,232,1.4027353525161743
MNIST,small,44,10,a1,output_weight_norm,baseline,233,1.0005050897598267
MNIST,small,44,10,a1,output_weight_norm,baseline,234,0.735381007194519
MNIST,small,44,10,a1,output_weight_norm,baseline,235,0.8963741064071655
MNIST,small,44,10,a1,output_weight_norm,baseline,236,0.6869280934333801
MNIST,small,44,10,a1,output_weight_norm,baseline,237,0.8538177013397217
MNIST,small,44,10,a1,output_weight_norm,baseline,238,0.5486022233963013
MNIST,small,44,10,a1,output_weight_norm,baseline,239,0.9977570176124573
MNIST,small,44,10,a1,output_weight_norm,baseline,240,0.788631796836853
MNIST,small,44,10,a1,output_weight_norm,baseline,241,1.402900218963623
MNIST,small,44,10,a1,output_weight_norm,baseline,242,0.7652053236961365
MNIST,small,44,10,a1,output_weight_norm,baseline,243,1.0049540996551514
MNIST,small,44,10,a1,output_weight_norm,baseline,244,0.705599844455719
MNIST,small,44,10,a1,output_weight_norm,baseline,245,0.9207589030265808
MNIST,small,44,10,a1,output_weight_norm,baseline,246,0.7964885234832764
MNIST,small,44,10,a1,output_weight_norm,baseline,247,0.9777114987373352
MNIST,small,44,10,a1,output_weight_norm,baseline,248,0.6369279623031616
MNIST,small,44,10,a1,output_weight_norm,baseline,249,0.9689412117004395
MNIST,small,44,10,a1,output_weight_norm,baseline,250,0.687412440776825
MNIST,small,44,10,a1,output_weight_norm,baseline,251,1.3725130558013916
MNIST,small,44,10,a1,output_weight_norm,baseline,252,1.1758394241333008
MNIST,small,44,10,a1,output_weight_norm,baseline,253,0.7386263608932495
MNIST,small,44,10,a1,output_weight_norm,baseline,254,1.0047129392623901
MNIST,small,44,10,a1,output_weight_norm,baseline,255,0.8433290719985962
MNIST,small,44,10,a2,output_weight_norm,baseline,0,0.36142420768737793
MNIST,small,44,10,a2,output_weight_norm,baseline,1,0.37693947553634644
MNIST,small,44,10,a2,output_weight_norm,baseline,2,0.12878188490867615
MNIST,small,44,10,a2,output_weight_norm,baseline,3,0.38832563161849976
MNIST,small,44,10,a2,output_weight_norm,baseline,4,0.3935394585132599
MNIST,small,44,10,a2,output_weight_norm,baseline,5,0.30745428800582886
MNIST,small,44,10,a2,output_weight_norm,baseline,6,0.3596457540988922
MNIST,small,44,10,a2,output_weight_norm,baseline,7,0.36646997928619385
MNIST,small,44,10,a2,output_weight_norm,baseline,8,0.3642556369304657
MNIST,small,44,10,a2,output_weight_norm,baseline,9,0.2626081109046936
MNIST,small,44,10,a2,output_weight_norm,baseline,10,0.3221336603164673
MNIST,small,44,10,a2,output_weight_norm,baseline,11,0.3172118663787842
MNIST,small,44,10,a2,output_weight_norm,baseline,12,0.2575061023235321
MNIST,small,44,10,a2,output_weight_norm,baseline,13,0.31712812185287476
MNIST,small,44,10,a2,output_weight_norm,baseline,14,0.33236008882522583
MNIST,small,44,10,a2,output_weight_norm,baseline,15,0.4078608751296997
MNIST,small,44,10,a2,output_weight_norm,baseline,16,0.36214712262153625
MNIST,small,44,10,a2,output_weight_norm,baseline,17,0.2610401511192322
MNIST,small,44,10,a2,output_weight_norm,baseline,18,0.3343521058559418
MNIST,small,44,10,a2,output_weight_norm,baseline,19,0.3507833182811737
MNIST,small,44,10,a2,output_weight_norm,baseline,20,0.39387696981430054
MNIST,small,44,10,a2,output_weight_norm,baseline,21,0.3918968141078949
MNIST,small,44,10,a2,output_weight_norm,baseline,22,0.2918514311313629
MNIST,small,44,10,a2,output_weight_norm,baseline,23,0.2960438132286072
MNIST,small,44,10,a2,output_weight_norm,baseline,24,0.3650296628475189
MNIST,small,44,10,a2,output_weight_norm,baseline,25,0.3715043365955353
MNIST,small,44,10,a2,output_weight_norm,baseline,26,0.35871103405952454
MNIST,small,44,10,a2,output_weight_norm,baseline,27,0.26713767647743225
MNIST,small,44,10,a2,output_weight_norm,baseline,28,0.27482372522354126
MNIST,small,44,10,a2,output_weight_norm,baseline,29,0.2728070020675659
MNIST,small,44,10,a2,output_weight_norm,baseline,30,0.37098366022109985
MNIST,small,44,10,a2,output_weight_norm,baseline,31,0.277713805437088
MNIST,small,44,10,a2,output_weight_norm,baseline,32,0.3556010127067566
MNIST,small,44,10,a2,output_weight_norm,baseline,33,0.31561577320098877
MNIST,small,44,10,a2,output_weight_norm,baseline,34,0.2752590477466583
MNIST,small,44,10,a2,output_weight_norm,baseline,35,0.32289421558380127
MNIST,small,44,10,a2,output_weight_norm,baseline,36,0.3929319977760315
MNIST,small,44,10,a2,output_weight_norm,baseline,37,0.3365446925163269
MNIST,small,44,10,a2,output_weight_norm,baseline,38,0.36153295636177063
MNIST,small,44,10,a2,output_weight_norm,baseline,39,0.36312931776046753
MNIST,small,44,10,a2,output_weight_norm,baseline,40,0.3707103431224823
MNIST,small,44,10,a2,output_weight_norm,baseline,41,0.18755345046520233
MNIST,small,44,10,a2,output_weight_norm,baseline,42,0.3264244496822357
MNIST,small,44,10,a2,output_weight_norm,baseline,43,0.38670098781585693
MNIST,small,44,10,a2,output_weight_norm,baseline,44,0.35308146476745605
MNIST,small,44,10,a2,output_weight_norm,baseline,45,0.2835647165775299
MNIST,small,44,10,a2,output_weight_norm,baseline,46,0.3274569511413574
MNIST,small,44,10,a2,output_weight_norm,baseline,47,0.25102415680885315
MNIST,small,44,10,a2,output_weight_norm,baseline,48,0.40461862087249756
MNIST,small,44,10,a2,output_weight_norm,baseline,49,0.4018567204475403
MNIST,small,44,10,a2,output_weight_norm,baseline,50,0.35999828577041626
MNIST,small,44,10,a2,output_weight_norm,baseline,51,0.3810594975948334
MNIST,small,44,10,a2,output_weight_norm,baseline,52,0.3384210765361786
MNIST,small,44,10,a2,output_weight_norm,baseline,53,0.3554551601409912
MNIST,small,44,10,a2,output_weight_norm,baseline,54,0.35791850090026855
MNIST,small,44,10,a2,output_weight_norm,baseline,55,0.39920276403427124
MNIST,small,44,10,a2,output_weight_norm,baseline,56,0.29746589064598083
MNIST,small,44,10,a2,output_weight_norm,baseline,57,0.3857918977737427
MNIST,small,44,10,a2,output_weight_norm,baseline,58,0.28000932931900024
MNIST,small,44,10,a2,output_weight_norm,baseline,59,0.4133588969707489
MNIST,small,44,10,a2,output_weight_norm,baseline,60,0.264114111661911
MNIST,small,44,10,a2,output_weight_norm,baseline,61,0.3757646381855011
MNIST,small,44,10,a2,output_weight_norm,baseline,62,0.3581835627555847
MNIST,small,44,10,a2,output_weight_norm,baseline,63,0.36397862434387207
MNIST,small,44,10,a2,output_weight_norm,baseline,64,0.24653762578964233
MNIST,small,44,10,a2,output_weight_norm,baseline,65,0.42699453234672546
MNIST,small,44,10,a2,output_weight_norm,baseline,66,0.40840718150138855
MNIST,small,44,10,a2,output_weight_norm,baseline,67,0.39530354738235474
MNIST,small,44,10,a2,output_weight_norm,baseline,68,0.4252999722957611
MNIST,small,44,10,a2,output_weight_norm,baseline,69,0.39582711458206177
MNIST,small,44,10,a2,output_weight_norm,baseline,70,0.359514445066452
MNIST,small,44,10,a2,output_weight_norm,baseline,71,0.4274711608886719
MNIST,small,44,10,a2,output_weight_norm,baseline,72,0.36285778880119324
MNIST,small,44,10,a2,output_weight_norm,baseline,73,0.3612616956233978
MNIST,small,44,10,a2,output_weight_norm,baseline,74,0.40177586674690247
MNIST,small,44,10,a2,output_weight_norm,baseline,75,0.29469582438468933
MNIST,small,44,10,a2,output_weight_norm,baseline,76,0.3537136912345886
MNIST,small,44,10,a2,output_weight_norm,baseline,77,0.3086434304714203
MNIST,small,44,10,a2,output_weight_norm,baseline,78,0.35504046082496643
MNIST,small,44,10,a2,output_weight_norm,baseline,79,0.3571629822254181
MNIST,small,44,10,a2,output_weight_norm,baseline,80,0.3384530544281006
MNIST,small,44,10,a2,output_weight_norm,baseline,81,0.3221476674079895
MNIST,small,44,10,a2,output_weight_norm,baseline,82,0.3388349115848541
MNIST,small,44,10,a2,output_weight_norm,baseline,83,0.2679263651371002
MNIST,small,44,10,a2,output_weight_norm,baseline,84,0.31931424140930176
MNIST,small,44,10,a2,output_weight_norm,baseline,85,0.4666047990322113
MNIST,small,44,10,a2,output_weight_norm,baseline,86,0.3420705497264862
MNIST,small,44,10,a2,output_weight_norm,baseline,87,0.3027178943157196
MNIST,small,44,10,a2,output_weight_norm,baseline,88,0.4319217801094055
MNIST,small,44,10,a2,output_weight_norm,baseline,89,0.33952826261520386
MNIST,small,44,10,a2,output_weight_norm,baseline,90,0.32720914483070374
MNIST,small,44,10,a2,output_weight_norm,baseline,91,0.27952250838279724
MNIST,small,44,10,a2,output_weight_norm,baseline,92,0.36432310938835144
MNIST,small,44,10,a2,output_weight_norm,baseline,93,0.3640296459197998
MNIST,small,44,10,a2,output_weight_norm,baseline,94,0.3660376965999603
MNIST,small,44,10,a2,output_weight_norm,baseline,95,0.36728423833847046
MNIST,small,44,10,a2,output_weight_norm,baseline,96,0.3553324341773987
MNIST,small,44,10,a2,output_weight_norm,baseline,97,0.33359038829803467
MNIST,small,44,10,a2,output_weight_norm,baseline,98,0.24907286465168
MNIST,small,44,10,a2,output_weight_norm,baseline,99,0.447220116853714
MNIST,small,44,10,a2,output_weight_norm,baseline,100,0.2611173093318939
MNIST,small,44,10,a2,output_weight_norm,baseline,101,0.4132496416568756
MNIST,small,44,10,a2,output_weight_norm,baseline,102,0.26317059993743896
MNIST,small,44,10,a2,output_weight_norm,baseline,103,0.2680250406265259
MNIST,small,44,10,a2,output_weight_norm,baseline,104,0.313340961933136
MNIST,small,44,10,a2,output_weight_norm,baseline,105,0.2936391532421112
MNIST,small,44,10,a2,output_weight_norm,baseline,106,0.3062118887901306
MNIST,small,44,10,a2,output_weight_norm,baseline,107,0.49091649055480957
MNIST,small,44,10,a2,output_weight_norm,baseline,108,0.34639400243759155
MNIST,small,44,10,a2,output_weight_norm,baseline,109,0.29483190178871155
MNIST,small,44,10,a2,output_weight_norm,baseline,110,0.3630521297454834
MNIST,small,44,10,a2,output_weight_norm,baseline,111,0.350471168756485
MNIST,small,44,10,a2,output_weight_norm,baseline,112,0.3551279604434967
MNIST,small,44,10,a2,output_weight_norm,baseline,113,0.3729420304298401
MNIST,small,44,10,a2,output_weight_norm,baseline,114,0.29049086570739746
MNIST,small,44,10,a2,output_weight_norm,baseline,115,0.31465891003608704
MNIST,small,44,10,a2,output_weight_norm,baseline,116,0.39278045296669006
MNIST,small,44,10,a2,output_weight_norm,baseline,117,0.3712567090988159
MNIST,small,44,10,a2,output_weight_norm,baseline,118,0.3235268294811249
MNIST,small,44,10,a2,output_weight_norm,baseline,119,0.3535718619823456
MNIST,small,44,10,a2,output_weight_norm,baseline,120,0.37994036078453064
MNIST,small,44,10,a2,output_weight_norm,baseline,121,0.3879062533378601
MNIST,small,44,10,a2,output_weight_norm,baseline,122,0.309985488653183
MNIST,small,44,10,a2,output_weight_norm,baseline,123,0.3333565294742584
MNIST,small,44,10,a2,output_weight_norm,baseline,124,0.3385334312915802
MNIST,small,44,10,a2,output_weight_norm,baseline,125,0.27993375062942505
MNIST,small,44,10,a2,output_weight_norm,baseline,126,0.3344005346298218
MNIST,small,44,10,a2,output_weight_norm,baseline,127,0.3131260871887207
MNIST,small,44,10,a1,mean_activation,baseline,0,1.2986021041870117
MNIST,small,44,10,a1,mean_activation,baseline,1,0.4714246392250061
MNIST,small,44,10,a1,mean_activation,baseline,2,0.5248827338218689
MNIST,small,44,10,a1,mean_activation,baseline,3,0.5689773559570312
MNIST,small,44,10,a1,mean_activation,baseline,4,0.0
MNIST,small,44,10,a1,mean_activation,baseline,5,1.0574617385864258
MNIST,small,44,10,a1,mean_activation,baseline,6,0.28932440280914307
MNIST,small,44,10,a1,mean_activation,baseline,7,0.53209388256073
MNIST,small,44,10,a1,mean_activation,baseline,8,0.4839175343513489
MNIST,small,44,10,a1,mean_activation,baseline,9,1.0437209606170654
MNIST,small,44,10,a1,mean_activation,baseline,10,1.1359792947769165
MNIST,small,44,10,a1,mean_activation,baseline,11,1.2386425733566284
MNIST,small,44,10,a1,mean_activation,baseline,12,0.0
MNIST,small,44,10,a1,mean_activation,baseline,13,0.49757134914398193
MNIST,small,44,10,a1,mean_activation,baseline,14,1.0279991626739502
MNIST,small,44,10,a1,mean_activation,baseline,15,0.0
MNIST,small,44,10,a1,mean_activation,baseline,16,0.5753911733627319
MNIST,small,44,10,a1,mean_activation,baseline,17,1.7163426876068115
MNIST,small,44,10,a1,mean_activation,baseline,18,0.9800569415092468
MNIST,small,44,10,a1,mean_activation,baseline,19,0.9740705490112305
MNIST,small,44,10,a1,mean_activation,baseline,20,0.9581982493400574
MNIST,small,44,10,a1,mean_activation,baseline,21,0.8924394845962524
MNIST,small,44,10,a1,mean_activation,baseline,22,0.7583619952201843
MNIST,small,44,10,a1,mean_activation,baseline,23,1.2946101427078247
MNIST,small,44,10,a1,mean_activation,baseline,24,0.2981683909893036
MNIST,small,44,10,a1,mean_activation,baseline,25,0.525766909122467
MNIST,small,44,10,a1,mean_activation,baseline,26,0.8720174431800842
MNIST,small,44,10,a1,mean_activation,baseline,27,0.6163350343704224
MNIST,small,44,10,a1,mean_activation,baseline,28,0.2687196135520935
MNIST,small,44,10,a1,mean_activation,baseline,29,1.5935032367706299
MNIST,small,44,10,a1,mean_activation,baseline,30,0.5476502180099487
MNIST,small,44,10,a1,mean_activation,baseline,31,1.224861979484558
MNIST,small,44,10,a1,mean_activation,baseline,32,0.6259470582008362
MNIST,small,44,10,a1,mean_activation,baseline,33,0.8114069700241089
MNIST,small,44,10,a1,mean_activation,baseline,34,0.33311644196510315
MNIST,small,44,10,a1,mean_activation,baseline,35,0.42359018325805664
MNIST,small,44,10,a1,mean_activation,baseline,36,0.25632181763648987
MNIST,small,44,10,a1,mean_activation,baseline,37,0.8589012622833252
MNIST,small,44,10,a1,mean_activation,baseline,38,0.9405190944671631
MNIST,small,44,10,a1,mean_activation,baseline,39,0.9210370182991028
MNIST,small,44,10,a1,mean_activation,baseline,40,0.3963024616241455
MNIST,small,44,10,a1,mean_activation,baseline,41,0.3573962450027466
MNIST,small,44,10,a1,mean_activation,baseline,42,0.5854227542877197
MNIST,small,44,10,a1,mean_activation,baseline,43,0.7158601880073547
MNIST,small,44,10,a1,mean_activation,baseline,44,0.3838656544685364
MNIST,small,44,10,a1,mean_activation,baseline,45,0.6486967206001282
MNIST,small,44,10,a1,mean_activation,baseline,46,0.43303871154785156
MNIST,small,44,10,a1,mean_activation,baseline,47,0.0
MNIST,small,44,10,a1,mean_activation,baseline,48,0.7150467038154602
MNIST,small,44,10,a1,mean_activation,baseline,49,0.44316408038139343
MNIST,small,44,10,a1,mean_activation,baseline,50,0.22070984542369843
MNIST,small,44,10,a1,mean_activation,baseline,51,0.5222609043121338
MNIST,small,44,10,a1,mean_activation,baseline,52,0.5322392582893372
MNIST,small,44,10,a1,mean_activation,baseline,53,0.9562450647354126
MNIST,small,44,10,a1,mean_activation,baseline,54,1.3810991048812866
MNIST,small,44,10,a1,mean_activation,baseline,55,0.2692904472351074
MNIST,small,44,10,a1,mean_activation,baseline,56,0.4302956759929657
MNIST,small,44,10,a1,mean_activation,baseline,57,0.8927944302558899
MNIST,small,44,10,a1,mean_activation,baseline,58,0.12587976455688477
MNIST,small,44,10,a1,mean_activation,baseline,59,0.38512685894966125
MNIST,small,44,10,a1,mean_activation,baseline,60,0.3274727761745453
MNIST,small,44,10,a1,mean_activation,baseline,61,1.8266198635101318
MNIST,small,44,10,a1,mean_activation,baseline,62,0.47520121932029724
MNIST,small,44,10,a1,mean_activation,baseline,63,0.38293924927711487
MNIST,small,44,10,a1,mean_activation,baseline,64,0.6728983521461487
MNIST,small,44,10,a1,mean_activation,baseline,65,0.13002069294452667
MNIST,small,44,10,a1,mean_activation,baseline,66,1.2226033210754395
MNIST,small,44,10,a1,mean_activation,baseline,67,0.15054795145988464
MNIST,small,44,10,a1,mean_activation,baseline,68,0.650822103023529
MNIST,small,44,10,a1,mean_activation,baseline,69,0.0
MNIST,small,44,10,a1,mean_activation,baseline,70,0.6527281403541565
MNIST,small,44,10,a1,mean_activation,baseline,71,0.7771437764167786
MNIST,small,44,10,a1,mean_activation,baseline,72,0.7070459127426147
MNIST,small,44,10,a1,mean_activation,baseline,73,0.5691022276878357
MNIST,small,44,10,a1,mean_activation,baseline,74,0.8787574172019958
MNIST,small,44,10,a1,mean_activation,baseline,75,0.49671095609664917
MNIST,small,44,10,a1,mean_activation,baseline,76,1.4463200569152832
MNIST,small,44,10,a1,mean_activation,baseline,77,0.2828015983104706
MNIST,small,44,10,a1,mean_activation,baseline,78,0.6873428821563721
MNIST,small,44,10,a1,mean_activation,baseline,79,0.4904344975948334
MNIST,small,44,10,a1,mean_activation,baseline,80,1.068060040473938
MNIST,small,44,10,a1,mean_activation,baseline,81,0.9375066161155701
MNIST,small,44,10,a1,mean_activation,baseline,82,0.7718141078948975
MNIST,small,44,10,a1,mean_activation,baseline,83,0.0003514551790431142
MNIST,small,44,10,a1,mean_activation,baseline,84,0.5548276901245117
MNIST,small,44,10,a1,mean_activation,baseline,85,0.7219562530517578
MNIST,small,44,10,a1,mean_activation,baseline,86,0.9415085315704346
MNIST,small,44,10,a1,mean_activation,baseline,87,0.3614027202129364
MNIST,small,44,10,a1,mean_activation,baseline,88,2.572274923324585
MNIST,small,44,10,a1,mean_activation,baseline,89,0.1574690341949463
MNIST,small,44,10,a1,mean_activation,baseline,90,0.0003509138769004494
MNIST,small,44,10,a1,mean_activation,baseline,91,1.040252923965454
MNIST,small,44,10,a1,mean_activation,baseline,92,0.32980313897132874
MNIST,small,44,10,a1,mean_activation,baseline,93,0.49098271131515503
MNIST,small,44,10,a1,mean_activation,baseline,94,0.30255377292633057
MNIST,small,44,10,a1,mean_activation,baseline,95,0.8218748569488525
MNIST,small,44,10,a1,mean_activation,baseline,96,0.4372023344039917
MNIST,small,44,10,a1,mean_activation,baseline,97,0.9180898666381836
MNIST,small,44,10,a1,mean_activation,baseline,98,0.0
MNIST,small,44,10,a1,mean_activation,baseline,99,0.5874123573303223
MNIST,small,44,10,a1,mean_activation,baseline,100,1.4023138284683228
MNIST,small,44,10,a1,mean_activation,baseline,101,0.7807635068893433
MNIST,small,44,10,a1,mean_activation,baseline,102,0.5398969054222107
MNIST,small,44,10,a1,mean_activation,baseline,103,0.0773242712020874
MNIST,small,44,10,a1,mean_activation,baseline,104,1.1568082571029663
MNIST,small,44,10,a1,mean_activation,baseline,105,0.815381646156311
MNIST,small,44,10,a1,mean_activation,baseline,106,0.327818900346756
MNIST,small,44,10,a1,mean_activation,baseline,107,0.6178844571113586
MNIST,small,44,10,a1,mean_activation,baseline,108,0.6294440627098083
MNIST,small,44,10,a1,mean_activation,baseline,109,1.058188796043396
MNIST,small,44,10,a1,mean_activation,baseline,110,0.9750500917434692
MNIST,small,44,10,a1,mean_activation,baseline,111,0.9915666580200195
MNIST,small,44,10,a1,mean_activation,baseline,112,0.7502776980400085
MNIST,small,44,10,a1,mean_activation,baseline,113,0.20120397210121155
MNIST,small,44,10,a1,mean_activation,baseline,114,0.0
MNIST,small,44,10,a1,mean_activation,baseline,115,0.15065418183803558
MNIST,small,44,10,a1,mean_activation,baseline,116,0.2976262867450714
MNIST,small,44,10,a1,mean_activation,baseline,117,0.7564171552658081
MNIST,small,44,10,a1,mean_activation,baseline,118,1.3639529943466187
MNIST,small,44,10,a1,mean_activation,baseline,119,0.8977617025375366
MNIST,small,44,10,a1,mean_activation,baseline,120,0.6340484619140625
MNIST,small,44,10,a1,mean_activation,baseline,121,0.38202857971191406
MNIST,small,44,10,a1,mean_activation,baseline,122,0.45886728167533875
MNIST,small,44,10,a1,mean_activation,baseline,123,0.2193615883588791
MNIST,small,44,10,a1,mean_activation,baseline,124,0.3114672303199768
MNIST,small,44,10,a1,mean_activation,baseline,125,0.9837335348129272
MNIST,small,44,10,a1,mean_activation,baseline,126,0.9693925380706787
MNIST,small,44,10,a1,mean_activation,baseline,127,0.8827640414237976
MNIST,small,44,10,a1,mean_activation,baseline,128,0.6424655318260193
MNIST,small,44,10,a1,mean_activation,baseline,129,1.32614004611969
MNIST,small,44,10,a1,mean_activation,baseline,130,1.433834433555603
MNIST,small,44,10,a1,mean_activation,baseline,131,0.7297342419624329
MNIST,small,44,10,a1,mean_activation,baseline,132,0.4892142415046692
MNIST,small,44,10,a1,mean_activation,baseline,133,0.46031445264816284
MNIST,small,44,10,a1,mean_activation,baseline,134,1.3832460641860962
MNIST,small,44,10,a1,mean_activation,baseline,135,0.0
MNIST,small,44,10,a1,mean_activation,baseline,136,0.8976798057556152
MNIST,small,44,10,a1,mean_activation,baseline,137,0.5419124960899353
MNIST,small,44,10,a1,mean_activation,baseline,138,0.5528565645217896
MNIST,small,44,10,a1,mean_activation,baseline,139,0.7485052347183228
MNIST,small,44,10,a1,mean_activation,baseline,140,0.8040291666984558
MNIST,small,44,10,a1,mean_activation,baseline,141,0.8657723665237427
MNIST,small,44,10,a1,mean_activation,baseline,142,0.5742310285568237
MNIST,small,44,10,a1,mean_activation,baseline,143,0.5916581749916077
MNIST,small,44,10,a1,mean_activation,baseline,144,0.3624305725097656
MNIST,small,44,10,a1,mean_activation,baseline,145,0.0
MNIST,small,44,10,a1,mean_activation,baseline,146,0.6040786504745483
MNIST,small,44,10,a1,mean_activation,baseline,147,0.6320246458053589
MNIST,small,44,10,a1,mean_activation,baseline,148,0.7953115701675415
MNIST,small,44,10,a1,mean_activation,baseline,149,1.1377437114715576
MNIST,small,44,10,a1,mean_activation,baseline,150,0.9652246832847595
MNIST,small,44,10,a1,mean_activation,baseline,151,0.59560227394104
MNIST,small,44,10,a1,mean_activation,baseline,152,0.6950303912162781
MNIST,small,44,10,a1,mean_activation,baseline,153,0.0
MNIST,small,44,10,a1,mean_activation,baseline,154,0.7845399379730225
MNIST,small,44,10,a1,mean_activation,baseline,155,0.5480575561523438
MNIST,small,44,10,a1,mean_activation,baseline,156,0.6303945779800415
MNIST,small,44,10,a1,mean_activation,baseline,157,0.3757604658603668
MNIST,small,44,10,a1,mean_activation,baseline,158,0.8849124312400818
MNIST,small,44,10,a1,mean_activation,baseline,159,0.8034916520118713
MNIST,small,44,10,a1,mean_activation,baseline,160,0.7817254066467285
MNIST,small,44,10,a1,mean_activation,baseline,161,0.9142470955848694
MNIST,small,44,10,a1,mean_activation,baseline,162,1.1450749635696411
MNIST,small,44,10,a1,mean_activation,baseline,163,0.41060367226600647
MNIST,small,44,10,a1,mean_activation,baseline,164,0.7425096035003662
MNIST,small,44,10,a1,mean_activation,baseline,165,0.0
MNIST,small,44,10,a1,mean_activation,baseline,166,1.4757874011993408
MNIST,small,44,10,a1,mean_activation,baseline,167,0.9738444089889526
MNIST,small,44,10,a1,mean_activation,baseline,168,1.1242685317993164
MNIST,small,44,10,a1,mean_activation,baseline,169,0.41455718874931335
MNIST,small,44,10,a1,mean_activation,baseline,170,0.15495941042900085
MNIST,small,44,10,a1,mean_activation,baseline,171,1.3883987665176392
MNIST,small,44,10,a1,mean_activation,baseline,172,0.7788566946983337
MNIST,small,44,10,a1,mean_activation,baseline,173,1.3672845363616943
MNIST,small,44,10,a1,mean_activation,baseline,174,0.32672128081321716
MNIST,small,44,10,a1,mean_activation,baseline,175,0.19824406504631042
MNIST,small,44,10,a1,mean_activation,baseline,176,0.8566555976867676
MNIST,small,44,10,a1,mean_activation,baseline,177,0.6620610952377319
MNIST,small,44,10,a1,mean_activation,baseline,178,0.4256485402584076
MNIST,small,44,10,a1,mean_activation,baseline,179,0.7296395301818848
MNIST,small,44,10,a1,mean_activation,baseline,180,0.8931538462638855
MNIST,small,44,10,a1,mean_activation,baseline,181,0.27368053793907166
MNIST,small,44,10,a1,mean_activation,baseline,182,0.6004694104194641
MNIST,small,44,10,a1,mean_activation,baseline,183,0.7490809559822083
MNIST,small,44,10,a1,mean_activation,baseline,184,0.9216455817222595
MNIST,small,44,10,a1,mean_activation,baseline,185,0.4955379366874695
MNIST,small,44,10,a1,mean_activation,baseline,186,0.4681854844093323
MNIST,small,44,10,a1,mean_activation,baseline,187,0.5763565897941589
MNIST,small,44,10,a1,mean_activation,baseline,188,0.268047034740448
MNIST,small,44,10,a1,mean_activation,baseline,189,0.17725259065628052
MNIST,small,44,10,a1,mean_activation,baseline,190,0.7304624319076538
MNIST,small,44,10,a1,mean_activation,baseline,191,0.5416033267974854
MNIST,small,44,10,a1,mean_activation,baseline,192,1.7027992010116577
MNIST,small,44,10,a1,mean_activation,baseline,193,0.4517228305339813
MNIST,small,44,10,a1,mean_activation,baseline,194,1.1641888618469238
MNIST,small,44,10,a1,mean_activation,baseline,195,0.5946555733680725
MNIST,small,44,10,a1,mean_activation,baseline,196,1.221502661705017
MNIST,small,44,10,a1,mean_activation,baseline,197,0.6525911688804626
MNIST,small,44,10,a1,mean_activation,baseline,198,0.6802467703819275
MNIST,small,44,10,a1,mean_activation,baseline,199,2.098029613494873
MNIST,small,44,10,a1,mean_activation,baseline,200,0.7810231447219849
MNIST,small,44,10,a1,mean_activation,baseline,201,0.3162989616394043
MNIST,small,44,10,a1,mean_activation,baseline,202,0.01853611133992672
MNIST,small,44,10,a1,mean_activation,baseline,203,0.0
MNIST,small,44,10,a1,mean_activation,baseline,204,0.19881267845630646
MNIST,small,44,10,a1,mean_activation,baseline,205,0.4365878105163574
MNIST,small,44,10,a1,mean_activation,baseline,206,1.10297691822052
MNIST,small,44,10,a1,mean_activation,baseline,207,1.5406571626663208
MNIST,small,44,10,a1,mean_activation,baseline,208,0.6296744346618652
MNIST,small,44,10,a1,mean_activation,baseline,209,0.8478714823722839
MNIST,small,44,10,a1,mean_activation,baseline,210,1.236389398574829
MNIST,small,44,10,a1,mean_activation,baseline,211,0.17314612865447998
MNIST,small,44,10,a1,mean_activation,baseline,212,0.22060805559158325
MNIST,small,44,10,a1,mean_activation,baseline,213,0.9693724513053894
MNIST,small,44,10,a1,mean_activation,baseline,214,0.49625131487846375
MNIST,small,44,10,a1,mean_activation,baseline,215,0.5577276945114136
MNIST,small,44,10,a1,mean_activation,baseline,216,1.1664189100265503
MNIST,small,44,10,a1,mean_activation,baseline,217,0.45269957184791565
MNIST,small,44,10,a1,mean_activation,baseline,218,0.4955216646194458
MNIST,small,44,10,a1,mean_activation,baseline,219,0.5871469974517822
MNIST,small,44,10,a1,mean_activation,baseline,220,0.2560853362083435
MNIST,small,44,10,a1,mean_activation,baseline,221,0.8260292410850525
MNIST,small,44,10,a1,mean_activation,baseline,222,1.518974781036377
MNIST,small,44,10,a1,mean_activation,baseline,223,0.46687012910842896
MNIST,small,44,10,a1,mean_activation,baseline,224,0.3887246549129486
MNIST,small,44,10,a1,mean_activation,baseline,225,0.7665471434593201
MNIST,small,44,10,a1,mean_activation,baseline,226,0.38222819566726685
MNIST,small,44,10,a1,mean_activation,baseline,227,0.5683218836784363
MNIST,small,44,10,a1,mean_activation,baseline,228,0.2691954970359802
MNIST,small,44,10,a1,mean_activation,baseline,229,0.2559770345687866
MNIST,small,44,10,a1,mean_activation,baseline,230,1.0111007690429688
MNIST,small,44,10,a1,mean_activation,baseline,231,1.183579921722412
MNIST,small,44,10,a1,mean_activation,baseline,232,0.44935905933380127
MNIST,small,44,10,a1,mean_activation,baseline,233,0.2553655803203583
MNIST,small,44,10,a1,mean_activation,baseline,234,0.7227452993392944
MNIST,small,44,10,a1,mean_activation,baseline,235,1.4437530040740967
MNIST,small,44,10,a1,mean_activation,baseline,236,0.7352339029312134
MNIST,small,44,10,a1,mean_activation,baseline,237,1.64653480052948
MNIST,small,44,10,a1,mean_activation,baseline,238,0.20710968971252441
MNIST,small,44,10,a1,mean_activation,baseline,239,1.296668529510498
MNIST,small,44,10,a1,mean_activation,baseline,240,0.4309316873550415
MNIST,small,44,10,a1,mean_activation,baseline,241,0.3766656517982483
MNIST,small,44,10,a1,mean_activation,baseline,242,2.042145013809204
MNIST,small,44,10,a1,mean_activation,baseline,243,0.8003607988357544
MNIST,small,44,10,a1,mean_activation,baseline,244,0.5305445790290833
MNIST,small,44,10,a1,mean_activation,baseline,245,0.5589680671691895
MNIST,small,44,10,a1,mean_activation,baseline,246,0.6702591776847839
MNIST,small,44,10,a1,mean_activation,baseline,247,0.5925571918487549
MNIST,small,44,10,a1,mean_activation,baseline,248,1.2766454219818115
MNIST,small,44,10,a1,mean_activation,baseline,249,0.48937565088272095
MNIST,small,44,10,a1,mean_activation,baseline,250,0.38602739572525024
MNIST,small,44,10,a1,mean_activation,baseline,251,0.6181975603103638
MNIST,small,44,10,a1,mean_activation,baseline,252,0.10991758853197098
MNIST,small,44,10,a1,mean_activation,baseline,253,1.1368674039840698
MNIST,small,44,10,a1,mean_activation,baseline,254,1.095942497253418
MNIST,small,44,10,a1,mean_activation,baseline,255,1.243651270866394
MNIST,small,44,10,a2,mean_activation,baseline,0,1.310243010520935
MNIST,small,44,10,a2,mean_activation,baseline,1,0.9514046311378479
MNIST,small,44,10,a2,mean_activation,baseline,2,0.0
MNIST,small,44,10,a2,mean_activation,baseline,3,1.3165360689163208
MNIST,small,44,10,a2,mean_activation,baseline,4,1.1416501998901367
MNIST,small,44,10,a2,mean_activation,baseline,5,1.8497569561004639
MNIST,small,44,10,a2,mean_activation,baseline,6,1.5307590961456299
MNIST,small,44,10,a2,mean_activation,baseline,7,1.0873600244522095
MNIST,small,44,10,a2,mean_activation,baseline,8,3.1179463863372803
MNIST,small,44,10,a2,mean_activation,baseline,9,1.5777959823608398
MNIST,small,44,10,a2,mean_activation,baseline,10,0.9987143278121948
MNIST,small,44,10,a2,mean_activation,baseline,11,1.0657685995101929
MNIST,small,44,10,a2,mean_activation,baseline,12,1.240885853767395
MNIST,small,44,10,a2,mean_activation,baseline,13,2.229863405227661
MNIST,small,44,10,a2,mean_activation,baseline,14,2.287339925765991
MNIST,small,44,10,a2,mean_activation,baseline,15,0.468818336725235
MNIST,small,44,10,a2,mean_activation,baseline,16,1.9377095699310303
MNIST,small,44,10,a2,mean_activation,baseline,17,2.472412347793579
MNIST,small,44,10,a2,mean_activation,baseline,18,1.9858789443969727
MNIST,small,44,10,a2,mean_activation,baseline,19,1.2051142454147339
MNIST,small,44,10,a2,mean_activation,baseline,20,1.4279884099960327
MNIST,small,44,10,a2,mean_activation,baseline,21,1.86857008934021
MNIST,small,44,10,a2,mean_activation,baseline,22,1.0559258460998535
MNIST,small,44,10,a2,mean_activation,baseline,23,1.6913328170776367
MNIST,small,44,10,a2,mean_activation,baseline,24,1.6233384609222412
MNIST,small,44,10,a2,mean_activation,baseline,25,1.426419973373413
MNIST,small,44,10,a2,mean_activation,baseline,26,2.2736454010009766
MNIST,small,44,10,a2,mean_activation,baseline,27,0.7483546733856201
MNIST,small,44,10,a2,mean_activation,baseline,28,1.6470879316329956
MNIST,small,44,10,a2,mean_activation,baseline,29,2.456468105316162
MNIST,small,44,10,a2,mean_activation,baseline,30,1.4624910354614258
MNIST,small,44,10,a2,mean_activation,baseline,31,0.874782919883728
MNIST,small,44,10,a2,mean_activation,baseline,32,2.249013900756836
MNIST,small,44,10,a2,mean_activation,baseline,33,1.2402499914169312
MNIST,small,44,10,a2,mean_activation,baseline,34,2.3757336139678955
MNIST,small,44,10,a2,mean_activation,baseline,35,1.7261767387390137
MNIST,small,44,10,a2,mean_activation,baseline,36,0.9155737161636353
MNIST,small,44,10,a2,mean_activation,baseline,37,2.3221120834350586
MNIST,small,44,10,a2,mean_activation,baseline,38,1.3226336240768433
MNIST,small,44,10,a2,mean_activation,baseline,39,1.5569374561309814
MNIST,small,44,10,a2,mean_activation,baseline,40,1.4060677289962769
MNIST,small,44,10,a2,mean_activation,baseline,41,0.0
MNIST,small,44,10,a2,mean_activation,baseline,42,1.6109788417816162
MNIST,small,44,10,a2,mean_activation,baseline,43,1.0815532207489014
MNIST,small,44,10,a2,mean_activation,baseline,44,2.937093496322632
MNIST,small,44,10,a2,mean_activation,baseline,45,3.036163806915283
MNIST,small,44,10,a2,mean_activation,baseline,46,1.3883180618286133
MNIST,small,44,10,a2,mean_activation,baseline,47,0.7940693497657776
MNIST,small,44,10,a2,mean_activation,baseline,48,0.7704537510871887
MNIST,small,44,10,a2,mean_activation,baseline,49,0.9693138599395752
MNIST,small,44,10,a2,mean_activation,baseline,50,1.9206441640853882
MNIST,small,44,10,a2,mean_activation,baseline,51,1.320051670074463
MNIST,small,44,10,a2,mean_activation,baseline,52,1.034437656402588
MNIST,small,44,10,a2,mean_activation,baseline,53,0.9557209014892578
MNIST,small,44,10,a2,mean_activation,baseline,54,0.8756330609321594
MNIST,small,44,10,a2,mean_activation,baseline,55,1.4169257879257202
MNIST,small,44,10,a2,mean_activation,baseline,56,0.9161037802696228
MNIST,small,44,10,a2,mean_activation,baseline,57,1.468886137008667
MNIST,small,44,10,a2,mean_activation,baseline,58,0.4134266972541809
MNIST,small,44,10,a2,mean_activation,baseline,59,1.6700197458267212
MNIST,small,44,10,a2,mean_activation,baseline,60,0.7216451168060303
MNIST,small,44,10,a2,mean_activation,baseline,61,1.5855523347854614
MNIST,small,44,10,a2,mean_activation,baseline,62,2.351100206375122
MNIST,small,44,10,a2,mean_activation,baseline,63,1.0518625974655151
MNIST,small,44,10,a2,mean_activation,baseline,64,1.2750262022018433
MNIST,small,44,10,a2,mean_activation,baseline,65,1.6768877506256104
MNIST,small,44,10,a2,mean_activation,baseline,66,1.5239547491073608
MNIST,small,44,10,a2,mean_activation,baseline,67,1.8458504676818848
MNIST,small,44,10,a2,mean_activation,baseline,68,2.0453922748565674
MNIST,small,44,10,a2,mean_activation,baseline,69,1.7996506690979004
MNIST,small,44,10,a2,mean_activation,baseline,70,2.3216633796691895
MNIST,small,44,10,a2,mean_activation,baseline,71,1.622096300125122
MNIST,small,44,10,a2,mean_activation,baseline,72,2.1547951698303223
MNIST,small,44,10,a2,mean_activation,baseline,73,1.8997845649719238
MNIST,small,44,10,a2,mean_activation,baseline,74,0.6969108581542969
MNIST,small,44,10,a2,mean_activation,baseline,75,0.9663964509963989
MNIST,small,44,10,a2,mean_activation,baseline,76,1.7611736059188843
MNIST,small,44,10,a2,mean_activation,baseline,77,0.6097029447555542
MNIST,small,44,10,a2,mean_activation,baseline,78,1.6019059419631958
MNIST,small,44,10,a2,mean_activation,baseline,79,1.1824822425842285
MNIST,small,44,10,a2,mean_activation,baseline,80,0.9536841511726379
MNIST,small,44,10,a2,mean_activation,baseline,81,2.0891687870025635
MNIST,small,44,10,a2,mean_activation,baseline,82,1.5601974725723267
MNIST,small,44,10,a2,mean_activation,baseline,83,0.8829501867294312
MNIST,small,44,10,a2,mean_activation,baseline,84,0.8008968830108643
MNIST,small,44,10,a2,mean_activation,baseline,85,0.8372124433517456
MNIST,small,44,10,a2,mean_activation,baseline,86,1.4224910736083984
MNIST,small,44,10,a2,mean_activation,baseline,87,1.2767902612686157
MNIST,small,44,10,a2,mean_activation,baseline,88,1.3628250360488892
MNIST,small,44,10,a2,mean_activation,baseline,89,1.6961612701416016
MNIST,small,44,10,a2,mean_activation,baseline,90,0.3845391571521759
MNIST,small,44,10,a2,mean_activation,baseline,91,0.5828524827957153
MNIST,small,44,10,a2,mean_activation,baseline,92,1.1286351680755615
MNIST,small,44,10,a2,mean_activation,baseline,93,0.34266141057014465
MNIST,small,44,10,a2,mean_activation,baseline,94,1.6280604600906372
MNIST,small,44,10,a2,mean_activation,baseline,95,0.8056824207305908
MNIST,small,44,10,a2,mean_activation,baseline,96,1.5168451070785522
MNIST,small,44,10,a2,mean_activation,baseline,97,0.5898668169975281
MNIST,small,44,10,a2,mean_activation,baseline,98,0.4970565736293793
MNIST,small,44,10,a2,mean_activation,baseline,99,1.9293725490570068
MNIST,small,44,10,a2,mean_activation,baseline,100,0.39225247502326965
MNIST,small,44,10,a2,mean_activation,baseline,101,0.8978825807571411
MNIST,small,44,10,a2,mean_activation,baseline,102,1.6903858184814453
MNIST,small,44,10,a2,mean_activation,baseline,103,1.6612348556518555
MNIST,small,44,10,a2,mean_activation,baseline,104,1.519273281097412
MNIST,small,44,10,a2,mean_activation,baseline,105,1.8088195323944092
MNIST,small,44,10,a2,mean_activation,baseline,106,1.560034155845642
MNIST,small,44,10,a2,mean_activation,baseline,107,0.8164814114570618
MNIST,small,44,10,a2,mean_activation,baseline,108,2.5199766159057617
MNIST,small,44,10,a2,mean_activation,baseline,109,1.915745735168457
MNIST,small,44,10,a2,mean_activation,baseline,110,1.2678905725479126
MNIST,small,44,10,a2,mean_activation,baseline,111,1.5180174112319946
MNIST,small,44,10,a2,mean_activation,baseline,112,1.4672218561172485
MNIST,small,44,10,a2,mean_activation,baseline,113,1.5702598094940186
MNIST,small,44,10,a2,mean_activation,baseline,114,1.7411456108093262
MNIST,small,44,10,a2,mean_activation,baseline,115,2.077601432800293
MNIST,small,44,10,a2,mean_activation,baseline,116,1.2017592191696167
MNIST,small,44,10,a2,mean_activation,baseline,117,1.467663049697876
MNIST,small,44,10,a2,mean_activation,baseline,118,1.9641612768173218
MNIST,small,44,10,a2,mean_activation,baseline,119,1.5758228302001953
MNIST,small,44,10,a2,mean_activation,baseline,120,1.416530966758728
MNIST,small,44,10,a2,mean_activation,baseline,121,1.2511042356491089
MNIST,small,44,10,a2,mean_activation,baseline,122,1.6484593152999878
MNIST,small,44,10,a2,mean_activation,baseline,123,1.0664335489273071
MNIST,small,44,10,a2,mean_activation,baseline,124,2.0428175926208496
MNIST,small,44,10,a2,mean_activation,baseline,125,0.623579740524292
MNIST,small,44,10,a2,mean_activation,baseline,126,1.189388632774353
MNIST,small,44,10,a2,mean_activation,baseline,127,1.472180962562561
MNIST,small,44,10,a1,firing_rate,baseline,0,0.4755859375
MNIST,small,44,10,a1,firing_rate,baseline,1,0.1689453125
MNIST,small,44,10,a1,firing_rate,baseline,2,0.28076171875
MNIST,small,44,10,a1,firing_rate,baseline,3,0.2626953125
MNIST,small,44,10,a1,firing_rate,baseline,4,0.0
MNIST,small,44,10,a1,firing_rate,baseline,5,0.3779296875
MNIST,small,44,10,a1,firing_rate,baseline,6,0.134765625
MNIST,small,44,10,a1,firing_rate,baseline,7,0.1748046875
MNIST,small,44,10,a1,firing_rate,baseline,8,0.2880859375
MNIST,small,44,10,a1,firing_rate,baseline,9,0.421875
MNIST,small,44,10,a1,firing_rate,baseline,10,0.2138671875
MNIST,small,44,10,a1,firing_rate,baseline,11,0.32421875
MNIST,small,44,10,a1,firing_rate,baseline,12,0.0
MNIST,small,44,10,a1,firing_rate,baseline,13,0.18359375
MNIST,small,44,10,a1,firing_rate,baseline,14,0.35107421875
MNIST,small,44,10,a1,firing_rate,baseline,15,0.0
MNIST,small,44,10,a1,firing_rate,baseline,16,0.2607421875
MNIST,small,44,10,a1,firing_rate,baseline,17,0.5146484375
MNIST,small,44,10,a1,firing_rate,baseline,18,0.3330078125
MNIST,small,44,10,a1,firing_rate,baseline,19,0.33740234375
MNIST,small,44,10,a1,firing_rate,baseline,20,0.2822265625
MNIST,small,44,10,a1,firing_rate,baseline,21,0.3173828125
MNIST,small,44,10,a1,firing_rate,baseline,22,0.31591796875
MNIST,small,44,10,a1,firing_rate,baseline,23,0.46240234375
MNIST,small,44,10,a1,firing_rate,baseline,24,0.0986328125
MNIST,small,44,10,a1,firing_rate,baseline,25,0.25048828125
MNIST,small,44,10,a1,firing_rate,baseline,26,0.32666015625
MNIST,small,44,10,a1,firing_rate,baseline,27,0.18359375
MNIST,small,44,10,a1,firing_rate,baseline,28,0.08349609375
MNIST,small,44,10,a1,firing_rate,baseline,29,0.5380859375
MNIST,small,44,10,a1,firing_rate,baseline,30,0.1630859375
MNIST,small,44,10,a1,firing_rate,baseline,31,0.4150390625
MNIST,small,44,10,a1,firing_rate,baseline,32,0.26416015625
MNIST,small,44,10,a1,firing_rate,baseline,33,0.28564453125
MNIST,small,44,10,a1,firing_rate,baseline,34,0.185546875
MNIST,small,44,10,a1,firing_rate,baseline,35,0.111328125
MNIST,small,44,10,a1,firing_rate,baseline,36,0.0849609375
MNIST,small,44,10,a1,firing_rate,baseline,37,0.3994140625
MNIST,small,44,10,a1,firing_rate,baseline,38,0.4169921875
MNIST,small,44,10,a1,firing_rate,baseline,39,0.4287109375
MNIST,small,44,10,a1,firing_rate,baseline,40,0.1953125
MNIST,small,44,10,a1,firing_rate,baseline,41,0.10888671875
MNIST,small,44,10,a1,firing_rate,baseline,42,0.22509765625
MNIST,small,44,10,a1,firing_rate,baseline,43,0.2509765625
MNIST,small,44,10,a1,firing_rate,baseline,44,0.1943359375
MNIST,small,44,10,a1,firing_rate,baseline,45,0.25634765625
MNIST,small,44,10,a1,firing_rate,baseline,46,0.1279296875
MNIST,small,44,10,a1,firing_rate,baseline,47,0.0
MNIST,small,44,10,a1,firing_rate,baseline,48,0.26220703125
MNIST,small,44,10,a1,firing_rate,baseline,49,0.15966796875
MNIST,small,44,10,a1,firing_rate,baseline,50,0.10595703125
MNIST,small,44,10,a1,firing_rate,baseline,51,0.138671875
MNIST,small,44,10,a1,firing_rate,baseline,52,0.2529296875
MNIST,small,44,10,a1,firing_rate,baseline,53,0.33447265625
MNIST,small,44,10,a1,firing_rate,baseline,54,0.4013671875
MNIST,small,44,10,a1,firing_rate,baseline,55,0.1123046875
MNIST,small,44,10,a1,firing_rate,baseline,56,0.1650390625
MNIST,small,44,10,a1,firing_rate,baseline,57,0.248046875
MNIST,small,44,10,a1,firing_rate,baseline,58,0.05419921875
MNIST,small,44,10,a1,firing_rate,baseline,59,0.20703125
MNIST,small,44,10,a1,firing_rate,baseline,60,0.12109375
MNIST,small,44,10,a1,firing_rate,baseline,61,0.572265625
MNIST,small,44,10,a1,firing_rate,baseline,62,0.333984375
MNIST,small,44,10,a1,firing_rate,baseline,63,0.232421875
MNIST,small,44,10,a1,firing_rate,baseline,64,0.36474609375
MNIST,small,44,10,a1,firing_rate,baseline,65,0.09228515625
MNIST,small,44,10,a1,firing_rate,baseline,66,0.3837890625
MNIST,small,44,10,a1,firing_rate,baseline,67,0.1015625
MNIST,small,44,10,a1,firing_rate,baseline,68,0.25634765625
MNIST,small,44,10,a1,firing_rate,baseline,69,0.0
MNIST,small,44,10,a1,firing_rate,baseline,70,0.35302734375
MNIST,small,44,10,a1,firing_rate,baseline,71,0.2783203125
MNIST,small,44,10,a1,firing_rate,baseline,72,0.2607421875
MNIST,small,44,10,a1,firing_rate,baseline,73,0.24267578125
MNIST,small,44,10,a1,firing_rate,baseline,74,0.34521484375
MNIST,small,44,10,a1,firing_rate,baseline,75,0.22216796875
MNIST,small,44,10,a1,firing_rate,baseline,76,0.60791015625
MNIST,small,44,10,a1,firing_rate,baseline,77,0.1181640625
MNIST,small,44,10,a1,firing_rate,baseline,78,0.25537109375
MNIST,small,44,10,a1,firing_rate,baseline,79,0.19580078125
MNIST,small,44,10,a1,firing_rate,baseline,80,0.3310546875
MNIST,small,44,10,a1,firing_rate,baseline,81,0.42333984375
MNIST,small,44,10,a1,firing_rate,baseline,82,0.2509765625
MNIST,small,44,10,a1,firing_rate,baseline,83,0.00244140625
MNIST,small,44,10,a1,firing_rate,baseline,84,0.1474609375
MNIST,small,44,10,a1,firing_rate,baseline,85,0.236328125
MNIST,small,44,10,a1,firing_rate,baseline,86,0.30712890625
MNIST,small,44,10,a1,firing_rate,baseline,87,0.142578125
MNIST,small,44,10,a1,firing_rate,baseline,88,0.6865234375
MNIST,small,44,10,a1,firing_rate,baseline,89,0.07373046875
MNIST,small,44,10,a1,firing_rate,baseline,90,0.0009765625
MNIST,small,44,10,a1,firing_rate,baseline,91,0.31640625
MNIST,small,44,10,a1,firing_rate,baseline,92,0.142578125
MNIST,small,44,10,a1,firing_rate,baseline,93,0.16650390625
MNIST,small,44,10,a1,firing_rate,baseline,94,0.15380859375
MNIST,small,44,10,a1,firing_rate,baseline,95,0.28271484375
MNIST,small,44,10,a1,firing_rate,baseline,96,0.1904296875
MNIST,small,44,10,a1,firing_rate,baseline,97,0.37353515625
MNIST,small,44,10,a1,firing_rate,baseline,98,0.0
MNIST,small,44,10,a1,firing_rate,baseline,99,0.2314453125
MNIST,small,44,10,a1,firing_rate,baseline,100,0.52734375
MNIST,small,44,10,a1,firing_rate,baseline,101,0.302734375
MNIST,small,44,10,a1,firing_rate,baseline,102,0.20751953125
MNIST,small,44,10,a1,firing_rate,baseline,103,0.05517578125
MNIST,small,44,10,a1,firing_rate,baseline,104,0.42578125
MNIST,small,44,10,a1,firing_rate,baseline,105,0.2646484375
MNIST,small,44,10,a1,firing_rate,baseline,106,0.1259765625
MNIST,small,44,10,a1,firing_rate,baseline,107,0.21630859375
MNIST,small,44,10,a1,firing_rate,baseline,108,0.22119140625
MNIST,small,44,10,a1,firing_rate,baseline,109,0.35595703125
MNIST,small,44,10,a1,firing_rate,baseline,110,0.353515625
MNIST,small,44,10,a1,firing_rate,baseline,111,0.38134765625
MNIST,small,44,10,a1,firing_rate,baseline,112,0.27734375
MNIST,small,44,10,a1,firing_rate,baseline,113,0.109375
MNIST,small,44,10,a1,firing_rate,baseline,114,0.0
MNIST,small,44,10,a1,firing_rate,baseline,115,0.08251953125
MNIST,small,44,10,a1,firing_rate,baseline,116,0.16162109375
MNIST,small,44,10,a1,firing_rate,baseline,117,0.27294921875
MNIST,small,44,10,a1,firing_rate,baseline,118,0.4677734375
MNIST,small,44,10,a1,firing_rate,baseline,119,0.296875
MNIST,small,44,10,a1,firing_rate,baseline,120,0.39599609375
MNIST,small,44,10,a1,firing_rate,baseline,121,0.1240234375
MNIST,small,44,10,a1,firing_rate,baseline,122,0.1201171875
MNIST,small,44,10,a1,firing_rate,baseline,123,0.10693359375
MNIST,small,44,10,a1,firing_rate,baseline,124,0.130859375
MNIST,small,44,10,a1,firing_rate,baseline,125,0.26220703125
MNIST,small,44,10,a1,firing_rate,baseline,126,0.2548828125
MNIST,small,44,10,a1,firing_rate,baseline,127,0.37451171875
MNIST,small,44,10,a1,firing_rate,baseline,128,0.28369140625
MNIST,small,44,10,a1,firing_rate,baseline,129,0.44873046875
MNIST,small,44,10,a1,firing_rate,baseline,130,0.3916015625
MNIST,small,44,10,a1,firing_rate,baseline,131,0.2763671875
MNIST,small,44,10,a1,firing_rate,baseline,132,0.15380859375
MNIST,small,44,10,a1,firing_rate,baseline,133,0.14111328125
MNIST,small,44,10,a1,firing_rate,baseline,134,0.49365234375
MNIST,small,44,10,a1,firing_rate,baseline,135,0.0
MNIST,small,44,10,a1,firing_rate,baseline,136,0.3447265625
MNIST,small,44,10,a1,firing_rate,baseline,137,0.1572265625
MNIST,small,44,10,a1,firing_rate,baseline,138,0.25732421875
MNIST,small,44,10,a1,firing_rate,baseline,139,0.23681640625
MNIST,small,44,10,a1,firing_rate,baseline,140,0.34130859375
MNIST,small,44,10,a1,firing_rate,baseline,141,0.3076171875
MNIST,small,44,10,a1,firing_rate,baseline,142,0.2841796875
MNIST,small,44,10,a1,firing_rate,baseline,143,0.22802734375
MNIST,small,44,10,a1,firing_rate,baseline,144,0.18115234375
MNIST,small,44,10,a1,firing_rate,baseline,145,0.0
MNIST,small,44,10,a1,firing_rate,baseline,146,0.2041015625
MNIST,small,44,10,a1,firing_rate,baseline,147,0.185546875
MNIST,small,44,10,a1,firing_rate,baseline,148,0.267578125
MNIST,small,44,10,a1,firing_rate,baseline,149,0.54345703125
MNIST,small,44,10,a1,firing_rate,baseline,150,0.337890625
MNIST,small,44,10,a1,firing_rate,baseline,151,0.26806640625
MNIST,small,44,10,a1,firing_rate,baseline,152,0.19580078125
MNIST,small,44,10,a1,firing_rate,baseline,153,0.0
MNIST,small,44,10,a1,firing_rate,baseline,154,0.14794921875
MNIST,small,44,10,a1,firing_rate,baseline,155,0.22216796875
MNIST,small,44,10,a1,firing_rate,baseline,156,0.2685546875
MNIST,small,44,10,a1,firing_rate,baseline,157,0.13916015625
MNIST,small,44,10,a1,firing_rate,baseline,158,0.47998046875
MNIST,small,44,10,a1,firing_rate,baseline,159,0.27001953125
MNIST,small,44,10,a1,firing_rate,baseline,160,0.2646484375
MNIST,small,44,10,a1,firing_rate,baseline,161,0.3134765625
MNIST,small,44,10,a1,firing_rate,baseline,162,0.39111328125
MNIST,small,44,10,a1,firing_rate,baseline,163,0.18505859375
MNIST,small,44,10,a1,firing_rate,baseline,164,0.30078125
MNIST,small,44,10,a1,firing_rate,baseline,165,0.0
MNIST,small,44,10,a1,firing_rate,baseline,166,0.54345703125
MNIST,small,44,10,a1,firing_rate,baseline,167,0.3505859375
MNIST,small,44,10,a1,firing_rate,baseline,168,0.3896484375
MNIST,small,44,10,a1,firing_rate,baseline,169,0.17138671875
MNIST,small,44,10,a1,firing_rate,baseline,170,0.09912109375
MNIST,small,44,10,a1,firing_rate,baseline,171,0.396484375
MNIST,small,44,10,a1,firing_rate,baseline,172,0.34033203125
MNIST,small,44,10,a1,firing_rate,baseline,173,0.3896484375
MNIST,small,44,10,a1,firing_rate,baseline,174,0.1787109375
MNIST,small,44,10,a1,firing_rate,baseline,175,0.11669921875
MNIST,small,44,10,a1,firing_rate,baseline,176,0.2314453125
MNIST,small,44,10,a1,firing_rate,baseline,177,0.294921875
MNIST,small,44,10,a1,firing_rate,baseline,178,0.1875
MNIST,small,44,10,a1,firing_rate,baseline,179,0.271484375
MNIST,small,44,10,a1,firing_rate,baseline,180,0.41357421875
MNIST,small,44,10,a1,firing_rate,baseline,181,0.134765625
MNIST,small,44,10,a1,firing_rate,baseline,182,0.19189453125
MNIST,small,44,10,a1,firing_rate,baseline,183,0.29541015625
MNIST,small,44,10,a1,firing_rate,baseline,184,0.376953125
MNIST,small,44,10,a1,firing_rate,baseline,185,0.13720703125
MNIST,small,44,10,a1,firing_rate,baseline,186,0.2373046875
MNIST,small,44,10,a1,firing_rate,baseline,187,0.20458984375
MNIST,small,44,10,a1,firing_rate,baseline,188,0.1005859375
MNIST,small,44,10,a1,firing_rate,baseline,189,0.107421875
MNIST,small,44,10,a1,firing_rate,baseline,190,0.29931640625
MNIST,small,44,10,a1,firing_rate,baseline,191,0.2900390625
MNIST,small,44,10,a1,firing_rate,baseline,192,0.5244140625
MNIST,small,44,10,a1,firing_rate,baseline,193,0.18603515625
MNIST,small,44,10,a1,firing_rate,baseline,194,0.3720703125
MNIST,small,44,10,a1,firing_rate,baseline,195,0.18212890625
MNIST,small,44,10,a1,firing_rate,baseline,196,0.48291015625
MNIST,small,44,10,a1,firing_rate,baseline,197,0.1845703125
MNIST,small,44,10,a1,firing_rate,baseline,198,0.1982421875
MNIST,small,44,10,a1,firing_rate,baseline,199,0.583984375
MNIST,small,44,10,a1,firing_rate,baseline,200,0.3037109375
MNIST,small,44,10,a1,firing_rate,baseline,201,0.2265625
MNIST,small,44,10,a1,firing_rate,baseline,202,0.0166015625
MNIST,small,44,10,a1,firing_rate,baseline,203,0.0
MNIST,small,44,10,a1,firing_rate,baseline,204,0.103515625
MNIST,small,44,10,a1,firing_rate,baseline,205,0.2021484375
MNIST,small,44,10,a1,firing_rate,baseline,206,0.3447265625
MNIST,small,44,10,a1,firing_rate,baseline,207,0.544921875
MNIST,small,44,10,a1,firing_rate,baseline,208,0.244140625
MNIST,small,44,10,a1,firing_rate,baseline,209,0.32861328125
MNIST,small,44,10,a1,firing_rate,baseline,210,0.26708984375
MNIST,small,44,10,a1,firing_rate,baseline,211,0.11962890625
MNIST,small,44,10,a1,firing_rate,baseline,212,0.14208984375
MNIST,small,44,10,a1,firing_rate,baseline,213,0.30224609375
MNIST,small,44,10,a1,firing_rate,baseline,214,0.30615234375
MNIST,small,44,10,a1,firing_rate,baseline,215,0.1630859375
MNIST,small,44,10,a1,firing_rate,baseline,216,0.41943359375
MNIST,small,44,10,a1,firing_rate,baseline,217,0.20263671875
MNIST,small,44,10,a1,firing_rate,baseline,218,0.19189453125
MNIST,small,44,10,a1,firing_rate,baseline,219,0.14794921875
MNIST,small,44,10,a1,firing_rate,baseline,220,0.15673828125
MNIST,small,44,10,a1,firing_rate,baseline,221,0.31005859375
MNIST,small,44,10,a1,firing_rate,baseline,222,0.568359375
MNIST,small,44,10,a1,firing_rate,baseline,223,0.185546875
MNIST,small,44,10,a1,firing_rate,baseline,224,0.16796875
MNIST,small,44,10,a1,firing_rate,baseline,225,0.3134765625
MNIST,small,44,10,a1,firing_rate,baseline,226,0.1767578125
MNIST,small,44,10,a1,firing_rate,baseline,227,0.22021484375
MNIST,small,44,10,a1,firing_rate,baseline,228,0.11865234375
MNIST,small,44,10,a1,firing_rate,baseline,229,0.0927734375
MNIST,small,44,10,a1,firing_rate,baseline,230,0.369140625
MNIST,small,44,10,a1,firing_rate,baseline,231,0.39404296875
MNIST,small,44,10,a1,firing_rate,baseline,232,0.15625
MNIST,small,44,10,a1,firing_rate,baseline,233,0.0498046875
MNIST,small,44,10,a1,firing_rate,baseline,234,0.2939453125
MNIST,small,44,10,a1,firing_rate,baseline,235,0.39990234375
MNIST,small,44,10,a1,firing_rate,baseline,236,0.349609375
MNIST,small,44,10,a1,firing_rate,baseline,237,0.52001953125
MNIST,small,44,10,a1,firing_rate,baseline,238,0.099609375
MNIST,small,44,10,a1,firing_rate,baseline,239,0.49658203125
MNIST,small,44,10,a1,firing_rate,baseline,240,0.19140625
MNIST,small,44,10,a1,firing_rate,baseline,241,0.15869140625
MNIST,small,44,10,a1,firing_rate,baseline,242,0.5087890625
MNIST,small,44,10,a1,firing_rate,baseline,243,0.1376953125
MNIST,small,44,10,a1,firing_rate,baseline,244,0.2841796875
MNIST,small,44,10,a1,firing_rate,baseline,245,0.20361328125
MNIST,small,44,10,a1,firing_rate,baseline,246,0.28369140625
MNIST,small,44,10,a1,firing_rate,baseline,247,0.27392578125
MNIST,small,44,10,a1,firing_rate,baseline,248,0.60302734375
MNIST,small,44,10,a1,firing_rate,baseline,249,0.173828125
MNIST,small,44,10,a1,firing_rate,baseline,250,0.150390625
MNIST,small,44,10,a1,firing_rate,baseline,251,0.17822265625
MNIST,small,44,10,a1,firing_rate,baseline,252,0.05126953125
MNIST,small,44,10,a1,firing_rate,baseline,253,0.38525390625
MNIST,small,44,10,a1,firing_rate,baseline,254,0.2822265625
MNIST,small,44,10,a1,firing_rate,baseline,255,0.37255859375
MNIST,small,44,10,a2,firing_rate,baseline,0,0.47802734375
MNIST,small,44,10,a2,firing_rate,baseline,1,0.3193359375
MNIST,small,44,10,a2,firing_rate,baseline,2,0.0
MNIST,small,44,10,a2,firing_rate,baseline,3,0.38330078125
MNIST,small,44,10,a2,firing_rate,baseline,4,0.45849609375
MNIST,small,44,10,a2,firing_rate,baseline,5,0.5390625
MNIST,small,44,10,a2,firing_rate,baseline,6,0.51171875
MNIST,small,44,10,a2,firing_rate,baseline,7,0.34521484375
MNIST,small,44,10,a2,firing_rate,baseline,8,0.6962890625
MNIST,small,44,10,a2,firing_rate,baseline,9,0.55859375
MNIST,small,44,10,a2,firing_rate,baseline,10,0.37646484375
MNIST,small,44,10,a2,firing_rate,baseline,11,0.42529296875
MNIST,small,44,10,a2,firing_rate,baseline,12,0.443359375
MNIST,small,44,10,a2,firing_rate,baseline,13,0.58935546875
MNIST,small,44,10,a2,firing_rate,baseline,14,0.54443359375
MNIST,small,44,10,a2,firing_rate,baseline,15,0.1259765625
MNIST,small,44,10,a2,firing_rate,baseline,16,0.51953125
MNIST,small,44,10,a2,firing_rate,baseline,17,0.65478515625
MNIST,small,44,10,a2,firing_rate,baseline,18,0.51904296875
MNIST,small,44,10,a2,firing_rate,baseline,19,0.40966796875
MNIST,small,44,10,a2,firing_rate,baseline,20,0.44189453125
MNIST,small,44,10,a2,firing_rate,baseline,21,0.5712890625
MNIST,small,44,10,a2,firing_rate,baseline,22,0.35498046875
MNIST,small,44,10,a2,firing_rate,baseline,23,0.5244140625
MNIST,small,44,10,a2,firing_rate,baseline,24,0.43212890625
MNIST,small,44,10,a2,firing_rate,baseline,25,0.45361328125
MNIST,small,44,10,a2,firing_rate,baseline,26,0.5419921875
MNIST,small,44,10,a2,firing_rate,baseline,27,0.44482421875
MNIST,small,44,10,a2,firing_rate,baseline,28,0.66650390625
MNIST,small,44,10,a2,firing_rate,baseline,29,0.62060546875
MNIST,small,44,10,a2,firing_rate,baseline,30,0.53466796875
MNIST,small,44,10,a2,firing_rate,baseline,31,0.31396484375
MNIST,small,44,10,a2,firing_rate,baseline,32,0.56494140625
MNIST,small,44,10,a2,firing_rate,baseline,33,0.43505859375
MNIST,small,44,10,a2,firing_rate,baseline,34,0.7021484375
MNIST,small,44,10,a2,firing_rate,baseline,35,0.51025390625
MNIST,small,44,10,a2,firing_rate,baseline,36,0.349609375
MNIST,small,44,10,a2,firing_rate,baseline,37,0.61279296875
MNIST,small,44,10,a2,firing_rate,baseline,38,0.42822265625
MNIST,small,44,10,a2,firing_rate,baseline,39,0.359375
MNIST,small,44,10,a2,firing_rate,baseline,40,0.390625
MNIST,small,44,10,a2,firing_rate,baseline,41,0.0
MNIST,small,44,10,a2,firing_rate,baseline,42,0.38525390625
MNIST,small,44,10,a2,firing_rate,baseline,43,0.37451171875
MNIST,small,44,10,a2,firing_rate,baseline,44,0.66796875
MNIST,small,44,10,a2,firing_rate,baseline,45,0.66796875
MNIST,small,44,10,a2,firing_rate,baseline,46,0.54150390625
MNIST,small,44,10,a2,firing_rate,baseline,47,0.421875
MNIST,small,44,10,a2,firing_rate,baseline,48,0.35107421875
MNIST,small,44,10,a2,firing_rate,baseline,49,0.36181640625
MNIST,small,44,10,a2,firing_rate,baseline,50,0.52099609375
MNIST,small,44,10,a2,firing_rate,baseline,51,0.46826171875
MNIST,small,44,10,a2,firing_rate,baseline,52,0.4033203125
MNIST,small,44,10,a2,firing_rate,baseline,53,0.259765625
MNIST,small,44,10,a2,firing_rate,baseline,54,0.357421875
MNIST,small,44,10,a2,firing_rate,baseline,55,0.4765625
MNIST,small,44,10,a2,firing_rate,baseline,56,0.34765625
MNIST,small,44,10,a2,firing_rate,baseline,57,0.37353515625
MNIST,small,44,10,a2,firing_rate,baseline,58,0.2607421875
MNIST,small,44,10,a2,firing_rate,baseline,59,0.4326171875
MNIST,small,44,10,a2,firing_rate,baseline,60,0.36376953125
MNIST,small,44,10,a2,firing_rate,baseline,61,0.39892578125
MNIST,small,44,10,a2,firing_rate,baseline,62,0.626953125
MNIST,small,44,10,a2,firing_rate,baseline,63,0.341796875
MNIST,small,44,10,a2,firing_rate,baseline,64,0.4892578125
MNIST,small,44,10,a2,firing_rate,baseline,65,0.3671875
MNIST,small,44,10,a2,firing_rate,baseline,66,0.46875
MNIST,small,44,10,a2,firing_rate,baseline,67,0.3671875
MNIST,small,44,10,a2,firing_rate,baseline,68,0.44287109375
MNIST,small,44,10,a2,firing_rate,baseline,69,0.47509765625
MNIST,small,44,10,a2,firing_rate,baseline,70,0.513671875
MNIST,small,44,10,a2,firing_rate,baseline,71,0.42041015625
MNIST,small,44,10,a2,firing_rate,baseline,72,0.572265625
MNIST,small,44,10,a2,firing_rate,baseline,73,0.529296875
MNIST,small,44,10,a2,firing_rate,baseline,74,0.24658203125
MNIST,small,44,10,a2,firing_rate,baseline,75,0.37890625
MNIST,small,44,10,a2,firing_rate,baseline,76,0.5625
MNIST,small,44,10,a2,firing_rate,baseline,77,0.18994140625
MNIST,small,44,10,a2,firing_rate,baseline,78,0.408203125
MNIST,small,44,10,a2,firing_rate,baseline,79,0.43310546875
MNIST,small,44,10,a2,firing_rate,baseline,80,0.27978515625
MNIST,small,44,10,a2,firing_rate,baseline,81,0.51416015625
MNIST,small,44,10,a2,firing_rate,baseline,82,0.35498046875
MNIST,small,44,10,a2,firing_rate,baseline,83,0.3681640625
MNIST,small,44,10,a2,firing_rate,baseline,84,0.29150390625
MNIST,small,44,10,a2,firing_rate,baseline,85,0.185546875
MNIST,small,44,10,a2,firing_rate,baseline,86,0.455078125
MNIST,small,44,10,a2,firing_rate,baseline,87,0.33642578125
MNIST,small,44,10,a2,firing_rate,baseline,88,0.38525390625
MNIST,small,44,10,a2,firing_rate,baseline,89,0.48583984375
MNIST,small,44,10,a2,firing_rate,baseline,90,0.24365234375
MNIST,small,44,10,a2,firing_rate,baseline,91,0.14892578125
MNIST,small,44,10,a2,firing_rate,baseline,92,0.31884765625
MNIST,small,44,10,a2,firing_rate,baseline,93,0.21337890625
MNIST,small,44,10,a2,firing_rate,baseline,94,0.5498046875
MNIST,small,44,10,a2,firing_rate,baseline,95,0.25341796875
MNIST,small,44,10,a2,firing_rate,baseline,96,0.37353515625
MNIST,small,44,10,a2,firing_rate,baseline,97,0.12841796875
MNIST,small,44,10,a2,firing_rate,baseline,98,0.166015625
MNIST,small,44,10,a2,firing_rate,baseline,99,0.41943359375
MNIST,small,44,10,a2,firing_rate,baseline,100,0.1953125
MNIST,small,44,10,a2,firing_rate,baseline,101,0.30224609375
MNIST,small,44,10,a2,firing_rate,baseline,102,0.59814453125
MNIST,small,44,10,a2,firing_rate,baseline,103,0.576171875
MNIST,small,44,10,a2,firing_rate,baseline,104,0.455078125
MNIST,small,44,10,a2,firing_rate,baseline,105,0.60595703125
MNIST,small,44,10,a2,firing_rate,baseline,106,0.4423828125
MNIST,small,44,10,a2,firing_rate,baseline,107,0.12841796875
MNIST,small,44,10,a2,firing_rate,baseline,108,0.69580078125
MNIST,small,44,10,a2,firing_rate,baseline,109,0.64013671875
MNIST,small,44,10,a2,firing_rate,baseline,110,0.384765625
MNIST,small,44,10,a2,firing_rate,baseline,111,0.49365234375
MNIST,small,44,10,a2,firing_rate,baseline,112,0.42724609375
MNIST,small,44,10,a2,firing_rate,baseline,113,0.4638671875
MNIST,small,44,10,a2,firing_rate,baseline,114,0.439453125
MNIST,small,44,10,a2,firing_rate,baseline,115,0.51318359375
MNIST,small,44,10,a2,firing_rate,baseline,116,0.2236328125
MNIST,small,44,10,a2,firing_rate,baseline,117,0.4228515625
MNIST,small,44,10,a2,firing_rate,baseline,118,0.548828125
MNIST,small,44,10,a2,firing_rate,baseline,119,0.3828125
MNIST,small,44,10,a2,firing_rate,baseline,120,0.31640625
MNIST,small,44,10,a2,firing_rate,baseline,121,0.4912109375
MNIST,small,44,10,a2,firing_rate,baseline,122,0.43896484375
MNIST,small,44,10,a2,firing_rate,baseline,123,0.43896484375
MNIST,small,44,10,a2,firing_rate,baseline,124,0.4775390625
MNIST,small,44,10,a2,firing_rate,baseline,125,0.3115234375
MNIST,small,44,10,a2,firing_rate,baseline,126,0.39111328125
MNIST,small,44,10,a2,firing_rate,baseline,127,0.4130859375
MNIST,small,44,10,a1,activation_variance,baseline,0,3.6921896934509277
MNIST,small,44,10,a1,activation_variance,baseline,1,1.8923838138580322
MNIST,small,44,10,a1,activation_variance,baseline,2,1.4741628170013428
MNIST,small,44,10,a1,activation_variance,baseline,3,1.7518987655639648
MNIST,small,44,10,a1,activation_variance,baseline,4,0.0
MNIST,small,44,10,a1,activation_variance,baseline,5,4.026471138000488
MNIST,small,44,10,a1,activation_variance,baseline,6,0.944403350353241
MNIST,small,44,10,a1,activation_variance,baseline,7,2.6202077865600586
MNIST,small,44,10,a1,activation_variance,baseline,8,1.1293169260025024
MNIST,small,44,10,a1,activation_variance,baseline,9,3.4802498817443848
MNIST,small,44,10,a1,activation_variance,baseline,10,7.996736526489258
MNIST,small,44,10,a1,activation_variance,baseline,11,5.028604984283447
MNIST,small,44,10,a1,activation_variance,baseline,12,0.0
MNIST,small,44,10,a1,activation_variance,baseline,13,2.3122527599334717
MNIST,small,44,10,a1,activation_variance,baseline,14,3.5126476287841797
MNIST,small,44,10,a1,activation_variance,baseline,15,0.0
MNIST,small,44,10,a1,activation_variance,baseline,16,1.586754560470581
MNIST,small,44,10,a1,activation_variance,baseline,17,6.372872352600098
MNIST,small,44,10,a1,activation_variance,baseline,18,3.487112522125244
MNIST,small,44,10,a1,activation_variance,baseline,19,3.9763755798339844
MNIST,small,44,10,a1,activation_variance,baseline,20,4.3763933181762695
MNIST,small,44,10,a1,activation_variance,baseline,21,3.032258987426758
MNIST,small,44,10,a1,activation_variance,baseline,22,2.7044405937194824
MNIST,small,44,10,a1,activation_variance,baseline,23,4.707401752471924
MNIST,small,44,10,a1,activation_variance,baseline,24,1.4727532863616943
MNIST,small,44,10,a1,activation_variance,baseline,25,1.4132519960403442
MNIST,small,44,10,a1,activation_variance,baseline,26,3.016242265701294
MNIST,small,44,10,a1,activation_variance,baseline,27,2.7950997352600098
MNIST,small,44,10,a1,activation_variance,baseline,28,1.187283992767334
MNIST,small,44,10,a1,activation_variance,baseline,29,4.016324996948242
MNIST,small,44,10,a1,activation_variance,baseline,30,2.2634403705596924
MNIST,small,44,10,a1,activation_variance,baseline,31,4.156538009643555
MNIST,small,44,10,a1,activation_variance,baseline,32,1.8926897048950195
MNIST,small,44,10,a1,activation_variance,baseline,33,2.7481138706207275
MNIST,small,44,10,a1,activation_variance,baseline,34,0.897369384765625
MNIST,small,44,10,a1,activation_variance,baseline,35,2.0585665702819824
MNIST,small,44,10,a1,activation_variance,baseline,36,0.950456976890564
MNIST,small,44,10,a1,activation_variance,baseline,37,2.570119857788086
MNIST,small,44,10,a1,activation_variance,baseline,38,2.1854183673858643
MNIST,small,44,10,a1,activation_variance,baseline,39,2.432457447052002
MNIST,small,44,10,a1,activation_variance,baseline,40,1.0877236127853394
MNIST,small,44,10,a1,activation_variance,baseline,41,1.7035242319107056
MNIST,small,44,10,a1,activation_variance,baseline,42,2.132228374481201
MNIST,small,44,10,a1,activation_variance,baseline,43,3.0619325637817383
MNIST,small,44,10,a1,activation_variance,baseline,44,1.0585774183273315
MNIST,small,44,10,a1,activation_variance,baseline,45,2.437283515930176
MNIST,small,44,10,a1,activation_variance,baseline,46,2.4623827934265137
MNIST,small,44,10,a1,activation_variance,baseline,47,0.0
MNIST,small,44,10,a1,activation_variance,baseline,48,2.6043906211853027
MNIST,small,44,10,a1,activation_variance,baseline,49,1.5684654712677002
MNIST,small,44,10,a1,activation_variance,baseline,50,0.7920128107070923
MNIST,small,44,10,a1,activation_variance,baseline,51,2.7371950149536133
MNIST,small,44,10,a1,activation_variance,baseline,52,1.6170512437820435
MNIST,small,44,10,a1,activation_variance,baseline,53,2.7032201290130615
MNIST,small,44,10,a1,activation_variance,baseline,54,5.074646949768066
MNIST,small,44,10,a1,activation_variance,baseline,55,0.8717849254608154
MNIST,small,44,10,a1,activation_variance,baseline,56,1.8249543905258179
MNIST,small,44,10,a1,activation_variance,baseline,57,4.9315009117126465
MNIST,small,44,10,a1,activation_variance,baseline,58,0.49290770292282104
MNIST,small,44,10,a1,activation_variance,baseline,59,1.1814522743225098
MNIST,small,44,10,a1,activation_variance,baseline,60,1.286665439605713
MNIST,small,44,10,a1,activation_variance,baseline,61,6.050623893737793
MNIST,small,44,10,a1,activation_variance,baseline,62,0.8993508219718933
MNIST,small,44,10,a1,activation_variance,baseline,63,0.830959677696228
MNIST,small,44,10,a1,activation_variance,baseline,64,1.6866748332977295
MNIST,small,44,10,a1,activation_variance,baseline,65,0.27071619033813477
MNIST,small,44,10,a1,activation_variance,baseline,66,5.513792991638184
MNIST,small,44,10,a1,activation_variance,baseline,67,0.4245201051235199
MNIST,small,44,10,a1,activation_variance,baseline,68,2.5978498458862305
MNIST,small,44,10,a1,activation_variance,baseline,69,0.0
MNIST,small,44,10,a1,activation_variance,baseline,70,1.3632895946502686
MNIST,small,44,10,a1,activation_variance,baseline,71,3.3226661682128906
MNIST,small,44,10,a1,activation_variance,baseline,72,2.5099427700042725
MNIST,small,44,10,a1,activation_variance,baseline,73,1.610729694366455
MNIST,small,44,10,a1,activation_variance,baseline,74,3.0298027992248535
MNIST,small,44,10,a1,activation_variance,baseline,75,1.5528744459152222
MNIST,small,44,10,a1,activation_variance,baseline,76,3.643965721130371
MNIST,small,44,10,a1,activation_variance,baseline,77,1.1188257932662964
MNIST,small,44,10,a1,activation_variance,baseline,78,2.28043794631958
MNIST,small,44,10,a1,activation_variance,baseline,79,1.4788768291473389
MNIST,small,44,10,a1,activation_variance,baseline,80,3.5942068099975586
MNIST,small,44,10,a1,activation_variance,baseline,81,2.5491583347320557
MNIST,small,44,10,a1,activation_variance,baseline,82,2.994414806365967
MNIST,small,44,10,a1,activation_variance,baseline,83,5.517031604540534e-05
MNIST,small,44,10,a1,activation_variance,baseline,84,3.199382781982422
MNIST,small,44,10,a1,activation_variance,baseline,85,2.7881174087524414
MNIST,small,44,10,a1,activation_variance,baseline,86,3.7365331649780273
MNIST,small,44,10,a1,activation_variance,baseline,87,1.1986534595489502
MNIST,small,44,10,a1,activation_variance,baseline,88,8.536234855651855
MNIST,small,44,10,a1,activation_variance,baseline,89,0.5356970429420471
MNIST,small,44,10,a1,activation_variance,baseline,90,0.00014252084656618536
MNIST,small,44,10,a1,activation_variance,baseline,91,4.161227226257324
MNIST,small,44,10,a1,activation_variance,baseline,92,1.102055311203003
MNIST,small,44,10,a1,activation_variance,baseline,93,1.9430806636810303
MNIST,small,44,10,a1,activation_variance,baseline,94,0.8077073097229004
MNIST,small,44,10,a1,activation_variance,baseline,95,2.988144636154175
MNIST,small,44,10,a1,activation_variance,baseline,96,1.465382695198059
MNIST,small,44,10,a1,activation_variance,baseline,97,2.884291887283325
MNIST,small,44,10,a1,activation_variance,baseline,98,0.0
MNIST,small,44,10,a1,activation_variance,baseline,99,2.553723096847534
MNIST,small,44,10,a1,activation_variance,baseline,100,4.621603965759277
MNIST,small,44,10,a1,activation_variance,baseline,101,2.52829647064209
MNIST,small,44,10,a1,activation_variance,baseline,102,2.219714403152466
MNIST,small,44,10,a1,activation_variance,baseline,103,0.19063371419906616
MNIST,small,44,10,a1,activation_variance,baseline,104,3.799989700317383
MNIST,small,44,10,a1,activation_variance,baseline,105,3.598964214324951
MNIST,small,44,10,a1,activation_variance,baseline,106,1.1999821662902832
MNIST,small,44,10,a1,activation_variance,baseline,107,2.468095064163208
MNIST,small,44,10,a1,activation_variance,baseline,108,2.0865726470947266
MNIST,small,44,10,a1,activation_variance,baseline,109,4.587950229644775
MNIST,small,44,10,a1,activation_variance,baseline,110,3.3566126823425293
MNIST,small,44,10,a1,activation_variance,baseline,111,3.7375130653381348
MNIST,small,44,10,a1,activation_variance,baseline,112,2.9074535369873047
MNIST,small,44,10,a1,activation_variance,baseline,113,0.566875696182251
MNIST,small,44,10,a1,activation_variance,baseline,114,0.0
MNIST,small,44,10,a1,activation_variance,baseline,115,0.4571520686149597
MNIST,small,44,10,a1,activation_variance,baseline,116,0.7424489855766296
MNIST,small,44,10,a1,activation_variance,baseline,117,2.753767728805542
MNIST,small,44,10,a1,activation_variance,baseline,118,4.826088905334473
MNIST,small,44,10,a1,activation_variance,baseline,119,3.4183404445648193
MNIST,small,44,10,a1,activation_variance,baseline,120,1.256010890007019
MNIST,small,44,10,a1,activation_variance,baseline,121,2.2660036087036133
MNIST,small,44,10,a1,activation_variance,baseline,122,2.3692100048065186
MNIST,small,44,10,a1,activation_variance,baseline,123,0.7013095617294312
MNIST,small,44,10,a1,activation_variance,baseline,124,0.9293124675750732
MNIST,small,44,10,a1,activation_variance,baseline,125,4.474877834320068
MNIST,small,44,10,a1,activation_variance,baseline,126,5.3743157386779785
MNIST,small,44,10,a1,activation_variance,baseline,127,2.129455327987671
MNIST,small,44,10,a1,activation_variance,baseline,128,2.057284116744995
MNIST,small,44,10,a1,activation_variance,baseline,129,4.66431188583374
MNIST,small,44,10,a1,activation_variance,baseline,130,5.678596496582031
MNIST,small,44,10,a1,activation_variance,baseline,131,2.396495819091797
MNIST,small,44,10,a1,activation_variance,baseline,132,3.0918612480163574
MNIST,small,44,10,a1,activation_variance,baseline,133,2.228037118911743
MNIST,small,44,10,a1,activation_variance,baseline,134,4.181983947753906
MNIST,small,44,10,a1,activation_variance,baseline,135,0.0
MNIST,small,44,10,a1,activation_variance,baseline,136,2.934349298477173
MNIST,small,44,10,a1,activation_variance,baseline,137,3.19014573097229
MNIST,small,44,10,a1,activation_variance,baseline,138,1.6779499053955078
MNIST,small,44,10,a1,activation_variance,baseline,139,3.55676531791687
MNIST,small,44,10,a1,activation_variance,baseline,140,2.2863965034484863
MNIST,small,44,10,a1,activation_variance,baseline,141,3.138153076171875
MNIST,small,44,10,a1,activation_variance,baseline,142,1.580751895904541
MNIST,small,44,10,a1,activation_variance,baseline,143,2.2104716300964355
MNIST,small,44,10,a1,activation_variance,baseline,144,1.0941259860992432
MNIST,small,44,10,a1,activation_variance,baseline,145,0.0
MNIST,small,44,10,a1,activation_variance,baseline,146,2.8135952949523926
MNIST,small,44,10,a1,activation_variance,baseline,147,3.0851056575775146
MNIST,small,44,10,a1,activation_variance,baseline,148,2.8598880767822266
MNIST,small,44,10,a1,activation_variance,baseline,149,2.5247182846069336
MNIST,small,44,10,a1,activation_variance,baseline,150,4.574578762054443
MNIST,small,44,10,a1,activation_variance,baseline,151,1.854022741317749
MNIST,small,44,10,a1,activation_variance,baseline,152,3.7574870586395264
MNIST,small,44,10,a1,activation_variance,baseline,153,0.0
MNIST,small,44,10,a1,activation_variance,baseline,154,5.9507737159729
MNIST,small,44,10,a1,activation_variance,baseline,155,1.92960524559021
MNIST,small,44,10,a1,activation_variance,baseline,156,2.239452838897705
MNIST,small,44,10,a1,activation_variance,baseline,157,1.5740705728530884
MNIST,small,44,10,a1,activation_variance,baseline,158,1.5980157852172852
MNIST,small,44,10,a1,activation_variance,baseline,159,3.374009609222412
MNIST,small,44,10,a1,activation_variance,baseline,160,2.5691494941711426
MNIST,small,44,10,a1,activation_variance,baseline,161,3.4632482528686523
MNIST,small,44,10,a1,activation_variance,baseline,162,4.275837421417236
MNIST,small,44,10,a1,activation_variance,baseline,163,1.48101806640625
MNIST,small,44,10,a1,activation_variance,baseline,164,2.794168472290039
MNIST,small,44,10,a1,activation_variance,baseline,165,0.0
MNIST,small,44,10,a1,activation_variance,baseline,166,3.934600830078125
MNIST,small,44,10,a1,activation_variance,baseline,167,3.385807514190674
MNIST,small,44,10,a1,activation_variance,baseline,168,4.0149383544921875
MNIST,small,44,10,a1,activation_variance,baseline,169,1.295769453048706
MNIST,small,44,10,a1,activation_variance,baseline,170,0.3725839853286743
MNIST,small,44,10,a1,activation_variance,baseline,171,5.0330610275268555
MNIST,small,44,10,a1,activation_variance,baseline,172,2.399976968765259
MNIST,small,44,10,a1,activation_variance,baseline,173,6.030324935913086
MNIST,small,44,10,a1,activation_variance,baseline,174,0.9347661733627319
MNIST,small,44,10,a1,activation_variance,baseline,175,0.5044788122177124
MNIST,small,44,10,a1,activation_variance,baseline,176,4.410501480102539
MNIST,small,44,10,a1,activation_variance,baseline,177,2.1703734397888184
MNIST,small,44,10,a1,activation_variance,baseline,178,1.3891979455947876
MNIST,small,44,10,a1,activation_variance,baseline,179,3.0329599380493164
MNIST,small,44,10,a1,activation_variance,baseline,180,2.2851500511169434
MNIST,small,44,10,a1,activation_variance,baseline,181,0.8071938753128052
MNIST,small,44,10,a1,activation_variance,baseline,182,2.7114665508270264
MNIST,small,44,10,a1,activation_variance,baseline,183,2.727088451385498
MNIST,small,44,10,a1,activation_variance,baseline,184,2.9061667919158936
MNIST,small,44,10,a1,activation_variance,baseline,185,2.29925274848938
MNIST,small,44,10,a1,activation_variance,baseline,186,1.3753796815872192
MNIST,small,44,10,a1,activation_variance,baseline,187,1.8959290981292725
MNIST,small,44,10,a1,activation_variance,baseline,188,1.138745665550232
MNIST,small,44,10,a1,activation_variance,baseline,189,0.4071355164051056
MNIST,small,44,10,a1,activation_variance,baseline,190,2.449500322341919
MNIST,small,44,10,a1,activation_variance,baseline,191,1.2691779136657715
MNIST,small,44,10,a1,activation_variance,baseline,192,6.252664089202881
MNIST,small,44,10,a1,activation_variance,baseline,193,1.6257163286209106
MNIST,small,44,10,a1,activation_variance,baseline,194,5.188363552093506
MNIST,small,44,10,a1,activation_variance,baseline,195,2.505042552947998
MNIST,small,44,10,a1,activation_variance,baseline,196,3.6459383964538574
MNIST,small,44,10,a1,activation_variance,baseline,197,3.0639231204986572
MNIST,small,44,10,a1,activation_variance,baseline,198,2.9413959980010986
MNIST,small,44,10,a1,activation_variance,baseline,199,8.477880477905273
MNIST,small,44,10,a1,activation_variance,baseline,200,2.285400867462158
MNIST,small,44,10,a1,activation_variance,baseline,201,0.6693246960639954
MNIST,small,44,10,a1,activation_variance,baseline,202,0.039897769689559937
MNIST,small,44,10,a1,activation_variance,baseline,203,0.0
MNIST,small,44,10,a1,activation_variance,baseline,204,0.5338013768196106
MNIST,small,44,10,a1,activation_variance,baseline,205,1.468851089477539
MNIST,small,44,10,a1,activation_variance,baseline,206,4.764639377593994
MNIST,small,44,10,a1,activation_variance,baseline,207,4.815082550048828
MNIST,small,44,10,a1,activation_variance,baseline,208,2.0590596199035645
MNIST,small,44,10,a1,activation_variance,baseline,209,2.964243173599243
MNIST,small,44,10,a1,activation_variance,baseline,210,8.589849472045898
MNIST,small,44,10,a1,activation_variance,baseline,211,0.3999823331832886
MNIST,small,44,10,a1,activation_variance,baseline,212,0.560896098613739
MNIST,small,44,10,a1,activation_variance,baseline,213,3.857743740081787
MNIST,small,44,10,a1,activation_variance,baseline,214,1.0774033069610596
MNIST,small,44,10,a1,activation_variance,baseline,215,2.470266103744507
MNIST,small,44,10,a1,activation_variance,baseline,216,5.069519996643066
MNIST,small,44,10,a1,activation_variance,baseline,217,1.448359727859497
MNIST,small,44,10,a1,activation_variance,baseline,218,1.8939934968948364
MNIST,small,44,10,a1,activation_variance,baseline,219,3.230187177658081
MNIST,small,44,10,a1,activation_variance,baseline,220,0.5770692229270935
MNIST,small,44,10,a1,activation_variance,baseline,221,2.315880298614502
MNIST,small,44,10,a1,activation_variance,baseline,222,3.6065382957458496
MNIST,small,44,10,a1,activation_variance,baseline,223,1.7819336652755737
MNIST,small,44,10,a1,activation_variance,baseline,224,1.4360359907150269
MNIST,small,44,10,a1,activation_variance,baseline,225,2.5204081535339355
MNIST,small,44,10,a1,activation_variance,baseline,226,1.2501740455627441
MNIST,small,44,10,a1,activation_variance,baseline,227,1.9584505558013916
MNIST,small,44,10,a1,activation_variance,baseline,228,1.053210735321045
MNIST,small,44,10,a1,activation_variance,baseline,229,1.0115244388580322
MNIST,small,44,10,a1,activation_variance,baseline,230,3.3526198863983154
MNIST,small,44,10,a1,activation_variance,baseline,231,4.214694499969482
MNIST,small,44,10,a1,activation_variance,baseline,232,1.7550219297409058
MNIST,small,44,10,a1,activation_variance,baseline,233,2.0364315509796143
MNIST,small,44,10,a1,activation_variance,baseline,234,2.2989509105682373
MNIST,small,44,10,a1,activation_variance,baseline,235,5.833939552307129
MNIST,small,44,10,a1,activation_variance,baseline,236,1.694077730178833
MNIST,small,44,10,a1,activation_variance,baseline,237,4.99019718170166
MNIST,small,44,10,a1,activation_variance,baseline,238,0.7067641019821167
MNIST,small,44,10,a1,activation_variance,baseline,239,4.253798961639404
MNIST,small,44,10,a1,activation_variance,baseline,240,1.4456063508987427
MNIST,small,44,10,a1,activation_variance,baseline,241,1.4775689840316772
MNIST,small,44,10,a1,activation_variance,baseline,242,10.508342742919922
MNIST,small,44,10,a1,activation_variance,baseline,243,6.288298606872559
MNIST,small,44,10,a1,activation_variance,baseline,244,1.2419317960739136
MNIST,small,44,10,a1,activation_variance,baseline,245,1.9402822256088257
MNIST,small,44,10,a1,activation_variance,baseline,246,2.1169273853302
MNIST,small,44,10,a1,activation_variance,baseline,247,2.2115821838378906
MNIST,small,44,10,a1,activation_variance,baseline,248,2.3407444953918457
MNIST,small,44,10,a1,activation_variance,baseline,249,1.8945633172988892
MNIST,small,44,10,a1,activation_variance,baseline,250,1.494950771331787
MNIST,small,44,10,a1,activation_variance,baseline,251,2.9068551063537598
MNIST,small,44,10,a1,activation_variance,baseline,252,0.46480894088745117
MNIST,small,44,10,a1,activation_variance,baseline,253,3.5314269065856934
MNIST,small,44,10,a1,activation_variance,baseline,254,5.616156101226807
MNIST,small,44,10,a1,activation_variance,baseline,255,4.9409379959106445
MNIST,small,44,10,a2,activation_variance,baseline,0,3.623678684234619
MNIST,small,44,10,a2,activation_variance,baseline,1,3.5036869049072266
MNIST,small,44,10,a2,activation_variance,baseline,2,0.0
MNIST,small,44,10,a2,activation_variance,baseline,3,4.199556350708008
MNIST,small,44,10,a2,activation_variance,baseline,4,2.6035401821136475
MNIST,small,44,10,a2,activation_variance,baseline,5,6.844711780548096
MNIST,small,44,10,a2,activation_variance,baseline,6,4.365469932556152
MNIST,small,44,10,a2,activation_variance,baseline,7,4.231976509094238
MNIST,small,44,10,a2,activation_variance,baseline,8,10.377388000488281
MNIST,small,44,10,a2,activation_variance,baseline,9,4.779995918273926
MNIST,small,44,10,a2,activation_variance,baseline,10,3.0628128051757812
MNIST,small,44,10,a2,activation_variance,baseline,11,3.0427021980285645
MNIST,small,44,10,a2,activation_variance,baseline,12,4.094526767730713
MNIST,small,44,10,a2,activation_variance,baseline,13,6.932791709899902
MNIST,small,44,10,a2,activation_variance,baseline,14,8.497239112854004
MNIST,small,44,10,a2,activation_variance,baseline,15,2.3682658672332764
MNIST,small,44,10,a2,activation_variance,baseline,16,6.696364879608154
MNIST,small,44,10,a2,activation_variance,baseline,17,8.422914505004883
MNIST,small,44,10,a2,activation_variance,baseline,18,7.0364532470703125
MNIST,small,44,10,a2,activation_variance,baseline,19,3.2498886585235596
MNIST,small,44,10,a2,activation_variance,baseline,20,4.4570207595825195
MNIST,small,44,10,a2,activation_variance,baseline,21,4.644926071166992
MNIST,small,44,10,a2,activation_variance,baseline,22,4.321990489959717
MNIST,small,44,10,a2,activation_variance,baseline,23,6.0199151039123535
MNIST,small,44,10,a2,activation_variance,baseline,24,5.753331661224365
MNIST,small,44,10,a2,activation_variance,baseline,25,3.8314764499664307
MNIST,small,44,10,a2,activation_variance,baseline,26,7.515693187713623
MNIST,small,44,10,a2,activation_variance,baseline,27,1.1822075843811035
MNIST,small,44,10,a2,activation_variance,baseline,28,3.2256088256835938
MNIST,small,44,10,a2,activation_variance,baseline,29,8.092813491821289
MNIST,small,44,10,a2,activation_variance,baseline,30,3.9364678859710693
MNIST,small,44,10,a2,activation_variance,baseline,31,2.829275369644165
MNIST,small,44,10,a2,activation_variance,baseline,32,8.369779586791992
MNIST,small,44,10,a2,activation_variance,baseline,33,3.6679835319519043
MNIST,small,44,10,a2,activation_variance,baseline,34,6.153432369232178
MNIST,small,44,10,a2,activation_variance,baseline,35,5.798129081726074
MNIST,small,44,10,a2,activation_variance,baseline,36,3.2206485271453857
MNIST,small,44,10,a2,activation_variance,baseline,37,6.299136638641357
MNIST,small,44,10,a2,activation_variance,baseline,38,3.9224767684936523
MNIST,small,44,10,a2,activation_variance,baseline,39,7.050992012023926
MNIST,small,44,10,a2,activation_variance,baseline,40,5.60743522644043
MNIST,small,44,10,a2,activation_variance,baseline,41,0.0
MNIST,small,44,10,a2,activation_variance,baseline,42,7.242812156677246
MNIST,small,44,10,a2,activation_variance,baseline,43,4.410339832305908
MNIST,small,44,10,a2,activation_variance,baseline,44,9.729925155639648
MNIST,small,44,10,a2,activation_variance,baseline,45,12.056560516357422
MNIST,small,44,10,a2,activation_variance,baseline,46,3.3486788272857666
MNIST,small,44,10,a2,activation_variance,baseline,47,1.441443681716919
MNIST,small,44,10,a2,activation_variance,baseline,48,1.6219121217727661
MNIST,small,44,10,a2,activation_variance,baseline,49,2.922501564025879
MNIST,small,44,10,a2,activation_variance,baseline,50,7.339132308959961
MNIST,small,44,10,a2,activation_variance,baseline,51,3.4603734016418457
MNIST,small,44,10,a2,activation_variance,baseline,52,2.8164403438568115
MNIST,small,44,10,a2,activation_variance,baseline,53,3.971132755279541
MNIST,small,44,10,a2,activation_variance,baseline,54,2.3399817943573
MNIST,small,44,10,a2,activation_variance,baseline,55,4.742616653442383
MNIST,small,44,10,a2,activation_variance,baseline,56,2.9217090606689453
MNIST,small,44,10,a2,activation_variance,baseline,57,6.175014495849609
MNIST,small,44,10,a2,activation_variance,baseline,58,0.7070625424385071
MNIST,small,44,10,a2,activation_variance,baseline,59,7.751326560974121
MNIST,small,44,10,a2,activation_variance,baseline,60,1.6550846099853516
MNIST,small,44,10,a2,activation_variance,baseline,61,8.411338806152344
MNIST,small,44,10,a2,activation_variance,baseline,62,7.016067981719971
MNIST,small,44,10,a2,activation_variance,baseline,63,4.026270866394043
MNIST,small,44,10,a2,activation_variance,baseline,64,2.9672646522521973
MNIST,small,44,10,a2,activation_variance,baseline,65,7.258352279663086
MNIST,small,44,10,a2,activation_variance,baseline,66,4.480196952819824
MNIST,small,44,10,a2,activation_variance,baseline,67,11.103570938110352
MNIST,small,44,10,a2,activation_variance,baseline,68,9.6673583984375
MNIST,small,44,10,a2,activation_variance,baseline,69,6.678806304931641
MNIST,small,44,10,a2,activation_variance,baseline,70,9.560285568237305
MNIST,small,44,10,a2,activation_variance,baseline,71,6.23209810256958
MNIST,small,44,10,a2,activation_variance,baseline,72,7.10612154006958
MNIST,small,44,10,a2,activation_variance,baseline,73,8.411476135253906
MNIST,small,44,10,a2,activation_variance,baseline,74,2.2289977073669434
MNIST,small,44,10,a2,activation_variance,baseline,75,3.0466058254241943
MNIST,small,44,10,a2,activation_variance,baseline,76,4.072225570678711
MNIST,small,44,10,a2,activation_variance,baseline,77,2.566460371017456
MNIST,small,44,10,a2,activation_variance,baseline,78,6.683698654174805
MNIST,small,44,10,a2,activation_variance,baseline,79,3.113297462463379
MNIST,small,44,10,a2,activation_variance,baseline,80,4.215732097625732
MNIST,small,44,10,a2,activation_variance,baseline,81,8.19230842590332
MNIST,small,44,10,a2,activation_variance,baseline,82,8.868175506591797
MNIST,small,44,10,a2,activation_variance,baseline,83,2.488384485244751
MNIST,small,44,10,a2,activation_variance,baseline,84,2.508178234100342
MNIST,small,44,10,a2,activation_variance,baseline,85,4.255934238433838
MNIST,small,44,10,a2,activation_variance,baseline,86,4.170753479003906
MNIST,small,44,10,a2,activation_variance,baseline,87,6.259280681610107
MNIST,small,44,10,a2,activation_variance,baseline,88,4.670670986175537
MNIST,small,44,10,a2,activation_variance,baseline,89,5.406591892242432
MNIST,small,44,10,a2,activation_variance,baseline,90,0.8509771823883057
MNIST,small,44,10,a2,activation_variance,baseline,91,3.2553763389587402
MNIST,small,44,10,a2,activation_variance,baseline,92,4.245933532714844
MNIST,small,44,10,a2,activation_variance,baseline,93,0.651969313621521
MNIST,small,44,10,a2,activation_variance,baseline,94,5.31201171875
MNIST,small,44,10,a2,activation_variance,baseline,95,3.1501314640045166
MNIST,small,44,10,a2,activation_variance,baseline,96,6.4547014236450195
MNIST,small,44,10,a2,activation_variance,baseline,97,3.490551233291626
MNIST,small,44,10,a2,activation_variance,baseline,98,2.473501443862915
MNIST,small,44,10,a2,activation_variance,baseline,99,10.094039916992188
MNIST,small,44,10,a2,activation_variance,baseline,100,1.0560721158981323
MNIST,small,44,10,a2,activation_variance,baseline,101,4.536517143249512
MNIST,small,44,10,a2,activation_variance,baseline,102,4.423146724700928
MNIST,small,44,10,a2,activation_variance,baseline,103,4.841535568237305
MNIST,small,44,10,a2,activation_variance,baseline,104,4.51214075088501
MNIST,small,44,10,a2,activation_variance,baseline,105,4.651675701141357
MNIST,small,44,10,a2,activation_variance,baseline,106,5.111015319824219
MNIST,small,44,10,a2,activation_variance,baseline,107,6.066269874572754
MNIST,small,44,10,a2,activation_variance,baseline,108,5.716331958770752
MNIST,small,44,10,a2,activation_variance,baseline,109,4.915009021759033
MNIST,small,44,10,a2,activation_variance,baseline,110,5.415058612823486
MNIST,small,44,10,a2,activation_variance,baseline,111,5.39018440246582
MNIST,small,44,10,a2,activation_variance,baseline,112,5.067237854003906
MNIST,small,44,10,a2,activation_variance,baseline,113,5.039437294006348
MNIST,small,44,10,a2,activation_variance,baseline,114,7.339554309844971
MNIST,small,44,10,a2,activation_variance,baseline,115,10.421533584594727
MNIST,small,44,10,a2,activation_variance,baseline,116,9.027846336364746
MNIST,small,44,10,a2,activation_variance,baseline,117,4.260785102844238
MNIST,small,44,10,a2,activation_variance,baseline,118,6.620622634887695
MNIST,small,44,10,a2,activation_variance,baseline,119,8.055903434753418
MNIST,small,44,10,a2,activation_variance,baseline,120,6.630931854248047
MNIST,small,44,10,a2,activation_variance,baseline,121,3.396397113800049
MNIST,small,44,10,a2,activation_variance,baseline,122,5.9247612953186035
MNIST,small,44,10,a2,activation_variance,baseline,123,2.7850799560546875
MNIST,small,44,10,a2,activation_variance,baseline,124,11.764312744140625
MNIST,small,44,10,a2,activation_variance,baseline,125,1.4572293758392334
MNIST,small,44,10,a2,activation_variance,baseline,126,3.761094570159912
MNIST,small,44,10,a2,activation_variance,baseline,127,5.0078535079956055
MNIST,small,44,10,a1,class_selectivity,loss_free,0,2.2567026615142822
MNIST,small,44,10,a1,class_selectivity,loss_free,1,1.5185184478759766
MNIST,small,44,10,a1,class_selectivity,loss_free,2,0.9542892575263977
MNIST,small,44,10,a1,class_selectivity,loss_free,3,1.9728538990020752
MNIST,small,44,10,a1,class_selectivity,loss_free,4,0.0
MNIST,small,44,10,a1,class_selectivity,loss_free,5,1.635812520980835
MNIST,small,44,10,a1,class_selectivity,loss_free,6,1.760364055633545
MNIST,small,44,10,a1,class_selectivity,loss_free,7,2.8009796142578125
MNIST,small,44,10,a1,class_selectivity,loss_free,8,0.8527412414550781
MNIST,small,44,10,a1,class_selectivity,loss_free,9,2.3077967166900635
MNIST,small,44,10,a1,class_selectivity,loss_free,10,6.176754951477051
MNIST,small,44,10,a1,class_selectivity,loss_free,11,2.656869411468506
MNIST,small,44,10,a1,class_selectivity,loss_free,12,0.0
MNIST,small,44,10,a1,class_selectivity,loss_free,13,2.1876895427703857
MNIST,small,44,10,a1,class_selectivity,loss_free,14,2.0276620388031006
MNIST,small,44,10,a1,class_selectivity,loss_free,15,0.0
MNIST,small,44,10,a1,class_selectivity,loss_free,16,1.1814643144607544
MNIST,small,44,10,a1,class_selectivity,loss_free,17,2.770902633666992
MNIST,small,44,10,a1,class_selectivity,loss_free,18,3.573133707046509
MNIST,small,44,10,a1,class_selectivity,loss_free,19,2.2267372608184814
MNIST,small,44,10,a1,class_selectivity,loss_free,20,2.71996808052063
MNIST,small,44,10,a1,class_selectivity,loss_free,21,1.347237467765808
MNIST,small,44,10,a1,class_selectivity,loss_free,22,2.6245956420898438
MNIST,small,44,10,a1,class_selectivity,loss_free,23,3.256256580352783
MNIST,small,44,10,a1,class_selectivity,loss_free,24,2.220958709716797
MNIST,small,44,10,a1,class_selectivity,loss_free,25,1.9123835563659668
MNIST,small,44,10,a1,class_selectivity,loss_free,26,2.6404199600219727
MNIST,small,44,10,a1,class_selectivity,loss_free,27,1.6824363470077515
MNIST,small,44,10,a1,class_selectivity,loss_free,28,0.9239916801452637
MNIST,small,44,10,a1,class_selectivity,loss_free,29,1.9730064868927002
MNIST,small,44,10,a1,class_selectivity,loss_free,30,1.6871156692504883
MNIST,small,44,10,a1,class_selectivity,loss_free,31,2.297121524810791
MNIST,small,44,10,a1,class_selectivity,loss_free,32,1.213146686553955
MNIST,small,44,10,a1,class_selectivity,loss_free,33,2.257800340652466
MNIST,small,44,10,a1,class_selectivity,loss_free,34,1.0292565822601318
MNIST,small,44,10,a1,class_selectivity,loss_free,35,2.854357957839966
MNIST,small,44,10,a1,class_selectivity,loss_free,36,1.2165346145629883
MNIST,small,44,10,a1,class_selectivity,loss_free,37,1.5923113822937012
MNIST,small,44,10,a1,class_selectivity,loss_free,38,1.6696884632110596
MNIST,small,44,10,a1,class_selectivity,loss_free,39,1.7938807010650635
MNIST,small,44,10,a1,class_selectivity,loss_free,40,1.208554983139038
MNIST,small,44,10,a1,class_selectivity,loss_free,41,2.552813768386841
MNIST,small,44,10,a1,class_selectivity,loss_free,42,1.6960599422454834
MNIST,small,44,10,a1,class_selectivity,loss_free,43,1.4164048433303833
MNIST,small,44,10,a1,class_selectivity,loss_free,44,1.035196304321289
MNIST,small,44,10,a1,class_selectivity,loss_free,45,1.7340666055679321
MNIST,small,44,10,a1,class_selectivity,loss_free,46,1.2767695188522339
MNIST,small,44,10,a1,class_selectivity,loss_free,47,0.0
MNIST,small,44,10,a1,class_selectivity,loss_free,48,2.1686859130859375
MNIST,small,44,10,a1,class_selectivity,loss_free,49,1.6143860816955566
MNIST,small,44,10,a1,class_selectivity,loss_free,50,0.8211316466331482
MNIST,small,44,10,a1,class_selectivity,loss_free,51,3.3111960887908936
MNIST,small,44,10,a1,class_selectivity,loss_free,52,1.2898067235946655
MNIST,small,44,10,a1,class_selectivity,loss_free,53,2.4546422958374023
MNIST,small,44,10,a1,class_selectivity,loss_free,54,2.7820208072662354
MNIST,small,44,10,a1,class_selectivity,loss_free,55,1.300504446029663
MNIST,small,44,10,a1,class_selectivity,loss_free,56,1.609285593032837
MNIST,small,44,10,a1,class_selectivity,loss_free,57,3.542210578918457
MNIST,small,44,10,a1,class_selectivity,loss_free,58,0.2622120678424835
MNIST,small,44,10,a1,class_selectivity,loss_free,59,1.630899429321289
MNIST,small,44,10,a1,class_selectivity,loss_free,60,1.9302034378051758
MNIST,small,44,10,a1,class_selectivity,loss_free,61,2.3405308723449707
MNIST,small,44,10,a1,class_selectivity,loss_free,62,0.5401091575622559
MNIST,small,44,10,a1,class_selectivity,loss_free,63,0.9045777320861816
MNIST,small,44,10,a1,class_selectivity,loss_free,64,1.5999116897583008
MNIST,small,44,10,a1,class_selectivity,loss_free,65,0.3358704447746277
MNIST,small,44,10,a1,class_selectivity,loss_free,66,4.7129902839660645
MNIST,small,44,10,a1,class_selectivity,loss_free,67,0.2617131471633911
MNIST,small,44,10,a1,class_selectivity,loss_free,68,2.5489041805267334
MNIST,small,44,10,a1,class_selectivity,loss_free,69,0.0
MNIST,small,44,10,a1,class_selectivity,loss_free,70,1.3663978576660156
MNIST,small,44,10,a1,class_selectivity,loss_free,71,3.042426109313965
MNIST,small,44,10,a1,class_selectivity,loss_free,72,1.5259418487548828
MNIST,small,44,10,a1,class_selectivity,loss_free,73,1.9506381750106812
MNIST,small,44,10,a1,class_selectivity,loss_free,74,1.4865535497665405
MNIST,small,44,10,a1,class_selectivity,loss_free,75,0.8737389445304871
MNIST,small,44,10,a1,class_selectivity,loss_free,76,2.195901870727539
MNIST,small,44,10,a1,class_selectivity,loss_free,77,1.4210093021392822
MNIST,small,44,10,a1,class_selectivity,loss_free,78,2.1797068119049072
MNIST,small,44,10,a1,class_selectivity,loss_free,79,2.066084623336792
MNIST,small,44,10,a1,class_selectivity,loss_free,80,2.9278690814971924
MNIST,small,44,10,a1,class_selectivity,loss_free,81,1.416786551475525
MNIST,small,44,10,a1,class_selectivity,loss_free,82,1.500770092010498
MNIST,small,44,10,a1,class_selectivity,loss_free,83,0.0014781540958210826
MNIST,small,44,10,a1,class_selectivity,loss_free,84,1.6942042112350464
MNIST,small,44,10,a1,class_selectivity,loss_free,85,3.452336311340332
MNIST,small,44,10,a1,class_selectivity,loss_free,86,3.3063249588012695
MNIST,small,44,10,a1,class_selectivity,loss_free,87,0.7325239777565002
MNIST,small,44,10,a1,class_selectivity,loss_free,88,4.041146278381348
MNIST,small,44,10,a1,class_selectivity,loss_free,89,0.3000790774822235
MNIST,small,44,10,a1,class_selectivity,loss_free,90,0.002849358832463622
MNIST,small,44,10,a1,class_selectivity,loss_free,91,3.054314136505127
MNIST,small,44,10,a1,class_selectivity,loss_free,92,1.2631564140319824
MNIST,small,44,10,a1,class_selectivity,loss_free,93,1.9951403141021729
MNIST,small,44,10,a1,class_selectivity,loss_free,94,0.9055395126342773
MNIST,small,44,10,a1,class_selectivity,loss_free,95,1.9036915302276611
MNIST,small,44,10,a1,class_selectivity,loss_free,96,1.5709277391433716
MNIST,small,44,10,a1,class_selectivity,loss_free,97,1.814565658569336
MNIST,small,44,10,a1,class_selectivity,loss_free,98,0.0
MNIST,small,44,10,a1,class_selectivity,loss_free,99,2.187191963195801
MNIST,small,44,10,a1,class_selectivity,loss_free,100,2.8996241092681885
MNIST,small,44,10,a1,class_selectivity,loss_free,101,0.8797615766525269
MNIST,small,44,10,a1,class_selectivity,loss_free,102,2.2001101970672607
MNIST,small,44,10,a1,class_selectivity,loss_free,103,0.22763018310070038
MNIST,small,44,10,a1,class_selectivity,loss_free,104,2.1094229221343994
MNIST,small,44,10,a1,class_selectivity,loss_free,105,2.385429859161377
MNIST,small,44,10,a1,class_selectivity,loss_free,106,1.4334075450897217
MNIST,small,44,10,a1,class_selectivity,loss_free,107,1.2772152423858643
MNIST,small,44,10,a1,class_selectivity,loss_free,108,2.7156381607055664
MNIST,small,44,10,a1,class_selectivity,loss_free,109,3.060044288635254
MNIST,small,44,10,a1,class_selectivity,loss_free,110,2.0401978492736816
MNIST,small,44,10,a1,class_selectivity,loss_free,111,4.290891647338867
MNIST,small,44,10,a1,class_selectivity,loss_free,112,1.622496247291565
MNIST,small,44,10,a1,class_selectivity,loss_free,113,0.9708876609802246
MNIST,small,44,10,a1,class_selectivity,loss_free,114,0.0
MNIST,small,44,10,a1,class_selectivity,loss_free,115,0.6322641968727112
MNIST,small,44,10,a1,class_selectivity,loss_free,116,0.9802195429801941
MNIST,small,44,10,a1,class_selectivity,loss_free,117,2.2946348190307617
MNIST,small,44,10,a1,class_selectivity,loss_free,118,1.4901504516601562
MNIST,small,44,10,a1,class_selectivity,loss_free,119,2.270057439804077
MNIST,small,44,10,a1,class_selectivity,loss_free,120,1.0979013442993164
MNIST,small,44,10,a1,class_selectivity,loss_free,121,1.9874482154846191
MNIST,small,44,10,a1,class_selectivity,loss_free,122,3.767822027206421
MNIST,small,44,10,a1,class_selectivity,loss_free,123,0.4752458333969116
MNIST,small,44,10,a1,class_selectivity,loss_free,124,1.0553566217422485
MNIST,small,44,10,a1,class_selectivity,loss_free,125,3.1011157035827637
MNIST,small,44,10,a1,class_selectivity,loss_free,126,3.5346057415008545
MNIST,small,44,10,a1,class_selectivity,loss_free,127,1.7539163827896118
MNIST,small,44,10,a1,class_selectivity,loss_free,128,0.897455096244812
MNIST,small,44,10,a1,class_selectivity,loss_free,129,2.441803455352783
MNIST,small,44,10,a1,class_selectivity,loss_free,130,3.77933406829834
MNIST,small,44,10,a1,class_selectivity,loss_free,131,1.3235198259353638
MNIST,small,44,10,a1,class_selectivity,loss_free,132,2.5946760177612305
MNIST,small,44,10,a1,class_selectivity,loss_free,133,1.7456449270248413
MNIST,small,44,10,a1,class_selectivity,loss_free,134,3.1816585063934326
MNIST,small,44,10,a1,class_selectivity,loss_free,135,0.0
MNIST,small,44,10,a1,class_selectivity,loss_free,136,2.3816676139831543
MNIST,small,44,10,a1,class_selectivity,loss_free,137,3.6291234493255615
MNIST,small,44,10,a1,class_selectivity,loss_free,138,1.4506586790084839
MNIST,small,44,10,a1,class_selectivity,loss_free,139,3.254493236541748
MNIST,small,44,10,a1,class_selectivity,loss_free,140,1.6377776861190796
MNIST,small,44,10,a1,class_selectivity,loss_free,141,2.8821115493774414
MNIST,small,44,10,a1,class_selectivity,loss_free,142,0.701461911201477
MNIST,small,44,10,a1,class_selectivity,loss_free,143,1.4973232746124268
MNIST,small,44,10,a1,class_selectivity,loss_free,144,0.8226228952407837
MNIST,small,44,10,a1,class_selectivity,loss_free,145,0.0
MNIST,small,44,10,a1,class_selectivity,loss_free,146,1.9126231670379639
MNIST,small,44,10,a1,class_selectivity,loss_free,147,3.463083267211914
MNIST,small,44,10,a1,class_selectivity,loss_free,148,2.960329294204712
MNIST,small,44,10,a1,class_selectivity,loss_free,149,1.6373224258422852
MNIST,small,44,10,a1,class_selectivity,loss_free,150,4.67560338973999
MNIST,small,44,10,a1,class_selectivity,loss_free,151,1.0013912916183472
MNIST,small,44,10,a1,class_selectivity,loss_free,152,3.418438196182251
MNIST,small,44,10,a1,class_selectivity,loss_free,153,0.0
MNIST,small,44,10,a1,class_selectivity,loss_free,154,4.746453285217285
MNIST,small,44,10,a1,class_selectivity,loss_free,155,1.9882948398590088
MNIST,small,44,10,a1,class_selectivity,loss_free,156,2.3481452465057373
MNIST,small,44,10,a1,class_selectivity,loss_free,157,2.3154003620147705
MNIST,small,44,10,a1,class_selectivity,loss_free,158,1.4988744258880615
MNIST,small,44,10,a1,class_selectivity,loss_free,159,2.725860595703125
MNIST,small,44,10,a1,class_selectivity,loss_free,160,2.838080883026123
MNIST,small,44,10,a1,class_selectivity,loss_free,161,2.153470516204834
MNIST,small,44,10,a1,class_selectivity,loss_free,162,2.288071393966675
MNIST,small,44,10,a1,class_selectivity,loss_free,163,1.9622844457626343
MNIST,small,44,10,a1,class_selectivity,loss_free,164,1.8776525259017944
MNIST,small,44,10,a1,class_selectivity,loss_free,165,0.0
MNIST,small,44,10,a1,class_selectivity,loss_free,166,2.7053487300872803
MNIST,small,44,10,a1,class_selectivity,loss_free,167,2.480809211730957
MNIST,small,44,10,a1,class_selectivity,loss_free,168,2.9241275787353516
MNIST,small,44,10,a1,class_selectivity,loss_free,169,1.9417641162872314
MNIST,small,44,10,a1,class_selectivity,loss_free,170,0.6987261772155762
MNIST,small,44,10,a1,class_selectivity,loss_free,171,1.6755590438842773
MNIST,small,44,10,a1,class_selectivity,loss_free,172,1.5309044122695923
MNIST,small,44,10,a1,class_selectivity,loss_free,173,2.299393653869629
MNIST,small,44,10,a1,class_selectivity,loss_free,174,0.6647945642471313
MNIST,small,44,10,a1,class_selectivity,loss_free,175,0.5497375726699829
MNIST,small,44,10,a1,class_selectivity,loss_free,176,3.956183671951294
MNIST,small,44,10,a1,class_selectivity,loss_free,177,1.838741421699524
MNIST,small,44,10,a1,class_selectivity,loss_free,178,1.0812538862228394
MNIST,small,44,10,a1,class_selectivity,loss_free,179,3.770112991333008
MNIST,small,44,10,a1,class_selectivity,loss_free,180,1.8349709510803223
MNIST,small,44,10,a1,class_selectivity,loss_free,181,0.6157547831535339
MNIST,small,44,10,a1,class_selectivity,loss_free,182,1.6644084453582764
MNIST,small,44,10,a1,class_selectivity,loss_free,183,2.133467197418213
MNIST,small,44,10,a1,class_selectivity,loss_free,184,1.729365587234497
MNIST,small,44,10,a1,class_selectivity,loss_free,185,1.929122805595398
MNIST,small,44,10,a1,class_selectivity,loss_free,186,0.9698387980461121
MNIST,small,44,10,a1,class_selectivity,loss_free,187,1.4751403331756592
MNIST,small,44,10,a1,class_selectivity,loss_free,188,1.5194249153137207
MNIST,small,44,10,a1,class_selectivity,loss_free,189,0.8619388341903687
MNIST,small,44,10,a1,class_selectivity,loss_free,190,1.161083459854126
MNIST,small,44,10,a1,class_selectivity,loss_free,191,1.0072128772735596
MNIST,small,44,10,a1,class_selectivity,loss_free,192,2.9337105751037598
MNIST,small,44,10,a1,class_selectivity,loss_free,193,1.4814953804016113
MNIST,small,44,10,a1,class_selectivity,loss_free,194,2.258477210998535
MNIST,small,44,10,a1,class_selectivity,loss_free,195,2.2135305404663086
MNIST,small,44,10,a1,class_selectivity,loss_free,196,1.3900593519210815
MNIST,small,44,10,a1,class_selectivity,loss_free,197,2.554008960723877
MNIST,small,44,10,a1,class_selectivity,loss_free,198,3.5509557723999023
MNIST,small,44,10,a1,class_selectivity,loss_free,199,4.601463317871094
MNIST,small,44,10,a1,class_selectivity,loss_free,200,1.6028000116348267
MNIST,small,44,10,a1,class_selectivity,loss_free,201,0.6624763011932373
MNIST,small,44,10,a1,class_selectivity,loss_free,202,0.07740733027458191
MNIST,small,44,10,a1,class_selectivity,loss_free,203,0.0
MNIST,small,44,10,a1,class_selectivity,loss_free,204,1.003307580947876
MNIST,small,44,10,a1,class_selectivity,loss_free,205,0.8157796263694763
MNIST,small,44,10,a1,class_selectivity,loss_free,206,3.8117823600769043
MNIST,small,44,10,a1,class_selectivity,loss_free,207,1.509365439414978
MNIST,small,44,10,a1,class_selectivity,loss_free,208,1.9642411470413208
MNIST,small,44,10,a1,class_selectivity,loss_free,209,2.9037697315216064
MNIST,small,44,10,a1,class_selectivity,loss_free,210,6.117689609527588
MNIST,small,44,10,a1,class_selectivity,loss_free,211,0.2844488024711609
MNIST,small,44,10,a1,class_selectivity,loss_free,212,1.0718061923980713
MNIST,small,44,10,a1,class_selectivity,loss_free,213,2.6679911613464355
MNIST,small,44,10,a1,class_selectivity,loss_free,214,1.1219439506530762
MNIST,small,44,10,a1,class_selectivity,loss_free,215,2.504696846008301
MNIST,small,44,10,a1,class_selectivity,loss_free,216,3.359727621078491
MNIST,small,44,10,a1,class_selectivity,loss_free,217,1.1140975952148438
MNIST,small,44,10,a1,class_selectivity,loss_free,218,1.7042220830917358
MNIST,small,44,10,a1,class_selectivity,loss_free,219,2.8864552974700928
MNIST,small,44,10,a1,class_selectivity,loss_free,220,0.5407418608665466
MNIST,small,44,10,a1,class_selectivity,loss_free,221,1.9636390209197998
MNIST,small,44,10,a1,class_selectivity,loss_free,222,1.525437831878662
MNIST,small,44,10,a1,class_selectivity,loss_free,223,2.4062721729278564
MNIST,small,44,10,a1,class_selectivity,loss_free,224,2.01729416847229
MNIST,small,44,10,a1,class_selectivity,loss_free,225,2.482893466949463
MNIST,small,44,10,a1,class_selectivity,loss_free,226,1.46235990524292
MNIST,small,44,10,a1,class_selectivity,loss_free,227,2.5247864723205566
MNIST,small,44,10,a1,class_selectivity,loss_free,228,0.8965371251106262
MNIST,small,44,10,a1,class_selectivity,loss_free,229,1.9392679929733276
MNIST,small,44,10,a1,class_selectivity,loss_free,230,1.3121881484985352
MNIST,small,44,10,a1,class_selectivity,loss_free,231,1.8734498023986816
MNIST,small,44,10,a1,class_selectivity,loss_free,232,2.6070141792297363
MNIST,small,44,10,a1,class_selectivity,loss_free,233,1.9240367412567139
MNIST,small,44,10,a1,class_selectivity,loss_free,234,1.7352709770202637
MNIST,small,44,10,a1,class_selectivity,loss_free,235,3.3820810317993164
MNIST,small,44,10,a1,class_selectivity,loss_free,236,1.2069305181503296
MNIST,small,44,10,a1,class_selectivity,loss_free,237,2.1287527084350586
MNIST,small,44,10,a1,class_selectivity,loss_free,238,1.2951865196228027
MNIST,small,44,10,a1,class_selectivity,loss_free,239,0.9767297506332397
MNIST,small,44,10,a1,class_selectivity,loss_free,240,1.7059561014175415
MNIST,small,44,10,a1,class_selectivity,loss_free,241,2.098182201385498
MNIST,small,44,10,a1,class_selectivity,loss_free,242,4.715150833129883
MNIST,small,44,10,a1,class_selectivity,loss_free,243,5.962934494018555
MNIST,small,44,10,a1,class_selectivity,loss_free,244,0.9952381253242493
MNIST,small,44,10,a1,class_selectivity,loss_free,245,1.4875948429107666
MNIST,small,44,10,a1,class_selectivity,loss_free,246,1.377302646636963
MNIST,small,44,10,a1,class_selectivity,loss_free,247,1.5709786415100098
MNIST,small,44,10,a1,class_selectivity,loss_free,248,1.0335371494293213
MNIST,small,44,10,a1,class_selectivity,loss_free,249,2.4113681316375732
MNIST,small,44,10,a1,class_selectivity,loss_free,250,2.12552547454834
MNIST,small,44,10,a1,class_selectivity,loss_free,251,2.914069414138794
MNIST,small,44,10,a1,class_selectivity,loss_free,252,0.5605887174606323
MNIST,small,44,10,a1,class_selectivity,loss_free,253,2.1459476947784424
MNIST,small,44,10,a1,class_selectivity,loss_free,254,3.806443452835083
MNIST,small,44,10,a1,class_selectivity,loss_free,255,1.8231931924819946
MNIST,small,44,10,a2,class_selectivity,loss_free,0,3.343261241912842
MNIST,small,44,10,a2,class_selectivity,loss_free,1,3.3467233180999756
MNIST,small,44,10,a2,class_selectivity,loss_free,2,0.0
MNIST,small,44,10,a2,class_selectivity,loss_free,3,2.8173930644989014
MNIST,small,44,10,a2,class_selectivity,loss_free,4,1.699162244796753
MNIST,small,44,10,a2,class_selectivity,loss_free,5,4.696137428283691
MNIST,small,44,10,a2,class_selectivity,loss_free,6,2.9968276023864746
MNIST,small,44,10,a2,class_selectivity,loss_free,7,4.878344535827637
MNIST,small,44,10,a2,class_selectivity,loss_free,8,5.190093994140625
MNIST,small,44,10,a2,class_selectivity,loss_free,9,3.80786395072937
MNIST,small,44,10,a2,class_selectivity,loss_free,10,3.293092727661133
MNIST,small,44,10,a2,class_selectivity,loss_free,11,2.7489941120147705
MNIST,small,44,10,a2,class_selectivity,loss_free,12,4.373276710510254
MNIST,small,44,10,a2,class_selectivity,loss_free,13,3.298053026199341
MNIST,small,44,10,a2,class_selectivity,loss_free,14,4.6719770431518555
MNIST,small,44,10,a2,class_selectivity,loss_free,15,3.683664321899414
MNIST,small,44,10,a2,class_selectivity,loss_free,16,4.549060344696045
MNIST,small,44,10,a2,class_selectivity,loss_free,17,4.4955315589904785
MNIST,small,44,10,a2,class_selectivity,loss_free,18,4.15938138961792
MNIST,small,44,10,a2,class_selectivity,loss_free,19,3.2700366973876953
MNIST,small,44,10,a2,class_selectivity,loss_free,20,3.8240418434143066
MNIST,small,44,10,a2,class_selectivity,loss_free,21,2.7077584266662598
MNIST,small,44,10,a2,class_selectivity,loss_free,22,4.806731700897217
MNIST,small,44,10,a2,class_selectivity,loss_free,23,5.001897811889648
MNIST,small,44,10,a2,class_selectivity,loss_free,24,3.6538665294647217
MNIST,small,44,10,a2,class_selectivity,loss_free,25,3.099409341812134
MNIST,small,44,10,a2,class_selectivity,loss_free,26,4.386970520019531
MNIST,small,44,10,a2,class_selectivity,loss_free,27,1.151389479637146
MNIST,small,44,10,a2,class_selectivity,loss_free,28,2.074930429458618
MNIST,small,44,10,a2,class_selectivity,loss_free,29,4.182873725891113
MNIST,small,44,10,a2,class_selectivity,loss_free,30,2.676231622695923
MNIST,small,44,10,a2,class_selectivity,loss_free,31,3.3542702198028564
MNIST,small,44,10,a2,class_selectivity,loss_free,32,3.5370678901672363
MNIST,small,44,10,a2,class_selectivity,loss_free,33,2.8914551734924316
MNIST,small,44,10,a2,class_selectivity,loss_free,34,3.8788998126983643
MNIST,small,44,10,a2,class_selectivity,loss_free,35,4.469834327697754
MNIST,small,44,10,a2,class_selectivity,loss_free,36,3.986506700515747
MNIST,small,44,10,a2,class_selectivity,loss_free,37,2.8613834381103516
MNIST,small,44,10,a2,class_selectivity,loss_free,38,2.681638479232788
MNIST,small,44,10,a2,class_selectivity,loss_free,39,4.35279655456543
MNIST,small,44,10,a2,class_selectivity,loss_free,40,5.14853572845459
MNIST,small,44,10,a2,class_selectivity,loss_free,41,0.0
MNIST,small,44,10,a2,class_selectivity,loss_free,42,4.285065650939941
MNIST,small,44,10,a2,class_selectivity,loss_free,43,4.613551616668701
MNIST,small,44,10,a2,class_selectivity,loss_free,44,4.129603385925293
MNIST,small,44,10,a2,class_selectivity,loss_free,45,5.050571441650391
MNIST,small,44,10,a2,class_selectivity,loss_free,46,3.460052967071533
MNIST,small,44,10,a2,class_selectivity,loss_free,47,1.941293716430664
MNIST,small,44,10,a2,class_selectivity,loss_free,48,2.149608612060547
MNIST,small,44,10,a2,class_selectivity,loss_free,49,3.6945178508758545
MNIST,small,44,10,a2,class_selectivity,loss_free,50,4.482535362243652
MNIST,small,44,10,a2,class_selectivity,loss_free,51,2.0817787647247314
MNIST,small,44,10,a2,class_selectivity,loss_free,52,3.1253340244293213
MNIST,small,44,10,a2,class_selectivity,loss_free,53,3.6163196563720703
MNIST,small,44,10,a2,class_selectivity,loss_free,54,2.262737989425659
MNIST,small,44,10,a2,class_selectivity,loss_free,55,3.3402957916259766
MNIST,small,44,10,a2,class_selectivity,loss_free,56,2.3801522254943848
MNIST,small,44,10,a2,class_selectivity,loss_free,57,4.710665702819824
MNIST,small,44,10,a2,class_selectivity,loss_free,58,0.9697467684745789
MNIST,small,44,10,a2,class_selectivity,loss_free,59,6.320916175842285
MNIST,small,44,10,a2,class_selectivity,loss_free,60,1.7035737037658691
MNIST,small,44,10,a2,class_selectivity,loss_free,61,6.192844867706299
MNIST,small,44,10,a2,class_selectivity,loss_free,62,3.6573429107666016
MNIST,small,44,10,a2,class_selectivity,loss_free,63,3.66483211517334
MNIST,small,44,10,a2,class_selectivity,loss_free,64,1.670703649520874
MNIST,small,44,10,a2,class_selectivity,loss_free,65,4.198328018188477
MNIST,small,44,10,a2,class_selectivity,loss_free,66,2.886845827102661
MNIST,small,44,10,a2,class_selectivity,loss_free,67,6.172001838684082
MNIST,small,44,10,a2,class_selectivity,loss_free,68,6.036629676818848
MNIST,small,44,10,a2,class_selectivity,loss_free,69,3.532191038131714
MNIST,small,44,10,a2,class_selectivity,loss_free,70,4.916158676147461
MNIST,small,44,10,a2,class_selectivity,loss_free,71,3.8478870391845703
MNIST,small,44,10,a2,class_selectivity,loss_free,72,3.6463119983673096
MNIST,small,44,10,a2,class_selectivity,loss_free,73,6.144418239593506
MNIST,small,44,10,a2,class_selectivity,loss_free,74,3.15460467338562
MNIST,small,44,10,a2,class_selectivity,loss_free,75,3.0900371074676514
MNIST,small,44,10,a2,class_selectivity,loss_free,76,2.293135166168213
MNIST,small,44,10,a2,class_selectivity,loss_free,77,3.986673593521118
MNIST,small,44,10,a2,class_selectivity,loss_free,78,5.077523231506348
MNIST,small,44,10,a2,class_selectivity,loss_free,79,2.4160752296447754
MNIST,small,44,10,a2,class_selectivity,loss_free,80,4.842118740081787
MNIST,small,44,10,a2,class_selectivity,loss_free,81,3.7420554161071777
MNIST,small,44,10,a2,class_selectivity,loss_free,82,5.005622386932373
MNIST,small,44,10,a2,class_selectivity,loss_free,83,2.271420478820801
MNIST,small,44,10,a2,class_selectivity,loss_free,84,2.9136528968811035
MNIST,small,44,10,a2,class_selectivity,loss_free,85,3.5207154750823975
MNIST,small,44,10,a2,class_selectivity,loss_free,86,3.0327088832855225
MNIST,small,44,10,a2,class_selectivity,loss_free,87,5.688597202301025
MNIST,small,44,10,a2,class_selectivity,loss_free,88,3.7262015342712402
MNIST,small,44,10,a2,class_selectivity,loss_free,89,3.7721705436706543
MNIST,small,44,10,a2,class_selectivity,loss_free,90,0.9058638215065002
MNIST,small,44,10,a2,class_selectivity,loss_free,91,4.164940357208252
MNIST,small,44,10,a2,class_selectivity,loss_free,92,3.76265287399292
MNIST,small,44,10,a2,class_selectivity,loss_free,93,1.4506627321243286
MNIST,small,44,10,a2,class_selectivity,loss_free,94,4.62440299987793
MNIST,small,44,10,a2,class_selectivity,loss_free,95,4.300142765045166
MNIST,small,44,10,a2,class_selectivity,loss_free,96,4.28296422958374
MNIST,small,44,10,a2,class_selectivity,loss_free,97,5.083785057067871
MNIST,small,44,10,a2,class_selectivity,loss_free,98,3.2637267112731934
MNIST,small,44,10,a2,class_selectivity,loss_free,99,5.3538007736206055
MNIST,small,44,10,a2,class_selectivity,loss_free,100,1.8054629564285278
MNIST,small,44,10,a2,class_selectivity,loss_free,101,3.000345230102539
MNIST,small,44,10,a2,class_selectivity,loss_free,102,3.5230963230133057
MNIST,small,44,10,a2,class_selectivity,loss_free,103,3.5492806434631348
MNIST,small,44,10,a2,class_selectivity,loss_free,104,2.7604598999023438
MNIST,small,44,10,a2,class_selectivity,loss_free,105,3.512211322784424
MNIST,small,44,10,a2,class_selectivity,loss_free,106,3.9799118041992188
MNIST,small,44,10,a2,class_selectivity,loss_free,107,6.767915725708008
MNIST,small,44,10,a2,class_selectivity,loss_free,108,2.3426923751831055
MNIST,small,44,10,a2,class_selectivity,loss_free,109,2.203418731689453
MNIST,small,44,10,a2,class_selectivity,loss_free,110,4.006802082061768
MNIST,small,44,10,a2,class_selectivity,loss_free,111,4.1976237297058105
MNIST,small,44,10,a2,class_selectivity,loss_free,112,2.75300931930542
MNIST,small,44,10,a2,class_selectivity,loss_free,113,3.377209424972534
MNIST,small,44,10,a2,class_selectivity,loss_free,114,5.005616188049316
MNIST,small,44,10,a2,class_selectivity,loss_free,115,5.56289529800415
MNIST,small,44,10,a2,class_selectivity,loss_free,116,7.737847328186035
MNIST,small,44,10,a2,class_selectivity,loss_free,117,3.2058072090148926
MNIST,small,44,10,a2,class_selectivity,loss_free,118,3.7600502967834473
MNIST,small,44,10,a2,class_selectivity,loss_free,119,5.9395647048950195
MNIST,small,44,10,a2,class_selectivity,loss_free,120,4.892870903015137
MNIST,small,44,10,a2,class_selectivity,loss_free,121,1.8581233024597168
MNIST,small,44,10,a2,class_selectivity,loss_free,122,3.207446575164795
MNIST,small,44,10,a2,class_selectivity,loss_free,123,2.038827896118164
MNIST,small,44,10,a2,class_selectivity,loss_free,124,7.198034763336182
MNIST,small,44,10,a2,class_selectivity,loss_free,125,1.9423062801361084
MNIST,small,44,10,a2,class_selectivity,loss_free,126,4.004175662994385
MNIST,small,44,10,a2,class_selectivity,loss_free,127,4.206229209899902
MNIST,small,44,10,a1,redundancy,loss_free,0,-0.5364518165588379
MNIST,small,44,10,a1,redundancy,loss_free,1,-0.6052657961845398
MNIST,small,44,10,a1,redundancy,loss_free,2,-0.5248293876647949
MNIST,small,44,10,a1,redundancy,loss_free,3,-0.548919141292572
MNIST,small,44,10,a1,redundancy,loss_free,4,-0.0
MNIST,small,44,10,a1,redundancy,loss_free,5,-0.6973515748977661
MNIST,small,44,10,a1,redundancy,loss_free,6,-0.6600892543792725
MNIST,small,44,10,a1,redundancy,loss_free,7,-0.620086669921875
MNIST,small,44,10,a1,redundancy,loss_free,8,-0.5100180506706238
MNIST,small,44,10,a1,redundancy,loss_free,9,-0.5840752720832825
MNIST,small,44,10,a1,redundancy,loss_free,10,-0.8390880823135376
MNIST,small,44,10,a1,redundancy,loss_free,11,-0.7303322553634644
MNIST,small,44,10,a1,redundancy,loss_free,12,-0.0
MNIST,small,44,10,a1,redundancy,loss_free,13,-0.6026386618614197
MNIST,small,44,10,a1,redundancy,loss_free,14,-0.5219701528549194
MNIST,small,44,10,a1,redundancy,loss_free,15,-0.0
MNIST,small,44,10,a1,redundancy,loss_free,16,-0.4779670238494873
MNIST,small,44,10,a1,redundancy,loss_free,17,-0.6041386723518372
MNIST,small,44,10,a1,redundancy,loss_free,18,-0.7032734155654907
MNIST,small,44,10,a1,redundancy,loss_free,19,-0.5439679026603699
MNIST,small,44,10,a1,redundancy,loss_free,20,-0.6667784452438354
MNIST,small,44,10,a1,redundancy,loss_free,21,-0.4699341952800751
MNIST,small,44,10,a1,redundancy,loss_free,22,-0.7564765214920044
MNIST,small,44,10,a1,redundancy,loss_free,23,-0.70139080286026
MNIST,small,44,10,a1,redundancy,loss_free,24,-0.48654764890670776
MNIST,small,44,10,a1,redundancy,loss_free,25,-0.6118301749229431
MNIST,small,44,10,a1,redundancy,loss_free,26,-0.723236083984375
MNIST,small,44,10,a1,redundancy,loss_free,27,-0.725197970867157
MNIST,small,44,10,a1,redundancy,loss_free,28,-0.5741152763366699
MNIST,small,44,10,a1,redundancy,loss_free,29,-0.5291895866394043
MNIST,small,44,10,a1,redundancy,loss_free,30,-0.6583570241928101
MNIST,small,44,10,a1,redundancy,loss_free,31,-0.5901178121566772
MNIST,small,44,10,a1,redundancy,loss_free,32,-0.5294992327690125
MNIST,small,44,10,a1,redundancy,loss_free,33,-0.5851994156837463
MNIST,small,44,10,a1,redundancy,loss_free,34,-0.5602391362190247
MNIST,small,44,10,a1,redundancy,loss_free,35,-0.7239124178886414
MNIST,small,44,10,a1,redundancy,loss_free,36,-0.46900853514671326
MNIST,small,44,10,a1,redundancy,loss_free,37,-0.6775966882705688
MNIST,small,44,10,a1,redundancy,loss_free,38,-0.4547187387943268
MNIST,small,44,10,a1,redundancy,loss_free,39,-0.5100180506706238
MNIST,small,44,10,a1,redundancy,loss_free,40,-0.659140944480896
MNIST,small,44,10,a1,redundancy,loss_free,41,-0.7580116391181946
MNIST,small,44,10,a1,redundancy,loss_free,42,-0.5743036270141602
MNIST,small,44,10,a1,redundancy,loss_free,43,-0.6677768230438232
MNIST,small,44,10,a1,redundancy,loss_free,44,-0.6535112857818604
MNIST,small,44,10,a1,redundancy,loss_free,45,-0.5648245215415955
MNIST,small,44,10,a1,redundancy,loss_free,46,-0.4925028085708618
MNIST,small,44,10,a1,redundancy,loss_free,47,-0.0
MNIST,small,44,10,a1,redundancy,loss_free,48,-0.6786304116249084
MNIST,small,44,10,a1,redundancy,loss_free,49,-0.5475919246673584
MNIST,small,44,10,a1,redundancy,loss_free,50,-0.4426792860031128
MNIST,small,44,10,a1,redundancy,loss_free,51,-0.7578194737434387
MNIST,small,44,10,a1,redundancy,loss_free,52,-0.567427933216095
MNIST,small,44,10,a1,redundancy,loss_free,53,-0.6333975791931152
MNIST,small,44,10,a1,redundancy,loss_free,54,-0.616526186466217
MNIST,small,44,10,a1,redundancy,loss_free,55,-0.7232114672660828
MNIST,small,44,10,a1,redundancy,loss_free,56,-0.754549503326416
MNIST,small,44,10,a1,redundancy,loss_free,57,-0.7840996980667114
MNIST,small,44,10,a1,redundancy,loss_free,58,-0.5221056342124939
MNIST,small,44,10,a1,redundancy,loss_free,59,-0.615169107913971
MNIST,small,44,10,a1,redundancy,loss_free,60,-0.6032552123069763
MNIST,small,44,10,a1,redundancy,loss_free,61,-0.6280113458633423
MNIST,small,44,10,a1,redundancy,loss_free,62,-0.43319740891456604
MNIST,small,44,10,a1,redundancy,loss_free,63,-0.5699078440666199
MNIST,small,44,10,a1,redundancy,loss_free,64,-0.44980815052986145
MNIST,small,44,10,a1,redundancy,loss_free,65,-0.3829995393753052
MNIST,small,44,10,a1,redundancy,loss_free,66,-0.70139080286026
MNIST,small,44,10,a1,redundancy,loss_free,67,-0.37050583958625793
MNIST,small,44,10,a1,redundancy,loss_free,68,-0.5855632424354553
MNIST,small,44,10,a1,redundancy,loss_free,69,-0.0
MNIST,small,44,10,a1,redundancy,loss_free,70,-0.5652213096618652
MNIST,small,44,10,a1,redundancy,loss_free,71,-0.6032552123069763
MNIST,small,44,10,a1,redundancy,loss_free,72,-0.5302985906600952
MNIST,small,44,10,a1,redundancy,loss_free,73,-0.5901178121566772
MNIST,small,44,10,a1,redundancy,loss_free,74,-0.5195049047470093
MNIST,small,44,10,a1,redundancy,loss_free,75,-0.39832618832588196
MNIST,small,44,10,a1,redundancy,loss_free,76,-0.5253186225891113
MNIST,small,44,10,a1,redundancy,loss_free,77,-0.6914774775505066
MNIST,small,44,10,a1,redundancy,loss_free,78,-0.61847323179245
MNIST,small,44,10,a1,redundancy,loss_free,79,-0.632716715335846
MNIST,small,44,10,a1,redundancy,loss_free,80,-0.7026219964027405
MNIST,small,44,10,a1,redundancy,loss_free,81,-0.5171776413917542
MNIST,small,44,10,a1,redundancy,loss_free,82,-0.6005895137786865
MNIST,small,44,10,a1,redundancy,loss_free,83,-0.19673998653888702
MNIST,small,44,10,a1,redundancy,loss_free,84,-0.7470159530639648
MNIST,small,44,10,a1,redundancy,loss_free,85,-0.7021654844284058
MNIST,small,44,10,a1,redundancy,loss_free,86,-0.7099332809448242
MNIST,small,44,10,a1,redundancy,loss_free,87,-0.5741152763366699
MNIST,small,44,10,a1,redundancy,loss_free,88,-0.5974573493003845
MNIST,small,44,10,a1,redundancy,loss_free,89,-0.5221056342124939
MNIST,small,44,10,a1,redundancy,loss_free,90,-0.2732504904270172
MNIST,small,44,10,a1,redundancy,loss_free,91,-0.7313534021377563
MNIST,small,44,10,a1,redundancy,loss_free,92,-0.6228489279747009
MNIST,small,44,10,a1,redundancy,loss_free,93,-0.6093874573707581
MNIST,small,44,10,a1,redundancy,loss_free,94,-0.5677147507667542
MNIST,small,44,10,a1,redundancy,loss_free,95,-0.6337941884994507
MNIST,small,44,10,a1,redundancy,loss_free,96,-0.5338004231452942
MNIST,small,44,10,a1,redundancy,loss_free,97,-0.45918959379196167
MNIST,small,44,10,a1,redundancy,loss_free,98,-0.0
MNIST,small,44,10,a1,redundancy,loss_free,99,-0.6169878840446472
MNIST,small,44,10,a1,redundancy,loss_free,100,-0.5983296036720276
MNIST,small,44,10,a1,redundancy,loss_free,101,-0.44279906153678894
MNIST,small,44,10,a1,redundancy,loss_free,102,-0.47758427262306213
MNIST,small,44,10,a1,redundancy,loss_free,103,-0.48311832547187805
MNIST,small,44,10,a1,redundancy,loss_free,104,-0.6064119935035706
MNIST,small,44,10,a1,redundancy,loss_free,105,-0.6632692813873291
MNIST,small,44,10,a1,redundancy,loss_free,106,-0.7239124178886414
MNIST,small,44,10,a1,redundancy,loss_free,107,-0.4749060869216919
MNIST,small,44,10,a1,redundancy,loss_free,108,-0.7090904116630554
MNIST,small,44,10,a1,redundancy,loss_free,109,-0.6743879318237305
MNIST,small,44,10,a1,redundancy,loss_free,110,-0.6300730109214783
MNIST,small,44,10,a1,redundancy,loss_free,111,-0.8089333772659302
MNIST,small,44,10,a1,redundancy,loss_free,112,-0.5624969005584717
MNIST,small,44,10,a1,redundancy,loss_free,113,-0.49460476636886597
MNIST,small,44,10,a1,redundancy,loss_free,114,-0.0
MNIST,small,44,10,a1,redundancy,loss_free,115,-0.5490058064460754
MNIST,small,44,10,a1,redundancy,loss_free,116,-0.3935270607471466
MNIST,small,44,10,a1,redundancy,loss_free,117,-0.6946859955787659
MNIST,small,44,10,a1,redundancy,loss_free,118,-0.6022520661354065
MNIST,small,44,10,a1,redundancy,loss_free,119,-0.6169878840446472
MNIST,small,44,10,a1,redundancy,loss_free,120,-0.33195430040359497
MNIST,small,44,10,a1,redundancy,loss_free,121,-0.7067373991012573
MNIST,small,44,10,a1,redundancy,loss_free,122,-0.8408593535423279
MNIST,small,44,10,a1,redundancy,loss_free,123,-0.46900853514671326
MNIST,small,44,10,a1,redundancy,loss_free,124,-0.7303322553634644
MNIST,small,44,10,a1,redundancy,loss_free,125,-0.5527795553207397
MNIST,small,44,10,a1,redundancy,loss_free,126,-0.7755613327026367
MNIST,small,44,10,a1,redundancy,loss_free,127,-0.5481114983558655
MNIST,small,44,10,a1,redundancy,loss_free,128,-0.5681250095367432
MNIST,small,44,10,a1,redundancy,loss_free,129,-0.6964712738990784
MNIST,small,44,10,a1,redundancy,loss_free,130,-0.7255828380584717
MNIST,small,44,10,a1,redundancy,loss_free,131,-0.5263568162918091
MNIST,small,44,10,a1,redundancy,loss_free,132,-0.7840996980667114
MNIST,small,44,10,a1,redundancy,loss_free,133,-0.6100806593894958
MNIST,small,44,10,a1,redundancy,loss_free,134,-0.600676417350769
MNIST,small,44,10,a1,redundancy,loss_free,135,-0.0
MNIST,small,44,10,a1,redundancy,loss_free,136,-0.5867618918418884
MNIST,small,44,10,a1,redundancy,loss_free,137,-0.6987641453742981
MNIST,small,44,10,a1,redundancy,loss_free,138,-0.5523010492324829
MNIST,small,44,10,a1,redundancy,loss_free,139,-0.70176100730896
MNIST,small,44,10,a1,redundancy,loss_free,140,-0.6337422132492065
MNIST,small,44,10,a1,redundancy,loss_free,141,-0.7479480504989624
MNIST,small,44,10,a1,redundancy,loss_free,142,-0.43140414357185364
MNIST,small,44,10,a1,redundancy,loss_free,143,-0.5549895763397217
MNIST,small,44,10,a1,redundancy,loss_free,144,-0.38248518109321594
MNIST,small,44,10,a1,redundancy,loss_free,145,-0.0
MNIST,small,44,10,a1,redundancy,loss_free,146,-0.6026386618614197
MNIST,small,44,10,a1,redundancy,loss_free,147,-0.7572599053382874
MNIST,small,44,10,a1,redundancy,loss_free,148,-0.725197970867157
MNIST,small,44,10,a1,redundancy,loss_free,149,-0.6064119935035706
MNIST,small,44,10,a1,redundancy,loss_free,150,-0.7580116391181946
MNIST,small,44,10,a1,redundancy,loss_free,151,-0.4948958158493042
MNIST,small,44,10,a1,redundancy,loss_free,152,-0.766227126121521
MNIST,small,44,10,a1,redundancy,loss_free,153,-0.0
MNIST,small,44,10,a1,redundancy,loss_free,154,-0.766227126121521
MNIST,small,44,10,a1,redundancy,loss_free,155,-0.6650704145431519
MNIST,small,44,10,a1,redundancy,loss_free,156,-0.626305341720581
MNIST,small,44,10,a1,redundancy,loss_free,157,-0.6895849704742432
MNIST,small,44,10,a1,redundancy,loss_free,158,-0.4982340633869171
MNIST,small,44,10,a1,redundancy,loss_free,159,-0.600354015827179
MNIST,small,44,10,a1,redundancy,loss_free,160,-0.7255828380584717
MNIST,small,44,10,a1,redundancy,loss_free,161,-0.7479480504989624
MNIST,small,44,10,a1,redundancy,loss_free,162,-0.6116287708282471
MNIST,small,44,10,a1,redundancy,loss_free,163,-0.5801027417182922
MNIST,small,44,10,a1,redundancy,loss_free,164,-0.4727872908115387
MNIST,small,44,10,a1,redundancy,loss_free,165,-0.0
MNIST,small,44,10,a1,redundancy,loss_free,166,-0.47784093022346497
MNIST,small,44,10,a1,redundancy,loss_free,167,-0.5071297883987427
MNIST,small,44,10,a1,redundancy,loss_free,168,-0.585564911365509
MNIST,small,44,10,a1,redundancy,loss_free,169,-0.7564765214920044
MNIST,small,44,10,a1,redundancy,loss_free,170,-0.5302985906600952
MNIST,small,44,10,a1,redundancy,loss_free,171,-0.5743036270141602
MNIST,small,44,10,a1,redundancy,loss_free,172,-0.5735580325126648
MNIST,small,44,10,a1,redundancy,loss_free,173,-0.6628550291061401
MNIST,small,44,10,a1,redundancy,loss_free,174,-0.4634295105934143
MNIST,small,44,10,a1,redundancy,loss_free,175,-0.46953412890434265
MNIST,small,44,10,a1,redundancy,loss_free,176,-0.7977996468544006
MNIST,small,44,10,a1,redundancy,loss_free,177,-0.6703101992607117
MNIST,small,44,10,a1,redundancy,loss_free,178,-0.6973515748977661
MNIST,small,44,10,a1,redundancy,loss_free,179,-0.7032734155654907
MNIST,small,44,10,a1,redundancy,loss_free,180,-0.6337941884994507
MNIST,small,44,10,a1,redundancy,loss_free,181,-0.3561651408672333
MNIST,small,44,10,a1,redundancy,loss_free,182,-0.6144298911094666
MNIST,small,44,10,a1,redundancy,loss_free,183,-0.5751721262931824
MNIST,small,44,10,a1,redundancy,loss_free,184,-0.6005895137786865
MNIST,small,44,10,a1,redundancy,loss_free,185,-0.6617797613143921
MNIST,small,44,10,a1,redundancy,loss_free,186,-0.5817904472351074
MNIST,small,44,10,a1,redundancy,loss_free,187,-0.6099869012832642
MNIST,small,44,10,a1,redundancy,loss_free,188,-0.4015006422996521
MNIST,small,44,10,a1,redundancy,loss_free,189,-0.5519731044769287
MNIST,small,44,10,a1,redundancy,loss_free,190,-0.5093849897384644
MNIST,small,44,10,a1,redundancy,loss_free,191,-0.44612523913383484
MNIST,small,44,10,a1,redundancy,loss_free,192,-0.7303850650787354
MNIST,small,44,10,a1,redundancy,loss_free,193,-0.5675562024116516
MNIST,small,44,10,a1,redundancy,loss_free,194,-0.6677768230438232
MNIST,small,44,10,a1,redundancy,loss_free,195,-0.6544950008392334
MNIST,small,44,10,a1,redundancy,loss_free,196,-0.5817210674285889
MNIST,small,44,10,a1,redundancy,loss_free,197,-0.7755613327026367
MNIST,small,44,10,a1,redundancy,loss_free,198,-0.7313534021377563
MNIST,small,44,10,a1,redundancy,loss_free,199,-0.7714506983757019
MNIST,small,44,10,a1,redundancy,loss_free,200,-0.6300730109214783
MNIST,small,44,10,a1,redundancy,loss_free,201,-0.5602391362190247
MNIST,small,44,10,a1,redundancy,loss_free,202,-0.25266098976135254
MNIST,small,44,10,a1,redundancy,loss_free,203,-0.0
MNIST,small,44,10,a1,redundancy,loss_free,204,-0.43140414357185364
MNIST,small,44,10,a1,redundancy,loss_free,205,-0.5020350217819214
MNIST,small,44,10,a1,redundancy,loss_free,206,-0.7977996468544006
MNIST,small,44,10,a1,redundancy,loss_free,207,-0.6775966882705688
MNIST,small,44,10,a1,redundancy,loss_free,208,-0.5338004231452942
MNIST,small,44,10,a1,redundancy,loss_free,209,-0.723236083984375
MNIST,small,44,10,a1,redundancy,loss_free,210,-0.761362612247467
MNIST,small,44,10,a1,redundancy,loss_free,211,-0.48433712124824524
MNIST,small,44,10,a1,redundancy,loss_free,212,-0.49179807305336
MNIST,small,44,10,a1,redundancy,loss_free,213,-0.6138246655464172
MNIST,small,44,10,a1,redundancy,loss_free,214,-0.49029797315597534
MNIST,small,44,10,a1,redundancy,loss_free,215,-0.745593249797821
MNIST,small,44,10,a1,redundancy,loss_free,216,-0.7232114672660828
MNIST,small,44,10,a1,redundancy,loss_free,217,-0.4783225357532501
MNIST,small,44,10,a1,redundancy,loss_free,218,-0.6407288312911987
MNIST,small,44,10,a1,redundancy,loss_free,219,-0.755740761756897
MNIST,small,44,10,a1,redundancy,loss_free,220,-0.391946405172348
MNIST,small,44,10,a1,redundancy,loss_free,221,-0.6173409819602966
MNIST,small,44,10,a1,redundancy,loss_free,222,-0.5608823895454407
MNIST,small,44,10,a1,redundancy,loss_free,223,-0.6115619540214539
MNIST,small,44,10,a1,redundancy,loss_free,224,-0.4623761773109436
MNIST,small,44,10,a1,redundancy,loss_free,225,-0.5832261443138123
MNIST,small,44,10,a1,redundancy,loss_free,226,-0.5072485208511353
MNIST,small,44,10,a1,redundancy,loss_free,227,-0.7021654844284058
MNIST,small,44,10,a1,redundancy,loss_free,228,-0.46819111704826355
MNIST,small,44,10,a1,redundancy,loss_free,229,-0.600354015827179
MNIST,small,44,10,a1,redundancy,loss_free,230,-0.5274171829223633
MNIST,small,44,10,a1,redundancy,loss_free,231,-0.5852999091148376
MNIST,small,44,10,a1,redundancy,loss_free,232,-0.6224042177200317
MNIST,small,44,10,a1,redundancy,loss_free,233,-0.6070829629898071
MNIST,small,44,10,a1,redundancy,loss_free,234,-0.7714506983757019
MNIST,small,44,10,a1,redundancy,loss_free,235,-0.6632692813873291
MNIST,small,44,10,a1,redundancy,loss_free,236,-0.5875659584999084
MNIST,small,44,10,a1,redundancy,loss_free,237,-0.46275094151496887
MNIST,small,44,10,a1,redundancy,loss_free,238,-0.6767213344573975
MNIST,small,44,10,a1,redundancy,loss_free,239,-0.449843168258667
MNIST,small,44,10,a1,redundancy,loss_free,240,-0.70176100730896
MNIST,small,44,10,a1,redundancy,loss_free,241,-0.6650704145431519
MNIST,small,44,10,a1,redundancy,loss_free,242,-0.7303850650787354
MNIST,small,44,10,a1,redundancy,loss_free,243,-0.8408593535423279
MNIST,small,44,10,a1,redundancy,loss_free,244,-0.5837031006813049
MNIST,small,44,10,a1,redundancy,loss_free,245,-0.6583570241928101
MNIST,small,44,10,a1,redundancy,loss_free,246,-0.4963085651397705
MNIST,small,44,10,a1,redundancy,loss_free,247,-0.4672814905643463
MNIST,small,44,10,a1,redundancy,loss_free,248,-0.4446484446525574
MNIST,small,44,10,a1,redundancy,loss_free,249,-0.7090904116630554
MNIST,small,44,10,a1,redundancy,loss_free,250,-0.7211914658546448
MNIST,small,44,10,a1,redundancy,loss_free,251,-0.6681967973709106
MNIST,small,44,10,a1,redundancy,loss_free,252,-0.34427961707115173
MNIST,small,44,10,a1,redundancy,loss_free,253,-0.7026219964027405
MNIST,small,44,10,a1,redundancy,loss_free,254,-0.7578194737434387
MNIST,small,44,10,a1,redundancy,loss_free,255,-0.5263568162918091
MNIST,small,44,10,a2,redundancy,loss_free,0,-0.6698133945465088
MNIST,small,44,10,a2,redundancy,loss_free,1,-0.698069155216217
MNIST,small,44,10,a2,redundancy,loss_free,2,-0.0
MNIST,small,44,10,a2,redundancy,loss_free,3,-0.7643102407455444
MNIST,small,44,10,a2,redundancy,loss_free,4,-0.6131146550178528
MNIST,small,44,10,a2,redundancy,loss_free,5,-0.8560624718666077
MNIST,small,44,10,a2,redundancy,loss_free,6,-0.6453669667243958
MNIST,small,44,10,a2,redundancy,loss_free,7,-0.8557167053222656
MNIST,small,44,10,a2,redundancy,loss_free,8,-0.7300768494606018
MNIST,small,44,10,a2,redundancy,loss_free,9,-0.6463612914085388
MNIST,small,44,10,a2,redundancy,loss_free,10,-0.8035571575164795
MNIST,small,44,10,a2,redundancy,loss_free,11,-0.7146216630935669
MNIST,small,44,10,a2,redundancy,loss_free,12,-0.7138137221336365
MNIST,small,44,10,a2,redundancy,loss_free,13,-0.8349454402923584
MNIST,small,44,10,a2,redundancy,loss_free,14,-0.8854652643203735
MNIST,small,44,10,a2,redundancy,loss_free,15,-0.7374836206436157
MNIST,small,44,10,a2,redundancy,loss_free,16,-0.8338448405265808
MNIST,small,44,10,a2,redundancy,loss_free,17,-0.8159058094024658
MNIST,small,44,10,a2,redundancy,loss_free,18,-0.7557579874992371
MNIST,small,44,10,a2,redundancy,loss_free,19,-0.7810884118080139
MNIST,small,44,10,a2,redundancy,loss_free,20,-0.6665551066398621
MNIST,small,44,10,a2,redundancy,loss_free,21,-0.8762807846069336
MNIST,small,44,10,a2,redundancy,loss_free,22,-0.8080078959465027
MNIST,small,44,10,a2,redundancy,loss_free,23,-0.8854652643203735
MNIST,small,44,10,a2,redundancy,loss_free,24,-0.8142897486686707
MNIST,small,44,10,a2,redundancy,loss_free,25,-0.7767903208732605
MNIST,small,44,10,a2,redundancy,loss_free,26,-0.8264021873474121
MNIST,small,44,10,a2,redundancy,loss_free,27,-0.4677707850933075
MNIST,small,44,10,a2,redundancy,loss_free,28,-0.6217807531356812
MNIST,small,44,10,a2,redundancy,loss_free,29,-0.7686738967895508
MNIST,small,44,10,a2,redundancy,loss_free,30,-0.6013864278793335
MNIST,small,44,10,a2,redundancy,loss_free,31,-0.7638272047042847
MNIST,small,44,10,a2,redundancy,loss_free,32,-0.7409622669219971
MNIST,small,44,10,a2,redundancy,loss_free,33,-0.6775423288345337
MNIST,small,44,10,a2,redundancy,loss_free,34,-0.7493004202842712
MNIST,small,44,10,a2,redundancy,loss_free,35,-0.7634620070457458
MNIST,small,44,10,a2,redundancy,loss_free,36,-0.782477855682373
MNIST,small,44,10,a2,redundancy,loss_free,37,-0.7769871354103088
MNIST,small,44,10,a2,redundancy,loss_free,38,-0.698069155216217
MNIST,small,44,10,a2,redundancy,loss_free,39,-0.8616591095924377
MNIST,small,44,10,a2,redundancy,loss_free,40,-0.8493652939796448
MNIST,small,44,10,a2,redundancy,loss_free,41,-0.0
MNIST,small,44,10,a2,redundancy,loss_free,42,-0.7489110231399536
MNIST,small,44,10,a2,redundancy,loss_free,43,-0.8338448405265808
MNIST,small,44,10,a2,redundancy,loss_free,44,-0.7858834266662598
MNIST,small,44,10,a2,redundancy,loss_free,45,-0.7755463719367981
MNIST,small,44,10,a2,redundancy,loss_free,46,-0.7417548298835754
MNIST,small,44,10,a2,redundancy,loss_free,47,-0.7596579790115356
MNIST,small,44,10,a2,redundancy,loss_free,48,-0.7596579790115356
MNIST,small,44,10,a2,redundancy,loss_free,49,-0.8149752616882324
MNIST,small,44,10,a2,redundancy,loss_free,50,-0.6401675939559937
MNIST,small,44,10,a2,redundancy,loss_free,51,-0.6589124798774719
MNIST,small,44,10,a2,redundancy,loss_free,52,-0.6330448985099792
MNIST,small,44,10,a2,redundancy,loss_free,53,-0.8811213970184326
MNIST,small,44,10,a2,redundancy,loss_free,54,-0.6735268235206604
MNIST,small,44,10,a2,redundancy,loss_free,55,-0.6217807531356812
MNIST,small,44,10,a2,redundancy,loss_free,56,-0.8027374744415283
MNIST,small,44,10,a2,redundancy,loss_free,57,-0.7240267395973206
MNIST,small,44,10,a2,redundancy,loss_free,58,-0.6579641699790955
MNIST,small,44,10,a2,redundancy,loss_free,59,-0.8493652939796448
MNIST,small,44,10,a2,redundancy,loss_free,60,-0.47482386231422424
MNIST,small,44,10,a2,redundancy,loss_free,61,-0.7395395636558533
MNIST,small,44,10,a2,redundancy,loss_free,62,-0.7933568954467773
MNIST,small,44,10,a2,redundancy,loss_free,63,-0.782477855682373
MNIST,small,44,10,a2,redundancy,loss_free,64,-0.5971453785896301
MNIST,small,44,10,a2,redundancy,loss_free,65,-0.8142897486686707
MNIST,small,44,10,a2,redundancy,loss_free,66,-0.7585327625274658
MNIST,small,44,10,a2,redundancy,loss_free,67,-0.9517880082130432
MNIST,small,44,10,a2,redundancy,loss_free,68,-0.9169785976409912
MNIST,small,44,10,a2,redundancy,loss_free,69,-0.7624810338020325
MNIST,small,44,10,a2,redundancy,loss_free,70,-0.9169785976409912
MNIST,small,44,10,a2,redundancy,loss_free,71,-0.812827467918396
MNIST,small,44,10,a2,redundancy,loss_free,72,-0.7769871354103088
MNIST,small,44,10,a2,redundancy,loss_free,73,-0.8560624718666077
MNIST,small,44,10,a2,redundancy,loss_free,74,-0.545383632183075
MNIST,small,44,10,a2,redundancy,loss_free,75,-0.6613834500312805
MNIST,small,44,10,a2,redundancy,loss_free,76,-0.8762807846069336
MNIST,small,44,10,a2,redundancy,loss_free,77,-0.8650830984115601
MNIST,small,44,10,a2,redundancy,loss_free,78,-0.8257982730865479
MNIST,small,44,10,a2,redundancy,loss_free,79,-0.7359554171562195
MNIST,small,44,10,a2,redundancy,loss_free,80,-0.7476751208305359
MNIST,small,44,10,a2,redundancy,loss_free,81,-0.7576773762702942
MNIST,small,44,10,a2,redundancy,loss_free,82,-0.8811213970184326
MNIST,small,44,10,a2,redundancy,loss_free,83,-0.6235193014144897
MNIST,small,44,10,a2,redundancy,loss_free,84,-0.7997289896011353
MNIST,small,44,10,a2,redundancy,loss_free,85,-0.7395395636558533
MNIST,small,44,10,a2,redundancy,loss_free,86,-0.7831103801727295
MNIST,small,44,10,a2,redundancy,loss_free,87,-0.8153660297393799
MNIST,small,44,10,a2,redundancy,loss_free,88,-0.6258187294006348
MNIST,small,44,10,a2,redundancy,loss_free,89,-0.7634620070457458
MNIST,small,44,10,a2,redundancy,loss_free,90,-0.46820127964019775
MNIST,small,44,10,a2,redundancy,loss_free,91,-0.8454585075378418
MNIST,small,44,10,a2,redundancy,loss_free,92,-0.7817929983139038
MNIST,small,44,10,a2,redundancy,loss_free,93,-0.5264243483543396
MNIST,small,44,10,a2,redundancy,loss_free,94,-0.8159056305885315
MNIST,small,44,10,a2,redundancy,loss_free,95,-0.7997289896011353
MNIST,small,44,10,a2,redundancy,loss_free,96,-0.8616591095924377
MNIST,small,44,10,a2,redundancy,loss_free,97,-0.8650830984115601
MNIST,small,44,10,a2,redundancy,loss_free,98,-0.7138137221336365
MNIST,small,44,10,a2,redundancy,loss_free,99,-0.8630544543266296
MNIST,small,44,10,a2,redundancy,loss_free,100,-0.5780835151672363
MNIST,small,44,10,a2,redundancy,loss_free,101,-0.7409622669219971
MNIST,small,44,10,a2,redundancy,loss_free,102,-0.7765414714813232
MNIST,small,44,10,a2,redundancy,loss_free,103,-0.6235193014144897
MNIST,small,44,10,a2,redundancy,loss_free,104,-0.5748018622398376
MNIST,small,44,10,a2,redundancy,loss_free,105,-0.5643376708030701
MNIST,small,44,10,a2,redundancy,loss_free,106,-0.7840715646743774
MNIST,small,44,10,a2,redundancy,loss_free,107,-0.9250304102897644
MNIST,small,44,10,a2,redundancy,loss_free,108,-0.6510634422302246
MNIST,small,44,10,a2,redundancy,loss_free,109,-0.6301320791244507
MNIST,small,44,10,a2,redundancy,loss_free,110,-0.7703067660331726
MNIST,small,44,10,a2,redundancy,loss_free,111,-0.7373403310775757
MNIST,small,44,10,a2,redundancy,loss_free,112,-0.7373403310775757
MNIST,small,44,10,a2,redundancy,loss_free,113,-0.7817928791046143
MNIST,small,44,10,a2,redundancy,loss_free,114,-0.7933568954467773
MNIST,small,44,10,a2,redundancy,loss_free,115,-0.9517880082130432
MNIST,small,44,10,a2,redundancy,loss_free,116,-0.9250304102897644
MNIST,small,44,10,a2,redundancy,loss_free,117,-0.8264021873474121
MNIST,small,44,10,a2,redundancy,loss_free,118,-0.7703067660331726
MNIST,small,44,10,a2,redundancy,loss_free,119,-0.759666919708252
MNIST,small,44,10,a2,redundancy,loss_free,120,-0.7840715646743774
MNIST,small,44,10,a2,redundancy,loss_free,121,-0.5954232811927795
MNIST,small,44,10,a2,redundancy,loss_free,122,-0.6920127868652344
MNIST,small,44,10,a2,redundancy,loss_free,123,-0.556717574596405
MNIST,small,44,10,a2,redundancy,loss_free,124,-0.9106076955795288
MNIST,small,44,10,a2,redundancy,loss_free,125,-0.6140567660331726
MNIST,small,44,10,a2,redundancy,loss_free,126,-0.8149752616882324
MNIST,small,44,10,a2,redundancy,loss_free,127,-0.7445043921470642
MNIST,small,44,10,a1,hebbian,loss_free,0,0.3152144253253937
MNIST,small,44,10,a1,hebbian,loss_free,1,0.050101082772016525
MNIST,small,44,10,a1,hebbian,loss_free,2,0.07558704167604446
MNIST,small,44,10,a1,hebbian,loss_free,3,0.08245493471622467
MNIST,small,44,10,a1,hebbian,loss_free,4,0.0
MNIST,small,44,10,a1,hebbian,loss_free,5,0.19848273694515228
MNIST,small,44,10,a1,hebbian,loss_free,6,0.021962005645036697
MNIST,small,44,10,a1,hebbian,loss_free,7,0.04857674986124039
MNIST,small,44,10,a1,hebbian,loss_free,8,0.06140417233109474
MNIST,small,44,10,a1,hebbian,loss_free,9,0.20666944980621338
MNIST,small,44,10,a1,hebbian,loss_free,10,0.12537138164043427
MNIST,small,44,10,a1,hebbian,loss_free,11,0.19403722882270813
MNIST,small,44,10,a1,hebbian,loss_free,12,0.0
MNIST,small,44,10,a1,hebbian,loss_free,13,0.0493464358150959
MNIST,small,44,10,a1,hebbian,loss_free,14,0.19721078872680664
MNIST,small,44,10,a1,hebbian,loss_free,15,0.0
MNIST,small,44,10,a1,hebbian,loss_free,16,0.07548639178276062
MNIST,small,44,10,a1,hebbian,loss_free,17,0.38294485211372375
MNIST,small,44,10,a1,hebbian,loss_free,18,0.13348138332366943
MNIST,small,44,10,a1,hebbian,loss_free,19,0.1687575876712799
MNIST,small,44,10,a1,hebbian,loss_free,20,0.11431784182786942
MNIST,small,44,10,a1,hebbian,loss_free,21,0.18535728752613068
MNIST,small,44,10,a1,hebbian,loss_free,22,0.12137240916490555
MNIST,small,44,10,a1,hebbian,loss_free,23,0.32206371426582336
MNIST,small,44,10,a1,hebbian,loss_free,24,0.01964833028614521
MNIST,small,44,10,a1,hebbian,loss_free,25,0.05320289358496666
MNIST,small,44,10,a1,hebbian,loss_free,26,0.11985258013010025
MNIST,small,44,10,a1,hebbian,loss_free,27,0.06359555572271347
MNIST,small,44,10,a1,hebbian,loss_free,28,0.015037314966320992
MNIST,small,44,10,a1,hebbian,loss_free,29,0.4197797179222107
MNIST,small,44,10,a1,hebbian,loss_free,30,0.05791579559445381
MNIST,small,44,10,a1,hebbian,loss_free,31,0.2690122723579407
MNIST,small,44,10,a1,hebbian,loss_free,32,0.07173187285661697
MNIST,small,44,10,a1,hebbian,loss_free,33,0.12423825263977051
MNIST,small,44,10,a1,hebbian,loss_free,34,0.02643253095448017
MNIST,small,44,10,a1,hebbian,loss_free,35,0.027973169460892677
MNIST,small,44,10,a1,hebbian,loss_free,36,0.01588163711130619
MNIST,small,44,10,a1,hebbian,loss_free,37,0.1492893397808075
MNIST,small,44,10,a1,hebbian,loss_free,38,0.2072298377752304
MNIST,small,44,10,a1,hebbian,loss_free,39,0.1693357527256012
MNIST,small,44,10,a1,hebbian,loss_free,40,0.03845352679491043
MNIST,small,44,10,a1,hebbian,loss_free,41,0.024053990840911865
MNIST,small,44,10,a1,hebbian,loss_free,42,0.08853360265493393
MNIST,small,44,10,a1,hebbian,loss_free,43,0.10765009373426437
MNIST,small,44,10,a1,hebbian,loss_free,44,0.03586661070585251
MNIST,small,44,10,a1,hebbian,loss_free,45,0.07504478842020035
MNIST,small,44,10,a1,hebbian,loss_free,46,0.045606423169374466
MNIST,small,44,10,a1,hebbian,loss_free,47,0.0
MNIST,small,44,10,a1,hebbian,loss_free,48,0.1053885668516159
MNIST,small,44,10,a1,hebbian,loss_free,49,0.04707103595137596
MNIST,small,44,10,a1,hebbian,loss_free,50,0.02117474004626274
MNIST,small,44,10,a1,hebbian,loss_free,51,0.03631657361984253
MNIST,small,44,10,a1,hebbian,loss_free,52,0.06654366850852966
MNIST,small,44,10,a1,hebbian,loss_free,53,0.15026170015335083
MNIST,small,44,10,a1,hebbian,loss_free,54,0.28837111592292786
MNIST,small,44,10,a1,hebbian,loss_free,55,0.01784501038491726
MNIST,small,44,10,a1,hebbian,loss_free,56,0.04863125830888748
MNIST,small,44,10,a1,hebbian,loss_free,57,0.11748747527599335
MNIST,small,44,10,a1,hebbian,loss_free,58,0.004355581011623144
MNIST,small,44,10,a1,hebbian,loss_free,59,0.03168676421046257
MNIST,small,44,10,a1,hebbian,loss_free,60,0.026470886543393135
MNIST,small,44,10,a1,hebbian,loss_free,61,0.46250101923942566
MNIST,small,44,10,a1,hebbian,loss_free,62,0.06602632999420166
MNIST,small,44,10,a1,hebbian,loss_free,63,0.032678041607141495
MNIST,small,44,10,a1,hebbian,loss_free,64,0.09613678604364395
MNIST,small,44,10,a1,hebbian,loss_free,65,0.0068899295292794704
MNIST,small,44,10,a1,hebbian,loss_free,66,0.3083680272102356
MNIST,small,44,10,a1,hebbian,loss_free,67,0.008584734983742237
MNIST,small,44,10,a1,hebbian,loss_free,68,0.10933320969343185
MNIST,small,44,10,a1,hebbian,loss_free,69,0.0
MNIST,small,44,10,a1,hebbian,loss_free,70,0.09504911303520203
MNIST,small,44,10,a1,hebbian,loss_free,71,0.14338922500610352
MNIST,small,44,10,a1,hebbian,loss_free,72,0.12344476580619812
MNIST,small,44,10,a1,hebbian,loss_free,73,0.06508413702249527
MNIST,small,44,10,a1,hebbian,loss_free,74,0.16051122546195984
MNIST,small,44,10,a1,hebbian,loss_free,75,0.06294526159763336
MNIST,small,44,10,a1,hebbian,loss_free,76,0.3937589228153229
MNIST,small,44,10,a1,hebbian,loss_free,77,0.014243211597204208
MNIST,small,44,10,a1,hebbian,loss_free,78,0.08316992968320847
MNIST,small,44,10,a1,hebbian,loss_free,79,0.05469730496406555
MNIST,small,44,10,a1,hebbian,loss_free,80,0.14924420416355133
MNIST,small,44,10,a1,hebbian,loss_free,81,0.1702689528465271
MNIST,small,44,10,a1,hebbian,loss_free,82,0.10764739662408829
MNIST,small,44,10,a1,hebbian,loss_free,83,2.7977236527476634e-07
MNIST,small,44,10,a1,hebbian,loss_free,84,0.04353245720267296
MNIST,small,44,10,a1,hebbian,loss_free,85,0.0929209515452385
MNIST,small,44,10,a1,hebbian,loss_free,86,0.1384599208831787
MNIST,small,44,10,a1,hebbian,loss_free,87,0.030551698058843613
MNIST,small,44,10,a1,hebbian,loss_free,88,0.8031359314918518
MNIST,small,44,10,a1,hebbian,loss_free,89,0.004789859987795353
MNIST,small,44,10,a1,hebbian,loss_free,90,1.4728537678365683e-07
MNIST,small,44,10,a1,hebbian,loss_free,91,0.15396951138973236
MNIST,small,44,10,a1,hebbian,loss_free,92,0.025600481778383255
MNIST,small,44,10,a1,hebbian,loss_free,93,0.06441473215818405
MNIST,small,44,10,a1,hebbian,loss_free,94,0.02708967588841915
MNIST,small,44,10,a1,hebbian,loss_free,95,0.12791042029857635
MNIST,small,44,10,a1,hebbian,loss_free,96,0.044272273778915405
MNIST,small,44,10,a1,hebbian,loss_free,97,0.1873256117105484
MNIST,small,44,10,a1,hebbian,loss_free,98,0.0
MNIST,small,44,10,a1,hebbian,loss_free,99,0.1045633852481842
MNIST,small,44,10,a1,hebbian,loss_free,100,0.3697168231010437
MNIST,small,44,10,a1,hebbian,loss_free,101,0.14556024968624115
MNIST,small,44,10,a1,hebbian,loss_free,102,0.06732691079378128
MNIST,small,44,10,a1,hebbian,loss_free,103,0.0014874491607770324
MNIST,small,44,10,a1,hebbian,loss_free,104,0.22831450402736664
MNIST,small,44,10,a1,hebbian,loss_free,105,0.10846544057130814
MNIST,small,44,10,a1,hebbian,loss_free,106,0.021547602489590645
MNIST,small,44,10,a1,hebbian,loss_free,107,0.09560654312372208
MNIST,small,44,10,a1,hebbian,loss_free,108,0.05655525252223015
MNIST,small,44,10,a1,hebbian,loss_free,109,0.20157216489315033
MNIST,small,44,10,a1,hebbian,loss_free,110,0.19794292747974396
MNIST,small,44,10,a1,hebbian,loss_free,111,0.11971632391214371
MNIST,small,44,10,a1,hebbian,loss_free,112,0.13636818528175354
MNIST,small,44,10,a1,hebbian,loss_free,113,0.011140014044940472
MNIST,small,44,10,a1,hebbian,loss_free,114,0.0
MNIST,small,44,10,a1,hebbian,loss_free,115,0.005379804410040379
MNIST,small,44,10,a1,hebbian,loss_free,116,0.026194263249635696
MNIST,small,44,10,a1,hebbian,loss_free,117,0.09243994206190109
MNIST,small,44,10,a1,hebbian,loss_free,118,0.3182365894317627
MNIST,small,44,10,a1,hebbian,loss_free,119,0.15599948167800903
MNIST,small,44,10,a1,hebbian,loss_free,120,0.12359347939491272
MNIST,small,44,10,a1,hebbian,loss_free,121,0.02977544628083706
MNIST,small,44,10,a1,hebbian,loss_free,122,0.02544970065355301
MNIST,small,44,10,a1,hebbian,loss_free,123,0.015466921962797642
MNIST,small,44,10,a1,hebbian,loss_free,124,0.021887995302677155
MNIST,small,44,10,a1,hebbian,loss_free,125,0.21403264999389648
MNIST,small,44,10,a1,hebbian,loss_free,126,0.14347133040428162
MNIST,small,44,10,a1,hebbian,loss_free,127,0.1504209041595459
MNIST,small,44,10,a1,hebbian,loss_free,128,0.09528930485248566
MNIST,small,44,10,a1,hebbian,loss_free,129,0.24649707973003387
MNIST,small,44,10,a1,hebbian,loss_free,130,0.2750082314014435
MNIST,small,44,10,a1,hebbian,loss_free,131,0.1131756454706192
MNIST,small,44,10,a1,hebbian,loss_free,132,0.045465998351573944
MNIST,small,44,10,a1,hebbian,loss_free,133,0.03735480457544327
MNIST,small,44,10,a1,hebbian,loss_free,134,0.38833528757095337
MNIST,small,44,10,a1,hebbian,loss_free,135,0.0
MNIST,small,44,10,a1,hebbian,loss_free,136,0.13897176086902618
MNIST,small,44,10,a1,hebbian,loss_free,137,0.057497888803482056
MNIST,small,44,10,a1,hebbian,loss_free,138,0.10451414436101913
MNIST,small,44,10,a1,hebbian,loss_free,139,0.08292186260223389
MNIST,small,44,10,a1,hebbian,loss_free,140,0.15230786800384521
MNIST,small,44,10,a1,hebbian,loss_free,141,0.13011647760868073
MNIST,small,44,10,a1,hebbian,loss_free,142,0.10640253126621246
MNIST,small,44,10,a1,hebbian,loss_free,143,0.05930803343653679
MNIST,small,44,10,a1,hebbian,loss_free,144,0.037096958607435226
MNIST,small,44,10,a1,hebbian,loss_free,145,0.0
MNIST,small,44,10,a1,hebbian,loss_free,146,0.0739390030503273
MNIST,small,44,10,a1,hebbian,loss_free,147,0.04853689670562744
MNIST,small,44,10,a1,hebbian,loss_free,148,0.09334329515695572
MNIST,small,44,10,a1,hebbian,loss_free,149,0.21288393437862396
MNIST,small,44,10,a1,hebbian,loss_free,150,0.1507604569196701
MNIST,small,44,10,a1,hebbian,loss_free,151,0.08094965666532516
MNIST,small,44,10,a1,hebbian,loss_free,152,0.06642542034387589
MNIST,small,44,10,a1,hebbian,loss_free,153,0.0
MNIST,small,44,10,a1,hebbian,loss_free,154,0.06428669393062592
MNIST,small,44,10,a1,hebbian,loss_free,155,0.0666133314371109
MNIST,small,44,10,a1,hebbian,loss_free,156,0.09743580222129822
MNIST,small,44,10,a1,hebbian,loss_free,157,0.02892828732728958
MNIST,small,44,10,a1,hebbian,loss_free,158,0.18521465361118317
MNIST,small,44,10,a1,hebbian,loss_free,159,0.13107654452323914
MNIST,small,44,10,a1,hebbian,loss_free,160,0.10264818370342255
MNIST,small,44,10,a1,hebbian,loss_free,161,0.1593116819858551
MNIST,small,44,10,a1,hebbian,loss_free,162,0.24659176170825958
MNIST,small,44,10,a1,hebbian,loss_free,163,0.03873744234442711
MNIST,small,44,10,a1,hebbian,loss_free,164,0.15312787890434265
MNIST,small,44,10,a1,hebbian,loss_free,165,0.0
MNIST,small,44,10,a1,hebbian,loss_free,166,0.3708401620388031
MNIST,small,44,10,a1,hebbian,loss_free,167,0.1740514189004898
MNIST,small,44,10,a1,hebbian,loss_free,168,0.24601127207279205
MNIST,small,44,10,a1,hebbian,loss_free,169,0.041840631514787674
MNIST,small,44,10,a1,hebbian,loss_free,170,0.0075118206441402435
MNIST,small,44,10,a1,hebbian,loss_free,171,0.34865766763687134
MNIST,small,44,10,a1,hebbian,loss_free,172,0.11302188038825989
MNIST,small,44,10,a1,hebbian,loss_free,173,0.2824234068393707
MNIST,small,44,10,a1,hebbian,loss_free,174,0.028326939791440964
MNIST,small,44,10,a1,hebbian,loss_free,175,0.009412156417965889
MNIST,small,44,10,a1,hebbian,loss_free,176,0.09948410838842392
MNIST,small,44,10,a1,hebbian,loss_free,177,0.08465257287025452
MNIST,small,44,10,a1,hebbian,loss_free,178,0.036762721836566925
MNIST,small,44,10,a1,hebbian,loss_free,179,0.08478910475969315
MNIST,small,44,10,a1,hebbian,loss_free,180,0.15901996195316315
MNIST,small,44,10,a1,hebbian,loss_free,181,0.023091847077012062
MNIST,small,44,10,a1,hebbian,loss_free,182,0.06252298504114151
MNIST,small,44,10,a1,hebbian,loss_free,183,0.12522970139980316
MNIST,small,44,10,a1,hebbian,loss_free,184,0.15484412014484406
MNIST,small,44,10,a1,hebbian,loss_free,185,0.04790887609124184
MNIST,small,44,10,a1,hebbian,loss_free,186,0.05699283629655838
MNIST,small,44,10,a1,hebbian,loss_free,187,0.06435157358646393
MNIST,small,44,10,a1,hebbian,loss_free,188,0.01753309741616249
MNIST,small,44,10,a1,hebbian,loss_free,189,0.008386737667024136
MNIST,small,44,10,a1,hebbian,loss_free,190,0.1038169115781784
MNIST,small,44,10,a1,hebbian,loss_free,191,0.08024968206882477
MNIST,small,44,10,a1,hebbian,loss_free,192,0.3637818992137909
MNIST,small,44,10,a1,hebbian,loss_free,193,0.04961996525526047
MNIST,small,44,10,a1,hebbian,loss_free,194,0.1917797476053238
MNIST,small,44,10,a1,hebbian,loss_free,195,0.06761444360017776
MNIST,small,44,10,a1,hebbian,loss_free,196,0.2522190511226654
MNIST,small,44,10,a1,hebbian,loss_free,197,0.08392240107059479
MNIST,small,44,10,a1,hebbian,loss_free,198,0.07071369886398315
MNIST,small,44,10,a1,hebbian,loss_free,199,0.5332451462745667
MNIST,small,44,10,a1,hebbian,loss_free,200,0.10822094976902008
MNIST,small,44,10,a1,hebbian,loss_free,201,0.03649929165840149
MNIST,small,44,10,a1,hebbian,loss_free,202,0.0001915631437441334
MNIST,small,44,10,a1,hebbian,loss_free,203,0.0
MNIST,small,44,10,a1,hebbian,loss_free,204,0.011085869744420052
MNIST,small,44,10,a1,hebbian,loss_free,205,0.04231753572821617
MNIST,small,44,10,a1,hebbian,loss_free,206,0.25149476528167725
MNIST,small,44,10,a1,hebbian,loss_free,207,0.3349110186100006
MNIST,small,44,10,a1,hebbian,loss_free,208,0.09864357858896255
MNIST,small,44,10,a1,hebbian,loss_free,209,0.12220478802919388
MNIST,small,44,10,a1,hebbian,loss_free,210,0.1591397076845169
MNIST,small,44,10,a1,hebbian,loss_free,211,0.01096530444920063
MNIST,small,44,10,a1,hebbian,loss_free,212,0.01681237667798996
MNIST,small,44,10,a1,hebbian,loss_free,213,0.1603354662656784
MNIST,small,44,10,a1,hebbian,loss_free,214,0.05574135109782219
MNIST,small,44,10,a1,hebbian,loss_free,215,0.05300354212522507
MNIST,small,44,10,a1,hebbian,loss_free,216,0.340634286403656
MNIST,small,44,10,a1,hebbian,loss_free,217,0.06432701647281647
MNIST,small,44,10,a1,hebbian,loss_free,218,0.06668515503406525
MNIST,small,44,10,a1,hebbian,loss_free,219,0.04915202409029007
MNIST,small,44,10,a1,hebbian,loss_free,220,0.021853933110833168
MNIST,small,44,10,a1,hebbian,loss_free,221,0.10591725260019302
MNIST,small,44,10,a1,hebbian,loss_free,222,0.3759342432022095
MNIST,small,44,10,a1,hebbian,loss_free,223,0.04071627929806709
MNIST,small,44,10,a1,hebbian,loss_free,224,0.04920925945043564
MNIST,small,44,10,a1,hebbian,loss_free,225,0.0927266925573349
MNIST,small,44,10,a1,hebbian,loss_free,226,0.035464681684970856
MNIST,small,44,10,a1,hebbian,loss_free,227,0.07139094173908234
MNIST,small,44,10,a1,hebbian,loss_free,228,0.019190359860658646
MNIST,small,44,10,a1,hebbian,loss_free,229,0.017658114433288574
MNIST,small,44,10,a1,hebbian,loss_free,230,0.24698181450366974
MNIST,small,44,10,a1,hebbian,loss_free,231,0.26282820105552673
MNIST,small,44,10,a1,hebbian,loss_free,232,0.060705799609422684
MNIST,small,44,10,a1,hebbian,loss_free,233,0.007917964830994606
MNIST,small,44,10,a1,hebbian,loss_free,234,0.08819320797920227
MNIST,small,44,10,a1,hebbian,loss_free,235,0.31115269660949707
MNIST,small,44,10,a1,hebbian,loss_free,236,0.11122133582830429
MNIST,small,44,10,a1,hebbian,loss_free,237,0.49978744983673096
MNIST,small,44,10,a1,hebbian,loss_free,238,0.006749900057911873
MNIST,small,44,10,a1,hebbian,loss_free,239,0.44312241673469543
MNIST,small,44,10,a1,hebbian,loss_free,240,0.038224365562200546
MNIST,small,44,10,a1,hebbian,loss_free,241,0.05036207288503647
MNIST,small,44,10,a1,hebbian,loss_free,242,0.45947250723838806
MNIST,small,44,10,a1,hebbian,loss_free,243,0.06016315147280693
MNIST,small,44,10,a1,hebbian,loss_free,244,0.06717375665903091
MNIST,small,44,10,a1,hebbian,loss_free,245,0.06319184601306915
MNIST,small,44,10,a1,hebbian,loss_free,246,0.10121557116508484
MNIST,small,44,10,a1,hebbian,loss_free,247,0.10815846174955368
MNIST,small,44,10,a1,hebbian,loss_free,248,0.3394184410572052
MNIST,small,44,10,a1,hebbian,loss_free,249,0.048227500170469284
MNIST,small,44,10,a1,hebbian,loss_free,250,0.02318606711924076
MNIST,small,44,10,a1,hebbian,loss_free,251,0.09064824879169464
MNIST,small,44,10,a1,hebbian,loss_free,252,0.0049292962066829205
MNIST,small,44,10,a1,hebbian,loss_free,253,0.19000431895256042
MNIST,small,44,10,a1,hebbian,loss_free,254,0.17678824067115784
MNIST,small,44,10,a1,hebbian,loss_free,255,0.25599661469459534
MNIST,small,44,10,a2,hebbian,loss_free,0,0.13556696474552155
MNIST,small,44,10,a2,hebbian,loss_free,1,0.06744182109832764
MNIST,small,44,10,a2,hebbian,loss_free,2,0.0
MNIST,small,44,10,a2,hebbian,loss_free,3,0.11106918007135391
MNIST,small,44,10,a2,hebbian,loss_free,4,0.12770025432109833
MNIST,small,44,10,a2,hebbian,loss_free,5,0.16517403721809387
MNIST,small,44,10,a2,hebbian,loss_free,6,0.1712183654308319
MNIST,small,44,10,a2,hebbian,loss_free,7,0.07412923872470856
MNIST,small,44,10,a2,hebbian,loss_free,8,0.4570872485637665
MNIST,small,44,10,a2,hebbian,loss_free,9,0.14058205485343933
MNIST,small,44,10,a2,hebbian,loss_free,10,0.06715399771928787
MNIST,small,44,10,a2,hebbian,loss_free,11,0.08385562896728516
MNIST,small,44,10,a2,hebbian,loss_free,12,0.08266308903694153
MNIST,small,44,10,a2,hebbian,loss_free,13,0.22712616622447968
MNIST,small,44,10,a2,hebbian,loss_free,14,0.21951588988304138
MNIST,small,44,10,a2,hebbian,loss_free,15,0.013863908126950264
MNIST,small,44,10,a2,hebbian,loss_free,16,0.19880293309688568
MNIST,small,44,10,a2,hebbian,loss_free,17,0.2327200025320053
MNIST,small,44,10,a2,hebbian,loss_free,18,0.19628877937793732
MNIST,small,44,10,a2,hebbian,loss_free,19,0.09723301231861115
MNIST,small,44,10,a2,hebbian,loss_free,20,0.14913658797740936
MNIST,small,44,10,a2,hebbian,loss_free,21,0.2229662835597992
MNIST,small,44,10,a2,hebbian,loss_free,22,0.060506127774715424
MNIST,small,44,10,a2,hebbian,loss_free,23,0.13926464319229126
MNIST,small,44,10,a2,hebbian,loss_free,24,0.1411379724740982
MNIST,small,44,10,a2,hebbian,loss_free,25,0.13528849184513092
MNIST,small,44,10,a2,hebbian,loss_free,26,0.2420271337032318
MNIST,small,44,10,a2,hebbian,loss_free,27,0.06058606877923012
MNIST,small,44,10,a2,hebbian,loss_free,28,0.18602938950061798
MNIST,small,44,10,a2,hebbian,loss_free,29,0.23514430224895477
MNIST,small,44,10,a2,hebbian,loss_free,30,0.18114903569221497
MNIST,small,44,10,a2,hebbian,loss_free,31,0.043243687599897385
MNIST,small,44,10,a2,hebbian,loss_free,32,0.2595190107822418
MNIST,small,44,10,a2,hebbian,loss_free,33,0.10151780396699905
MNIST,small,44,10,a2,hebbian,loss_free,34,0.262484610080719
MNIST,small,44,10,a2,hebbian,loss_free,35,0.1612745225429535
MNIST,small,44,10,a2,hebbian,loss_free,36,0.07056179642677307
MNIST,small,44,10,a2,hebbian,loss_free,37,0.26949793100357056
MNIST,small,44,10,a2,hebbian,loss_free,38,0.12058734893798828
MNIST,small,44,10,a2,hebbian,loss_free,39,0.10913906246423721
MNIST,small,44,10,a2,hebbian,loss_free,40,0.11009770631790161
MNIST,small,44,10,a2,hebbian,loss_free,41,0.0
MNIST,small,44,10,a2,hebbian,loss_free,42,0.11583820730447769
MNIST,small,44,10,a2,hebbian,loss_free,43,0.08541339635848999
MNIST,small,44,10,a2,hebbian,loss_free,44,0.38787850737571716
MNIST,small,44,10,a2,hebbian,loss_free,45,0.3238929808139801
MNIST,small,44,10,a2,hebbian,loss_free,46,0.14133761823177338
MNIST,small,44,10,a2,hebbian,loss_free,47,0.04778917133808136
MNIST,small,44,10,a2,hebbian,loss_free,48,0.062196094542741776
MNIST,small,44,10,a2,hebbian,loss_free,49,0.07765210419893265
MNIST,small,44,10,a2,hebbian,loss_free,50,0.21963097155094147
MNIST,small,44,10,a2,hebbian,loss_free,51,0.14198710024356842
MNIST,small,44,10,a2,hebbian,loss_free,52,0.0864596888422966
MNIST,small,44,10,a2,hebbian,loss_free,53,0.04691165313124657
MNIST,small,44,10,a2,hebbian,loss_free,54,0.066935233771801
MNIST,small,44,10,a2,hebbian,loss_free,55,0.16621428728103638
MNIST,small,44,10,a2,hebbian,loss_free,56,0.05255322530865669
MNIST,small,44,10,a2,hebbian,loss_free,57,0.12278031557798386
MNIST,small,44,10,a2,hebbian,loss_free,58,0.018205691128969193
MNIST,small,44,10,a2,hebbian,loss_free,59,0.16148416697978973
MNIST,small,44,10,a2,hebbian,loss_free,60,0.04701121151447296
MNIST,small,44,10,a2,hebbian,loss_free,61,0.13663257658481598
MNIST,small,44,10,a2,hebbian,loss_free,62,0.2944049537181854
MNIST,small,44,10,a2,hebbian,loss_free,63,0.07341399788856506
MNIST,small,44,10,a2,hebbian,loss_free,64,0.09629320353269577
MNIST,small,44,10,a2,hebbian,loss_free,65,0.14491304755210876
MNIST,small,44,10,a2,hebbian,loss_free,66,0.16590376198291779
MNIST,small,44,10,a2,hebbian,loss_free,67,0.1372721642255783
MNIST,small,44,10,a2,hebbian,loss_free,68,0.2009703665971756
MNIST,small,44,10,a2,hebbian,loss_free,69,0.19202253222465515
MNIST,small,44,10,a2,hebbian,loss_free,70,0.22365784645080566
MNIST,small,44,10,a2,hebbian,loss_free,71,0.16080522537231445
MNIST,small,44,10,a2,hebbian,loss_free,72,0.2518000602722168
MNIST,small,44,10,a2,hebbian,loss_free,73,0.19571901857852936
MNIST,small,44,10,a2,hebbian,loss_free,74,0.04467722028493881
MNIST,small,44,10,a2,hebbian,loss_free,75,0.0649518072605133
MNIST,small,44,10,a2,hebbian,loss_free,76,0.18675778806209564
MNIST,small,44,10,a2,hebbian,loss_free,77,0.019164469093084335
MNIST,small,44,10,a2,hebbian,loss_free,78,0.12715645134449005
MNIST,small,44,10,a2,hebbian,loss_free,79,0.10536979138851166
MNIST,small,44,10,a2,hebbian,loss_free,80,0.051673389971256256
MNIST,small,44,10,a2,hebbian,loss_free,81,0.196873739361763
MNIST,small,44,10,a2,hebbian,loss_free,82,0.09975975006818771
MNIST,small,44,10,a2,hebbian,loss_free,83,0.0536457821726799
MNIST,small,44,10,a2,hebbian,loss_free,84,0.04142210632562637
MNIST,small,44,10,a2,hebbian,loss_free,85,0.04166814684867859
MNIST,small,44,10,a2,hebbian,loss_free,86,0.12418609112501144
MNIST,small,44,10,a2,hebbian,loss_free,87,0.07162798196077347
MNIST,small,44,10,a2,hebbian,loss_free,88,0.13948263227939606
MNIST,small,44,10,a2,hebbian,loss_free,89,0.15866096317768097
MNIST,small,44,10,a2,hebbian,loss_free,90,0.020880986005067825
MNIST,small,44,10,a2,hebbian,loss_free,91,0.01314743421971798
MNIST,small,44,10,a2,hebbian,loss_free,92,0.07358109951019287
MNIST,small,44,10,a2,hebbian,loss_free,93,0.01743725687265396
MNIST,small,44,10,a2,hebbian,loss_free,94,0.18043114244937897
MNIST,small,44,10,a2,hebbian,loss_free,95,0.04166740924119949
MNIST,small,44,10,a2,hebbian,loss_free,96,0.10814523696899414
MNIST,small,44,10,a2,hebbian,loss_free,97,0.013548621907830238
MNIST,small,44,10,a2,hebbian,loss_free,98,0.011992717161774635
MNIST,small,44,10,a2,hebbian,loss_free,99,0.1942562758922577
MNIST,small,44,10,a2,hebbian,loss_free,100,0.012676559388637543
MNIST,small,44,10,a2,hebbian,loss_free,101,0.06441742926836014
MNIST,small,44,10,a2,hebbian,loss_free,102,0.1497800499200821
MNIST,small,44,10,a2,hebbian,loss_free,103,0.15801598131656647
MNIST,small,44,10,a2,hebbian,loss_free,104,0.13756662607192993
MNIST,small,44,10,a2,hebbian,loss_free,105,0.20574085414409637
MNIST,small,44,10,a2,hebbian,loss_free,106,0.11845193058252335
MNIST,small,44,10,a2,hebbian,loss_free,107,0.026738811284303665
MNIST,small,44,10,a2,hebbian,loss_free,108,0.3678646385669708
MNIST,small,44,10,a2,hebbian,loss_free,109,0.22180038690567017
MNIST,small,44,10,a2,hebbian,loss_free,110,0.10004571080207825
MNIST,small,44,10,a2,hebbian,loss_free,111,0.15116989612579346
MNIST,small,44,10,a2,hebbian,loss_free,112,0.1281367838382721
MNIST,small,44,10,a2,hebbian,loss_free,113,0.15245766937732697
MNIST,small,44,10,a2,hebbian,loss_free,114,0.12394054234027863
MNIST,small,44,10,a2,hebbian,loss_free,115,0.17188674211502075
MNIST,small,44,10,a2,hebbian,loss_free,116,0.054835930466651917
MNIST,small,44,10,a2,hebbian,loss_free,117,0.126151442527771
MNIST,small,44,10,a2,hebbian,loss_free,118,0.19700410962104797
MNIST,small,44,10,a2,hebbian,loss_free,119,0.12121062725782394
MNIST,small,44,10,a2,hebbian,loss_free,120,0.09544963389635086
MNIST,small,44,10,a2,hebbian,loss_free,121,0.14942125976085663
MNIST,small,44,10,a2,hebbian,loss_free,122,0.13257013261318207
MNIST,small,44,10,a2,hebbian,loss_free,123,0.10024499148130417
MNIST,small,44,10,a2,hebbian,loss_free,124,0.1728496551513672
MNIST,small,44,10,a2,hebbian,loss_free,125,0.03369140625
MNIST,small,44,10,a2,hebbian,loss_free,126,0.08570824563503265
MNIST,small,44,10,a2,hebbian,loss_free,127,0.1091562956571579
MNIST,small,44,10,a1,activation_fisher,loss_aware,0,0.0008535850211046636
MNIST,small,44,10,a1,activation_fisher,loss_aware,1,0.00014956851373426616
MNIST,small,44,10,a1,activation_fisher,loss_aware,2,0.00046722794650122523
MNIST,small,44,10,a1,activation_fisher,loss_aware,3,0.0004214452637825161
MNIST,small,44,10,a1,activation_fisher,loss_aware,4,0.0
MNIST,small,44,10,a1,activation_fisher,loss_aware,5,0.0032543842680752277
MNIST,small,44,10,a1,activation_fisher,loss_aware,6,0.00037635222543030977
MNIST,small,44,10,a1,activation_fisher,loss_aware,7,0.0012069935910403728
MNIST,small,44,10,a1,activation_fisher,loss_aware,8,0.0003206796827726066
MNIST,small,44,10,a1,activation_fisher,loss_aware,9,0.0007863956270739436
MNIST,small,44,10,a1,activation_fisher,loss_aware,10,0.0006002907175570726
MNIST,small,44,10,a1,activation_fisher,loss_aware,11,0.0015887453919276595
MNIST,small,44,10,a1,activation_fisher,loss_aware,12,0.0
MNIST,small,44,10,a1,activation_fisher,loss_aware,13,0.0005569258937612176
MNIST,small,44,10,a1,activation_fisher,loss_aware,14,0.0007506759720854461
MNIST,small,44,10,a1,activation_fisher,loss_aware,15,0.0
MNIST,small,44,10,a1,activation_fisher,loss_aware,16,0.000492191466037184
MNIST,small,44,10,a1,activation_fisher,loss_aware,17,0.0012780885444954038
MNIST,small,44,10,a1,activation_fisher,loss_aware,18,0.0007393848500214517
MNIST,small,44,10,a1,activation_fisher,loss_aware,19,0.0013905261876061559
MNIST,small,44,10,a1,activation_fisher,loss_aware,20,0.0005222071195021272
MNIST,small,44,10,a1,activation_fisher,loss_aware,21,0.002463610377162695
MNIST,small,44,10,a1,activation_fisher,loss_aware,22,0.0008977825054898858
MNIST,small,44,10,a1,activation_fisher,loss_aware,23,0.002121778903529048
MNIST,small,44,10,a1,activation_fisher,loss_aware,24,0.0009551359107717872
MNIST,small,44,10,a1,activation_fisher,loss_aware,25,0.0003141212509945035
MNIST,small,44,10,a1,activation_fisher,loss_aware,26,0.0007749960059300065
MNIST,small,44,10,a1,activation_fisher,loss_aware,27,0.001461493200622499
MNIST,small,44,10,a1,activation_fisher,loss_aware,28,0.0003845231549348682
MNIST,small,44,10,a1,activation_fisher,loss_aware,29,0.001975840888917446
MNIST,small,44,10,a1,activation_fisher,loss_aware,30,0.0024070353247225285
MNIST,small,44,10,a1,activation_fisher,loss_aware,31,0.0009815023513510823
MNIST,small,44,10,a1,activation_fisher,loss_aware,32,0.0004151892790105194
MNIST,small,44,10,a1,activation_fisher,loss_aware,33,0.0010749436914920807
MNIST,small,44,10,a1,activation_fisher,loss_aware,34,0.00021199126786086708
MNIST,small,44,10,a1,activation_fisher,loss_aware,35,0.0013933622976765037
MNIST,small,44,10,a1,activation_fisher,loss_aware,36,0.001686900039203465
MNIST,small,44,10,a1,activation_fisher,loss_aware,37,0.0008581985021010041
MNIST,small,44,10,a1,activation_fisher,loss_aware,38,0.0005050030304118991
MNIST,small,44,10,a1,activation_fisher,loss_aware,39,0.0001233802904607728
MNIST,small,44,10,a1,activation_fisher,loss_aware,40,0.00015659317432437092
MNIST,small,44,10,a1,activation_fisher,loss_aware,41,0.000631306495051831
MNIST,small,44,10,a1,activation_fisher,loss_aware,42,6.0619364376179874e-05
MNIST,small,44,10,a1,activation_fisher,loss_aware,43,0.0009972908301278949
MNIST,small,44,10,a1,activation_fisher,loss_aware,44,0.0006828599143773317
MNIST,small,44,10,a1,activation_fisher,loss_aware,45,0.00020863294776063412
MNIST,small,44,10,a1,activation_fisher,loss_aware,46,0.0050253295339643955
MNIST,small,44,10,a1,activation_fisher,loss_aware,47,0.0
MNIST,small,44,10,a1,activation_fisher,loss_aware,48,0.002273805672302842
MNIST,small,44,10,a1,activation_fisher,loss_aware,49,0.0012195061426609755
MNIST,small,44,10,a1,activation_fisher,loss_aware,50,0.00039983668830245733
MNIST,small,44,10,a1,activation_fisher,loss_aware,51,0.00010919658961938694
MNIST,small,44,10,a1,activation_fisher,loss_aware,52,0.0022908395621925592
MNIST,small,44,10,a1,activation_fisher,loss_aware,53,0.0005029636085964739
MNIST,small,44,10,a1,activation_fisher,loss_aware,54,0.0013992568710818887
MNIST,small,44,10,a1,activation_fisher,loss_aware,55,9.67212108662352e-05
MNIST,small,44,10,a1,activation_fisher,loss_aware,56,0.0006623865338042378
MNIST,small,44,10,a1,activation_fisher,loss_aware,57,0.0021551165264099836
MNIST,small,44,10,a1,activation_fisher,loss_aware,58,0.00018624524818733335
MNIST,small,44,10,a1,activation_fisher,loss_aware,59,0.00013595697237178683
MNIST,small,44,10,a1,activation_fisher,loss_aware,60,0.00015500087465625256
MNIST,small,44,10,a1,activation_fisher,loss_aware,61,0.00235528452321887
MNIST,small,44,10,a1,activation_fisher,loss_aware,62,0.0002878075174521655
MNIST,small,44,10,a1,activation_fisher,loss_aware,63,0.0004973319009877741
MNIST,small,44,10,a1,activation_fisher,loss_aware,64,0.00010654002107912675
MNIST,small,44,10,a1,activation_fisher,loss_aware,65,1.1705866199918091e-05
MNIST,small,44,10,a1,activation_fisher,loss_aware,66,0.0020523248240351677
MNIST,small,44,10,a1,activation_fisher,loss_aware,67,0.0015247345436364412
MNIST,small,44,10,a1,activation_fisher,loss_aware,68,0.0005214463453739882
MNIST,small,44,10,a1,activation_fisher,loss_aware,69,0.0
MNIST,small,44,10,a1,activation_fisher,loss_aware,70,0.00026745517970994115
MNIST,small,44,10,a1,activation_fisher,loss_aware,71,0.006611599586904049
MNIST,small,44,10,a1,activation_fisher,loss_aware,72,0.0014629272045567632
MNIST,small,44,10,a1,activation_fisher,loss_aware,73,0.0006388059700839221
MNIST,small,44,10,a1,activation_fisher,loss_aware,74,0.0017157923430204391
MNIST,small,44,10,a1,activation_fisher,loss_aware,75,0.00037221392267383635
MNIST,small,44,10,a1,activation_fisher,loss_aware,76,0.0007498172926716506
MNIST,small,44,10,a1,activation_fisher,loss_aware,77,8.117387187667191e-05
MNIST,small,44,10,a1,activation_fisher,loss_aware,78,0.00018236617324873805
MNIST,small,44,10,a1,activation_fisher,loss_aware,79,8.025942224776372e-05
MNIST,small,44,10,a1,activation_fisher,loss_aware,80,0.00292592728510499
MNIST,small,44,10,a1,activation_fisher,loss_aware,81,0.0010129614965990186
MNIST,small,44,10,a1,activation_fisher,loss_aware,82,0.000874935241881758
MNIST,small,44,10,a1,activation_fisher,loss_aware,83,1.702550150342238e-21
MNIST,small,44,10,a1,activation_fisher,loss_aware,84,0.002246724208816886
MNIST,small,44,10,a1,activation_fisher,loss_aware,85,0.00024069719074759632
MNIST,small,44,10,a1,activation_fisher,loss_aware,86,0.0014189757639542222
MNIST,small,44,10,a1,activation_fisher,loss_aware,87,0.002082293853163719
MNIST,small,44,10,a1,activation_fisher,loss_aware,88,0.0027840686962008476
MNIST,small,44,10,a1,activation_fisher,loss_aware,89,2.8596843549166806e-05
MNIST,small,44,10,a1,activation_fisher,loss_aware,90,7.334629070759736e-21
MNIST,small,44,10,a1,activation_fisher,loss_aware,91,0.0018899714341387153
MNIST,small,44,10,a1,activation_fisher,loss_aware,92,0.0008213060209527612
MNIST,small,44,10,a1,activation_fisher,loss_aware,93,0.000730977684725076
MNIST,small,44,10,a1,activation_fisher,loss_aware,94,0.0007971813902258873
MNIST,small,44,10,a1,activation_fisher,loss_aware,95,0.002403219696134329
MNIST,small,44,10,a1,activation_fisher,loss_aware,96,3.440589352976531e-05
MNIST,small,44,10,a1,activation_fisher,loss_aware,97,0.002503481227904558
MNIST,small,44,10,a1,activation_fisher,loss_aware,98,0.0
MNIST,small,44,10,a1,activation_fisher,loss_aware,99,0.005849818699061871
MNIST,small,44,10,a1,activation_fisher,loss_aware,100,0.0013986917911097407
MNIST,small,44,10,a1,activation_fisher,loss_aware,101,0.0007749089854769409
MNIST,small,44,10,a1,activation_fisher,loss_aware,102,0.001795453135855496
MNIST,small,44,10,a1,activation_fisher,loss_aware,103,1.9968313154095085e-06
MNIST,small,44,10,a1,activation_fisher,loss_aware,104,0.0008230060338973999
MNIST,small,44,10,a1,activation_fisher,loss_aware,105,0.0012224463280290365
MNIST,small,44,10,a1,activation_fisher,loss_aware,106,0.000691124121658504
MNIST,small,44,10,a1,activation_fisher,loss_aware,107,0.002610572846606374
MNIST,small,44,10,a1,activation_fisher,loss_aware,108,0.00023735358263365924
MNIST,small,44,10,a1,activation_fisher,loss_aware,109,0.007014721632003784
MNIST,small,44,10,a1,activation_fisher,loss_aware,110,0.003352064173668623
MNIST,small,44,10,a1,activation_fisher,loss_aware,111,0.0007826433284208179
MNIST,small,44,10,a1,activation_fisher,loss_aware,112,0.0025036600418388844
MNIST,small,44,10,a1,activation_fisher,loss_aware,113,0.00017435681365896016
MNIST,small,44,10,a1,activation_fisher,loss_aware,114,0.0
MNIST,small,44,10,a1,activation_fisher,loss_aware,115,4.592919594870182e-06
MNIST,small,44,10,a1,activation_fisher,loss_aware,116,0.000261145003605634
MNIST,small,44,10,a1,activation_fisher,loss_aware,117,0.0007058444898575544
MNIST,small,44,10,a1,activation_fisher,loss_aware,118,0.0031770821660757065
MNIST,small,44,10,a1,activation_fisher,loss_aware,119,0.00044643477303907275
MNIST,small,44,10,a1,activation_fisher,loss_aware,120,0.0004972140886820853
MNIST,small,44,10,a1,activation_fisher,loss_aware,121,0.0015761067625135183
MNIST,small,44,10,a1,activation_fisher,loss_aware,122,0.00041481913649477065
MNIST,small,44,10,a1,activation_fisher,loss_aware,123,0.002802583621814847
MNIST,small,44,10,a1,activation_fisher,loss_aware,124,0.0010748084168881178
MNIST,small,44,10,a1,activation_fisher,loss_aware,125,0.0018063894240185618
MNIST,small,44,10,a1,activation_fisher,loss_aware,126,0.00138754490762949
MNIST,small,44,10,a1,activation_fisher,loss_aware,127,0.0005542787257581949
MNIST,small,44,10,a1,activation_fisher,loss_aware,128,0.0017092894995585084
MNIST,small,44,10,a1,activation_fisher,loss_aware,129,0.00023747517843730748
MNIST,small,44,10,a1,activation_fisher,loss_aware,130,0.0026944130659103394
MNIST,small,44,10,a1,activation_fisher,loss_aware,131,0.0001338965812465176
MNIST,small,44,10,a1,activation_fisher,loss_aware,132,0.001118305022828281
MNIST,small,44,10,a1,activation_fisher,loss_aware,133,9.052766108652577e-05
MNIST,small,44,10,a1,activation_fisher,loss_aware,134,0.002630793722346425
MNIST,small,44,10,a1,activation_fisher,loss_aware,135,0.0
MNIST,small,44,10,a1,activation_fisher,loss_aware,136,0.0030056689865887165
MNIST,small,44,10,a1,activation_fisher,loss_aware,137,0.0012314041377976537
MNIST,small,44,10,a1,activation_fisher,loss_aware,138,0.0016783513128757477
MNIST,small,44,10,a1,activation_fisher,loss_aware,139,0.0004841562476940453
MNIST,small,44,10,a1,activation_fisher,loss_aware,140,0.0007283951272256672
MNIST,small,44,10,a1,activation_fisher,loss_aware,141,0.002307570306584239
MNIST,small,44,10,a1,activation_fisher,loss_aware,142,0.0008101065177470446
MNIST,small,44,10,a1,activation_fisher,loss_aware,143,0.0003678533248603344
MNIST,small,44,10,a1,activation_fisher,loss_aware,144,0.00117473432328552
MNIST,small,44,10,a1,activation_fisher,loss_aware,145,0.0
MNIST,small,44,10,a1,activation_fisher,loss_aware,146,0.004872759338468313
MNIST,small,44,10,a1,activation_fisher,loss_aware,147,0.0007266813772730529
MNIST,small,44,10,a1,activation_fisher,loss_aware,148,0.0007546152337454259
MNIST,small,44,10,a1,activation_fisher,loss_aware,149,0.0008183976169675589
MNIST,small,44,10,a1,activation_fisher,loss_aware,150,0.0006316300132311881
MNIST,small,44,10,a1,activation_fisher,loss_aware,151,0.0006014325190335512
MNIST,small,44,10,a1,activation_fisher,loss_aware,152,0.0003166821552440524
MNIST,small,44,10,a1,activation_fisher,loss_aware,153,0.0
MNIST,small,44,10,a1,activation_fisher,loss_aware,154,0.0013460774207487702
MNIST,small,44,10,a1,activation_fisher,loss_aware,155,0.0007815401186235249
MNIST,small,44,10,a1,activation_fisher,loss_aware,156,0.0006290412857197225
MNIST,small,44,10,a1,activation_fisher,loss_aware,157,0.00045934171066619456
MNIST,small,44,10,a1,activation_fisher,loss_aware,158,0.00037269931635819376
MNIST,small,44,10,a1,activation_fisher,loss_aware,159,0.0007702800794504583
MNIST,small,44,10,a1,activation_fisher,loss_aware,160,0.002303975634276867
MNIST,small,44,10,a1,activation_fisher,loss_aware,161,0.0010521181393414736
MNIST,small,44,10,a1,activation_fisher,loss_aware,162,0.004095090087503195
MNIST,small,44,10,a1,activation_fisher,loss_aware,163,0.0002979270357172936
MNIST,small,44,10,a1,activation_fisher,loss_aware,164,0.0012237289920449257
MNIST,small,44,10,a1,activation_fisher,loss_aware,165,0.0
MNIST,small,44,10,a1,activation_fisher,loss_aware,166,0.002104058163240552
MNIST,small,44,10,a1,activation_fisher,loss_aware,167,0.000634852156508714
MNIST,small,44,10,a1,activation_fisher,loss_aware,168,0.002397883916273713
MNIST,small,44,10,a1,activation_fisher,loss_aware,169,0.0005586158949881792
MNIST,small,44,10,a1,activation_fisher,loss_aware,170,0.00032954715425148606
MNIST,small,44,10,a1,activation_fisher,loss_aware,171,0.0012705146800726652
MNIST,small,44,10,a1,activation_fisher,loss_aware,172,0.000311841256916523
MNIST,small,44,10,a1,activation_fisher,loss_aware,173,0.0007382801850326359
MNIST,small,44,10,a1,activation_fisher,loss_aware,174,0.0005724026123061776
MNIST,small,44,10,a1,activation_fisher,loss_aware,175,3.834611197817139e-05
MNIST,small,44,10,a1,activation_fisher,loss_aware,176,0.0012493415270000696
MNIST,small,44,10,a1,activation_fisher,loss_aware,177,0.0008366833790205419
MNIST,small,44,10,a1,activation_fisher,loss_aware,178,0.0005235684220679104
MNIST,small,44,10,a1,activation_fisher,loss_aware,179,0.0010393478441983461
MNIST,small,44,10,a1,activation_fisher,loss_aware,180,0.0011801918735727668
MNIST,small,44,10,a1,activation_fisher,loss_aware,181,0.00010046185343526304
MNIST,small,44,10,a1,activation_fisher,loss_aware,182,0.00024646439123898745
MNIST,small,44,10,a1,activation_fisher,loss_aware,183,0.0007431755657307804
MNIST,small,44,10,a1,activation_fisher,loss_aware,184,0.0011037068907171488
MNIST,small,44,10,a1,activation_fisher,loss_aware,185,0.0016071995487436652
MNIST,small,44,10,a1,activation_fisher,loss_aware,186,0.0006583547801710665
MNIST,small,44,10,a1,activation_fisher,loss_aware,187,0.0010569575242698193
MNIST,small,44,10,a1,activation_fisher,loss_aware,188,0.00029816856840625405
MNIST,small,44,10,a1,activation_fisher,loss_aware,189,9.380201845488045e-06
MNIST,small,44,10,a1,activation_fisher,loss_aware,190,0.00027096125995740294
MNIST,small,44,10,a1,activation_fisher,loss_aware,191,0.00048288688412867486
MNIST,small,44,10,a1,activation_fisher,loss_aware,192,0.005083088297396898
MNIST,small,44,10,a1,activation_fisher,loss_aware,193,0.00779980281367898
MNIST,small,44,10,a1,activation_fisher,loss_aware,194,0.0006130905239842832
MNIST,small,44,10,a1,activation_fisher,loss_aware,195,0.0032997559756040573
MNIST,small,44,10,a1,activation_fisher,loss_aware,196,0.0005884208949282765
MNIST,small,44,10,a1,activation_fisher,loss_aware,197,0.0014002521056681871
MNIST,small,44,10,a1,activation_fisher,loss_aware,198,0.00015934178372845054
MNIST,small,44,10,a1,activation_fisher,loss_aware,199,0.002314663026481867
MNIST,small,44,10,a1,activation_fisher,loss_aware,200,0.0015757821965962648
MNIST,small,44,10,a1,activation_fisher,loss_aware,201,0.00045760799548588693
MNIST,small,44,10,a1,activation_fisher,loss_aware,202,8.314693695865571e-05
MNIST,small,44,10,a1,activation_fisher,loss_aware,203,0.0
MNIST,small,44,10,a1,activation_fisher,loss_aware,204,6.435150862671435e-05
MNIST,small,44,10,a1,activation_fisher,loss_aware,205,0.0003878949792124331
MNIST,small,44,10,a1,activation_fisher,loss_aware,206,0.0039876787923276424
MNIST,small,44,10,a1,activation_fisher,loss_aware,207,0.0028960714116692543
MNIST,small,44,10,a1,activation_fisher,loss_aware,208,0.00034819424035958946
MNIST,small,44,10,a1,activation_fisher,loss_aware,209,0.0005965604796074331
MNIST,small,44,10,a1,activation_fisher,loss_aware,210,0.0015281329397112131
MNIST,small,44,10,a1,activation_fisher,loss_aware,211,0.00026933688786812127
MNIST,small,44,10,a1,activation_fisher,loss_aware,212,0.0002352245501242578
MNIST,small,44,10,a1,activation_fisher,loss_aware,213,0.0006005554459989071
MNIST,small,44,10,a1,activation_fisher,loss_aware,214,0.0002147867635358125
MNIST,small,44,10,a1,activation_fisher,loss_aware,215,0.00021876463142689317
MNIST,small,44,10,a1,activation_fisher,loss_aware,216,0.0036591242533177137
MNIST,small,44,10,a1,activation_fisher,loss_aware,217,0.0006822613650001585
MNIST,small,44,10,a1,activation_fisher,loss_aware,218,0.003980962093919516
MNIST,small,44,10,a1,activation_fisher,loss_aware,219,0.0002230995596619323
MNIST,small,44,10,a1,activation_fisher,loss_aware,220,0.0009442349546588957
MNIST,small,44,10,a1,activation_fisher,loss_aware,221,0.0008875333005562425
MNIST,small,44,10,a1,activation_fisher,loss_aware,222,0.0020571874920278788
MNIST,small,44,10,a1,activation_fisher,loss_aware,223,0.0003362699644640088
MNIST,small,44,10,a1,activation_fisher,loss_aware,224,0.0005862786783836782
MNIST,small,44,10,a1,activation_fisher,loss_aware,225,0.0002875676436815411
MNIST,small,44,10,a1,activation_fisher,loss_aware,226,0.0016926046228036284
MNIST,small,44,10,a1,activation_fisher,loss_aware,227,5.23601338500157e-05
MNIST,small,44,10,a1,activation_fisher,loss_aware,228,0.0011643437901511788
MNIST,small,44,10,a1,activation_fisher,loss_aware,229,0.0016482777427881956
MNIST,small,44,10,a1,activation_fisher,loss_aware,230,0.0012311304453760386
MNIST,small,44,10,a1,activation_fisher,loss_aware,231,0.006495389621704817
MNIST,small,44,10,a1,activation_fisher,loss_aware,232,0.001312845153734088
MNIST,small,44,10,a1,activation_fisher,loss_aware,233,0.0003131930425297469
MNIST,small,44,10,a1,activation_fisher,loss_aware,234,0.00015979398449417204
MNIST,small,44,10,a1,activation_fisher,loss_aware,235,0.005862041376531124
MNIST,small,44,10,a1,activation_fisher,loss_aware,236,0.00024444301379844546
MNIST,small,44,10,a1,activation_fisher,loss_aware,237,0.0014092467026785016
MNIST,small,44,10,a1,activation_fisher,loss_aware,238,2.7260986826149747e-05
MNIST,small,44,10,a1,activation_fisher,loss_aware,239,0.004576053470373154
MNIST,small,44,10,a1,activation_fisher,loss_aware,240,0.0004115041811019182
MNIST,small,44,10,a1,activation_fisher,loss_aware,241,0.006138816010206938
MNIST,small,44,10,a1,activation_fisher,loss_aware,242,0.0035873635206371546
MNIST,small,44,10,a1,activation_fisher,loss_aware,243,0.00024289992870762944
MNIST,small,44,10,a1,activation_fisher,loss_aware,244,0.00014935510989744216
MNIST,small,44,10,a1,activation_fisher,loss_aware,245,0.000840061460621655
MNIST,small,44,10,a1,activation_fisher,loss_aware,246,0.0010823427001014352
MNIST,small,44,10,a1,activation_fisher,loss_aware,247,0.0030269757844507694
MNIST,small,44,10,a1,activation_fisher,loss_aware,248,0.0009111911640502512
MNIST,small,44,10,a1,activation_fisher,loss_aware,249,0.0027160209137946367
MNIST,small,44,10,a1,activation_fisher,loss_aware,250,0.00012100955791538581
MNIST,small,44,10,a1,activation_fisher,loss_aware,251,0.00027145445346832275
MNIST,small,44,10,a1,activation_fisher,loss_aware,252,0.0021683447994291782
MNIST,small,44,10,a1,activation_fisher,loss_aware,253,0.0017127013998106122
MNIST,small,44,10,a1,activation_fisher,loss_aware,254,0.0008928061579354107
MNIST,small,44,10,a1,activation_fisher,loss_aware,255,0.0013322490267455578
MNIST,small,44,10,a2,activation_fisher,loss_aware,0,0.0006874398677609861
MNIST,small,44,10,a2,activation_fisher,loss_aware,1,0.0007792917895130813
MNIST,small,44,10,a2,activation_fisher,loss_aware,2,0.0
MNIST,small,44,10,a2,activation_fisher,loss_aware,3,0.0005527056055143476
MNIST,small,44,10,a2,activation_fisher,loss_aware,4,0.0004314891411922872
MNIST,small,44,10,a2,activation_fisher,loss_aware,5,0.0011332635767757893
MNIST,small,44,10,a2,activation_fisher,loss_aware,6,0.0005055451765656471
MNIST,small,44,10,a2,activation_fisher,loss_aware,7,0.0002876443031709641
MNIST,small,44,10,a2,activation_fisher,loss_aware,8,0.0013120119692757726
MNIST,small,44,10,a2,activation_fisher,loss_aware,9,0.0007032719440758228
MNIST,small,44,10,a2,activation_fisher,loss_aware,10,0.00034044423955492675
MNIST,small,44,10,a2,activation_fisher,loss_aware,11,0.0004032309225294739
MNIST,small,44,10,a2,activation_fisher,loss_aware,12,0.0007008461398072541
MNIST,small,44,10,a2,activation_fisher,loss_aware,13,0.0015637094620615244
MNIST,small,44,10,a2,activation_fisher,loss_aware,14,0.001503275241702795
MNIST,small,44,10,a2,activation_fisher,loss_aware,15,0.0013844971545040607
MNIST,small,44,10,a2,activation_fisher,loss_aware,16,0.002204648684710264
MNIST,small,44,10,a2,activation_fisher,loss_aware,17,0.0012808606261387467
MNIST,small,44,10,a2,activation_fisher,loss_aware,18,0.0009022452868521214
MNIST,small,44,10,a2,activation_fisher,loss_aware,19,0.001317797345109284
MNIST,small,44,10,a2,activation_fisher,loss_aware,20,0.0009969777893275023
MNIST,small,44,10,a2,activation_fisher,loss_aware,21,0.000620078993961215
MNIST,small,44,10,a2,activation_fisher,loss_aware,22,0.0005045679281465709
MNIST,small,44,10,a2,activation_fisher,loss_aware,23,0.0002868601295631379
MNIST,small,44,10,a2,activation_fisher,loss_aware,24,0.001421618857420981
MNIST,small,44,10,a2,activation_fisher,loss_aware,25,0.0012688804417848587
MNIST,small,44,10,a2,activation_fisher,loss_aware,26,0.000546456896699965
MNIST,small,44,10,a2,activation_fisher,loss_aware,27,0.0003189545532222837
MNIST,small,44,10,a2,activation_fisher,loss_aware,28,0.0016054240986704826
MNIST,small,44,10,a2,activation_fisher,loss_aware,29,0.0009606417152099311
MNIST,small,44,10,a2,activation_fisher,loss_aware,30,0.0005143583985045552
MNIST,small,44,10,a2,activation_fisher,loss_aware,31,0.0003330542240291834
MNIST,small,44,10,a2,activation_fisher,loss_aware,32,0.0003979172615800053
MNIST,small,44,10,a2,activation_fisher,loss_aware,33,0.0010017154272645712
MNIST,small,44,10,a2,activation_fisher,loss_aware,34,0.0007896338938735425
MNIST,small,44,10,a2,activation_fisher,loss_aware,35,0.0016614526975899935
MNIST,small,44,10,a2,activation_fisher,loss_aware,36,0.0003909197694156319
MNIST,small,44,10,a2,activation_fisher,loss_aware,37,0.003213436808437109
MNIST,small,44,10,a2,activation_fisher,loss_aware,38,0.0005016035865992308
MNIST,small,44,10,a2,activation_fisher,loss_aware,39,0.001612254185602069
MNIST,small,44,10,a2,activation_fisher,loss_aware,40,0.0005094761145301163
MNIST,small,44,10,a2,activation_fisher,loss_aware,41,0.0
MNIST,small,44,10,a2,activation_fisher,loss_aware,42,0.001333059510216117
MNIST,small,44,10,a2,activation_fisher,loss_aware,43,0.0016305535100400448
MNIST,small,44,10,a2,activation_fisher,loss_aware,44,0.0020531376358121634
MNIST,small,44,10,a2,activation_fisher,loss_aware,45,0.0016248072497546673
MNIST,small,44,10,a2,activation_fisher,loss_aware,46,0.0006771430489607155
MNIST,small,44,10,a2,activation_fisher,loss_aware,47,0.0002917840611189604
MNIST,small,44,10,a2,activation_fisher,loss_aware,48,0.0005156498518772423
MNIST,small,44,10,a2,activation_fisher,loss_aware,49,0.00043256531353108585
MNIST,small,44,10,a2,activation_fisher,loss_aware,50,0.001176563324406743
MNIST,small,44,10,a2,activation_fisher,loss_aware,51,0.00033072062069550157
MNIST,small,44,10,a2,activation_fisher,loss_aware,52,0.00044887111289426684
MNIST,small,44,10,a2,activation_fisher,loss_aware,53,0.0003693602920975536
MNIST,small,44,10,a2,activation_fisher,loss_aware,54,0.0013790904777124524
MNIST,small,44,10,a2,activation_fisher,loss_aware,55,0.0034743661526590586
MNIST,small,44,10,a2,activation_fisher,loss_aware,56,7.246342283906415e-05
MNIST,small,44,10,a2,activation_fisher,loss_aware,57,0.0013824451016262174
MNIST,small,44,10,a2,activation_fisher,loss_aware,58,0.00027225440135225654
MNIST,small,44,10,a2,activation_fisher,loss_aware,59,0.0005429212469607592
MNIST,small,44,10,a2,activation_fisher,loss_aware,60,0.00015761305985506624
MNIST,small,44,10,a2,activation_fisher,loss_aware,61,0.0007271083886735141
MNIST,small,44,10,a2,activation_fisher,loss_aware,62,0.001046143239364028
MNIST,small,44,10,a2,activation_fisher,loss_aware,63,0.000975194270722568
MNIST,small,44,10,a2,activation_fisher,loss_aware,64,0.0005000919918529689
MNIST,small,44,10,a2,activation_fisher,loss_aware,65,0.0030691788997501135
MNIST,small,44,10,a2,activation_fisher,loss_aware,66,0.00209985813125968
MNIST,small,44,10,a2,activation_fisher,loss_aware,67,0.0008168871863745153
MNIST,small,44,10,a2,activation_fisher,loss_aware,68,0.000547896430362016
MNIST,small,44,10,a2,activation_fisher,loss_aware,69,0.0019232053309679031
MNIST,small,44,10,a2,activation_fisher,loss_aware,70,0.0008912385092116892
MNIST,small,44,10,a2,activation_fisher,loss_aware,71,0.0010441252961754799
MNIST,small,44,10,a2,activation_fisher,loss_aware,72,0.002774274442344904
MNIST,small,44,10,a2,activation_fisher,loss_aware,73,0.001150066964328289
MNIST,small,44,10,a2,activation_fisher,loss_aware,74,0.0001252837391803041
MNIST,small,44,10,a2,activation_fisher,loss_aware,75,0.00020494336786214262
MNIST,small,44,10,a2,activation_fisher,loss_aware,76,0.0008024187991395593
MNIST,small,44,10,a2,activation_fisher,loss_aware,77,0.00034796760883182287
MNIST,small,44,10,a2,activation_fisher,loss_aware,78,0.00024337644572369754
MNIST,small,44,10,a2,activation_fisher,loss_aware,79,0.0019913516007363796
MNIST,small,44,10,a2,activation_fisher,loss_aware,80,0.0005917157977819443
MNIST,small,44,10,a2,activation_fisher,loss_aware,81,0.0015508481301367283
MNIST,small,44,10,a2,activation_fisher,loss_aware,82,0.0007527251145802438
MNIST,small,44,10,a2,activation_fisher,loss_aware,83,0.0005452454788610339
MNIST,small,44,10,a2,activation_fisher,loss_aware,84,0.00149386131670326
MNIST,small,44,10,a2,activation_fisher,loss_aware,85,0.0004552460159175098
MNIST,small,44,10,a2,activation_fisher,loss_aware,86,0.0018261477816849947
MNIST,small,44,10,a2,activation_fisher,loss_aware,87,0.000545026152394712
MNIST,small,44,10,a2,activation_fisher,loss_aware,88,0.0014215160626918077
MNIST,small,44,10,a2,activation_fisher,loss_aware,89,0.0013339356519281864
MNIST,small,44,10,a2,activation_fisher,loss_aware,90,5.63131834496744e-05
MNIST,small,44,10,a2,activation_fisher,loss_aware,91,0.00039024330908432603
MNIST,small,44,10,a2,activation_fisher,loss_aware,92,0.0009508156217634678
MNIST,small,44,10,a2,activation_fisher,loss_aware,93,0.0005265589570626616
MNIST,small,44,10,a2,activation_fisher,loss_aware,94,0.0014601224102079868
MNIST,small,44,10,a2,activation_fisher,loss_aware,95,0.0010695724049583077
MNIST,small,44,10,a2,activation_fisher,loss_aware,96,0.0009791977936401963
MNIST,small,44,10,a2,activation_fisher,loss_aware,97,0.001081516849808395
MNIST,small,44,10,a2,activation_fisher,loss_aware,98,0.00025266146985813975
MNIST,small,44,10,a2,activation_fisher,loss_aware,99,0.0007518677739426494
MNIST,small,44,10,a2,activation_fisher,loss_aware,100,2.4827315428410657e-05
MNIST,small,44,10,a2,activation_fisher,loss_aware,101,0.00067031109938398
MNIST,small,44,10,a2,activation_fisher,loss_aware,102,0.000560675747692585
MNIST,small,44,10,a2,activation_fisher,loss_aware,103,0.0003859178686980158
MNIST,small,44,10,a2,activation_fisher,loss_aware,104,0.0004639180551748723
MNIST,small,44,10,a2,activation_fisher,loss_aware,105,0.0004073297022841871
MNIST,small,44,10,a2,activation_fisher,loss_aware,106,0.000653055205475539
MNIST,small,44,10,a2,activation_fisher,loss_aware,107,0.00029267300851643085
MNIST,small,44,10,a2,activation_fisher,loss_aware,108,0.000476868764963001
MNIST,small,44,10,a2,activation_fisher,loss_aware,109,0.0037779309786856174
MNIST,small,44,10,a2,activation_fisher,loss_aware,110,0.004893425852060318
MNIST,small,44,10,a2,activation_fisher,loss_aware,111,0.0011887064902111888
MNIST,small,44,10,a2,activation_fisher,loss_aware,112,0.0019764669705182314
MNIST,small,44,10,a2,activation_fisher,loss_aware,113,0.000609608250670135
MNIST,small,44,10,a2,activation_fisher,loss_aware,114,0.0006988948443904519
MNIST,small,44,10,a2,activation_fisher,loss_aware,115,0.001050875405780971
MNIST,small,44,10,a2,activation_fisher,loss_aware,116,0.00069150619674474
MNIST,small,44,10,a2,activation_fisher,loss_aware,117,0.0009496117127127945
MNIST,small,44,10,a2,activation_fisher,loss_aware,118,0.0034680061507970095
MNIST,small,44,10,a2,activation_fisher,loss_aware,119,0.0017685148632153869
MNIST,small,44,10,a2,activation_fisher,loss_aware,120,0.0015698869246989489
MNIST,small,44,10,a2,activation_fisher,loss_aware,121,0.0007144830888137221
MNIST,small,44,10,a2,activation_fisher,loss_aware,122,0.0027131768874824047
MNIST,small,44,10,a2,activation_fisher,loss_aware,123,0.0002171309315599501
MNIST,small,44,10,a2,activation_fisher,loss_aware,124,0.00107868411578238
MNIST,small,44,10,a2,activation_fisher,loss_aware,125,0.0002675407158676535
MNIST,small,44,10,a2,activation_fisher,loss_aware,126,0.0004894129233434796
MNIST,small,44,10,a2,activation_fisher,loss_aware,127,0.0013141410890966654
MNIST,small,44,10,a1,weight_fisher,loss_aware,0,7.928233571874443e-06
MNIST,small,44,10,a1,weight_fisher,loss_aware,1,3.7054737731523346e-06
MNIST,small,44,10,a1,weight_fisher,loss_aware,2,3.335195060572005e-06
MNIST,small,44,10,a1,weight_fisher,loss_aware,3,2.7573726129048737e-06
MNIST,small,44,10,a1,weight_fisher,loss_aware,4,0.0
MNIST,small,44,10,a1,weight_fisher,loss_aware,5,8.72558757691877e-06
MNIST,small,44,10,a1,weight_fisher,loss_aware,6,2.962006647067028e-06
MNIST,small,44,10,a1,weight_fisher,loss_aware,7,3.894490419042995e-06
MNIST,small,44,10,a1,weight_fisher,loss_aware,8,2.2323733901430387e-06
MNIST,small,44,10,a1,weight_fisher,loss_aware,9,4.773359250975773e-06
MNIST,small,44,10,a1,weight_fisher,loss_aware,10,9.010224857775029e-06
MNIST,small,44,10,a1,weight_fisher,loss_aware,11,6.434434453694848e-06
MNIST,small,44,10,a1,weight_fisher,loss_aware,12,0.0
MNIST,small,44,10,a1,weight_fisher,loss_aware,13,2.80973677035945e-06
MNIST,small,44,10,a1,weight_fisher,loss_aware,14,8.795848771114834e-06
MNIST,small,44,10,a1,weight_fisher,loss_aware,15,0.0
MNIST,small,44,10,a1,weight_fisher,loss_aware,16,3.1201720958051737e-06
MNIST,small,44,10,a1,weight_fisher,loss_aware,17,7.860669029469136e-06
MNIST,small,44,10,a1,weight_fisher,loss_aware,18,4.190895651845494e-06
MNIST,small,44,10,a1,weight_fisher,loss_aware,19,8.828668796923012e-06
MNIST,small,44,10,a1,weight_fisher,loss_aware,20,5.607502316706814e-06
MNIST,small,44,10,a1,weight_fisher,loss_aware,21,8.051802069530822e-06
MNIST,small,44,10,a1,weight_fisher,loss_aware,22,9.536981451674365e-06
MNIST,small,44,10,a1,weight_fisher,loss_aware,23,8.43293219077168e-06
MNIST,small,44,10,a1,weight_fisher,loss_aware,24,3.7218208035483258e-06
MNIST,small,44,10,a1,weight_fisher,loss_aware,25,2.318346560059581e-06
MNIST,small,44,10,a1,weight_fisher,loss_aware,26,5.230613169260323e-06
MNIST,small,44,10,a1,weight_fisher,loss_aware,27,1.0373611985414755e-05
MNIST,small,44,10,a1,weight_fisher,loss_aware,28,4.886652277491521e-06
MNIST,small,44,10,a1,weight_fisher,loss_aware,29,1.1945952792302705e-05
MNIST,small,44,10,a1,weight_fisher,loss_aware,30,8.559472917113453e-06
MNIST,small,44,10,a1,weight_fisher,loss_aware,31,6.589132226508809e-06
MNIST,small,44,10,a1,weight_fisher,loss_aware,32,2.9723778425250202e-06
MNIST,small,44,10,a1,weight_fisher,loss_aware,33,8.384233296965249e-06
MNIST,small,44,10,a1,weight_fisher,loss_aware,34,2.2593785615754314e-06
MNIST,small,44,10,a1,weight_fisher,loss_aware,35,6.855500487290556e-06
MNIST,small,44,10,a1,weight_fisher,loss_aware,36,7.613296475028619e-06
MNIST,small,44,10,a1,weight_fisher,loss_aware,37,9.31129397940822e-06
MNIST,small,44,10,a1,weight_fisher,loss_aware,38,4.145163984503597e-06
MNIST,small,44,10,a1,weight_fisher,loss_aware,39,2.738162265814026e-06
MNIST,small,44,10,a1,weight_fisher,loss_aware,40,3.0590049391321372e-06
MNIST,small,44,10,a1,weight_fisher,loss_aware,41,4.887120667262934e-06
MNIST,small,44,10,a1,weight_fisher,loss_aware,42,2.0445306745386915e-06
MNIST,small,44,10,a1,weight_fisher,loss_aware,43,8.265370524895843e-06
MNIST,small,44,10,a1,weight_fisher,loss_aware,44,5.615444933937397e-06
MNIST,small,44,10,a1,weight_fisher,loss_aware,45,1.6846013295435114e-06
MNIST,small,44,10,a1,weight_fisher,loss_aware,46,1.0552032108535059e-05
MNIST,small,44,10,a1,weight_fisher,loss_aware,47,0.0
MNIST,small,44,10,a1,weight_fisher,loss_aware,48,2.6718746084952727e-05
MNIST,small,44,10,a1,weight_fisher,loss_aware,49,9.04959233594127e-06
MNIST,small,44,10,a1,weight_fisher,loss_aware,50,2.828169499480282e-06
MNIST,small,44,10,a1,weight_fisher,loss_aware,51,1.7124419855463202e-06
MNIST,small,44,10,a1,weight_fisher,loss_aware,52,8.856817657942884e-06
MNIST,small,44,10,a1,weight_fisher,loss_aware,53,4.5476244849851355e-06
MNIST,small,44,10,a1,weight_fisher,loss_aware,54,7.533682946814224e-06
MNIST,small,44,10,a1,weight_fisher,loss_aware,55,7.676452469240758e-07
MNIST,small,44,10,a1,weight_fisher,loss_aware,56,6.165711056382861e-06
MNIST,small,44,10,a1,weight_fisher,loss_aware,57,1.1600614016060717e-05
MNIST,small,44,10,a1,weight_fisher,loss_aware,58,6.21063327344018e-06
MNIST,small,44,10,a1,weight_fisher,loss_aware,59,7.944199182929879e-07
MNIST,small,44,10,a1,weight_fisher,loss_aware,60,2.345099119338556e-06
MNIST,small,44,10,a1,weight_fisher,loss_aware,61,1.2393267752486281e-05
MNIST,small,44,10,a1,weight_fisher,loss_aware,62,2.7236510504735634e-06
MNIST,small,44,10,a1,weight_fisher,loss_aware,63,2.3590987439092714e-06
MNIST,small,44,10,a1,weight_fisher,loss_aware,64,1.0026421932707308e-06
MNIST,small,44,10,a1,weight_fisher,loss_aware,65,1.0308234550393536e-06
MNIST,small,44,10,a1,weight_fisher,loss_aware,66,1.3021857739659026e-05
MNIST,small,44,10,a1,weight_fisher,loss_aware,67,2.9321795409487095e-06
MNIST,small,44,10,a1,weight_fisher,loss_aware,68,9.466037226957269e-06
MNIST,small,44,10,a1,weight_fisher,loss_aware,69,0.0
MNIST,small,44,10,a1,weight_fisher,loss_aware,70,3.303022367617814e-06
MNIST,small,44,10,a1,weight_fisher,loss_aware,71,2.3706537831458263e-05
MNIST,small,44,10,a1,weight_fisher,loss_aware,72,6.8730241764569655e-06
MNIST,small,44,10,a1,weight_fisher,loss_aware,73,3.2614725569146685e-06
MNIST,small,44,10,a1,weight_fisher,loss_aware,74,1.1144514246552717e-05
MNIST,small,44,10,a1,weight_fisher,loss_aware,75,2.748842689470621e-06
MNIST,small,44,10,a1,weight_fisher,loss_aware,76,7.6043793342250865e-06
MNIST,small,44,10,a1,weight_fisher,loss_aware,77,1.3379577694649925e-06
MNIST,small,44,10,a1,weight_fisher,loss_aware,78,2.224064701294992e-06
MNIST,small,44,10,a1,weight_fisher,loss_aware,79,1.727936478346237e-06
MNIST,small,44,10,a1,weight_fisher,loss_aware,80,8.47343289933633e-06
MNIST,small,44,10,a1,weight_fisher,loss_aware,81,5.757337021350395e-06
MNIST,small,44,10,a1,weight_fisher,loss_aware,82,6.388405836332822e-06
MNIST,small,44,10,a1,weight_fisher,loss_aware,83,1.0872488426636313e-21
MNIST,small,44,10,a1,weight_fisher,loss_aware,84,9.986230907088611e-06
MNIST,small,44,10,a1,weight_fisher,loss_aware,85,3.836963969661156e-06
MNIST,small,44,10,a1,weight_fisher,loss_aware,86,7.304221071535721e-06
MNIST,small,44,10,a1,weight_fisher,loss_aware,87,6.625600235565798e-06
MNIST,small,44,10,a1,weight_fisher,loss_aware,88,9.49653986026533e-06
MNIST,small,44,10,a1,weight_fisher,loss_aware,89,3.50763286860456e-07
MNIST,small,44,10,a1,weight_fisher,loss_aware,90,1.0089023582442503e-21
MNIST,small,44,10,a1,weight_fisher,loss_aware,91,7.729434400971513e-06
MNIST,small,44,10,a1,weight_fisher,loss_aware,92,3.871507942676544e-06
MNIST,small,44,10,a1,weight_fisher,loss_aware,93,8.299784894916229e-06
MNIST,small,44,10,a1,weight_fisher,loss_aware,94,2.3889019757916685e-06
MNIST,small,44,10,a1,weight_fisher,loss_aware,95,1.1855455340992194e-05
MNIST,small,44,10,a1,weight_fisher,loss_aware,96,8.304037919515395e-07
MNIST,small,44,10,a1,weight_fisher,loss_aware,97,1.2072811841790099e-05
MNIST,small,44,10,a1,weight_fisher,loss_aware,98,0.0
MNIST,small,44,10,a1,weight_fisher,loss_aware,99,2.4091948944260366e-05
MNIST,small,44,10,a1,weight_fisher,loss_aware,100,9.194631275022402e-06
MNIST,small,44,10,a1,weight_fisher,loss_aware,101,5.033647539676167e-06
MNIST,small,44,10,a1,weight_fisher,loss_aware,102,1.0730965186667163e-05
MNIST,small,44,10,a1,weight_fisher,loss_aware,103,2.2826530710062798e-07
MNIST,small,44,10,a1,weight_fisher,loss_aware,104,6.652084266534075e-06
MNIST,small,44,10,a1,weight_fisher,loss_aware,105,5.916828740737401e-06
MNIST,small,44,10,a1,weight_fisher,loss_aware,106,4.563506081467494e-06
MNIST,small,44,10,a1,weight_fisher,loss_aware,107,1.146984868682921e-05
MNIST,small,44,10,a1,weight_fisher,loss_aware,108,2.457059053995181e-06
MNIST,small,44,10,a1,weight_fisher,loss_aware,109,2.2120213543530554e-05
MNIST,small,44,10,a1,weight_fisher,loss_aware,110,1.0638595995260403e-05
MNIST,small,44,10,a1,weight_fisher,loss_aware,111,2.055581717286259e-06
MNIST,small,44,10,a1,weight_fisher,loss_aware,112,1.584265919518657e-05
MNIST,small,44,10,a1,weight_fisher,loss_aware,113,1.7089075754483929e-06
MNIST,small,44,10,a1,weight_fisher,loss_aware,114,0.0
MNIST,small,44,10,a1,weight_fisher,loss_aware,115,9.860966088126588e-08
MNIST,small,44,10,a1,weight_fisher,loss_aware,116,3.962424671044573e-06
MNIST,small,44,10,a1,weight_fisher,loss_aware,117,5.5950513342395425e-06
MNIST,small,44,10,a1,weight_fisher,loss_aware,118,1.5762954717501998e-05
MNIST,small,44,10,a1,weight_fisher,loss_aware,119,7.180587090260815e-06
MNIST,small,44,10,a1,weight_fisher,loss_aware,120,4.268523298378568e-06
MNIST,small,44,10,a1,weight_fisher,loss_aware,121,9.92844161373796e-06
MNIST,small,44,10,a1,weight_fisher,loss_aware,122,5.186566795600811e-06
MNIST,small,44,10,a1,weight_fisher,loss_aware,123,1.6432939446531236e-05
MNIST,small,44,10,a1,weight_fisher,loss_aware,124,5.4329357226379216e-06
MNIST,small,44,10,a1,weight_fisher,loss_aware,125,8.969295777205843e-06
MNIST,small,44,10,a1,weight_fisher,loss_aware,126,9.744536328071263e-06
MNIST,small,44,10,a1,weight_fisher,loss_aware,127,3.551383088051807e-06
MNIST,small,44,10,a1,weight_fisher,loss_aware,128,9.388015314470977e-06
MNIST,small,44,10,a1,weight_fisher,loss_aware,129,5.0031412683892995e-06
MNIST,small,44,10,a1,weight_fisher,loss_aware,130,1.965780757018365e-05
MNIST,small,44,10,a1,weight_fisher,loss_aware,131,3.103978087892756e-06
MNIST,small,44,10,a1,weight_fisher,loss_aware,132,1.4844399629510008e-05
MNIST,small,44,10,a1,weight_fisher,loss_aware,133,1.9513906863721786e-06
MNIST,small,44,10,a1,weight_fisher,loss_aware,134,2.192157626268454e-05
MNIST,small,44,10,a1,weight_fisher,loss_aware,135,0.0
MNIST,small,44,10,a1,weight_fisher,loss_aware,136,9.771018085302785e-06
MNIST,small,44,10,a1,weight_fisher,loss_aware,137,9.64034188655205e-06
MNIST,small,44,10,a1,weight_fisher,loss_aware,138,7.384269338217564e-06
MNIST,small,44,10,a1,weight_fisher,loss_aware,139,4.892109245702159e-06
MNIST,small,44,10,a1,weight_fisher,loss_aware,140,7.30242481949972e-06
MNIST,small,44,10,a1,weight_fisher,loss_aware,141,8.322717803821433e-06
MNIST,small,44,10,a1,weight_fisher,loss_aware,142,8.240187526098453e-06
MNIST,small,44,10,a1,weight_fisher,loss_aware,143,2.682486410776619e-06
MNIST,small,44,10,a1,weight_fisher,loss_aware,144,5.615244845103007e-06
MNIST,small,44,10,a1,weight_fisher,loss_aware,145,0.0
MNIST,small,44,10,a1,weight_fisher,loss_aware,146,9.062921890290454e-06
MNIST,small,44,10,a1,weight_fisher,loss_aware,147,3.7407587569759926e-06
MNIST,small,44,10,a1,weight_fisher,loss_aware,148,3.401865342311794e-06
MNIST,small,44,10,a1,weight_fisher,loss_aware,149,4.346276455180487e-06
MNIST,small,44,10,a1,weight_fisher,loss_aware,150,7.090171038726112e-06
MNIST,small,44,10,a1,weight_fisher,loss_aware,151,2.8254171411390416e-06
MNIST,small,44,10,a1,weight_fisher,loss_aware,152,1.8143564375350252e-06
MNIST,small,44,10,a1,weight_fisher,loss_aware,153,0.0
MNIST,small,44,10,a1,weight_fisher,loss_aware,154,4.040512067149393e-06
MNIST,small,44,10,a1,weight_fisher,loss_aware,155,9.473036698182113e-06
MNIST,small,44,10,a1,weight_fisher,loss_aware,156,8.10669098427752e-06
MNIST,small,44,10,a1,weight_fisher,loss_aware,157,3.817261131189298e-06
MNIST,small,44,10,a1,weight_fisher,loss_aware,158,2.745049641816877e-06
MNIST,small,44,10,a1,weight_fisher,loss_aware,159,4.666473614634015e-06
MNIST,small,44,10,a1,weight_fisher,loss_aware,160,8.236354915425181e-06
MNIST,small,44,10,a1,weight_fisher,loss_aware,161,6.9283578341128305e-06
MNIST,small,44,10,a1,weight_fisher,loss_aware,162,2.293907709827181e-05
MNIST,small,44,10,a1,weight_fisher,loss_aware,163,3.3039573281712364e-06
MNIST,small,44,10,a1,weight_fisher,loss_aware,164,8.852490282151848e-06
MNIST,small,44,10,a1,weight_fisher,loss_aware,165,0.0
MNIST,small,44,10,a1,weight_fisher,loss_aware,166,8.466740837320685e-06
MNIST,small,44,10,a1,weight_fisher,loss_aware,167,5.2777700147998985e-06
MNIST,small,44,10,a1,weight_fisher,loss_aware,168,1.6501642676303163e-05
MNIST,small,44,10,a1,weight_fisher,loss_aware,169,5.8721670939121395e-06
MNIST,small,44,10,a1,weight_fisher,loss_aware,170,1.9224437437515007e-06
MNIST,small,44,10,a1,weight_fisher,loss_aware,171,2.0470790332183242e-05
MNIST,small,44,10,a1,weight_fisher,loss_aware,172,3.2269242637994466e-06
MNIST,small,44,10,a1,weight_fisher,loss_aware,173,8.279011126433033e-06
MNIST,small,44,10,a1,weight_fisher,loss_aware,174,4.144790636928519e-06
MNIST,small,44,10,a1,weight_fisher,loss_aware,175,1.1160655049025081e-06
MNIST,small,44,10,a1,weight_fisher,loss_aware,176,1.5021213584986981e-05
MNIST,small,44,10,a1,weight_fisher,loss_aware,177,4.658913439925527e-06
MNIST,small,44,10,a1,weight_fisher,loss_aware,178,2.516428594390163e-06
MNIST,small,44,10,a1,weight_fisher,loss_aware,179,6.205997578945244e-06
MNIST,small,44,10,a1,weight_fisher,loss_aware,180,7.430172445310745e-06
MNIST,small,44,10,a1,weight_fisher,loss_aware,181,2.457195478200447e-06
MNIST,small,44,10,a1,weight_fisher,loss_aware,182,2.243967173853889e-06
MNIST,small,44,10,a1,weight_fisher,loss_aware,183,1.1391743100830354e-05
MNIST,small,44,10,a1,weight_fisher,loss_aware,184,7.441994966939092e-06
MNIST,small,44,10,a1,weight_fisher,loss_aware,185,8.102970241452567e-06
MNIST,small,44,10,a1,weight_fisher,loss_aware,186,4.29749297836679e-06
MNIST,small,44,10,a1,weight_fisher,loss_aware,187,6.473071607615566e-06
MNIST,small,44,10,a1,weight_fisher,loss_aware,188,9.088454362427001e-07
MNIST,small,44,10,a1,weight_fisher,loss_aware,189,2.4396209141741565e-07
MNIST,small,44,10,a1,weight_fisher,loss_aware,190,5.8292421272199135e-06
MNIST,small,44,10,a1,weight_fisher,loss_aware,191,2.731904260144802e-06
MNIST,small,44,10,a1,weight_fisher,loss_aware,192,1.604832687007729e-05
MNIST,small,44,10,a1,weight_fisher,loss_aware,193,1.4423913853534032e-05
MNIST,small,44,10,a1,weight_fisher,loss_aware,194,5.2936511565349065e-06
MNIST,small,44,10,a1,weight_fisher,loss_aware,195,1.860646443674341e-05
MNIST,small,44,10,a1,weight_fisher,loss_aware,196,4.732515662908554e-06
MNIST,small,44,10,a1,weight_fisher,loss_aware,197,1.4947030649636872e-05
MNIST,small,44,10,a1,weight_fisher,loss_aware,198,2.4034077341639204e-06
MNIST,small,44,10,a1,weight_fisher,loss_aware,199,1.2261634765309282e-05
MNIST,small,44,10,a1,weight_fisher,loss_aware,200,9.288904038839974e-06
MNIST,small,44,10,a1,weight_fisher,loss_aware,201,4.582776455208659e-06
MNIST,small,44,10,a1,weight_fisher,loss_aware,202,8.705677032594394e-07
MNIST,small,44,10,a1,weight_fisher,loss_aware,203,0.0
MNIST,small,44,10,a1,weight_fisher,loss_aware,204,1.5475505961148883e-06
MNIST,small,44,10,a1,weight_fisher,loss_aware,205,4.110659574507736e-06
MNIST,small,44,10,a1,weight_fisher,loss_aware,206,3.2478936191182584e-05
MNIST,small,44,10,a1,weight_fisher,loss_aware,207,1.2558886737679131e-05
MNIST,small,44,10,a1,weight_fisher,loss_aware,208,4.454704594536452e-06
MNIST,small,44,10,a1,weight_fisher,loss_aware,209,6.526515335281147e-06
MNIST,small,44,10,a1,weight_fisher,loss_aware,210,6.1790306062903255e-06
MNIST,small,44,10,a1,weight_fisher,loss_aware,211,2.8271986138861394e-06
MNIST,small,44,10,a1,weight_fisher,loss_aware,212,2.316475274710683e-06
MNIST,small,44,10,a1,weight_fisher,loss_aware,213,8.73229782882845e-06
MNIST,small,44,10,a1,weight_fisher,loss_aware,214,1.1250219813518925e-06
MNIST,small,44,10,a1,weight_fisher,loss_aware,215,8.053251804085448e-06
MNIST,small,44,10,a1,weight_fisher,loss_aware,216,2.2839451048639603e-05
MNIST,small,44,10,a1,weight_fisher,loss_aware,217,6.9714269557152875e-06
MNIST,small,44,10,a1,weight_fisher,loss_aware,218,2.1210873455856927e-05
MNIST,small,44,10,a1,weight_fisher,loss_aware,219,2.868887577278656e-06
MNIST,small,44,10,a1,weight_fisher,loss_aware,220,4.077571247762535e-06
MNIST,small,44,10,a1,weight_fisher,loss_aware,221,5.996148502163123e-06
MNIST,small,44,10,a1,weight_fisher,loss_aware,222,1.0361362001276575e-05
MNIST,small,44,10,a1,weight_fisher,loss_aware,223,2.538803073548479e-06
MNIST,small,44,10,a1,weight_fisher,loss_aware,224,1.0816425856319256e-05
MNIST,small,44,10,a1,weight_fisher,loss_aware,225,1.6914311800064752e-06
MNIST,small,44,10,a1,weight_fisher,loss_aware,226,6.429529094020836e-06
MNIST,small,44,10,a1,weight_fisher,loss_aware,227,7.221271403068386e-07
MNIST,small,44,10,a1,weight_fisher,loss_aware,228,4.879979769611964e-06
MNIST,small,44,10,a1,weight_fisher,loss_aware,229,9.941213647834957e-06
MNIST,small,44,10,a1,weight_fisher,loss_aware,230,5.535962372960057e-06
MNIST,small,44,10,a1,weight_fisher,loss_aware,231,2.639033664308954e-05
MNIST,small,44,10,a1,weight_fisher,loss_aware,232,1.2055907973262947e-05
MNIST,small,44,10,a1,weight_fisher,loss_aware,233,2.0991215023968834e-06
MNIST,small,44,10,a1,weight_fisher,loss_aware,234,1.859670533121971e-06
MNIST,small,44,10,a1,weight_fisher,loss_aware,235,1.608370257599745e-05
MNIST,small,44,10,a1,weight_fisher,loss_aware,236,2.4036421564233024e-06
MNIST,small,44,10,a1,weight_fisher,loss_aware,237,1.1439797162893228e-05
MNIST,small,44,10,a1,weight_fisher,loss_aware,238,7.17400780558819e-07
MNIST,small,44,10,a1,weight_fisher,loss_aware,239,2.272655547130853e-05
MNIST,small,44,10,a1,weight_fisher,loss_aware,240,2.7686392058967613e-06
MNIST,small,44,10,a1,weight_fisher,loss_aware,241,1.762945976224728e-05
MNIST,small,44,10,a1,weight_fisher,loss_aware,242,1.5463223462575115e-05
MNIST,small,44,10,a1,weight_fisher,loss_aware,243,2.6322222765884362e-06
MNIST,small,44,10,a1,weight_fisher,loss_aware,244,1.6523745216545649e-06
MNIST,small,44,10,a1,weight_fisher,loss_aware,245,5.989224064251175e-06
MNIST,small,44,10,a1,weight_fisher,loss_aware,246,4.606587935995776e-06
MNIST,small,44,10,a1,weight_fisher,loss_aware,247,9.603285434423015e-06
MNIST,small,44,10,a1,weight_fisher,loss_aware,248,5.8065961638931185e-06
MNIST,small,44,10,a1,weight_fisher,loss_aware,249,1.044066812028177e-05
MNIST,small,44,10,a1,weight_fisher,loss_aware,250,2.0114382550673326e-06
MNIST,small,44,10,a1,weight_fisher,loss_aware,251,1.6769043213571422e-05
MNIST,small,44,10,a1,weight_fisher,loss_aware,252,5.838706329086563e-06
MNIST,small,44,10,a1,weight_fisher,loss_aware,253,7.959073627716862e-06
MNIST,small,44,10,a1,weight_fisher,loss_aware,254,7.71662325860234e-06
MNIST,small,44,10,a1,weight_fisher,loss_aware,255,1.0513621418795083e-05
MNIST,small,44,10,a2,weight_fisher,loss_aware,0,1.8551536413724534e-05
MNIST,small,44,10,a2,weight_fisher,loss_aware,1,7.721959264017642e-06
MNIST,small,44,10,a2,weight_fisher,loss_aware,2,0.0
MNIST,small,44,10,a2,weight_fisher,loss_aware,3,1.194135347759584e-05
MNIST,small,44,10,a2,weight_fisher,loss_aware,4,8.09100856713485e-06
MNIST,small,44,10,a2,weight_fisher,loss_aware,5,2.115784809575416e-05
MNIST,small,44,10,a2,weight_fisher,loss_aware,6,1.2790329492418095e-05
MNIST,small,44,10,a2,weight_fisher,loss_aware,7,1.2496240742621012e-05
MNIST,small,44,10,a2,weight_fisher,loss_aware,8,1.7215885236510076e-05
MNIST,small,44,10,a2,weight_fisher,loss_aware,9,1.0514586392673664e-05
MNIST,small,44,10,a2,weight_fisher,loss_aware,10,3.992952770204283e-06
MNIST,small,44,10,a2,weight_fisher,loss_aware,11,6.226609002624173e-06
MNIST,small,44,10,a2,weight_fisher,loss_aware,12,5.282262463879306e-06
MNIST,small,44,10,a2,weight_fisher,loss_aware,13,2.003223380597774e-05
MNIST,small,44,10,a2,weight_fisher,loss_aware,14,2.3087974113877863e-05
MNIST,small,44,10,a2,weight_fisher,loss_aware,15,1.06263341876911e-05
MNIST,small,44,10,a2,weight_fisher,loss_aware,16,2.140540527761914e-05
MNIST,small,44,10,a2,weight_fisher,loss_aware,17,2.8256417863303795e-05
MNIST,small,44,10,a2,weight_fisher,loss_aware,18,2.2902828277437948e-05
MNIST,small,44,10,a2,weight_fisher,loss_aware,19,1.739034451020416e-05
MNIST,small,44,10,a2,weight_fisher,loss_aware,20,1.3493650840246119e-05
MNIST,small,44,10,a2,weight_fisher,loss_aware,21,1.796780270524323e-05
MNIST,small,44,10,a2,weight_fisher,loss_aware,22,8.569135388825089e-06
MNIST,small,44,10,a2,weight_fisher,loss_aware,23,7.211951924546156e-06
MNIST,small,44,10,a2,weight_fisher,loss_aware,24,2.1904035747866146e-05
MNIST,small,44,10,a2,weight_fisher,loss_aware,25,1.5956757124513388e-05
MNIST,small,44,10,a2,weight_fisher,loss_aware,26,3.57113458449021e-05
MNIST,small,44,10,a2,weight_fisher,loss_aware,27,8.279284884338267e-06
MNIST,small,44,10,a2,weight_fisher,loss_aware,28,1.5177768545981962e-05
MNIST,small,44,10,a2,weight_fisher,loss_aware,29,1.3927845429861918e-05
MNIST,small,44,10,a2,weight_fisher,loss_aware,30,1.0066797585750464e-05
MNIST,small,44,10,a2,weight_fisher,loss_aware,31,9.429761121282354e-06
MNIST,small,44,10,a2,weight_fisher,loss_aware,32,9.707964636618271e-06
MNIST,small,44,10,a2,weight_fisher,loss_aware,33,1.8591807020129636e-05
MNIST,small,44,10,a2,weight_fisher,loss_aware,34,1.2353476449789014e-05
MNIST,small,44,10,a2,weight_fisher,loss_aware,35,1.5479910871363245e-05
MNIST,small,44,10,a2,weight_fisher,loss_aware,36,7.32328317099018e-06
MNIST,small,44,10,a2,weight_fisher,loss_aware,37,2.696069350349717e-05
MNIST,small,44,10,a2,weight_fisher,loss_aware,38,1.1262419320701156e-05
MNIST,small,44,10,a2,weight_fisher,loss_aware,39,1.7816853869589977e-05
MNIST,small,44,10,a2,weight_fisher,loss_aware,40,2.2556429030373693e-05
MNIST,small,44,10,a2,weight_fisher,loss_aware,41,0.0
MNIST,small,44,10,a2,weight_fisher,loss_aware,42,1.8288756109541282e-05
MNIST,small,44,10,a2,weight_fisher,loss_aware,43,1.4121447748038918e-05
MNIST,small,44,10,a2,weight_fisher,loss_aware,44,3.2689949875930324e-05
MNIST,small,44,10,a2,weight_fisher,loss_aware,45,1.791168688214384e-05
MNIST,small,44,10,a2,weight_fisher,loss_aware,46,9.322566256741993e-06
MNIST,small,44,10,a2,weight_fisher,loss_aware,47,2.7748060347221326e-06
MNIST,small,44,10,a2,weight_fisher,loss_aware,48,8.374511708097998e-06
MNIST,small,44,10,a2,weight_fisher,loss_aware,49,2.3359772967523895e-05
MNIST,small,44,10,a2,weight_fisher,loss_aware,50,1.1043107406294439e-05
MNIST,small,44,10,a2,weight_fisher,loss_aware,51,9.908431820804253e-06
MNIST,small,44,10,a2,weight_fisher,loss_aware,52,7.490346433769446e-06
MNIST,small,44,10,a2,weight_fisher,loss_aware,53,6.862362624815432e-06
MNIST,small,44,10,a2,weight_fisher,loss_aware,54,1.2597224667842966e-05
MNIST,small,44,10,a2,weight_fisher,loss_aware,55,2.8568254492711276e-05
MNIST,small,44,10,a2,weight_fisher,loss_aware,56,8.652535143482964e-06
MNIST,small,44,10,a2,weight_fisher,loss_aware,57,3.169915726175532e-05
MNIST,small,44,10,a2,weight_fisher,loss_aware,58,6.032537385181058e-06
MNIST,small,44,10,a2,weight_fisher,loss_aware,59,2.279525506310165e-05
MNIST,small,44,10,a2,weight_fisher,loss_aware,60,3.4940919704240514e-06
MNIST,small,44,10,a2,weight_fisher,loss_aware,61,2.9098511731717736e-05
MNIST,small,44,10,a2,weight_fisher,loss_aware,62,2.2554213501280174e-05
MNIST,small,44,10,a2,weight_fisher,loss_aware,63,1.4044756426301319e-05
MNIST,small,44,10,a2,weight_fisher,loss_aware,64,5.449107902677497e-06
MNIST,small,44,10,a2,weight_fisher,loss_aware,65,3.161779750371352e-05
MNIST,small,44,10,a2,weight_fisher,loss_aware,66,2.0923485863022506e-05
MNIST,small,44,10,a2,weight_fisher,loss_aware,67,3.5230317735113204e-05
MNIST,small,44,10,a2,weight_fisher,loss_aware,68,2.180289084208198e-05
MNIST,small,44,10,a2,weight_fisher,loss_aware,69,4.14202077081427e-05
MNIST,small,44,10,a2,weight_fisher,loss_aware,70,1.3041872989560943e-05
MNIST,small,44,10,a2,weight_fisher,loss_aware,71,2.304704685229808e-05
MNIST,small,44,10,a2,weight_fisher,loss_aware,72,2.9777955205645412e-05
MNIST,small,44,10,a2,weight_fisher,loss_aware,73,3.0924838938517496e-05
MNIST,small,44,10,a2,weight_fisher,loss_aware,74,1.6094785678433254e-05
MNIST,small,44,10,a2,weight_fisher,loss_aware,75,6.764145837223623e-06
MNIST,small,44,10,a2,weight_fisher,loss_aware,76,1.2157422133896034e-05
MNIST,small,44,10,a2,weight_fisher,loss_aware,77,9.70584551396314e-06
MNIST,small,44,10,a2,weight_fisher,loss_aware,78,9.193689948006067e-06
MNIST,small,44,10,a2,weight_fisher,loss_aware,79,1.539649019832723e-05
MNIST,small,44,10,a2,weight_fisher,loss_aware,80,4.999490556656383e-06
MNIST,small,44,10,a2,weight_fisher,loss_aware,81,4.333373362896964e-05
MNIST,small,44,10,a2,weight_fisher,loss_aware,82,1.2438606063369662e-05
MNIST,small,44,10,a2,weight_fisher,loss_aware,83,4.476535650610458e-06
MNIST,small,44,10,a2,weight_fisher,loss_aware,84,1.569240339449607e-05
MNIST,small,44,10,a2,weight_fisher,loss_aware,85,7.040155196591513e-06
MNIST,small,44,10,a2,weight_fisher,loss_aware,86,1.9449438696028665e-05
MNIST,small,44,10,a2,weight_fisher,loss_aware,87,1.1799355888797436e-05
MNIST,small,44,10,a2,weight_fisher,loss_aware,88,1.7081323676393367e-05
MNIST,small,44,10,a2,weight_fisher,loss_aware,89,1.222703758685384e-05
MNIST,small,44,10,a2,weight_fisher,loss_aware,90,3.881021257257089e-06
MNIST,small,44,10,a2,weight_fisher,loss_aware,91,6.462396413553506e-06
MNIST,small,44,10,a2,weight_fisher,loss_aware,92,1.8934189938590862e-05
MNIST,small,44,10,a2,weight_fisher,loss_aware,93,1.0073868907056749e-05
MNIST,small,44,10,a2,weight_fisher,loss_aware,94,1.5634675946785137e-05
MNIST,small,44,10,a2,weight_fisher,loss_aware,95,1.0306569492968265e-05
MNIST,small,44,10,a2,weight_fisher,loss_aware,96,1.4659923181170598e-05
MNIST,small,44,10,a2,weight_fisher,loss_aware,97,1.0436397133162245e-05
MNIST,small,44,10,a2,weight_fisher,loss_aware,98,5.039705229137326e-06
MNIST,small,44,10,a2,weight_fisher,loss_aware,99,4.4859512854600325e-05
MNIST,small,44,10,a2,weight_fisher,loss_aware,100,7.542959110651282e-07
MNIST,small,44,10,a2,weight_fisher,loss_aware,101,9.367317034048028e-06
MNIST,small,44,10,a2,weight_fisher,loss_aware,102,8.688841262483038e-06
MNIST,small,44,10,a2,weight_fisher,loss_aware,103,7.305511644517537e-06
MNIST,small,44,10,a2,weight_fisher,loss_aware,104,1.9896862795576453e-05
MNIST,small,44,10,a2,weight_fisher,loss_aware,105,1.4265442587202415e-05
MNIST,small,44,10,a2,weight_fisher,loss_aware,106,9.62178182817297e-06
MNIST,small,44,10,a2,weight_fisher,loss_aware,107,1.359809630230302e-05
MNIST,small,44,10,a2,weight_fisher,loss_aware,108,7.092693522281479e-06
MNIST,small,44,10,a2,weight_fisher,loss_aware,109,3.7277088267728686e-05
MNIST,small,44,10,a2,weight_fisher,loss_aware,110,3.4206415875814855e-05
MNIST,small,44,10,a2,weight_fisher,loss_aware,111,1.3806054084852803e-05
MNIST,small,44,10,a2,weight_fisher,loss_aware,112,3.466591806500219e-05
MNIST,small,44,10,a2,weight_fisher,loss_aware,113,1.6766378394095227e-05
MNIST,small,44,10,a2,weight_fisher,loss_aware,114,1.4218643627827987e-05
MNIST,small,44,10,a2,weight_fisher,loss_aware,115,3.782940984820016e-05
MNIST,small,44,10,a2,weight_fisher,loss_aware,116,9.670409781392664e-06
MNIST,small,44,10,a2,weight_fisher,loss_aware,117,2.542270885896869e-05
MNIST,small,44,10,a2,weight_fisher,loss_aware,118,3.1879077141638845e-05
MNIST,small,44,10,a2,weight_fisher,loss_aware,119,1.7202579329023138e-05
MNIST,small,44,10,a2,weight_fisher,loss_aware,120,1.7683747500996105e-05
MNIST,small,44,10,a2,weight_fisher,loss_aware,121,1.3265961570141371e-05
MNIST,small,44,10,a2,weight_fisher,loss_aware,122,3.857641786453314e-05
MNIST,small,44,10,a2,weight_fisher,loss_aware,123,3.893341272487305e-06
MNIST,small,44,10,a2,weight_fisher,loss_aware,124,4.341223029769026e-05
MNIST,small,44,10,a2,weight_fisher,loss_aware,125,4.8324063754989766e-06
MNIST,small,44,10,a2,weight_fisher,loss_aware,126,1.9866580259986222e-05
MNIST,small,44,10,a2,weight_fisher,loss_aware,127,1.2502561730798334e-05
