dataset,architecture,seed,epoch,layer,prune_scope,criterion,criterion_group,random_draw,pruning_percentage,fine_tune_epochs,validation_accuracy,test_accuracy,validation_loss,test_loss,parameter_count,parameter_reduction,estimated_macs,mac_reduction,scoring_time_seconds,scoring_memory_mb,num_forward_passes,num_backward_passes,calibration_size,compact_inference_time_seconds,compact_test_accuracy,compact_test_loss,masked_inference_time_seconds,original_macs,original_parameter_count,test_per_class_accuracy_json,validation_per_class_accuracy_json,weight_fisher_mode,weight_fisher_parts
MNIST,small,43,10,all,all,random,baseline,0,0.05,0,0.9775,0.978,0.08137789943516255,0.0717583637336269,222660,0.05309892577377462,222284,0.05311136859323884,0.0,0.0,0,0,0,0.32460004300810397,0.978,0.07175836537759751,0.31877667806111276,234752,235146,"[0.9887755102040816, 0.9903083700440528, 0.9777131782945736, 0.9762376237623762, 0.984725050916497, 0.9820627802690582, 0.9853862212943633, 0.9649805447470817, 0.9650924024640657, 0.9643211100099108]","[0.9880834160873883, 0.9845313921747043, 0.9801192842942346, 0.9727095516569201, 0.985655737704918, 0.9788182831661093, 0.9907881269191402, 0.9794117647058823, 0.9571428571428572, 0.9575098814229249]",batch,both
MNIST,small,43,10,all,all,random,baseline,0,0.05,1,0.9824,0.9814,0.06640494528859854,0.06149918096543988,222660,0.05309892577377462,222284,0.05311136859323884,0.0,0.0,0,0,0,0.32695020898245275,0.9814,0.061499183591024485,0.31279117497615516,234752,235146,"[0.9918367346938776, 0.9929515418502203, 0.9815891472868217, 0.9772277227722772, 0.9837067209775967, 0.9798206278026906, 0.9822546972860126, 0.980544747081712, 0.971252566735113, 0.9712586719524281]","[0.9890764647467726, 0.9854413102820746, 0.9860834990059643, 0.9805068226120858, 0.985655737704918, 0.9810479375696767, 0.9877175025588536, 0.9872549019607844, 0.9704081632653061, 0.9703557312252964]",batch,both
MNIST,small,43,10,all,all,random,baseline,0,0.05,3,0.9834,0.9818,0.0662560938630253,0.06110148244649172,222660,0.05309892577377462,222284,0.05311136859323884,0.0,0.0,0,0,0,0.3379074690164998,0.9818,0.06110148307308555,0.3214486900251359,234752,235146,"[0.9918367346938776, 0.9929515418502203, 0.9806201550387597, 0.9792079207920792, 0.9837067209775967, 0.984304932735426, 0.9812108559498957, 0.980544747081712, 0.9702258726899384, 0.9722497522299306]","[0.9900695134061569, 0.9881710646041856, 0.9860834990059643, 0.97953216374269, 0.9866803278688525, 0.9855072463768116, 0.984646878198567, 0.9872549019607844, 0.9714285714285714, 0.974308300395257]",batch,both
MNIST,small,43,10,all,all,random,baseline,0,0.05,5,0.9828,0.9823,0.06722211926020683,0.060487317810641254,222660,0.05309892577377462,222284,0.05311136859323884,0.0,0.0,0,0,0,0.3183178820181638,0.9823,0.06048731739974173,0.33386441704351455,234752,235146,"[0.9908163265306122, 0.9929515418502203, 0.9835271317829457, 0.9792079207920792, 0.9826883910386965, 0.9854260089686099, 0.9864300626304802, 0.9766536964980544, 0.9722792607802875, 0.9722497522299306]","[0.9880834160873883, 0.9872611464968153, 0.9850894632206759, 0.97953216374269, 0.985655737704918, 0.9810479375696767, 0.9887410440122825, 0.9882352941176471, 0.9693877551020408, 0.974308300395257]",batch,both
MNIST,small,43,10,all,all,random,baseline,0,0.1,0,0.9748,0.9763,0.08641727908551693,0.07640126774050296,209417,0.10941712808212767,209060,0.10944315703380592,0.0,0.0,0,0,0,0.3136942919809371,0.9763,0.07640126938857138,0.33255507494322956,234752,235146,"[0.9887755102040816, 0.9876651982378855, 0.9835271317829457, 0.9693069306930693, 0.984725050916497, 0.9831838565022422, 0.9822546972860126, 0.9610894941634242, 0.9640657084188912, 0.958374628344896]","[0.9870903674280039, 0.9763421292083713, 0.9831013916500994, 0.9678362573099415, 0.985655737704918, 0.9788182831661093, 0.9877175025588536, 0.9754901960784313, 0.9612244897959183, 0.9456521739130435]",batch,both
MNIST,small,43,10,all,all,random,baseline,0,0.1,1,0.9821,0.9811,0.06586168570965528,0.06026802358005662,209417,0.10941712808212767,209060,0.10944315703380592,0.0,0.0,0,0,0,0.32627430104184896,0.9811,0.06026802232090849,0.32413156400434673,234752,235146,"[0.9908163265306122, 0.9903083700440528, 0.9844961240310077, 0.9782178217821782, 0.9816700610997964, 0.9820627802690582, 0.9812108559498957, 0.97568093385214, 0.971252566735113, 0.9742319127849356]","[0.9870903674280039, 0.9854413102820746, 0.9880715705765407, 0.9805068226120858, 0.9805327868852459, 0.9810479375696767, 0.9897645854657113, 0.9862745098039216, 0.9663265306122449, 0.9752964426877471]",batch,both
MNIST,small,43,10,all,all,random,baseline,0,0.1,3,0.9818,0.9821,0.06595822018384934,0.060158718251757094,209417,0.10941712808212767,209060,0.10944315703380592,0.0,0.0,0,0,0,0.30841454898472875,0.9821,0.060158717109583086,0.3391719589708373,234752,235146,"[0.9908163265306122, 0.9929515418502203, 0.9864341085271318, 0.9772277227722772, 0.9786150712830958, 0.9831838565022422, 0.9822546972860126, 0.9824902723735408, 0.9681724845995893, 0.977205153617443]","[0.9851042701092354, 0.9881710646041856, 0.9860834990059643, 0.97953216374269, 0.9784836065573771, 0.9821627647714605, 0.9866939611054247, 0.9872549019607844, 0.9663265306122449, 0.9772727272727273]",batch,both
MNIST,small,43,10,all,all,random,baseline,0,0.1,5,0.982,0.982,0.06732475900873541,0.060814338243892416,209417,0.10941712808212767,209060,0.10944315703380592,0.0,0.0,0,0,0,0.33015284000430256,0.982,0.06081433806209825,0.3192773429909721,234752,235146,"[0.9908163265306122, 0.9938325991189427, 0.9864341085271318, 0.9801980198019802, 0.9765784114052953, 0.9786995515695067, 0.9832985386221295, 0.9824902723735408, 0.9671457905544147, 0.9781962338949455]","[0.9870903674280039, 0.9854413102820746, 0.9870775347912525, 0.9805068226120858, 0.9754098360655737, 0.9810479375696767, 0.9877175025588536, 0.9872549019607844, 0.9693877551020408, 0.9782608695652174]",batch,both
MNIST,small,43,10,all,all,random,baseline,0,0.2,0,0.9698,0.9717,0.10246793172359467,0.09509908466041088,183183,0.2209818580796612,182865,0.22102900081788446,0.0,0.0,0,0,0,0.34206234104931355,0.9717,0.09509908453971147,0.33364583901129663,234752,235146,"[0.9897959183673469, 0.9797356828193833, 0.9815891472868217, 0.9702970297029703, 0.9857433808553971, 0.9641255605381166, 0.9832985386221295, 0.9474708171206225, 0.9722792607802875, 0.9425173439048563]","[0.9851042701092354, 0.9708826205641492, 0.9801192842942346, 0.9688109161793372, 0.9877049180327869, 0.9654403567447045, 0.9907881269191402, 0.957843137254902, 0.963265306122449, 0.9288537549407114]",batch,both
MNIST,small,43,10,all,all,random,baseline,0,0.2,1,0.9802,0.9809,0.06680559692084789,0.06162471713081468,183183,0.2209818580796612,182865,0.22102900081788446,0.0,0.0,0,0,0,0.3081218299921602,0.9809,0.061624716069852,0.31480872305110097,234752,235146,"[0.9908163265306122, 0.9911894273127754, 0.9825581395348837, 0.9762376237623762, 0.9816700610997964, 0.9820627802690582, 0.9801670146137788, 0.9766536964980544, 0.9722792607802875, 0.9742319127849356]","[0.9860973187686196, 0.9827115559599636, 0.9880715705765407, 0.9727095516569201, 0.9795081967213115, 0.9843924191750278, 0.9856704196519959, 0.9862745098039216, 0.9663265306122449, 0.9703557312252964]",batch,both
MNIST,small,43,10,all,all,random,baseline,0,0.2,3,0.9813,0.9819,0.06447310917526483,0.059718151470972224,183183,0.2209818580796612,182865,0.22102900081788446,0.0,0.0,0,0,0,0.33567618601955473,0.9819,0.059718149048043415,0.3211553069995716,234752,235146,"[0.9908163265306122, 0.9903083700440528, 0.9844961240310077, 0.9762376237623762, 0.9806517311608961, 0.9820627802690582, 0.9822546972860126, 0.9854085603112841, 0.971252566735113, 0.9742319127849356]","[0.9851042701092354, 0.9836214740673339, 0.9821073558648111, 0.9756335282651072, 0.9836065573770492, 0.9810479375696767, 0.9887410440122825, 0.9882352941176471, 0.9683673469387755, 0.9762845849802372]",batch,both
MNIST,small,43,10,all,all,random,baseline,0,0.2,5,0.9831,0.9825,0.06521549077183009,0.05827896006219089,183183,0.2209818580796612,182865,0.22102900081788446,0.0,0.0,0,0,0,0.3224667839240283,0.9825,0.0582789606731385,0.3193307239562273,234752,235146,"[0.9908163265306122, 0.9929515418502203, 0.9844961240310077, 0.9801980198019802, 0.9806517311608961, 0.9809417040358744, 0.9843423799582464, 0.9834630350194552, 0.9691991786447639, 0.9762140733399405]","[0.9880834160873883, 0.9836214740673339, 0.9860834990059643, 0.9814814814814815, 0.9846311475409836, 0.9821627647714605, 0.9918116683725691, 0.9862745098039216, 0.9683673469387755, 0.9782608695652174]",batch,both
MNIST,small,43,10,all,all,random,baseline,0,0.3,0,0.9621,0.9612,0.15823907551765443,0.15398291487693785,158500,0.32595068595680976,158220,0.3260121319520175,0.0,0.0,0,0,0,0.3093457829672843,0.9612,0.15398291218280794,0.32559720694553107,234752,235146,"[0.9663265306122449, 0.9744493392070485, 0.9486434108527132, 0.9633663366336633, 0.9887983706720977, 0.9730941704035875, 0.9822546972860126, 0.9377431906614786, 0.9589322381930184, 0.9207135777998018]","[0.9652432969215492, 0.9590536851683349, 0.963220675944334, 0.9590643274853801, 0.9918032786885246, 0.9754738015607581, 0.9938587512794268, 0.9441176470588235, 0.9591836734693877, 0.9140316205533597]",batch,both
MNIST,small,43,10,all,all,random,baseline,0,0.3,1,0.9792,0.9785,0.07078836538344621,0.06636319394465535,158500,0.32595068595680976,158220,0.3260121319520175,0.0,0.0,0,0,0,0.3172019439516589,0.9785,0.06636319189723582,0.3273947350680828,234752,235146,"[0.9918367346938776, 0.9911894273127754, 0.9767441860465116, 0.9792079207920792, 0.9775967413441955, 0.9753363228699552, 0.975991649269311, 0.9824902723735408, 0.9599589322381931, 0.9722497522299306]","[0.9910625620655412, 0.9872611464968153, 0.9801192842942346, 0.9736842105263158, 0.9774590163934426, 0.9821627647714605, 0.9856704196519959, 0.9872549019607844, 0.9571428571428572, 0.9693675889328063]",batch,both
MNIST,small,43,10,all,all,random,baseline,0,0.3,3,0.9809,0.9798,0.06727324911504984,0.06220959076490253,158500,0.32595068595680976,158220,0.3260121319520175,0.0,0.0,0,0,0,0.3277560679707676,0.9798,0.06220958992894739,0.33978768705856055,234752,235146,"[0.9908163265306122, 0.9929515418502203, 0.9767441860465116, 0.9801980198019802, 0.9816700610997964, 0.976457399103139, 0.9812108559498957, 0.9824902723735408, 0.9640657084188912, 0.9692765113974232]","[0.9860973187686196, 0.986351228389445, 0.9840954274353877, 0.9775828460038987, 0.9805327868852459, 0.9810479375696767, 0.9918116683725691, 0.9862745098039216, 0.9612244897959183, 0.9733201581027668]",batch,both
MNIST,small,43,10,all,all,random,baseline,0,0.3,5,0.9803,0.9803,0.06634328448995948,0.06160711463652551,158500,0.32595068595680976,158220,0.3260121319520175,0.0,0.0,0,0,0,0.32544261997099966,0.9803,0.06160711339898407,0.31935338501352817,234752,235146,"[0.9918367346938776, 0.9920704845814978, 0.9767441860465116, 0.9811881188118812, 0.9786150712830958, 0.9775784753363229, 0.9812108559498957, 0.980544747081712, 0.9691991786447639, 0.9722497522299306]","[0.9860973187686196, 0.9854413102820746, 0.9811133200795229, 0.9746588693957114, 0.9743852459016393, 0.979933110367893, 0.9918116683725691, 0.9862745098039216, 0.9653061224489796, 0.9772727272727273]",batch,both
MNIST,small,43,10,all,all,random,baseline,0,0.4,0,0.9478,0.9458,0.25200410375595095,0.2474629102230072,133605,0.43182108137072284,133364,0.4318940839694656,0.0,0.0,0,0,0,0.31856326200067997,0.9458,0.24746291933059691,0.32382759102620184,234752,235146,"[0.9612244897959183, 0.9770925110132158, 0.9244186046511628, 0.9455445544554455, 0.9826883910386965, 0.9630044843049327, 0.9791231732776617, 0.8482490272373541, 0.9486652977412731, 0.931615460852329]","[0.9632571996027806, 0.9654231119199272, 0.9284294234592445, 0.9385964912280702, 0.9877049180327869, 0.9654403567447045, 0.9897645854657113, 0.8578431372549019, 0.9459183673469388, 0.9397233201581028]",batch,both
MNIST,small,43,10,all,all,random,baseline,0,0.4,1,0.9757,0.9765,0.07953482081890106,0.07380267096236348,133605,0.43182108137072284,133364,0.4318940839694656,0.0,0.0,0,0,0,0.32649378397036344,0.9765,0.07380266941711307,0.3252779630711302,234752,235146,"[0.9908163265306122, 0.9911894273127754, 0.9728682170542635, 0.9772277227722772, 0.9704684317718941, 0.9719730941704036, 0.9770354906054279, 0.9766536964980544, 0.9630390143737166, 0.9712586719524281]","[0.9880834160873883, 0.9854413102820746, 0.9791252485089463, 0.9678362573099415, 0.9743852459016393, 0.979933110367893, 0.9866939611054247, 0.9833333333333333, 0.9489795918367347, 0.9624505928853755]",batch,both
MNIST,small,43,10,all,all,random,baseline,0,0.4,3,0.9786,0.9774,0.07238640272021293,0.06673357416708023,133605,0.43182108137072284,133364,0.4318940839694656,0.0,0.0,0,0,0,0.3135389561066404,0.9774,0.06673357612211257,0.31970241700764745,234752,235146,"[0.9908163265306122, 0.9929515418502203, 0.9777131782945736, 0.9792079207920792, 0.9765784114052953, 0.9663677130044843, 0.9780793319415448, 0.9795719844357976, 0.9661190965092402, 0.9633300297324083]","[0.9870903674280039, 0.9854413102820746, 0.9801192842942346, 0.9775828460038987, 0.9754098360655737, 0.9765886287625418, 0.9856704196519959, 0.9833333333333333, 0.963265306122449, 0.9703557312252964]",batch,both
MNIST,small,43,10,all,all,random,baseline,0,0.4,5,0.9787,0.9784,0.07137327531576157,0.06450176268089562,133605,0.43182108137072284,133364,0.4318940839694656,0.0,0.0,0,0,0,0.31332084094174206,0.9784,0.06450176182892174,0.32497036503627896,234752,235146,"[0.9908163265306122, 0.9929515418502203, 0.9767441860465116, 0.9801980198019802, 0.9806517311608961, 0.9730941704035875, 0.9791231732776617, 0.9795719844357976, 0.9650924024640657, 0.9633300297324083]","[0.9870903674280039, 0.986351228389445, 0.9801192842942346, 0.9775828460038987, 0.9774590163934426, 0.9777034559643255, 0.9866939611054247, 0.9862745098039216, 0.9622448979591837, 0.9644268774703557]",batch,both
MNIST,small,43,10,all,all,random,baseline,0,0.5,0,0.9349,0.9313,0.43342249994277954,0.4273400451183319,109386,0.5348166670919343,109184,0.534896401308615,0.0,0.0,0,0,0,0.30557443003635854,0.9313,0.42734004216194155,0.3193319239653647,234752,235146,"[0.9775510204081632, 0.9859030837004406, 0.8808139534883721, 0.9455445544554455, 0.9755600814663951, 0.9181614349775785, 0.9822546972860126, 0.7850194552529183, 0.9373716632443532, 0.9256689791873142]","[0.9771598808341608, 0.9727024567788899, 0.8956262425447317, 0.942495126705653, 0.9825819672131147, 0.9420289855072463, 0.9877175025588536, 0.7872549019607843, 0.9316326530612244, 0.9318181818181818]",batch,both
MNIST,small,43,10,all,all,random,baseline,0,0.5,1,0.9723,0.9732,0.09345718312859536,0.08887361563220621,109386,0.5348166670919343,109184,0.534896401308615,0.0,0.0,0,0,0,0.3077119280351326,0.9732,0.08887361610904336,0.33321301103569567,234752,235146,"[0.9908163265306122, 0.986784140969163, 0.9728682170542635, 0.9811881188118812, 0.9704684317718941, 0.9641255605381166, 0.9739039665970772, 0.9727626459143969, 0.9496919917864476, 0.9663032705649157]","[0.9870903674280039, 0.9845313921747043, 0.9771371769383698, 0.9678362573099415, 0.9672131147540983, 0.9754738015607581, 0.9836233367451381, 0.9813725490196078, 0.9438775510204082, 0.9535573122529645]",batch,both
MNIST,small,43,10,all,all,random,baseline,0,0.5,3,0.9769,0.9761,0.0813275965988636,0.07612456135563553,109386,0.5348166670919343,109184,0.534896401308615,0.0,0.0,0,0,0,0.32838837592862546,0.9761,0.07612456082366408,0.3280542040010914,234752,235146,"[0.9908163265306122, 0.9876651982378855, 0.9786821705426356, 0.9821782178217822, 0.9786150712830958, 0.9697309417040358, 0.9780793319415448, 0.9737354085603113, 0.9609856262833676, 0.958374628344896]","[0.9860973187686196, 0.9836214740673339, 0.9791252485089463, 0.9775828460038987, 0.9754098360655737, 0.9777034559643255, 0.9887410440122825, 0.9852941176470589, 0.9581632653061225, 0.9565217391304348]",batch,both
MNIST,small,43,10,all,all,random,baseline,0,0.5,5,0.9767,0.9766,0.07631835759282111,0.07146010329779237,109386,0.5348166670919343,109184,0.534896401308615,0.0,0.0,0,0,0,0.32729067897889763,0.9766,0.07146010457035154,0.3109821559628472,234752,235146,"[0.9908163265306122, 0.9885462555066079, 0.9806201550387597, 0.9811881188118812, 0.9755600814663951, 0.9719730941704036, 0.9791231732776617, 0.9727626459143969, 0.9589322381930184, 0.9643211100099108]","[0.9870903674280039, 0.9845313921747043, 0.9791252485089463, 0.9756335282651072, 0.9733606557377049, 0.9765886287625418, 0.9866939611054247, 0.9833333333333333, 0.9551020408163265, 0.9644268774703557]",batch,both
MNIST,small,43,10,all,all,random,baseline,0,0.7,0,0.7337,0.7325,1.275247053527832,1.2569887540817262,63887,0.728309220654402,63761,0.7283899604689203,0.0,0.0,0,0,0,0.32668884203303605,0.7325,1.25698874168396,0.3223685499979183,234752,235146,"[0.9040816326530612, 0.35330396475770925, 0.9089147286821705, 0.7594059405940594, 0.9134419551934827, 0.67152466367713, 0.9634655532359081, 0.15272373540856032, 0.8655030800821355, 0.9058473736372646]","[0.8867924528301887, 0.3739763421292084, 0.9085487077534792, 0.767056530214425, 0.8934426229508197, 0.6599777034559643, 0.970317297850563, 0.153921568627451, 0.8540816326530613, 0.9150197628458498]",batch,both
MNIST,small,43,10,all,all,random,baseline,0,0.7,1,0.9544,0.9535,0.19048033204078674,0.18264358718395232,63887,0.728309220654402,63761,0.7283899604689203,0.0,0.0,0,0,0,0.3270969820441678,0.9535,0.18264358644485473,0.34082742396276444,234752,235146,"[0.9918367346938776, 0.9841409691629956, 0.9447674418604651, 0.9534653465346534, 0.955193482688391, 0.929372197309417, 0.9676409185803758, 0.9328793774319066, 0.9383983572895277, 0.9326065411298315]","[0.9831181727904668, 0.9790718835304822, 0.9512922465208747, 0.9551656920077972, 0.9600409836065574, 0.9386845039018952, 0.9815762538382804, 0.95, 0.9163265306122449, 0.924901185770751]",batch,both
MNIST,small,43,10,all,all,random,baseline,0,0.7,3,0.964,0.963,0.1303687587082386,0.12550048304200173,63887,0.728309220654402,63761,0.7283899604689203,0.0,0.0,0,0,0,0.31798604293726385,0.963,0.1255004827618599,0.3139568080659956,234752,235146,"[0.9918367346938776, 0.9876651982378855, 0.9554263565891473, 0.9584158415841584, 0.9643584521384929, 0.9495515695067265, 0.9728601252609603, 0.9552529182879378, 0.944558521560575, 0.9464816650148662]","[0.9851042701092354, 0.9808917197452229, 0.9622266401590457, 0.9590643274853801, 0.9682377049180327, 0.9576365663322185, 0.9815762538382804, 0.9676470588235294, 0.9346938775510204, 0.9407114624505929]",batch,both
MNIST,small,43,10,all,all,random,baseline,0,0.7,5,0.9675,0.9651,0.11729019096493722,0.11211708834916354,63887,0.728309220654402,63761,0.7283899604689203,0.0,0.0,0,0,0,0.33424129302147776,0.9651,0.11211709092259407,0.3244033110095188,234752,235146,"[0.9908163265306122, 0.9903083700440528, 0.9631782945736435, 0.9653465346534653, 0.9653767820773931, 0.9461883408071748, 0.9749478079331941, 0.958171206225681, 0.9476386036960985, 0.9444995044598612]","[0.9880834160873883, 0.9845313921747043, 0.9652087475149106, 0.9658869395711501, 0.9713114754098361, 0.9643255295429208, 0.9866939611054247, 0.9705882352941176, 0.9377551020408164, 0.9387351778656127]",batch,both
MNIST,small,43,10,a1,layerwise,random,baseline,0,0.05,0,0.9777,0.9783,0.08164988283813,0.07146368158967234,224190,0.04659232987165418,223808,0.04661941112322787,0.0,0.0,0,0,0,0.3116899050073698,0.9783,0.07146368141905404,0.32400252495426685,234752,235146,"[0.9908163265306122, 0.9920704845814978, 0.9777131782945736, 0.9742574257425742, 0.9867617107942973, 0.9798206278026906, 0.9843423799582464, 0.9688715953307393, 0.9640657084188912, 0.9633300297324083]","[0.9890764647467726, 0.9854413102820746, 0.9811133200795229, 0.969785575048733, 0.9846311475409836, 0.9788182831661093, 0.9897645854657113, 0.9813725490196078, 0.9581632653061225, 0.958498023715415]",batch,both
MNIST,small,43,10,a1,layerwise,random,baseline,0,0.05,1,0.9826,0.9819,0.06854844291135669,0.06264204717243556,224190,0.04659232987165418,223808,0.04661941112322787,0.0,0.0,0,0,0,0.3115864060819149,0.9819,0.06264204619789962,0.3412426949944347,234752,235146,"[0.9918367346938776, 0.9903083700440528, 0.9835271317829457, 0.9831683168316832, 0.9816700610997964, 0.9786995515695067, 0.9832985386221295, 0.9776264591439688, 0.9691991786447639, 0.9781962338949455]","[0.9880834160873883, 0.9836214740673339, 0.9860834990059643, 0.9824561403508771, 0.985655737704918, 0.9832775919732442, 0.9866939611054247, 0.9872549019607844, 0.9704081632653061, 0.9723320158102767]",batch,both
MNIST,small,43,10,a1,layerwise,random,baseline,0,0.05,3,0.9826,0.9825,0.0666611711287871,0.0615561303376453,224190,0.04659232987165418,223808,0.04661941112322787,0.0,0.0,0,0,0,0.32484884199220687,0.9825,0.06155612877674867,0.3366361738881096,234752,235146,"[0.9918367346938776, 0.9929515418502203, 0.9874031007751938, 0.9801980198019802, 0.9806517311608961, 0.9798206278026906, 0.9832985386221295, 0.9795719844357976, 0.973305954825462, 0.9742319127849356]","[0.9870903674280039, 0.986351228389445, 0.9870775347912525, 0.9766081871345029, 0.9836065573770492, 0.9832775919732442, 0.9887410440122825, 0.9852941176470589, 0.9724489795918367, 0.9752964426877471]",batch,both
MNIST,small,43,10,a1,layerwise,random,baseline,0,0.05,5,0.9828,0.9824,0.06669088960140944,0.06135159191173443,224190,0.04659232987165418,223808,0.04661941112322787,0.0,0.0,0,0,0,0.31795450998470187,0.9824,0.06135159217399487,0.3464297919999808,234752,235146,"[0.9908163265306122, 0.9920704845814978, 0.9835271317829457, 0.9762376237623762, 0.9816700610997964, 0.9865470852017937, 0.9874739039665971, 0.9776264591439688, 0.9691991786447639, 0.9781962338949455]","[0.9860973187686196, 0.986351228389445, 0.9860834990059643, 0.9746588693957114, 0.9825819672131147, 0.9855072463768116, 0.9877175025588536, 0.9862745098039216, 0.9714285714285714, 0.9812252964426877]",batch,both
MNIST,small,43,10,a1,layerwise,random,baseline,0,0.1,0,0.9761,0.9773,0.08381861418783665,0.07394414429767057,212321,0.09706735389927956,211952,0.09712377317339149,0.0,0.0,0,0,0,0.32579276396427304,0.9773,0.07394414574606344,0.3294099089689553,234752,235146,"[0.9887755102040816, 0.9876651982378855, 0.9815891472868217, 0.9742574257425742, 0.9826883910386965, 0.9798206278026906, 0.9832985386221295, 0.9669260700389105, 0.9630390143737166, 0.9643211100099108]","[0.9880834160873883, 0.978161965423112, 0.9821073558648111, 0.9717348927875243, 0.9846311475409836, 0.979933110367893, 0.9866939611054247, 0.9794117647058823, 0.960204081632653, 0.950592885375494]",batch,both
MNIST,small,43,10,a1,layerwise,random,baseline,0,0.1,1,0.9822,0.9821,0.0675053477279842,0.06358267936713528,212321,0.09706735389927956,211952,0.09712377317339149,0.0,0.0,0,0,0,0.32035742595326155,0.9821,0.06358268068886827,0.3172917809570208,234752,235146,"[0.9908163265306122, 0.9929515418502203, 0.9825581395348837, 0.9782178217821782, 0.9867617107942973, 0.9820627802690582, 0.9801670146137788, 0.9795719844357976, 0.9702258726899384, 0.9762140733399405]","[0.9870903674280039, 0.9854413102820746, 0.9850894632206759, 0.9785575048732943, 0.9866803278688525, 0.9832775919732442, 0.9866939611054247, 0.9872549019607844, 0.9704081632653061, 0.9713438735177866]",batch,both
MNIST,small,43,10,a1,layerwise,random,baseline,0,0.1,3,0.9833,0.9817,0.06653239772729576,0.06286820580626955,212321,0.09706735389927956,211952,0.09712377317339149,0.0,0.0,0,0,0,0.31427495600655675,0.9817,0.06286820569451083,0.32427450898103416,234752,235146,"[0.9908163265306122, 0.9938325991189427, 0.9844961240310077, 0.9772277227722772, 0.9837067209775967, 0.9831838565022422, 0.9832985386221295, 0.9815175097276264, 0.9671457905544147, 0.9702675916749257]","[0.9870903674280039, 0.9881710646041856, 0.9880715705765407, 0.9785575048732943, 0.9866803278688525, 0.9866220735785953, 0.9907881269191402, 0.9872549019607844, 0.9683673469387755, 0.9713438735177866]",batch,both
MNIST,small,43,10,a1,layerwise,random,baseline,0,0.1,5,0.9831,0.9826,0.06674696010388434,0.06448348877503594,212321,0.09706735389927956,211952,0.09712377317339149,0.0,0.0,0,0,0,0.30865230690687895,0.9826,0.06448348903580627,0.3148772029671818,234752,235146,"[0.9908163265306122, 0.9920704845814978, 0.9864341085271318, 0.9821782178217822, 0.9806517311608961, 0.9820627802690582, 0.9853862212943633, 0.980544747081712, 0.9722792607802875, 0.9722497522299306]","[0.9851042701092354, 0.9881710646041856, 0.9870775347912525, 0.9844054580896686, 0.9846311475409836, 0.9821627647714605, 0.9887410440122825, 0.984313725490196, 0.9724489795918367, 0.9733201581027668]",batch,both
MNIST,small,43,10,a1,layerwise,random,baseline,0,0.2,0,0.9738,0.9752,0.09002710719108581,0.08062708946838974,188583,0.19801740195453033,188240,0.19813249727371862,0.0,0.0,0,0,0,0.3234829440480098,0.9752,0.08062708717361093,0.31414190505165607,234752,235146,"[0.9897959183673469, 0.9823788546255506, 0.9806201550387597, 0.9673267326732673, 0.9826883910386965, 0.9663677130044843, 0.9832985386221295, 0.9669260700389105, 0.9671457905544147, 0.9643211100099108]","[0.9841112214498511, 0.9763421292083713, 0.9801192842942346, 0.9678362573099415, 0.9846311475409836, 0.9698996655518395, 0.9907881269191402, 0.9745098039215686, 0.9612244897959183, 0.9486166007905138]",batch,both
MNIST,small,43,10,a1,layerwise,random,baseline,0,0.2,1,0.9816,0.9809,0.06666368584036828,0.06314387754716445,188583,0.19801740195453033,188240,0.19813249727371862,0.0,0.0,0,0,0,0.3115719889756292,0.9809,0.06314387572922278,0.3369168139761314,234752,235146,"[0.9918367346938776, 0.9920704845814978, 0.9806201550387597, 0.9772277227722772, 0.9796334012219959, 0.9786995515695067, 0.9791231732776617, 0.9795719844357976, 0.971252566735113, 0.977205153617443]","[0.9880834160873883, 0.9845313921747043, 0.9840954274353877, 0.9814814814814815, 0.9784836065573771, 0.9843924191750278, 0.9856704196519959, 0.9862745098039216, 0.9673469387755103, 0.9752964426877471]",batch,both
MNIST,small,43,10,a1,layerwise,random,baseline,0,0.2,3,0.9822,0.982,0.06695731679946185,0.062491708593029764,188583,0.19801740195453033,188240,0.19813249727371862,0.0,0.0,0,0,0,0.31819583498872817,0.982,0.062491711961809776,0.33062198606785387,234752,235146,"[0.9908163265306122, 0.9938325991189427, 0.9844961240310077, 0.9762376237623762, 0.9806517311608961, 0.9809417040358744, 0.9853862212943633, 0.980544747081712, 0.971252566735113, 0.9742319127849356]","[0.9851042701092354, 0.9872611464968153, 0.9850894632206759, 0.9756335282651072, 0.9877049180327869, 0.9855072463768116, 0.9907881269191402, 0.9882352941176471, 0.9642857142857143, 0.9723320158102767]",batch,both
MNIST,small,43,10,a1,layerwise,random,baseline,0,0.2,5,0.9827,0.9826,0.06663242003023624,0.06262460877688136,188583,0.19801740195453033,188240,0.19813249727371862,0.0,0.0,0,0,0,0.3330116840079427,0.9826,0.0626246057616314,0.31614031502977014,234752,235146,"[0.9908163265306122, 0.9938325991189427, 0.9864341085271318, 0.9782178217821782, 0.9837067209775967, 0.9820627802690582, 0.9832985386221295, 0.9824902723735408, 0.9722792607802875, 0.9712586719524281]","[0.9860973187686196, 0.9845313921747043, 0.9870775347912525, 0.9805068226120858, 0.9866803278688525, 0.9832775919732442, 0.9907881269191402, 0.9872549019607844, 0.9683673469387755, 0.9723320158102767]",batch,both
MNIST,small,43,10,a1,layerwise,random,baseline,0,0.3,0,0.9699,0.971,0.10503554019927978,0.09788062098175287,165758,0.29508475585381,165440,0.2952562704471101,0.0,0.0,0,0,0,0.33019789203535765,0.971,0.09788062009960413,0.31391546793747693,234752,235146,"[0.9744897959183674, 0.9806167400881057, 0.9709302325581395, 0.9722772277227723, 0.9837067209775967, 0.9674887892376681, 0.9843423799582464, 0.9659533073929961, 0.9476386036960985, 0.9613478691774033]","[0.968222442899702, 0.9699727024567789, 0.9761431411530815, 0.9678362573099415, 0.985655737704918, 0.9754738015607581, 0.9918116683725691, 0.9735294117647059, 0.9469387755102041, 0.9446640316205533]",batch,both
MNIST,small,43,10,a1,layerwise,random,baseline,0,0.3,1,0.9805,0.98,0.06846013229191303,0.06600650043324567,165758,0.29508475585381,165440,0.2952562704471101,0.0,0.0,0,0,0,0.3458358059870079,0.98,0.06600650102482178,0.37228481902275234,234752,235146,"[0.9908163265306122, 0.9911894273127754, 0.9815891472868217, 0.9821782178217822, 0.9796334012219959, 0.9697309417040358, 0.9801670146137788, 0.9815175097276264, 0.9650924024640657, 0.9752229930624381]","[0.9870903674280039, 0.9836214740673339, 0.9831013916500994, 0.9785575048732943, 0.9805327868852459, 0.9788182831661093, 0.9897645854657113, 0.9862745098039216, 0.9642857142857143, 0.9723320158102767]",batch,both
MNIST,small,43,10,a1,layerwise,random,baseline,0,0.3,3,0.9811,0.9818,0.0673394041866064,0.06348712803716772,165758,0.29508475585381,165440,0.2952562704471101,0.0,0.0,0,0,0,0.31900617701467127,0.9818,0.0634871284797322,0.3226249000290409,234752,235146,"[0.9908163265306122, 0.9938325991189427, 0.9835271317829457, 0.9742574257425742, 0.9816700610997964, 0.9831838565022422, 0.9853862212943633, 0.9844357976653697, 0.9661190965092402, 0.9732408325074331]","[0.9870903674280039, 0.9836214740673339, 0.9821073558648111, 0.9736842105263158, 0.9836065573770492, 0.9832775919732442, 0.9918116683725691, 0.9882352941176471, 0.960204081632653, 0.9772727272727273]",batch,both
MNIST,small,43,10,a1,layerwise,random,baseline,0,0.3,5,0.9819,0.9816,0.06657982047870756,0.06491803361462661,165758,0.29508475585381,165440,0.2952562704471101,0.0,0.0,0,0,0,0.3400466759921983,0.9816,0.06491803390594432,0.3400421979604289,234752,235146,"[0.9908163265306122, 0.9938325991189427, 0.9844961240310077, 0.9792079207920792, 0.9796334012219959, 0.9820627802690582, 0.9843423799582464, 0.9844357976653697, 0.9650924024640657, 0.9702675916749257]","[0.9880834160873883, 0.986351228389445, 0.9811133200795229, 0.9785575048732943, 0.9825819672131147, 0.9832775919732442, 0.9918116683725691, 0.9872549019607844, 0.963265306122449, 0.9762845849802372]",batch,both
MNIST,small,43,10,a1,layerwise,random,baseline,0,0.4,0,0.9627,0.9629,0.1318723739385605,0.12528553025126457,142020,0.39603480390906076,141728,0.39626499454743724,0.0,0.0,0,0,0,0.3481537310872227,0.9629,0.12528553354144095,0.32186877506319433,234752,235146,"[0.9704081632653061, 0.9823788546255506, 0.9680232558139535, 0.9544554455445544, 0.9775967413441955, 0.9708520179372198, 0.9832985386221295, 0.933852140077821, 0.9240246406570842, 0.9633300297324083]","[0.9702085402184707, 0.9708826205641492, 0.9711729622266402, 0.9473684210526315, 0.9743852459016393, 0.9743589743589743, 0.9907881269191402, 0.9549019607843138, 0.9122448979591836, 0.9614624505928854]",batch,both
MNIST,small,43,10,a1,layerwise,random,baseline,0,0.4,1,0.9771,0.9783,0.07521755291223527,0.06889997878409922,142020,0.39603480390906076,141728,0.39626499454743724,0.0,0.0,0,0,0,0.3210504869930446,0.9783,0.06889997728206217,0.3430825249524787,234752,235146,"[0.9928571428571429, 0.9929515418502203, 0.9786821705426356, 0.9752475247524752, 0.9755600814663951, 0.9719730941704036, 0.9791231732776617, 0.9795719844357976, 0.9640657084188912, 0.9702675916749257]","[0.9860973187686196, 0.9845313921747043, 0.9831013916500994, 0.9678362573099415, 0.9764344262295082, 0.9765886287625418, 0.9877175025588536, 0.9852941176470589, 0.9551020408163265, 0.967391304347826]",batch,both
MNIST,small,43,10,a1,layerwise,random,baseline,0,0.4,3,0.9799,0.9793,0.07170062232613564,0.06650443954011426,142020,0.39603480390906076,141728,0.39626499454743724,0.0,0.0,0,0,0,0.31581148295663297,0.9793,0.06650443824222312,0.31536494696047157,234752,235146,"[0.9908163265306122, 0.9938325991189427, 0.9786821705426356, 0.9821782178217822, 0.9796334012219959, 0.9730941704035875, 0.9812108559498957, 0.9824902723735408, 0.9620123203285421, 0.9663032705649157]","[0.9880834160873883, 0.9827115559599636, 0.9840954274353877, 0.9736842105263158, 0.985655737704918, 0.9810479375696767, 0.9907881269191402, 0.9852941176470589, 0.9581632653061225, 0.9693675889328063]",batch,both
MNIST,small,43,10,a1,layerwise,random,baseline,0,0.4,5,0.9802,0.979,0.07079617415666581,0.06561471413862892,142020,0.39603480390906076,141728,0.39626499454743724,0.0,0.0,0,0,0,0.3183005730388686,0.979,0.06561471688342281,0.32391932292375714,234752,235146,"[0.9918367346938776, 0.9929515418502203, 0.9835271317829457, 0.9782178217821782, 0.9765784114052953, 0.9719730941704036, 0.9801670146137788, 0.980544747081712, 0.9630390143737166, 0.9682854311199207]","[0.9851042701092354, 0.9854413102820746, 0.9831013916500994, 0.9785575048732943, 0.9825819672131147, 0.9821627647714605, 0.9907881269191402, 0.9852941176470589, 0.960204081632653, 0.9683794466403162]",batch,both
MNIST,small,43,10,a1,layerwise,random,baseline,0,0.5,0,0.9577,0.9539,0.16681723165512086,0.16448970534801483,118282,0.4969848519643115,118016,0.4972737186477645,0.0,0.0,0,0,0,0.32137498795054853,0.9539,0.1644897012591362,0.3152762169484049,234752,235146,"[0.9755102040816327, 0.9850220264317181, 0.9457364341085271, 0.9653465346534653, 0.9704684317718941, 0.9405829596412556, 0.9791231732776617, 0.9357976653696498, 0.8788501026694046, 0.9573835480673935]","[0.9761668321747765, 0.9763421292083713, 0.9592445328031809, 0.9590643274853801, 0.9682377049180327, 0.959866220735786, 0.9856704196519959, 0.9598039215686275, 0.8765306122448979, 0.9535573122529645]",batch,both
MNIST,small,43,10,a1,layerwise,random,baseline,0,0.5,1,0.9761,0.976,0.08134028741121292,0.0767770928826183,118282,0.4969848519643115,118016,0.4972737186477645,0.0,0.0,0,0,0,0.3537113380152732,0.976,0.07677709078900516,0.3128994890721515,234752,235146,"[0.9918367346938776, 0.9885462555066079, 0.9815891472868217, 0.9811881188118812, 0.9786150712830958, 0.9630044843049327, 0.9739039665970772, 0.97568093385214, 0.9589322381930184, 0.9633300297324083]","[0.9851042701092354, 0.9836214740673339, 0.9831013916500994, 0.9707602339181286, 0.9743852459016393, 0.9788182831661093, 0.9866939611054247, 0.9823529411764705, 0.9551020408163265, 0.9604743083003953]",batch,both
MNIST,small,43,10,a1,layerwise,random,baseline,0,0.5,3,0.9779,0.9769,0.07535830921530724,0.07051706018000842,118282,0.4969848519643115,118016,0.4972737186477645,0.0,0.0,0,0,0,0.3167599580483511,0.9769,0.07051706399172544,0.32206271297764033,234752,235146,"[0.9918367346938776, 0.9885462555066079, 0.9825581395348837, 0.9782178217821782, 0.9765784114052953, 0.9730941704035875, 0.9780793319415448, 0.9766536964980544, 0.9568788501026694, 0.9643211100099108]","[0.9860973187686196, 0.9836214740673339, 0.9860834990059643, 0.969785575048733, 0.9774590163934426, 0.9821627647714605, 0.9866939611054247, 0.9852941176470589, 0.9581632653061225, 0.9634387351778656]",batch,both
MNIST,small,43,10,a1,layerwise,random,baseline,0,0.5,5,0.9794,0.9786,0.07356429345607758,0.06855577746173366,118282,0.4969848519643115,118016,0.4972737186477645,0.0,0.0,0,0,0,0.3222506099846214,0.9786,0.06855577875068411,0.33172551402822137,234752,235146,"[0.9918367346938776, 0.9885462555066079, 0.9835271317829457, 0.9841584158415841, 0.9765784114052953, 0.9708520179372198, 0.9812108559498957, 0.9747081712062257, 0.9640657084188912, 0.9682854311199207]","[0.9880834160873883, 0.9836214740673339, 0.9880715705765407, 0.9766081871345029, 0.9784836065573771, 0.979933110367893, 0.9866939611054247, 0.984313725490196, 0.9612244897959183, 0.9664031620553359]",batch,both
MNIST,small,43,10,a1,layerwise,random,baseline,0,0.7,0,0.8944,0.8968,0.4424390546798706,0.4225515139579773,71719,0.6950022539188419,71504,0.6954062159214831,0.0,0.0,0,0,0,0.3230324110481888,0.8968,0.422551505279541,0.34842822095379233,234752,235146,"[0.923469387755102, 0.7647577092511013, 0.9602713178294574, 0.9643564356435643, 0.9409368635437881, 0.8968609865470852, 0.9551148225469729, 0.8735408560311284, 0.784394250513347, 0.9207135777998018]","[0.9245283018867925, 0.7506824385805277, 0.9602385685884692, 0.956140350877193, 0.9282786885245902, 0.9007803790412486, 0.9559877175025588, 0.9009803921568628, 0.7683673469387755, 0.9100790513833992]",batch,both
MNIST,small,43,10,a1,layerwise,random,baseline,0,0.7,1,0.9688,0.9673,0.1123942773938179,0.10631754781603814,71719,0.6950022539188419,71504,0.6954062159214831,0.0,0.0,0,0,0,0.31636175292078406,0.9673,0.10631754679977894,0.32285831309854984,234752,235146,"[0.9908163265306122, 0.9876651982378855, 0.9738372093023255, 0.9663366336633663, 0.9643584521384929, 0.9495515695067265, 0.9770354906054279, 0.9640077821011673, 0.946611909650924, 0.9484638255698712]","[0.9851042701092354, 0.9808917197452229, 0.9771371769383698, 0.9629629629629629, 0.9672131147540983, 0.9632107023411371, 0.9825997952917093, 0.9745098039215686, 0.9448979591836735, 0.9476284584980237]",batch,both
MNIST,small,43,10,a1,layerwise,random,baseline,0,0.7,3,0.9725,0.9705,0.09698718478083611,0.09133666517287493,71719,0.6950022539188419,71504,0.6954062159214831,0.0,0.0,0,0,0,0.316947911051102,0.9705,0.09133666409999132,0.33655704895500094,234752,235146,"[0.9918367346938776, 0.9903083700440528, 0.9709302325581395, 0.9742574257425742, 0.9684317718940937, 0.9540358744394619, 0.9801670146137788, 0.9708171206225681, 0.9476386036960985, 0.9524281466798811]","[0.9890764647467726, 0.9827115559599636, 0.9751491053677932, 0.9668615984405458, 0.9754098360655737, 0.9710144927536232, 0.9877175025588536, 0.9754901960784313, 0.9469387755102041, 0.9535573122529645]",batch,both
MNIST,small,43,10,a1,layerwise,random,baseline,0,0.7,5,0.9745,0.9731,0.09041313402652741,0.0851079236831516,71719,0.6950022539188419,71504,0.6954062159214831,0.0,0.0,0,0,0,0.31112823006697,0.9731,0.0851079270567745,0.3316895120078698,234752,235146,"[0.9918367346938776, 0.9911894273127754, 0.9748062015503876, 0.9762376237623762, 0.9704684317718941, 0.9573991031390134, 0.9791231732776617, 0.9688715953307393, 0.9568788501026694, 0.9603567888999008]","[0.9870903674280039, 0.9799818016378526, 0.9751491053677932, 0.9736842105263158, 0.9754098360655737, 0.9754738015607581, 0.9877175025588536, 0.9745098039215686, 0.9551020408163265, 0.9604743083003953]",batch,both
MNIST,small,43,10,a2,layerwise,random,baseline,0,0.05,0,0.9788,0.9784,0.07968911127746105,0.07046998859909363,233544,0.006812788650455426,233156,0.006798664122137366,0.0,0.0,0,0,0,0.30920924502424896,0.9784,0.07046999007877894,0.3226411029463634,234752,235146,"[0.9897959183673469, 0.9911894273127754, 0.9777131782945736, 0.9772277227722772, 0.984725050916497, 0.9798206278026906, 0.9832985386221295, 0.9669260700389105, 0.9671457905544147, 0.9653121902874133]","[0.9900695134061569, 0.9845313921747043, 0.9801192842942346, 0.9756335282651072, 0.985655737704918, 0.979933110367893, 0.9897645854657113, 0.9784313725490196, 0.9591836734693877, 0.9644268774703557]",batch,both
MNIST,small,43,10,a2,layerwise,random,baseline,0,0.05,1,0.9818,0.9815,0.06853693772181868,0.06200836062734597,233544,0.006812788650455426,233156,0.006798664122137366,0.0,0.0,0,0,0,0.34756082796957344,0.9815,0.06200836026673787,0.3252424830570817,234752,235146,"[0.9908163265306122, 0.9920704845814978, 0.9854651162790697, 0.9752475247524752, 0.9806517311608961, 0.9809417040358744, 0.9812108559498957, 0.9824902723735408, 0.9681724845995893, 0.9762140733399405]","[0.9880834160873883, 0.986351228389445, 0.9850894632206759, 0.9766081871345029, 0.9836065573770492, 0.9832775919732442, 0.9866939611054247, 0.9872549019607844, 0.9683673469387755, 0.9723320158102767]",batch,both
MNIST,small,43,10,a2,layerwise,random,baseline,0,0.05,3,0.9827,0.9819,0.06434961434528232,0.06051075194446894,233544,0.006812788650455426,233156,0.006798664122137366,0.0,0.0,0,0,0,0.3188029309967533,0.9819,0.06051075081496092,0.31862701708450913,234752,235146,"[0.9908163265306122, 0.9920704845814978, 0.9835271317829457, 0.9801980198019802, 0.9826883910386965, 0.9809417040358744, 0.9843423799582464, 0.9785992217898832, 0.9691991786447639, 0.9752229930624381]","[0.9880834160873883, 0.9881710646041856, 0.9860834990059643, 0.9805068226120858, 0.985655737704918, 0.979933110367893, 0.9877175025588536, 0.984313725490196, 0.9683673469387755, 0.9772727272727273]",batch,both
MNIST,small,43,10,a2,layerwise,random,baseline,0,0.05,5,0.9825,0.9816,0.06831174028683454,0.062178886313262044,233544,0.006812788650455426,233156,0.006798664122137366,0.0,0.0,0,0,0,0.3236513020237908,0.9816,0.062178885606574474,0.31732392497360706,234752,235146,"[0.9918367346938776, 0.9929515418502203, 0.9864341085271318, 0.9772277227722772, 0.9806517311608961, 0.9865470852017937, 0.9832985386221295, 0.9795719844357976, 0.9691991786447639, 0.9672943508424182]","[0.9870903674280039, 0.989080982711556, 0.9870775347912525, 0.9756335282651072, 0.9846311475409836, 0.9855072463768116, 0.9887410440122825, 0.9852941176470589, 0.9673469387755103, 0.974308300395257]",batch,both
MNIST,small,43,10,a2,layerwise,random,baseline,0,0.1,0,0.9775,0.9778,0.08089429555535317,0.07169525447608903,231942,0.013625577300910963,231560,0.013597328244274842,0.0,0.0,0,0,0,0.32974023395217955,0.9778,0.07169525622846559,0.31977190892212093,234752,235146,"[0.9908163265306122, 0.9911894273127754, 0.9825581395348837, 0.9693069306930693, 0.984725050916497, 0.9820627802690582, 0.9843423799582464, 0.9649805447470817, 0.9681724845995893, 0.9593657086223984]","[0.9880834160873883, 0.9836214740673339, 0.9831013916500994, 0.9678362573099415, 0.985655737704918, 0.979933110367893, 0.9918116683725691, 0.9784313725490196, 0.9591836734693877, 0.9575098814229249]",batch,both
MNIST,small,43,10,a2,layerwise,random,baseline,0,0.1,1,0.9817,0.981,0.06797972032427788,0.0607578050820739,231942,0.013625577300910963,231560,0.013597328244274842,0.0,0.0,0,0,0,0.33057234599255025,0.981,0.06075780616836855,0.3184556510532275,234752,235146,"[0.9918367346938776, 0.9911894273127754, 0.9835271317829457, 0.9772277227722772, 0.9806517311608961, 0.9831838565022422, 0.9822546972860126, 0.9824902723735408, 0.9702258726899384, 0.9663032705649157]","[0.9890764647467726, 0.986351228389445, 0.9850894632206759, 0.97953216374269, 0.9825819672131147, 0.9832775919732442, 0.984646878198567, 0.9872549019607844, 0.9683673469387755, 0.9703557312252964]",batch,both
MNIST,small,43,10,a2,layerwise,random,baseline,0,0.1,3,0.9831,0.9813,0.06734404579550028,0.060947259844397195,231942,0.013625577300910963,231560,0.013597328244274842,0.0,0.0,0,0,0,0.3090049100574106,0.9813,0.060947261261497625,0.31647721491754055,234752,235146,"[0.9908163265306122, 0.9920704845814978, 0.9844961240310077, 0.9801980198019802, 0.9796334012219959, 0.984304932735426, 0.9822546972860126, 0.980544747081712, 0.9681724845995893, 0.9692765113974232]","[0.9870903674280039, 0.9881710646041856, 0.9870775347912525, 0.9853801169590644, 0.9836065573770492, 0.9832775919732442, 0.9877175025588536, 0.9862745098039216, 0.9663265306122449, 0.9752964426877471]",batch,both
MNIST,small,43,10,a2,layerwise,random,baseline,0,0.1,5,0.9829,0.9824,0.06604247485604137,0.059378178315935656,231942,0.013625577300910963,231560,0.013597328244274842,0.0,0.0,0,0,0,0.3380982889793813,0.9824,0.05937817721995525,0.32821373199112713,234752,235146,"[0.9908163265306122, 0.9929515418502203, 0.9825581395348837, 0.9782178217821782, 0.9806517311608961, 0.9854260089686099, 0.9822546972860126, 0.980544747081712, 0.973305954825462, 0.9762140733399405]","[0.9880834160873883, 0.986351228389445, 0.9870775347912525, 0.9814814814814815, 0.9815573770491803, 0.9810479375696767, 0.9877175025588536, 0.9872549019607844, 0.9714285714285714, 0.9762845849802372]",batch,both
MNIST,small,43,10,a2,layerwise,random,baseline,0,0.2,0,0.9766,0.9763,0.08190350085496903,0.07356530336774886,228471,0.028386619376897793,228102,0.028327767175572505,0.0,0.0,0,0,0,0.32968691003043205,0.9763,0.07356530332602561,0.3264559630770236,234752,235146,"[0.9897959183673469, 0.9894273127753304, 0.9757751937984496, 0.9732673267326732, 0.9867617107942973, 0.9742152466367713, 0.9843423799582464, 0.958171206225681, 0.9702258726899384, 0.9603567888999008]","[0.9890764647467726, 0.9836214740673339, 0.9791252485089463, 0.9736842105263158, 0.9877049180327869, 0.9765886287625418, 0.9907881269191402, 0.9745098039215686, 0.9642857142857143, 0.9466403162055336]",batch,both
MNIST,small,43,10,a2,layerwise,random,baseline,0,0.2,1,0.9811,0.9807,0.0680421288229525,0.059749536194547544,228471,0.028386619376897793,228102,0.028327767175572505,0.0,0.0,0,0,0,0.31906913104467094,0.9807,0.05974953688745154,0.31958086392842233,234752,235146,"[0.9928571428571429, 0.9920704845814978, 0.9806201550387597, 0.9772277227722772, 0.9806517311608961, 0.9831838565022422, 0.9801670146137788, 0.9776264591439688, 0.9661190965092402, 0.9752229930624381]","[0.9890764647467726, 0.986351228389445, 0.9831013916500994, 0.9766081871345029, 0.9825819672131147, 0.9821627647714605, 0.984646878198567, 0.9852941176470589, 0.963265306122449, 0.9772727272727273]",batch,both
MNIST,small,43,10,a2,layerwise,random,baseline,0,0.2,3,0.9826,0.9822,0.06419309684708714,0.057462803070590596,228471,0.028386619376897793,228102,0.028327767175572505,0.0,0.0,0,0,0,0.32031783496495336,0.9822,0.05746280155402492,0.32589887408539653,234752,235146,"[0.9918367346938776, 0.9929515418502203, 0.9825581395348837, 0.9792079207920792, 0.9816700610997964, 0.9798206278026906, 0.9791231732776617, 0.980544747081712, 0.973305954825462, 0.979187314172448]","[0.9880834160873883, 0.986351228389445, 0.9860834990059643, 0.97953216374269, 0.9846311475409836, 0.9810479375696767, 0.9856704196519959, 0.9852941176470589, 0.9724489795918367, 0.9762845849802372]",batch,both
MNIST,small,43,10,a2,layerwise,random,baseline,0,0.2,5,0.983,0.9824,0.06470454693436622,0.05894173243629048,228471,0.028386619376897793,228102,0.028327767175572505,0.0,0.0,0,0,0,0.3109024439472705,0.9824,0.05894173201607773,0.3305156489368528,234752,235146,"[0.9908163265306122, 0.9938325991189427, 0.9815891472868217, 0.9772277227722772, 0.9806517311608961, 0.984304932735426, 0.9832985386221295, 0.9795719844357976, 0.973305954825462, 0.9781962338949455]","[0.9880834160873883, 0.9854413102820746, 0.9840954274353877, 0.9785575048732943, 0.9836065573770492, 0.9855072463768116, 0.9856704196519959, 0.9833333333333333, 0.9744897959183674, 0.9812252964426877]",batch,both
MNIST,small,43,10,a2,layerwise,random,baseline,0,0.3,0,0.975,0.9745,0.08889480085968972,0.08327334737479687,225000,0.04314766145288462,224644,0.04305820610687028,0.0,0.0,0,0,0,0.33533062401693314,0.9745,0.08327334699928761,0.32360969204455614,234752,235146,"[0.9908163265306122, 0.9911894273127754, 0.9622093023255814, 0.9693069306930693, 0.9887983706720977, 0.9786995515695067, 0.9864300626304802, 0.9513618677042801, 0.9753593429158111, 0.9514370664023786]","[0.9920556107249255, 0.9808917197452229, 0.9721669980119284, 0.9610136452241715, 0.992827868852459, 0.979933110367893, 0.9897645854657113, 0.9696078431372549, 0.9704081632653061, 0.9426877470355731]",batch,both
MNIST,small,43,10,a2,layerwise,random,baseline,0,0.3,1,0.9819,0.9798,0.06417885489687324,0.0587613790397998,225000,0.04314766145288462,224644,0.04305820610687028,0.0,0.0,0,0,0,0.3581279820064083,0.9798,0.05876137872687541,0.3886840050108731,234752,235146,"[0.9918367346938776, 0.9903083700440528, 0.9796511627906976, 0.9801980198019802, 0.9806517311608961, 0.9753363228699552, 0.9822546972860126, 0.9747081712062257, 0.971252566735113, 0.9702675916749257]","[0.9910625620655412, 0.986351228389445, 0.9850894632206759, 0.9785575048732943, 0.9846311475409836, 0.9765886287625418, 0.9866939611054247, 0.9852941176470589, 0.9704081632653061, 0.9733201581027668]",batch,both
MNIST,small,43,10,a2,layerwise,random,baseline,0,0.3,3,0.9823,0.9812,0.0641690318401903,0.05657203907399671,225000,0.04314766145288462,224644,0.04305820610687028,0.0,0.0,0,0,0,0.39045820792671293,0.9812,0.056572039367549586,0.39529836003202945,234752,235146,"[0.9908163265306122, 0.9920704845814978, 0.9825581395348837, 0.9772277227722772, 0.9775967413441955, 0.9820627802690582, 0.9843423799582464, 0.9815175097276264, 0.973305954825462, 0.9692765113974232]","[0.9870903674280039, 0.9881710646041856, 0.9831013916500994, 0.9756335282651072, 0.9846311475409836, 0.9821627647714605, 0.9877175025588536, 0.9862745098039216, 0.9724489795918367, 0.9752964426877471]",batch,both
MNIST,small,43,10,a2,layerwise,random,baseline,0,0.3,5,0.9822,0.9815,0.06426456165686249,0.05675131911723875,225000,0.04314766145288462,224644,0.04305820610687028,0.0,0.0,0,0,0,0.3812689590267837,0.9815,0.05675131864021532,0.4181767540285364,234752,235146,"[0.9918367346938776, 0.9929515418502203, 0.9825581395348837, 0.9792079207920792, 0.9775967413441955, 0.9809417040358744, 0.9822546972860126, 0.9776264591439688, 0.9743326488706365, 0.9742319127849356]","[0.9870903674280039, 0.986351228389445, 0.9850894632206759, 0.9736842105263158, 0.9836065573770492, 0.9821627647714605, 0.9836233367451381, 0.984313725490196, 0.976530612244898, 0.9792490118577075]",batch,both
MNIST,small,43,10,a2,layerwise,random,baseline,0,0.4,0,0.9727,0.9719,0.10007668678760528,0.09663573479950428,221529,0.05790870352887145,221186,0.05778864503816794,0.0,0.0,0,0,0,0.31373497494496405,0.9719,0.09663573637455702,0.3274221899919212,234752,235146,"[0.9908163265306122, 0.9894273127753304, 0.9525193798449613, 0.9712871287128713, 0.9877800407331976, 0.968609865470852, 0.9853862212943633, 0.9426070038910506, 0.9784394250513347, 0.9524281466798811]","[0.9910625620655412, 0.9854413102820746, 0.9572564612326043, 0.9649122807017544, 0.9938524590163934, 0.9710144927536232, 0.9887410440122825, 0.9627450980392157, 0.9724489795918367, 0.9397233201581028]",batch,both
MNIST,small,43,10,a2,layerwise,random,baseline,0,0.4,1,0.9814,0.9801,0.06664362124204636,0.05858796887397766,221529,0.05790870352887145,221186,0.05778864503816794,0.0,0.0,0,0,0,0.30068780097644776,0.9801,0.058587970216572284,0.3273823520867154,234752,235146,"[0.9908163265306122, 0.9903083700440528, 0.9825581395348837, 0.9811881188118812, 0.9806517311608961, 0.9809417040358744, 0.9822546972860126, 0.9785992217898832, 0.9620123203285421, 0.9702675916749257]","[0.9890764647467726, 0.986351228389445, 0.9870775347912525, 0.9785575048732943, 0.9836065573770492, 0.9832775919732442, 0.9836233367451381, 0.9852941176470589, 0.9612244897959183, 0.9752964426877471]",batch,both
MNIST,small,43,10,a2,layerwise,random,baseline,0,0.4,3,0.9819,0.9805,0.0657085175819695,0.056904136884212496,221529,0.05790870352887145,221186,0.05778864503816794,0.0,0.0,0,0,0,0.3376511790556833,0.9805,0.056904137241095304,0.31175932998303324,234752,235146,"[0.9908163265306122, 0.9911894273127754, 0.9786821705426356, 0.9801980198019802, 0.9796334012219959, 0.9786995515695067, 0.9853862212943633, 0.9747081712062257, 0.9722792607802875, 0.9722497522299306]","[0.9880834160873883, 0.9854413102820746, 0.9801192842942346, 0.97953216374269, 0.9836065573770492, 0.979933110367893, 0.9877175025588536, 0.9852941176470589, 0.9724489795918367, 0.9762845849802372]",batch,both
MNIST,small,43,10,a2,layerwise,random,baseline,0,0.4,5,0.9824,0.9816,0.06451946760863066,0.05680461368953111,221529,0.05790870352887145,221186,0.05778864503816794,0.0,0.0,0,0,0,0.3094553879927844,0.9816,0.056804616156790874,0.3107853119727224,234752,235146,"[0.9918367346938776, 0.9920704845814978, 0.9796511627906976, 0.9831683168316832, 0.9796334012219959, 0.9809417040358744, 0.9832985386221295, 0.97568093385214, 0.973305954825462, 0.9752229930624381]","[0.9880834160873883, 0.9872611464968153, 0.9840954274353877, 0.9805068226120858, 0.9825819672131147, 0.9810479375696767, 0.984646878198567, 0.9852941176470589, 0.9714285714285714, 0.9782608695652174]",batch,both
MNIST,small,43,10,a2,layerwise,random,baseline,0,0.5,0,0.9704,0.9701,0.12744680135250092,0.12314116333425044,218058,0.07266974560485828,217728,0.0725190839694656,0.0,0.0,0,0,0,0.3343746929895133,0.9701,0.12314116205871105,0.32082509307656437,234752,235146,"[0.9908163265306122, 0.9876651982378855, 0.9476744186046512, 0.9653465346534653, 0.9877800407331976, 0.9674887892376681, 0.9853862212943633, 0.9416342412451362, 0.9794661190965093, 0.9484638255698712]","[0.9910625620655412, 0.986351228389445, 0.9502982107355865, 0.9571150097465887, 0.9918032786885246, 0.9687848383500557, 0.9887410440122825, 0.9588235294117647, 0.9744897959183674, 0.9367588932806324]",batch,both
MNIST,small,43,10,a2,layerwise,random,baseline,0,0.5,1,0.9809,0.9798,0.06675116688385606,0.06114188893577084,218058,0.07266974560485828,217728,0.0725190839694656,0.0,0.0,0,0,0,0.3316489510471001,0.9798,0.06114189035734162,0.3118711189599708,234752,235146,"[0.9908163265306122, 0.9903083700440528, 0.9806201550387597, 0.9811881188118812, 0.9806517311608961, 0.9809417040358744, 0.9801670146137788, 0.9747081712062257, 0.9661190965092402, 0.9712586719524281]","[0.9880834160873883, 0.9854413102820746, 0.9840954274353877, 0.9766081871345029, 0.9825819672131147, 0.9810479375696767, 0.9877175025588536, 0.984313725490196, 0.9653061224489796, 0.9733201581027668]",batch,both
MNIST,small,43,10,a2,layerwise,random,baseline,0,0.5,3,0.9812,0.9808,0.06684118800014258,0.05967678394971881,218058,0.07266974560485828,217728,0.0725190839694656,0.0,0.0,0,0,0,0.32330299401655793,0.9808,0.05967678385584149,0.33437679102644324,234752,235146,"[0.9897959183673469, 0.9903083700440528, 0.9786821705426356, 0.9811881188118812, 0.9775967413441955, 0.9798206278026906, 0.9832985386221295, 0.9776264591439688, 0.973305954825462, 0.9752229930624381]","[0.9870903674280039, 0.9845313921747043, 0.9821073558648111, 0.9766081871345029, 0.9825819672131147, 0.979933110367893, 0.9897645854657113, 0.9852941176470589, 0.9663265306122449, 0.9772727272727273]",batch,both
MNIST,small,43,10,a2,layerwise,random,baseline,0,0.5,5,0.9812,0.9813,0.0657674822539091,0.05899437236404046,218058,0.07266974560485828,217728,0.0725190839694656,0.0,0.0,0,0,0,0.31698844698257744,0.9813,0.05899437254955992,0.31132120301481336,234752,235146,"[0.9908163265306122, 0.9920704845814978, 0.9815891472868217, 0.9821782178217822, 0.9786150712830958, 0.9786995515695067, 0.9832985386221295, 0.97568093385214, 0.9702258726899384, 0.9781962338949455]","[0.9880834160873883, 0.9854413102820746, 0.9850894632206759, 0.9766081871345029, 0.9815573770491803, 0.9810479375696767, 0.9866939611054247, 0.9852941176470589, 0.9683673469387755, 0.9733201581027668]",batch,both
MNIST,small,43,10,a2,layerwise,random,baseline,0,0.7,0,0.9453,0.9471,0.33283690757751466,0.33100797414779665,211383,0.10105636498175596,211078,0.10084685114503822,0.0,0.0,0,0,0,0.30961463204585016,0.9471,0.3310079735994339,0.3288805721094832,234752,235146,"[0.9908163265306122, 0.9691629955947136, 0.9622093023255814, 0.9227722772277228, 0.9837067209775967, 0.9596412556053812, 0.9874739039665971, 0.791828793774319, 0.971252566735113, 0.9385530227948464]","[0.9900695134061569, 0.9554140127388535, 0.9602385685884692, 0.9171539961013645, 0.9866803278688525, 0.955406911928651, 0.9897645854657113, 0.8049019607843138, 0.9673469387755103, 0.9318181818181818]",batch,both
MNIST,small,43,10,a2,layerwise,random,baseline,0,0.7,1,0.9779,0.9772,0.07795940104275942,0.07509868619218468,211383,0.10105636498175596,211078,0.10084685114503822,0.0,0.0,0,0,0,0.33912463404703885,0.9772,0.07509868696704507,0.32659319299273193,234752,235146,"[0.9908163265306122, 0.9885462555066079, 0.9796511627906976, 0.9782178217821782, 0.9745417515274949, 0.9742152466367713, 0.9801670146137788, 0.9727626459143969, 0.9661190965092402, 0.9653121902874133]","[0.9890764647467726, 0.9854413102820746, 0.9821073558648111, 0.969785575048733, 0.9774590163934426, 0.9754738015607581, 0.9866939611054247, 0.9784313725490196, 0.9653061224489796, 0.9683794466403162]",batch,both
MNIST,small,43,10,a2,layerwise,random,baseline,0,0.7,3,0.9786,0.979,0.0714816573947668,0.06752825068924576,211383,0.10105636498175596,211078,0.10084685114503822,0.0,0.0,0,0,0,0.3346794389653951,0.979,0.06752825115714223,0.3157693699467927,234752,235146,"[0.9908163265306122, 0.9885462555066079, 0.9786821705426356, 0.9762376237623762, 0.9755600814663951, 0.9809417040358744, 0.9843423799582464, 0.9747081712062257, 0.9691991786447639, 0.9702675916749257]","[0.9900695134061569, 0.986351228389445, 0.9811133200795229, 0.969785575048733, 0.9774590163934426, 0.9754738015607581, 0.9887410440122825, 0.9823529411764705, 0.963265306122449, 0.9703557312252964]",batch,both
MNIST,small,43,10,a2,layerwise,random,baseline,0,0.7,5,0.979,0.9802,0.06781212964653968,0.06419040781836957,211383,0.10105636498175596,211078,0.10084685114503822,0.0,0.0,0,0,0,0.31538289901800454,0.9802,0.06419040808137506,0.33831242099404335,234752,235146,"[0.9897959183673469, 0.9920704845814978, 0.9786821705426356, 0.9792079207920792, 0.9796334012219959, 0.9820627802690582, 0.9832985386221295, 0.9766536964980544, 0.9691991786447639, 0.9702675916749257]","[0.9860973187686196, 0.9845313921747043, 0.9821073558648111, 0.9756335282651072, 0.9784836065573771, 0.9777034559643255, 0.9856704196519959, 0.9833333333333333, 0.9622448979591837, 0.9733201581027668]",batch,both
MNIST,small,43,10,all,all,random,baseline,1,0.05,0,0.9769,0.9763,0.08438472649753094,0.0759129869199358,222660,0.05309892577377462,222284,0.05311136859323884,0.0,0.0,0,0,0,0.3136025189887732,0.9763,0.07591298333429732,0.3175981540698558,234752,235146,"[0.9918367346938776, 0.9894273127753304, 0.9748062015503876, 0.9683168316831683, 0.9816700610997964, 0.9775784753363229, 0.9874739039665971, 0.9649805447470817, 0.9650924024640657, 0.9613478691774033]","[0.9890764647467726, 0.9836214740673339, 0.9771371769383698, 0.9619883040935673, 0.9836065573770492, 0.979933110367893, 0.9938587512794268, 0.9794117647058823, 0.9591836734693877, 0.9614624505928854]",batch,both
MNIST,small,43,10,all,all,random,baseline,1,0.05,1,0.9823,0.9811,0.06695296963080764,0.0627009870067588,222660,0.05309892577377462,222284,0.05311136859323884,0.0,0.0,0,0,0,0.3309841399313882,0.9811,0.06270098843056476,0.32283880398608744,234752,235146,"[0.9918367346938776, 0.9929515418502203, 0.9796511627906976, 0.9782178217821782, 0.9806517311608961, 0.9809417040358744, 0.9832985386221295, 0.9766536964980544, 0.971252566735113, 0.9742319127849356]","[0.9880834160873883, 0.9872611464968153, 0.9840954274353877, 0.9814814814814815, 0.9825819672131147, 0.9832775919732442, 0.9887410440122825, 0.9852941176470589, 0.9663265306122449, 0.9752964426877471]",batch,both
MNIST,small,43,10,all,all,random,baseline,1,0.05,3,0.9817,0.9817,0.06688866614401341,0.06450747161734616,222660,0.05309892577377462,222284,0.05311136859323884,0.0,0.0,0,0,0,0.3182376220356673,0.9817,0.06450747230708366,0.3166653689695522,234752,235146,"[0.9928571428571429, 0.9929515418502203, 0.9806201550387597, 0.9811881188118812, 0.9786150712830958, 0.9809417040358744, 0.9832985386221295, 0.9766536964980544, 0.9702258726899384, 0.9781962338949455]","[0.9870903674280039, 0.9872611464968153, 0.9831013916500994, 0.9746588693957114, 0.9784836065573771, 0.9843924191750278, 0.9877175025588536, 0.9862745098039216, 0.9673469387755103, 0.9802371541501976]",batch,both
MNIST,small,43,10,all,all,random,baseline,1,0.05,5,0.9825,0.9815,0.06632582845427096,0.06491345559832407,222660,0.05309892577377462,222284,0.05311136859323884,0.0,0.0,0,0,0,0.3172622720012441,0.9815,0.06491345370438649,0.3190540720243007,234752,235146,"[0.9918367346938776, 0.9929515418502203, 0.9815891472868217, 0.9762376237623762, 0.9796334012219959, 0.9809417040358744, 0.9843423799582464, 0.9747081712062257, 0.971252566735113, 0.9801783944499505]","[0.9841112214498511, 0.9854413102820746, 0.9870775347912525, 0.9775828460038987, 0.9846311475409836, 0.9821627647714605, 0.9897645854657113, 0.9852941176470589, 0.9683673469387755, 0.9802371541501976]",batch,both
MNIST,small,43,10,all,all,random,baseline,1,0.1,0,0.9755,0.975,0.08487313120961189,0.07772969746664167,209417,0.10941712808212767,209060,0.10944315703380592,0.0,0.0,0,0,0,0.312082341988571,0.975,0.07772969929650426,0.31243351695593446,234752,235146,"[0.9857142857142858, 0.9859030837004406, 0.9728682170542635, 0.9653465346534653, 0.9755600814663951, 0.9809417040358744, 0.9864300626304802, 0.9562256809338522, 0.973305954825462, 0.9682854311199207]","[0.9811320754716981, 0.9836214740673339, 0.9721669980119284, 0.9541910331384016, 0.9805327868852459, 0.979933110367893, 0.9938587512794268, 0.9745098039215686, 0.9693877551020408, 0.9664031620553359]",batch,both
MNIST,small,43,10,all,all,random,baseline,1,0.1,1,0.9816,0.9809,0.06762716643810272,0.06563564562369138,209417,0.10941712808212767,209060,0.10944315703380592,0.0,0.0,0,0,0,0.3094536290736869,0.9809,0.06563564402256161,0.3137683479581028,234752,235146,"[0.9908163265306122, 0.9894273127753304, 0.9825581395348837, 0.9821782178217822, 0.9796334012219959, 0.9775784753363229, 0.9853862212943633, 0.9747081712062257, 0.971252566735113, 0.9742319127849356]","[0.9870903674280039, 0.9808917197452229, 0.9811133200795229, 0.9824561403508771, 0.9825819672131147, 0.979933110367893, 0.9887410440122825, 0.9852941176470589, 0.9724489795918367, 0.9752964426877471]",batch,both
MNIST,small,43,10,all,all,random,baseline,1,0.1,3,0.9823,0.9811,0.06724377821683884,0.06428097637628671,209417,0.10941712808212767,209060,0.10944315703380592,0.0,0.0,0,0,0,0.345863820053637,0.9811,0.0642809766161954,0.32587437599431723,234752,235146,"[0.9918367346938776, 0.9911894273127754, 0.9796511627906976, 0.9792079207920792, 0.9775967413441955, 0.9786995515695067, 0.9822546972860126, 0.9815175097276264, 0.9722792607802875, 0.9752229930624381]","[0.9890764647467726, 0.986351228389445, 0.9821073558648111, 0.9785575048732943, 0.9805327868852459, 0.979933110367893, 0.9887410440122825, 0.9862745098039216, 0.9734693877551021, 0.9772727272727273]",batch,both
MNIST,small,43,10,all,all,random,baseline,1,0.1,5,0.9826,0.9817,0.06669093951061368,0.06545100436059874,209417,0.10941712808212767,209060,0.10944315703380592,0.0,0.0,0,0,0,0.36512749397661537,0.9817,0.06545100438965601,0.3311029609758407,234752,235146,"[0.9918367346938776, 0.9903083700440528, 0.9806201550387597, 0.9801980198019802, 0.9796334012219959, 0.9809417040358744, 0.9843423799582464, 0.980544747081712, 0.9722792607802875, 0.9752229930624381]","[0.9880834160873883, 0.9881710646041856, 0.9821073558648111, 0.9785575048732943, 0.9836065573770492, 0.9810479375696767, 0.9887410440122825, 0.9862745098039216, 0.9744897959183674, 0.974308300395257]",batch,both
MNIST,small,43,10,all,all,random,baseline,1,0.2,0,0.9732,0.9725,0.09183557523488999,0.08670800594389438,183183,0.2209818580796612,182865,0.22102900081788446,0.0,0.0,0,0,0,0.3127843760885298,0.9725,0.08670800431072712,0.327895469032228,234752,235146,"[0.9857142857142858, 0.9850220264317181, 0.9699612403100775, 0.9534653465346534, 0.9663951120162932, 0.976457399103139, 0.988517745302714, 0.9552529182879378, 0.9722792607802875, 0.9722497522299306]","[0.9851042701092354, 0.9790718835304822, 0.9691848906560636, 0.9541910331384016, 0.9682377049180327, 0.9754738015607581, 0.9877175025588536, 0.9725490196078431, 0.9653061224489796, 0.9752964426877471]",batch,both
MNIST,small,43,10,all,all,random,baseline,1,0.2,1,0.9805,0.9805,0.06928420824110508,0.06422773074465804,183183,0.2209818580796612,182865,0.22102900081788446,0.0,0.0,0,0,0,0.32341931492555887,0.9805,0.06422773424345068,0.32442282093688846,234752,235146,"[0.9928571428571429, 0.9903083700440528, 0.9786821705426356, 0.9792079207920792, 0.9775967413441955, 0.9798206278026906, 0.9843423799582464, 0.9737354085603113, 0.973305954825462, 0.9742319127849356]","[0.9870903674280039, 0.9854413102820746, 0.9791252485089463, 0.9785575048732943, 0.9795081967213115, 0.9765886287625418, 0.9856704196519959, 0.9862745098039216, 0.9693877551020408, 0.9762845849802372]",batch,both
MNIST,small,43,10,all,all,random,baseline,1,0.2,3,0.9806,0.9809,0.0666714694686234,0.06342760409635957,183183,0.2209818580796612,182865,0.22102900081788446,0.0,0.0,0,0,0,0.31688436202239245,0.9809,0.06342760411647615,0.32474188797641546,234752,235146,"[0.9918367346938776, 0.9903083700440528, 0.9806201550387597, 0.9801980198019802, 0.9755600814663951, 0.9798206278026906, 0.9853862212943633, 0.9766536964980544, 0.971252566735113, 0.9762140733399405]","[0.9851042701092354, 0.9854413102820746, 0.9801192842942346, 0.9805068226120858, 0.9774590163934426, 0.9777034559643255, 0.9836233367451381, 0.9872549019607844, 0.9704081632653061, 0.9772727272727273]",batch,both
MNIST,small,43,10,all,all,random,baseline,1,0.2,5,0.9812,0.9805,0.06781588187217713,0.0651225692196982,183183,0.2209818580796612,182865,0.22102900081788446,0.0,0.0,0,0,0,0.3221051599830389,0.9805,0.06512256954603363,0.3150946639943868,234752,235146,"[0.9918367346938776, 0.9920704845814978, 0.9796511627906976, 0.9811881188118812, 0.9786150712830958, 0.976457399103139, 0.9843423799582464, 0.9815175097276264, 0.9691991786447639, 0.9682854311199207]","[0.9860973187686196, 0.986351228389445, 0.9821073558648111, 0.97953216374269, 0.985655737704918, 0.979933110367893, 0.9866939611054247, 0.9862745098039216, 0.9663265306122449, 0.9723320158102767]",batch,both
MNIST,small,43,10,all,all,random,baseline,1,0.3,0,0.9702,0.9698,0.11943066026568412,0.11668372605443,158500,0.32595068595680976,158220,0.3260121319520175,0.0,0.0,0,0,0,0.3114865799434483,0.9698,0.11668372167944908,0.3217719419626519,234752,235146,"[0.9673469387755103, 0.9894273127753304, 0.9796511627906976, 0.9495049504950495, 0.9643584521384929, 0.968609865470852, 0.988517745302714, 0.953307392996109, 0.9640657084188912, 0.9712586719524281]","[0.9751737835153923, 0.978161965423112, 0.9662027833001988, 0.9483430799220273, 0.9661885245901639, 0.9665551839464883, 0.9897645854657113, 0.9735294117647059, 0.9612244897959183, 0.9762845849802372]",batch,both
MNIST,small,43,10,all,all,random,baseline,1,0.3,1,0.9783,0.9782,0.07281852570772171,0.06772040779031813,158500,0.32595068595680976,158220,0.3260121319520175,0.0,0.0,0,0,0,0.33186234498862177,0.9782,0.06772040818817913,0.334142712992616,234752,235146,"[0.9918367346938776, 0.9920704845814978, 0.9767441860465116, 0.9801980198019802, 0.9755600814663951, 0.9786995515695067, 0.9780793319415448, 0.9717898832684825, 0.9671457905544147, 0.9682854311199207]","[0.9870903674280039, 0.9854413102820746, 0.9731610337972167, 0.97953216374269, 0.9784836065573771, 0.9777034559643255, 0.984646878198567, 0.9803921568627451, 0.9612244897959183, 0.974308300395257]",batch,both
MNIST,small,43,10,all,all,random,baseline,1,0.3,3,0.9799,0.9799,0.06988531285375357,0.06557715676454827,158500,0.32595068595680976,158220,0.3260121319520175,0.0,0.0,0,0,0,0.315379866049625,0.9799,0.06557715765712782,0.31658923195209354,234752,235146,"[0.9908163265306122, 0.9920704845814978, 0.9796511627906976, 0.9792079207920792, 0.9796334012219959, 0.9809417040358744, 0.9864300626304802, 0.9766536964980544, 0.9661190965092402, 0.9663032705649157]","[0.9841112214498511, 0.9872611464968153, 0.9831013916500994, 0.9766081871345029, 0.9784836065573771, 0.9777034559643255, 0.9866939611054247, 0.984313725490196, 0.9663265306122449, 0.9733201581027668]",batch,both
MNIST,small,43,10,all,all,random,baseline,1,0.3,5,0.9799,0.9814,0.06751275754719972,0.06347910997346043,158500,0.32595068595680976,158220,0.3260121319520175,0.0,0.0,0,0,0,0.31665588601026684,0.9814,0.06347911132313311,0.33114771998953074,234752,235146,"[0.9908163265306122, 0.9903083700440528, 0.9777131782945736, 0.9811881188118812, 0.9796334012219959, 0.9809417040358744, 0.9843423799582464, 0.9824902723735408, 0.9722792607802875, 0.9732408325074331]","[0.9851042701092354, 0.986351228389445, 0.9771371769383698, 0.97953216374269, 0.9795081967213115, 0.9765886287625418, 0.9856704196519959, 0.9872549019607844, 0.9673469387755103, 0.9733201581027668]",batch,both
MNIST,small,43,10,all,all,random,baseline,1,0.4,0,0.9583,0.9552,0.20349286868572236,0.20105100140571594,133605,0.43182108137072284,133364,0.4318940839694656,0.0,0.0,0,0,0,0.3121594610856846,0.9552,0.20105100240707396,0.32412551005836576,234752,235146,"[0.9612244897959183, 0.9876651982378855, 0.9689922480620154, 0.9277227722772278, 0.960285132382892, 0.9573991031390134, 0.9853862212943633, 0.8745136186770428, 0.9630390143737166, 0.9653121902874133]","[0.9602780536246276, 0.9808917197452229, 0.9622266401590457, 0.9337231968810916, 0.9620901639344263, 0.9576365663322185, 0.9825997952917093, 0.9117647058823529, 0.9673469387755103, 0.9644268774703557]",batch,both
MNIST,small,43,10,all,all,random,baseline,1,0.4,1,0.9752,0.9757,0.08276290246844292,0.07680471429415048,133605,0.43182108137072284,133364,0.4318940839694656,0.0,0.0,0,0,0,0.30582330899778754,0.9757,0.07680470996387302,0.3277230670209974,234752,235146,"[0.9908163265306122, 0.9911894273127754, 0.9728682170542635, 0.9752475247524752, 0.9735234215885947, 0.9730941704035875, 0.9801670146137788, 0.9727626459143969, 0.9640657084188912, 0.9613478691774033]","[0.9831181727904668, 0.9854413102820746, 0.9711729622266402, 0.9736842105263158, 0.9784836065573771, 0.9721293199554069, 0.9836233367451381, 0.9735294117647059, 0.9622448979591837, 0.967391304347826]",batch,both
MNIST,small,43,10,all,all,random,baseline,1,0.4,3,0.9767,0.9769,0.07617297971844673,0.07038010725080968,133605,0.43182108137072284,133364,0.4318940839694656,0.0,0.0,0,0,0,0.3166793780401349,0.9769,0.07038010702431202,0.3108765729703009,234752,235146,"[0.9908163265306122, 0.9911894273127754, 0.9699612403100775, 0.9752475247524752, 0.9755600814663951, 0.976457399103139, 0.9843423799582464, 0.9737354085603113, 0.9650924024640657, 0.9653121902874133]","[0.9851042701092354, 0.9845313921747043, 0.974155069582505, 0.9717348927875243, 0.9805327868852459, 0.9765886287625418, 0.9856704196519959, 0.9784313725490196, 0.9581632653061225, 0.9713438735177866]",batch,both
MNIST,small,43,10,all,all,random,baseline,1,0.4,5,0.978,0.9778,0.07438115530014038,0.06827730025928468,133605,0.43182108137072284,133364,0.4318940839694656,0.0,0.0,0,0,0,0.3446556740673259,0.9778,0.0682773036679253,0.32121058693155646,234752,235146,"[0.9908163265306122, 0.9903083700440528, 0.9718992248062015, 0.9782178217821782, 0.9765784114052953, 0.9775784753363229, 0.9832985386221295, 0.9766536964980544, 0.9640657084188912, 0.9672943508424182]","[0.9860973187686196, 0.9854413102820746, 0.9791252485089463, 0.9766081871345029, 0.9784836065573771, 0.9765886287625418, 0.9856704196519959, 0.9833333333333333, 0.9571428571428572, 0.9703557312252964]",batch,both
MNIST,small,43,10,all,all,random,baseline,1,0.5,0,0.9052,0.9059,0.4433998206138611,0.43029903044700624,109386,0.5348166670919343,109184,0.534896401308615,0.0,0.0,0,0,0,0.3111638859845698,0.9059,0.43029902691841126,0.32598930690437555,234752,235146,"[0.9316326530612244, 0.9788546255506608, 0.9408914728682171, 0.6683168316831684, 0.9256619144602851, 0.9327354260089686, 0.9822546972860126, 0.806420233463035, 0.9784394250513347, 0.9167492566897919]","[0.9314796425024826, 0.9754322111010009, 0.9304174950298211, 0.6617933723196882, 0.9282786885245902, 0.9096989966555183, 0.984646878198567, 0.8313725490196079, 0.9724489795918367, 0.9308300395256917]",batch,both
MNIST,small,43,10,all,all,random,baseline,1,0.5,1,0.9687,0.9721,0.10295934047698975,0.094804716463387,109386,0.5348166670919343,109184,0.534896401308615,0.0,0.0,0,0,0,0.3254112579161301,0.9721,0.09480471738725901,0.324523339048028,234752,235146,"[0.9897959183673469, 0.9903083700440528, 0.9641472868217055, 0.9772277227722772, 0.9704684317718941, 0.9697309417040358, 0.975991649269311, 0.9678988326848249, 0.9548254620123203, 0.958374628344896]","[0.9821251241310824, 0.9854413102820746, 0.9662027833001988, 0.9717348927875243, 0.9713114754098361, 0.9620958751393534, 0.9744114636642784, 0.9715686274509804, 0.9418367346938775, 0.9575098814229249]",batch,both
MNIST,small,43,10,all,all,random,baseline,1,0.5,3,0.9728,0.9748,0.08662258725762367,0.07921214192509651,109386,0.5348166670919343,109184,0.534896401308615,0.0,0.0,0,0,0,0.3191001130035147,0.9748,0.0792121387720108,0.3160199080593884,234752,235146,"[0.9887755102040816, 0.9903083700440528, 0.9718992248062015, 0.9792079207920792, 0.9725050916496945, 0.9730941704035875, 0.9749478079331941, 0.9737354085603113, 0.9620123203285421, 0.9593657086223984]","[0.9831181727904668, 0.9854413102820746, 0.9751491053677932, 0.9727095516569201, 0.9764344262295082, 0.967670011148272, 0.9785056294779939, 0.9774509803921568, 0.95, 0.9594861660079052]",batch,both
MNIST,small,43,10,all,all,random,baseline,1,0.5,5,0.9756,0.9771,0.0809385164141655,0.07404536177497358,109386,0.5348166670919343,109184,0.534896401308615,0.0,0.0,0,0,0,0.32023865391965955,0.9771,0.07404536001067609,0.322859165025875,234752,235146,"[0.9908163265306122, 0.9894273127753304, 0.9718992248062015, 0.9801980198019802, 0.9704684317718941, 0.9742152466367713, 0.9801670146137788, 0.9776264591439688, 0.9671457905544147, 0.9672943508424182]","[0.9851042701092354, 0.986351228389445, 0.9751491053677932, 0.9746588693957114, 0.9754098360655737, 0.9721293199554069, 0.9825997952917093, 0.9823529411764705, 0.95, 0.9703557312252964]",batch,both
MNIST,small,43,10,all,all,random,baseline,1,0.7,0,0.6039,0.6087,1.3495771644592285,1.3369066843032837,63887,0.728309220654402,63761,0.7283899604689203,0.0,0.0,0,0,0,0.3219458720413968,0.6087,1.3369066751480103,0.31995902489870787,234752,235146,"[0.9081632653061225, 0.5929515418502203, 0.6182170542635659, 0.4188118811881188, 0.8971486761710794, 0.19170403587443946, 0.44676409185803756, 0.36284046692607, 0.9948665297741273, 0.6352824578790882]","[0.9155908639523337, 0.5914467697907189, 0.6232604373757455, 0.3645224171539961, 0.9057377049180327, 0.1794871794871795, 0.428863868986694, 0.43529411764705883, 0.9908163265306122, 0.5800395256916996]",batch,both
MNIST,small,43,10,all,all,random,baseline,1,0.7,1,0.9465,0.9486,0.2144443625688553,0.20261297733783723,63887,0.728309220654402,63761,0.7283899604689203,0.0,0.0,0,0,0,0.334743237006478,0.9486,0.20261297322511673,0.32094817503821105,234752,235146,"[0.9887755102040816, 0.9903083700440528, 0.9263565891472868, 0.9504950495049505, 0.9419551934826884, 0.9349775784753364, 0.9665970772442589, 0.9289883268482491, 0.9209445585215605, 0.931615460852329]","[0.9751737835153923, 0.989080982711556, 0.9224652087475149, 0.9444444444444444, 0.9487704918032787, 0.9386845039018952, 0.9764585465711362, 0.9450980392156862, 0.9030612244897959, 0.9169960474308301]",batch,both
MNIST,small,43,10,all,all,random,baseline,1,0.7,3,0.9587,0.9582,0.14703287109732627,0.13781787466406822,63887,0.728309220654402,63761,0.7283899604689203,0.0,0.0,0,0,0,0.34406731801573187,0.9582,0.13781787521243094,0.3312061249744147,234752,235146,"[0.9887755102040816, 0.9903083700440528, 0.9408914728682171, 0.9564356435643564, 0.9470468431771895, 0.9473094170403588, 0.9749478079331941, 0.9474708171206225, 0.9383983572895277, 0.9464816650148662]","[0.9751737835153923, 0.986351228389445, 0.9493041749502982, 0.9541910331384016, 0.9579918032786885, 0.9487179487179487, 0.9795291709314228, 0.9696078431372549, 0.9214285714285714, 0.9407114624505929]",batch,both
MNIST,small,43,10,all,all,random,baseline,1,0.7,5,0.9616,0.9646,0.12802672966718673,0.12006864811480045,63887,0.728309220654402,63761,0.7283899604689203,0.0,0.0,0,0,0,0.3252111879410222,0.9646,0.12006864649057389,0.33689219097141176,234752,235146,"[0.9897959183673469, 0.9903083700440528, 0.9525193798449613, 0.9613861386138614, 0.9541751527494908, 0.9641255605381166, 0.975991649269311, 0.9640077821011673, 0.9404517453798767, 0.9504459861248761]","[0.9781529294935452, 0.9827115559599636, 0.9542743538767395, 0.9571150097465887, 0.9579918032786885, 0.959866220735786, 0.9785056294779939, 0.9745098039215686, 0.9204081632653062, 0.9496047430830039]",batch,both
MNIST,small,43,10,a1,layerwise,random,baseline,1,0.05,0,0.9769,0.9768,0.08547957853376865,0.0761683817312587,224190,0.04659232987165418,223808,0.04661941112322787,0.0,0.0,0,0,0,0.32106719200965017,0.9768,0.07616838194881566,0.3433725070208311,234752,235146,"[0.9908163265306122, 0.9903083700440528, 0.9777131782945736, 0.9702970297029703, 0.9826883910386965, 0.9775784753363229, 0.9874739039665971, 0.9630350194552529, 0.9599589322381931, 0.9672943508424182]","[0.9880834160873883, 0.9845313921747043, 0.9781312127236581, 0.9649122807017544, 0.9836065573770492, 0.979933110367893, 0.9938587512794268, 0.9784313725490196, 0.9561224489795919, 0.9614624505928854]",batch,both
MNIST,small,43,10,a1,layerwise,random,baseline,1,0.05,1,0.982,0.9813,0.06907081183046103,0.06387739377803518,224190,0.04659232987165418,223808,0.04661941112322787,0.0,0.0,0,0,0,0.31797751504927874,0.9813,0.06387739463634207,0.32034773600753397,234752,235146,"[0.9918367346938776, 0.9929515418502203, 0.9796511627906976, 0.9841584158415841, 0.9796334012219959, 0.9798206278026906, 0.9822546972860126, 0.9747081712062257, 0.9691991786447639, 0.977205153617443]","[0.9900695134061569, 0.9881710646041856, 0.9831013916500994, 0.9814814814814815, 0.9825819672131147, 0.9821627647714605, 0.9856704196519959, 0.9852941176470589, 0.9663265306122449, 0.974308300395257]",batch,both
MNIST,small,43,10,a1,layerwise,random,baseline,1,0.05,3,0.9832,0.9814,0.06578391342274845,0.06381878298376686,224190,0.04659232987165418,223808,0.04661941112322787,0.0,0.0,0,0,0,0.3187264599837363,0.9814,0.06381878346805461,0.31977830501273274,234752,235146,"[0.9908163265306122, 0.9920704845814978, 0.9806201550387597, 0.9811881188118812, 0.9786150712830958, 0.9775784753363229, 0.9832985386221295, 0.9766536964980544, 0.9722792607802875, 0.979187314172448]","[0.9910625620655412, 0.989080982711556, 0.9840954274353877, 0.9814814814814815, 0.9836065573770492, 0.9821627647714605, 0.9866939611054247, 0.9852941176470589, 0.9683673469387755, 0.9792490118577075]",batch,both
MNIST,small,43,10,a1,layerwise,random,baseline,1,0.05,5,0.9827,0.9819,0.0664869841452688,0.06419383513616049,224190,0.04659232987165418,223808,0.04661941112322787,0.0,0.0,0,0,0,0.31202688394114375,0.9819,0.0641938358037325,0.3259006349835545,234752,235146,"[0.9918367346938776, 0.9920704845814978, 0.9815891472868217, 0.9841584158415841, 0.9806517311608961, 0.9786995515695067, 0.9843423799582464, 0.980544747081712, 0.9691991786447639, 0.9742319127849356]","[0.9860973187686196, 0.986351228389445, 0.9850894632206759, 0.9834307992202729, 0.9846311475409836, 0.9832775919732442, 0.9887410440122825, 0.9852941176470589, 0.9683673469387755, 0.9752964426877471]",batch,both
MNIST,small,43,10,a1,layerwise,random,baseline,1,0.1,0,0.9758,0.976,0.08669254518151283,0.07897209392460063,212321,0.09706735389927956,211952,0.09712377317339149,0.0,0.0,0,0,0,0.3107617190107703,0.976,0.07897209585579112,0.31810343102551997,234752,235146,"[0.9897959183673469, 0.986784140969163, 0.9777131782945736, 0.9712871287128713, 0.9806517311608961, 0.9786995515695067, 0.9874739039665971, 0.9571984435797666, 0.9640657084188912, 0.9663032705649157]","[0.9851042701092354, 0.9827115559599636, 0.9771371769383698, 0.9600389863547758, 0.9815573770491803, 0.9788182831661093, 0.9928352098259979, 0.9745098039215686, 0.963265306122449, 0.9624505928853755]",batch,both
MNIST,small,43,10,a1,layerwise,random,baseline,1,0.1,1,0.9818,0.9804,0.0687394530992955,0.06373803582089022,212321,0.09706735389927956,211952,0.09712377317339149,0.0,0.0,0,0,0,0.34245017799548805,0.9804,0.06373803570764139,0.31879247806500643,234752,235146,"[0.9908163265306122, 0.9929515418502203, 0.9786821705426356, 0.9792079207920792, 0.9796334012219959, 0.9798206278026906, 0.9832985386221295, 0.9795719844357976, 0.9681724845995893, 0.9702675916749257]","[0.9880834160873883, 0.986351228389445, 0.9821073558648111, 0.9814814814814815, 0.9825819672131147, 0.9810479375696767, 0.9887410440122825, 0.9852941176470589, 0.9714285714285714, 0.9703557312252964]",batch,both
MNIST,small,43,10,a1,layerwise,random,baseline,1,0.1,3,0.9821,0.9814,0.06890327733792365,0.06445077540571802,212321,0.09706735389927956,211952,0.09712377317339149,0.0,0.0,0,0,0,0.3174212910234928,0.9814,0.06445077672298066,0.31719500198960304,234752,235146,"[0.9897959183673469, 0.9920704845814978, 0.9825581395348837, 0.9792079207920792, 0.9796334012219959, 0.9831838565022422, 0.9874739039665971, 0.9785992217898832, 0.9681724845995893, 0.9722497522299306]","[0.9860973187686196, 0.9881710646041856, 0.9840954274353877, 0.97953216374269, 0.9825819672131147, 0.9810479375696767, 0.9887410440122825, 0.9852941176470589, 0.9704081632653061, 0.974308300395257]",batch,both
MNIST,small,43,10,a1,layerwise,random,baseline,1,0.1,5,0.982,0.9805,0.06793085690587759,0.06542514893591579,212321,0.09706735389927956,211952,0.09712377317339149,0.0,0.0,0,0,0,0.3083636899245903,0.9805,0.06542515138119634,0.31063295202329755,234752,235146,"[0.9908163265306122, 0.9920704845814978, 0.9796511627906976, 0.9801980198019802, 0.9775967413441955, 0.9775784753363229, 0.9832985386221295, 0.980544747081712, 0.9691991786447639, 0.9722497522299306]","[0.9880834160873883, 0.9899909008189263, 0.9821073558648111, 0.9805068226120858, 0.9815573770491803, 0.979933110367893, 0.9877175025588536, 0.9862745098039216, 0.9683673469387755, 0.974308300395257]",batch,both
MNIST,small,43,10,a1,layerwise,random,baseline,1,0.2,0,0.9744,0.9743,0.08896465465724468,0.08206120133809745,188583,0.19801740195453033,188240,0.19813249727371862,0.0,0.0,0,0,0,0.29932125099003315,0.9743,0.08206120132319629,0.31098496401682496,234752,235146,"[0.986734693877551, 0.986784140969163, 0.9748062015503876, 0.9663366336633663, 0.9755600814663951, 0.9708520179372198, 0.9853862212943633, 0.9552529182879378, 0.973305954825462, 0.9672943508424182]","[0.9860973187686196, 0.9790718835304822, 0.9721669980119284, 0.9580896686159844, 0.9784836065573771, 0.9754738015607581, 0.9887410440122825, 0.9735294117647059, 0.9653061224489796, 0.967391304347826]",batch,both
MNIST,small,43,10,a1,layerwise,random,baseline,1,0.2,1,0.9812,0.9802,0.06870554604753852,0.06611683759542648,188583,0.19801740195453033,188240,0.19813249727371862,0.0,0.0,0,0,0,0.3306784180458635,0.9802,0.06611683357807342,0.3409673230489716,234752,235146,"[0.9918367346938776, 0.9903083700440528, 0.9777131782945736, 0.9821782178217822, 0.9745417515274949, 0.9753363228699552, 0.9832985386221295, 0.9785992217898832, 0.9743326488706365, 0.9722497522299306]","[0.9890764647467726, 0.9854413102820746, 0.9791252485089463, 0.9834307992202729, 0.9795081967213115, 0.9754738015607581, 0.9856704196519959, 0.9862745098039216, 0.9704081632653061, 0.9762845849802372]",batch,both
MNIST,small,43,10,a1,layerwise,random,baseline,1,0.2,3,0.9808,0.981,0.06778577691093088,0.06399464996028692,188583,0.19801740195453033,188240,0.19813249727371862,0.0,0.0,0,0,0,0.32215319806709886,0.981,0.0639946541743353,0.3446375629864633,234752,235146,"[0.9908163265306122, 0.9911894273127754, 0.9786821705426356, 0.9782178217821782, 0.9745417515274949, 0.9786995515695067, 0.9853862212943633, 0.9834630350194552, 0.9753593429158111, 0.9722497522299306]","[0.9880834160873883, 0.986351228389445, 0.9821073558648111, 0.9766081871345029, 0.9795081967213115, 0.9810479375696767, 0.9856704196519959, 0.984313725490196, 0.9714285714285714, 0.9723320158102767]",batch,both
MNIST,small,43,10,a1,layerwise,random,baseline,1,0.2,5,0.9813,0.9815,0.06788581000044942,0.06500037026111968,188583,0.19801740195453033,188240,0.19813249727371862,0.0,0.0,0,0,0,0.32170865789521486,0.9815,0.06500036825654097,0.31938604509923607,234752,235146,"[0.9918367346938776, 0.9911894273127754, 0.9825581395348837, 0.9772277227722772, 0.9775967413441955, 0.9775784753363229, 0.9864300626304802, 0.9824902723735408, 0.9722792607802875, 0.9742319127849356]","[0.9880834160873883, 0.986351228389445, 0.9811133200795229, 0.9805068226120858, 0.9836065573770492, 0.9788182831661093, 0.9866939611054247, 0.9872549019607844, 0.9683673469387755, 0.9713438735177866]",batch,both
MNIST,small,43,10,a1,layerwise,random,baseline,1,0.3,0,0.9718,0.9732,0.09440578368902207,0.0916106088321656,165758,0.29508475585381,165440,0.2952562704471101,0.0,0.0,0,0,0,0.31387674901634455,0.9732,0.09161060796789824,0.3183703779941425,234752,235146,"[0.9816326530612245, 0.9894273127753304, 0.9815891472868217, 0.9574257425742574, 0.9775967413441955, 0.9652466367713004, 0.9864300626304802, 0.9503891050583657, 0.973305954825462, 0.9672943508424182]","[0.9781529294935452, 0.9808917197452229, 0.9691848906560636, 0.9541910331384016, 0.9774590163934426, 0.9620958751393534, 0.9887410440122825, 0.9735294117647059, 0.9653061224489796, 0.967391304347826]",batch,both
MNIST,small,43,10,a1,layerwise,random,baseline,1,0.3,1,0.9793,0.9804,0.07108419467061758,0.06722196207656525,165758,0.29508475585381,165440,0.2952562704471101,0.0,0.0,0,0,0,0.3221099990187213,0.9804,0.06722196339978836,0.319536029943265,234752,235146,"[0.9887755102040816, 0.9920704845814978, 0.9806201550387597, 0.9811881188118812, 0.9775967413441955, 0.9798206278026906, 0.9832985386221295, 0.9795719844357976, 0.971252566735113, 0.9682854311199207]","[0.9851042701092354, 0.9881710646041856, 0.9761431411530815, 0.9756335282651072, 0.9825819672131147, 0.9732441471571907, 0.9856704196519959, 0.9862745098039216, 0.9653061224489796, 0.9733201581027668]",batch,both
MNIST,small,43,10,a1,layerwise,random,baseline,1,0.3,3,0.9806,0.9814,0.0699146945051849,0.06641301772813313,165758,0.29508475585381,165440,0.2952562704471101,0.0,0.0,0,0,0,0.313054267084226,0.9814,0.06641301916823722,0.33564448601100594,234752,235146,"[0.9897959183673469, 0.9903083700440528, 0.9844961240310077, 0.9782178217821782, 0.9755600814663951, 0.984304932735426, 0.9843423799582464, 0.9795719844357976, 0.9702258726899384, 0.9762140733399405]","[0.9841112214498511, 0.986351228389445, 0.9811133200795229, 0.97953216374269, 0.9784836065573771, 0.9777034559643255, 0.9897645854657113, 0.9852941176470589, 0.9673469387755103, 0.9752964426877471]",batch,both
MNIST,small,43,10,a1,layerwise,random,baseline,1,0.3,5,0.9795,0.9812,0.06989982913322747,0.06621897283378057,165758,0.29508475585381,165440,0.2952562704471101,0.0,0.0,0,0,0,0.32106831506825984,0.9812,0.06621897178622894,0.31968264502938837,234752,235146,"[0.9908163265306122, 0.9903083700440528, 0.9815891472868217, 0.9772277227722772, 0.9816700610997964, 0.9854260089686099, 0.9864300626304802, 0.9815175097276264, 0.9691991786447639, 0.9672943508424182]","[0.9870903674280039, 0.9836214740673339, 0.9831013916500994, 0.9727095516569201, 0.9805327868852459, 0.9810479375696767, 0.9877175025588536, 0.984313725490196, 0.9663265306122449, 0.9683794466403162]",batch,both
MNIST,small,43,10,a1,layerwise,random,baseline,1,0.4,0,0.9654,0.9655,0.11232288388013839,0.11306926144361495,142020,0.39603480390906076,141728,0.39626499454743724,0.0,0.0,0,0,0,0.3234898999799043,0.9655,0.11306925587654114,0.3165514270076528,234752,235146,"[0.9826530612244898, 0.9903083700440528, 0.9796511627906976, 0.9415841584158415, 0.9653767820773931, 0.968609865470852, 0.9832985386221295, 0.9173151750972762, 0.9589322381930184, 0.9663032705649157]","[0.9801390268123138, 0.9827115559599636, 0.967196819085487, 0.9395711500974658, 0.9672131147540983, 0.9609810479375697, 0.9825997952917093, 0.9519607843137254, 0.9540816326530612, 0.9664031620553359]",batch,both
MNIST,small,43,10,a1,layerwise,random,baseline,1,0.4,1,0.976,0.9783,0.07644111649692059,0.07170003541782498,142020,0.39603480390906076,141728,0.39626499454743724,0.0,0.0,0,0,0,0.30997597600799054,0.9783,0.07170003407001495,0.31461124401539564,234752,235146,"[0.9897959183673469, 0.9911894273127754, 0.9806201550387597, 0.9742574257425742, 0.9765784114052953, 0.9775784753363229, 0.9780793319415448, 0.980544747081712, 0.9620123203285421, 0.9702675916749257]","[0.9851042701092354, 0.9872611464968153, 0.9781312127236581, 0.9736842105263158, 0.9795081967213115, 0.9732441471571907, 0.9754350051177073, 0.9794117647058823, 0.9540816326530612, 0.9723320158102767]",batch,both
MNIST,small,43,10,a1,layerwise,random,baseline,1,0.4,3,0.9782,0.9798,0.07228587894141673,0.06831060190745629,142020,0.39603480390906076,141728,0.39626499454743724,0.0,0.0,0,0,0,0.32192100607790053,0.9798,0.06831060003363527,0.3228669739328325,234752,235146,"[0.9897959183673469, 0.9920704845814978, 0.9748062015503876, 0.9772277227722772, 0.9765784114052953, 0.9786995515695067, 0.9843423799582464, 0.9785992217898832, 0.9722792607802875, 0.9722497522299306]","[0.9870903674280039, 0.9854413102820746, 0.9771371769383698, 0.9727095516569201, 0.9764344262295082, 0.9754738015607581, 0.9856704196519959, 0.9823529411764705, 0.9673469387755103, 0.9713438735177866]",batch,both
MNIST,small,43,10,a1,layerwise,random,baseline,1,0.4,5,0.979,0.9795,0.07203665622770786,0.06836067831451073,142020,0.39603480390906076,141728,0.39626499454743724,0.0,0.0,0,0,0,0.3209315510466695,0.9795,0.06836068021068349,0.3255158149404451,234752,235146,"[0.9897959183673469, 0.9920704845814978, 0.9777131782945736, 0.9772277227722772, 0.9796334012219959, 0.9753363228699552, 0.9791231732776617, 0.980544747081712, 0.9681724845995893, 0.9732408325074331]","[0.9860973187686196, 0.9872611464968153, 0.9821073558648111, 0.9736842105263158, 0.9825819672131147, 0.9754738015607581, 0.984646878198567, 0.9833333333333333, 0.9622448979591837, 0.9713438735177866]",batch,both
MNIST,small,43,10,a1,layerwise,random,baseline,1,0.5,0,0.9477,0.9498,0.16900146964788437,0.1666285651922226,118282,0.4969848519643115,118016,0.4972737186477645,0.0,0.0,0,0,0,0.3240665049524978,0.9498,0.1666285565853119,0.3158568979706615,234752,235146,"[0.9744897959183674, 0.9876651982378855, 0.9660852713178295, 0.8792079207920792, 0.960285132382892, 0.9540358744394619, 0.9801670146137788, 0.8745136186770428, 0.9579055441478439, 0.9633300297324083]","[0.9731876861966237, 0.9818016378525932, 0.952286282306163, 0.8693957115009746, 0.9590163934426229, 0.9342251950947603, 0.9825997952917093, 0.9058823529411765, 0.960204081632653, 0.9575098814229249]",batch,both
MNIST,small,43,10,a1,layerwise,random,baseline,1,0.5,1,0.9739,0.9759,0.08165232650339603,0.07818204912394285,118282,0.4969848519643115,118016,0.4972737186477645,0.0,0.0,0,0,0,0.3149193829158321,0.9759,0.07818204865902663,0.31054827594198287,234752,235146,"[0.9887755102040816, 0.9903083700440528, 0.9748062015503876, 0.9702970297029703, 0.9704684317718941, 0.976457399103139, 0.9780793319415448, 0.97568093385214, 0.9681724845995893, 0.9643211100099108]","[0.9890764647467726, 0.9845313921747043, 0.967196819085487, 0.9717348927875243, 0.9774590163934426, 0.9654403567447045, 0.977482088024565, 0.9813725490196078, 0.9591836734693877, 0.9634387351778656]",batch,both
MNIST,small,43,10,a1,layerwise,random,baseline,1,0.5,3,0.9758,0.9769,0.0777367885902524,0.07452900947779417,118282,0.4969848519643115,118016,0.4972737186477645,0.0,0.0,0,0,0,0.3130846410058439,0.9769,0.0745290092073381,0.34185591398272663,234752,235146,"[0.9887755102040816, 0.9903083700440528, 0.9767441860465116, 0.9772277227722772, 0.9755600814663951, 0.9753363228699552, 0.9801670146137788, 0.9776264591439688, 0.9620123203285421, 0.9633300297324083]","[0.9860973187686196, 0.9854413102820746, 0.9721669980119284, 0.9707602339181286, 0.9815573770491803, 0.9743589743589743, 0.9815762538382804, 0.9852941176470589, 0.9530612244897959, 0.9664031620553359]",batch,both
MNIST,small,43,10,a1,layerwise,random,baseline,1,0.5,5,0.9761,0.9785,0.0770703433021903,0.07112729748301208,118282,0.4969848519643115,118016,0.4972737186477645,0.0,0.0,0,0,0,0.3124786230036989,0.9785,0.07112729759253561,0.3168745960574597,234752,235146,"[0.9887755102040816, 0.9920704845814978, 0.9806201550387597, 0.9782178217821782, 0.9745417515274949, 0.9708520179372198, 0.9801670146137788, 0.9785992217898832, 0.9681724845995893, 0.9702675916749257]","[0.9870903674280039, 0.986351228389445, 0.9771371769383698, 0.9746588693957114, 0.9743852459016393, 0.9732441471571907, 0.9815762538382804, 0.9852941176470589, 0.9530612244897959, 0.9664031620553359]",batch,both
MNIST,small,43,10,a1,layerwise,random,baseline,1,0.7,0,0.8858,0.897,0.4276047462940216,0.40584154024124147,71719,0.6950022539188419,71504,0.6954062159214831,0.0,0.0,0,0,0,0.31158814497757703,0.897,0.40584154124259947,0.3144792258972302,234752,235146,"[0.9581632653061225, 0.9629955947136564, 0.8488372093023255, 0.8524752475247525, 0.9022403258655805, 0.8150224215246636, 0.9446764091858038, 0.8278210116731517, 0.9476386036960985, 0.9008919722497523]","[0.9602780536246276, 0.9508644222020018, 0.8011928429423459, 0.8187134502923976, 0.923155737704918, 0.7792642140468228, 0.9385875127942682, 0.8529411764705882, 0.9448979591836735, 0.8764822134387352]",batch,both
MNIST,small,43,10,a1,layerwise,random,baseline,1,0.7,1,0.9604,0.9651,0.12442305600047111,0.11737426434755326,71719,0.6950022539188419,71504,0.6954062159214831,0.0,0.0,0,0,0,0.3097483360907063,0.9651,0.1173742657750845,0.31394042109604925,234752,235146,"[0.9877551020408163, 0.9894273127753304, 0.9631782945736435, 0.9564356435643564, 0.939918533604888, 0.9641255605381166, 0.9770354906054279, 0.9678988326848249, 0.9455852156057495, 0.956392467789891]","[0.971201588877855, 0.9818016378525932, 0.9562624254473161, 0.949317738791423, 0.9436475409836066, 0.9632107023411371, 0.9764585465711362, 0.9725490196078431, 0.9275510204081633, 0.9594861660079052]",batch,both
MNIST,small,43,10,a1,layerwise,random,baseline,1,0.7,3,0.968,0.972,0.10287320928275585,0.09971663450747728,71719,0.6950022539188419,71504,0.6954062159214831,0.0,0.0,0,0,0,0.3131884280592203,0.972,0.09971663727611303,0.31935780099593103,234752,235146,"[0.9908163265306122, 0.9885462555066079, 0.9728682170542635, 0.9653465346534653, 0.9613034623217923, 0.9730941704035875, 0.9780793319415448, 0.9776264591439688, 0.9548254620123203, 0.9554013875123885]","[0.9801390268123138, 0.9845313921747043, 0.9701789264413518, 0.9590643274853801, 0.9631147540983607, 0.9721293199554069, 0.9815762538382804, 0.9813725490196078, 0.9336734693877551, 0.9525691699604744]",batch,both
MNIST,small,43,10,a1,layerwise,random,baseline,1,0.7,5,0.9713,0.9733,0.09589798475056886,0.09341861387193202,71719,0.6950022539188419,71504,0.6954062159214831,0.0,0.0,0,0,0,0.3220703930128366,0.9733,0.09341861331164837,0.33276153495535254,234752,235146,"[0.9908163265306122, 0.9885462555066079, 0.9728682170542635, 0.9673267326732673, 0.9623217922606925, 0.9708520179372198, 0.9791231732776617, 0.9776264591439688, 0.9609856262833676, 0.9603567888999008]","[0.9851042701092354, 0.9845313921747043, 0.9761431411530815, 0.9580896686159844, 0.9631147540983607, 0.9687848383500557, 0.9825997952917093, 0.984313725490196, 0.9459183673469388, 0.9624505928853755]",batch,both
MNIST,small,43,10,a2,layerwise,random,baseline,1,0.05,0,0.9779,0.9786,0.07955352042913437,0.07070713548329659,233544,0.006812788650455426,233156,0.006798664122137366,0.0,0.0,0,0,0,0.310645185993053,0.9786,0.07070713483062573,0.33099632104858756,234752,235146,"[0.9918367346938776, 0.9903083700440528, 0.9767441860465116, 0.9722772277227723, 0.9837067209775967, 0.9809417040358744, 0.9853862212943633, 0.9708171206225681, 0.9691991786447639, 0.9643211100099108]","[0.9900695134061569, 0.9854413102820746, 0.9801192842942346, 0.9658869395711501, 0.9846311475409836, 0.9788182831661093, 0.9928352098259979, 0.9813725490196078, 0.9591836734693877, 0.9604743083003953]",batch,both
MNIST,small,43,10,a2,layerwise,random,baseline,1,0.05,1,0.9821,0.9816,0.06763515146076679,0.06421531400799868,233544,0.006812788650455426,233156,0.006798664122137366,0.0,0.0,0,0,0,0.31176714203320444,0.9816,0.064215315446147,0.33389610797166824,234752,235146,"[0.9928571428571429, 0.9929515418502203, 0.9815891472868217, 0.9772277227722772, 0.9796334012219959, 0.9820627802690582, 0.9822546972860126, 0.9795719844357976, 0.971252566735113, 0.9752229930624381]","[0.9890764647467726, 0.9881710646041856, 0.9840954274353877, 0.9775828460038987, 0.9815573770491803, 0.9821627647714605, 0.9877175025588536, 0.9882352941176471, 0.9683673469387755, 0.9733201581027668]",batch,both
MNIST,small,43,10,a2,layerwise,random,baseline,1,0.05,3,0.9825,0.9816,0.06790043787229806,0.06455692412196659,233544,0.006812788650455426,233156,0.006798664122137366,0.0,0.0,0,0,0,0.31859412405174226,0.9816,0.06455692354529165,0.3233581129461527,234752,235146,"[0.9918367346938776, 0.9911894273127754, 0.9835271317829457, 0.9782178217821782, 0.9796334012219959, 0.9865470852017937, 0.9832985386221295, 0.9785992217898832, 0.9671457905544147, 0.9752229930624381]","[0.9890764647467726, 0.986351228389445, 0.9870775347912525, 0.97953216374269, 0.9846311475409836, 0.9855072463768116, 0.9856704196519959, 0.9852941176470589, 0.9653061224489796, 0.9762845849802372]",batch,both
MNIST,small,43,10,a2,layerwise,random,baseline,1,0.05,5,0.9823,0.9816,0.06859800191763789,0.0652970050343196,233544,0.006812788650455426,233156,0.006798664122137366,0.0,0.0,0,0,0,0.31550424406304955,0.9816,0.0652970053193043,0.32694306201301515,234752,235146,"[0.9918367346938776, 0.9920704845814978, 0.9844961240310077, 0.9811881188118812, 0.9806517311608961, 0.9831838565022422, 0.9812108559498957, 0.980544747081712, 0.9671457905544147, 0.9722497522299306]","[0.9910625620655412, 0.986351228389445, 0.9870775347912525, 0.9834307992202729, 0.985655737704918, 0.9810479375696767, 0.984646878198567, 0.9872549019607844, 0.9622448979591837, 0.9733201581027668]",batch,both
MNIST,small,43,10,a2,layerwise,random,baseline,1,0.1,0,0.9783,0.9785,0.07578954771459102,0.06730759583930485,231942,0.013625577300910963,231560,0.013597328244274842,0.0,0.0,0,0,0,0.3281246790429577,0.9785,0.06730759617830627,0.33268638304434717,234752,235146,"[0.9897959183673469, 0.9903083700440528, 0.9757751937984496, 0.9683168316831683, 0.9837067209775967, 0.9820627802690582, 0.9853862212943633, 0.9678988326848249, 0.9702258726899384, 0.9712586719524281]","[0.9890764647467726, 0.9845313921747043, 0.9801192842942346, 0.9639376218323586, 0.9836065573770492, 0.9821627647714605, 0.9907881269191402, 0.9813725490196078, 0.963265306122449, 0.9644268774703557]",batch,both
MNIST,small,43,10,a2,layerwise,random,baseline,1,0.1,1,0.9821,0.9822,0.06499037893041969,0.06093322474400047,231942,0.013625577300910963,231560,0.013597328244274842,0.0,0.0,0,0,0,0.32011565600987524,0.9822,0.06093322430143598,0.3185500659747049,234752,235146,"[0.9918367346938776, 0.9929515418502203, 0.9825581395348837, 0.9801980198019802, 0.9796334012219959, 0.9798206278026906, 0.9801670146137788, 0.9785992217898832, 0.9722792607802875, 0.9821605550049554]","[0.9890764647467726, 0.9872611464968153, 0.9860834990059643, 0.9766081871345029, 0.9815573770491803, 0.9843924191750278, 0.984646878198567, 0.9862745098039216, 0.9683673469387755, 0.9762845849802372]",batch,both
MNIST,small,43,10,a2,layerwise,random,baseline,1,0.1,3,0.9821,0.9821,0.067026988068223,0.06116663282091031,231942,0.013625577300910963,231560,0.013597328244274842,0.0,0.0,0,0,0,0.3227646970190108,0.9821,0.06116663191305706,0.3224639040417969,234752,235146,"[0.9928571428571429, 0.9929515418502203, 0.9815891472868217, 0.9762376237623762, 0.9806517311608961, 0.9831838565022422, 0.9864300626304802, 0.9824902723735408, 0.971252566735113, 0.9722497522299306]","[0.9851042701092354, 0.9854413102820746, 0.9860834990059643, 0.9756335282651072, 0.985655737704918, 0.9843924191750278, 0.9897645854657113, 0.9872549019607844, 0.9704081632653061, 0.9713438735177866]",batch,both
MNIST,small,43,10,a2,layerwise,random,baseline,1,0.1,5,0.9825,0.982,0.06758988382034004,0.06137330192043446,231942,0.013625577300910963,231560,0.013597328244274842,0.0,0.0,0,0,0,0.3172037770273164,0.982,0.06137330292253755,0.3176893970230594,234752,235146,"[0.9928571428571429, 0.9920704845814978, 0.9815891472868217, 0.9772277227722772, 0.9816700610997964, 0.9786995515695067, 0.9843423799582464, 0.9795719844357976, 0.9722792607802875, 0.9781962338949455]","[0.9851042701092354, 0.9881710646041856, 0.9840954274353877, 0.9775828460038987, 0.9866803278688525, 0.9788182831661093, 0.9887410440122825, 0.9882352941176471, 0.9683673469387755, 0.9782608695652174]",batch,both
MNIST,small,43,10,a2,layerwise,random,baseline,1,0.2,0,0.9783,0.9784,0.07515762550532817,0.06756760780345648,228471,0.028386619376897793,228102,0.028327767175572505,0.0,0.0,0,0,0,0.31935324892401695,0.9784,0.06756760736238211,0.32561257702764124,234752,235146,"[0.9908163265306122, 0.986784140969163, 0.9757751937984496, 0.9683168316831683, 0.9816700610997964, 0.984304932735426, 0.9853862212943633, 0.9669260700389105, 0.9702258726899384, 0.9742319127849356]","[0.9920556107249255, 0.9827115559599636, 0.9811133200795229, 0.9658869395711501, 0.9825819672131147, 0.9832775919732442, 0.9897645854657113, 0.9784313725490196, 0.963265306122449, 0.9644268774703557]",batch,both
MNIST,small,43,10,a2,layerwise,random,baseline,1,0.2,1,0.9825,0.9818,0.06454071180522442,0.06078702443887014,228471,0.028386619376897793,228102,0.028327767175572505,0.0,0.0,0,0,0,0.3362874770537019,0.9818,0.060787025270354934,0.31883177906274796,234752,235146,"[0.9908163265306122, 0.9911894273127754, 0.9815891472868217, 0.9821782178217822, 0.9796334012219959, 0.9831838565022422, 0.9832985386221295, 0.9785992217898832, 0.973305954825462, 0.9732408325074331]","[0.9870903674280039, 0.9845313921747043, 0.9831013916500994, 0.9844054580896686, 0.9836065573770492, 0.9821627647714605, 0.9856704196519959, 0.9852941176470589, 0.9693877551020408, 0.9792490118577075]",batch,both
MNIST,small,43,10,a2,layerwise,random,baseline,1,0.2,3,0.9823,0.9819,0.06505617773532868,0.06146017187732505,228471,0.028386619376897793,228102,0.028327767175572505,0.0,0.0,0,0,0,0.3444692969787866,0.9819,0.06146017334508942,0.3406717859907076,234752,235146,"[0.9908163265306122, 0.9929515418502203, 0.9806201550387597, 0.9772277227722772, 0.9796334012219959, 0.9854260089686099, 0.9864300626304802, 0.980544747081712, 0.971252566735113, 0.9732408325074331]","[0.9880834160873883, 0.9872611464968153, 0.9831013916500994, 0.9756335282651072, 0.985655737704918, 0.9843924191750278, 0.9897645854657113, 0.9882352941176471, 0.9673469387755103, 0.9733201581027668]",batch,both
MNIST,small,43,10,a2,layerwise,random,baseline,1,0.2,5,0.9823,0.9819,0.06547697897329927,0.06199819316448993,228471,0.028386619376897793,228102,0.028327767175572505,0.0,0.0,0,0,0,0.34498240996617824,0.9819,0.06199819290818996,0.3225450419122353,234752,235146,"[0.9918367346938776, 0.9920704845814978, 0.9815891472868217, 0.9821782178217822, 0.9786150712830958, 0.984304932735426, 0.9843423799582464, 0.9747081712062257, 0.9702258726899384, 0.9781962338949455]","[0.9860973187686196, 0.986351228389445, 0.9821073558648111, 0.97953216374269, 0.9825819672131147, 0.9855072463768116, 0.9887410440122825, 0.9852941176470589, 0.9673469387755103, 0.9792490118577075]",batch,both
MNIST,small,43,10,a2,layerwise,random,baseline,1,0.3,0,0.9779,0.9778,0.07896694803833962,0.07184437132254243,225000,0.04314766145288462,224644,0.04305820610687028,0.0,0.0,0,0,0,0.3136619540164247,0.9778,0.07184437122717499,0.3296692200237885,234752,235146,"[0.9877551020408163, 0.9903083700440528, 0.9796511627906976, 0.9633663366336633, 0.9786150712830958, 0.9831838565022422, 0.9864300626304802, 0.9678988326848249, 0.9650924024640657, 0.9752229930624381]","[0.9890764647467726, 0.9836214740673339, 0.9801192842942346, 0.9619883040935673, 0.9795081967213115, 0.9821627647714605, 0.9948822927328557, 0.9784313725490196, 0.960204081632653, 0.9693675889328063]",batch,both
MNIST,small,43,10,a2,layerwise,random,baseline,1,0.3,1,0.982,0.981,0.06438124327510596,0.060065682695107536,225000,0.04314766145288462,224644,0.04305820610687028,0.0,0.0,0,0,0,0.30972499190829694,0.981,0.060065681707905605,0.31618584191892296,234752,235146,"[0.9908163265306122, 0.9920704845814978, 0.9835271317829457, 0.9792079207920792, 0.9796334012219959, 0.9809417040358744, 0.9832985386221295, 0.9747081712062257, 0.971252566735113, 0.9732408325074331]","[0.9890764647467726, 0.9872611464968153, 0.9840954274353877, 0.97953216374269, 0.985655737704918, 0.9821627647714605, 0.9877175025588536, 0.9833333333333333, 0.9693877551020408, 0.9713438735177866]",batch,both
MNIST,small,43,10,a2,layerwise,random,baseline,1,0.3,3,0.9828,0.9818,0.06266163188740612,0.05848526813002536,225000,0.04314766145288462,224644,0.04305820610687028,0.0,0.0,0,0,0,0.3064062789781019,0.9818,0.058485268581530546,0.3272210049908608,234752,235146,"[0.9928571428571429, 0.9920704845814978, 0.9825581395348837, 0.9782178217821782, 0.9806517311608961, 0.9809417040358744, 0.9812108559498957, 0.9785992217898832, 0.9722792607802875, 0.977205153617443]","[0.9890764647467726, 0.9881710646041856, 0.9860834990059643, 0.9824561403508771, 0.9825819672131147, 0.9810479375696767, 0.9866939611054247, 0.9852941176470589, 0.9683673469387755, 0.9772727272727273]",batch,both
MNIST,small,43,10,a2,layerwise,random,baseline,1,0.3,5,0.9827,0.982,0.06431084649562836,0.0602118530353182,225000,0.04314766145288462,224644,0.04305820610687028,0.0,0.0,0,0,0,0.3179068659665063,0.982,0.06021185402959818,0.33273291995283216,234752,235146,"[0.9928571428571429, 0.9929515418502203, 0.9815891472868217, 0.9811881188118812, 0.9837067209775967, 0.9809417040358744, 0.9853862212943633, 0.97568093385214, 0.9702258726899384, 0.9742319127849356]","[0.9890764647467726, 0.9881710646041856, 0.9870775347912525, 0.9785575048732943, 0.9887295081967213, 0.9810479375696767, 0.9866939611054247, 0.9862745098039216, 0.9683673469387755, 0.9723320158102767]",batch,both
MNIST,small,43,10,a2,layerwise,random,baseline,1,0.4,0,0.9762,0.9758,0.09239021000862122,0.0859979451790452,221529,0.05790870352887145,221186,0.05778864503816794,0.0,0.0,0,0,0,0.3231834350153804,0.9758,0.08599794514179229,0.3333646529354155,234752,235146,"[0.9877551020408163, 0.9876651982378855, 0.9718992248062015, 0.9613861386138614, 0.9786150712830958, 0.9820627802690582, 0.9864300626304802, 0.9562256809338522, 0.9753593429158111, 0.9712586719524281]","[0.9841112214498511, 0.9827115559599636, 0.9771371769383698, 0.9522417153996101, 0.9815573770491803, 0.979933110367893, 0.9928352098259979, 0.9696078431372549, 0.9693877551020408, 0.9733201581027668]",batch,both
MNIST,small,43,10,a2,layerwise,random,baseline,1,0.4,1,0.981,0.9811,0.06572971659004688,0.0604122961031273,221529,0.05790870352887145,221186,0.05778864503816794,0.0,0.0,0,0,0,0.31826671201270074,0.9811,0.06041229646224529,0.3271461600670591,234752,235146,"[0.9918367346938776, 0.9938325991189427, 0.9825581395348837, 0.9811881188118812, 0.9806517311608961, 0.9831838565022422, 0.9822546972860126, 0.9795719844357976, 0.973305954825462, 0.9613478691774033]","[0.9890764647467726, 0.986351228389445, 0.9821073558648111, 0.9775828460038987, 0.985655737704918, 0.9832775919732442, 0.9877175025588536, 0.9852941176470589, 0.9663265306122449, 0.9664031620553359]",batch,both
MNIST,small,43,10,a2,layerwise,random,baseline,1,0.4,3,0.9818,0.982,0.06431351211816072,0.059548887620051394,221529,0.05790870352887145,221186,0.05778864503816794,0.0,0.0,0,0,0,0.320698908995837,0.982,0.05954888792776037,0.33369271899573505,234752,235146,"[0.9918367346938776, 0.9929515418502203, 0.9815891472868217, 0.9801980198019802, 0.9796334012219959, 0.984304932735426, 0.9822546972860126, 0.9815175097276264, 0.9753593429158111, 0.9692765113974232]","[0.9880834160873883, 0.9872611464968153, 0.9831013916500994, 0.97953216374269, 0.9815573770491803, 0.9843924191750278, 0.9866939611054247, 0.984313725490196, 0.9714285714285714, 0.9713438735177866]",batch,both
MNIST,small,43,10,a2,layerwise,random,baseline,1,0.4,5,0.9823,0.9815,0.06378253960236907,0.06004795650481246,221529,0.05790870352887145,221186,0.05778864503816794,0.0,0.0,0,0,0,0.3304073920007795,0.9815,0.0600479572290089,0.3354209989774972,234752,235146,"[0.9928571428571429, 0.9929515418502203, 0.9806201550387597, 0.9792079207920792, 0.9806517311608961, 0.9865470852017937, 0.9822546972860126, 0.980544747081712, 0.9691991786447639, 0.9692765113974232]","[0.9890764647467726, 0.9872611464968153, 0.9850894632206759, 0.9756335282651072, 0.9846311475409836, 0.9832775919732442, 0.9866939611054247, 0.9852941176470589, 0.9714285714285714, 0.974308300395257]",batch,both
MNIST,small,43,10,a2,layerwise,random,baseline,1,0.5,0,0.9719,0.9716,0.12728511815071106,0.12065255116820335,218058,0.07266974560485828,217728,0.0725190839694656,0.0,0.0,0,0,0,0.315909135970287,0.9716,0.1206525525033474,0.3201081440784037,234752,235146,"[0.9826530612244898, 0.986784140969163, 0.9748062015503876, 0.9554455445544554, 0.9796334012219959, 0.9809417040358744, 0.9864300626304802, 0.938715953307393, 0.9815195071868583, 0.9504459861248761]","[0.9771598808341608, 0.9799818016378526, 0.9840954274353877, 0.9434697855750487, 0.9805327868852459, 0.9777034559643255, 0.9938587512794268, 0.9519607843137254, 0.9724489795918367, 0.9594861660079052]",batch,both
MNIST,small,43,10,a2,layerwise,random,baseline,1,0.5,1,0.9808,0.9804,0.06739995968043805,0.061690748242288825,218058,0.07266974560485828,217728,0.0725190839694656,0.0,0.0,0,0,0,0.3204430069308728,0.9804,0.06169074798598886,0.31968993903137743,234752,235146,"[0.9908163265306122, 0.9947136563876652, 0.9748062015503876, 0.9792079207920792, 0.9786150712830958, 0.9809417040358744, 0.9832985386221295, 0.9795719844357976, 0.971252566735113, 0.9692765113974232]","[0.9870903674280039, 0.9845313921747043, 0.9781312127236581, 0.9775828460038987, 0.9846311475409836, 0.9843924191750278, 0.9866939611054247, 0.9862745098039216, 0.9663265306122449, 0.9723320158102767]",batch,both
MNIST,small,43,10,a2,layerwise,random,baseline,1,0.5,3,0.9817,0.981,0.06525534312427043,0.06129514347503427,218058,0.07266974560485828,217728,0.0725190839694656,0.0,0.0,0,0,0,0.32213974196929485,0.981,0.06129514333943371,0.32219118799548596,234752,235146,"[0.9918367346938776, 0.9947136563876652, 0.9786821705426356, 0.9831683168316832, 0.9775967413441955, 0.9786995515695067, 0.9822546972860126, 0.9747081712062257, 0.9722792607802875, 0.9742319127849356]","[0.9890764647467726, 0.9881710646041856, 0.9831013916500994, 0.9814814814814815, 0.9815573770491803, 0.9821627647714605, 0.9836233367451381, 0.9852941176470589, 0.9683673469387755, 0.9733201581027668]",batch,both
MNIST,small,43,10,a2,layerwise,random,baseline,1,0.5,5,0.9821,0.9813,0.06549608771577478,0.05970862265487667,218058,0.07266974560485828,217728,0.0725190839694656,0.0,0.0,0,0,0,0.31646048405673355,0.9813,0.05970862313171383,0.3270353319821879,234752,235146,"[0.9928571428571429, 0.9929515418502203, 0.9806201550387597, 0.9831683168316832, 0.9775967413441955, 0.9809417040358744, 0.9822546972860126, 0.9795719844357976, 0.9702258726899384, 0.9712586719524281]","[0.9880834160873883, 0.9881710646041856, 0.9850894632206759, 0.9824561403508771, 0.9795081967213115, 0.9832775919732442, 0.9877175025588536, 0.9882352941176471, 0.9642857142857143, 0.9733201581027668]",batch,both
MNIST,small,43,10,a2,layerwise,random,baseline,1,0.7,0,0.9499,0.9452,0.36954802360534666,0.3627391507148743,211383,0.10105636498175596,211078,0.10084685114503822,0.0,0.0,0,0,0,0.3226667980197817,0.9452,0.36273914613723757,0.3344101608963683,234752,235146,"[0.9775510204081632, 0.9568281938325991, 0.9554263565891473, 0.9465346534653465, 0.9867617107942973, 0.8934977578475336, 0.9728601252609603, 0.8501945525291829, 0.9866529774127311, 0.9246778989098117]","[0.9702085402184707, 0.9426751592356688, 0.9572564612326043, 0.9444444444444444, 0.9948770491803278, 0.9041248606465998, 0.9785056294779939, 0.8921568627450981, 0.986734693877551, 0.9278656126482213]",batch,both
MNIST,small,43,10,a2,layerwise,random,baseline,1,0.7,1,0.9766,0.9771,0.08178141465783119,0.07471564426980913,211383,0.10105636498175596,211078,0.10084685114503822,0.0,0.0,0,0,0,0.31123985804151744,0.9771,0.07471564398668706,0.3258260909933597,234752,235146,"[0.9928571428571429, 0.9911894273127754, 0.9748062015503876, 0.9792079207920792, 0.9735234215885947, 0.9809417040358744, 0.975991649269311, 0.9688715953307393, 0.971252566735113, 0.9613478691774033]","[0.9841112214498511, 0.9854413102820746, 0.974155069582505, 0.969785575048733, 0.9784836065573771, 0.9788182831661093, 0.9866939611054247, 0.9794117647058823, 0.9653061224489796, 0.9634387351778656]",batch,both
MNIST,small,43,10,a2,layerwise,random,baseline,1,0.7,3,0.9788,0.9794,0.07180614836663007,0.06489115625862032,211383,0.10105636498175596,211078,0.10084685114503822,0.0,0.0,0,0,0,0.322845931048505,0.9794,0.06489115627650172,0.3112826740834862,234752,235146,"[0.9928571428571429, 0.9920704845814978, 0.9777131782945736, 0.9841584158415841, 0.9765784114052953, 0.9820627802690582, 0.9770354906054279, 0.9717898832684825, 0.9743326488706365, 0.9643211100099108]","[0.9841112214498511, 0.986351228389445, 0.9791252485089463, 0.9717348927875243, 0.9815573770491803, 0.979933110367893, 0.9866939611054247, 0.984313725490196, 0.9642857142857143, 0.9693675889328063]",batch,both
MNIST,small,43,10,a2,layerwise,random,baseline,1,0.7,5,0.9799,0.9806,0.06910443927943706,0.0619846830105409,211383,0.10105636498175596,211078,0.10084685114503822,0.0,0.0,0,0,0,0.329830116010271,0.9806,0.061984683252684775,0.321060343994759,234752,235146,"[0.9928571428571429, 0.9929515418502203, 0.9786821705426356, 0.9831683168316832, 0.9786150712830958, 0.9820627802690582, 0.9812108559498957, 0.97568093385214, 0.9722792607802875, 0.9672943508424182]","[0.9841112214498511, 0.9854413102820746, 0.9801192842942346, 0.9746588693957114, 0.9805327868852459, 0.9821627647714605, 0.9897645854657113, 0.9852941176470589, 0.9663265306122449, 0.9703557312252964]",batch,both
MNIST,small,43,10,all,all,random,baseline,2,0.05,0,0.9774,0.9788,0.07884794295802712,0.07084902833276428,222660,0.05309892577377462,222284,0.05311136859323884,0.0,0.0,0,0,0,0.32227017206605524,0.9788,0.0708490298407618,0.32811429305002093,234752,235146,"[0.9887755102040816, 0.9876651982378855, 0.9786821705426356, 0.9752475247524752, 0.9837067209775967, 0.9820627802690582, 0.9832985386221295, 0.9678988326848249, 0.9671457905544147, 0.9732408325074331]","[0.9890764647467726, 0.9836214740673339, 0.9811133200795229, 0.9678362573099415, 0.9836065573770492, 0.979933110367893, 0.9887410440122825, 0.9813725490196078, 0.9571428571428572, 0.9614624505928854]",batch,both
MNIST,small,43,10,all,all,random,baseline,2,0.05,1,0.9813,0.9815,0.06764900344312191,0.06357443686469924,222660,0.05309892577377462,222284,0.05311136859323884,0.0,0.0,0,0,0,0.32165479892864823,0.9815,0.06357443655405659,0.3259085270110518,234752,235146,"[0.9908163265306122, 0.9947136563876652, 0.9796511627906976, 0.9782178217821782, 0.9816700610997964, 0.984304932735426, 0.9822546972860126, 0.9766536964980544, 0.9702258726899384, 0.9752229930624381]","[0.9900695134061569, 0.9872611464968153, 0.9811133200795229, 0.9746588693957114, 0.9846311475409836, 0.9821627647714605, 0.9866939611054247, 0.9852941176470589, 0.9673469387755103, 0.9733201581027668]",batch,both
MNIST,small,43,10,all,all,random,baseline,2,0.05,3,0.9826,0.9815,0.06856320713572205,0.06332903995754313,222660,0.05309892577377462,222284,0.05311136859323884,0.0,0.0,0,0,0,0.32778066396713257,0.9815,0.06332903981300188,0.318520512082614,234752,235146,"[0.9908163265306122, 0.9920704845814978, 0.9854651162790697, 0.9811881188118812, 0.9796334012219959, 0.9809417040358744, 0.9843423799582464, 0.9785992217898832, 0.9691991786447639, 0.9712586719524281]","[0.9890764647467726, 0.9881710646041856, 0.9840954274353877, 0.9853801169590644, 0.9815573770491803, 0.979933110367893, 0.9897645854657113, 0.984313725490196, 0.9683673469387755, 0.974308300395257]",batch,both
MNIST,small,43,10,all,all,random,baseline,2,0.05,5,0.982,0.9821,0.06827802227027714,0.06361319403388188,222660,0.05309892577377462,222284,0.05311136859323884,0.0,0.0,0,0,0,0.33615350804757327,0.9821,0.06361319496520446,0.3252456409391016,234752,235146,"[0.9908163265306122, 0.9929515418502203, 0.9835271317829457, 0.9811881188118812, 0.9775967413441955, 0.984304932735426, 0.9801670146137788, 0.980544747081712, 0.9691991786447639, 0.979187314172448]","[0.9880834160873883, 0.9899909008189263, 0.9801192842942346, 0.9766081871345029, 0.9825819672131147, 0.9843924191750278, 0.9866939611054247, 0.9872549019607844, 0.9653061224489796, 0.9782608695652174]",batch,both
MNIST,small,43,10,all,all,random,baseline,2,0.1,0,0.9757,0.9773,0.08397780079841614,0.0748853511184454,209417,0.10941712808212767,209060,0.10944315703380592,0.0,0.0,0,0,0,0.3226570619735867,0.9773,0.07488534976392984,0.32587100309319794,234752,235146,"[0.9887755102040816, 0.9894273127753304, 0.9777131782945736, 0.9772277227722772, 0.9857433808553971, 0.9786995515695067, 0.9864300626304802, 0.9688715953307393, 0.9722792607802875, 0.9474727452923687]","[0.9890764647467726, 0.9818016378525932, 0.9771371769383698, 0.9707602339181286, 0.9846311475409836, 0.979933110367893, 0.9897645854657113, 0.9823529411764705, 0.960204081632653, 0.941699604743083]",batch,both
MNIST,small,43,10,all,all,random,baseline,2,0.1,1,0.9808,0.9808,0.06987975506782532,0.06350492582987062,209417,0.10941712808212767,209060,0.10944315703380592,0.0,0.0,0,0,0,0.35302032297477126,0.9808,0.06350492528895847,0.32117493310943246,234752,235146,"[0.9908163265306122, 0.9920704845814978, 0.9835271317829457, 0.9782178217821782, 0.9786150712830958, 0.9809417040358744, 0.9832985386221295, 0.9785992217898832, 0.9671457905544147, 0.9732408325074331]","[0.9880834160873883, 0.986351228389445, 0.9840954274353877, 0.97953216374269, 0.9805327868852459, 0.9832775919732442, 0.984646878198567, 0.984313725490196, 0.9622448979591837, 0.974308300395257]",batch,both
MNIST,small,43,10,all,all,random,baseline,2,0.1,3,0.9815,0.9805,0.07033022005856038,0.06413131503349868,209417,0.10941712808212767,209060,0.10944315703380592,0.0,0.0,0,0,0,0.31403179094195366,0.9805,0.0641313126083347,0.33858000696636736,234752,235146,"[0.9908163265306122, 0.9929515418502203, 0.9825581395348837, 0.9762376237623762, 0.9796334012219959, 0.9831838565022422, 0.9801670146137788, 0.980544747081712, 0.9640657084188912, 0.9732408325074331]","[0.9880834160873883, 0.9854413102820746, 0.9840954274353877, 0.9785575048732943, 0.985655737704918, 0.9832775919732442, 0.9856704196519959, 0.9862745098039216, 0.9622448979591837, 0.9752964426877471]",batch,both
MNIST,small,43,10,all,all,random,baseline,2,0.1,5,0.9819,0.9807,0.06869796865582466,0.065541449767421,209417,0.10941712808212767,209060,0.10944315703380592,0.0,0.0,0,0,0,0.3467954230727628,0.9807,0.06554144956476521,0.32632647699210793,234752,235146,"[0.9908163265306122, 0.9920704845814978, 0.9806201550387597, 0.9792079207920792, 0.9806517311608961, 0.9831838565022422, 0.9812108559498957, 0.97568093385214, 0.9681724845995893, 0.9742319127849356]","[0.9880834160873883, 0.9881710646041856, 0.9831013916500994, 0.9766081871345029, 0.9836065573770492, 0.9832775919732442, 0.9877175025588536, 0.984313725490196, 0.9663265306122449, 0.9772727272727273]",batch,both
MNIST,small,43,10,all,all,random,baseline,2,0.2,0,0.9718,0.9718,0.09768881376981735,0.09199451341032983,183183,0.2209818580796612,182865,0.22102900081788446,0.0,0.0,0,0,0,0.31656774901784956,0.9718,0.09199451396465301,0.3094127660151571,234752,235146,"[0.9846938775510204, 0.9859030837004406, 0.9718992248062015, 0.9762376237623762, 0.9857433808553971, 0.9719730941704036, 0.988517745302714, 0.958171206225681, 0.9671457905544147, 0.9276511397423192]","[0.9801390268123138, 0.9745222929936306, 0.9731610337972167, 0.9717348927875243, 0.9887295081967213, 0.9754738015607581, 0.9928352098259979, 0.9784313725490196, 0.963265306122449, 0.9209486166007905]",batch,both
MNIST,small,43,10,all,all,random,baseline,2,0.2,1,0.9806,0.9812,0.06984346720427274,0.06742851966088638,183183,0.2209818580796612,182865,0.22102900081788446,0.0,0.0,0,0,0,0.32647864799946547,0.9812,0.06742852163752541,0.3198536760173738,234752,235146,"[0.9887755102040816, 0.9903083700440528, 0.9825581395348837, 0.9772277227722772, 0.9826883910386965, 0.9798206278026906, 0.9843423799582464, 0.9795719844357976, 0.9702258726899384, 0.9752229930624381]","[0.9890764647467726, 0.9836214740673339, 0.9801192842942346, 0.9756335282651072, 0.9866803278688525, 0.9821627647714605, 0.984646878198567, 0.9862745098039216, 0.9622448979591837, 0.9752964426877471]",batch,both
MNIST,small,43,10,all,all,random,baseline,2,0.2,3,0.9803,0.981,0.06867296259179712,0.06728418598454446,183183,0.2209818580796612,182865,0.22102900081788446,0.0,0.0,0,0,0,0.3217756689991802,0.981,0.06728418908473104,0.31934042705688626,234752,235146,"[0.9897959183673469, 0.9929515418502203, 0.9815891472868217, 0.9801980198019802, 0.9796334012219959, 0.9820627802690582, 0.9832985386221295, 0.9785992217898832, 0.9640657084188912, 0.9762140733399405]","[0.9870903674280039, 0.9836214740673339, 0.9801192842942346, 0.9756335282651072, 0.9825819672131147, 0.9843924191750278, 0.9866939611054247, 0.9872549019607844, 0.9581632653061225, 0.9772727272727273]",batch,both
MNIST,small,43,10,all,all,random,baseline,2,0.2,5,0.9809,0.9805,0.06923711194321513,0.06747202223823406,183183,0.2209818580796612,182865,0.22102900081788446,0.0,0.0,0,0,0,0.31178547092713416,0.9805,0.06747202480644919,0.32479011302348226,234752,235146,"[0.9897959183673469, 0.9920704845814978, 0.9806201550387597, 0.9831683168316832, 0.9786150712830958, 0.976457399103139, 0.9832985386221295, 0.9727626459143969, 0.971252566735113, 0.9752229930624381]","[0.9851042701092354, 0.986351228389445, 0.9831013916500994, 0.9824561403508771, 0.9825819672131147, 0.9788182831661093, 0.9856704196519959, 0.9872549019607844, 0.960204081632653, 0.9762845849802372]",batch,both
MNIST,small,43,10,all,all,random,baseline,2,0.3,0,0.9697,0.9698,0.11701146023273468,0.10951753571033478,158500,0.32595068595680976,158220,0.3260121319520175,0.0,0.0,0,0,0,0.3190064230002463,0.9698,0.10951753487586975,0.3355063219787553,234752,235146,"[0.9816326530612245, 0.9885462555066079, 0.9699612403100775, 0.9722772277227723, 0.9867617107942973, 0.9730941704035875, 0.988517745302714, 0.9552529182879378, 0.9650924024640657, 0.9167492566897919]","[0.9811320754716981, 0.9790718835304822, 0.9731610337972167, 0.9688109161793372, 0.9887295081967213, 0.9721293199554069, 0.9897645854657113, 0.9696078431372549, 0.960204081632653, 0.9150197628458498]",batch,both
MNIST,small,43,10,all,all,random,baseline,2,0.3,1,0.9785,0.9785,0.07268773469924927,0.06934362826421857,158500,0.32595068595680976,158220,0.3260121319520175,0.0,0.0,0,0,0,0.31178178102709353,0.9785,0.06934362896308303,0.3513241109903902,234752,235146,"[0.9887755102040816, 0.9894273127753304, 0.9767441860465116, 0.9772277227722772, 0.9786150712830958, 0.9775784753363229, 0.9791231732776617, 0.9766536964980544, 0.9661190965092402, 0.9732408325074331]","[0.9890764647467726, 0.9836214740673339, 0.9781312127236581, 0.9756335282651072, 0.9784836065573771, 0.9810479375696767, 0.9805527123848515, 0.9852941176470589, 0.963265306122449, 0.9693675889328063]",batch,both
MNIST,small,43,10,all,all,random,baseline,2,0.3,3,0.9803,0.9802,0.06905835070014,0.0666114955865778,158500,0.32595068595680976,158220,0.3260121319520175,0.0,0.0,0,0,0,0.3235093670664355,0.9802,0.066611494738888,0.339900582912378,234752,235146,"[0.9897959183673469, 0.9903083700440528, 0.9777131782945736, 0.9792079207920792, 0.9806517311608961, 0.9798206278026906, 0.9853862212943633, 0.9737354085603113, 0.9691991786447639, 0.9752229930624381]","[0.9841112214498511, 0.9854413102820746, 0.9801192842942346, 0.9756335282651072, 0.9825819672131147, 0.9821627647714605, 0.9856704196519959, 0.9862745098039216, 0.9663265306122449, 0.974308300395257]",batch,both
MNIST,small,43,10,all,all,random,baseline,2,0.3,5,0.981,0.9809,0.06820019229874015,0.06464406618047505,158500,0.32595068595680976,158220,0.3260121319520175,0.0,0.0,0,0,0,0.3151694340631366,0.9809,0.06464406536081806,0.31638205400668085,234752,235146,"[0.9908163265306122, 0.9911894273127754, 0.9796511627906976, 0.9801980198019802, 0.9816700610997964, 0.976457399103139, 0.9832985386221295, 0.980544747081712, 0.9671457905544147, 0.9762140733399405]","[0.9860973187686196, 0.9845313921747043, 0.9801192842942346, 0.9814814814814815, 0.985655737704918, 0.9821627647714605, 0.9856704196519959, 0.9862745098039216, 0.9642857142857143, 0.9733201581027668]",batch,both
MNIST,small,43,10,all,all,random,baseline,2,0.4,0,0.9527,0.9535,0.20652655572891235,0.19914255406856538,133605,0.43182108137072284,133364,0.4318940839694656,0.0,0.0,0,0,0,0.3205205720150843,0.9535,0.1991425628423691,0.3294658320955932,234752,235146,"[0.9387755102040817, 0.9885462555066079, 0.9680232558139535, 0.9732673267326732, 0.9877800407331976, 0.9473094170403588, 0.9864300626304802, 0.938715953307393, 0.9691991786447639, 0.8344895936570862]","[0.9235352532274081, 0.9745222929936306, 0.9711729622266402, 0.9707602339181286, 0.9897540983606558, 0.9487179487179487, 0.9907881269191402, 0.9627450980392157, 0.9693877551020408, 0.8260869565217391]",batch,both
MNIST,small,43,10,all,all,random,baseline,2,0.4,1,0.9765,0.9774,0.07815125152170659,0.07455950719565153,133605,0.43182108137072284,133364,0.4318940839694656,0.0,0.0,0,0,0,0.3593425959115848,0.9774,0.07455950931534171,0.34192790591623634,234752,235146,"[0.9897959183673469, 0.9885462555066079, 0.9767441860465116, 0.9792079207920792, 0.9765784114052953, 0.9742152466367713, 0.9812108559498957, 0.97568093385214, 0.9609856262833676, 0.9692765113974232]","[0.9831181727904668, 0.9845313921747043, 0.9781312127236581, 0.9775828460038987, 0.9754098360655737, 0.979933110367893, 0.9825997952917093, 0.9852941176470589, 0.9571428571428572, 0.9604743083003953]",batch,both
MNIST,small,43,10,all,all,random,baseline,2,0.4,3,0.9786,0.9784,0.0721985075905919,0.06916694988459349,133605,0.43182108137072284,133364,0.4318940839694656,0.0,0.0,0,0,0,0.32794452004600316,0.9784,0.06916694949865342,0.30871811509132385,234752,235146,"[0.9908163265306122, 0.9894273127753304, 0.9757751937984496, 0.9811881188118812, 0.9786150712830958, 0.9753363228699552, 0.9832985386221295, 0.9727626459143969, 0.9630390143737166, 0.9722497522299306]","[0.9851042701092354, 0.9854413102820746, 0.9811133200795229, 0.9727095516569201, 0.9784836065573771, 0.979933110367893, 0.9856704196519959, 0.9852941176470589, 0.9642857142857143, 0.967391304347826]",batch,both
MNIST,small,43,10,all,all,random,baseline,2,0.4,5,0.9804,0.9792,0.0702864862576127,0.06906819989243522,133605,0.43182108137072284,133364,0.4318940839694656,0.0,0.0,0,0,0,0.31512151297647506,0.9792,0.0690681993068196,0.3306032159598544,234752,235146,"[0.9918367346938776, 0.9894273127753304, 0.9748062015503876, 0.9821782178217822, 0.9816700610997964, 0.976457399103139, 0.9822546972860126, 0.9766536964980544, 0.9661190965092402, 0.9692765113974232]","[0.9841112214498511, 0.9845313921747043, 0.9840954274353877, 0.97953216374269, 0.9815573770491803, 0.9821627647714605, 0.9877175025588536, 0.984313725490196, 0.9653061224489796, 0.9703557312252964]",batch,both
MNIST,small,43,10,all,all,random,baseline,2,0.5,0,0.9165,0.9185,0.42211220116615294,0.41690774664878844,109386,0.5348166670919343,109184,0.534896401308615,0.0,0.0,0,0,0,0.307501144008711,0.9185,0.4169077488899231,0.3180074490373954,234752,235146,"[0.8744897959183674, 0.9753303964757709, 0.9622093023255814, 0.9455445544554455, 0.9735234215885947, 0.8587443946188341, 0.9707724425887265, 0.9367704280155642, 0.9702258726899384, 0.7066402378592666]","[0.874875868917577, 0.9626933575978162, 0.9493041749502982, 0.9415204678362573, 0.9764344262295082, 0.8528428093645485, 0.9785056294779939, 0.9558823529411765, 0.9704081632653061, 0.6966403162055336]",batch,both
MNIST,small,43,10,all,all,random,baseline,2,0.5,1,0.9724,0.9724,0.09535809261798858,0.09277746461033821,109386,0.5348166670919343,109184,0.534896401308615,0.0,0.0,0,0,0,0.3284246929688379,0.9724,0.09277746289372445,0.32166623196098953,234752,235146,"[0.986734693877551, 0.9894273127753304, 0.9709302325581395, 0.9712871287128713, 0.9725050916496945, 0.9697309417040358, 0.9780793319415448, 0.9669260700389105, 0.9579055441478439, 0.958374628344896]","[0.9801390268123138, 0.9827115559599636, 0.9701789264413518, 0.9649122807017544, 0.9774590163934426, 0.9743589743589743, 0.9836233367451381, 0.9794117647058823, 0.9489795918367347, 0.9614624505928854]",batch,both
MNIST,small,43,10,all,all,random,baseline,2,0.5,3,0.9754,0.9755,0.0823998918145895,0.07859008210711181,109386,0.5348166670919343,109184,0.534896401308615,0.0,0.0,0,0,0,0.31785111292265356,0.9755,0.0785900822084397,0.3157751060789451,234752,235146,"[0.9877551020408163, 0.9894273127753304, 0.9738372093023255, 0.9732673267326732, 0.9765784114052953, 0.9775784753363229, 0.9749478079331941, 0.9737354085603113, 0.9630390143737166, 0.9633300297324083]","[0.9801390268123138, 0.9845313921747043, 0.9761431411530815, 0.9668615984405458, 0.9774590163934426, 0.9788182831661093, 0.9856704196519959, 0.9823529411764705, 0.9581632653061225, 0.9634387351778656]",batch,both
MNIST,small,43,10,all,all,random,baseline,2,0.5,5,0.9778,0.9773,0.07728022523224354,0.0743316663865,109386,0.5348166670919343,109184,0.534896401308615,0.0,0.0,0,0,0,0.3361633330350742,0.9773,0.07433166851438582,0.32686735200695693,234752,235146,"[0.9887755102040816, 0.9894273127753304, 0.9796511627906976, 0.9762376237623762, 0.9786150712830958, 0.976457399103139, 0.9770354906054279, 0.97568093385214, 0.9671457905544147, 0.9623389494549058]","[0.9860973187686196, 0.9836214740673339, 0.9781312127236581, 0.9736842105263158, 0.9784836065573771, 0.9810479375696767, 0.9825997952917093, 0.9852941176470589, 0.9612244897959183, 0.967391304347826]",batch,both
MNIST,small,43,10,all,all,random,baseline,2,0.7,0,0.7373,0.7393,1.1734921463012695,1.1705231422424316,63887,0.728309220654402,63761,0.7283899604689203,0.0,0.0,0,0,0,0.32362651405856013,0.7393,1.1705231216430665,0.31521587003953755,234752,235146,"[0.639795918367347, 0.9814977973568282, 0.8565891472868217, 0.7653465346534654, 0.7026476578411406, 0.7443946188340808, 0.7192066805845512, 0.830739299610895, 0.9527720739219713, 0.16848364717542122]","[0.6117179741807348, 0.9790718835304822, 0.8399602385685885, 0.7602339181286549, 0.6997950819672131, 0.7335562987736901, 0.7553735926305015, 0.8578431372549019, 0.9530612244897959, 0.16600790513833993]",batch,both
MNIST,small,43,10,all,all,random,baseline,2,0.7,1,0.954,0.9557,0.17732045760154724,0.1747985425233841,63887,0.728309220654402,63761,0.7283899604689203,0.0,0.0,0,0,0,0.3141525940736756,0.9557,0.17479854556322097,0.3196405189810321,234752,235146,"[0.9806122448979592, 0.9823788546255506, 0.9505813953488372, 0.9504950495049505, 0.9501018329938901, 0.9417040358744395, 0.9697286012526096, 0.9474708171206225, 0.9373716632443532, 0.9425173439048563]","[0.974180734856008, 0.9799818016378526, 0.9542743538767395, 0.9337231968810916, 0.9436475409836066, 0.9442586399108138, 0.9723643807574207, 0.9656862745098039, 0.9285714285714286, 0.9397233201581028]",batch,both
MNIST,small,43,10,all,all,random,baseline,2,0.7,3,0.9641,0.9648,0.1270694850564003,0.12308614497184753,63887,0.728309220654402,63761,0.7283899604689203,0.0,0.0,0,0,0,0.3113654019543901,0.9648,0.12308614595532417,0.3318865199107677,234752,235146,"[0.9887755102040816, 0.986784140969163, 0.9573643410852714, 0.9693069306930693, 0.9572301425661914, 0.9540358744394619, 0.9718162839248434, 0.9620622568093385, 0.9414784394250514, 0.9554013875123885]","[0.9781529294935452, 0.9854413102820746, 0.9612326043737575, 0.956140350877193, 0.9651639344262295, 0.9620958751393534, 0.9795291709314228, 0.9735294117647059, 0.9316326530612244, 0.9456521739130435]",batch,both
MNIST,small,43,10,all,all,random,baseline,2,0.7,5,0.9677,0.9688,0.11391843364238739,0.10943836382031441,63887,0.728309220654402,63761,0.7283899604689203,0.0,0.0,0,0,0,0.3132261810824275,0.9688,0.10943836445212364,0.30712552601471543,234752,235146,"[0.9897959183673469, 0.986784140969163, 0.9612403100775194, 0.9722772277227723, 0.9592668024439919, 0.9652466367713004, 0.9739039665970772, 0.9698443579766537, 0.9517453798767967, 0.9554013875123885]","[0.9771598808341608, 0.9836214740673339, 0.9711729622266402, 0.9610136452241715, 0.9672131147540983, 0.9665551839464883, 0.9754350051177073, 0.9794117647058823, 0.9428571428571428, 0.950592885375494]",batch,both
MNIST,small,43,10,a1,layerwise,random,baseline,2,0.05,0,0.978,0.9781,0.08112531626969575,0.0736145582381636,224190,0.04659232987165418,223808,0.04661941112322787,0.0,0.0,0,0,0,0.3198889089981094,0.9781,0.07361455860175192,0.3230887199752033,234752,235146,"[0.9897959183673469, 0.9876651982378855, 0.9757751937984496, 0.9752475247524752, 0.984725050916497, 0.9809417040358744, 0.9853862212943633, 0.9669260700389105, 0.9671457905544147, 0.9672943508424182]","[0.9890764647467726, 0.9836214740673339, 0.9801192842942346, 0.969785575048733, 0.9836065573770492, 0.979933110367893, 0.9918116683725691, 0.9833333333333333, 0.9571428571428572, 0.9614624505928854]",batch,both
MNIST,small,43,10,a1,layerwise,random,baseline,2,0.05,1,0.9823,0.9814,0.06851668585017323,0.06349590083018411,224190,0.04659232987165418,223808,0.04661941112322787,0.0,0.0,0,0,0,0.3143058749847114,0.9814,0.06349590116844046,0.33498547691851854,234752,235146,"[0.9908163265306122, 0.9920704845814978, 0.9806201550387597, 0.9792079207920792, 0.9806517311608961, 0.9820627802690582, 0.9832985386221295, 0.9776264591439688, 0.9691991786447639, 0.977205153617443]","[0.9900695134061569, 0.9872611464968153, 0.9811133200795229, 0.9824561403508771, 0.9825819672131147, 0.9821627647714605, 0.9887410440122825, 0.9882352941176471, 0.9642857142857143, 0.9752964426877471]",batch,both
MNIST,small,43,10,a1,layerwise,random,baseline,2,0.05,3,0.9826,0.9819,0.0678945547401905,0.06336888430983527,224190,0.04659232987165418,223808,0.04661941112322787,0.0,0.0,0,0,0,0.32128936192020774,0.9819,0.06336888500087662,0.3318193459417671,234752,235146,"[0.9918367346938776, 0.9911894273127754, 0.9844961240310077, 0.9831683168316832, 0.9806517311608961, 0.9775784753363229, 0.9843423799582464, 0.980544747081712, 0.9691991786447639, 0.9742319127849356]","[0.9880834160873883, 0.986351228389445, 0.9860834990059643, 0.9824561403508771, 0.9846311475409836, 0.9788182831661093, 0.9877175025588536, 0.9862745098039216, 0.9693877551020408, 0.9752964426877471]",batch,both
MNIST,small,43,10,a1,layerwise,random,baseline,2,0.05,5,0.9836,0.9822,0.06781875183805823,0.0654657385839033,224190,0.04659232987165418,223808,0.04661941112322787,0.0,0.0,0,0,0,0.33799014997202903,0.9822,0.06546573979983805,0.3198938409332186,234752,235146,"[0.9908163265306122, 0.9920704845814978, 0.9825581395348837, 0.9831683168316832, 0.9796334012219959, 0.9854260089686099, 0.9864300626304802, 0.9776264591439688, 0.9691991786447639, 0.9742319127849356]","[0.9900695134061569, 0.9881710646041856, 0.9840954274353877, 0.9814814814814815, 0.9825819672131147, 0.9810479375696767, 0.9887410440122825, 0.9862745098039216, 0.9734693877551021, 0.9792490118577075]",batch,both
MNIST,small,43,10,a1,layerwise,random,baseline,2,0.1,0,0.9762,0.9767,0.08521583488285542,0.07665845534726977,212321,0.09706735389927956,211952,0.09712377317339149,0.0,0.0,0,0,0,0.32745798805262893,0.9767,0.07665845479294657,0.33326782600488514,234752,235146,"[0.9877551020408163, 0.9885462555066079, 0.9728682170542635, 0.9752475247524752, 0.9806517311608961, 0.976457399103139, 0.9874739039665971, 0.9688715953307393, 0.9702258726899384, 0.958374628344896]","[0.9880834160873883, 0.9808917197452229, 0.974155069582505, 0.9756335282651072, 0.9805327868852459, 0.9754738015607581, 0.9918116683725691, 0.9833333333333333, 0.9571428571428572, 0.9545454545454546]",batch,both
MNIST,small,43,10,a1,layerwise,random,baseline,2,0.1,1,0.9819,0.9809,0.06919850920513272,0.06402235802399227,212321,0.09706735389927956,211952,0.09712377317339149,0.0,0.0,0,0,0,0.3225795399630442,0.9809,0.06402235787200043,0.35013247502502054,234752,235146,"[0.9918367346938776, 0.9911894273127754, 0.9806201550387597, 0.9782178217821782, 0.9826883910386965, 0.9786995515695067, 0.9812108559498957, 0.9795719844357976, 0.9702258726899384, 0.9732408325074331]","[0.9890764647467726, 0.9881710646041856, 0.9811133200795229, 0.9775828460038987, 0.9866803278688525, 0.9810479375696767, 0.984646878198567, 0.9872549019607844, 0.9693877551020408, 0.9733201581027668]",batch,both
MNIST,small,43,10,a1,layerwise,random,baseline,2,0.1,3,0.9818,0.9808,0.06993694387078285,0.06577524695391766,212321,0.09706735389927956,211952,0.09712377317339149,0.0,0.0,0,0,0,0.3166065899422392,0.9808,0.06577524609561078,0.3201564949704334,234752,235146,"[0.9908163265306122, 0.9911894273127754, 0.9815891472868217, 0.9801980198019802, 0.9816700610997964, 0.9809417040358744, 0.9843423799582464, 0.9785992217898832, 0.9650924024640657, 0.9722497522299306]","[0.9880834160873883, 0.9872611464968153, 0.9831013916500994, 0.9814814814814815, 0.9836065573770492, 0.9843924191750278, 0.9877175025588536, 0.9862745098039216, 0.9612244897959183, 0.974308300395257]",batch,both
MNIST,small,43,10,a1,layerwise,random,baseline,2,0.1,5,0.9815,0.9808,0.07022027908936143,0.06565197576577193,212321,0.09706735389927956,211952,0.09712377317339149,0.0,0.0,0,0,0,0.3247795889619738,0.9808,0.06565197512483574,0.33434902504086494,234752,235146,"[0.9897959183673469, 0.9903083700440528, 0.9786821705426356, 0.9792079207920792, 0.9786150712830958, 0.9831838565022422, 0.9843423799582464, 0.980544747081712, 0.9671457905544147, 0.9752229930624381]","[0.9851042701092354, 0.9836214740673339, 0.9821073558648111, 0.9785575048732943, 0.9846311475409836, 0.9832775919732442, 0.9856704196519959, 0.9852941176470589, 0.9704081632653061, 0.9762845849802372]",batch,both
MNIST,small,43,10,a1,layerwise,random,baseline,2,0.2,0,0.9732,0.9737,0.09494404716491699,0.08807139791902155,188583,0.19801740195453033,188240,0.19813249727371862,0.0,0.0,0,0,0,0.32027894200291485,0.9737,0.08807139831837267,0.3170151939848438,234752,235146,"[0.9877551020408163, 0.9859030837004406, 0.9709302325581395, 0.9732673267326732, 0.9826883910386965, 0.9742152466367713, 0.9906054279749478, 0.9659533073929961, 0.9558521560574949, 0.9494549058473737]","[0.9811320754716981, 0.9790718835304822, 0.9731610337972167, 0.9688109161793372, 0.9836065573770492, 0.9721293199554069, 0.9948822927328557, 0.9813725490196078, 0.9571428571428572, 0.9407114624505929]",batch,both
MNIST,small,43,10,a1,layerwise,random,baseline,2,0.2,1,0.9803,0.9795,0.07055493028312922,0.06751872619809583,188583,0.19801740195453033,188240,0.19813249727371862,0.0,0.0,0,0,0,0.3092519009951502,0.9795,0.06751872169198468,0.35328292998019606,234752,235146,"[0.9887755102040816, 0.9894273127753304, 0.9777131782945736, 0.9772277227722772, 0.9796334012219959, 0.9798206278026906, 0.9822546972860126, 0.9785992217898832, 0.9650924024640657, 0.9752229930624381]","[0.9900695134061569, 0.9854413102820746, 0.9811133200795229, 0.9746588693957114, 0.9846311475409836, 0.9832775919732442, 0.9825997952917093, 0.9862745098039216, 0.9591836734693877, 0.9752964426877471]",batch,both
MNIST,small,43,10,a1,layerwise,random,baseline,2,0.2,3,0.9813,0.9809,0.07006727380603552,0.06668103314297041,188583,0.19801740195453033,188240,0.19813249727371862,0.0,0.0,0,0,0,0.3468123620841652,0.9809,0.0666810332451365,0.3401145909447223,234752,235146,"[0.9897959183673469, 0.9903083700440528, 0.9815891472868217, 0.9841584158415841, 0.9786150712830958, 0.9798206278026906, 0.9822546972860126, 0.9776264591439688, 0.9671457905544147, 0.9762140733399405]","[0.9870903674280039, 0.9854413102820746, 0.9831013916500994, 0.9785575048732943, 0.9846311475409836, 0.9810479375696767, 0.9856704196519959, 0.9833333333333333, 0.9612244897959183, 0.9822134387351779]",batch,both
MNIST,small,43,10,a1,layerwise,random,baseline,2,0.2,5,0.9817,0.9808,0.07024358820319175,0.06683681841171346,188583,0.19801740195453033,188240,0.19813249727371862,0.0,0.0,0,0,0,0.3434593139681965,0.9808,0.0668368196350988,0.32723866507876664,234752,235146,"[0.9908163265306122, 0.9911894273127754, 0.9825581395348837, 0.9762376237623762, 0.9806517311608961, 0.9798206278026906, 0.9832985386221295, 0.9776264591439688, 0.9681724845995893, 0.9762140733399405]","[0.9880834160873883, 0.986351228389445, 0.9831013916500994, 0.9727095516569201, 0.9846311475409836, 0.9821627647714605, 0.9856704196519959, 0.9852941176470589, 0.9683673469387755, 0.9802371541501976]",batch,both
MNIST,small,43,10,a1,layerwise,random,baseline,2,0.3,0,0.9718,0.9726,0.09532104862928391,0.08894238738939166,165758,0.29508475585381,165440,0.2952562704471101,0.0,0.0,0,0,0,0.3061539300251752,0.9726,0.0889423884652555,0.3253599709132686,234752,235146,"[0.9857142857142858, 0.9876651982378855, 0.9651162790697675, 0.9742574257425742, 0.984725050916497, 0.9719730941704036, 0.9906054279749478, 0.9610894941634242, 0.9537987679671458, 0.9504459861248761]","[0.9811320754716981, 0.9818016378525932, 0.9711729622266402, 0.9736842105263158, 0.9846311475409836, 0.9721293199554069, 0.9938587512794268, 0.9715686274509804, 0.9489795918367347, 0.9387351778656127]",batch,both
MNIST,small,43,10,a1,layerwise,random,baseline,2,0.3,1,0.9808,0.9801,0.07077998069375753,0.06749851050684229,165758,0.29508475585381,165440,0.2952562704471101,0.0,0.0,0,0,0,0.3116288320161402,0.9801,0.06749851146126166,0.31582041701767594,234752,235146,"[0.9897959183673469, 0.9903083700440528, 0.9786821705426356, 0.9772277227722772, 0.9816700610997964, 0.9753363228699552, 0.9843423799582464, 0.9776264591439688, 0.9681724845995893, 0.9762140733399405]","[0.9860973187686196, 0.9836214740673339, 0.9821073558648111, 0.9775828460038987, 0.9815573770491803, 0.9810479375696767, 0.9907881269191402, 0.9823529411764705, 0.9673469387755103, 0.9752964426877471]",batch,both
MNIST,small,43,10,a1,layerwise,random,baseline,2,0.3,3,0.9809,0.9802,0.06883433378189802,0.0666078290653415,165758,0.29508475585381,165440,0.2952562704471101,0.0,0.0,0,0,0,0.3314119520364329,0.9802,0.06660782713489607,0.3264537750510499,234752,235146,"[0.9897959183673469, 0.9911894273127754, 0.9786821705426356, 0.9762376237623762, 0.9816700610997964, 0.9775784753363229, 0.9832985386221295, 0.9776264591439688, 0.9671457905544147, 0.977205153617443]","[0.9851042701092354, 0.9854413102820746, 0.9821073558648111, 0.9766081871345029, 0.9825819672131147, 0.9832775919732442, 0.9887410440122825, 0.9852941176470589, 0.963265306122449, 0.9762845849802372]",batch,both
MNIST,small,43,10,a1,layerwise,random,baseline,2,0.3,5,0.9807,0.9803,0.06986078027635813,0.06533422715552151,165758,0.29508475585381,165440,0.2952562704471101,0.0,0.0,0,0,0,0.31890293199103326,0.9803,0.06533422881215811,0.3214942499762401,234752,235146,"[0.9897959183673469, 0.9920704845814978, 0.9844961240310077, 0.9742574257425742, 0.9765784114052953, 0.9798206278026906, 0.9843423799582464, 0.9766536964980544, 0.9671457905544147, 0.9762140733399405]","[0.9860973187686196, 0.9854413102820746, 0.9840954274353877, 0.9717348927875243, 0.9815573770491803, 0.9810479375696767, 0.9877175025588536, 0.9823529411764705, 0.9724489795918367, 0.974308300395257]",batch,both
MNIST,small,43,10,a1,layerwise,random,baseline,2,0.4,0,0.9678,0.9675,0.11254794150590897,0.10802392110228538,142020,0.39603480390906076,141728,0.39626499454743724,0.0,0.0,0,0,0,0.31685691291932017,0.9675,0.10802392334342002,0.32843749097082764,234752,235146,"[0.9734693877551021, 0.9894273127753304, 0.9718992248062015, 0.9683168316831683, 0.9857433808553971, 0.9517937219730942, 0.9874739039665971, 0.9571984435797666, 0.9537987679671458, 0.9326065411298315]","[0.9662363455809335, 0.9818016378525932, 0.9771371769383698, 0.9668615984405458, 0.9815573770491803, 0.9531772575250836, 0.9938587512794268, 0.9725490196078431, 0.9571428571428572, 0.9258893280632411]",batch,both
MNIST,small,43,10,a1,layerwise,random,baseline,2,0.4,1,0.9796,0.9781,0.07338110112845897,0.07240735049974173,142020,0.39603480390906076,141728,0.39626499454743724,0.0,0.0,0,0,0,0.3224472780711949,0.9781,0.07240735202115028,0.34249220695346594,234752,235146,"[0.9897959183673469, 0.9894273127753304, 0.9815891472868217, 0.9792079207920792, 0.9745417515274949, 0.9697309417040358, 0.9822546972860126, 0.97568093385214, 0.9650924024640657, 0.9712586719524281]","[0.9890764647467726, 0.9836214740673339, 0.9821073558648111, 0.9717348927875243, 0.9795081967213115, 0.9777034559643255, 0.9866939611054247, 0.9852941176470589, 0.9673469387755103, 0.9723320158102767]",batch,both
MNIST,small,43,10,a1,layerwise,random,baseline,2,0.4,3,0.9805,0.9792,0.07192844363749028,0.07047284580441192,142020,0.39603480390906076,141728,0.39626499454743724,0.0,0.0,0,0,0,0.31095217296388,0.9792,0.07047284814687446,0.32082168699707836,234752,235146,"[0.9918367346938776, 0.9911894273127754, 0.9786821705426356, 0.9762376237623762, 0.9786150712830958, 0.9742152466367713, 0.9832985386221295, 0.9776264591439688, 0.9630390143737166, 0.9752229930624381]","[0.9890764647467726, 0.9845313921747043, 0.9860834990059643, 0.9707602339181286, 0.9805327868852459, 0.9832775919732442, 0.9856704196519959, 0.9872549019607844, 0.9642857142857143, 0.9733201581027668]",batch,both
MNIST,small,43,10,a1,layerwise,random,baseline,2,0.4,5,0.9808,0.9806,0.06856295890137554,0.06801060357904061,142020,0.39603480390906076,141728,0.39626499454743724,0.0,0.0,0,0,0,0.3090789719717577,0.9806,0.06801060082977638,0.3235339429229498,234752,235146,"[0.9918367346938776, 0.9929515418502203, 0.9796511627906976, 0.9821782178217822, 0.9786150712830958, 0.9753363228699552, 0.9822546972860126, 0.980544747081712, 0.9661190965092402, 0.9742319127849356]","[0.9880834160873883, 0.9854413102820746, 0.9831013916500994, 0.9746588693957114, 0.9825819672131147, 0.9832775919732442, 0.9856704196519959, 0.9862745098039216, 0.9622448979591837, 0.9762845849802372]",batch,both
MNIST,small,43,10,a1,layerwise,random,baseline,2,0.5,0,0.959,0.9605,0.14208043985366822,0.1376350371837616,118282,0.4969848519643115,118016,0.4972737186477645,0.0,0.0,0,0,0,0.32061676401644945,0.9605,0.13763503967523574,0.33688748499844223,234752,235146,"[0.9663265306122449, 0.9885462555066079, 0.9670542635658915, 0.9514851485148514, 0.9786150712830958, 0.9260089686098655, 0.9916492693110647, 0.9562256809338522, 0.9579055441478439, 0.9157581764122894]","[0.9523336643495531, 0.9799818016378526, 0.963220675944334, 0.9532163742690059, 0.9754098360655737, 0.919732441471572, 0.9907881269191402, 0.9705882352941176, 0.9642857142857143, 0.91600790513834]",batch,both
MNIST,small,43,10,a1,layerwise,random,baseline,2,0.5,1,0.9765,0.9759,0.0801313389018178,0.0779182736866176,118282,0.4969848519643115,118016,0.4972737186477645,0.0,0.0,0,0,0,0.32531610096339136,0.9759,0.07791827315613628,0.3176619940204546,234752,235146,"[0.9897959183673469, 0.9894273127753304, 0.9786821705426356, 0.9762376237623762, 0.9714867617107943, 0.9708520179372198, 0.9812108559498957, 0.97568093385214, 0.9620123203285421, 0.9613478691774033]","[0.9860973187686196, 0.9836214740673339, 0.9821073558648111, 0.9678362573099415, 0.9764344262295082, 0.9743589743589743, 0.9785056294779939, 0.9862745098039216, 0.963265306122449, 0.9654150197628458]",batch,both
MNIST,small,43,10,a1,layerwise,random,baseline,2,0.5,3,0.9782,0.9786,0.07483125761076807,0.0722872430337593,118282,0.4969848519643115,118016,0.4972737186477645,0.0,0.0,0,0,0,0.3097702709492296,0.9786,0.07228724293764681,0.3194775019073859,234752,235146,"[0.9877551020408163, 0.9920704845814978, 0.9825581395348837, 0.9732673267326732, 0.9816700610997964, 0.9742152466367713, 0.9822546972860126, 0.980544747081712, 0.9650924024640657, 0.9643211100099108]","[0.9880834160873883, 0.9845313921747043, 0.9831013916500994, 0.9658869395711501, 0.9805327868852459, 0.9788182831661093, 0.9805527123848515, 0.9872549019607844, 0.9653061224489796, 0.967391304347826]",batch,both
MNIST,small,43,10,a1,layerwise,random,baseline,2,0.5,5,0.979,0.9792,0.07238371051549912,0.07005465993145481,118282,0.4969848519643115,118016,0.4972737186477645,0.0,0.0,0,0,0,0.3187517370097339,0.9792,0.07005465653548017,0.33479589503258467,234752,235146,"[0.9887755102040816, 0.9903083700440528, 0.9835271317829457, 0.9762376237623762, 0.9826883910386965, 0.9753363228699552, 0.9812108559498957, 0.9766536964980544, 0.9640657084188912, 0.9712586719524281]","[0.9880834160873883, 0.9854413102820746, 0.9831013916500994, 0.9707602339181286, 0.9836065573770492, 0.9788182831661093, 0.9795291709314228, 0.984313725490196, 0.9642857142857143, 0.9713438735177866]",batch,both
MNIST,small,43,10,a1,layerwise,random,baseline,2,0.7,0,0.9236,0.9251,0.32646594009399416,0.32498084869384763,71719,0.6950022539188419,71504,0.6954062159214831,0.0,0.0,0,0,0,0.3191225929185748,0.9251,0.32498085021972656,0.3146833210485056,234752,235146,"[0.9469387755102041, 0.973568281938326, 0.8914728682170543, 0.905940594059406, 0.9562118126272913, 0.8531390134529148, 0.9832985386221295, 0.9319066147859922, 0.9455852156057495, 0.8543111992071358]","[0.9404170804369414, 0.9745222929936306, 0.8936381709741551, 0.9035087719298246, 0.9477459016393442, 0.8494983277591973, 0.9815762538382804, 0.9470588235294117, 0.9336734693877551, 0.8547430830039525]",batch,both
MNIST,small,43,10,a1,layerwise,random,baseline,2,0.7,1,0.9662,0.9673,0.10776851053237915,0.1111992661267519,71719,0.6950022539188419,71504,0.6954062159214831,0.0,0.0,0,0,0,0.32489911594893783,0.9673,0.11119926754534244,0.32095388404559344,234752,235146,"[0.9887755102040816, 0.9850220264317181, 0.9651162790697675, 0.9653465346534653, 0.9643584521384929, 0.9540358744394619, 0.9780793319415448, 0.9708171206225681, 0.9435318275154004, 0.9544103072348861]","[0.9781529294935452, 0.9818016378525932, 0.9731610337972167, 0.9571150097465887, 0.9641393442622951, 0.9520624303232998, 0.977482088024565, 0.9803921568627451, 0.9387755102040817, 0.9555335968379447]",batch,both
MNIST,small,43,10,a1,layerwise,random,baseline,2,0.7,3,0.971,0.9711,0.09250689249038696,0.09465786924585701,71719,0.6950022539188419,71504,0.6954062159214831,0.0,0.0,0,0,0,0.31768029497470707,0.9711,0.09465786967203021,0.32347117306198925,234752,235146,"[0.9887755102040816, 0.9841409691629956, 0.9612403100775194, 0.9673267326732673, 0.9806517311608961, 0.9517937219730942, 0.9843423799582464, 0.9727626459143969, 0.9548254620123203, 0.9623389494549058]","[0.9811320754716981, 0.9818016378525932, 0.974155069582505, 0.9639376218323586, 0.9764344262295082, 0.9565217391304348, 0.9825997952917093, 0.9823529411764705, 0.9479591836734694, 0.9604743083003953]",batch,both
MNIST,small,43,10,a1,layerwise,random,baseline,2,0.7,5,0.9734,0.9735,0.08742707172036171,0.08856831068582832,71719,0.6950022539188419,71504,0.6954062159214831,0.0,0.0,0,0,0,0.326152905006893,0.9735,0.08856830800361931,0.3146075860131532,234752,235146,"[0.9887755102040816, 0.9859030837004406, 0.9709302325581395, 0.9673267326732673, 0.9725050916496945, 0.9641255605381166, 0.9822546972860126, 0.9727626459143969, 0.9589322381930184, 0.9692765113974232]","[0.9831181727904668, 0.9827115559599636, 0.9771371769383698, 0.9639376218323586, 0.9713114754098361, 0.9698996655518395, 0.9805527123848515, 0.9803921568627451, 0.9581632653061225, 0.9654150197628458]",batch,both
MNIST,small,43,10,a2,layerwise,random,baseline,2,0.05,0,0.9779,0.979,0.07846833244562149,0.0681793969288934,233544,0.006812788650455426,233156,0.006798664122137366,0.0,0.0,0,0,0,0.34717349999118596,0.979,0.0681793977424968,0.3330458849668503,234752,235146,"[0.9897959183673469, 0.9903083700440528, 0.9786821705426356, 0.9742574257425742, 0.9837067209775967, 0.9809417040358744, 0.9832985386221295, 0.9678988326848249, 0.9671457905544147, 0.9732408325074331]","[0.9900695134061569, 0.9854413102820746, 0.9811133200795229, 0.9639376218323586, 0.985655737704918, 0.9810479375696767, 0.9887410440122825, 0.9794117647058823, 0.9591836734693877, 0.9644268774703557]",batch,both
MNIST,small,43,10,a2,layerwise,random,baseline,2,0.05,1,0.9822,0.9814,0.06612059853449463,0.06112557033798075,233544,0.006812788650455426,233156,0.006798664122137366,0.0,0.0,0,0,0,0.32456383807584643,0.9814,0.061125568455219034,0.32466209097765386,234752,235146,"[0.9908163265306122, 0.9929515418502203, 0.9806201550387597, 0.9811881188118812, 0.9826883910386965, 0.9809417040358744, 0.9822546972860126, 0.9785992217898832, 0.9722792607802875, 0.9702675916749257]","[0.9880834160873883, 0.9872611464968153, 0.9850894632206759, 0.9814814814814815, 0.9836065573770492, 0.9832775919732442, 0.9866939611054247, 0.9852941176470589, 0.9693877551020408, 0.9713438735177866]",batch,both
MNIST,small,43,10,a2,layerwise,random,baseline,2,0.05,3,0.9832,0.9822,0.06781761072203517,0.06383772724033915,233544,0.006812788650455426,233156,0.006798664122137366,0.0,0.0,0,0,0,0.31722476799041033,0.9822,0.06383772686482989,0.32321905496064574,234752,235146,"[0.9918367346938776, 0.9920704845814978, 0.9835271317829457, 0.9831683168316832, 0.9837067209775967, 0.9798206278026906, 0.9812108559498957, 0.9776264591439688, 0.9722792607802875, 0.9752229930624381]","[0.9880834160873883, 0.9872611464968153, 0.9860834990059643, 0.9844054580896686, 0.9877049180327869, 0.9843924191750278, 0.9866939611054247, 0.9833333333333333, 0.9683673469387755, 0.9752964426877471]",batch,both
MNIST,small,43,10,a2,layerwise,random,baseline,2,0.05,5,0.983,0.9822,0.06751144503261894,0.06422330225238111,233544,0.006812788650455426,233156,0.006798664122137366,0.0,0.0,0,0,0,0.32439954206347466,0.9822,0.06422330310025719,0.3136123860022053,234752,235146,"[0.9908163265306122, 0.9920704845814978, 0.9835271317829457, 0.9821782178217822, 0.9786150712830958, 0.9809417040358744, 0.9853862212943633, 0.9776264591439688, 0.973305954825462, 0.9762140733399405]","[0.9870903674280039, 0.986351228389445, 0.9860834990059643, 0.97953216374269, 0.9846311475409836, 0.979933110367893, 0.9877175025588536, 0.984313725490196, 0.9755102040816327, 0.9782608695652174]",batch,both
MNIST,small,43,10,a2,layerwise,random,baseline,2,0.1,0,0.9778,0.979,0.0793003970593214,0.06900608182316646,231942,0.013625577300910963,231560,0.013597328244274842,0.0,0.0,0,0,0,0.31873965892009437,0.979,0.06900608267998323,0.34097683103755116,234752,235146,"[0.9918367346938776, 0.9929515418502203, 0.9806201550387597, 0.9752475247524752, 0.9867617107942973, 0.9798206278026906, 0.9822546972860126, 0.9688715953307393, 0.9671457905544147, 0.9633300297324083]","[0.9910625620655412, 0.9872611464968153, 0.9821073558648111, 0.9649122807017544, 0.985655737704918, 0.9821627647714605, 0.9887410440122825, 0.9794117647058823, 0.960204081632653, 0.9565217391304348]",batch,both
MNIST,small,43,10,a2,layerwise,random,baseline,2,0.1,1,0.982,0.9817,0.06777903336808086,0.06082333548077731,231942,0.013625577300910963,231560,0.013597328244274842,0.0,0.0,0,0,0,0.3211981380591169,0.9817,0.060823334643332054,0.3378891539759934,234752,235146,"[0.9908163265306122, 0.9938325991189427, 0.9786821705426356, 0.9841584158415841, 0.9816700610997964, 0.9831838565022422, 0.9843423799582464, 0.9737354085603113, 0.9702258726899384, 0.9752229930624381]","[0.9870903674280039, 0.989080982711556, 0.9840954274353877, 0.97953216374269, 0.9836065573770492, 0.9810479375696767, 0.9866939611054247, 0.984313725490196, 0.9704081632653061, 0.9733201581027668]",batch,both
MNIST,small,43,10,a2,layerwise,random,baseline,2,0.1,3,0.9821,0.9819,0.06712942997179926,0.06212067672633566,231942,0.013625577300910963,231560,0.013597328244274842,0.0,0.0,0,0,0,0.32176898897159845,0.9819,0.062120677712606265,0.3201115489937365,234752,235146,"[0.9908163265306122, 0.9920704845814978, 0.9835271317829457, 0.9811881188118812, 0.9786150712830958, 0.984304932735426, 0.9822546972860126, 0.9795719844357976, 0.971252566735113, 0.9742319127849356]","[0.9860973187686196, 0.9872611464968153, 0.9860834990059643, 0.9785575048732943, 0.9836065573770492, 0.9821627647714605, 0.9877175025588536, 0.9852941176470589, 0.9683673469387755, 0.9752964426877471]",batch,both
MNIST,small,43,10,a2,layerwise,random,baseline,2,0.1,5,0.9824,0.9825,0.06631650656685233,0.061904261104384205,231942,0.013625577300910963,231560,0.013597328244274842,0.0,0.0,0,0,0,0.30856346897780895,0.9825,0.06190426243803813,0.3204150589881465,234752,235146,"[0.9908163265306122, 0.9920704845814978, 0.9835271317829457, 0.9821782178217822, 0.9826883910386965, 0.9831838565022422, 0.9832985386221295, 0.9795719844357976, 0.9702258726899384, 0.9762140733399405]","[0.9860973187686196, 0.9881710646041856, 0.9870775347912525, 0.9814814814814815, 0.9836065573770492, 0.9788182831661093, 0.9866939611054247, 0.9862745098039216, 0.9673469387755103, 0.9772727272727273]",batch,both
MNIST,small,43,10,a2,layerwise,random,baseline,2,0.2,0,0.9779,0.977,0.0792606731891632,0.07195923593770713,228471,0.028386619376897793,228102,0.028327767175572505,0.0,0.0,0,0,0,0.32032482395879924,0.977,0.07195923613440246,0.3236682789865881,234752,235146,"[0.9897959183673469, 0.9876651982378855, 0.9796511627906976, 0.9792079207920792, 0.984725050916497, 0.9820627802690582, 0.9801670146137788, 0.9620622568093385, 0.9702258726899384, 0.9544103072348861]","[0.9900695134061569, 0.9827115559599636, 0.9781312127236581, 0.969785575048733, 0.9877049180327869, 0.9810479375696767, 0.9887410440122825, 0.9764705882352941, 0.9683673469387755, 0.9565217391304348]",batch,both
MNIST,small,43,10,a2,layerwise,random,baseline,2,0.2,1,0.9807,0.9817,0.06696996766030788,0.061554716902552174,228471,0.028386619376897793,228102,0.028327767175572505,0.0,0.0,0,0,0,0.31423103297129273,0.9817,0.0615547180141788,0.3321525970241055,234752,235146,"[0.9918367346938776, 0.9920704845814978, 0.9796511627906976, 0.9792079207920792, 0.9786150712830958, 0.9820627802690582, 0.9801670146137788, 0.9795719844357976, 0.9702258726899384, 0.9821605550049554]","[0.9880834160873883, 0.9827115559599636, 0.9840954274353877, 0.9727095516569201, 0.9805327868852459, 0.9843924191750278, 0.984646878198567, 0.9862745098039216, 0.9704081632653061, 0.9733201581027668]",batch,both
MNIST,small,43,10,a2,layerwise,random,baseline,2,0.2,3,0.9819,0.9823,0.06639164813905954,0.06285241588719073,228471,0.028386619376897793,228102,0.028327767175572505,0.0,0.0,0,0,0,0.33619214594364166,0.9823,0.06285241618931177,0.3384844510583207,234752,235146,"[0.9908163265306122, 0.9920704845814978, 0.9806201550387597, 0.9831683168316832, 0.9826883910386965, 0.9820627802690582, 0.9832985386221295, 0.9785992217898832, 0.971252566735113, 0.977205153617443]","[0.9900695134061569, 0.9872611464968153, 0.9811133200795229, 0.9824561403508771, 0.9846311475409836, 0.9832775919732442, 0.9856704196519959, 0.9872549019607844, 0.9673469387755103, 0.9693675889328063]",batch,both
MNIST,small,43,10,a2,layerwise,random,baseline,2,0.2,5,0.983,0.982,0.06539145905263721,0.06388286703430932,228471,0.028386619376897793,228102,0.028327767175572505,0.0,0.0,0,0,0,0.3254462359473109,0.982,0.0638828673792712,0.3534335510339588,234752,235146,"[0.9908163265306122, 0.9920704845814978, 0.9815891472868217, 0.9841584158415841, 0.9796334012219959, 0.9809417040358744, 0.9832985386221295, 0.980544747081712, 0.9691991786447639, 0.9762140733399405]","[0.9880834160873883, 0.9854413102820746, 0.9850894632206759, 0.9853801169590644, 0.9846311475409836, 0.9855072463768116, 0.9856704196519959, 0.9862745098039216, 0.9653061224489796, 0.9782608695652174]",batch,both
MNIST,small,43,10,a2,layerwise,random,baseline,2,0.3,0,0.9765,0.9781,0.08154294267594814,0.07396931315585971,225000,0.04314766145288462,224644,0.04305820610687028,0.0,0.0,0,0,0,0.30670095002278686,0.9781,0.07396931407153606,0.32905717100948095,234752,235146,"[0.9887755102040816, 0.9885462555066079, 0.9815891472868217, 0.9762376237623762, 0.984725050916497, 0.9831838565022422, 0.9832985386221295, 0.9688715953307393, 0.973305954825462, 0.9524281466798811]","[0.9860973187686196, 0.9772520473157416, 0.9791252485089463, 0.9678362573099415, 0.9877049180327869, 0.979933110367893, 0.9887410440122825, 0.9813725490196078, 0.9683673469387755, 0.9496047430830039]",batch,both
MNIST,small,43,10,a2,layerwise,random,baseline,2,0.3,1,0.9819,0.9815,0.06641742937117814,0.06078677173848264,225000,0.04314766145288462,224644,0.04305820610687028,0.0,0.0,0,0,0,0.307509767008014,0.9815,0.060786771274311466,0.33291679702233523,234752,235146,"[0.9908163265306122, 0.9929515418502203, 0.9806201550387597, 0.9801980198019802, 0.9837067209775967, 0.9798206278026906, 0.9812108559498957, 0.9785992217898832, 0.971252566735113, 0.9742319127849356]","[0.9890764647467726, 0.9854413102820746, 0.9831013916500994, 0.9756335282651072, 0.9877049180327869, 0.9821627647714605, 0.9856704196519959, 0.9862745098039216, 0.9693877551020408, 0.974308300395257]",batch,both
MNIST,small,43,10,a2,layerwise,random,baseline,2,0.3,3,0.982,0.9816,0.0646485451862216,0.060985065017826856,225000,0.04314766145288462,224644,0.04305820610687028,0.0,0.0,0,0,0,0.32124161603860557,0.9816,0.06098506620656699,0.3307735559064895,234752,235146,"[0.9908163265306122, 0.9929515418502203, 0.9815891472868217, 0.9782178217821782, 0.9806517311608961, 0.9809417040358744, 0.9832985386221295, 0.9766536964980544, 0.9722792607802875, 0.977205153617443]","[0.9860973187686196, 0.9872611464968153, 0.9840954274353877, 0.9746588693957114, 0.9846311475409836, 0.9821627647714605, 0.9877175025588536, 0.9862745098039216, 0.9693877551020408, 0.9772727272727273]",batch,both
MNIST,small,43,10,a2,layerwise,random,baseline,2,0.3,5,0.9822,0.9817,0.06481349207013845,0.06200807243803283,225000,0.04314766145288462,224644,0.04305820610687028,0.0,0.0,0,0,0,0.3087751619750634,0.9817,0.0620080722505576,0.329503703978844,234752,235146,"[0.9908163265306122, 0.9911894273127754, 0.9806201550387597, 0.9821782178217822, 0.9786150712830958, 0.9786995515695067, 0.9822546972860126, 0.9785992217898832, 0.9743326488706365, 0.9781962338949455]","[0.9851042701092354, 0.9872611464968153, 0.9850894632206759, 0.9785575048732943, 0.9825819672131147, 0.9821627647714605, 0.9887410440122825, 0.9862745098039216, 0.9704081632653061, 0.9752964426877471]",batch,both
MNIST,small,43,10,a2,layerwise,random,baseline,2,0.4,0,0.9749,0.9754,0.0952437472641468,0.08646865267604589,221529,0.05790870352887145,221186,0.05778864503816794,0.0,0.0,0,0,0,0.31902891502249986,0.9754,0.08646865268796683,0.3319190749898553,234752,235146,"[0.9908163265306122, 0.9859030837004406, 0.9815891472868217, 0.9792079207920792, 0.984725050916497, 0.9786995515695067, 0.9812108559498957, 0.9630350194552529, 0.9753593429158111, 0.933597621407334]","[0.9860973187686196, 0.9717925386715196, 0.9781312127236581, 0.9658869395711501, 0.9918032786885246, 0.979933110367893, 0.9887410440122825, 0.9794117647058823, 0.976530612244898, 0.932806324110672]",batch,both
MNIST,small,43,10,a2,layerwise,random,baseline,2,0.4,1,0.9825,0.9812,0.06636195956766605,0.06132828274229542,221529,0.05790870352887145,221186,0.05778864503816794,0.0,0.0,0,0,0,0.3248997959308326,0.9812,0.0613282827408053,0.33727786294184625,234752,235146,"[0.9918367346938776, 0.9929515418502203, 0.9844961240310077, 0.9811881188118812, 0.9796334012219959, 0.9798206278026906, 0.9791231732776617, 0.9766536964980544, 0.9681724845995893, 0.9762140733399405]","[0.9890764647467726, 0.986351228389445, 0.9831013916500994, 0.9805068226120858, 0.9825819672131147, 0.9843924191750278, 0.9866939611054247, 0.9872549019607844, 0.9673469387755103, 0.9772727272727273]",batch,both
MNIST,small,43,10,a2,layerwise,random,baseline,2,0.4,3,0.9819,0.9816,0.06540321436226368,0.06169741523283301,221529,0.05790870352887145,221186,0.05778864503816794,0.0,0.0,0,0,0,0.31604965298902243,0.9816,0.061697415843035563,0.33031783904880285,234752,235146,"[0.9928571428571429, 0.9920704845814978, 0.9815891472868217, 0.9811881188118812, 0.9755600814663951, 0.9831838565022422, 0.9812108559498957, 0.9785992217898832, 0.9722792607802875, 0.9762140733399405]","[0.9880834160873883, 0.986351228389445, 0.9801192842942346, 0.9775828460038987, 0.9795081967213115, 0.9855072463768116, 0.9856704196519959, 0.9862745098039216, 0.9724489795918367, 0.9772727272727273]",batch,both
MNIST,small,43,10,a2,layerwise,random,baseline,2,0.4,5,0.9809,0.9826,0.06570487908311189,0.061540867555304433,221529,0.05790870352887145,221186,0.05778864503816794,0.0,0.0,0,0,0,0.31449412007350475,0.9826,0.06154086666719522,0.31998493196442723,234752,235146,"[0.9928571428571429, 0.9929515418502203, 0.9825581395348837, 0.9811881188118812, 0.9775967413441955, 0.9831838565022422, 0.9812108559498957, 0.9824902723735408, 0.973305954825462, 0.977205153617443]","[0.9870903674280039, 0.9872611464968153, 0.9821073558648111, 0.9727095516569201, 0.9815573770491803, 0.9821627647714605, 0.984646878198567, 0.9862745098039216, 0.9704081632653061, 0.974308300395257]",batch,both
MNIST,small,43,10,a2,layerwise,random,baseline,2,0.5,0,0.9704,0.973,0.13332183635234832,0.12428019696772098,218058,0.07266974560485828,217728,0.0725190839694656,0.0,0.0,0,0,0,0.31925159704405814,0.973,0.12428019735813141,0.3317081570858136,234752,235146,"[0.986734693877551, 0.9823788546255506, 0.9874031007751938, 0.9841584158415841, 0.9826883910386965, 0.9708520179372198, 0.9843423799582464, 0.9688715953307393, 0.9753593429158111, 0.9068384539147671]","[0.9831181727904668, 0.9672429481346679, 0.9840954274353877, 0.9658869395711501, 0.9866803278688525, 0.9743589743589743, 0.9856704196519959, 0.9823529411764705, 0.9724489795918367, 0.9041501976284585]",batch,both
MNIST,small,43,10,a2,layerwise,random,baseline,2,0.5,1,0.9789,0.9809,0.06997972358316183,0.06432878537504003,218058,0.07266974560485828,217728,0.0725190839694656,0.0,0.0,0,0,0,0.3140872159274295,0.9809,0.06432878592340276,0.3368046109098941,234752,235146,"[0.9897959183673469, 0.9920704845814978, 0.9786821705426356, 0.9811881188118812, 0.9786150712830958, 0.9831838565022422, 0.9801670146137788, 0.9776264591439688, 0.971252566735113, 0.9752229930624381]","[0.9870903674280039, 0.9845313921747043, 0.9771371769383698, 0.9707602339181286, 0.9805327868852459, 0.9810479375696767, 0.984646878198567, 0.9862745098039216, 0.963265306122449, 0.9733201581027668]",batch,both
MNIST,small,43,10,a2,layerwise,random,baseline,2,0.5,3,0.9809,0.9818,0.06571318736374378,0.061109272171743216,218058,0.07266974560485828,217728,0.0725190839694656,0.0,0.0,0,0,0,0.3331490440759808,0.9818,0.06110927183202002,0.32375610794406384,234752,235146,"[0.9908163265306122, 0.9938325991189427, 0.9806201550387597, 0.9861386138613861, 0.9816700610997964, 0.9786995515695067, 0.9832985386221295, 0.9766536964980544, 0.973305954825462, 0.9712586719524281]","[0.9860973187686196, 0.986351228389445, 0.9781312127236581, 0.97953216374269, 0.9795081967213115, 0.9832775919732442, 0.9877175025588536, 0.9862745098039216, 0.9673469387755103, 0.974308300395257]",batch,both
MNIST,small,43,10,a2,layerwise,random,baseline,2,0.5,5,0.9816,0.9824,0.06441388559490442,0.0603099038842367,218058,0.07266974560485828,217728,0.0725190839694656,0.0,0.0,0,0,0,0.3242200599052012,0.9824,0.06030990349233616,0.32794352795463055,234752,235146,"[0.9908163265306122, 0.9929515418502203, 0.9844961240310077, 0.9881188118811881, 0.9796334012219959, 0.9809417040358744, 0.9832985386221295, 0.9766536964980544, 0.9743326488706365, 0.9712586719524281]","[0.9870903674280039, 0.986351228389445, 0.9801192842942346, 0.9805068226120858, 0.9825819672131147, 0.9832775919732442, 0.9877175025588536, 0.9862745098039216, 0.9673469387755103, 0.974308300395257]",batch,both
MNIST,small,43,10,a2,layerwise,random,baseline,2,0.7,0,0.9577,0.9594,0.31787365307807924,0.30606228070259095,211383,0.10105636498175596,211078,0.10084685114503822,0.0,0.0,0,0,0,0.30734859104268253,0.9594,0.3060622805118561,0.3097743339603767,234752,235146,"[0.9744897959183674, 0.9832599118942731, 0.9912790697674418, 0.9712871287128713, 0.9755600814663951, 0.9674887892376681, 0.9624217118997912, 0.9494163424124513, 0.9599589322381931, 0.8572844400396432]","[0.9553128103277061, 0.9763421292083713, 0.9900596421471173, 0.9580896686159844, 0.9805327868852459, 0.9743589743589743, 0.962128966223132, 0.9705882352941176, 0.9591836734693877, 0.8517786561264822]",batch,both
MNIST,small,43,10,a2,layerwise,random,baseline,2,0.7,1,0.9773,0.9767,0.0810838652163744,0.0739165306787938,211383,0.10105636498175596,211078,0.10084685114503822,0.0,0.0,0,0,0,0.3178403510246426,0.9767,0.07391652903966606,0.3110223850235343,234752,235146,"[0.9897959183673469, 0.9911894273127754, 0.9767441860465116, 0.9752475247524752, 0.9775967413441955, 0.9786995515695067, 0.9749478079331941, 0.97568093385214, 0.9640657084188912, 0.9613478691774033]","[0.9841112214498511, 0.9836214740673339, 0.9801192842942346, 0.9649122807017544, 0.9825819672131147, 0.9810479375696767, 0.9815762538382804, 0.984313725490196, 0.9591836734693877, 0.9713438735177866]",batch,both
MNIST,small,43,10,a2,layerwise,random,baseline,2,0.7,3,0.9803,0.9802,0.07197639812380076,0.06533385428860783,211383,0.10105636498175596,211078,0.10084685114503822,0.0,0.0,0,0,0,0.32688732992392033,0.9802,0.06533385306969285,0.3159570540301502,234752,235146,"[0.9918367346938776, 0.9929515418502203, 0.9806201550387597, 0.9831683168316832, 0.9765784114052953, 0.9798206278026906, 0.975991649269311, 0.97568093385214, 0.971252566735113, 0.9722497522299306]","[0.9860973187686196, 0.986351228389445, 0.9801192842942346, 0.9775828460038987, 0.9846311475409836, 0.979933110367893, 0.9887410440122825, 0.9862745098039216, 0.960204081632653, 0.9723320158102767]",batch,both
MNIST,small,43,10,a2,layerwise,random,baseline,2,0.7,5,0.9801,0.98,0.06876639342159033,0.06308544212267735,211383,0.10105636498175596,211078,0.10084685114503822,0.0,0.0,0,0,0,0.3139933639904484,0.98,0.06308544215844013,0.32819055998697877,234752,235146,"[0.9918367346938776, 0.9903083700440528, 0.9806201550387597, 0.9801980198019802, 0.9796334012219959, 0.9775784753363229, 0.9801670146137788, 0.9747081712062257, 0.973305954825462, 0.9702675916749257]","[0.9851042701092354, 0.9872611464968153, 0.9801192842942346, 0.9707602339181286, 0.9836065573770492, 0.979933110367893, 0.9887410440122825, 0.9852941176470589, 0.9663265306122449, 0.9733201581027668]",batch,both
MNIST,small,43,10,all,all,random,baseline,3,0.05,0,0.9769,0.9789,0.08148616324067116,0.07029554026173428,222660,0.05309892577377462,222284,0.05311136859323884,0.0,0.0,0,0,0,0.3312842749292031,0.9789,0.07029554051207379,0.33247802103869617,234752,235146,"[0.9877551020408163, 0.9911894273127754, 0.9777131782945736, 0.9801980198019802, 0.9877800407331976, 0.9786995515695067, 0.9853862212943633, 0.9708171206225681, 0.9722792607802875, 0.956392467789891]","[0.9890764647467726, 0.9845313921747043, 0.9801192842942346, 0.9678362573099415, 0.9846311475409836, 0.9810479375696767, 0.9897645854657113, 0.9803921568627451, 0.9571428571428572, 0.9545454545454546]",batch,both
MNIST,small,43,10,all,all,random,baseline,3,0.05,1,0.9825,0.9812,0.0663238203946501,0.06117976171565242,222660,0.05309892577377462,222284,0.05311136859323884,0.0,0.0,0,0,0,0.32826126902364194,0.9812,0.06117976191830821,0.32476050895638764,234752,235146,"[0.9918367346938776, 0.9938325991189427, 0.9815891472868217, 0.9762376237623762, 0.9816700610997964, 0.9809417040358744, 0.9801670146137788, 0.9776264591439688, 0.9722792607802875, 0.9742319127849356]","[0.9890764647467726, 0.9881710646041856, 0.9850894632206759, 0.9756335282651072, 0.985655737704918, 0.9821627647714605, 0.9856704196519959, 0.9862745098039216, 0.9704081632653061, 0.9762845849802372]",batch,both
MNIST,small,43,10,all,all,random,baseline,3,0.05,3,0.9828,0.9815,0.0662014321833849,0.06059003771771677,222660,0.05309892577377462,222284,0.05311136859323884,0.0,0.0,0,0,0,0.3187163230031729,0.9815,0.06059003789951094,0.3191258469596505,234752,235146,"[0.9918367346938776, 0.9929515418502203, 0.9835271317829457, 0.9792079207920792, 0.9786150712830958, 0.9809417040358744, 0.9812108559498957, 0.9785992217898832, 0.9722792607802875, 0.9742319127849356]","[0.9880834160873883, 0.9872611464968153, 0.9870775347912525, 0.9766081871345029, 0.9825819672131147, 0.9832775919732442, 0.9877175025588536, 0.9872549019607844, 0.9714285714285714, 0.9762845849802372]",batch,both
MNIST,small,43,10,all,all,random,baseline,3,0.05,5,0.9833,0.9809,0.06663436843380333,0.06295736075635068,222660,0.05309892577377462,222284,0.05311136859323884,0.0,0.0,0,0,0,0.3130707700038329,0.9809,0.06295735931689851,0.31491916498634964,234752,235146,"[0.9918367346938776, 0.9929515418502203, 0.9796511627906976, 0.9792079207920792, 0.9806517311608961, 0.9820627802690582, 0.9791231732776617, 0.9785992217898832, 0.9722792607802875, 0.9712586719524281]","[0.9880834160873883, 0.9881710646041856, 0.9860834990059643, 0.9824561403508771, 0.9825819672131147, 0.9855072463768116, 0.984646878198567, 0.9872549019607844, 0.9704081632653061, 0.9772727272727273]",batch,both
MNIST,small,43,10,all,all,random,baseline,3,0.1,0,0.9744,0.976,0.08578268461227417,0.0769413450051099,209417,0.10941712808212767,209060,0.10944315703380592,0.0,0.0,0,0,0,0.310052991961129,0.976,0.07694134513624012,0.322919650003314,234752,235146,"[0.9887755102040816, 0.9885462555066079, 0.9699612403100775, 0.9762376237623762, 0.9887983706720977, 0.9652466367713004, 0.9864300626304802, 0.9630350194552529, 0.9691991786447639, 0.9623389494549058]","[0.9860973187686196, 0.9845313921747043, 0.9751491053677932, 0.969785575048733, 0.9866803278688525, 0.9620958751393534, 0.9897645854657113, 0.9764705882352941, 0.9561224489795919, 0.9555335968379447]",batch,both
MNIST,small,43,10,all,all,random,baseline,3,0.1,1,0.9802,0.9803,0.06884488942250609,0.06209093892094679,209417,0.10941712808212767,209060,0.10944315703380592,0.0,0.0,0,0,0,0.30465266190003604,0.9803,0.06209093880024739,0.32623132003936917,234752,235146,"[0.9908163265306122, 0.9929515418502203, 0.9883720930232558, 0.9732673267326732, 0.9796334012219959, 0.9775784753363229, 0.9832985386221295, 0.9795719844357976, 0.9691991786447639, 0.9663032705649157]","[0.9860973187686196, 0.9854413102820746, 0.9850894632206759, 0.969785575048733, 0.9825819672131147, 0.979933110367893, 0.9866939611054247, 0.9862745098039216, 0.9683673469387755, 0.9713438735177866]",batch,both
MNIST,small,43,10,all,all,random,baseline,3,0.1,3,0.9812,0.9812,0.06922648695856333,0.06334243682753295,209417,0.10941712808212767,209060,0.10944315703380592,0.0,0.0,0,0,0,0.3162833850365132,0.9812,0.063342437123321,0.322300844010897,234752,235146,"[0.9918367346938776, 0.9920704845814978, 0.9777131782945736, 0.9762376237623762, 0.9786150712830958, 0.9831838565022422, 0.9843423799582464, 0.9785992217898832, 0.971252566735113, 0.977205153617443]","[0.9880834160873883, 0.9854413102820746, 0.9831013916500994, 0.9717348927875243, 0.9795081967213115, 0.9821627647714605, 0.9887410440122825, 0.9862745098039216, 0.9693877551020408, 0.9772727272727273]",batch,both
MNIST,small,43,10,all,all,random,baseline,3,0.1,5,0.9822,0.9812,0.06667197408378124,0.06319015796203749,209417,0.10941712808212767,209060,0.10944315703380592,0.0,0.0,0,0,0,0.3126264000311494,0.9812,0.06319015800972119,0.32691663107834756,234752,235146,"[0.9918367346938776, 0.9929515418502203, 0.9796511627906976, 0.9811881188118812, 0.9816700610997964, 0.9809417040358744, 0.9853862212943633, 0.97568093385214, 0.9691991786447639, 0.9722497522299306]","[0.9860973187686196, 0.986351228389445, 0.9840954274353877, 0.9785575048732943, 0.9866803278688525, 0.9855072463768116, 0.9866939611054247, 0.9852941176470589, 0.9673469387755103, 0.9752964426877471]",batch,both
MNIST,small,43,10,all,all,random,baseline,3,0.2,0,0.9693,0.9709,0.10300773490667343,0.0972810220003128,183183,0.2209818580796612,182865,0.22102900081788446,0.0,0.0,0,0,0,0.32091222901362926,0.9709,0.0972810196518898,0.32316107593942434,234752,235146,"[0.9826530612244898, 0.9806167400881057, 0.9641472868217055, 0.9702970297029703, 0.9857433808553971, 0.9551569506726457, 0.9874739039665971, 0.953307392996109, 0.9763860369609856, 0.9524281466798811]","[0.9851042701092354, 0.9754322111010009, 0.9691848906560636, 0.9590643274853801, 0.9887295081967213, 0.9487179487179487, 0.9928352098259979, 0.9637254901960784, 0.9561224489795919, 0.9525691699604744]",batch,both
MNIST,small,43,10,all,all,random,baseline,3,0.2,1,0.9803,0.9792,0.06802484970241784,0.06524293739944696,183183,0.2209818580796612,182865,0.22102900081788446,0.0,0.0,0,0,0,0.3314817489590496,0.9792,0.06524293814972043,0.32284116093069315,234752,235146,"[0.9908163265306122, 0.9929515418502203, 0.9738372093023255, 0.9772277227722772, 0.9786150712830958, 0.976457399103139, 0.9801670146137788, 0.9815175097276264, 0.9661190965092402, 0.9722497522299306]","[0.9900695134061569, 0.9854413102820746, 0.9811133200795229, 0.9736842105263158, 0.9846311475409836, 0.979933110367893, 0.984646878198567, 0.9862745098039216, 0.9612244897959183, 0.9752964426877471]",batch,both
MNIST,small,43,10,all,all,random,baseline,3,0.2,3,0.9823,0.9807,0.06608547063991427,0.06347290049334987,183183,0.2209818580796612,182865,0.22102900081788446,0.0,0.0,0,0,0,0.3309474299894646,0.9807,0.06347290524458513,0.3229675490874797,234752,235146,"[0.9908163265306122, 0.9938325991189427, 0.9806201550387597, 0.9792079207920792, 0.9816700610997964, 0.9809417040358744, 0.9832985386221295, 0.9815175097276264, 0.9671457905544147, 0.9663032705649157]","[0.9870903674280039, 0.986351228389445, 0.9850894632206759, 0.97953216374269, 0.9877049180327869, 0.9843924191750278, 0.9866939611054247, 0.984313725490196, 0.9653061224489796, 0.9762845849802372]",batch,both
MNIST,small,43,10,all,all,random,baseline,3,0.2,5,0.9819,0.981,0.06578329228460789,0.06309994780304842,183183,0.2209818580796612,182865,0.22102900081788446,0.0,0.0,0,0,0,0.3307726529892534,0.981,0.06309994684266858,0.3345823240233585,234752,235146,"[0.9918367346938776, 0.9911894273127754, 0.9796511627906976, 0.9792079207920792, 0.9806517311608961, 0.9798206278026906, 0.9832985386221295, 0.9815175097276264, 0.973305954825462, 0.9682854311199207]","[0.9870903674280039, 0.986351228389445, 0.9850894632206759, 0.9736842105263158, 0.9866803278688525, 0.9821627647714605, 0.9877175025588536, 0.9833333333333333, 0.9714285714285714, 0.9752964426877471]",batch,both
MNIST,small,43,10,all,all,random,baseline,3,0.3,0,0.9641,0.9635,0.13618887310028077,0.13140532388687134,158500,0.32595068595680976,158220,0.3260121319520175,0.0,0.0,0,0,0,0.30629214795771986,0.9635,0.13140531725883484,0.3105340489419177,234752,235146,"[0.9795918367346939, 0.9718061674008811, 0.9670542635658915, 0.9207920792079208, 0.9826883910386965, 0.9551569506726457, 0.9864300626304802, 0.9503891050583657, 0.9774127310061602, 0.9444995044598612]","[0.974180734856008, 0.9717925386715196, 0.9731610337972167, 0.9113060428849903, 0.9897540983606558, 0.9509476031215162, 0.9907881269191402, 0.9647058823529412, 0.9642857142857143, 0.950592885375494]",batch,both
MNIST,small,43,10,all,all,random,baseline,3,0.3,1,0.9786,0.9779,0.07070864911675454,0.06945266789756716,158500,0.32595068595680976,158220,0.3260121319520175,0.0,0.0,0,0,0,0.3425516131101176,0.9779,0.06945267082378269,0.3317911570193246,234752,235146,"[0.9908163265306122, 0.9911894273127754, 0.9718992248062015, 0.9792079207920792, 0.9837067209775967, 0.9775784753363229, 0.9791231732776617, 0.9717898832684825, 0.9691991786447639, 0.9633300297324083]","[0.9880834160873883, 0.9872611464968153, 0.9801192842942346, 0.9707602339181286, 0.9795081967213115, 0.9710144927536232, 0.9836233367451381, 0.9862745098039216, 0.9653061224489796, 0.9723320158102767]",batch,both
MNIST,small,43,10,all,all,random,baseline,3,0.3,3,0.9807,0.9792,0.06698560863137246,0.06526813495848328,158500,0.32595068595680976,158220,0.3260121319520175,0.0,0.0,0,0,0,0.31221081293188035,0.9792,0.0652681338602677,0.32221667002886534,234752,235146,"[0.9908163265306122, 0.9903083700440528, 0.9757751937984496, 0.9772277227722772, 0.9826883910386965, 0.9786995515695067, 0.9812108559498957, 0.9795719844357976, 0.9661190965092402, 0.9682854311199207]","[0.9860973187686196, 0.9881710646041856, 0.9831013916500994, 0.9736842105263158, 0.9846311475409836, 0.9777034559643255, 0.9866939611054247, 0.9852941176470589, 0.9642857142857143, 0.9762845849802372]",batch,both
MNIST,small,43,10,all,all,random,baseline,3,0.3,5,0.9809,0.9793,0.0663762001812458,0.0640220776851289,158500,0.32595068595680976,158220,0.3260121319520175,0.0,0.0,0,0,0,0.31062612892128527,0.9793,0.06402207644684241,0.32689775701146573,234752,235146,"[0.9908163265306122, 0.9911894273127754, 0.9767441860465116, 0.9792079207920792, 0.9786150712830958, 0.9775784753363229, 0.9822546972860126, 0.9795719844357976, 0.9661190965092402, 0.9692765113974232]","[0.9851042701092354, 0.989080982711556, 0.9840954274353877, 0.9775828460038987, 0.9825819672131147, 0.9777034559643255, 0.9866939611054247, 0.9862745098039216, 0.963265306122449, 0.9752964426877471]",batch,both
MNIST,small,43,10,all,all,random,baseline,3,0.4,0,0.9543,0.9532,0.22531100306510926,0.22250628786087037,133605,0.43182108137072284,133364,0.4318940839694656,0.0,0.0,0,0,0,0.31549232092220336,0.9532,0.22250629448890685,0.3098970639985055,234752,235146,"[0.9316326530612244, 0.9682819383259912, 0.9641472868217055, 0.9158415841584159, 0.9887983706720977, 0.9484304932735426, 0.9874739039665971, 0.9416342412451362, 0.9691991786447639, 0.9167492566897919]","[0.929493545183714, 0.9654231119199272, 0.9701789264413518, 0.9093567251461988, 0.992827868852459, 0.9431438127090301, 0.9877175025588536, 0.9558823529411765, 0.9653061224489796, 0.924901185770751]",batch,both
MNIST,small,43,10,all,all,random,baseline,3,0.4,1,0.9764,0.9766,0.07855513589978218,0.07811589057072997,133605,0.43182108137072284,133364,0.4318940839694656,0.0,0.0,0,0,0,0.3181888370309025,0.9766,0.0781158960185945,0.32140235998667777,234752,235146,"[0.9918367346938776, 0.9903083700440528, 0.9728682170542635, 0.9762376237623762, 0.9786150712830958, 0.9820627802690582, 0.9780793319415448, 0.9747081712062257, 0.9589322381930184, 0.9613478691774033]","[0.9870903674280039, 0.9845313921747043, 0.9791252485089463, 0.9727095516569201, 0.9784836065573771, 0.9721293199554069, 0.984646878198567, 0.984313725490196, 0.9581632653061225, 0.9614624505928854]",batch,both
MNIST,small,43,10,all,all,random,baseline,3,0.4,3,0.9786,0.9782,0.07208969331979752,0.06981142333373427,133605,0.43182108137072284,133364,0.4318940839694656,0.0,0.0,0,0,0,0.309792143991217,0.9782,0.06981142094954848,0.313248758087866,234752,235146,"[0.9928571428571429, 0.9903083700440528, 0.9738372093023255, 0.9792079207920792, 0.9816700610997964, 0.976457399103139, 0.9791231732776617, 0.9766536964980544, 0.9640657084188912, 0.9663032705649157]","[0.9870903674280039, 0.9854413102820746, 0.9821073558648111, 0.9785575048732943, 0.9805327868852459, 0.9743589743589743, 0.9815762538382804, 0.9872549019607844, 0.9571428571428572, 0.9703557312252964]",batch,both
MNIST,small,43,10,all,all,random,baseline,3,0.4,5,0.9796,0.9793,0.07041617259383201,0.06764382974188775,133605,0.43182108137072284,133364,0.4318940839694656,0.0,0.0,0,0,0,0.3214124469086528,0.9793,0.06764382600467653,0.31619260006118566,234752,235146,"[0.9928571428571429, 0.9911894273127754, 0.9796511627906976, 0.9811881188118812, 0.9775967413441955, 0.9742152466367713, 0.9812108559498957, 0.9795719844357976, 0.9671457905544147, 0.9663032705649157]","[0.9851042701092354, 0.986351228389445, 0.9831013916500994, 0.9775828460038987, 0.9795081967213115, 0.9754738015607581, 0.9856704196519959, 0.9862745098039216, 0.9653061224489796, 0.9703557312252964]",batch,both
MNIST,small,43,10,all,all,random,baseline,3,0.5,0,0.9341,0.9322,0.4136616109371185,0.4100946162223816,109386,0.5348166670919343,109184,0.534896401308615,0.0,0.0,0,0,0,0.32937430299352854,0.9322,0.41009462432861327,0.3420044690137729,234752,235146,"[0.8520408163265306, 0.9524229074889868, 0.9670542635658915, 0.8485148514851485, 0.9765784114052953, 0.9674887892376681, 0.9665970772442589, 0.9056420233463035, 0.9527720739219713, 0.9355797819623389]","[0.8570009930486594, 0.9472247497725205, 0.9701789264413518, 0.8450292397660819, 0.9764344262295082, 0.9620958751393534, 0.9733879222108496, 0.9235294117647059, 0.9571428571428572, 0.9357707509881423]",batch,both
MNIST,small,43,10,all,all,random,baseline,3,0.5,1,0.973,0.9724,0.09407445542514324,0.09320902122557163,109386,0.5348166670919343,109184,0.534896401308615,0.0,0.0,0,0,0,0.3276909589767456,0.9724,0.09320901879370212,0.3499248060397804,234752,235146,"[0.9908163265306122, 0.9885462555066079, 0.9718992248062015, 0.9693069306930693, 0.9775967413441955, 0.9641255605381166, 0.9718162839248434, 0.9737354085603113, 0.9527720739219713, 0.9603567888999008]","[0.9841112214498511, 0.9854413102820746, 0.9811133200795229, 0.9668615984405458, 0.9754098360655737, 0.9620958751393534, 0.9836233367451381, 0.9823529411764705, 0.9520408163265306, 0.9545454545454546]",batch,both
MNIST,small,43,10,all,all,random,baseline,3,0.5,3,0.9754,0.9756,0.0823862777426839,0.07997495553363114,109386,0.5348166670919343,109184,0.534896401308615,0.0,0.0,0,0,0,0.3302487899782136,0.9756,0.07997495641279966,0.33045294298790395,234752,235146,"[0.9908163265306122, 0.9885462555066079, 0.9718992248062015, 0.9792079207920792, 0.9775967413441955, 0.9753363228699552, 0.9749478079331941, 0.97568093385214, 0.9599589322381931, 0.9603567888999008]","[0.9860973187686196, 0.9836214740673339, 0.9791252485089463, 0.9727095516569201, 0.9743852459016393, 0.9721293199554069, 0.9825997952917093, 0.9852941176470589, 0.9540816326530612, 0.9624505928853755]",batch,both
MNIST,small,43,10,all,all,random,baseline,3,0.5,5,0.9764,0.9768,0.07724251493513584,0.07333451611530035,109386,0.5348166670919343,109184,0.534896401308615,0.0,0.0,0,0,0,0.32389388501178473,0.9768,0.07333451727163047,0.32075083802919835,234752,235146,"[0.9918367346938776, 0.9885462555066079, 0.9718992248062015, 0.9772277227722772, 0.9735234215885947, 0.9742152466367713, 0.9770354906054279, 0.9766536964980544, 0.9671457905544147, 0.9682854311199207]","[0.9851042701092354, 0.9836214740673339, 0.9781312127236581, 0.9717348927875243, 0.9754098360655737, 0.9732441471571907, 0.9836233367451381, 0.9852941176470589, 0.9571428571428572, 0.9693675889328063]",batch,both
MNIST,small,43,10,all,all,random,baseline,3,0.7,0,0.721,0.717,1.2440537620544434,1.242182538986206,63887,0.728309220654402,63761,0.7283899604689203,0.0,0.0,0,0,0,0.3260588109260425,0.717,1.242182538986206,0.32663537201005965,234752,235146,"[0.42142857142857143, 0.6607929515418502, 0.6637596899224806, 0.35247524752475246, 0.7718940936863544, 0.757847533632287, 0.8893528183716075, 0.872568093385214, 0.9804928131416838, 0.8206144697720515]","[0.45978152929493543, 0.654231119199272, 0.6958250497017893, 0.3362573099415205, 0.7838114754098361, 0.7558528428093646, 0.8781985670419652, 0.8931372549019608, 0.9846938775510204, 0.7964426877470355]",batch,both
MNIST,small,43,10,all,all,random,baseline,3,0.7,1,0.9527,0.9518,0.18650848360061645,0.18733742001056672,63887,0.728309220654402,63761,0.7283899604689203,0.0,0.0,0,0,0,0.32105768600013107,0.9518,0.1873374177455902,0.3099978850223124,234752,235146,"[0.9806122448979592, 0.9876651982378855, 0.937015503875969, 0.9425742574257425, 0.9623217922606925, 0.9417040358744395, 0.9582463465553236, 0.958171206225681, 0.9055441478439425, 0.9385530227948464]","[0.9781529294935452, 0.9827115559599636, 0.9493041749502982, 0.9385964912280702, 0.9631147540983607, 0.9498327759197325, 0.9733879222108496, 0.9676470588235294, 0.8816326530612245, 0.9387351778656127]",batch,both
MNIST,small,43,10,all,all,random,baseline,3,0.7,3,0.9626,0.9617,0.1302996936917305,0.1319857068836689,63887,0.728309220654402,63761,0.7283899604689203,0.0,0.0,0,0,0,0.32392553496174514,0.9617,0.13198570947051047,0.31739176402334124,234752,235146,"[0.986734693877551, 0.986784140969163, 0.9437984496124031, 0.9663366336633663, 0.9613034623217923, 0.9585201793721974, 0.964509394572025, 0.9659533073929961, 0.9363449691991786, 0.9435084241823588]","[0.9801390268123138, 0.9827115559599636, 0.9572564612326043, 0.9551656920077972, 0.9754098360655737, 0.9576365663322185, 0.9744114636642784, 0.9696078431372549, 0.9295918367346939, 0.941699604743083]",batch,both
MNIST,small,43,10,all,all,random,baseline,3,0.7,5,0.9663,0.9666,0.11493074558079243,0.11628310659527778,63887,0.728309220654402,63761,0.7283899604689203,0.0,0.0,0,0,0,0.33079315803479403,0.9666,0.11628310866951942,0.31754003604874015,234752,235146,"[0.9887755102040816, 0.9885462555066079, 0.9554263565891473, 0.9693069306930693, 0.9684317718940937, 0.9630044843049327, 0.9686847599164927, 0.9659533073929961, 0.9435318275154004, 0.9514370664023786]","[0.9791459781529295, 0.9845313921747043, 0.9652087475149106, 0.9512670565302144, 0.9764344262295082, 0.9665551839464883, 0.977482088024565, 0.9794117647058823, 0.9357142857142857, 0.9456521739130435]",batch,both
MNIST,small,43,10,a1,layerwise,random,baseline,3,0.05,0,0.9776,0.9793,0.08116935131847858,0.0691296779161319,224190,0.04659232987165418,223808,0.04661941112322787,0.0,0.0,0,0,0,0.31946460099425167,0.9793,0.06912967888470739,0.3334525569807738,234752,235146,"[0.9908163265306122, 0.9929515418502203, 0.9815891472868217, 0.9762376237623762, 0.9867617107942973, 0.9775784753363229, 0.9843423799582464, 0.9717898832684825, 0.9630390143737166, 0.9663032705649157]","[0.9900695134061569, 0.9854413102820746, 0.9840954274353877, 0.9688109161793372, 0.9846311475409836, 0.9788182831661093, 0.9897645854657113, 0.9803921568627451, 0.9520408163265306, 0.9614624505928854]",batch,both
MNIST,small,43,10,a1,layerwise,random,baseline,3,0.05,1,0.9827,0.9804,0.06739077128022909,0.06172196766773704,224190,0.04659232987165418,223808,0.04661941112322787,0.0,0.0,0,0,0,0.3123874810989946,0.9804,0.06172196866909508,0.3136878570076078,234752,235146,"[0.9918367346938776, 0.9929515418502203, 0.9786821705426356, 0.9782178217821782, 0.9796334012219959, 0.9775784753363229, 0.9832985386221295, 0.97568093385214, 0.9722792607802875, 0.9722497522299306]","[0.9890764647467726, 0.9872611464968153, 0.9831013916500994, 0.9785575048732943, 0.9836065573770492, 0.9866220735785953, 0.9877175025588536, 0.9872549019607844, 0.9693877551020408, 0.974308300395257]",batch,both
MNIST,small,43,10,a1,layerwise,random,baseline,3,0.05,3,0.9833,0.9811,0.06632776380255818,0.06289895495385281,224190,0.04659232987165418,223808,0.04661941112322787,0.0,0.0,0,0,0,0.31529977708123624,0.9811,0.06289895562887542,0.32015581405721605,234752,235146,"[0.9918367346938776, 0.9920704845814978, 0.9806201550387597, 0.9792079207920792, 0.9806517311608961, 0.9786995515695067, 0.9822546972860126, 0.9795719844357976, 0.9722792607802875, 0.9722497522299306]","[0.9900695134061569, 0.986351228389445, 0.9831013916500994, 0.9834307992202729, 0.9866803278688525, 0.9843924191750278, 0.9856704196519959, 0.9852941176470589, 0.9714285714285714, 0.9762845849802372]",batch,both
MNIST,small,43,10,a1,layerwise,random,baseline,3,0.05,5,0.9829,0.982,0.06688386055715383,0.06143396808960242,224190,0.04659232987165418,223808,0.04661941112322787,0.0,0.0,0,0,0,0.3097916789120063,0.982,0.061433969074569175,0.34196006204001606,234752,235146,"[0.9918367346938776, 0.9920704845814978, 0.9815891472868217, 0.9811881188118812, 0.9796334012219959, 0.9809417040358744, 0.9843423799582464, 0.9824902723735408, 0.9702258726899384, 0.9742319127849356]","[0.9880834160873883, 0.9872611464968153, 0.9860834990059643, 0.9814814814814815, 0.9846311475409836, 0.9821627647714605, 0.984646878198567, 0.9852941176470589, 0.9714285714285714, 0.9772727272727273]",batch,both
MNIST,small,43,10,a1,layerwise,random,baseline,3,0.1,0,0.9751,0.9767,0.08681848382949829,0.07708610788332299,212321,0.09706735389927956,211952,0.09712377317339149,0.0,0.0,0,0,0,0.3185082309646532,0.9767,0.07708610691176727,0.3436112069757655,234752,235146,"[0.9908163265306122, 0.9903083700440528, 0.9718992248062015, 0.9762376237623762, 0.9867617107942973, 0.9618834080717489, 0.9864300626304802, 0.9649805447470817, 0.9681724845995893, 0.9672943508424182]","[0.9880834160873883, 0.9854413102820746, 0.974155069582505, 0.9658869395711501, 0.9846311475409836, 0.9643255295429208, 0.9907881269191402, 0.9784313725490196, 0.9540816326530612, 0.9634387351778656]",batch,both
MNIST,small,43,10,a1,layerwise,random,baseline,3,0.1,1,0.9817,0.9805,0.07191426202319562,0.06663947211625054,212321,0.09706735389927956,211952,0.09712377317339149,0.0,0.0,0,0,0,0.3329306719824672,0.9805,0.06663947306545451,0.33850276400335133,234752,235146,"[0.9908163265306122, 0.9938325991189427, 0.9796511627906976, 0.9762376237623762, 0.984725050916497, 0.9809417040358744, 0.9832985386221295, 0.9766536964980544, 0.9671457905544147, 0.9702675916749257]","[0.9870903674280039, 0.9872611464968153, 0.9870775347912525, 0.9707602339181286, 0.9877049180327869, 0.9832775919732442, 0.9877175025588536, 0.9852941176470589, 0.9693877551020408, 0.9713438735177866]",batch,both
MNIST,small,43,10,a1,layerwise,random,baseline,3,0.1,3,0.982,0.9808,0.06667693819701671,0.06606144401044585,212321,0.09706735389927956,211952,0.09712377317339149,0.0,0.0,0,0,0,0.3182098959805444,0.9808,0.0660614454437513,0.3251715369988233,234752,235146,"[0.9908163265306122, 0.9920704845814978, 0.9777131782945736, 0.9811881188118812, 0.9806517311608961, 0.9798206278026906, 0.9832985386221295, 0.9766536964980544, 0.9743326488706365, 0.9702675916749257]","[0.9851042701092354, 0.9872611464968153, 0.9831013916500994, 0.9756335282651072, 0.9866803278688525, 0.9810479375696767, 0.9887410440122825, 0.9833333333333333, 0.9734693877551021, 0.9752964426877471]",batch,both
MNIST,small,43,10,a1,layerwise,random,baseline,3,0.1,5,0.9825,0.9818,0.06849095458611847,0.06431952542273212,212321,0.09706735389927956,211952,0.09712377317339149,0.0,0.0,0,0,0,0.32559982303064317,0.9818,0.06431952652113396,0.33387885498814285,234752,235146,"[0.9908163265306122, 0.9929515418502203, 0.9825581395348837, 0.9811881188118812, 0.9786150712830958, 0.976457399103139, 0.9853862212943633, 0.9795719844357976, 0.9753593429158111, 0.9732408325074331]","[0.9870903674280039, 0.9854413102820746, 0.9840954274353877, 0.9824561403508771, 0.9866803278688525, 0.9810479375696767, 0.9856704196519959, 0.9852941176470589, 0.9714285714285714, 0.9752964426877471]",batch,both
MNIST,small,43,10,a1,layerwise,random,baseline,3,0.2,0,0.9713,0.9735,0.09390334059000015,0.08666362151876092,188583,0.19801740195453033,188240,0.19813249727371862,0.0,0.0,0,0,0,0.3116503240307793,0.9735,0.0866636180140078,0.33209075895138085,234752,235146,"[0.986734693877551, 0.986784140969163, 0.9631782945736435, 0.9732673267326732, 0.9857433808553971, 0.9596412556053812, 0.988517745302714, 0.953307392996109, 0.971252566735113, 0.9653121902874133]","[0.9880834160873883, 0.9836214740673339, 0.967196819085487, 0.9629629629629629, 0.9846311475409836, 0.9565217391304348, 0.9918116683725691, 0.9607843137254902, 0.9510204081632653, 0.9644268774703557]",batch,both
MNIST,small,43,10,a1,layerwise,random,baseline,3,0.2,1,0.9817,0.9798,0.06900464200899005,0.06598585483785718,188583,0.19801740195453033,188240,0.19813249727371862,0.0,0.0,0,0,0,0.3189695709152147,0.9798,0.06598585687484593,0.3169266660697758,234752,235146,"[0.9918367346938776, 0.9929515418502203, 0.9748062015503876, 0.9782178217821782, 0.9826883910386965, 0.9798206278026906, 0.9832985386221295, 0.980544747081712, 0.9661190965092402, 0.9663032705649157]","[0.9890764647467726, 0.986351228389445, 0.9870775347912525, 0.9736842105263158, 0.9887295081967213, 0.9821627647714605, 0.9856704196519959, 0.9862745098039216, 0.9663265306122449, 0.9713438735177866]",batch,both
MNIST,small,43,10,a1,layerwise,random,baseline,3,0.2,3,0.9819,0.9806,0.0671485246874392,0.0648536234764848,188583,0.19801740195453033,188240,0.19813249727371862,0.0,0.0,0,0,0,0.32232403405942023,0.9806,0.06485362509326079,0.3158738149795681,234752,235146,"[0.9918367346938776, 0.9929515418502203, 0.9777131782945736, 0.9792079207920792, 0.9806517311608961, 0.9786995515695067, 0.9832985386221295, 0.980544747081712, 0.9671457905544147, 0.9722497522299306]","[0.9880834160873883, 0.986351228389445, 0.9870775347912525, 0.9756335282651072, 0.9877049180327869, 0.9821627647714605, 0.9877175025588536, 0.9833333333333333, 0.9673469387755103, 0.9733201581027668]",batch,both
MNIST,small,43,10,a1,layerwise,random,baseline,3,0.2,5,0.9824,0.9809,0.06737705430239439,0.06549316755430773,188583,0.19801740195453033,188240,0.19813249727371862,0.0,0.0,0,0,0,0.31835140800103545,0.9809,0.06549316830532625,0.3384102559648454,234752,235146,"[0.9908163265306122, 0.9911894273127754, 0.9796511627906976, 0.9792079207920792, 0.9786150712830958, 0.976457399103139, 0.9843423799582464, 0.9824902723735408, 0.971252566735113, 0.9732408325074331]","[0.9870903674280039, 0.9854413102820746, 0.9840954274353877, 0.9814814814814815, 0.9836065573770492, 0.9832775919732442, 0.9866939611054247, 0.9852941176470589, 0.9724489795918367, 0.974308300395257]",batch,both
MNIST,small,43,10,a1,layerwise,random,baseline,3,0.3,0,0.9705,0.9699,0.10015380345582962,0.09580238716453314,165758,0.29508475585381,165440,0.2952562704471101,0.0,0.0,0,0,0,0.32146640203427523,0.9699,0.09580238250344991,0.32074783300049603,234752,235146,"[0.9836734693877551, 0.9841409691629956, 0.9602713178294574, 0.9603960396039604, 0.9826883910386965, 0.9551569506726457, 0.988517745302714, 0.9503891050583657, 0.9743326488706365, 0.958374628344896]","[0.9851042701092354, 0.9818016378525932, 0.9652087475149106, 0.956140350877193, 0.9877049180327869, 0.9576365663322185, 0.9887410440122825, 0.9647058823529412, 0.9551020408163265, 0.9614624505928854]",batch,both
MNIST,small,43,10,a1,layerwise,random,baseline,3,0.3,1,0.9801,0.9781,0.0712584861651063,0.06989559610523284,165758,0.29508475585381,165440,0.2952562704471101,0.0,0.0,0,0,0,0.2975882390746847,0.9781,0.06989559920616448,0.3264423030195758,234752,235146,"[0.9897959183673469, 0.9911894273127754, 0.9718992248062015, 0.9762376237623762, 0.9775967413441955, 0.9786995515695067, 0.9832985386221295, 0.9717898832684825, 0.9671457905544147, 0.9722497522299306]","[0.9890764647467726, 0.986351228389445, 0.9821073558648111, 0.9756335282651072, 0.9815573770491803, 0.979933110367893, 0.984646878198567, 0.9852941176470589, 0.963265306122449, 0.9723320158102767]",batch,both
MNIST,small,43,10,a1,layerwise,random,baseline,3,0.3,3,0.9806,0.9799,0.06909043860286475,0.06751270528463647,165758,0.29508475585381,165440,0.2952562704471101,0.0,0.0,0,0,0,0.331203751033172,0.9799,0.06751270719943568,0.3149240509374067,234752,235146,"[0.9897959183673469, 0.9911894273127754, 0.9767441860465116, 0.9792079207920792, 0.9806517311608961, 0.9798206278026906, 0.9812108559498957, 0.9795719844357976, 0.9691991786447639, 0.9702675916749257]","[0.9890764647467726, 0.9872611464968153, 0.9870775347912525, 0.9727095516569201, 0.9846311475409836, 0.9788182831661093, 0.9836233367451381, 0.9862745098039216, 0.9642857142857143, 0.9713438735177866]",batch,both
MNIST,small,43,10,a1,layerwise,random,baseline,3,0.3,5,0.9802,0.9799,0.06805719392299651,0.06696124130364042,165758,0.29508475585381,165440,0.2952562704471101,0.0,0.0,0,0,0,0.3289851719746366,0.9799,0.0669612414381234,0.33904049696866423,234752,235146,"[0.9908163265306122, 0.9920704845814978, 0.9796511627906976, 0.9801980198019802, 0.9796334012219959, 0.9786995515695067, 0.9853862212943633, 0.9785992217898832, 0.9640657084188912, 0.9682854311199207]","[0.9860973187686196, 0.9872611464968153, 0.9840954274353877, 0.9746588693957114, 0.9815573770491803, 0.9810479375696767, 0.984646878198567, 0.9872549019607844, 0.9642857142857143, 0.9703557312252964]",batch,both
MNIST,small,43,10,a1,layerwise,random,baseline,3,0.4,0,0.9674,0.9689,0.1085752073764801,0.10555261171162128,142020,0.39603480390906076,141728,0.39626499454743724,0.0,0.0,0,0,0,0.32179076701868325,0.9689,0.1055526115179062,0.32549015001859516,234752,235146,"[0.9816326530612245, 0.9814977973568282, 0.9602713178294574, 0.9584158415841584, 0.984725050916497, 0.9562780269058296, 0.9853862212943633, 0.9552529182879378, 0.9661190965092402, 0.958374628344896]","[0.9781529294935452, 0.978161965423112, 0.9642147117296223, 0.949317738791423, 0.985655737704918, 0.9498327759197325, 0.9877175025588536, 0.9647058823529412, 0.9540816326530612, 0.9604743083003953]",batch,both
MNIST,small,43,10,a1,layerwise,random,baseline,3,0.4,1,0.9788,0.9788,0.07438317041248083,0.07277591062486172,142020,0.39603480390906076,141728,0.39626499454743724,0.0,0.0,0,0,0,0.3055019510211423,0.9788,0.07277590908091515,0.31398798199370503,234752,235146,"[0.9908163265306122, 0.9911894273127754, 0.9757751937984496, 0.9782178217821782, 0.9796334012219959, 0.9798206278026906, 0.9801670146137788, 0.9785992217898832, 0.9671457905544147, 0.9653121902874133]","[0.9880834160873883, 0.9872611464968153, 0.9811133200795229, 0.9756335282651072, 0.9795081967213115, 0.9721293199554069, 0.984646878198567, 0.9852941176470589, 0.960204081632653, 0.9723320158102767]",batch,both
MNIST,small,43,10,a1,layerwise,random,baseline,3,0.4,3,0.9799,0.9791,0.07151229540854692,0.06858238575486467,142020,0.39603480390906076,141728,0.39626499454743724,0.0,0.0,0,0,0,0.3204588919179514,0.9791,0.06858238927004859,0.31614604010246694,234752,235146,"[0.9908163265306122, 0.9903083700440528, 0.9748062015503876, 0.9782178217821782, 0.9775967413441955, 0.9786995515695067, 0.9812108559498957, 0.980544747081712, 0.9691991786447639, 0.9682854311199207]","[0.9880834160873883, 0.9872611464968153, 0.9831013916500994, 0.9727095516569201, 0.9774590163934426, 0.9743589743589743, 0.984646878198567, 0.9882352941176471, 0.9683673469387755, 0.9733201581027668]",batch,both
MNIST,small,43,10,a1,layerwise,random,baseline,3,0.4,5,0.9808,0.9803,0.07002643194571137,0.06689421303449199,142020,0.39603480390906076,141728,0.39626499454743724,0.0,0.0,0,0,0,0.3198660450289026,0.9803,0.0668942130821757,0.32719488604925573,234752,235146,"[0.9908163265306122, 0.9911894273127754, 0.9757751937984496, 0.9801980198019802, 0.9806517311608961, 0.9798206278026906, 0.9832985386221295, 0.9834630350194552, 0.9702258726899384, 0.9663032705649157]","[0.9870903674280039, 0.9881710646041856, 0.9811133200795229, 0.9775828460038987, 0.9795081967213115, 0.9777034559643255, 0.9836233367451381, 0.9882352941176471, 0.9704081632653061, 0.9733201581027668]",batch,both
MNIST,small,43,10,a1,layerwise,random,baseline,3,0.5,0,0.9647,0.9631,0.1322116471171379,0.13003089361190795,118282,0.4969848519643115,118016,0.4972737186477645,0.0,0.0,0,0,0,0.31127017398830503,0.9631,0.13003089015483857,0.317812071996741,234752,235146,"[0.976530612244898, 0.9823788546255506, 0.9573643410852714, 0.9653465346534653, 0.9613034623217923, 0.9585201793721974, 0.9822546972860126, 0.9503891050583657, 0.9363449691991786, 0.958374628344896]","[0.9781529294935452, 0.9772520473157416, 0.9652087475149106, 0.9688109161793372, 0.9620901639344263, 0.955406911928651, 0.9856704196519959, 0.9637254901960784, 0.9408163265306122, 0.9476284584980237]",batch,both
MNIST,small,43,10,a1,layerwise,random,baseline,3,0.5,1,0.9763,0.977,0.0790457376241684,0.07940491663878783,118282,0.4969848519643115,118016,0.4972737186477645,0.0,0.0,0,0,0,0.3183841719292104,0.977,0.07940491414731368,0.3158208569511771,234752,235146,"[0.9918367346938776, 0.9894273127753304, 0.9748062015503876, 0.9772277227722772, 0.9796334012219959, 0.9809417040358744, 0.975991649269311, 0.9785992217898832, 0.9558521560574949, 0.9643211100099108]","[0.9870903674280039, 0.9854413102820746, 0.9801192842942346, 0.9746588693957114, 0.9754098360655737, 0.9765886287625418, 0.9825997952917093, 0.9852941176470589, 0.9520408163265306, 0.9624505928853755]",batch,both
MNIST,small,43,10,a1,layerwise,random,baseline,3,0.5,3,0.9793,0.9783,0.07343298256993294,0.07409510772251524,118282,0.4969848519643115,118016,0.4972737186477645,0.0,0.0,0,0,0,0.31552644504699856,0.9783,0.07409510542550124,0.3192544319899753,234752,235146,"[0.9908163265306122, 0.9894273127753304, 0.9748062015503876, 0.9782178217821782, 0.9806517311608961, 0.9798206278026906, 0.9791231732776617, 0.980544747081712, 0.9671457905544147, 0.9613478691774033]","[0.9851042701092354, 0.986351228389445, 0.9821073558648111, 0.9785575048732943, 0.9825819672131147, 0.9777034559643255, 0.9815762538382804, 0.9862745098039216, 0.9642857142857143, 0.967391304347826]",batch,both
MNIST,small,43,10,a1,layerwise,random,baseline,3,0.5,5,0.9784,0.9785,0.07444469825066626,0.07228500863134395,118282,0.4969848519643115,118016,0.4972737186477645,0.0,0.0,0,0,0,0.31435570400208235,0.9785,0.07228500813364518,0.3197367759421468,234752,235146,"[0.9918367346938776, 0.9911894273127754, 0.9786821705426356, 0.9742574257425742, 0.9765784114052953, 0.9798206278026906, 0.9780793319415448, 0.9815175097276264, 0.9640657084188912, 0.9672943508424182]","[0.9870903674280039, 0.9872611464968153, 0.9840954274353877, 0.9707602339181286, 0.9764344262295082, 0.9777034559643255, 0.9815762538382804, 0.9862745098039216, 0.9663265306122449, 0.9654150197628458]",batch,both
MNIST,small,43,10,a1,layerwise,random,baseline,3,0.7,0,0.8995,0.895,0.3639482656955719,0.3749584873199463,71719,0.6950022539188419,71504,0.6954062159214831,0.0,0.0,0,0,0,0.34343843592796475,0.895,0.3749584831237793,0.3490958020556718,234752,235146,"[0.9612244897959183, 0.9171806167400881, 0.7567829457364341, 0.80990099009901, 0.8890020366598778, 0.875560538116592, 0.9707724425887265, 0.9036964980544747, 0.9599589322381931, 0.9117938553022795]","[0.958291956305859, 0.9190172884440401, 0.8021868787276342, 0.7943469785575049, 0.8924180327868853, 0.8639910813823858, 0.9733879222108496, 0.9235294117647059, 0.9591836734693877, 0.908102766798419]",batch,both
MNIST,small,43,10,a1,layerwise,random,baseline,3,0.7,1,0.9677,0.9663,0.11003565349578857,0.11657151277363301,71719,0.6950022539188419,71504,0.6954062159214831,0.0,0.0,0,0,0,0.3455780840013176,0.9663,0.11657151491045951,0.3426560329971835,234752,235146,"[0.9887755102040816, 0.9876651982378855, 0.9612403100775194, 0.9603960396039604, 0.9704684317718941, 0.9618834080717489, 0.9718162839248434, 0.9737354085603113, 0.9404517453798767, 0.9435084241823588]","[0.9860973187686196, 0.9845313921747043, 0.9681908548707754, 0.9610136452241715, 0.9754098360655737, 0.959866220735786, 0.9754350051177073, 0.9813725490196078, 0.9357142857142857, 0.9466403162055336]",batch,both
MNIST,small,43,10,a1,layerwise,random,baseline,3,0.7,3,0.972,0.9705,0.09562564000487328,0.09943254215866328,71719,0.6950022539188419,71504,0.6954062159214831,0.0,0.0,0,0,0,0.3478800319135189,0.9705,0.09943254311829805,0.3407808979973197,234752,235146,"[0.9908163265306122, 0.9894273127753304, 0.9670542635658915, 0.9683168316831683, 0.9765784114052953, 0.9652466367713004, 0.9728601252609603, 0.9727626459143969, 0.9476386036960985, 0.9514370664023786]","[0.9860973187686196, 0.9845313921747043, 0.974155069582505, 0.9688109161793372, 0.9784836065573771, 0.9665551839464883, 0.9754350051177073, 0.9823529411764705, 0.9428571428571428, 0.958498023715415]",batch,both
MNIST,small,43,10,a1,layerwise,random,baseline,3,0.7,5,0.9723,0.9721,0.09052011799961328,0.09210228288583458,71719,0.6950022539188419,71504,0.6954062159214831,0.0,0.0,0,0,0,0.32774291397072375,0.9721,0.09210228224825114,0.34339050005655736,234752,235146,"[0.9928571428571429, 0.9894273127753304, 0.9680232558139535, 0.9712871287128713, 0.9674134419551935, 0.9674887892376681, 0.9770354906054279, 0.9737354085603113, 0.9496919917864476, 0.9613478691774033]","[0.9860973187686196, 0.9854413102820746, 0.9771371769383698, 0.9658869395711501, 0.9682377049180327, 0.9665551839464883, 0.9764585465711362, 0.9833333333333333, 0.9510204081632653, 0.9604743083003953]",batch,both
MNIST,small,43,10,a2,layerwise,random,baseline,3,0.05,0,0.9782,0.9782,0.08003927113413811,0.07066264545689337,233544,0.006812788650455426,233156,0.006798664122137366,0.0,0.0,0,0,0,0.31279532506596297,0.9782,0.07066264369110577,0.331008278997615,234752,235146,"[0.9897959183673469, 0.9885462555066079, 0.9767441860465116, 0.9732673267326732, 0.9857433808553971, 0.9798206278026906, 0.9864300626304802, 0.9688715953307393, 0.9702258726899384, 0.9623389494549058]","[0.9900695134061569, 0.9836214740673339, 0.9791252485089463, 0.9717348927875243, 0.985655737704918, 0.9810479375696767, 0.9907881269191402, 0.9803921568627451, 0.963265306122449, 0.9565217391304348]",batch,both
MNIST,small,43,10,a2,layerwise,random,baseline,3,0.05,1,0.9821,0.9818,0.06787399125918746,0.06055176701921155,233544,0.006812788650455426,233156,0.006798664122137366,0.0,0.0,0,0,0,0.32281912700273097,0.9818,0.060551765442668694,0.319122284068726,234752,235146,"[0.9918367346938776, 0.9929515418502203, 0.9825581395348837, 0.9811881188118812, 0.9806517311608961, 0.9820627802690582, 0.9791231732776617, 0.9785992217898832, 0.9702258726899384, 0.977205153617443]","[0.9900695134061569, 0.986351228389445, 0.9831013916500994, 0.9736842105263158, 0.9846311475409836, 0.9810479375696767, 0.9856704196519959, 0.9872549019607844, 0.9704081632653061, 0.9782608695652174]",batch,both
MNIST,small,43,10,a2,layerwise,random,baseline,3,0.05,3,0.9823,0.9816,0.06752019103690982,0.06333654229442473,233544,0.006812788650455426,233156,0.006798664122137366,0.0,0.0,0,0,0,0.31801168399397284,0.9816,0.06333654208375956,0.3151910280575976,234752,235146,"[0.9918367346938776, 0.9929515418502203, 0.9815891472868217, 0.9801980198019802, 0.9806517311608961, 0.9798206278026906, 0.9822546972860126, 0.980544747081712, 0.9691991786447639, 0.9752229930624381]","[0.9870903674280039, 0.989080982711556, 0.9821073558648111, 0.9805068226120858, 0.985655737704918, 0.9821627647714605, 0.9877175025588536, 0.9872549019607844, 0.9683673469387755, 0.9723320158102767]",batch,both
MNIST,small,43,10,a2,layerwise,random,baseline,3,0.05,5,0.9821,0.9817,0.06881275795809924,0.06494974913879996,233544,0.006812788650455426,233156,0.006798664122137366,0.0,0.0,0,0,0,0.308650774997659,0.9817,0.06494975089676445,0.3322166349971667,234752,235146,"[0.9918367346938776, 0.9911894273127754, 0.9835271317829457, 0.9772277227722772, 0.9816700610997964, 0.984304932735426, 0.9812108559498957, 0.980544747081712, 0.9722792607802875, 0.9722497522299306]","[0.9851042701092354, 0.9845313921747043, 0.9831013916500994, 0.9766081871345029, 0.985655737704918, 0.9843924191750278, 0.9856704196519959, 0.9892156862745098, 0.9714285714285714, 0.9752964426877471]",batch,both
MNIST,small,43,10,a2,layerwise,random,baseline,3,0.1,0,0.9782,0.9779,0.07787458329796791,0.06876387253114953,231942,0.013625577300910963,231560,0.013597328244274842,0.0,0.0,0,0,0,0.312660648021847,0.9779,0.06876387388417497,0.3472088389098644,234752,235146,"[0.9897959183673469, 0.9859030837004406, 0.9777131782945736, 0.9762376237623762, 0.9857433808553971, 0.9786995515695067, 0.9843423799582464, 0.9688715953307393, 0.9681724845995893, 0.9633300297324083]","[0.9900695134061569, 0.9818016378525932, 0.9791252485089463, 0.9746588693957114, 0.985655737704918, 0.9788182831661093, 0.9897645854657113, 0.9803921568627451, 0.963265306122449, 0.958498023715415]",batch,both
MNIST,small,43,10,a2,layerwise,random,baseline,3,0.1,1,0.9828,0.9818,0.06541782693378627,0.06045111415082356,231942,0.013625577300910963,231560,0.013597328244274842,0.0,0.0,0,0,0,0.32250246591866016,0.9818,0.06045111615055939,0.3317704520886764,234752,235146,"[0.9908163265306122, 0.9911894273127754, 0.9825581395348837, 0.9861386138613861, 0.9806517311608961, 0.9798206278026906, 0.9832985386221295, 0.9795719844357976, 0.9702258726899384, 0.9722497522299306]","[0.9880834160873883, 0.9872611464968153, 0.9850894632206759, 0.9844054580896686, 0.9825819672131147, 0.9821627647714605, 0.9856704196519959, 0.9852941176470589, 0.9724489795918367, 0.974308300395257]",batch,both
MNIST,small,43,10,a2,layerwise,random,baseline,3,0.1,3,0.9825,0.9819,0.06560009423419833,0.06007922515963437,231942,0.013625577300910963,231560,0.013597328244274842,0.0,0.0,0,0,0,0.33432510192506015,0.9819,0.060079225037444846,0.3429498600307852,234752,235146,"[0.9908163265306122, 0.9929515418502203, 0.9835271317829457, 0.9782178217821782, 0.9806517311608961, 0.9809417040358744, 0.9853862212943633, 0.9776264591439688, 0.9763860369609856, 0.9712586719524281]","[0.9860973187686196, 0.9872611464968153, 0.9870775347912525, 0.9746588693957114, 0.985655737704918, 0.9821627647714605, 0.9897645854657113, 0.9852941176470589, 0.9714285714285714, 0.9752964426877471]",batch,both
MNIST,small,43,10,a2,layerwise,random,baseline,3,0.1,5,0.9822,0.9816,0.06800930136181414,0.06252487378705118,231942,0.013625577300910963,231560,0.013597328244274842,0.0,0.0,0,0,0,0.3122926939977333,0.9816,0.06252487354565237,0.30929326999466866,234752,235146,"[0.9918367346938776, 0.9929515418502203, 0.9835271317829457, 0.9801980198019802, 0.9806517311608961, 0.9809417040358744, 0.9843423799582464, 0.97568093385214, 0.971252566735113, 0.9732408325074331]","[0.9870903674280039, 0.9872611464968153, 0.9870775347912525, 0.9766081871345029, 0.9846311475409836, 0.9832775919732442, 0.9856704196519959, 0.984313725490196, 0.9693877551020408, 0.9762845849802372]",batch,both
MNIST,small,43,10,a2,layerwise,random,baseline,3,0.2,0,0.9767,0.9774,0.08060220318734646,0.07234269208982587,228471,0.028386619376897793,228102,0.028327767175572505,0.0,0.0,0,0,0,0.32201137801166624,0.9774,0.07234269102886319,0.3201694180024788,234752,235146,"[0.9908163265306122, 0.9832599118942731, 0.9815891472868217, 0.9693069306930693, 0.9867617107942973, 0.9809417040358744, 0.9843423799582464, 0.9727626459143969, 0.973305954825462, 0.9514370664023786]","[0.9890764647467726, 0.9772520473157416, 0.9811133200795229, 0.9688109161793372, 0.9866803278688525, 0.9788182831661093, 0.9897645854657113, 0.9833333333333333, 0.9683673469387755, 0.9446640316205533]",batch,both
MNIST,small,43,10,a2,layerwise,random,baseline,3,0.2,1,0.9825,0.9814,0.06542369900643825,0.060430719299591144,228471,0.028386619376897793,228102,0.028327767175572505,0.0,0.0,0,0,0,0.3093318280298263,0.9814,0.06043072093573865,0.31792880198918283,234752,235146,"[0.9908163265306122, 0.9920704845814978, 0.9835271317829457, 0.9752475247524752, 0.984725050916497, 0.9831838565022422, 0.9843423799582464, 0.9795719844357976, 0.9661190965092402, 0.9732408325074331]","[0.9900695134061569, 0.986351228389445, 0.9860834990059643, 0.9756335282651072, 0.985655737704918, 0.9821627647714605, 0.9866939611054247, 0.9862745098039216, 0.9683673469387755, 0.9772727272727273]",batch,both
MNIST,small,43,10,a2,layerwise,random,baseline,3,0.2,3,0.9828,0.9816,0.06449089597985148,0.0613817094439175,228471,0.028386619376897793,228102,0.028327767175572505,0.0,0.0,0,0,0,0.3187151709571481,0.9816,0.061381709565361965,0.3173949619522318,234752,235146,"[0.9908163265306122, 0.9929515418502203, 0.9786821705426356, 0.9831683168316832, 0.9816700610997964, 0.9831838565022422, 0.9843423799582464, 0.9785992217898832, 0.9722792607802875, 0.9692765113974232]","[0.9851042701092354, 0.986351228389445, 0.9850894632206759, 0.9814814814814815, 0.9866803278688525, 0.9821627647714605, 0.9877175025588536, 0.9852941176470589, 0.9724489795918367, 0.9752964426877471]",batch,both
MNIST,small,43,10,a2,layerwise,random,baseline,3,0.2,5,0.9824,0.9822,0.06545337440259755,0.06023008521946031,228471,0.028386619376897793,228102,0.028327767175572505,0.0,0.0,0,0,0,0.311570534016937,0.9822,0.06023008530551451,0.32955662498716265,234752,235146,"[0.9908163265306122, 0.9929515418502203, 0.9806201550387597, 0.9831683168316832, 0.9786150712830958, 0.9831838565022422, 0.9832985386221295, 0.980544747081712, 0.9702258726899384, 0.977205153617443]","[0.9870903674280039, 0.989080982711556, 0.9811133200795229, 0.9814814814814815, 0.985655737704918, 0.9843924191750278, 0.9856704196519959, 0.9862745098039216, 0.9683673469387755, 0.974308300395257]",batch,both
MNIST,small,43,10,a2,layerwise,random,baseline,3,0.3,0,0.9763,0.9763,0.08338705088496208,0.0761067870542407,225000,0.04314766145288462,224644,0.04305820610687028,0.0,0.0,0,0,0,0.31274570000823587,0.9763,0.07610678737312555,0.317751933936961,234752,235146,"[0.9887755102040816, 0.9841409691629956, 0.9835271317829457, 0.9564356435643564, 0.984725050916497, 0.9854260089686099, 0.9832985386221295, 0.9669260700389105, 0.9774127310061602, 0.9534192269573836]","[0.9841112214498511, 0.9799818016378526, 0.9850894632206759, 0.9502923976608187, 0.9887295081967213, 0.979933110367893, 0.9928352098259979, 0.9794117647058823, 0.9673469387755103, 0.9565217391304348]",batch,both
MNIST,small,43,10,a2,layerwise,random,baseline,3,0.3,1,0.9813,0.9813,0.06548285667002202,0.06060777444939595,225000,0.04314766145288462,224644,0.04305820610687028,0.0,0.0,0,0,0,0.33068496407940984,0.9813,0.06060777436445933,0.3336621690541506,234752,235146,"[0.9908163265306122, 0.9920704845814978, 0.9825581395348837, 0.9772277227722772, 0.9786150712830958, 0.9831838565022422, 0.9801670146137788, 0.9824902723735408, 0.9691991786447639, 0.9752229930624381]","[0.9880834160873883, 0.9872611464968153, 0.9870775347912525, 0.9727095516569201, 0.9815573770491803, 0.9810479375696767, 0.9866939611054247, 0.9862745098039216, 0.9663265306122449, 0.9752964426877471]",batch,both
MNIST,small,43,10,a2,layerwise,random,baseline,3,0.3,3,0.9822,0.9809,0.06431388696953655,0.05909507016867865,225000,0.04314766145288462,224644,0.04305820610687028,0.0,0.0,0,0,0,0.31105882907286286,0.9809,0.05909506916806567,0.3246165730524808,234752,235146,"[0.9908163265306122, 0.9911894273127754, 0.9815891472868217, 0.9782178217821782, 0.9806517311608961, 0.9854260089686099, 0.9812108559498957, 0.9785992217898832, 0.9743326488706365, 0.9663032705649157]","[0.9851042701092354, 0.986351228389445, 0.9850894632206759, 0.9766081871345029, 0.985655737704918, 0.9832775919732442, 0.9897645854657113, 0.9862745098039216, 0.9693877551020408, 0.974308300395257]",batch,both
MNIST,small,43,10,a2,layerwise,random,baseline,3,0.3,5,0.9835,0.9818,0.06311781820654869,0.058267745077377184,225000,0.04314766145288462,224644,0.04305820610687028,0.0,0.0,0,0,0,0.3132214010693133,0.9818,0.05826774373031221,0.31267509900499135,234752,235146,"[0.9918367346938776, 0.9920704845814978, 0.9796511627906976, 0.9811881188118812, 0.9796334012219959, 0.984304932735426, 0.9822546972860126, 0.9776264591439688, 0.9722792607802875, 0.9762140733399405]","[0.9870903674280039, 0.989080982711556, 0.9860834990059643, 0.9805068226120858, 0.9815573770491803, 0.9832775919732442, 0.9877175025588536, 0.9872549019607844, 0.9714285714285714, 0.9802371541501976]",batch,both
MNIST,small,43,10,a2,layerwise,random,baseline,3,0.4,0,0.9737,0.9717,0.1007383095741272,0.09637514875531196,221529,0.05790870352887145,221186,0.05778864503816794,0.0,0.0,0,0,0,0.33294561703223735,0.9717,0.09637514980435372,0.3326475879875943,234752,235146,"[0.9755102040816327, 0.9841409691629956, 0.9835271317829457, 0.9613861386138614, 0.9887983706720977, 0.984304932735426, 0.9812108559498957, 0.9630350194552529, 0.9753593429158111, 0.9207135777998018]","[0.9771598808341608, 0.9772520473157416, 0.9840954274353877, 0.9600389863547758, 0.9918032786885246, 0.9788182831661093, 0.9918116683725691, 0.9754901960784313, 0.9693877551020408, 0.932806324110672]",batch,both
MNIST,small,43,10,a2,layerwise,random,baseline,3,0.4,1,0.9809,0.9799,0.06551297728568316,0.059906529093254356,221529,0.05790870352887145,221186,0.05778864503816794,0.0,0.0,0,0,0,0.3603891279781237,0.9799,0.059906529409531506,0.3844923449214548,234752,235146,"[0.9928571428571429, 0.9929515418502203, 0.9825581395348837, 0.9792079207920792, 0.9796334012219959, 0.9831838565022422, 0.9812108559498957, 0.9727626459143969, 0.9691991786447639, 0.9643211100099108]","[0.9870903674280039, 0.9854413102820746, 0.9850894632206759, 0.9727095516569201, 0.9836065573770492, 0.9810479375696767, 0.9866939611054247, 0.9852941176470589, 0.9714285714285714, 0.9703557312252964]",batch,both
MNIST,small,43,10,a2,layerwise,random,baseline,3,0.4,3,0.9822,0.9807,0.06397642959803343,0.05741738425805233,221529,0.05790870352887145,221186,0.05778864503816794,0.0,0.0,0,0,0,0.37233779998496175,0.9807,0.05741738464548252,0.3367456969572231,234752,235146,"[0.9918367346938776, 0.9920704845814978, 0.9796511627906976, 0.9782178217821782, 0.9806517311608961, 0.984304932735426, 0.9822546972860126, 0.9766536964980544, 0.971252566735113, 0.9692765113974232]","[0.9870903674280039, 0.9872611464968153, 0.9850894632206759, 0.97953216374269, 0.985655737704918, 0.9843924191750278, 0.9877175025588536, 0.9862745098039216, 0.9642857142857143, 0.974308300395257]",batch,both
MNIST,small,43,10,a2,layerwise,random,baseline,3,0.4,5,0.9823,0.9815,0.06371091510243714,0.058582692865282296,221529,0.05790870352887145,221186,0.05778864503816794,0.0,0.0,0,0,0,0.31261525698937476,0.9815,0.05858269355669617,0.3247842399869114,234752,235146,"[0.9908163265306122, 0.9929515418502203, 0.9815891472868217, 0.9792079207920792, 0.9796334012219959, 0.9831838565022422, 0.9843423799582464, 0.9795719844357976, 0.9722792607802875, 0.9702675916749257]","[0.9860973187686196, 0.9881710646041856, 0.9821073558648111, 0.9805068226120858, 0.985655737704918, 0.9866220735785953, 0.9897645854657113, 0.9852941176470589, 0.9673469387755103, 0.9713438735177866]",batch,both
MNIST,small,43,10,a2,layerwise,random,baseline,3,0.5,0,0.9667,0.9657,0.13739586701393128,0.13500916543006897,218058,0.07266974560485828,217728,0.0725190839694656,0.0,0.0,0,0,0,0.3314599209697917,0.9657,0.13500916602611543,0.342814635951072,234752,235146,"[0.9571428571428572, 0.986784140969163, 0.9864341085271318, 0.9415841584158415, 0.9877800407331976, 0.984304932735426, 0.9707724425887265, 0.9445525291828794, 0.9702258726899384, 0.9276511397423192]","[0.9662363455809335, 0.9745222929936306, 0.9840954274353877, 0.9307992202729045, 0.992827868852459, 0.9788182831661093, 0.9825997952917093, 0.9607843137254902, 0.9622448979591837, 0.9367588932806324]",batch,both
MNIST,small,43,10,a2,layerwise,random,baseline,3,0.5,1,0.9805,0.9802,0.06729056019037961,0.061217451722128315,218058,0.07266974560485828,217728,0.0725190839694656,0.0,0.0,0,0,0,0.3160800150362775,0.9802,0.061217451619310304,0.3253532520029694,234752,235146,"[0.9908163265306122, 0.9929515418502203, 0.9825581395348837, 0.9792079207920792, 0.9816700610997964, 0.9809417040358744, 0.9801670146137788, 0.9747081712062257, 0.9702258726899384, 0.9672943508424182]","[0.9851042701092354, 0.9854413102820746, 0.9811133200795229, 0.9736842105263158, 0.985655737704918, 0.9810479375696767, 0.9907881269191402, 0.984313725490196, 0.9663265306122449, 0.9713438735177866]",batch,both
MNIST,small,43,10,a2,layerwise,random,baseline,3,0.5,3,0.9814,0.9812,0.06480734534114599,0.05872092617037706,218058,0.07266974560485828,217728,0.0725190839694656,0.0,0.0,0,0,0,0.32438068103510886,0.9812,0.058720926975039764,0.3109546189662069,234752,235146,"[0.9908163265306122, 0.9929515418502203, 0.9835271317829457, 0.9811881188118812, 0.9775967413441955, 0.9820627802690582, 0.9791231732776617, 0.9737354085603113, 0.971252566735113, 0.9781962338949455]","[0.9831181727904668, 0.986351228389445, 0.9811133200795229, 0.9756335282651072, 0.9805327868852459, 0.9855072463768116, 0.9897645854657113, 0.984313725490196, 0.9673469387755103, 0.9802371541501976]",batch,both
MNIST,small,43,10,a2,layerwise,random,baseline,3,0.5,5,0.9808,0.9815,0.06517137239426374,0.05917050914822612,218058,0.07266974560485828,217728,0.0725190839694656,0.0,0.0,0,0,0,0.3113825989421457,0.9815,0.0591705093084136,0.32989686797372997,234752,235146,"[0.9918367346938776, 0.9920704845814978, 0.9806201550387597, 0.9831683168316832, 0.9826883910386965, 0.9831838565022422, 0.9822546972860126, 0.9785992217898832, 0.9681724845995893, 0.9712586719524281]","[0.9870903674280039, 0.9872611464968153, 0.9801192842942346, 0.9785575048732943, 0.9846311475409836, 0.9843924191750278, 0.9866939611054247, 0.9862745098039216, 0.9622448979591837, 0.9703557312252964]",batch,both
MNIST,small,43,10,a2,layerwise,random,baseline,3,0.7,0,0.9599,0.9578,0.3136652536392212,0.31207338230609893,211383,0.10105636498175596,211078,0.10084685114503822,0.0,0.0,0,0,0,0.31471767590846866,0.9578,0.31207338054180145,0.3157930999295786,234752,235146,"[0.9683673469387755, 0.9700440528634361, 0.9554263565891473, 0.9346534653465347, 0.9898167006109979, 0.984304932735426, 0.9405010438413361, 0.9562256809338522, 0.971252566735113, 0.9098116947472745]","[0.971201588877855, 0.9545040946314831, 0.963220675944334, 0.9327485380116959, 0.9948770491803278, 0.9777034559643255, 0.9570112589559877, 0.9676470588235294, 0.9653061224489796, 0.9189723320158103]",batch,both
MNIST,small,43,10,a2,layerwise,random,baseline,3,0.7,1,0.9782,0.9769,0.07667211401462555,0.07396041158325971,211383,0.10105636498175596,211078,0.10084685114503822,0.0,0.0,0,0,0,0.3332092659547925,0.9769,0.07396041154451669,0.3168478920124471,234752,235146,"[0.9918367346938776, 0.9938325991189427, 0.9728682170542635, 0.9801980198019802, 0.9786150712830958, 0.9775784753363229, 0.9780793319415448, 0.9698443579766537, 0.9630390143737166, 0.9613478691774033]","[0.9841112214498511, 0.9827115559599636, 0.9801192842942346, 0.969785575048733, 0.9866803278688525, 0.9788182831661093, 0.9897645854657113, 0.984313725490196, 0.9561224489795919, 0.9693675889328063]",batch,both
MNIST,small,43,10,a2,layerwise,random,baseline,3,0.7,3,0.9797,0.9788,0.06979829065948724,0.06614496790124104,211383,0.10105636498175596,211078,0.10084685114503822,0.0,0.0,0,0,0,0.32202258391771466,0.9788,0.06614496759874747,0.32422446098644286,234752,235146,"[0.9928571428571429, 0.9929515418502203, 0.9718992248062015, 0.9811881188118812, 0.9755600814663951, 0.9786995515695067, 0.9770354906054279, 0.9747081712062257, 0.971252566735113, 0.9702675916749257]","[0.9890764647467726, 0.9827115559599636, 0.9761431411530815, 0.9727095516569201, 0.9805327868852459, 0.9843924191750278, 0.9866939611054247, 0.9862745098039216, 0.9622448979591837, 0.9762845849802372]",batch,both
MNIST,small,43,10,a2,layerwise,random,baseline,3,0.7,5,0.9803,0.9801,0.06659799878299236,0.0631778666281607,211383,0.10105636498175596,211078,0.10084685114503822,0.0,0.0,0,0,0,0.3065190319903195,0.9801,0.06317786641805433,0.323337901965715,234752,235146,"[0.9928571428571429, 0.9920704845814978, 0.9767441860465116, 0.9811881188118812, 0.9806517311608961, 0.9809417040358744, 0.9812108559498957, 0.9727626459143969, 0.973305954825462, 0.9682854311199207]","[0.9890764647467726, 0.9836214740673339, 0.9821073558648111, 0.9668615984405458, 0.985655737704918, 0.9843924191750278, 0.9877175025588536, 0.984313725490196, 0.9663265306122449, 0.9733201581027668]",batch,both
MNIST,small,43,10,all,all,random,baseline,4,0.05,0,0.979,0.9796,0.07770516962781548,0.06851627615387551,222660,0.05309892577377462,222284,0.05311136859323884,0.0,0.0,0,0,0,0.3109459870029241,0.9796,0.06851627556751483,0.3216674180002883,234752,235146,"[0.9887755102040816, 0.9920704845814978, 0.9815891472868217, 0.9722772277227723, 0.9857433808553971, 0.9820627802690582, 0.9812108559498957, 0.9708171206225681, 0.9681724845995893, 0.9722497522299306]","[0.9900695134061569, 0.9845313921747043, 0.9791252485089463, 0.9707602339181286, 0.9836065573770492, 0.9832775919732442, 0.9877175025588536, 0.9813725490196078, 0.9663265306122449, 0.9634387351778656]",batch,both
MNIST,small,43,10,all,all,random,baseline,4,0.05,1,0.9813,0.9811,0.0690981497220695,0.06306907582349376,222660,0.05309892577377462,222284,0.05311136859323884,0.0,0.0,0,0,0,0.309847972006537,0.9811,0.0630690752170165,0.3334148529684171,234752,235146,"[0.9908163265306122, 0.9920704845814978, 0.9874031007751938, 0.9772277227722772, 0.9806517311608961, 0.9809417040358744, 0.9801670146137788, 0.9795719844357976, 0.9691991786447639, 0.9712586719524281]","[0.9860973187686196, 0.9872611464968153, 0.9870775347912525, 0.9766081871345029, 0.9795081967213115, 0.9821627647714605, 0.9856704196519959, 0.9862745098039216, 0.9663265306122449, 0.9752964426877471]",batch,both
MNIST,small,43,10,all,all,random,baseline,4,0.05,3,0.9815,0.982,0.06847908366788179,0.06349670137788052,222660,0.05309892577377462,222284,0.05311136859323884,0.0,0.0,0,0,0,0.31723680905997753,0.982,0.06349670063431258,0.3324834059458226,234752,235146,"[0.9897959183673469, 0.9920704845814978, 0.9815891472868217, 0.9782178217821782, 0.9816700610997964, 0.9809417040358744, 0.9832985386221295, 0.980544747081712, 0.9702258726899384, 0.9801783944499505]","[0.9860973187686196, 0.9845313921747043, 0.9840954274353877, 0.9775828460038987, 0.9836065573770492, 0.9855072463768116, 0.9897645854657113, 0.9862745098039216, 0.960204081632653, 0.9772727272727273]",batch,both
MNIST,small,43,10,all,all,random,baseline,4,0.05,5,0.9816,0.9823,0.06913161003291607,0.06370451874828868,222660,0.05309892577377462,222284,0.05311136859323884,0.0,0.0,0,0,0,0.3114377580350265,0.9823,0.06370451816583954,0.30891536397393793,234752,235146,"[0.9897959183673469, 0.9929515418502203, 0.9825581395348837, 0.9772277227722772, 0.9837067209775967, 0.9820627802690582, 0.9822546972860126, 0.9815175097276264, 0.971252566735113, 0.9781962338949455]","[0.9860973187686196, 0.9881710646041856, 0.9811133200795229, 0.9775828460038987, 0.9877049180327869, 0.9832775919732442, 0.9866939611054247, 0.9862745098039216, 0.963265306122449, 0.9752964426877471]",batch,both
MNIST,small,43,10,all,all,random,baseline,4,0.1,0,0.9777,0.9788,0.07716827582642435,0.06860076245479285,209417,0.10941712808212767,209060,0.10944315703380592,0.0,0.0,0,0,0,0.32235320599284023,0.9788,0.06860076220743358,0.3299882480641827,234752,235146,"[0.9887755102040816, 0.9885462555066079, 0.9815891472868217, 0.9693069306930693, 0.9837067209775967, 0.9798206278026906, 0.9832985386221295, 0.9727626459143969, 0.9691991786447639, 0.9702675916749257]","[0.9900695134061569, 0.9818016378525932, 0.9791252485089463, 0.9619883040935673, 0.9815573770491803, 0.9810479375696767, 0.9887410440122825, 0.984313725490196, 0.9612244897959183, 0.967391304347826]",batch,both
MNIST,small,43,10,all,all,random,baseline,4,0.1,1,0.9805,0.9809,0.06779423561617733,0.06262856898210012,209417,0.10941712808212767,209060,0.10944315703380592,0.0,0.0,0,0,0,0.30761660204734653,0.9809,0.06262856994024478,0.3271000979002565,234752,235146,"[0.9897959183673469, 0.9929515418502203, 0.9815891472868217, 0.9762376237623762, 0.9816700610997964, 0.9831838565022422, 0.9791231732776617, 0.9795719844357976, 0.9702258726899384, 0.9732408325074331]","[0.9890764647467726, 0.9854413102820746, 0.9811133200795229, 0.9756335282651072, 0.9836065573770492, 0.9810479375696767, 0.9856704196519959, 0.9872549019607844, 0.9642857142857143, 0.9713438735177866]",batch,both
MNIST,small,43,10,all,all,random,baseline,4,0.1,3,0.9814,0.981,0.0652485409900546,0.06268295855874312,209417,0.10941712808212767,209060,0.10944315703380592,0.0,0.0,0,0,0,0.31093910697381943,0.981,0.06268295849299174,0.3233567599672824,234752,235146,"[0.9897959183673469, 0.9911894273127754, 0.9835271317829457, 0.9782178217821782, 0.9806517311608961, 0.9809417040358744, 0.9801670146137788, 0.9766536964980544, 0.971252566735113, 0.9762140733399405]","[0.9851042701092354, 0.9872611464968153, 0.9831013916500994, 0.9805068226120858, 0.9836065573770492, 0.9821627647714605, 0.9877175025588536, 0.9872549019607844, 0.9612244897959183, 0.9752964426877471]",batch,both
MNIST,small,43,10,all,all,random,baseline,4,0.1,5,0.9817,0.9818,0.06582626250497997,0.06164417141909944,209417,0.10941712808212767,209060,0.10944315703380592,0.0,0.0,0,0,0,0.3118729169946164,0.9818,0.061644168011576406,0.3208238430088386,234752,235146,"[0.9897959183673469, 0.9911894273127754, 0.9825581395348837, 0.9811881188118812, 0.9806517311608961, 0.9809417040358744, 0.9832985386221295, 0.9785992217898832, 0.9753593429158111, 0.9732408325074331]","[0.9860973187686196, 0.9854413102820746, 0.9821073558648111, 0.97953216374269, 0.9825819672131147, 0.979933110367893, 0.9897645854657113, 0.9862745098039216, 0.9673469387755103, 0.9772727272727273]",batch,both
MNIST,small,43,10,all,all,random,baseline,4,0.2,0,0.975,0.976,0.0898858395576477,0.08261770795583726,183183,0.2209818580796612,182865,0.22102900081788446,0.0,0.0,0,0,0,0.31520292500499636,0.976,0.08261770375967026,0.3245315960375592,234752,235146,"[0.9897959183673469, 0.986784140969163, 0.9835271317829457, 0.9663366336633663, 0.9745417515274949, 0.9809417040358744, 0.9832985386221295, 0.9630350194552529, 0.9589322381930184, 0.9722497522299306]","[0.9890764647467726, 0.9763421292083713, 0.9850894632206759, 0.9639376218323586, 0.9733606557377049, 0.979933110367893, 0.9877175025588536, 0.9813725490196078, 0.9530612244897959, 0.9604743083003953]",batch,both
MNIST,small,43,10,all,all,random,baseline,4,0.2,1,0.9794,0.9805,0.06888453776314854,0.06401599506004714,183183,0.2209818580796612,182865,0.22102900081788446,0.0,0.0,0,0,0,0.31947402807418257,0.9805,0.06401599309085869,0.3188829990103841,234752,235146,"[0.9897959183673469, 0.9929515418502203, 0.9786821705426356, 0.9801980198019802, 0.9816700610997964, 0.9798206278026906, 0.9801670146137788, 0.9795719844357976, 0.9702258726899384, 0.9702675916749257]","[0.9860973187686196, 0.9854413102820746, 0.9771371769383698, 0.9736842105263158, 0.9866803278688525, 0.9810479375696767, 0.9866939611054247, 0.9862745098039216, 0.9622448979591837, 0.9683794466403162]",batch,both
MNIST,small,43,10,all,all,random,baseline,4,0.2,3,0.9804,0.9808,0.0685719947874546,0.06335068824455375,183183,0.2209818580796612,182865,0.22102900081788446,0.0,0.0,0,0,0,0.3078720410121605,0.9808,0.06335068788133795,0.31166622298769653,234752,235146,"[0.9908163265306122, 0.9920704845814978, 0.9796511627906976, 0.9792079207920792, 0.9806517311608961, 0.9798206278026906, 0.9791231732776617, 0.9795719844357976, 0.971252566735113, 0.9742319127849356]","[0.9860973187686196, 0.9845313921747043, 0.9781312127236581, 0.9775828460038987, 0.985655737704918, 0.979933110367893, 0.9887410440122825, 0.9862745098039216, 0.9642857142857143, 0.9723320158102767]",batch,both
MNIST,small,43,10,all,all,random,baseline,4,0.2,5,0.9807,0.9808,0.06850689269304276,0.06257476934054866,183183,0.2209818580796612,182865,0.22102900081788446,0.0,0.0,0,0,0,0.32199522596783936,0.9808,0.06257477127471939,0.32139165804255754,234752,235146,"[0.9908163265306122, 0.9903083700440528, 0.9835271317829457, 0.9831683168316832, 0.9775967413441955, 0.9809417040358744, 0.9822546972860126, 0.980544747081712, 0.9671457905544147, 0.9702675916749257]","[0.9860973187686196, 0.986351228389445, 0.9831013916500994, 0.97953216374269, 0.9764344262295082, 0.9810479375696767, 0.9897645854657113, 0.984313725490196, 0.9663265306122449, 0.9733201581027668]",batch,both
MNIST,small,43,10,all,all,random,baseline,4,0.3,0,0.9722,0.9711,0.11255550321340561,0.10880457062721252,158500,0.32595068595680976,158220,0.3260121319520175,0.0,0.0,0,0,0,0.320415107998997,0.9711,0.10880456767082214,0.31684999202843755,234752,235146,"[0.9897959183673469, 0.973568281938326, 0.9699612403100775, 0.9643564356435643, 0.9735234215885947, 0.976457399103139, 0.9749478079331941, 0.953307392996109, 0.9568788501026694, 0.979187314172448]","[0.9851042701092354, 0.9681528662420382, 0.9691848906560636, 0.9668615984405458, 0.9692622950819673, 0.9777034559643255, 0.9866939611054247, 0.9754901960784313, 0.9520408163265306, 0.9723320158102767]",batch,both
MNIST,small,43,10,all,all,random,baseline,4,0.3,1,0.9784,0.9789,0.07252563712671399,0.06854883981272578,158500,0.32595068595680976,158220,0.3260121319520175,0.0,0.0,0,0,0,0.32238882197998464,0.9789,0.06854883909672499,0.3341972939670086,234752,235146,"[0.9897959183673469, 0.9903083700440528, 0.9757751937984496, 0.9762376237623762, 0.9837067209775967, 0.9742152466367713, 0.9801670146137788, 0.9766536964980544, 0.9702258726899384, 0.9702675916749257]","[0.9880834160873883, 0.9845313921747043, 0.9731610337972167, 0.9756335282651072, 0.9836065573770492, 0.9754738015607581, 0.9856704196519959, 0.984313725490196, 0.963265306122449, 0.9693675889328063]",batch,both
MNIST,small,43,10,all,all,random,baseline,4,0.3,3,0.9798,0.981,0.069596278218925,0.0641975385542959,158500,0.32595068595680976,158220,0.3260121319520175,0.0,0.0,0,0,0,0.3118914699880406,0.981,0.06419753753952682,0.3150749900378287,234752,235146,"[0.9897959183673469, 0.9911894273127754, 0.9815891472868217, 0.9811881188118812, 0.9837067209775967, 0.9775784753363229, 0.9801670146137788, 0.9815175097276264, 0.9702258726899384, 0.9712586719524281]","[0.9851042701092354, 0.9836214740673339, 0.9831013916500994, 0.9756335282651072, 0.9846311475409836, 0.9821627647714605, 0.9866939611054247, 0.984313725490196, 0.9642857142857143, 0.9683794466403162]",batch,both
MNIST,small,43,10,all,all,random,baseline,4,0.3,5,0.9806,0.9809,0.06785485644228756,0.06233284655176103,158500,0.32595068595680976,158220,0.3260121319520175,0.0,0.0,0,0,0,0.3191079649841413,0.9809,0.0623328487303108,0.3176621210295707,234752,235146,"[0.9908163265306122, 0.9911894273127754, 0.9786821705426356, 0.9801980198019802, 0.9826883910386965, 0.9798206278026906, 0.9843423799582464, 0.9776264591439688, 0.971252566735113, 0.9712586719524281]","[0.9880834160873883, 0.9845313921747043, 0.9811133200795229, 0.9746588693957114, 0.9836065573770492, 0.9821627647714605, 0.9897645854657113, 0.9823529411764705, 0.9673469387755103, 0.9723320158102767]",batch,both
MNIST,small,43,10,all,all,random,baseline,4,0.4,0,0.9603,0.961,0.1978812532901764,0.19390111917257308,133605,0.43182108137072284,133364,0.4318940839694656,0.0,0.0,0,0,0,0.3246993819484487,0.961,0.1939011249065399,0.3137313930783421,234752,235146,"[0.9877551020408163, 0.9700440528634361, 0.9651162790697675, 0.9346534653465347, 0.9663951120162932, 0.968609865470852, 0.9780793319415448, 0.8998054474708171, 0.9630390143737166, 0.979187314172448]","[0.9781529294935452, 0.9590536851683349, 0.9612326043737575, 0.9366471734892787, 0.9733606557377049, 0.9698996655518395, 0.9856704196519959, 0.9225490196078432, 0.9479591836734694, 0.9713438735177866]",batch,both
MNIST,small,43,10,all,all,random,baseline,4,0.4,1,0.9764,0.9761,0.08047339076995849,0.07528186235874891,133605,0.43182108137072284,133364,0.4318940839694656,0.0,0.0,0,0,0,0.3148887150455266,0.9761,0.07528186467140913,0.32687974791042507,234752,235146,"[0.9897959183673469, 0.9903083700440528, 0.9777131782945736, 0.9722772277227723, 0.9775967413441955, 0.9719730941704036, 0.9749478079331941, 0.9766536964980544, 0.9661190965092402, 0.9613478691774033]","[0.9841112214498511, 0.9836214740673339, 0.9781312127236581, 0.9717348927875243, 0.9795081967213115, 0.9788182831661093, 0.9836233367451381, 0.9852941176470589, 0.9551020408163265, 0.9634387351778656]",batch,both
MNIST,small,43,10,all,all,random,baseline,4,0.4,3,0.9784,0.9782,0.07565775697529316,0.06946227411637082,133605,0.43182108137072284,133364,0.4318940839694656,0.0,0.0,0,0,0,0.33443422499112785,0.9782,0.06946227396437898,0.33588179596699774,234752,235146,"[0.9887755102040816, 0.9920704845814978, 0.9786821705426356, 0.9782178217821782, 0.9786150712830958, 0.9730941704035875, 0.9843423799582464, 0.9688715953307393, 0.9650924024640657, 0.9722497522299306]","[0.9851042701092354, 0.9854413102820746, 0.9821073558648111, 0.9736842105263158, 0.9795081967213115, 0.9777034559643255, 0.9887410440122825, 0.9823529411764705, 0.9581632653061225, 0.9703557312252964]",batch,both
MNIST,small,43,10,all,all,random,baseline,4,0.4,5,0.9786,0.9796,0.07182917815819383,0.06505514735253527,133605,0.43182108137072284,133364,0.4318940839694656,0.0,0.0,0,0,0,0.3203954619821161,0.9796,0.06505514975460246,0.3383207549341023,234752,235146,"[0.9877551020408163, 0.9920704845814978, 0.9777131782945736, 0.9811881188118812, 0.9826883910386965, 0.9786995515695067, 0.9812108559498957, 0.9747081712062257, 0.9681724845995893, 0.9702675916749257]","[0.9860973187686196, 0.9845313921747043, 0.9781312127236581, 0.9756335282651072, 0.9795081967213115, 0.9788182831661093, 0.9887410440122825, 0.9852941176470589, 0.9591836734693877, 0.9693675889328063]",batch,both
MNIST,small,43,10,all,all,random,baseline,4,0.5,0,0.9436,0.9447,0.35520306539535523,0.35371214151382446,109386,0.5348166670919343,109184,0.534896401308615,0.0,0.0,0,0,0,0.31668632198125124,0.9447,0.3537121422290802,0.3156825309852138,234752,235146,"[0.9857142857142858, 0.9726872246696036, 0.937015503875969, 0.8702970297029703, 0.9164969450101833, 0.9618834080717489, 0.9780793319415448, 0.9046692607003891, 0.9394250513347022, 0.9821605550049554]","[0.9791459781529295, 0.9636032757051866, 0.9353876739562624, 0.8820662768031189, 0.9129098360655737, 0.9542920847268673, 0.9856704196519959, 0.9127450980392157, 0.926530612244898, 0.9841897233201581]",batch,both
MNIST,small,43,10,all,all,random,baseline,4,0.5,1,0.9725,0.974,0.0942977371275425,0.0894200748383999,109386,0.5348166670919343,109184,0.534896401308615,0.0,0.0,0,0,0,0.31365020701196045,0.974,0.08942007523179055,0.3170970930950716,234752,235146,"[0.9877551020408163, 0.9911894273127754, 0.9718992248062015, 0.9732673267326732, 0.9755600814663951, 0.9719730941704036, 0.9780793319415448, 0.9688715953307393, 0.9640657084188912, 0.9554013875123885]","[0.9791459781529295, 0.9827115559599636, 0.9721669980119284, 0.969785575048733, 0.9774590163934426, 0.9732441471571907, 0.9795291709314228, 0.9784313725490196, 0.95, 0.9614624505928854]",batch,both
MNIST,small,43,10,all,all,random,baseline,4,0.5,3,0.9757,0.9777,0.08264784321933985,0.07799857085105032,109386,0.5348166670919343,109184,0.534896401308615,0.0,0.0,0,0,0,0.3188196129631251,0.9777,0.07799857329186052,0.3185444459086284,234752,235146,"[0.9897959183673469, 0.9911894273127754, 0.9757751937984496, 0.9752475247524752, 0.9765784114052953, 0.976457399103139, 0.9780793319415448, 0.9776264591439688, 0.9681724845995893, 0.9663032705649157]","[0.9870903674280039, 0.9818016378525932, 0.9761431411530815, 0.9746588693957114, 0.9774590163934426, 0.9754738015607581, 0.9825997952917093, 0.9823529411764705, 0.9510204081632653, 0.967391304347826]",batch,both
MNIST,small,43,10,all,all,random,baseline,4,0.5,5,0.9762,0.9783,0.0784111241132021,0.07346381211197003,109386,0.5348166670919343,109184,0.534896401308615,0.0,0.0,0,0,0,0.3114235489629209,0.9783,0.07346381308948621,0.32036571705248207,234752,235146,"[0.9897959183673469, 0.9920704845814978, 0.9767441860465116, 0.9762376237623762, 0.9745417515274949, 0.9809417040358744, 0.9791231732776617, 0.9785992217898832, 0.9681724845995893, 0.9653121902874133]","[0.9841112214498511, 0.9827115559599636, 0.9781312127236581, 0.9727095516569201, 0.9774590163934426, 0.979933110367893, 0.984646878198567, 0.984313725490196, 0.9510204081632653, 0.9664031620553359]",batch,both
MNIST,small,43,10,all,all,random,baseline,4,0.7,0,0.841,0.8465,1.2157553970336914,1.2042454139709473,63887,0.728309220654402,63761,0.7283899604689203,0.0,0.0,0,0,0,0.3247413949575275,0.8465,1.2042454109191894,0.30553177604451776,234752,235146,"[0.9051020408163265, 0.9066079295154185, 0.874031007751938, 0.8811881188118812, 0.7566191446028513, 0.9136771300448431, 0.9582463465553236, 0.4990272373540856, 0.9209445585215605, 0.8632309217046581]","[0.887785501489573, 0.89171974522293, 0.8548707753479126, 0.8713450292397661, 0.7254098360655737, 0.9130434782608695, 0.9651995905834186, 0.5068627450980392, 0.9091836734693878, 0.8932806324110671]",batch,both
MNIST,small,43,10,all,all,random,baseline,4,0.7,1,0.9533,0.9535,0.1829980489075184,0.1744600801885128,63887,0.728309220654402,63761,0.7283899604689203,0.0,0.0,0,0,0,0.3172545679844916,0.9535,0.17446008064746857,0.3444755849195644,234752,235146,"[0.9836734693877551, 0.9885462555066079, 0.9496124031007752, 0.9475247524752475, 0.9429735234215886, 0.9147982062780269, 0.9707724425887265, 0.9503891050583657, 0.9301848049281314, 0.9484638255698712]","[0.9751737835153923, 0.9808917197452229, 0.9383697813121272, 0.9395711500974658, 0.9467213114754098, 0.935340022296544, 0.970317297850563, 0.9627450980392157, 0.9204081632653062, 0.958498023715415]",batch,both
MNIST,small,43,10,all,all,random,baseline,4,0.7,3,0.9642,0.9645,0.13153226322233677,0.1251448578953743,63887,0.728309220654402,63761,0.7283899604689203,0.0,0.0,0,0,0,0.3098481969209388,0.9645,0.12514486021995544,0.3302189230453223,234752,235146,"[0.986734693877551, 0.9903083700440528, 0.9583333333333334, 0.9574257425742574, 0.9592668024439919, 0.952914798206278, 0.975991649269311, 0.9659533073929961, 0.9435318275154004, 0.9504459861248761]","[0.9761668321747765, 0.9827115559599636, 0.9582504970178927, 0.9463937621832359, 0.9641393442622951, 0.9654403567447045, 0.9805527123848515, 0.9764705882352941, 0.9295918367346939, 0.9604743083003953]",batch,both
MNIST,small,43,10,all,all,random,baseline,4,0.7,5,0.9675,0.9682,0.11665795551538467,0.10887593565732241,63887,0.728309220654402,63761,0.7283899604689203,0.0,0.0,0,0,0,0.31323090894147754,0.9682,0.10887593539506198,0.3367468969663605,234752,235146,"[0.9877551020408163, 0.9903083700440528, 0.9641472868217055, 0.9653465346534653, 0.9663951120162932, 0.9585201793721974, 0.975991649269311, 0.9669260700389105, 0.9548254620123203, 0.9484638255698712]","[0.974180734856008, 0.9854413102820746, 0.9652087475149106, 0.9532163742690059, 0.9754098360655737, 0.9654403567447045, 0.9825997952917093, 0.9774509803921568, 0.939795918367347, 0.9545454545454546]",batch,both
MNIST,small,43,10,a1,layerwise,random,baseline,4,0.05,0,0.9793,0.9795,0.07966945552676916,0.07119791159541346,224190,0.04659232987165418,223808,0.04661941112322787,0.0,0.0,0,0,0,0.30496185598894954,0.9795,0.07119791271449066,0.32810556690674275,234752,235146,"[0.9887755102040816, 0.9903083700440528, 0.9796511627906976, 0.9722772277227723, 0.984725050916497, 0.9809417040358744, 0.9843423799582464, 0.9727626459143969, 0.9722792607802875, 0.9682854311199207]","[0.9900695134061569, 0.9836214740673339, 0.9791252485089463, 0.9736842105263158, 0.9825819672131147, 0.979933110367893, 0.9918116683725691, 0.9813725490196078, 0.9673469387755103, 0.9634387351778656]",batch,both
MNIST,small,43,10,a1,layerwise,random,baseline,4,0.05,1,0.9823,0.9812,0.0688628698181361,0.06346808267518063,224190,0.04659232987165418,223808,0.04661941112322787,0.0,0.0,0,0,0,0.32305092399474233,0.9812,0.06346808233096381,0.3374829210806638,234752,235146,"[0.9908163265306122, 0.9911894273127754, 0.9835271317829457, 0.9782178217821782, 0.9806517311608961, 0.9798206278026906, 0.9832985386221295, 0.980544747081712, 0.9722792607802875, 0.9702675916749257]","[0.9870903674280039, 0.986351228389445, 0.9850894632206759, 0.9814814814814815, 0.9825819672131147, 0.9810479375696767, 0.9897645854657113, 0.9852941176470589, 0.9683673469387755, 0.9752964426877471]",batch,both
MNIST,small,43,10,a1,layerwise,random,baseline,4,0.05,3,0.9823,0.9819,0.06698930143415928,0.06152805255343265,224190,0.04659232987165418,223808,0.04661941112322787,0.0,0.0,0,0,0,0.3267803170019761,0.9819,0.06152805232693499,0.3195380619727075,234752,235146,"[0.9918367346938776, 0.9929515418502203, 0.9825581395348837, 0.9801980198019802, 0.9816700610997964, 0.9798206278026906, 0.9822546972860126, 0.9795719844357976, 0.971252566735113, 0.9752229930624381]","[0.9860973187686196, 0.9872611464968153, 0.9821073558648111, 0.9814814814814815, 0.9846311475409836, 0.9821627647714605, 0.9877175025588536, 0.9872549019607844, 0.9663265306122449, 0.9772727272727273]",batch,both
MNIST,small,43,10,a1,layerwise,random,baseline,4,0.05,5,0.9825,0.9823,0.06926971387080848,0.06370018286644627,224190,0.04659232987165418,223808,0.04661941112322787,0.0,0.0,0,0,0,0.32152662507724017,0.9823,0.06370018280530494,0.31388957193121314,234752,235146,"[0.9908163265306122, 0.9920704845814978, 0.9835271317829457, 0.9821782178217822, 0.9816700610997964, 0.9854260089686099, 0.9832985386221295, 0.9776264591439688, 0.971252566735113, 0.9742319127849356]","[0.9860973187686196, 0.986351228389445, 0.9870775347912525, 0.9814814814814815, 0.9866803278688525, 0.9810479375696767, 0.9877175025588536, 0.984313725490196, 0.9673469387755103, 0.9762845849802372]",batch,both
MNIST,small,43,10,a1,layerwise,random,baseline,4,0.1,0,0.9773,0.978,0.0808397436477244,0.07270029156869277,212321,0.09706735389927956,211952,0.09712377317339149,0.0,0.0,0,0,0,0.311559549998492,0.978,0.0727002908504568,0.3260685810819268,234752,235146,"[0.9897959183673469, 0.9859030837004406, 0.9806201550387597, 0.9693069306930693, 0.9796334012219959, 0.9809417040358744, 0.9843423799582464, 0.9727626459143969, 0.9702258726899384, 0.9663032705649157]","[0.9900695134061569, 0.9818016378525932, 0.9771371769383698, 0.9658869395711501, 0.9784836065573771, 0.9788182831661093, 0.9907881269191402, 0.9823529411764705, 0.9622448979591837, 0.9654150197628458]",batch,both
MNIST,small,43,10,a1,layerwise,random,baseline,4,0.1,1,0.9805,0.9807,0.07054574516862631,0.0648871591845993,212321,0.09706735389927956,211952,0.09712377317339149,0.0,0.0,0,0,0,0.3144394389819354,0.9807,0.0648871602522675,0.3222220840398222,234752,235146,"[0.9908163265306122, 0.9911894273127754, 0.9835271317829457, 0.9772277227722772, 0.9806517311608961, 0.9809417040358744, 0.9780793319415448, 0.980544747081712, 0.971252566735113, 0.9712586719524281]","[0.9880834160873883, 0.9845313921747043, 0.9831013916500994, 0.9736842105263158, 0.9825819672131147, 0.9810479375696767, 0.9856704196519959, 0.9862745098039216, 0.9653061224489796, 0.974308300395257]",batch,both
MNIST,small,43,10,a1,layerwise,random,baseline,4,0.1,3,0.9822,0.9812,0.06712438097707928,0.06467170569894952,212321,0.09706735389927956,211952,0.09712377317339149,0.0,0.0,0,0,0,0.3166006520623341,0.9812,0.06467170513307792,0.3255239090649411,234752,235146,"[0.9918367346938776, 0.9920704845814978, 0.9844961240310077, 0.9782178217821782, 0.9786150712830958, 0.9786995515695067, 0.9812108559498957, 0.9785992217898832, 0.971252566735113, 0.9752229930624381]","[0.9870903674280039, 0.9845313921747043, 0.9850894632206759, 0.9805068226120858, 0.9825819672131147, 0.9821627647714605, 0.9877175025588536, 0.9872549019607844, 0.9683673469387755, 0.9762845849802372]",batch,both
MNIST,small,43,10,a1,layerwise,random,baseline,4,0.1,5,0.9821,0.9822,0.06856810051556676,0.0639496560703119,212321,0.09706735389927956,211952,0.09712377317339149,0.0,0.0,0,0,0,0.32831958099268377,0.9822,0.06394965656819696,0.3198166099609807,234752,235146,"[0.9908163265306122, 0.9920704845814978, 0.9835271317829457, 0.9792079207920792, 0.9796334012219959, 0.984304932735426, 0.9801670146137788, 0.9824902723735408, 0.971252566735113, 0.977205153617443]","[0.9890764647467726, 0.9899909008189263, 0.9801192842942346, 0.9805068226120858, 0.9846311475409836, 0.9821627647714605, 0.9877175025588536, 0.9882352941176471, 0.963265306122449, 0.974308300395257]",batch,both
MNIST,small,43,10,a1,layerwise,random,baseline,4,0.2,0,0.9747,0.9744,0.08757313630878925,0.08070173938423394,188583,0.19801740195453033,188240,0.19813249727371862,0.0,0.0,0,0,0,0.3217876710696146,0.9744,0.08070173356384039,0.3355709350435063,234752,235146,"[0.9897959183673469, 0.9806167400881057, 0.9699612403100775, 0.9742574257425742, 0.9775967413441955, 0.9809417040358744, 0.9822546972860126, 0.9601167315175098, 0.9640657084188912, 0.9653121902874133]","[0.9900695134061569, 0.9745222929936306, 0.9721669980119284, 0.9717348927875243, 0.9743852459016393, 0.9788182831661093, 0.9877175025588536, 0.9803921568627451, 0.960204081632653, 0.9575098814229249]",batch,both
MNIST,small,43,10,a1,layerwise,random,baseline,4,0.2,1,0.9792,0.9804,0.071494051463902,0.06561136629136745,188583,0.19801740195453033,188240,0.19813249727371862,0.0,0.0,0,0,0,0.32412981207016855,0.9804,0.06561136884393635,0.31806587404571474,234752,235146,"[0.9897959183673469, 0.9920704845814978, 0.9825581395348837, 0.9792079207920792, 0.9786150712830958, 0.9798206278026906, 0.9791231732776617, 0.9815175097276264, 0.9702258726899384, 0.9692765113974232]","[0.9851042701092354, 0.9836214740673339, 0.9821073558648111, 0.9736842105263158, 0.9836065573770492, 0.9810479375696767, 0.9887410440122825, 0.9872549019607844, 0.963265306122449, 0.9634387351778656]",batch,both
MNIST,small,43,10,a1,layerwise,random,baseline,4,0.2,3,0.9807,0.9799,0.06916757034473121,0.06638399290697417,188583,0.19801740195453033,188240,0.19813249727371862,0.0,0.0,0,0,0,0.3238552008988336,0.9799,0.06638399358423194,0.3231732299318537,234752,235146,"[0.9908163265306122, 0.9920704845814978, 0.9796511627906976, 0.9792079207920792, 0.9765784114052953, 0.9820627802690582, 0.9801670146137788, 0.9776264591439688, 0.971252566735113, 0.9682854311199207]","[0.9900695134061569, 0.9827115559599636, 0.9811133200795229, 0.9775828460038987, 0.9815573770491803, 0.9832775919732442, 0.9877175025588536, 0.9862745098039216, 0.9663265306122449, 0.9703557312252964]",batch,both
MNIST,small,43,10,a1,layerwise,random,baseline,4,0.2,5,0.9814,0.981,0.06932100692354143,0.06521145774050383,188583,0.19801740195453033,188240,0.19813249727371862,0.0,0.0,0,0,0,0.32582602999173105,0.981,0.06521145772746531,0.31537282303906977,234752,235146,"[0.9918367346938776, 0.9911894273127754, 0.9806201550387597, 0.9811881188118812, 0.9786150712830958, 0.9798206278026906, 0.9822546972860126, 0.9834630350194552, 0.9702258726899384, 0.9692765113974232]","[0.9890764647467726, 0.9845313921747043, 0.9811133200795229, 0.97953216374269, 0.9846311475409836, 0.9843924191750278, 0.9866939611054247, 0.984313725490196, 0.9683673469387755, 0.9713438735177866]",batch,both
MNIST,small,43,10,a1,layerwise,random,baseline,4,0.3,0,0.973,0.9725,0.09237891516089439,0.08664666078090667,165758,0.29508475585381,165440,0.2952562704471101,0.0,0.0,0,0,0,0.33995553595013916,0.9725,0.08664665979444981,0.32094453007448465,234752,235146,"[0.9877551020408163, 0.9770925110132158, 0.9631782945736435, 0.9752475247524752, 0.9786150712830958, 0.9730941704035875, 0.975991649269311, 0.9562256809338522, 0.9702258726899384, 0.9682854311199207]","[0.9811320754716981, 0.9717925386715196, 0.9711729622266402, 0.9668615984405458, 0.9795081967213115, 0.9754738015607581, 0.9856704196519959, 0.9774509803921568, 0.963265306122449, 0.958498023715415]",batch,both
MNIST,small,43,10,a1,layerwise,random,baseline,4,0.3,1,0.978,0.9799,0.07381798277497291,0.06774361854800955,165758,0.29508475585381,165440,0.2952562704471101,0.0,0.0,0,0,0,0.3166704949690029,0.9799,0.06774361809724942,0.3190571389859542,234752,235146,"[0.9918367346938776, 0.9903083700440528, 0.9815891472868217, 0.9811881188118812, 0.9816700610997964, 0.9775784753363229, 0.9801670146137788, 0.9776264591439688, 0.9661190965092402, 0.9692765113974232]","[0.9870903674280039, 0.9845313921747043, 0.9811133200795229, 0.9727095516569201, 0.9805327868852459, 0.9754738015607581, 0.9866939611054247, 0.9852941176470589, 0.9591836734693877, 0.9664031620553359]",batch,both
MNIST,small,43,10,a1,layerwise,random,baseline,4,0.3,3,0.9793,0.9803,0.07085100395083427,0.06475286899594357,165758,0.29508475585381,165440,0.2952562704471101,0.0,0.0,0,0,0,0.31025578803382814,0.9803,0.06475286814061693,0.3149774189805612,234752,235146,"[0.9918367346938776, 0.9911894273127754, 0.9748062015503876, 0.9801980198019802, 0.9786150712830958, 0.9809417040358744, 0.9801670146137788, 0.980544747081712, 0.971252566735113, 0.9722497522299306]","[0.9860973187686196, 0.9854413102820746, 0.9801192842942346, 0.9736842105263158, 0.9825819672131147, 0.979933110367893, 0.9866939611054247, 0.9852941176470589, 0.9622448979591837, 0.9703557312252964]",batch,both
MNIST,small,43,10,a1,layerwise,random,baseline,4,0.3,5,0.9799,0.9812,0.0715462342325598,0.06402880011925008,165758,0.29508475585381,165440,0.2952562704471101,0.0,0.0,0,0,0,0.31706797902006656,0.9812,0.06402880155534948,0.3385564920026809,234752,235146,"[0.9918367346938776, 0.9929515418502203, 0.9786821705426356, 0.9782178217821782, 0.9816700610997964, 0.9775784753363229, 0.9822546972860126, 0.9776264591439688, 0.971252566735113, 0.9781962338949455]","[0.9880834160873883, 0.9845313921747043, 0.9840954274353877, 0.9707602339181286, 0.9836065573770492, 0.9821627647714605, 0.984646878198567, 0.9823529411764705, 0.9642857142857143, 0.974308300395257]",batch,both
MNIST,small,43,10,a1,layerwise,random,baseline,4,0.4,0,0.9645,0.9691,0.11299919588565827,0.10578372162282466,142020,0.39603480390906076,141728,0.39626499454743724,0.0,0.0,0,0,0,0.3076529959216714,0.9691,0.10578372617661953,0.3142816449981183,234752,235146,"[0.9877551020408163, 0.9797356828193833, 0.9728682170542635, 0.9683168316831683, 0.9826883910386965, 0.952914798206278, 0.9749478079331941, 0.9241245136186771, 0.9702258726899384, 0.9762140733399405]","[0.974180734856008, 0.9681528662420382, 0.963220675944334, 0.9639376218323586, 0.9836065573770492, 0.9576365663322185, 0.9815762538382804, 0.9392156862745098, 0.9540816326530612, 0.9594861660079052]",batch,both
MNIST,small,43,10,a1,layerwise,random,baseline,4,0.4,1,0.976,0.9788,0.0772528820976615,0.07123808446442709,142020,0.39603480390906076,141728,0.39626499454743724,0.0,0.0,0,0,0,0.31395167496521026,0.9788,0.0712380860737525,0.3246919009834528,234752,235146,"[0.9908163265306122, 0.9911894273127754, 0.9796511627906976, 0.9663366336633663, 0.9816700610997964, 0.9820627802690582, 0.9791231732776617, 0.9747081712062257, 0.9691991786447639, 0.9722497522299306]","[0.9860973187686196, 0.9799818016378526, 0.9801192842942346, 0.9658869395711501, 0.9836065573770492, 0.979933110367893, 0.9836233367451381, 0.9803921568627451, 0.9571428571428572, 0.9634387351778656]",batch,both
MNIST,small,43,10,a1,layerwise,random,baseline,4,0.4,3,0.9789,0.9806,0.07287697701230646,0.06762198099831584,142020,0.39603480390906076,141728,0.39626499454743724,0.0,0.0,0,0,0,0.31141356204170734,0.9806,0.06762198006066028,0.321525044972077,234752,235146,"[0.9908163265306122, 0.9903083700440528, 0.9806201550387597, 0.9801980198019802, 0.9816700610997964, 0.9786995515695067, 0.9812108559498957, 0.9727626459143969, 0.9774127310061602, 0.9712586719524281]","[0.9880834160873883, 0.9818016378525932, 0.9821073558648111, 0.9756335282651072, 0.9846311475409836, 0.979933110367893, 0.9866939611054247, 0.9813725490196078, 0.9622448979591837, 0.9664031620553359]",batch,both
MNIST,small,43,10,a1,layerwise,random,baseline,4,0.4,5,0.9788,0.9808,0.0742429452136159,0.06619821949827019,142020,0.39603480390906076,141728,0.39626499454743724,0.0,0.0,0,0,0,0.32365119305904955,0.9808,0.0661982193097705,0.3379286009585485,234752,235146,"[0.9908163265306122, 0.9911894273127754, 0.9796511627906976, 0.9782178217821782, 0.9837067209775967, 0.9809417040358744, 0.9822546972860126, 0.9766536964980544, 0.973305954825462, 0.9702675916749257]","[0.9870903674280039, 0.9845313921747043, 0.9860834990059643, 0.9736842105263158, 0.9795081967213115, 0.9788182831661093, 0.9877175025588536, 0.9823529411764705, 0.9642857142857143, 0.9634387351778656]",batch,both
MNIST,small,43,10,a1,layerwise,random,baseline,4,0.5,0,0.9611,0.9614,0.13865579833984376,0.13275022584199905,118282,0.4969848519643115,118016,0.4972737186477645,0.0,0.0,0,0,0,0.322352840914391,0.9614,0.13275022612214088,0.3361979320179671,234752,235146,"[0.9826530612244898, 0.9779735682819384, 0.9680232558139535, 0.9594059405940594, 0.9653767820773931, 0.9327354260089686, 0.9728601252609603, 0.9105058365758755, 0.9671457905544147, 0.9742319127849356]","[0.9702085402184707, 0.9663330300272975, 0.9642147117296223, 0.9600389863547758, 0.9672131147540983, 0.9409141583054627, 0.9897645854657113, 0.9264705882352942, 0.9540816326530612, 0.9703557312252964]",batch,both
MNIST,small,43,10,a1,layerwise,random,baseline,4,0.5,1,0.9747,0.9765,0.08376903869509697,0.07745903391949832,118282,0.4969848519643115,118016,0.4972737186477645,0.0,0.0,0,0,0,0.3172017920296639,0.9765,0.07745903133563697,0.3147138470085338,234752,235146,"[0.9897959183673469, 0.9911894273127754, 0.9748062015503876, 0.9702970297029703, 0.9775967413441955, 0.976457399103139, 0.9791231732776617, 0.9747081712062257, 0.9691991786447639, 0.9603567888999008]","[0.9890764647467726, 0.9818016378525932, 0.9731610337972167, 0.9717348927875243, 0.9733606557377049, 0.9754738015607581, 0.984646878198567, 0.984313725490196, 0.95, 0.9624505928853755]",batch,both
MNIST,small,43,10,a1,layerwise,random,baseline,4,0.5,3,0.9771,0.9785,0.07705906239897013,0.07091992654516362,118282,0.4969848519643115,118016,0.4972737186477645,0.0,0.0,0,0,0,0.3106927019543946,0.9785,0.0709199305550661,0.32294396799989045,234752,235146,"[0.9897959183673469, 0.9920704845814978, 0.9777131782945736, 0.9712871287128713, 0.9755600814663951, 0.9831838565022422, 0.9791231732776617, 0.9747081712062257, 0.973305954825462, 0.9672943508424182]","[0.9870903674280039, 0.9808917197452229, 0.9771371769383698, 0.9736842105263158, 0.9743852459016393, 0.9810479375696767, 0.9866939611054247, 0.9833333333333333, 0.9612244897959183, 0.9654150197628458]",batch,both
MNIST,small,43,10,a1,layerwise,random,baseline,4,0.5,5,0.9788,0.9801,0.0751493396744132,0.06869926678605844,118282,0.4969848519643115,118016,0.4972737186477645,0.0,0.0,0,0,0,0.32615228195209056,0.9801,0.06869926547624637,0.3307777439476922,234752,235146,"[0.9897959183673469, 0.9920704845814978, 0.9757751937984496, 0.9782178217821782, 0.9806517311608961, 0.9820627802690582, 0.9801670146137788, 0.97568093385214, 0.9743326488706365, 0.9712586719524281]","[0.9860973187686196, 0.9845313921747043, 0.9781312127236581, 0.9785575048732943, 0.9784836065573771, 0.9843924191750278, 0.9866939611054247, 0.9823529411764705, 0.9591836734693877, 0.9693675889328063]",batch,both
MNIST,small,43,10,a1,layerwise,random,baseline,4,0.7,0,0.9205,0.9238,0.3685165963172913,0.35524589545726776,71719,0.6950022539188419,71504,0.6954062159214831,0.0,0.0,0,0,0,0.3129454320296645,0.9238,0.3552458914756775,0.3219537759432569,234752,235146,"[0.9653061224489796, 0.9674008810572687, 0.936046511627907, 0.9524752475247524, 0.9307535641547862, 0.8688340807174888, 0.9603340292275574, 0.8122568093385214, 0.9240246406570842, 0.9137760158572844]","[0.9563058589870904, 0.9572338489535942, 0.9184890656063618, 0.9415204678362573, 0.9211065573770492, 0.8717948717948718, 0.9692937563971341, 0.8294117647058824, 0.9163265306122449, 0.9169960474308301]",batch,both
MNIST,small,43,10,a1,layerwise,random,baseline,4,0.7,1,0.9654,0.9655,0.115423220795393,0.10896763857007026,71719,0.6950022539188419,71504,0.6954062159214831,0.0,0.0,0,0,0,0.33593563199974597,0.9655,0.10896764133572578,0.3287000850541517,234752,235146,"[0.986734693877551, 0.9850220264317181, 0.9651162790697675, 0.9613861386138614, 0.9613034623217923, 0.9517937219730942, 0.9728601252609603, 0.9659533073929961, 0.9548254620123203, 0.9464816650148662]","[0.9801390268123138, 0.9772520473157416, 0.9542743538767395, 0.9600389863547758, 0.9672131147540983, 0.9654403567447045, 0.9764585465711362, 0.9774509803921568, 0.9428571428571428, 0.9515810276679841]",batch,both
MNIST,small,43,10,a1,layerwise,random,baseline,4,0.7,3,0.9712,0.9695,0.09904962375462055,0.09332968433834612,71719,0.6950022539188419,71504,0.6954062159214831,0.0,0.0,0,0,0,0.3236861979821697,0.9695,0.09332968516685068,0.32419775996822864,234752,235146,"[0.9887755102040816, 0.9885462555066079, 0.9660852713178295, 0.9702970297029703, 0.9694501018329938, 0.9585201793721974, 0.9791231732776617, 0.9688715953307393, 0.9558521560574949, 0.9464816650148662]","[0.9841112214498511, 0.9845313921747043, 0.967196819085487, 0.9658869395711501, 0.9743852459016393, 0.9698996655518395, 0.9825997952917093, 0.9784313725490196, 0.9448979591836735, 0.958498023715415]",batch,both
MNIST,small,43,10,a1,layerwise,random,baseline,4,0.7,5,0.9725,0.9726,0.09400680604428054,0.08723156051971018,71719,0.6950022539188419,71504,0.6954062159214831,0.0,0.0,0,0,0,0.31894202798139304,0.9726,0.08723156043626368,0.31943537504412234,234752,235146,"[0.9887755102040816, 0.9894273127753304, 0.9699612403100775, 0.9702970297029703, 0.9694501018329938, 0.9742152466367713, 0.9812108559498957, 0.9678988326848249, 0.9599589322381931, 0.9534192269573836]","[0.9841112214498511, 0.9845313921747043, 0.9711729622266402, 0.9678362573099415, 0.9733606557377049, 0.9743589743589743, 0.9836233367451381, 0.9754901960784313, 0.9479591836734694, 0.9614624505928854]",batch,both
MNIST,small,43,10,a2,layerwise,random,baseline,4,0.05,0,0.978,0.9795,0.07848881752043962,0.06829514759937301,233544,0.006812788650455426,233156,0.006798664122137366,0.0,0.0,0,0,0,0.30825417302548885,0.9795,0.06829514821926132,0.3181779939914122,234752,235146,"[0.9897959183673469, 0.9911894273127754, 0.9806201550387597, 0.9722772277227723, 0.9877800407331976, 0.9831838565022422, 0.9822546972860126, 0.9698443579766537, 0.9650924024640657, 0.9722497522299306]","[0.9900695134061569, 0.9845313921747043, 0.9821073558648111, 0.9668615984405458, 0.9846311475409836, 0.9821627647714605, 0.9877175025588536, 0.9803921568627451, 0.9551020408163265, 0.9664031620553359]",batch,both
MNIST,small,43,10,a2,layerwise,random,baseline,4,0.05,1,0.9819,0.9816,0.06805413713082671,0.06214525850686187,233544,0.006812788650455426,233156,0.006798664122137366,0.0,0.0,0,0,0,0.3236607719445601,0.9816,0.06214525772119814,0.3284148520324379,234752,235146,"[0.9918367346938776, 0.9938325991189427, 0.9806201550387597, 0.9752475247524752, 0.9796334012219959, 0.9854260089686099, 0.9822546972860126, 0.9795719844357976, 0.9691991786447639, 0.977205153617443]","[0.9890764647467726, 0.9872611464968153, 0.9850894632206759, 0.9736842105263158, 0.9825819672131147, 0.9843924191750278, 0.9856704196519959, 0.9862745098039216, 0.9693877551020408, 0.9752964426877471]",batch,both
MNIST,small,43,10,a2,layerwise,random,baseline,4,0.05,3,0.9826,0.9819,0.06683252756670117,0.06318126304279431,233544,0.006812788650455426,233156,0.006798664122137366,0.0,0.0,0,0,0,0.3106441330164671,0.9819,0.06318126306924386,0.33629600098356605,234752,235146,"[0.9918367346938776, 0.9920704845814978, 0.9815891472868217, 0.9801980198019802, 0.9816700610997964, 0.9820627802690582, 0.9812108559498957, 0.9795719844357976, 0.9702258726899384, 0.977205153617443]","[0.9880834160873883, 0.9872611464968153, 0.9840954274353877, 0.9834307992202729, 0.985655737704918, 0.9821627647714605, 0.9866939611054247, 0.9862745098039216, 0.9663265306122449, 0.9752964426877471]",batch,both
MNIST,small,43,10,a2,layerwise,random,baseline,4,0.05,5,0.9822,0.982,0.06655505401939153,0.062212058549220094,233544,0.006812788650455426,233156,0.006798664122137366,0.0,0.0,0,0,0,0.32829430408310145,0.982,0.06221205918717605,0.31779827491845936,234752,235146,"[0.9908163265306122, 0.9920704845814978, 0.9825581395348837, 0.9792079207920792, 0.9796334012219959, 0.9798206278026906, 0.9832985386221295, 0.9785992217898832, 0.9722792607802875, 0.9801783944499505]","[0.9851042701092354, 0.986351228389445, 0.9860834990059643, 0.9785575048732943, 0.9815573770491803, 0.9832775919732442, 0.9856704196519959, 0.9852941176470589, 0.9704081632653061, 0.9792490118577075]",batch,both
MNIST,small,43,10,a2,layerwise,random,baseline,4,0.1,0,0.9788,0.9799,0.07774302478432656,0.0679048638233915,231942,0.013625577300910963,231560,0.013597328244274842,0.0,0.0,0,0,0,0.3129356640856713,0.9799,0.06790486471895128,0.32524735399056226,234752,235146,"[0.9897959183673469, 0.9920704845814978, 0.9806201550387597, 0.9722772277227723, 0.9867617107942973, 0.9786995515695067, 0.9853862212943633, 0.9698443579766537, 0.9661190965092402, 0.9762140733399405]","[0.9900695134061569, 0.9854413102820746, 0.9831013916500994, 0.969785575048733, 0.985655737704918, 0.9821627647714605, 0.9907881269191402, 0.9813725490196078, 0.9561224489795919, 0.9634387351778656]",batch,both
MNIST,small,43,10,a2,layerwise,random,baseline,4,0.1,1,0.9822,0.9813,0.06533949383273721,0.06007611787017668,231942,0.013625577300910963,231560,0.013597328244274842,0.0,0.0,0,0,0,0.33067909197416157,0.9813,0.060076119488442783,0.3289318500319496,234752,235146,"[0.9908163265306122, 0.9920704845814978, 0.9806201550387597, 0.9821782178217822, 0.9786150712830958, 0.9809417040358744, 0.9812108559498957, 0.9834630350194552, 0.971252566735113, 0.9702675916749257]","[0.9900695134061569, 0.9881710646041856, 0.9840954274353877, 0.9814814814814815, 0.9836065573770492, 0.9788182831661093, 0.9866939611054247, 0.9872549019607844, 0.9693877551020408, 0.9713438735177866]",batch,both
MNIST,small,43,10,a2,layerwise,random,baseline,4,0.1,3,0.9826,0.9814,0.06487812420837581,0.06033600256201462,231942,0.013625577300910963,231560,0.013597328244274842,0.0,0.0,0,0,0,0.31938333390280604,0.9814,0.06033600485008792,0.31520973797887564,234752,235146,"[0.9908163265306122, 0.9920704845814978, 0.9835271317829457, 0.9792079207920792, 0.9816700610997964, 0.9798206278026906, 0.9812108559498957, 0.9766536964980544, 0.9702258726899384, 0.977205153617443]","[0.9870903674280039, 0.9872611464968153, 0.9821073558648111, 0.9805068226120858, 0.9846311475409836, 0.9788182831661093, 0.9887410440122825, 0.9872549019607844, 0.9714285714285714, 0.9772727272727273]",batch,both
MNIST,small,43,10,a2,layerwise,random,baseline,4,0.1,5,0.9816,0.9825,0.06653582833372057,0.061534145482789605,231942,0.013625577300910963,231560,0.013597328244274842,0.0,0.0,0,0,0,0.32317868096288294,0.9825,0.06153414625764999,0.3255293269176036,234752,235146,"[0.9908163265306122, 0.9929515418502203, 0.9815891472868217, 0.9782178217821782, 0.9806517311608961, 0.9854260089686099, 0.9832985386221295, 0.980544747081712, 0.9743326488706365, 0.9762140733399405]","[0.9841112214498511, 0.989080982711556, 0.9831013916500994, 0.9775828460038987, 0.9825819672131147, 0.979933110367893, 0.9866939611054247, 0.9872549019607844, 0.9683673469387755, 0.9762845849802372]",batch,both
MNIST,small,43,10,a2,layerwise,random,baseline,4,0.2,0,0.9773,0.9795,0.07868758713901043,0.06833838842455298,228471,0.028386619376897793,228102,0.028327767175572505,0.0,0.0,0,0,0,0.3074601310072467,0.9795,0.06833838800583035,0.3395507229724899,234752,235146,"[0.9908163265306122, 0.9920704845814978, 0.9835271317829457, 0.9712871287128713, 0.9857433808553971, 0.9809417040358744, 0.9843423799582464, 0.9717898832684825, 0.9589322381930184, 0.9742319127849356]","[0.9890764647467726, 0.9845313921747043, 0.9850894632206759, 0.9629629629629629, 0.9846311475409836, 0.9821627647714605, 0.9866939611054247, 0.9823529411764705, 0.9520408163265306, 0.9634387351778656]",batch,both
MNIST,small,43,10,a2,layerwise,random,baseline,4,0.2,1,0.9811,0.9819,0.06585268042087555,0.059878073246893475,228471,0.028386619376897793,228102,0.028327767175572505,0.0,0.0,0,0,0,0.31234501698054373,0.9819,0.059878074448672124,0.3129639090038836,234752,235146,"[0.9908163265306122, 0.9938325991189427, 0.9815891472868217, 0.9782178217821782, 0.9796334012219959, 0.984304932735426, 0.9822546972860126, 0.9795719844357976, 0.971252566735113, 0.9762140733399405]","[0.9860973187686196, 0.9872611464968153, 0.9840954274353877, 0.9717348927875243, 0.9815573770491803, 0.9855072463768116, 0.9887410440122825, 0.9852941176470589, 0.9663265306122449, 0.974308300395257]",batch,both
MNIST,small,43,10,a2,layerwise,random,baseline,4,0.2,3,0.9819,0.982,0.06556008229963481,0.062380729115614666,228471,0.028386619376897793,228102,0.028327767175572505,0.0,0.0,0,0,0,0.31674583605490625,0.982,0.062380732254544276,0.3210241310298443,234752,235146,"[0.9918367346938776, 0.9911894273127754, 0.9835271317829457, 0.9831683168316832, 0.9826883910386965, 0.9798206278026906, 0.9780793319415448, 0.9795719844357976, 0.9722792607802875, 0.9762140733399405]","[0.9890764647467726, 0.9854413102820746, 0.9821073558648111, 0.9834307992202729, 0.9846311475409836, 0.979933110367893, 0.984646878198567, 0.9862745098039216, 0.9673469387755103, 0.9752964426877471]",batch,both
MNIST,small,43,10,a2,layerwise,random,baseline,4,0.2,5,0.9833,0.9824,0.06480113923810422,0.06032605343819887,228471,0.028386619376897793,228102,0.028327767175572505,0.0,0.0,0,0,0,0.3156783200101927,0.9824,0.06032605503932864,0.3337033750722185,234752,235146,"[0.9908163265306122, 0.9929515418502203, 0.9844961240310077, 0.9821782178217822, 0.9816700610997964, 0.9865470852017937, 0.9791231732776617, 0.9766536964980544, 0.9743326488706365, 0.9742319127849356]","[0.9880834160873883, 0.986351228389445, 0.9811133200795229, 0.9805068226120858, 0.985655737704918, 0.9843924191750278, 0.9866939611054247, 0.9862745098039216, 0.9755102040816327, 0.9782608695652174]",batch,both
MNIST,small,43,10,a2,layerwise,random,baseline,4,0.3,0,0.9764,0.9787,0.0791589870199561,0.07083521389476954,225000,0.04314766145288462,224644,0.04305820610687028,0.0,0.0,0,0,0,0.333752645063214,0.9787,0.07083521414510906,0.3252081220271066,234752,235146,"[0.9897959183673469, 0.9885462555066079, 0.9806201550387597, 0.9722772277227723, 0.9806517311608961, 0.9831838565022422, 0.9843423799582464, 0.9698443579766537, 0.9548254620123203, 0.9821605550049554]","[0.9890764647467726, 0.9827115559599636, 0.9821073558648111, 0.9610136452241715, 0.9784836065573771, 0.9832775919732442, 0.9887410440122825, 0.9803921568627451, 0.9479591836734694, 0.9703557312252964]",batch,both
MNIST,small,43,10,a2,layerwise,random,baseline,4,0.3,1,0.9816,0.9811,0.0659739787466824,0.05960293914312497,225000,0.04314766145288462,224644,0.04305820610687028,0.0,0.0,0,0,0,0.32031868305057287,0.9811,0.0596029398699291,0.3131685040425509,234752,235146,"[0.9908163265306122, 0.9920704845814978, 0.9825581395348837, 0.9831683168316832, 0.9816700610997964, 0.976457399103139, 0.9812108559498957, 0.9824902723735408, 0.9702258726899384, 0.9682854311199207]","[0.9870903674280039, 0.986351228389445, 0.9870775347912525, 0.9805068226120858, 0.9836065573770492, 0.9788182831661093, 0.9887410440122825, 0.9872549019607844, 0.9653061224489796, 0.9703557312252964]",batch,both
MNIST,small,43,10,a2,layerwise,random,baseline,4,0.3,3,0.9825,0.9818,0.06336921676099301,0.05846859824419953,225000,0.04314766145288462,224644,0.04305820610687028,0.0,0.0,0,0,0,0.32219680096022785,0.9818,0.058468600588897246,0.37269828899297863,234752,235146,"[0.9897959183673469, 0.9920704845814978, 0.9864341085271318, 0.9782178217821782, 0.9796334012219959, 0.9809417040358744, 0.9822546972860126, 0.980544747081712, 0.971252566735113, 0.9752229930624381]","[0.9860973187686196, 0.986351228389445, 0.9870775347912525, 0.9785575048732943, 0.9825819672131147, 0.9832775919732442, 0.9887410440122825, 0.9872549019607844, 0.9714285714285714, 0.9733201581027668]",batch,both
MNIST,small,43,10,a2,layerwise,random,baseline,4,0.3,5,0.9824,0.9819,0.06479375309497118,0.059839510694495404,225000,0.04314766145288462,224644,0.04305820610687028,0.0,0.0,0,0,0,0.3238802150590345,0.9819,0.05983951104914304,0.3150058160535991,234752,235146,"[0.9908163265306122, 0.9920704845814978, 0.9825581395348837, 0.9821782178217822, 0.9786150712830958, 0.9809417040358744, 0.9832985386221295, 0.9815175097276264, 0.971252566735113, 0.9742319127849356]","[0.9860973187686196, 0.986351228389445, 0.9821073558648111, 0.97953216374269, 0.9836065573770492, 0.9832775919732442, 0.9897645854657113, 0.9872549019607844, 0.9714285714285714, 0.974308300395257]",batch,both
MNIST,small,43,10,a2,layerwise,random,baseline,4,0.4,0,0.9734,0.9754,0.09599812103807927,0.08825911630392075,221529,0.05790870352887145,221186,0.05778864503816794,0.0,0.0,0,0,0,0.31826423900201917,0.9754,0.08825911650657654,0.32277431804686785,234752,235146,"[0.9918367346938776, 0.9832599118942731, 0.9709302325581395, 0.9405940594059405, 0.9816700610997964, 0.9899103139013453, 0.9874739039665971, 0.9708171206225681, 0.9609856262833676, 0.9781962338949455]","[0.9890764647467726, 0.9772520473157416, 0.9761431411530815, 0.9346978557504874, 0.9795081967213115, 0.9866220735785953, 0.9897645854657113, 0.9803921568627451, 0.9520408163265306, 0.9703557312252964]",batch,both
MNIST,small,43,10,a2,layerwise,random,baseline,4,0.4,1,0.9806,0.9814,0.06524158926159143,0.05988468785742298,221529,0.05790870352887145,221186,0.05778864503816794,0.0,0.0,0,0,0,0.31093377503566444,0.9814,0.05988468776056543,0.3146483920281753,234752,235146,"[0.9897959183673469, 0.9938325991189427, 0.9815891472868217, 0.9821782178217822, 0.9796334012219959, 0.9809417040358744, 0.9812108559498957, 0.9815175097276264, 0.971252566735113, 0.9702675916749257]","[0.9851042701092354, 0.986351228389445, 0.9801192842942346, 0.97953216374269, 0.9815573770491803, 0.979933110367893, 0.9887410440122825, 0.9872549019607844, 0.9653061224489796, 0.9713438735177866]",batch,both
MNIST,small,43,10,a2,layerwise,random,baseline,4,0.4,3,0.9816,0.9817,0.06460386698096991,0.058528968407236974,221529,0.05790870352887145,221186,0.05778864503816794,0.0,0.0,0,0,0,0.3202158530475572,0.9817,0.05852896755191032,0.324535786989145,234752,235146,"[0.9918367346938776, 0.9929515418502203, 0.9825581395348837, 0.9811881188118812, 0.9775967413441955, 0.9809417040358744, 0.9843423799582464, 0.980544747081712, 0.9691991786447639, 0.9742319127849356]","[0.9860973187686196, 0.9872611464968153, 0.9821073558648111, 0.97953216374269, 0.9805327868852459, 0.9832775919732442, 0.9887410440122825, 0.9882352941176471, 0.9663265306122449, 0.9733201581027668]",batch,both
MNIST,small,43,10,a2,layerwise,random,baseline,4,0.4,5,0.9818,0.9814,0.0635864556401968,0.05897448496009456,221529,0.05790870352887145,221186,0.05778864503816794,0.0,0.0,0,0,0,0.33297207194846123,0.9814,0.058974486000195614,0.3296919109998271,234752,235146,"[0.9918367346938776, 0.9911894273127754, 0.9815891472868217, 0.9821782178217822, 0.9786150712830958, 0.9831838565022422, 0.9822546972860126, 0.9795719844357976, 0.9671457905544147, 0.9752229930624381]","[0.9860973187686196, 0.9854413102820746, 0.9850894632206759, 0.9756335282651072, 0.9815573770491803, 0.9843924191750278, 0.9877175025588536, 0.9862745098039216, 0.9704081632653061, 0.9752964426877471]",batch,both
MNIST,small,43,10,a2,layerwise,random,baseline,4,0.5,0,0.9692,0.9715,0.12559330991506576,0.1186938505589962,218058,0.07266974560485828,217728,0.0725190839694656,0.0,0.0,0,0,0,0.3157393659930676,0.9715,0.11869385081529617,0.3173670769901946,234752,235146,"[0.9918367346938776, 0.9779735682819384, 0.9670542635658915, 0.9168316831683169, 0.9816700610997964, 0.9910313901345291, 0.9864300626304802, 0.9727626459143969, 0.9507186858316222, 0.981169474727453]","[0.9910625620655412, 0.9745222929936306, 0.9701789264413518, 0.9122807017543859, 0.9774590163934426, 0.987736900780379, 0.9866939611054247, 0.9823529411764705, 0.9428571428571428, 0.9693675889328063]",batch,both
MNIST,small,43,10,a2,layerwise,random,baseline,4,0.5,1,0.9813,0.9805,0.06621046200692654,0.0604749942147173,218058,0.07266974560485828,217728,0.0725190839694656,0.0,0.0,0,0,0,0.3299256410682574,0.9805,0.06047499367976561,0.3167421870166436,234752,235146,"[0.9908163265306122, 0.9920704845814978, 0.9796511627906976, 0.9821782178217822, 0.9786150712830958, 0.9753363228699552, 0.9812108559498957, 0.9776264591439688, 0.9702258726899384, 0.9752229930624381]","[0.9880834160873883, 0.9872611464968153, 0.9840954274353877, 0.9746588693957114, 0.9815573770491803, 0.9777034559643255, 0.9887410440122825, 0.9862745098039216, 0.9693877551020408, 0.974308300395257]",batch,both
MNIST,small,43,10,a2,layerwise,random,baseline,4,0.5,3,0.9814,0.9816,0.06498678551241756,0.05971348028522916,218058,0.07266974560485828,217728,0.0725190839694656,0.0,0.0,0,0,0,0.3290563989430666,0.9816,0.05971347978827544,0.3233326659537852,234752,235146,"[0.9918367346938776, 0.9920704845814978, 0.9806201550387597, 0.9801980198019802, 0.9816700610997964, 0.9798206278026906, 0.9832985386221295, 0.9766536964980544, 0.9702258726899384, 0.9781962338949455]","[0.9860973187686196, 0.9854413102820746, 0.9831013916500994, 0.9736842105263158, 0.9866803278688525, 0.9843924191750278, 0.9877175025588536, 0.9862745098039216, 0.9642857142857143, 0.9762845849802372]",batch,both
MNIST,small,43,10,a2,layerwise,random,baseline,4,0.5,5,0.981,0.9811,0.06554927719384432,0.060191815832210706,218058,0.07266974560485828,217728,0.0725190839694656,0.0,0.0,0,0,0,0.33483051403891295,0.9811,0.06019181499253027,0.3308847469743341,234752,235146,"[0.9918367346938776, 0.9920704845814978, 0.9806201550387597, 0.9821782178217822, 0.9816700610997964, 0.9786995515695067, 0.9801670146137788, 0.9776264591439688, 0.9691991786447639, 0.9752229930624381]","[0.9851042701092354, 0.9881710646041856, 0.9801192842942346, 0.9727095516569201, 0.9825819672131147, 0.9855072463768116, 0.9897645854657113, 0.9862745098039216, 0.9642857142857143, 0.9752964426877471]",batch,both
MNIST,small,43,10,a2,layerwise,random,baseline,4,0.7,0,0.9623,0.9655,0.2507453431844711,0.24772378015518187,211383,0.10105636498175596,211078,0.10084685114503822,0.0,0.0,0,0,0,0.3213097919942811,0.9655,0.2477237799167633,0.3234594319947064,234752,235146,"[0.9673469387755103, 0.9762114537444934, 0.9651162790697675, 0.9356435643564357, 0.9613034623217923, 0.992152466367713, 0.9812108559498957, 0.9610894941634242, 0.9476386036960985, 0.9692765113974232]","[0.9632571996027806, 0.9608735213830755, 0.9681908548707754, 0.9269005847953217, 0.9538934426229508, 0.9899665551839465, 0.9877175025588536, 0.9784313725490196, 0.9346938775510204, 0.9624505928853755]",batch,both
MNIST,small,43,10,a2,layerwise,random,baseline,4,0.7,1,0.9776,0.9776,0.07561691457331181,0.07294682091511787,211383,0.10105636498175596,211078,0.10084685114503822,0.0,0.0,0,0,0,0.3307380670448765,0.9776,0.07294682015813887,0.3381880749948323,234752,235146,"[0.9928571428571429, 0.9903083700440528, 0.9718992248062015, 0.9792079207920792, 0.9735234215885947, 0.9775784753363229, 0.9749478079331941, 0.9717898832684825, 0.9681724845995893, 0.9742319127849356]","[0.9860973187686196, 0.9845313921747043, 0.9781312127236581, 0.9736842105263158, 0.9764344262295082, 0.979933110367893, 0.9795291709314228, 0.984313725490196, 0.9612244897959183, 0.9713438735177866]",batch,both
MNIST,small,43,10,a2,layerwise,random,baseline,4,0.7,3,0.98,0.9804,0.06912858530282974,0.06535869126804172,211383,0.10105636498175596,211078,0.10084685114503822,0.0,0.0,0,0,0,0.31414463196415454,0.9804,0.06535869229920209,0.3423643339192495,234752,235146,"[0.9928571428571429, 0.9920704845814978, 0.9796511627906976, 0.9811881188118812, 0.9796334012219959, 0.9786995515695067, 0.9832985386221295, 0.9785992217898832, 0.9702258726899384, 0.9663032705649157]","[0.9860973187686196, 0.9872611464968153, 0.9850894632206759, 0.9727095516569201, 0.9784836065573771, 0.9855072463768116, 0.9866939611054247, 0.9872549019607844, 0.9571428571428572, 0.9733201581027668]",batch,both
MNIST,small,43,10,a2,layerwise,random,baseline,4,0.7,5,0.9799,0.9807,0.06665774204581976,0.06324732790472917,211383,0.10105636498175596,211078,0.10084685114503822,0.0,0.0,0,0,0,0.3097154590068385,0.9807,0.0632473284247797,0.3208189100259915,234752,235146,"[0.9908163265306122, 0.9920704845814978, 0.9786821705426356, 0.9831683168316832, 0.9796334012219959, 0.9798206278026906, 0.9864300626304802, 0.9717898832684825, 0.9691991786447639, 0.9742319127849356]","[0.9841112214498511, 0.986351228389445, 0.9840954274353877, 0.9717348927875243, 0.9764344262295082, 0.9832775919732442, 0.9877175025588536, 0.9833333333333333, 0.9663265306122449, 0.9752964426877471]",batch,both
MNIST,small,43,10,all,all,output_weight_norm,baseline,,0.05,0,0.9783,0.9784,0.08104606321156024,0.07192295356851537,222660,0.05309892577377462,222284,0.05311136859323884,0.35283571702893823,21.6025390625,16,0,2048,0.3107679970562458,0.9784,0.07192295419659932,0.32242973102256656,234752,235146,"[0.9908163265306122, 0.9894273127753304, 0.9748062015503876, 0.9801980198019802, 0.9857433808553971, 0.9742152466367713, 0.9853862212943633, 0.9678988326848249, 0.9691991786447639, 0.9653121902874133]","[0.9900695134061569, 0.9836214740673339, 0.9771371769383698, 0.9805068226120858, 0.9846311475409836, 0.9743589743589743, 0.9907881269191402, 0.9813725490196078, 0.9653061224489796, 0.9545454545454546]",batch,both
MNIST,small,43,10,all,all,output_weight_norm,baseline,,0.05,1,0.9827,0.9816,0.06637239866107703,0.0623455145584594,222660,0.05309892577377462,222284,0.05311136859323884,0.35283571702893823,21.6025390625,16,0,2048,0.3269852410303429,0.9816,0.06234551617001998,0.3243410090217367,234752,235146,"[0.9918367346938776, 0.9938325991189427, 0.9777131782945736, 0.9831683168316832, 0.9765784114052953, 0.9798206278026906, 0.9822546972860126, 0.9766536964980544, 0.9722792607802875, 0.9801783944499505]","[0.9880834160873883, 0.986351228389445, 0.9831013916500994, 0.9824561403508771, 0.9836065573770492, 0.9821627647714605, 0.9856704196519959, 0.9852941176470589, 0.9704081632653061, 0.9792490118577075]",batch,both
MNIST,small,43,10,all,all,output_weight_norm,baseline,,0.05,3,0.9832,0.9818,0.06559460630342365,0.06176466027964488,222660,0.05309892577377462,222284,0.05311136859323884,0.35283571702893823,21.6025390625,16,0,2048,0.322335965000093,0.9818,0.06176465641279356,0.31656025303527713,234752,235146,"[0.9918367346938776, 0.9929515418502203, 0.9806201550387597, 0.9772277227722772, 0.9796334012219959, 0.984304932735426, 0.9812108559498957, 0.9815175097276264, 0.973305954825462, 0.9742319127849356]","[0.9890764647467726, 0.9872611464968153, 0.9870775347912525, 0.9785575048732943, 0.9836065573770492, 0.9843924191750278, 0.9866939611054247, 0.9872549019607844, 0.9693877551020408, 0.9782608695652174]",batch,both
MNIST,small,43,10,all,all,output_weight_norm,baseline,,0.05,5,0.9828,0.9821,0.0685352783050388,0.0657122831284738,222660,0.05309892577377462,222284,0.05311136859323884,0.35283571702893823,21.6025390625,16,0,2048,0.31188235303852707,0.9821,0.06571228246574465,0.33969715295825154,234752,235146,"[0.9918367346938776, 0.9920704845814978, 0.9796511627906976, 0.9801980198019802, 0.9806517311608961, 0.9854260089686099, 0.9812108559498957, 0.9795719844357976, 0.971252566735113, 0.9781962338949455]","[0.9900695134061569, 0.9881710646041856, 0.9831013916500994, 0.9814814814814815, 0.9866803278688525, 0.9810479375696767, 0.9856704196519959, 0.9862745098039216, 0.9693877551020408, 0.9752964426877471]",batch,both
MNIST,small,43,10,all,all,output_weight_norm,baseline,,0.1,0,0.9783,0.9792,0.07688035003840923,0.06870301208426245,209417,0.10941712808212767,209060,0.10944315703380592,0.35283571702893823,21.6025390625,16,0,2048,0.3277421500533819,0.9792,0.0687030106656719,0.3283185900654644,234752,235146,"[0.9887755102040816, 0.9929515418502203, 0.9757751937984496, 0.9811881188118812, 0.984725050916497, 0.9719730941704036, 0.9843423799582464, 0.9708171206225681, 0.9661190965092402, 0.9732408325074331]","[0.9870903674280039, 0.986351228389445, 0.9771371769383698, 0.9805068226120858, 0.9836065573770492, 0.9754738015607581, 0.9928352098259979, 0.9833333333333333, 0.9561224489795919, 0.9594861660079052]",batch,both
MNIST,small,43,10,all,all,output_weight_norm,baseline,,0.1,1,0.9821,0.9822,0.06624999430924654,0.060686186161881775,209417,0.10941712808212767,209060,0.10944315703380592,0.35283571702893823,21.6025390625,16,0,2048,0.33107220800593495,0.9822,0.06068618427986512,0.32412368699442595,234752,235146,"[0.9908163265306122, 0.9929515418502203, 0.9874031007751938, 0.9762376237623762, 0.9826883910386965, 0.9809417040358744, 0.9832985386221295, 0.9795719844357976, 0.9691991786447639, 0.977205153617443]","[0.9870903674280039, 0.9854413102820746, 0.989065606361829, 0.9746588693957114, 0.9846311475409836, 0.9810479375696767, 0.9887410440122825, 0.9862745098039216, 0.9663265306122449, 0.9772727272727273]",batch,both
MNIST,small,43,10,all,all,output_weight_norm,baseline,,0.1,3,0.9832,0.9821,0.06575289822593332,0.06270473930960288,209417,0.10941712808212767,209060,0.10944315703380592,0.35283571702893823,21.6025390625,16,0,2048,0.3367377989925444,0.9821,0.0627047388356994,0.32118460501078516,234752,235146,"[0.9908163265306122, 0.9929515418502203, 0.9806201550387597, 0.9792079207920792, 0.9816700610997964, 0.9809417040358744, 0.9853862212943633, 0.9834630350194552, 0.9681724845995893, 0.9762140733399405]","[0.9880834160873883, 0.9872611464968153, 0.9850894632206759, 0.9834307992202729, 0.985655737704918, 0.9843924191750278, 0.9918116683725691, 0.9862745098039216, 0.9673469387755103, 0.9723320158102767]",batch,both
MNIST,small,43,10,all,all,output_weight_norm,baseline,,0.1,5,0.9813,0.9824,0.06775953463762999,0.062503827925527,209417,0.10941712808212767,209060,0.10944315703380592,0.35283571702893823,21.6025390625,16,0,2048,0.32417149003595114,0.9824,0.06250382694801083,0.32008330104872584,234752,235146,"[0.9908163265306122, 0.9903083700440528, 0.9815891472868217, 0.9801980198019802, 0.9796334012219959, 0.9854260089686099, 0.9832985386221295, 0.9873540856031129, 0.9691991786447639, 0.9752229930624381]","[0.9880834160873883, 0.9827115559599636, 0.9850894632206759, 0.9785575048732943, 0.9836065573770492, 0.9843924191750278, 0.9877175025588536, 0.9862745098039216, 0.9642857142857143, 0.9723320158102767]",batch,both
MNIST,small,43,10,all,all,output_weight_norm,baseline,,0.2,0,0.9749,0.9758,0.0867066040635109,0.08066285308822989,183183,0.2209818580796612,182865,0.22102900081788446,0.35283571702893823,21.6025390625,16,0,2048,0.31336622301023453,0.9758,0.08066284787356853,0.336242632009089,234752,235146,"[0.9897959183673469, 0.9920704845814978, 0.9796511627906976, 0.9851485148514851, 0.984725050916497, 0.9786995515695067, 0.9843423799582464, 0.97568093385214, 0.9353182751540041, 0.9504459861248761]","[0.9890764647467726, 0.9872611464968153, 0.9811133200795229, 0.9805068226120858, 0.9815573770491803, 0.9765886287625418, 0.9907881269191402, 0.9833333333333333, 0.9316326530612244, 0.9456521739130435]",batch,both
MNIST,small,43,10,all,all,output_weight_norm,baseline,,0.2,1,0.9811,0.9817,0.06436401308476924,0.0619960548292147,183183,0.2209818580796612,182865,0.22102900081788446,0.35283571702893823,21.6025390625,16,0,2048,0.3126320180017501,0.9817,0.061996057883952745,0.34817189793102443,234752,235146,"[0.9928571428571429, 0.9920704845814978, 0.9844961240310077, 0.9811881188118812, 0.9786150712830958, 0.9831838565022422, 0.9801670146137788, 0.9776264591439688, 0.9681724845995893, 0.977205153617443]","[0.9900695134061569, 0.986351228389445, 0.9850894632206759, 0.97953216374269, 0.9805327868852459, 0.9832775919732442, 0.9836233367451381, 0.9823529411764705, 0.9653061224489796, 0.974308300395257]",batch,both
MNIST,small,43,10,all,all,output_weight_norm,baseline,,0.2,3,0.9831,0.9814,0.06366110802963376,0.06224974461096572,183183,0.2209818580796612,182865,0.22102900081788446,0.35283571702893823,21.6025390625,16,0,2048,0.33648778207134455,0.9814,0.062249748657189775,0.3272997459862381,234752,235146,"[0.9918367346938776, 0.9920704845814978, 0.9815891472868217, 0.9742574257425742, 0.9796334012219959, 0.9831838565022422, 0.9801670146137788, 0.9815175097276264, 0.9691991786447639, 0.979187314172448]","[0.9880834160873883, 0.9881710646041856, 0.9850894632206759, 0.9834307992202729, 0.9836065573770492, 0.9843924191750278, 0.9856704196519959, 0.9852941176470589, 0.9704081632653061, 0.9762845849802372]",batch,both
MNIST,small,43,10,all,all,output_weight_norm,baseline,,0.2,5,0.9828,0.9821,0.06471269122138619,0.062070299670204984,183183,0.2209818580796612,182865,0.22102900081788446,0.35283571702893823,21.6025390625,16,0,2048,0.3161337540950626,0.9821,0.062070299594232346,0.3193929730914533,234752,235146,"[0.9918367346938776, 0.9911894273127754, 0.9835271317829457, 0.9772277227722772, 0.9806517311608961, 0.984304932735426, 0.9832985386221295, 0.9834630350194552, 0.9691991786447639, 0.9752229930624381]","[0.9890764647467726, 0.9854413102820746, 0.9831013916500994, 0.9824561403508771, 0.9846311475409836, 0.9821627647714605, 0.9907881269191402, 0.984313725490196, 0.9693877551020408, 0.9762845849802372]",batch,both
MNIST,small,43,10,all,all,output_weight_norm,baseline,,0.3,0,0.9651,0.9668,0.12345971064567567,0.11943075006306171,158500,0.32595068595680976,158220,0.3260121319520175,0.35283571702893823,21.6025390625,16,0,2048,0.31701825198251754,0.9668,0.11943074175417423,0.3143639179179445,234752,235146,"[0.9846938775510204, 0.9920704845814978, 0.9689922480620154, 0.9891089108910891, 0.9826883910386965, 0.9652466367713004, 0.9864300626304802, 0.980544747081712, 0.8829568788501027, 0.9306243805748265]","[0.9801390268123138, 0.9899909008189263, 0.9771371769383698, 0.98635477582846, 0.9795081967213115, 0.9654403567447045, 0.9938587512794268, 0.9852941176470589, 0.8622448979591837, 0.9268774703557312]",batch,both
MNIST,small,43,10,all,all,output_weight_norm,baseline,,0.3,1,0.9793,0.98,0.06533286463618279,0.0644303072229959,158500,0.32595068595680976,158220,0.3260121319520175,0.35283571702893823,21.6025390625,16,0,2048,0.342365444987081,0.98,0.06443030702779069,0.32757761992979795,234752,235146,"[0.9918367346938776, 0.9920704845814978, 0.9806201550387597, 0.9782178217821782, 0.9755600814663951, 0.976457399103139, 0.9801670146137788, 0.9776264591439688, 0.9691991786447639, 0.9762140733399405]","[0.9870903674280039, 0.986351228389445, 0.9840954274353877, 0.969785575048733, 0.9795081967213115, 0.9777034559643255, 0.9897645854657113, 0.9823529411764705, 0.963265306122449, 0.9723320158102767]",batch,both
MNIST,small,43,10,all,all,output_weight_norm,baseline,,0.3,3,0.9818,0.9811,0.06223554128110409,0.06292518504888285,158500,0.32595068595680976,158220,0.3260121319520175,0.35283571702893823,21.6025390625,16,0,2048,0.3121005779830739,0.9811,0.06292518530462403,0.33472481195349246,234752,235146,"[0.9918367346938776, 0.9920704845814978, 0.9815891472868217, 0.9762376237623762, 0.9765784114052953, 0.9786995515695067, 0.9801670146137788, 0.9815175097276264, 0.9722792607802875, 0.9781962338949455]","[0.9890764647467726, 0.986351228389445, 0.9840954274353877, 0.9736842105263158, 0.9836065573770492, 0.9832775919732442, 0.9877175025588536, 0.9852941176470589, 0.9683673469387755, 0.9762845849802372]",batch,both
MNIST,small,43,10,all,all,output_weight_norm,baseline,,0.3,5,0.9818,0.9808,0.06363509138971567,0.06295000690242741,158500,0.32595068595680976,158220,0.3260121319520175,0.35283571702893823,21.6025390625,16,0,2048,0.31849210301879793,0.9808,0.06295000832474325,0.3232955519342795,234752,235146,"[0.9918367346938776, 0.9903083700440528, 0.9825581395348837, 0.9782178217821782, 0.9775967413441955, 0.9809417040358744, 0.9801670146137788, 0.980544747081712, 0.9702258726899384, 0.9742319127849356]","[0.9900695134061569, 0.9854413102820746, 0.9840954274353877, 0.9814814814814815, 0.9815573770491803, 0.9832775919732442, 0.984646878198567, 0.9852941176470589, 0.9673469387755103, 0.974308300395257]",batch,both
MNIST,small,43,10,all,all,output_weight_norm,baseline,,0.4,0,0.9496,0.9485,0.19530345277786254,0.1917220130085945,133605,0.43182108137072284,133364,0.4318940839694656,0.35283571702893823,21.6025390625,16,0,2048,0.3159734799992293,0.9485,0.19172201035618783,0.31867955706547946,234752,235146,"[0.9795918367346939, 0.9920704845814978, 0.9525193798449613, 0.9861386138613861, 0.9765784114052953, 0.9663677130044843, 0.9749478079331941, 0.9785992217898832, 0.7546201232032854, 0.9157581764122894]","[0.9811320754716981, 0.989080982711556, 0.9562624254473161, 0.9814814814814815, 0.9774590163934426, 0.9643255295429208, 0.9754350051177073, 0.984313725490196, 0.7744897959183673, 0.9061264822134387]",batch,both
MNIST,small,43,10,all,all,output_weight_norm,baseline,,0.4,1,0.9791,0.979,0.07039073263257742,0.07066717267464846,133605,0.43182108137072284,133364,0.4318940839694656,0.35283571702893823,21.6025390625,16,0,2048,0.3201142839388922,0.979,0.07066717163156717,0.33047171705402434,234752,235146,"[0.9918367346938776, 0.9911894273127754, 0.9786821705426356, 0.9752475247524752, 0.9735234215885947, 0.9831838565022422, 0.9770354906054279, 0.980544747081712, 0.9743326488706365, 0.9633300297324083]","[0.9880834160873883, 0.9845313921747043, 0.9821073558648111, 0.9717348927875243, 0.9825819672131147, 0.9832775919732442, 0.9866939611054247, 0.9823529411764705, 0.9653061224489796, 0.9644268774703557]",batch,both
MNIST,small,43,10,all,all,output_weight_norm,baseline,,0.4,3,0.9809,0.9802,0.06624830109477044,0.0650934183998499,133605,0.43182108137072284,133364,0.4318940839694656,0.35283571702893823,21.6025390625,16,0,2048,0.3129535230109468,0.9802,0.0650934176208917,0.31646856805309653,234752,235146,"[0.9908163265306122, 0.9929515418502203, 0.9806201550387597, 0.9792079207920792, 0.9755600814663951, 0.9798206278026906, 0.9791231732776617, 0.9795719844357976, 0.9702258726899384, 0.9722497522299306]","[0.9870903674280039, 0.9845313921747043, 0.9870775347912525, 0.9785575048732943, 0.9836065573770492, 0.9810479375696767, 0.9877175025588536, 0.9833333333333333, 0.9653061224489796, 0.9703557312252964]",batch,both
MNIST,small,43,10,all,all,output_weight_norm,baseline,,0.4,5,0.9816,0.98,0.06602823646366596,0.0655729522145819,133605,0.43182108137072284,133364,0.4318940839694656,0.35283571702893823,21.6025390625,16,0,2048,0.32227337697986513,0.98,0.06557295263032428,0.3237255910644308,234752,235146,"[0.9918367346938776, 0.9911894273127754, 0.9806201550387597, 0.9782178217821782, 0.9735234215885947, 0.9831838565022422, 0.9801670146137788, 0.9766536964980544, 0.971252566735113, 0.9722497522299306]","[0.9900695134061569, 0.9845313921747043, 0.9850894632206759, 0.9785575048732943, 0.9846311475409836, 0.9855072463768116, 0.9877175025588536, 0.9833333333333333, 0.9673469387755103, 0.9693675889328063]",batch,both
MNIST,small,43,10,all,all,output_weight_norm,baseline,,0.5,0,0.9234,0.9257,0.3736085167407989,0.3595461694955826,109386,0.5348166670919343,109184,0.534896401308615,0.35283571702893823,21.6025390625,16,0,2048,0.329019428929314,0.9257,0.3595461614370346,0.3291865640785545,234752,235146,"[0.9285714285714286, 0.9929515418502203, 0.8866279069767442, 0.9821782178217822, 0.9745417515274949, 0.9562780269058296, 0.9749478079331941, 0.9717898832684825, 0.7299794661190965, 0.8513379583746283]","[0.9364448857994042, 0.9881710646041856, 0.9005964214711729, 0.9805068226120858, 0.9764344262295082, 0.9487179487179487, 0.9795291709314228, 0.9784313725490196, 0.7061224489795919, 0.8320158102766798]",batch,both
MNIST,small,43,10,all,all,output_weight_norm,baseline,,0.5,1,0.9754,0.976,0.08195586435198784,0.08007833294458687,109386,0.5348166670919343,109184,0.534896401308615,0.35283571702893823,21.6025390625,16,0,2048,0.31809063302353024,0.976,0.08007833308130503,0.3287869890918955,234752,235146,"[0.9918367346938776, 0.9894273127753304, 0.9806201550387597, 0.9702970297029703, 0.9775967413441955, 0.9753363228699552, 0.9770354906054279, 0.9766536964980544, 0.9599589322381931, 0.9593657086223984]","[0.9841112214498511, 0.986351228389445, 0.9771371769383698, 0.9629629629629629, 0.9846311475409836, 0.9665551839464883, 0.9856704196519959, 0.9823529411764705, 0.9591836734693877, 0.9634387351778656]",batch,both
MNIST,small,43,10,all,all,output_weight_norm,baseline,,0.5,3,0.9782,0.9791,0.0731548180475831,0.0699313552304171,109386,0.5348166670919343,109184,0.534896401308615,0.35283571702893823,21.6025390625,16,0,2048,0.31947488198056817,0.9791,0.06993135752519593,0.3268084699520841,234752,235146,"[0.9928571428571429, 0.9894273127753304, 0.9844961240310077, 0.9762376237623762, 0.9765784114052953, 0.9775784753363229, 0.9791231732776617, 0.9834630350194552, 0.9661190965092402, 0.9633300297324083]","[0.9841112214498511, 0.9854413102820746, 0.9831013916500994, 0.9717348927875243, 0.985655737704918, 0.9743589743589743, 0.9856704196519959, 0.9852941176470589, 0.960204081632653, 0.9654150197628458]",batch,both
MNIST,small,43,10,all,all,output_weight_norm,baseline,,0.5,5,0.9796,0.9798,0.07010953504890204,0.06699046447109432,109386,0.5348166670919343,109184,0.534896401308615,0.35283571702893823,21.6025390625,16,0,2048,0.3315296219661832,0.9798,0.06699045924302191,0.3159967529354617,234752,235146,"[0.9908163265306122, 0.9911894273127754, 0.9815891472868217, 0.9801980198019802, 0.9796334012219959, 0.9798206278026906, 0.9791231732776617, 0.9824902723735408, 0.9671457905544147, 0.9643211100099108]","[0.9841112214498511, 0.9854413102820746, 0.9840954274353877, 0.9727095516569201, 0.9866803278688525, 0.979933110367893, 0.9887410440122825, 0.9862745098039216, 0.960204081632653, 0.967391304347826]",batch,both
MNIST,small,43,10,all,all,output_weight_norm,baseline,,0.7,0,0.6847,0.689,1.1462219039916992,1.1272016004562377,63887,0.728309220654402,63761,0.7283899604689203,0.35283571702893823,21.6025390625,16,0,2048,0.3277304159710184,0.689,1.127201589012146,0.3257340609561652,234752,235146,"[0.09897959183673469, 0.9753303964757709, 0.5261627906976745, 0.9297029702970298, 0.7576374745417516, 0.8385650224215246, 0.9812108559498957, 0.9698443579766537, 0.3932238193018481, 0.38850346878097125]","[0.11618669314796425, 0.9672429481346679, 0.5119284294234593, 0.9210526315789473, 0.7694672131147541, 0.822742474916388, 0.9836233367451381, 0.9637254901960784, 0.3816326530612245, 0.3952569169960474]",batch,both
MNIST,small,43,10,all,all,output_weight_norm,baseline,,0.7,1,0.9491,0.9503,0.2190324300169945,0.20615191185474396,63887,0.728309220654402,63761,0.7283899604689203,0.35283571702893823,21.6025390625,16,0,2048,0.3204091030638665,0.9503,0.2061519116640091,0.313436646014452,234752,235146,"[0.9857142857142858, 0.9894273127753304, 0.9622093023255814, 0.9544554455445544, 0.9490835030549898, 0.9439461883408071, 0.9718162839248434, 0.9552529182879378, 0.86652977412731, 0.9177403369672944]","[0.9721946375372393, 0.986351228389445, 0.9572564612326043, 0.9454191033138402, 0.9590163934426229, 0.9565217391304348, 0.977482088024565, 0.9686274509803922, 0.8357142857142857, 0.9278656126482213]",batch,both
MNIST,small,43,10,all,all,output_weight_norm,baseline,,0.7,3,0.9665,0.9671,0.12266544111967087,0.11800700630247593,63887,0.728309220654402,63761,0.7283899604689203,0.35283571702893823,21.6025390625,16,0,2048,0.32373659301083535,0.9671,0.11800700680911541,0.3335029389709234,234752,235146,"[0.9908163265306122, 0.9894273127753304, 0.9699612403100775, 0.9633663366336633, 0.9735234215885947, 0.9562780269058296, 0.9801670146137788, 0.9659533073929961, 0.9383983572895277, 0.9395441030723488]","[0.9781529294935452, 0.986351228389445, 0.9691848906560636, 0.956140350877193, 0.9784836065573771, 0.9609810479375697, 0.9856704196519959, 0.9764705882352941, 0.9275510204081633, 0.9436758893280632]",batch,both
MNIST,small,43,10,all,all,output_weight_norm,baseline,,0.7,5,0.9686,0.9693,0.1081102339208126,0.10319811081886292,63887,0.728309220654402,63761,0.7283899604689203,0.35283571702893823,21.6025390625,16,0,2048,0.3117690730141476,0.9693,0.10319811067581176,0.3138071580324322,234752,235146,"[0.9908163265306122, 0.9876651982378855, 0.9728682170542635, 0.9712871287128713, 0.9725050916496945, 0.9596412556053812, 0.9791231732776617, 0.9678988326848249, 0.9425051334702259, 0.9454905847373637]","[0.9791459781529295, 0.9854413102820746, 0.9701789264413518, 0.9649122807017544, 0.9784836065573771, 0.9587513935340022, 0.9866939611054247, 0.9754901960784313, 0.9295918367346939, 0.9545454545454546]",batch,both
MNIST,small,43,10,a1,layerwise,output_weight_norm,baseline,,0.05,0,0.9785,0.9792,0.08066145269572735,0.0707323956330074,224190,0.04659232987165418,223808,0.04661941112322787,0.35283571702893823,21.6025390625,16,0,2048,0.3278399590635672,0.9792,0.07073239756270777,0.34383754793088883,234752,235146,"[0.9908163265306122, 0.9911894273127754, 0.9786821705426356, 0.9752475247524752, 0.9857433808553971, 0.9798206278026906, 0.9843423799582464, 0.9698443579766537, 0.9671457905544147, 0.9682854311199207]","[0.9900695134061569, 0.9854413102820746, 0.9811133200795229, 0.9727095516569201, 0.9836065573770492, 0.9810479375696767, 0.9897645854657113, 0.9803921568627451, 0.9581632653061225, 0.9624505928853755]",batch,both
MNIST,small,43,10,a1,layerwise,output_weight_norm,baseline,,0.05,1,0.9821,0.9815,0.06879365920871496,0.06352049458228284,224190,0.04659232987165418,223808,0.04661941112322787,0.35283571702893823,21.6025390625,16,0,2048,0.3216125419130549,0.9815,0.06352049326651031,0.314628990017809,234752,235146,"[0.9918367346938776, 0.9929515418502203, 0.9825581395348837, 0.9762376237623762, 0.9796334012219959, 0.9809417040358744, 0.9843423799582464, 0.980544747081712, 0.9691991786447639, 0.9752229930624381]","[0.9890764647467726, 0.9872611464968153, 0.9850894632206759, 0.9746588693957114, 0.9836065573770492, 0.9855072463768116, 0.9877175025588536, 0.9852941176470589, 0.9673469387755103, 0.9752964426877471]",batch,both
MNIST,small,43,10,a1,layerwise,output_weight_norm,baseline,,0.05,3,0.9823,0.9812,0.06727177414521575,0.0639792089865019,224190,0.04659232987165418,223808,0.04661941112322787,0.35283571702893823,21.6025390625,16,0,2048,0.31435023702215403,0.9812,0.06397920885313652,0.33627440209966153,234752,235146,"[0.9908163265306122, 0.9920704845814978, 0.9815891472868217, 0.9792079207920792, 0.9796334012219959, 0.9809417040358744, 0.9822546972860126, 0.9776264591439688, 0.9702258726899384, 0.9762140733399405]","[0.9870903674280039, 0.9845313921747043, 0.9840954274353877, 0.9814814814814815, 0.9846311475409836, 0.9810479375696767, 0.9877175025588536, 0.9862745098039216, 0.9683673469387755, 0.9772727272727273]",batch,both
MNIST,small,43,10,a1,layerwise,output_weight_norm,baseline,,0.05,5,0.9828,0.9816,0.06886482135951519,0.06520228167978931,224190,0.04659232987165418,223808,0.04661941112322787,0.35283571702893823,21.6025390625,16,0,2048,0.3103883219882846,0.9816,0.06520228057412314,0.32557045004796237,234752,235146,"[0.9908163265306122, 0.9920704845814978, 0.9825581395348837, 0.9801980198019802, 0.9806517311608961, 0.9865470852017937, 0.9812108559498957, 0.97568093385214, 0.9702258726899384, 0.9752229930624381]","[0.9870903674280039, 0.9827115559599636, 0.9840954274353877, 0.9805068226120858, 0.9846311475409836, 0.987736900780379, 0.9866939611054247, 0.9852941176470589, 0.9724489795918367, 0.9772727272727273]",batch,both
MNIST,small,43,10,a1,layerwise,output_weight_norm,baseline,,0.1,0,0.9783,0.9789,0.07866052303612232,0.06885619090148248,212321,0.09706735389927956,211952,0.09712377317339149,0.35283571702893823,21.6025390625,16,0,2048,0.31986447307281196,0.9789,0.06885619063922203,0.3129990949528292,234752,235146,"[0.9908163265306122, 0.9920704845814978, 0.9786821705426356, 0.9762376237623762, 0.9867617107942973, 0.9775784753363229, 0.9832985386221295, 0.9698443579766537, 0.9620123203285421, 0.9702675916749257]","[0.9880834160873883, 0.986351228389445, 0.9821073558648111, 0.9707602339181286, 0.9846311475409836, 0.9821627647714605, 0.9907881269191402, 0.9823529411764705, 0.9551020408163265, 0.9604743083003953]",batch,both
MNIST,small,43,10,a1,layerwise,output_weight_norm,baseline,,0.1,1,0.9833,0.9814,0.06698808733783662,0.06106013998053968,212321,0.09706735389927956,211952,0.09712377317339149,0.35283571702893823,21.6025390625,16,0,2048,0.3182825909461826,0.9814,0.06106013947091997,0.3356890371069312,234752,235146,"[0.9908163265306122, 0.9929515418502203, 0.9815891472868217, 0.9801980198019802, 0.984725050916497, 0.9786995515695067, 0.9832985386221295, 0.9795719844357976, 0.9681724845995893, 0.9722497522299306]","[0.9880834160873883, 0.989080982711556, 0.9850894632206759, 0.9814814814814815, 0.9846311475409836, 0.9821627647714605, 0.9866939611054247, 0.9882352941176471, 0.9714285714285714, 0.9752964426877471]",batch,both
MNIST,small,43,10,a1,layerwise,output_weight_norm,baseline,,0.1,3,0.9832,0.9808,0.06416472306735814,0.06205017247634241,212321,0.09706735389927956,211952,0.09712377317339149,0.35283571702893823,21.6025390625,16,0,2048,0.3316581470426172,0.9808,0.062050173628947235,0.3336762450635433,234752,235146,"[0.9908163265306122, 0.9920704845814978, 0.9844961240310077, 0.9762376237623762, 0.9806517311608961, 0.984304932735426, 0.9791231732776617, 0.9785992217898832, 0.9722792607802875, 0.9682854311199207]","[0.9880834160873883, 0.989080982711556, 0.9860834990059643, 0.97953216374269, 0.985655737704918, 0.987736900780379, 0.9887410440122825, 0.9852941176470589, 0.9704081632653061, 0.9713438735177866]",batch,both
MNIST,small,43,10,a1,layerwise,output_weight_norm,baseline,,0.1,5,0.9826,0.9822,0.0669710382245481,0.06367943060421385,212321,0.09706735389927956,211952,0.09712377317339149,0.35283571702893823,21.6025390625,16,0,2048,0.3117950550513342,0.9822,0.06367942889207043,0.32524194300640374,234752,235146,"[0.9918367346938776, 0.9929515418502203, 0.9825581395348837, 0.9801980198019802, 0.9806517311608961, 0.9831838565022422, 0.9822546972860126, 0.9824902723735408, 0.9691991786447639, 0.9752229930624381]","[0.9880834160873883, 0.989080982711556, 0.9821073558648111, 0.97953216374269, 0.9836065573770492, 0.9855072463768116, 0.9866939611054247, 0.9872549019607844, 0.9653061224489796, 0.9782608695652174]",batch,both
MNIST,small,43,10,a1,layerwise,output_weight_norm,baseline,,0.2,0,0.9746,0.9757,0.08859349857568741,0.08016697462461889,188583,0.19801740195453033,188240,0.19813249727371862,0.35283571702893823,21.6025390625,16,0,2048,0.31889228196814656,0.9757,0.08016696783564985,0.3206650100182742,234752,235146,"[0.9897959183673469, 0.9929515418502203, 0.9854651162790697, 0.9782178217821782, 0.9826883910386965, 0.9798206278026906, 0.9843423799582464, 0.9747081712062257, 0.9332648870636551, 0.9534192269573836]","[0.9900695134061569, 0.9872611464968153, 0.9840954274353877, 0.9717348927875243, 0.9825819672131147, 0.9832775919732442, 0.9928352098259979, 0.984313725490196, 0.9193877551020408, 0.9496047430830039]",batch,both
MNIST,small,43,10,a1,layerwise,output_weight_norm,baseline,,0.2,1,0.9819,0.9813,0.06535883392095566,0.06147001464682399,188583,0.19801740195453033,188240,0.19813249727371862,0.35283571702893823,21.6025390625,16,0,2048,0.32599186105653644,0.9813,0.06147001497017918,0.3336469760397449,234752,235146,"[0.9918367346938776, 0.9920704845814978, 0.9835271317829457, 0.9792079207920792, 0.9796334012219959, 0.9786995515695067, 0.9832985386221295, 0.9815175097276264, 0.9702258726899384, 0.9712586719524281]","[0.9890764647467726, 0.9854413102820746, 0.9850894632206759, 0.97953216374269, 0.9836065573770492, 0.9810479375696767, 0.9887410440122825, 0.9852941176470589, 0.9673469387755103, 0.9733201581027668]",batch,both
MNIST,small,43,10,a1,layerwise,output_weight_norm,baseline,,0.2,3,0.9826,0.9821,0.0641582105576992,0.06315500387683277,188583,0.19801740195453033,188240,0.19813249727371862,0.35283571702893823,21.6025390625,16,0,2048,0.3269593199947849,0.9821,0.06315500464275246,0.35500779398716986,234752,235146,"[0.9918367346938776, 0.9903083700440528, 0.9825581395348837, 0.9811881188118812, 0.9806517311608961, 0.9809417040358744, 0.9832985386221295, 0.9815175097276264, 0.9702258726899384, 0.977205153617443]","[0.9900695134061569, 0.9854413102820746, 0.9821073558648111, 0.9853801169590644, 0.9836065573770492, 0.9821627647714605, 0.9887410440122825, 0.9862745098039216, 0.9673469387755103, 0.974308300395257]",batch,both
MNIST,small,43,10,a1,layerwise,output_weight_norm,baseline,,0.2,5,0.9829,0.9819,0.06579929058030248,0.0640577820400009,188583,0.19801740195453033,188240,0.19813249727371862,0.35283571702893823,21.6025390625,16,0,2048,0.3162915779976174,0.9819,0.06405778202677612,0.3250334250042215,234752,235146,"[0.9908163265306122, 0.9903083700440528, 0.9854651162790697, 0.9821782178217822, 0.9775967413441955, 0.9775784753363229, 0.9822546972860126, 0.9844357976653697, 0.9702258726899384, 0.9762140733399405]","[0.9890764647467726, 0.9854413102820746, 0.9850894632206759, 0.98635477582846, 0.9795081967213115, 0.9832775919732442, 0.9877175025588536, 0.9852941176470589, 0.9673469387755103, 0.9792490118577075]",batch,both
MNIST,small,43,10,a1,layerwise,output_weight_norm,baseline,,0.3,0,0.9671,0.9659,0.10929811078011989,0.10366542638540267,165758,0.29508475585381,165440,0.2952562704471101,0.35283571702893823,21.6025390625,16,0,2048,0.3245057809399441,0.9659,0.10366542083323002,0.33487524709198624,234752,235146,"[0.9887755102040816, 0.9911894273127754, 0.9796511627906976, 0.9772277227722772, 0.9806517311608961, 0.9820627802690582, 0.9822546972860126, 0.9766536964980544, 0.8624229979466119, 0.9345887016848364]","[0.9851042701092354, 0.9872611464968153, 0.9840954274353877, 0.9746588693957114, 0.9795081967213115, 0.9843924191750278, 0.9918116683725691, 0.9852941176470589, 0.8561224489795919, 0.9407114624505929]",batch,both
MNIST,small,43,10,a1,layerwise,output_weight_norm,baseline,,0.3,1,0.9804,0.9807,0.06532760795652866,0.06275139258562122,165758,0.29508475585381,165440,0.2952562704471101,0.35283571702893823,21.6025390625,16,0,2048,0.31728204898536205,0.9807,0.06275139235763345,0.3242810609517619,234752,235146,"[0.9918367346938776, 0.9920704845814978, 0.9825581395348837, 0.9782178217821782, 0.9745417515274949, 0.9786995515695067, 0.9812108559498957, 0.9785992217898832, 0.971252566735113, 0.9762140733399405]","[0.9900695134061569, 0.9854413102820746, 0.9801192842942346, 0.9785575048732943, 0.9774590163934426, 0.9788182831661093, 0.9877175025588536, 0.984313725490196, 0.9673469387755103, 0.9733201581027668]",batch,both
MNIST,small,43,10,a1,layerwise,output_weight_norm,baseline,,0.3,3,0.9815,0.9814,0.06436499148309231,0.06352808264029446,165758,0.29508475585381,165440,0.2952562704471101,0.35283571702893823,21.6025390625,16,0,2048,0.30849484191276133,0.9814,0.06352807961535872,0.3185894750058651,234752,235146,"[0.9928571428571429, 0.9920704845814978, 0.9844961240310077, 0.9811881188118812, 0.9755600814663951, 0.9775784753363229, 0.9822546972860126, 0.9785992217898832, 0.9702258726899384, 0.977205153617443]","[0.9880834160873883, 0.986351228389445, 0.9831013916500994, 0.9834307992202729, 0.9805327868852459, 0.9777034559643255, 0.984646878198567, 0.9823529411764705, 0.9693877551020408, 0.9782608695652174]",batch,both
MNIST,small,43,10,a1,layerwise,output_weight_norm,baseline,,0.3,5,0.9823,0.9815,0.06561319319233298,0.06476493607025477,165758,0.29508475585381,165440,0.2952562704471101,0.35283571702893823,21.6025390625,16,0,2048,0.32865648006554693,0.9815,0.06476493662979338,0.32964040397200733,234752,235146,"[0.9918367346938776, 0.9929515418502203, 0.9844961240310077, 0.9801980198019802, 0.9755600814663951, 0.9798206278026906, 0.9843423799582464, 0.9776264591439688, 0.9722792607802875, 0.9742319127849356]","[0.9851042701092354, 0.9881710646041856, 0.9850894632206759, 0.9814814814814815, 0.9795081967213115, 0.9821627647714605, 0.9877175025588536, 0.9833333333333333, 0.9734693877551021, 0.9762845849802372]",batch,both
MNIST,small,43,10,a1,layerwise,output_weight_norm,baseline,,0.4,0,0.9537,0.9525,0.1502113893866539,0.14571989222466947,142020,0.39603480390906076,141728,0.39626499454743724,0.35283571702893823,21.6025390625,16,0,2048,0.3396282270550728,0.9525,0.14571988531053065,0.3415073190117255,234752,235146,"[0.9877551020408163, 0.9911894273127754, 0.9748062015503876, 0.9752475247524752, 0.9775967413441955, 0.9798206278026906, 0.9739039665970772, 0.9785992217898832, 0.74435318275154, 0.9345887016848364]","[0.9851042701092354, 0.986351228389445, 0.9831013916500994, 0.9736842105263158, 0.9795081967213115, 0.9810479375696767, 0.984646878198567, 0.9833333333333333, 0.7479591836734694, 0.9278656126482213]",batch,both
MNIST,small,43,10,a1,layerwise,output_weight_norm,baseline,,0.4,1,0.9795,0.9803,0.07010307768285275,0.06607035102252848,142020,0.39603480390906076,141728,0.39626499454743724,0.35283571702893823,21.6025390625,16,0,2048,0.3070151840802282,0.9803,0.06607034852956421,0.318021203042008,234752,235146,"[0.9908163265306122, 0.9911894273127754, 0.9854651162790697, 0.9752475247524752, 0.9786150712830958, 0.9786995515695067, 0.9801670146137788, 0.9785992217898832, 0.9691991786447639, 0.9732408325074331]","[0.9870903674280039, 0.9845313921747043, 0.9831013916500994, 0.9727095516569201, 0.9815573770491803, 0.979933110367893, 0.9856704196519959, 0.984313725490196, 0.9653061224489796, 0.9703557312252964]",batch,both
MNIST,small,43,10,a1,layerwise,output_weight_norm,baseline,,0.4,3,0.9812,0.9806,0.06765145909339189,0.0656179129860131,142020,0.39603480390906076,141728,0.39626499454743724,0.35283571702893823,21.6025390625,16,0,2048,0.3436330279801041,0.9806,0.0656179132348625,0.33087913203053176,234752,235146,"[0.9918367346938776, 0.9920704845814978, 0.9835271317829457, 0.9792079207920792, 0.9786150712830958, 0.9820627802690582, 0.9812108559498957, 0.9785992217898832, 0.9681724845995893, 0.9692765113974232]","[0.9890764647467726, 0.9854413102820746, 0.9840954274353877, 0.9775828460038987, 0.9815573770491803, 0.9821627647714605, 0.9887410440122825, 0.9833333333333333, 0.9673469387755103, 0.9723320158102767]",batch,both
MNIST,small,43,10,a1,layerwise,output_weight_norm,baseline,,0.4,5,0.9815,0.9802,0.06659013315439224,0.0654962606778834,142020,0.39603480390906076,141728,0.39626499454743724,0.35283571702893823,21.6025390625,16,0,2048,0.3165887090144679,0.9802,0.06549626041972079,0.32375564705580473,234752,235146,"[0.9887755102040816, 0.9920704845814978, 0.9854651162790697, 0.9762376237623762, 0.9775967413441955, 0.9820627802690582, 0.9832985386221295, 0.9766536964980544, 0.9661190965092402, 0.9722497522299306]","[0.9870903674280039, 0.9872611464968153, 0.9860834990059643, 0.9756335282651072, 0.9815573770491803, 0.9855072463768116, 0.9897645854657113, 0.9823529411764705, 0.9642857142857143, 0.9752964426877471]",batch,both
MNIST,small,43,10,a1,layerwise,output_weight_norm,baseline,,0.5,0,0.9329,0.9384,0.2168421256661415,0.20490319854021072,118282,0.4969848519643115,118016,0.4972737186477645,0.35283571702893823,21.6025390625,16,0,2048,0.3281684990506619,0.9384,0.20490319007635116,0.32438776595517993,234752,235146,"[0.9612244897959183, 0.9938325991189427, 0.9680232558139535, 0.9683168316831683, 0.9826883910386965, 0.9831838565022422, 0.9780793319415448, 0.9737354085603113, 0.6796714579055442, 0.8870168483647175]","[0.9572989076464746, 0.9909008189262967, 0.9781312127236581, 0.9580896686159844, 0.9764344262295082, 0.9788182831661093, 0.9825997952917093, 0.9813725490196078, 0.6479591836734694, 0.8715415019762845]",batch,both
MNIST,small,43,10,a1,layerwise,output_weight_norm,baseline,,0.5,1,0.9779,0.9788,0.07279536865055561,0.07147982902694494,118282,0.4969848519643115,118016,0.4972737186477645,0.35283571702893823,21.6025390625,16,0,2048,0.3270963189424947,0.9788,0.07147983056474477,0.3299264060333371,234752,235146,"[0.9908163265306122, 0.9911894273127754, 0.9835271317829457, 0.9712871287128713, 0.9796334012219959, 0.9809417040358744, 0.9791231732776617, 0.980544747081712, 0.9661190965092402, 0.9633300297324083]","[0.9880834160873883, 0.9836214740673339, 0.9840954274353877, 0.9610136452241715, 0.9815573770491803, 0.9754738015607581, 0.9836233367451381, 0.9852941176470589, 0.9653061224489796, 0.9703557312252964]",batch,both
MNIST,small,43,10,a1,layerwise,output_weight_norm,baseline,,0.5,3,0.9788,0.98,0.07066490867137909,0.06805208461699076,118282,0.4969848519643115,118016,0.4972737186477645,0.35283571702893823,21.6025390625,16,0,2048,0.31724358396604657,0.98,0.06805208600279875,0.34313403896521777,234752,235146,"[0.9918367346938776, 0.9911894273127754, 0.9806201550387597, 0.9712871287128713, 0.9816700610997964, 0.9820627802690582, 0.9812108559498957, 0.9795719844357976, 0.9691991786447639, 0.9702675916749257]","[0.9860973187686196, 0.9845313921747043, 0.9821073558648111, 0.9629629629629629, 0.9815573770491803, 0.9810479375696767, 0.9887410440122825, 0.9852941176470589, 0.9663265306122449, 0.9693675889328063]",batch,both
MNIST,small,43,10,a1,layerwise,output_weight_norm,baseline,,0.5,5,0.9804,0.9811,0.06814630613178015,0.06587516259872354,118282,0.4969848519643115,118016,0.4972737186477645,0.35283571702893823,21.6025390625,16,0,2048,0.3180133360438049,0.9811,0.06587516438537278,0.33193887397646904,234752,235146,"[0.9918367346938776, 0.9920704845814978, 0.9893410852713178, 0.9792079207920792, 0.9796334012219959, 0.9775784753363229, 0.9791231732776617, 0.980544747081712, 0.9681724845995893, 0.9712586719524281]","[0.9880834160873883, 0.9872611464968153, 0.9850894632206759, 0.9746588693957114, 0.9815573770491803, 0.9765886287625418, 0.9866939611054247, 0.9833333333333333, 0.9704081632653061, 0.9693675889328063]",batch,both
MNIST,small,43,10,a1,layerwise,output_weight_norm,baseline,,0.7,0,0.8165,0.8235,0.6068655973434448,0.5914664926528931,71719,0.6950022539188419,71504,0.6954062159214831,0.35283571702893823,21.6025390625,16,0,2048,0.3046932889847085,0.8235,0.5914664759635925,0.3124186609638855,234752,235146,"[0.936734693877551, 0.9929515418502203, 0.9476744186046512, 0.9485148514851485, 0.8482688391038696, 0.9517937219730942, 0.9843423799582464, 0.9027237354085603, 0.28850102669404515, 0.41625371655104065]","[0.9404170804369414, 0.991810737033667, 0.9473161033797217, 0.9454191033138402, 0.8288934426229508, 0.9531772575250836, 0.9836233367451381, 0.9117647058823529, 0.27040816326530615, 0.3804347826086957]",batch,both
MNIST,small,43,10,a1,layerwise,output_weight_norm,baseline,,0.7,1,0.9597,0.9621,0.14585986329317094,0.13916718629598618,71719,0.6950022539188419,71504,0.6954062159214831,0.35283571702893823,21.6025390625,16,0,2048,0.31516538304276764,0.9621,0.13916718686819077,0.3240774549776688,234752,235146,"[0.986734693877551, 0.9823788546255506, 0.9757751937984496, 0.9594059405940594, 0.9775967413441955, 0.9596412556053812, 0.975991649269311, 0.958171206225681, 0.9045174537987679, 0.9375619425173439]","[0.9801390268123138, 0.9808917197452229, 0.9711729622266402, 0.9512670565302144, 0.9733606557377049, 0.9609810479375697, 0.9825997952917093, 0.9725490196078431, 0.886734693877551, 0.9347826086956522]",batch,both
MNIST,small,43,10,a1,layerwise,output_weight_norm,baseline,,0.7,3,0.9693,0.9718,0.10293814995884895,0.09648380622267723,71719,0.6950022539188419,71504,0.6954062159214831,0.35283571702893823,21.6025390625,16,0,2048,0.31977631407789886,0.9718,0.09648380627930164,0.3187604829436168,234752,235146,"[0.9897959183673469, 0.9885462555066079, 0.9796511627906976, 0.9673267326732673, 0.9735234215885947, 0.9697309417040358, 0.9801670146137788, 0.9717898832684825, 0.9425051334702259, 0.9524281466798811]","[0.9831181727904668, 0.986351228389445, 0.974155069582505, 0.9629629629629629, 0.9805327868852459, 0.967670011148272, 0.9856704196519959, 0.9774509803921568, 0.923469387755102, 0.9496047430830039]",batch,both
MNIST,small,43,10,a1,layerwise,output_weight_norm,baseline,,0.7,5,0.9711,0.9737,0.09330749582052231,0.08823546176403761,71719,0.6950022539188419,71504,0.6954062159214831,0.35283571702893823,21.6025390625,16,0,2048,0.3250915100798011,0.9737,0.08823546023070812,0.33261285501066595,234752,235146,"[0.9918367346938776, 0.9885462555066079, 0.9786821705426356, 0.9702970297029703, 0.9755600814663951, 0.968609865470852, 0.9822546972860126, 0.9727626459143969, 0.9507186858316222, 0.9554013875123885]","[0.9851042701092354, 0.986351228389445, 0.9731610337972167, 0.9668615984405458, 0.9805327868852459, 0.9698996655518395, 0.9866939611054247, 0.9774509803921568, 0.9295918367346939, 0.9535573122529645]",batch,both
MNIST,small,43,10,a2,layerwise,output_weight_norm,baseline,,0.05,0,0.9783,0.9782,0.08070705641806125,0.07181635249864776,233544,0.006812788650455426,233156,0.006798664122137366,0.35283571702893823,21.6025390625,16,0,2048,0.32483719603624195,0.9782,0.0718163534821244,0.32081206992734224,234752,235146,"[0.9897959183673469, 0.9894273127753304, 0.9748062015503876, 0.9792079207920792, 0.9857433808553971, 0.9742152466367713, 0.9853862212943633, 0.9678988326848249, 0.9691991786447639, 0.9653121902874133]","[0.9900695134061569, 0.9836214740673339, 0.9771371769383698, 0.97953216374269, 0.9846311475409836, 0.9743589743589743, 0.9907881269191402, 0.9813725490196078, 0.9653061224489796, 0.9555335968379447]",batch,both
MNIST,small,43,10,a2,layerwise,output_weight_norm,baseline,,0.05,1,0.9829,0.9822,0.06690304525271058,0.06272442894733395,233544,0.006812788650455426,233156,0.006798664122137366,0.35283571702893823,21.6025390625,16,0,2048,0.3137868089834228,0.9822,0.06272442947483504,0.33027077291626483,234752,235146,"[0.9918367346938776, 0.9920704845814978, 0.9815891472868217, 0.9801980198019802, 0.9796334012219959, 0.984304932735426, 0.9832985386221295, 0.9747081712062257, 0.9722792607802875, 0.981169474727453]","[0.9900695134061569, 0.9872611464968153, 0.9840954274353877, 0.97953216374269, 0.9846311475409836, 0.9832775919732442, 0.984646878198567, 0.9852941176470589, 0.9704081632653061, 0.9792490118577075]",batch,both
MNIST,small,43,10,a2,layerwise,output_weight_norm,baseline,,0.05,3,0.9823,0.9814,0.06599863864779472,0.0637665363559936,233544,0.006812788650455426,233156,0.006798664122137366,0.35283571702893823,21.6025390625,16,0,2048,0.3229251179145649,0.9814,0.06376653489866003,0.3400755299953744,234752,235146,"[0.9908163265306122, 0.9929515418502203, 0.9786821705426356, 0.9831683168316832, 0.9796334012219959, 0.9798206278026906, 0.9822546972860126, 0.9785992217898832, 0.9722792607802875, 0.9742319127849356]","[0.9890764647467726, 0.9881710646041856, 0.9831013916500994, 0.97953216374269, 0.985655737704918, 0.9810479375696767, 0.9866939611054247, 0.9862745098039216, 0.9653061224489796, 0.9772727272727273]",batch,both
MNIST,small,43,10,a2,layerwise,output_weight_norm,baseline,,0.05,5,0.9829,0.9814,0.06788323174230754,0.06474100075302412,233544,0.006812788650455426,233156,0.006798664122137366,0.35283571702893823,21.6025390625,16,0,2048,0.3217289730673656,0.9814,0.06474100152937462,0.32110762398224324,234752,235146,"[0.9918367346938776, 0.9920704845814978, 0.9796511627906976, 0.9831683168316832, 0.9775967413441955, 0.9798206278026906, 0.9791231732776617, 0.9785992217898832, 0.9722792607802875, 0.9781962338949455]","[0.9880834160873883, 0.9881710646041856, 0.9840954274353877, 0.9824561403508771, 0.9846311475409836, 0.9777034559643255, 0.984646878198567, 0.9852941176470589, 0.9704081632653061, 0.9822134387351779]",batch,both
MNIST,small,43,10,a2,layerwise,output_weight_norm,baseline,,0.1,0,0.9789,0.979,0.07822339207530021,0.07054669430074283,231942,0.013625577300910963,231560,0.013597328244274842,0.35283571702893823,21.6025390625,16,0,2048,0.3455724500818178,0.979,0.07054669474628754,0.3199741109274328,234752,235146,"[0.9897959183673469, 0.9911894273127754, 0.9748062015503876, 0.9792079207920792, 0.9837067209775967, 0.9742152466367713, 0.9864300626304802, 0.9669260700389105, 0.9702258726899384, 0.9722497522299306]","[0.9880834160873883, 0.986351228389445, 0.9751491053677932, 0.9814814814814815, 0.9836065573770492, 0.9743589743589743, 0.9918116683725691, 0.9833333333333333, 0.9622448979591837, 0.9614624505928854]",batch,both
MNIST,small,43,10,a2,layerwise,output_weight_norm,baseline,,0.1,1,0.9818,0.9815,0.06649552133381367,0.06133584970862139,231942,0.013625577300910963,231560,0.013597328244274842,0.35283571702893823,21.6025390625,16,0,2048,0.31600313005037606,0.9815,0.0613358492608415,0.32570923201274127,234752,235146,"[0.9928571428571429, 0.9938325991189427, 0.9806201550387597, 0.9762376237623762, 0.9796334012219959, 0.9831838565022422, 0.9801670146137788, 0.9785992217898832, 0.9702258726899384, 0.9781962338949455]","[0.9910625620655412, 0.9872611464968153, 0.9840954274353877, 0.9746588693957114, 0.9815573770491803, 0.9832775919732442, 0.9866939611054247, 0.9852941176470589, 0.9673469387755103, 0.9762845849802372]",batch,both
MNIST,small,43,10,a2,layerwise,output_weight_norm,baseline,,0.1,3,0.9824,0.9817,0.06774587747715413,0.06551511646844446,231942,0.013625577300910963,231560,0.013597328244274842,0.35283571702893823,21.6025390625,16,0,2048,0.30992241797503084,0.9817,0.06551511734426022,0.3273151469184086,234752,235146,"[0.9918367346938776, 0.9929515418502203, 0.9815891472868217, 0.9772277227722772, 0.9806517311608961, 0.9831838565022422, 0.9780793319415448, 0.9785992217898832, 0.9743326488706365, 0.977205153617443]","[0.9890764647467726, 0.9854413102820746, 0.9850894632206759, 0.9805068226120858, 0.985655737704918, 0.9832775919732442, 0.984646878198567, 0.9833333333333333, 0.9693877551020408, 0.9772727272727273]",batch,both
MNIST,small,43,10,a2,layerwise,output_weight_norm,baseline,,0.1,5,0.9817,0.9824,0.0678287208955735,0.06391065912252816,231942,0.013625577300910963,231560,0.013597328244274842,0.35283571702893823,21.6025390625,16,0,2048,0.3220706220017746,0.9824,0.06391065867549332,0.3304836649913341,234752,235146,"[0.9908163265306122, 0.9938325991189427, 0.9796511627906976, 0.9801980198019802, 0.9806517311608961, 0.9854260089686099, 0.9853862212943633, 0.9785992217898832, 0.9722792607802875, 0.9762140733399405]","[0.9851042701092354, 0.9872611464968153, 0.9860834990059643, 0.97953216374269, 0.9846311475409836, 0.9810479375696767, 0.9877175025588536, 0.984313725490196, 0.9653061224489796, 0.9752964426877471]",batch,both
MNIST,small,43,10,a2,layerwise,output_weight_norm,baseline,,0.2,0,0.9781,0.9793,0.07539180980622769,0.06843439801270142,228471,0.028386619376897793,228102,0.028327767175572505,0.35283571702893823,21.6025390625,16,0,2048,0.3149489159695804,0.9793,0.06843439941192046,0.330446120002307,234752,235146,"[0.9908163265306122, 0.9885462555066079, 0.9757751937984496, 0.9782178217821782, 0.9837067209775967, 0.9775784753363229, 0.9832985386221295, 0.9717898832684825, 0.9702258726899384, 0.9722497522299306]","[0.9880834160873883, 0.9845313921747043, 0.9751491053677932, 0.9814814814814815, 0.9836065573770492, 0.9721293199554069, 0.9897645854657113, 0.984313725490196, 0.963265306122449, 0.9575098814229249]",batch,both
MNIST,small,43,10,a2,layerwise,output_weight_norm,baseline,,0.2,1,0.9826,0.9817,0.06392192988544702,0.06153666959402617,228471,0.028386619376897793,228102,0.028327767175572505,0.35283571702893823,21.6025390625,16,0,2048,0.31055718800053,0.9817,0.06153666929451283,0.3191911829635501,234752,235146,"[0.9918367346938776, 0.9929515418502203, 0.9796511627906976, 0.9782178217821782, 0.9816700610997964, 0.9854260089686099, 0.9822546972860126, 0.9785992217898832, 0.9722792607802875, 0.9732408325074331]","[0.9890764647467726, 0.986351228389445, 0.9821073558648111, 0.9814814814814815, 0.9836065573770492, 0.9843924191750278, 0.9877175025588536, 0.9852941176470589, 0.9693877551020408, 0.9762845849802372]",batch,both
MNIST,small,43,10,a2,layerwise,output_weight_norm,baseline,,0.2,3,0.9828,0.9813,0.06551670155003667,0.061705860647687225,228471,0.028386619376897793,228102,0.028327767175572505,0.35283571702893823,21.6025390625,16,0,2048,0.3591268809977919,0.9813,0.06170586259228876,0.3273972080787644,234752,235146,"[0.9908163265306122, 0.9929515418502203, 0.9815891472868217, 0.9792079207920792, 0.9786150712830958, 0.9820627802690582, 0.9822546972860126, 0.9795719844357976, 0.9702258726899384, 0.9742319127849356]","[0.9860973187686196, 0.9881710646041856, 0.9850894632206759, 0.9834307992202729, 0.985655737704918, 0.9855072463768116, 0.9877175025588536, 0.984313725490196, 0.9622448979591837, 0.9792490118577075]",batch,both
MNIST,small,43,10,a2,layerwise,output_weight_norm,baseline,,0.2,5,0.9825,0.9817,0.06544137313216924,0.06267539415318751,228471,0.028386619376897793,228102,0.028327767175572505,0.35283571702893823,21.6025390625,16,0,2048,0.31798609998077154,0.9817,0.06267539474252844,0.3194465689593926,234752,235146,"[0.9918367346938776, 0.9911894273127754, 0.9815891472868217, 0.9762376237623762, 0.9806517311608961, 0.9820627802690582, 0.9822546972860126, 0.980544747081712, 0.9702258726899384, 0.979187314172448]","[0.9860973187686196, 0.9836214740673339, 0.9850894632206759, 0.9746588693957114, 0.985655737704918, 0.9843924191750278, 0.984646878198567, 0.9872549019607844, 0.9714285714285714, 0.9822134387351779]",batch,both
MNIST,small,43,10,a2,layerwise,output_weight_norm,baseline,,0.3,0,0.9773,0.9782,0.07901921380758285,0.07285987246632576,225000,0.04314766145288462,224644,0.04305820610687028,0.35283571702893823,21.6025390625,16,0,2048,0.31444778898730874,0.9782,0.0728598738014698,0.32653160800691694,234752,235146,"[0.9897959183673469, 0.9876651982378855, 0.9738372093023255, 0.9841584158415841, 0.9837067209775967, 0.968609865470852, 0.9853862212943633, 0.9708171206225681, 0.9691991786447639, 0.9672943508424182]","[0.9870903674280039, 0.9854413102820746, 0.9731610337972167, 0.9805068226120858, 0.9836065573770492, 0.9665551839464883, 0.9928352098259979, 0.9823529411764705, 0.9673469387755103, 0.9525691699604744]",batch,both
MNIST,small,43,10,a2,layerwise,output_weight_norm,baseline,,0.3,1,0.981,0.9818,0.06520069822072982,0.061451057539018805,225000,0.04314766145288462,224644,0.04305820610687028,0.35283571702893823,21.6025390625,16,0,2048,0.3178067790577188,0.9818,0.06145105836379808,0.32714145292993635,234752,235146,"[0.9918367346938776, 0.9911894273127754, 0.9786821705426356, 0.9762376237623762, 0.9816700610997964, 0.9809417040358744, 0.9801670146137788, 0.9815175097276264, 0.9743326488706365, 0.9801783944499505]","[0.9900695134061569, 0.9854413102820746, 0.9831013916500994, 0.9727095516569201, 0.9846311475409836, 0.9788182831661093, 0.984646878198567, 0.9882352941176471, 0.9683673469387755, 0.9733201581027668]",batch,both
MNIST,small,43,10,a2,layerwise,output_weight_norm,baseline,,0.3,3,0.982,0.9817,0.06368151083365083,0.06282995083867572,225000,0.04314766145288462,224644,0.04305820610687028,0.35283571702893823,21.6025390625,16,0,2048,0.3105655530234799,0.9817,0.062829949597409,0.3241491129156202,234752,235146,"[0.9918367346938776, 0.9929515418502203, 0.9796511627906976, 0.9782178217821782, 0.9796334012219959, 0.9809417040358744, 0.9822546972860126, 0.9795719844357976, 0.9743326488706365, 0.9762140733399405]","[0.9880834160873883, 0.986351228389445, 0.9831013916500994, 0.9785575048732943, 0.9846311475409836, 0.9810479375696767, 0.9856704196519959, 0.9862745098039216, 0.9714285714285714, 0.974308300395257]",batch,both
MNIST,small,43,10,a2,layerwise,output_weight_norm,baseline,,0.3,5,0.982,0.982,0.06503399426192046,0.0630364689474809,225000,0.04314766145288462,224644,0.04305820610687028,0.35283571702893823,21.6025390625,16,0,2048,0.3189989470411092,0.982,0.06303646771515486,0.3277706359513104,234752,235146,"[0.9908163265306122, 0.9929515418502203, 0.9796511627906976, 0.9772277227722772, 0.9796334012219959, 0.984304932735426, 0.9832985386221295, 0.9785992217898832, 0.971252566735113, 0.981169474727453]","[0.9860973187686196, 0.9872611464968153, 0.9840954274353877, 0.9736842105263158, 0.9815573770491803, 0.9832775919732442, 0.9877175025588536, 0.9833333333333333, 0.9714285714285714, 0.9812252964426877]",batch,both
MNIST,small,43,10,a2,layerwise,output_weight_norm,baseline,,0.4,0,0.9773,0.9769,0.08082700984477997,0.07706120727658272,221529,0.05790870352887145,221186,0.05778864503816794,0.35283571702893823,21.6025390625,16,0,2048,0.31172600807622075,0.9769,0.07706120709180832,0.31624927499797195,234752,235146,"[0.9908163265306122, 0.9850220264317181, 0.9651162790697675, 0.9841584158415841, 0.9816700610997964, 0.968609865470852, 0.9853862212943633, 0.9717898832684825, 0.973305954825462, 0.9623389494549058]","[0.9900695134061569, 0.986351228389445, 0.9681908548707754, 0.9805068226120858, 0.9836065573770492, 0.967670011148272, 0.9887410440122825, 0.984313725490196, 0.9683673469387755, 0.9535573122529645]",batch,both
MNIST,small,43,10,a2,layerwise,output_weight_norm,baseline,,0.4,1,0.9819,0.9807,0.06347778180390597,0.06229388125031255,221529,0.05790870352887145,221186,0.05778864503816794,0.35283571702893823,21.6025390625,16,0,2048,0.3157177160028368,0.9807,0.062293880745163184,0.31146975001320243,234752,235146,"[0.9928571428571429, 0.9920704845814978, 0.9777131782945736, 0.9811881188118812, 0.9806517311608961, 0.976457399103139, 0.9812108559498957, 0.9785992217898832, 0.9691991786447639, 0.9752229930624381]","[0.9910625620655412, 0.986351228389445, 0.9860834990059643, 0.97953216374269, 0.9846311475409836, 0.979933110367893, 0.9856704196519959, 0.9862745098039216, 0.9612244897959183, 0.9772727272727273]",batch,both
MNIST,small,43,10,a2,layerwise,output_weight_norm,baseline,,0.4,3,0.9829,0.9813,0.06241880940869451,0.061557571268477475,221529,0.05790870352887145,221186,0.05778864503816794,0.35283571702893823,21.6025390625,16,0,2048,0.31626775301992893,0.9813,0.0615575721580768,0.3144004859495908,234752,235146,"[0.9918367346938776, 0.9911894273127754, 0.9786821705426356, 0.9811881188118812, 0.9796334012219959, 0.9820627802690582, 0.9832985386221295, 0.9785992217898832, 0.9691991786447639, 0.9762140733399405]","[0.9910625620655412, 0.9872611464968153, 0.9850894632206759, 0.9775828460038987, 0.9866803278688525, 0.9832775919732442, 0.9877175025588536, 0.9852941176470589, 0.9683673469387755, 0.9762845849802372]",batch,both
MNIST,small,43,10,a2,layerwise,output_weight_norm,baseline,,0.4,5,0.9832,0.9814,0.06396127350926399,0.0603754208039958,221529,0.05790870352887145,221186,0.05778864503816794,0.35283571702893823,21.6025390625,16,0,2048,0.32755226502195,0.9814,0.0603754209053237,0.3047598509583622,234752,235146,"[0.9918367346938776, 0.9929515418502203, 0.9786821705426356, 0.9772277227722772, 0.9775967413441955, 0.984304932735426, 0.9822546972860126, 0.9795719844357976, 0.9702258726899384, 0.9781962338949455]","[0.9910625620655412, 0.9854413102820746, 0.9831013916500994, 0.9746588693957114, 0.985655737704918, 0.9843924191750278, 0.9907881269191402, 0.9872549019607844, 0.9683673469387755, 0.9812252964426877]",batch,both
MNIST,small,43,10,a2,layerwise,output_weight_norm,baseline,,0.5,0,0.975,0.9753,0.10009393826723098,0.0939679213643074,218058,0.07266974560485828,217728,0.0725190839694656,0.35283571702893823,21.6025390625,16,0,2048,0.3251004199264571,0.9753,0.09396792144179344,0.30636701895855367,234752,235146,"[0.9928571428571429, 0.9859030837004406, 0.9554263565891473, 0.9831683168316832, 0.9796334012219959, 0.968609865470852, 0.9843423799582464, 0.9669260700389105, 0.9763860369609856, 0.9593657086223984]","[0.9920556107249255, 0.9836214740673339, 0.9582504970178927, 0.9746588693957114, 0.9825819672131147, 0.9643255295429208, 0.9866939611054247, 0.9833333333333333, 0.9714285714285714, 0.9515810276679841]",batch,both
MNIST,small,43,10,a2,layerwise,output_weight_norm,baseline,,0.5,1,0.9809,0.9805,0.06537791463434696,0.0625685228513088,218058,0.07266974560485828,217728,0.0725190839694656,0.35283571702893823,21.6025390625,16,0,2048,0.3221260799327865,0.9805,0.06256852235659026,0.3250210148980841,234752,235146,"[0.9928571428571429, 0.9920704845814978, 0.9767441860465116, 0.9801980198019802, 0.9806517311608961, 0.9775784753363229, 0.9780793319415448, 0.9815175097276264, 0.971252566735113, 0.9722497522299306]","[0.9870903674280039, 0.986351228389445, 0.9831013916500994, 0.9766081871345029, 0.9846311475409836, 0.9765886287625418, 0.9836233367451381, 0.9872549019607844, 0.9663265306122449, 0.9762845849802372]",batch,both
MNIST,small,43,10,a2,layerwise,output_weight_norm,baseline,,0.5,3,0.9823,0.9808,0.06182894984781742,0.059929052103753204,218058,0.07266974560485828,217728,0.0725190839694656,0.35283571702893823,21.6025390625,16,0,2048,0.32101956696715206,0.9808,0.05992905222296249,0.32139491895213723,234752,235146,"[0.9918367346938776, 0.9920704845814978, 0.9777131782945736, 0.9792079207920792, 0.9806517311608961, 0.9798206278026906, 0.9812108559498957, 0.9785992217898832, 0.9702258726899384, 0.9752229930624381]","[0.9880834160873883, 0.986351228389445, 0.9840954274353877, 0.97953216374269, 0.9846311475409836, 0.9810479375696767, 0.9856704196519959, 0.9882352941176471, 0.9673469387755103, 0.9772727272727273]",batch,both
MNIST,small,43,10,a2,layerwise,output_weight_norm,baseline,,0.5,5,0.9827,0.9806,0.06208206741809845,0.05990082504625316,218058,0.07266974560485828,217728,0.0725190839694656,0.35283571702893823,21.6025390625,16,0,2048,0.31491785997059196,0.9806,0.05990082467782195,0.32716836500912905,234752,235146,"[0.9918367346938776, 0.9938325991189427, 0.9796511627906976, 0.9801980198019802, 0.9786150712830958, 0.9809417040358744, 0.9801670146137788, 0.9747081712062257, 0.9722792607802875, 0.9722497522299306]","[0.9880834160873883, 0.9881710646041856, 0.9831013916500994, 0.97953216374269, 0.9866803278688525, 0.9821627647714605, 0.9856704196519959, 0.9862745098039216, 0.9724489795918367, 0.974308300395257]",batch,both
MNIST,small,43,10,a2,layerwise,output_weight_norm,baseline,,0.7,0,0.9568,0.9583,0.27758248655796053,0.2714209512233734,211383,0.10105636498175596,211078,0.10084685114503822,0.35283571702893823,21.6025390625,16,0,2048,0.31898142595309764,0.9583,0.27142095477581024,0.31663221202325076,234752,235146,"[0.9459183673469388, 0.9753303964757709, 0.8701550387596899, 0.9574257425742574, 0.9714867617107943, 0.9730941704035875, 0.9906054279749478, 0.9698443579766537, 0.9661190965092402, 0.9663032705649157]","[0.9513406156901688, 0.9608735213830755, 0.8558648111332008, 0.9610136452241715, 0.9764344262295082, 0.9710144927536232, 0.9918116683725691, 0.9833333333333333, 0.9612244897959183, 0.9575098814229249]",batch,both
MNIST,small,43,10,a2,layerwise,output_weight_norm,baseline,,0.7,1,0.9779,0.9777,0.07745327309668064,0.07569566947892309,211383,0.10105636498175596,211078,0.10084685114503822,0.35283571702893823,21.6025390625,16,0,2048,0.32347894401755184,0.9777,0.07569567092135548,0.33405529893934727,234752,235146,"[0.9918367346938776, 0.9903083700440528, 0.9748062015503876, 0.9732673267326732, 0.9745417515274949, 0.9742152466367713, 0.9822546972860126, 0.9785992217898832, 0.9691991786447639, 0.9663032705649157]","[0.9880834160873883, 0.9845313921747043, 0.9751491053677932, 0.9727095516569201, 0.9795081967213115, 0.9788182831661093, 0.984646878198567, 0.9862745098039216, 0.9591836734693877, 0.9693675889328063]",batch,both
MNIST,small,43,10,a2,layerwise,output_weight_norm,baseline,,0.7,3,0.9798,0.9795,0.06861422021389008,0.06667684291116893,211383,0.10105636498175596,211078,0.10084685114503822,0.35283571702893823,21.6025390625,16,0,2048,0.30776652495842427,0.9795,0.06667684359066188,0.32179382303729653,234752,235146,"[0.9928571428571429, 0.9920704845814978, 0.9767441860465116, 0.9752475247524752, 0.9765784114052953, 0.9775784753363229, 0.9822546972860126, 0.9795719844357976, 0.9691991786447639, 0.9712586719524281]","[0.9880834160873883, 0.986351228389445, 0.9801192842942346, 0.9756335282651072, 0.9795081967213115, 0.9821627647714605, 0.9866939611054247, 0.9872549019607844, 0.9612244897959183, 0.9703557312252964]",batch,both
MNIST,small,43,10,a2,layerwise,output_weight_norm,baseline,,0.7,5,0.9811,0.9802,0.06574609649777412,0.06396508340882137,211383,0.10105636498175596,211078,0.10084685114503822,0.35283571702893823,21.6025390625,16,0,2048,0.31374522706028074,0.9802,0.06396508411215618,0.31605390598997474,234752,235146,"[0.9908163265306122, 0.9920704845814978, 0.9796511627906976, 0.9752475247524752, 0.9775967413441955, 0.9798206278026906, 0.9843423799582464, 0.980544747081712, 0.9691991786447639, 0.9712586719524281]","[0.9860973187686196, 0.9872611464968153, 0.9831013916500994, 0.9736842105263158, 0.9836065573770492, 0.9866220735785953, 0.9907881269191402, 0.9872549019607844, 0.9622448979591837, 0.9703557312252964]",batch,both
MNIST,small,43,10,all,all,mean_activation,baseline,,0.05,0,0.9787,0.9791,0.07935069498121738,0.06983592808851972,222660,0.05309892577377462,222284,0.05311136859323884,0.35283571702893823,21.6025390625,16,0,2048,0.3296872950159013,0.9791,0.0698359286797233,0.3384255770361051,234752,235146,"[0.9908163265306122, 0.9911894273127754, 0.9777131782945736, 0.9752475247524752, 0.984725050916497, 0.9798206278026906, 0.9843423799582464, 0.9688715953307393, 0.9681724845995893, 0.9692765113974232]","[0.9900695134061569, 0.986351228389445, 0.9811133200795229, 0.9756335282651072, 0.9846311475409836, 0.9765886287625418, 0.9887410440122825, 0.9803921568627451, 0.9581632653061225, 0.9644268774703557]",batch,both
MNIST,small,43,10,all,all,mean_activation,baseline,,0.05,1,0.9827,0.981,0.06547356768250466,0.061831784403434724,222660,0.05309892577377462,222284,0.05311136859323884,0.35283571702893823,21.6025390625,16,0,2048,0.32748818898107857,0.981,0.06183178520288202,0.32828796200919896,234752,235146,"[0.9918367346938776, 0.9929515418502203, 0.9786821705426356, 0.9762376237623762, 0.9796334012219959, 0.9820627802690582, 0.9843423799582464, 0.9776264591439688, 0.971252566735113, 0.9742319127849356]","[0.9880834160873883, 0.9881710646041856, 0.9860834990059643, 0.9775828460038987, 0.9825819672131147, 0.9832775919732442, 0.9866939611054247, 0.9872549019607844, 0.9704081632653061, 0.9762845849802372]",batch,both
MNIST,small,43,10,all,all,mean_activation,baseline,,0.05,3,0.983,0.9819,0.06602942836955189,0.06399659355517942,222660,0.05309892577377462,222284,0.05311136859323884,0.35283571702893823,21.6025390625,16,0,2048,0.30744144204072654,0.9819,0.06399659361161757,0.3264751110691577,234752,235146,"[0.9908163265306122, 0.9920704845814978, 0.9825581395348837, 0.9782178217821782, 0.9806517311608961, 0.9831838565022422, 0.9853862212943633, 0.9785992217898832, 0.9702258726899384, 0.9762140733399405]","[0.9870903674280039, 0.9881710646041856, 0.9860834990059643, 0.97953216374269, 0.9836065573770492, 0.9843924191750278, 0.9866939611054247, 0.9862745098039216, 0.9683673469387755, 0.9792490118577075]",batch,both
MNIST,small,43,10,all,all,mean_activation,baseline,,0.05,5,0.9831,0.9817,0.06820519172884523,0.06482642584491696,222660,0.05309892577377462,222284,0.05311136859323884,0.35283571702893823,21.6025390625,16,0,2048,0.318090838030912,0.9817,0.0648264249113592,0.3255558080272749,234752,235146,"[0.9908163265306122, 0.9929515418502203, 0.9825581395348837, 0.9772277227722772, 0.9816700610997964, 0.9798206278026906, 0.9843423799582464, 0.9824902723735408, 0.9722792607802875, 0.9712586719524281]","[0.9880834160873883, 0.9899909008189263, 0.9860834990059643, 0.9824561403508771, 0.985655737704918, 0.9821627647714605, 0.9866939611054247, 0.9862745098039216, 0.9653061224489796, 0.9772727272727273]",batch,both
MNIST,small,43,10,all,all,mean_activation,baseline,,0.1,0,0.9774,0.9776,0.08427530017793179,0.0740453762463294,209417,0.10941712808212767,209060,0.10944315703380592,0.35283571702893823,21.6025390625,16,0,2048,0.33858212805353105,0.9776,0.0740453756726347,0.317604562966153,234752,235146,"[0.9908163265306122, 0.986784140969163, 0.9748062015503876, 0.9752475247524752, 0.9837067209775967, 0.9775784753363229, 0.9864300626304802, 0.9640077821011673, 0.9671457905544147, 0.9692765113974232]","[0.9900695134061569, 0.9799818016378526, 0.9811133200795229, 0.9756335282651072, 0.9846311475409836, 0.9765886287625418, 0.9887410440122825, 0.9774509803921568, 0.9571428571428572, 0.9624505928853755]",batch,both
MNIST,small,43,10,all,all,mean_activation,baseline,,0.1,1,0.9821,0.9809,0.0693544389270246,0.06307470101206564,209417,0.10941712808212767,209060,0.10944315703380592,0.35283571702893823,21.6025390625,16,0,2048,0.32795928302221,0.9809,0.06307470021373593,0.3248367600608617,234752,235146,"[0.9918367346938776, 0.9920704845814978, 0.9825581395348837, 0.9792079207920792, 0.9826883910386965, 0.9798206278026906, 0.9832985386221295, 0.9737354085603113, 0.9681724845995893, 0.9742319127849356]","[0.9890764647467726, 0.986351228389445, 0.9850894632206759, 0.9814814814814815, 0.985655737704918, 0.979933110367893, 0.984646878198567, 0.9872549019607844, 0.9673469387755103, 0.9733201581027668]",batch,both
MNIST,small,43,10,all,all,mean_activation,baseline,,0.1,3,0.9821,0.9815,0.06926589066646993,0.0638765783286828,209417,0.10941712808212767,209060,0.10944315703380592,0.35283571702893823,21.6025390625,16,0,2048,0.3162501079495996,0.9815,0.06387657848439994,0.3456652460154146,234752,235146,"[0.9908163265306122, 0.9929515418502203, 0.9815891472868217, 0.9801980198019802, 0.9796334012219959, 0.9798206278026906, 0.9864300626304802, 0.9766536964980544, 0.971252566735113, 0.9742319127849356]","[0.9841112214498511, 0.986351228389445, 0.9880715705765407, 0.9805068226120858, 0.9825819672131147, 0.9832775919732442, 0.9877175025588536, 0.9862745098039216, 0.9663265306122449, 0.9752964426877471]",batch,both
MNIST,small,43,10,all,all,mean_activation,baseline,,0.1,5,0.9821,0.9816,0.06979250285848976,0.06322656678275089,209417,0.10941712808212767,209060,0.10944315703380592,0.35283571702893823,21.6025390625,16,0,2048,0.3165265830466524,0.9816,0.0632265661412559,0.3229079709853977,234752,235146,"[0.9918367346938776, 0.9929515418502203, 0.9844961240310077, 0.9801980198019802, 0.9806517311608961, 0.9798206278026906, 0.9812108559498957, 0.9776264591439688, 0.9722792607802875, 0.9732408325074331]","[0.9841112214498511, 0.9872611464968153, 0.9831013916500994, 0.9814814814814815, 0.9846311475409836, 0.9788182831661093, 0.9866939611054247, 0.9872549019607844, 0.9683673469387755, 0.9782608695652174]",batch,both
MNIST,small,43,10,all,all,mean_activation,baseline,,0.2,0,0.9726,0.9743,0.09653006708621979,0.08497472659796476,183183,0.2209818580796612,182865,0.22102900081788446,0.35283571702893823,21.6025390625,16,0,2048,0.35450113099068403,0.9743,0.08497472162842751,0.3560920030577108,234752,235146,"[0.9897959183673469, 0.9788546255506608, 0.9757751937984496, 0.9821782178217822, 0.9826883910386965, 0.9630044843049327, 0.9864300626304802, 0.9571984435797666, 0.9630390143737166, 0.9633300297324083]","[0.9890764647467726, 0.9663330300272975, 0.9811133200795229, 0.9785575048732943, 0.9846311475409836, 0.959866220735786, 0.9918116683725691, 0.9715686274509804, 0.9428571428571428, 0.9594861660079052]",batch,both
MNIST,small,43,10,all,all,mean_activation,baseline,,0.2,1,0.9812,0.9804,0.07176703952699899,0.06421241119382903,183183,0.2209818580796612,182865,0.22102900081788446,0.35283571702893823,21.6025390625,16,0,2048,0.35371323802974075,0.9804,0.0642124112281017,0.3390663140453398,234752,235146,"[0.9918367346938776, 0.9938325991189427, 0.9767441860465116, 0.9792079207920792, 0.9826883910386965, 0.9775784753363229, 0.9812108559498957, 0.9776264591439688, 0.9671457905544147, 0.9742319127849356]","[0.9900695134061569, 0.9854413102820746, 0.9860834990059643, 0.9756335282651072, 0.9866803278688525, 0.9821627647714605, 0.9836233367451381, 0.9833333333333333, 0.9642857142857143, 0.974308300395257]",batch,both
MNIST,small,43,10,all,all,mean_activation,baseline,,0.2,3,0.9827,0.9809,0.06806135313361883,0.062116136721009386,183183,0.2209818580796612,182865,0.22102900081788446,0.35283571702893823,21.6025390625,16,0,2048,0.33941776992287487,0.9809,0.06211613917374052,0.3463076170301065,234752,235146,"[0.9908163265306122, 0.9938325991189427, 0.9777131782945736, 0.9841584158415841, 0.9806517311608961, 0.9775784753363229, 0.9832985386221295, 0.9747081712062257, 0.9691991786447639, 0.9752229930624381]","[0.9870903674280039, 0.9872611464968153, 0.9870775347912525, 0.97953216374269, 0.9846311475409836, 0.9843924191750278, 0.9856704196519959, 0.984313725490196, 0.9693877551020408, 0.9772727272727273]",batch,both
MNIST,small,43,10,all,all,mean_activation,baseline,,0.2,5,0.9817,0.981,0.0686217405922711,0.0609370689549949,183183,0.2209818580796612,182865,0.22102900081788446,0.35283571702893823,21.6025390625,16,0,2048,0.3159036219585687,0.981,0.06093707107468508,0.3310268659843132,234752,235146,"[0.9908163265306122, 0.9929515418502203, 0.9796511627906976, 0.9772277227722772, 0.9796334012219959, 0.9775784753363229, 0.9853862212943633, 0.9766536964980544, 0.9743326488706365, 0.9742319127849356]","[0.9841112214498511, 0.986351228389445, 0.9860834990059643, 0.9746588693957114, 0.9836065573770492, 0.9866220735785953, 0.9877175025588536, 0.9852941176470589, 0.9683673469387755, 0.974308300395257]",batch,both
MNIST,small,43,10,all,all,mean_activation,baseline,,0.3,0,0.9635,0.966,0.13216607031822206,0.11731680468916893,158500,0.32595068595680976,158220,0.3260121319520175,0.35283571702893823,21.6025390625,16,0,2048,0.30659765005111694,0.966,0.11731680617928505,0.3285081749781966,234752,235146,"[0.9897959183673469, 0.9400881057268723, 0.9699612403100775, 0.9831683168316832, 0.9786150712830958, 0.9383408071748879, 0.9864300626304802, 0.9455252918287937, 0.9661190965092402, 0.9643211100099108]","[0.9870903674280039, 0.9199272065514104, 0.9701789264413518, 0.9756335282651072, 0.9805327868852459, 0.9319955406911928, 0.9887410440122825, 0.9647058823529412, 0.9561224489795919, 0.9614624505928854]",batch,both
MNIST,small,43,10,all,all,mean_activation,baseline,,0.3,1,0.9799,0.9796,0.07274723302423954,0.06393041493222118,158500,0.32595068595680976,158220,0.3260121319520175,0.35283571702893823,21.6025390625,16,0,2048,0.3219778588972986,0.9796,0.06393041557110846,0.33444117195904255,234752,235146,"[0.9918367346938776, 0.9911894273127754, 0.9757751937984496, 0.9821782178217822, 0.9826883910386965, 0.9753363228699552, 0.9812108559498957, 0.9727626459143969, 0.971252566735113, 0.9702675916749257]","[0.9860973187686196, 0.9808917197452229, 0.9850894632206759, 0.9775828460038987, 0.9836065573770492, 0.9821627647714605, 0.9866939611054247, 0.9803921568627451, 0.9663265306122449, 0.9703557312252964]",batch,both
MNIST,small,43,10,all,all,mean_activation,baseline,,0.3,3,0.9804,0.9806,0.07219793424010276,0.062025113916955886,158500,0.32595068595680976,158220,0.3260121319520175,0.35283571702893823,21.6025390625,16,0,2048,0.32112980796955526,0.9806,0.062025114558450875,0.3190365988994017,234752,235146,"[0.9908163265306122, 0.9911894273127754, 0.9767441860465116, 0.9831683168316832, 0.9816700610997964, 0.9775784753363229, 0.9864300626304802, 0.9747081712062257, 0.9702258726899384, 0.9722497522299306]","[0.9831181727904668, 0.9845313921747043, 0.9860834990059643, 0.9766081871345029, 0.9836065573770492, 0.9810479375696767, 0.9887410440122825, 0.9823529411764705, 0.9663265306122449, 0.9713438735177866]",batch,both
MNIST,small,43,10,all,all,mean_activation,baseline,,0.3,5,0.9812,0.9808,0.06969995853155851,0.062349841334065424,158500,0.32595068595680976,158220,0.3260121319520175,0.35283571702893823,21.6025390625,16,0,2048,0.31272764794994146,0.9808,0.06234984007640742,0.3282978259958327,234752,235146,"[0.9918367346938776, 0.9911894273127754, 0.9825581395348837, 0.9831683168316832, 0.9796334012219959, 0.9775784753363229, 0.9843423799582464, 0.9776264591439688, 0.971252566735113, 0.9672943508424182]","[0.9851042701092354, 0.9845313921747043, 0.9880715705765407, 0.9805068226120858, 0.9825819672131147, 0.9821627647714605, 0.9866939611054247, 0.9833333333333333, 0.9683673469387755, 0.9703557312252964]",batch,both
MNIST,small,43,10,all,all,mean_activation,baseline,,0.4,0,0.9094,0.9055,0.22915773978233336,0.22134991519451142,133605,0.43182108137072284,133364,0.4318940839694656,0.35283571702893823,21.6025390625,16,0,2048,0.32138766103889793,0.9055,0.2213499310016632,0.3375317530008033,234752,235146,"[0.9908163265306122, 0.49251101321585905, 0.9554263565891473, 0.9742574257425742, 0.9735234215885947, 0.8946188340807175, 0.9812108559498957, 0.9328793774319066, 0.9743326488706365, 0.9444995044598612]","[0.9870903674280039, 0.5040946314831665, 0.9582504970178927, 0.9678362573099415, 0.9754098360655737, 0.8963210702341137, 0.984646878198567, 0.9519607843137254, 0.9612244897959183, 0.9466403162055336]",batch,both
MNIST,small,43,10,all,all,mean_activation,baseline,,0.4,1,0.9773,0.9784,0.08010301849544048,0.07273797703962773,133605,0.43182108137072284,133364,0.4318940839694656,0.35283571702893823,21.6025390625,16,0,2048,0.3285587050486356,0.9784,0.07273797447364777,0.3180090830428526,234752,235146,"[0.9928571428571429, 0.9938325991189427, 0.9748062015503876, 0.9772277227722772, 0.9806517311608961, 0.9753363228699552, 0.9843423799582464, 0.9698443579766537, 0.9671457905544147, 0.9663032705649157]","[0.9890764647467726, 0.9845313921747043, 0.9771371769383698, 0.9736842105263158, 0.9784836065573771, 0.979933110367893, 0.9877175025588536, 0.9784313725490196, 0.960204081632653, 0.9634387351778656]",batch,both
MNIST,small,43,10,all,all,mean_activation,baseline,,0.4,3,0.9785,0.979,0.07511362615376711,0.06808869454218075,133605,0.43182108137072284,133364,0.4318940839694656,0.35283571702893823,21.6025390625,16,0,2048,0.3183656489709392,0.979,0.06808869702620432,0.32534293993376195,234752,235146,"[0.9918367346938776, 0.9903083700440528, 0.9757751937984496, 0.9831683168316832, 0.9837067209775967, 0.9753363228699552, 0.9832985386221295, 0.9737354085603113, 0.9691991786447639, 0.9623389494549058]","[0.9880834160873883, 0.9854413102820746, 0.9821073558648111, 0.9756335282651072, 0.9805327868852459, 0.9810479375696767, 0.9856704196519959, 0.9823529411764705, 0.9653061224489796, 0.958498023715415]",batch,both
MNIST,small,43,10,all,all,mean_activation,baseline,,0.4,5,0.9786,0.9788,0.0713431917399168,0.06502385748745873,133605,0.43182108137072284,133364,0.4318940839694656,0.35283571702893823,21.6025390625,16,0,2048,0.31444380106404424,0.9788,0.06502385680349544,0.33800353796686977,234752,235146,"[0.9918367346938776, 0.9885462555066079, 0.9757751937984496, 0.9831683168316832, 0.9775967413441955, 0.9798206278026906, 0.9843423799582464, 0.9708171206225681, 0.9702258726899384, 0.9653121902874133]","[0.9860973187686196, 0.986351228389445, 0.9801192842942346, 0.9746588693957114, 0.9754098360655737, 0.9821627647714605, 0.9866939611054247, 0.9803921568627451, 0.9653061224489796, 0.9683794466403162]",batch,both
MNIST,small,43,10,all,all,mean_activation,baseline,,0.5,0,0.8753,0.8725,0.37068335089683535,0.366356431722641,109386,0.5348166670919343,109184,0.534896401308615,0.35283571702893823,21.6025390625,16,0,2048,0.3209996330551803,0.8725,0.3663564451694489,0.33164545299950987,234752,235146,"[0.9908163265306122, 0.31277533039647576, 0.9302325581395349, 0.9613861386138614, 0.984725050916497, 0.8374439461883408, 0.9801670146137788, 0.938715953307393, 0.9620123203285421, 0.9048562933597621]","[0.9851042701092354, 0.3293903548680619, 0.9363817097415507, 0.9532163742690059, 0.9795081967213115, 0.8383500557413601, 0.9856704196519959, 0.9529411764705882, 0.9520408163265306, 0.892292490118577]",batch,both
MNIST,small,43,10,all,all,mean_activation,baseline,,0.5,1,0.9719,0.9739,0.09631926648020744,0.08798455054163933,109386,0.5348166670919343,109184,0.534896401308615,0.35283571702893823,21.6025390625,16,0,2048,0.33269549801480025,0.9739,0.0879845526471734,0.3255341509357095,234752,235146,"[0.9908163265306122, 0.9885462555066079, 0.9680232558139535, 0.9702970297029703, 0.9735234215885947, 0.9652466367713004, 0.9791231732776617, 0.9717898832684825, 0.9681724845995893, 0.9613478691774033]","[0.9851042701092354, 0.9818016378525932, 0.9721669980119284, 0.9580896686159844, 0.9713114754098361, 0.967670011148272, 0.9866939611054247, 0.9813725490196078, 0.9540816326530612, 0.9594861660079052]",batch,both
MNIST,small,43,10,all,all,mean_activation,baseline,,0.5,3,0.9763,0.9769,0.0803989788711071,0.07443550185263156,109386,0.5348166670919343,109184,0.534896401308615,0.35283571702893823,21.6025390625,16,0,2048,0.31193984497804195,0.9769,0.07443550135046244,0.3196204759879038,234752,235146,"[0.9928571428571429, 0.9903083700440528, 0.9748062015503876, 0.9772277227722772, 0.9765784114052953, 0.9663677130044843, 0.9832985386221295, 0.9727626459143969, 0.9671457905544147, 0.9653121902874133]","[0.9890764647467726, 0.9836214740673339, 0.9811133200795229, 0.9668615984405458, 0.9805327868852459, 0.9687848383500557, 0.9877175025588536, 0.9813725490196078, 0.9591836734693877, 0.9634387351778656]",batch,both
MNIST,small,43,10,all,all,mean_activation,baseline,,0.5,5,0.9782,0.9779,0.07493620350956917,0.06877870289199055,109386,0.5348166670919343,109184,0.534896401308615,0.35283571702893823,21.6025390625,16,0,2048,0.3273171139881015,0.9779,0.06877870191447437,0.33198123099282384,234752,235146,"[0.9918367346938776, 0.9876651982378855, 0.9748062015503876, 0.9742574257425742, 0.9765784114052953, 0.976457399103139, 0.9832985386221295, 0.9785992217898832, 0.9691991786447639, 0.9653121902874133]","[0.9880834160873883, 0.9827115559599636, 0.9821073558648111, 0.9717348927875243, 0.9795081967213115, 0.9777034559643255, 0.9897645854657113, 0.9833333333333333, 0.9612244897959183, 0.9654150197628458]",batch,both
MNIST,small,43,10,all,all,mean_activation,baseline,,0.7,0,0.7039,0.6979,1.0382888074874879,1.047155213356018,63887,0.728309220654402,63761,0.7283899604689203,0.35283571702893823,21.6025390625,16,0,2048,0.3059340299805626,0.6979,1.0471552209854127,0.33264842303469777,234752,235146,"[0.8765306122448979, 0.000881057268722467, 0.6579457364341085, 0.7782178217821782, 0.9317718940936863, 0.4820627802690583, 0.9739039665970772, 0.5758754863813229, 0.9332648870636551, 0.867195242814668]","[0.8679245283018868, 0.0, 0.6958250497017893, 0.7719298245614035, 0.9364754098360656, 0.5117056856187291, 0.9825997952917093, 0.5401960784313725, 0.9510204081632653, 0.8468379446640316]",batch,both
MNIST,small,43,10,all,all,mean_activation,baseline,,0.7,1,0.9437,0.9441,0.2221548292160034,0.2148134167432785,63887,0.728309220654402,63761,0.7283899604689203,0.35283571702893823,21.6025390625,16,0,2048,0.31352955696638674,0.9441,0.2148134224653244,0.3230922439834103,234752,235146,"[0.9887755102040816, 0.9832599118942731, 0.9127906976744186, 0.9099009900990099, 0.9694501018329938, 0.9473094170403588, 0.9634655532359081, 0.9221789883268483, 0.9250513347022588, 0.9177403369672944]","[0.9781529294935452, 0.9672429481346679, 0.9244532803180915, 0.9025341130604289, 0.9713114754098361, 0.9531772575250836, 0.977482088024565, 0.9470588235294117, 0.8959183673469387, 0.9199604743083004]",batch,both
MNIST,small,43,10,all,all,mean_activation,baseline,,0.7,3,0.9572,0.9587,0.14737675142884255,0.14107404007613658,63887,0.728309220654402,63761,0.7283899604689203,0.35283571702893823,21.6025390625,16,0,2048,0.3144392960239202,0.9587,0.14107404157817363,0.3202685819705948,234752,235146,"[0.986734693877551, 0.9876651982378855, 0.9496124031007752, 0.9445544554455445, 0.9623217922606925, 0.9562780269058296, 0.9686847599164927, 0.9416342412451362, 0.9476386036960985, 0.9395441030723488]","[0.9781529294935452, 0.9763421292083713, 0.952286282306163, 0.9327485380116959, 0.9661885245901639, 0.959866220735786, 0.9815762538382804, 0.957843137254902, 0.9214285714285714, 0.9446640316205533]",batch,both
MNIST,small,43,10,all,all,mean_activation,baseline,,0.7,5,0.9612,0.964,0.1266038255393505,0.12099303858876229,63887,0.728309220654402,63761,0.7283899604689203,0.35283571702893823,21.6025390625,16,0,2048,0.32285295298788697,0.964,0.12099303906559944,0.3322046590037644,234752,235146,"[0.9908163265306122, 0.9876651982378855, 0.9525193798449613, 0.9524752475247524, 0.9643584521384929, 0.9630044843049327, 0.9676409185803758, 0.9601167315175098, 0.9527720739219713, 0.9464816650148662]","[0.9821251241310824, 0.9799818016378526, 0.9572564612326043, 0.9366471734892787, 0.9682377049180327, 0.9665551839464883, 0.9795291709314228, 0.9647058823529412, 0.9295918367346939, 0.9466403162055336]",batch,both
MNIST,small,43,10,a1,layerwise,mean_activation,baseline,,0.05,0,0.9784,0.9791,0.08044534997045993,0.07069444761457853,224190,0.04659232987165418,223808,0.04661941112322787,0.35283571702893823,21.6025390625,16,0,2048,0.3301897409837693,0.9791,0.07069444831642323,0.34403010504320264,234752,235146,"[0.9908163265306122, 0.9911894273127754, 0.9777131782945736, 0.9752475247524752, 0.9857433808553971, 0.9798206278026906, 0.9843423799582464, 0.9698443579766537, 0.9671457905544147, 0.9682854311199207]","[0.9900695134061569, 0.9854413102820746, 0.9811133200795229, 0.9727095516569201, 0.9836065573770492, 0.9810479375696767, 0.9887410440122825, 0.9803921568627451, 0.9581632653061225, 0.9624505928853755]",batch,both
MNIST,small,43,10,a1,layerwise,mean_activation,baseline,,0.05,1,0.9822,0.9814,0.06860226140990854,0.06234731005243957,224190,0.04659232987165418,223808,0.04661941112322787,0.35283571702893823,21.6025390625,16,0,2048,0.3354321930091828,0.9814,0.062347310334257784,0.3360485059674829,234752,235146,"[0.9908163265306122, 0.9929515418502203, 0.9806201550387597, 0.9782178217821782, 0.9826883910386965, 0.9831838565022422, 0.9822546972860126, 0.9795719844357976, 0.9691991786447639, 0.9732408325074331]","[0.9870903674280039, 0.9872611464968153, 0.9850894632206759, 0.9766081871345029, 0.9836065573770492, 0.9843924191750278, 0.9866939611054247, 0.9862745098039216, 0.9714285714285714, 0.9733201581027668]",batch,both
MNIST,small,43,10,a1,layerwise,mean_activation,baseline,,0.05,3,0.983,0.9814,0.06732167677655816,0.06438520068775105,224190,0.04659232987165418,223808,0.04661941112322787,0.35283571702893823,21.6025390625,16,0,2048,0.31169168394990265,0.9814,0.06438520161162305,0.3145521989790723,234752,235146,"[0.9908163265306122, 0.9929515418502203, 0.9825581395348837, 0.9762376237623762, 0.9775967413441955, 0.9798206278026906, 0.9832985386221295, 0.9795719844357976, 0.9681724845995893, 0.981169474727453]","[0.9860973187686196, 0.986351228389445, 0.9860834990059643, 0.9814814814814815, 0.9836065573770492, 0.9821627647714605, 0.9856704196519959, 0.9862745098039216, 0.9704081632653061, 0.9812252964426877]",batch,both
MNIST,small,43,10,a1,layerwise,mean_activation,baseline,,0.05,5,0.9831,0.9819,0.06743412103503943,0.06340673724511435,224190,0.04659232987165418,223808,0.04661941112322787,0.35283571702893823,21.6025390625,16,0,2048,0.3355547341052443,0.9819,0.0634067366401272,0.3169266990153119,234752,235146,"[0.9918367346938776, 0.9920704845814978, 0.9825581395348837, 0.9831683168316832, 0.9765784114052953, 0.9820627802690582, 0.9812108559498957, 0.9785992217898832, 0.971252566735113, 0.9781962338949455]","[0.9860973187686196, 0.986351228389445, 0.9831013916500994, 0.9844054580896686, 0.9836065573770492, 0.9832775919732442, 0.984646878198567, 0.9882352941176471, 0.9693877551020408, 0.9812252964426877]",batch,both
MNIST,small,43,10,a1,layerwise,mean_activation,baseline,,0.1,0,0.9779,0.9783,0.08361877829432487,0.07340506896669977,212321,0.09706735389927956,211952,0.09712377317339149,0.35283571702893823,21.6025390625,16,0,2048,0.3123918620403856,0.9783,0.07340507062668912,0.32008030300494283,234752,235146,"[0.9908163265306122, 0.9885462555066079, 0.9757751937984496, 0.9762376237623762, 0.984725050916497, 0.9786995515695067, 0.9843423799582464, 0.9669260700389105, 0.9681724845995893, 0.9682854311199207]","[0.9900695134061569, 0.9827115559599636, 0.9811133200795229, 0.9707602339181286, 0.9846311475409836, 0.9788182831661093, 0.9887410440122825, 0.9784313725490196, 0.9622448979591837, 0.9614624505928854]",batch,both
MNIST,small,43,10,a1,layerwise,mean_activation,baseline,,0.1,1,0.9827,0.9807,0.06782755366340279,0.0626253293197311,212321,0.09706735389927956,211952,0.09712377317339149,0.35283571702893823,21.6025390625,16,0,2048,0.3214169720886275,0.9807,0.06262533047233591,0.31124292395543307,234752,235146,"[0.9928571428571429, 0.9929515418502203, 0.9767441860465116, 0.9782178217821782, 0.9806517311608961, 0.9798206278026906, 0.9832985386221295, 0.9776264591439688, 0.9722792607802875, 0.9712586719524281]","[0.9890764647467726, 0.9872611464968153, 0.9860834990059643, 0.9824561403508771, 0.9825819672131147, 0.979933110367893, 0.9856704196519959, 0.9882352941176471, 0.9693877551020408, 0.9752964426877471]",batch,both
MNIST,small,43,10,a1,layerwise,mean_activation,baseline,,0.1,3,0.9826,0.9818,0.06874329798594117,0.06306453457252355,212321,0.09706735389927956,211952,0.09712377317339149,0.35283571702893823,21.6025390625,16,0,2048,0.3133430409943685,0.9818,0.06306453547180862,0.31936840899288654,234752,235146,"[0.9908163265306122, 0.9929515418502203, 0.9806201550387597, 0.9821782178217822, 0.9837067209775967, 0.9820627802690582, 0.9843423799582464, 0.980544747081712, 0.971252566735113, 0.9682854311199207]","[0.9870903674280039, 0.986351228389445, 0.9840954274353877, 0.9814814814814815, 0.9877049180327869, 0.9832775919732442, 0.9877175025588536, 0.9882352941176471, 0.9683673469387755, 0.9713438735177866]",batch,both
MNIST,small,43,10,a1,layerwise,mean_activation,baseline,,0.1,5,0.9826,0.9817,0.06910046267360449,0.06491310785872628,212321,0.09706735389927956,211952,0.09712377317339149,0.35283571702893823,21.6025390625,16,0,2048,0.3164635179564357,0.9817,0.06491310812694719,0.3214441140880808,234752,235146,"[0.9918367346938776, 0.9920704845814978, 0.9806201550387597, 0.9782178217821782, 0.9775967413441955, 0.9786995515695067, 0.9843423799582464, 0.9795719844357976, 0.9722792607802875, 0.9801783944499505]","[0.9880834160873883, 0.9872611464968153, 0.9860834990059643, 0.9775828460038987, 0.9825819672131147, 0.9810479375696767, 0.9856704196519959, 0.9862745098039216, 0.9693877551020408, 0.9812252964426877]",batch,both
MNIST,small,43,10,a1,layerwise,mean_activation,baseline,,0.2,0,0.9738,0.9765,0.09565841032862664,0.08220238082520663,188583,0.19801740195453033,188240,0.19813249727371862,0.35283571702893823,21.6025390625,16,0,2048,0.3174752549966797,0.9765,0.08220237704925239,0.3190719539998099,234752,235146,"[0.9897959183673469, 0.9779735682819384, 0.9748062015503876, 0.9752475247524752, 0.9826883910386965, 0.976457399103139, 0.9853862212943633, 0.9610894941634242, 0.9691991786447639, 0.9732408325074331]","[0.9910625620655412, 0.9626933575978162, 0.9791252485089463, 0.969785575048733, 0.9846311475409836, 0.9665551839464883, 0.9897645854657113, 0.9754901960784313, 0.9591836734693877, 0.9604743083003953]",batch,both
MNIST,small,43,10,a1,layerwise,mean_activation,baseline,,0.2,1,0.982,0.9812,0.07065888220071792,0.0634752045954694,188583,0.19801740195453033,188240,0.19813249727371862,0.35283571702893823,21.6025390625,16,0,2048,0.31368598400149494,0.9812,0.06347520564339357,0.3287092410027981,234752,235146,"[0.9918367346938776, 0.9938325991189427, 0.9786821705426356, 0.9782178217821782, 0.9806517311608961, 0.9798206278026906, 0.9843423799582464, 0.9766536964980544, 0.971252566735113, 0.9752229930624381]","[0.9880834160873883, 0.9854413102820746, 0.9870775347912525, 0.9766081871345029, 0.9836065573770492, 0.9832775919732442, 0.9866939611054247, 0.984313725490196, 0.9683673469387755, 0.9762845849802372]",batch,both
MNIST,small,43,10,a1,layerwise,mean_activation,baseline,,0.2,3,0.9825,0.9813,0.06954113432168961,0.06329919009670848,188583,0.19801740195453033,188240,0.19813249727371862,0.35283571702893823,21.6025390625,16,0,2048,0.3200322629418224,0.9813,0.06329919138714904,0.33935950207524,234752,235146,"[0.9918367346938776, 0.9920704845814978, 0.9806201550387597, 0.9801980198019802, 0.9806517311608961, 0.9798206278026906, 0.9843423799582464, 0.97568093385214, 0.9722792607802875, 0.9742319127849356]","[0.9870903674280039, 0.986351228389445, 0.9860834990059643, 0.9785575048732943, 0.985655737704918, 0.9866220735785953, 0.9856704196519959, 0.9823529411764705, 0.9683673469387755, 0.9782608695652174]",batch,both
MNIST,small,43,10,a1,layerwise,mean_activation,baseline,,0.2,5,0.9819,0.9822,0.07116086954474449,0.0642824631429452,188583,0.19801740195453033,188240,0.19813249727371862,0.35283571702893823,21.6025390625,16,0,2048,0.3208086739759892,0.9822,0.06428245969556155,0.32801767194177955,234752,235146,"[0.9928571428571429, 0.9938325991189427, 0.9777131782945736, 0.9811881188118812, 0.9786150712830958, 0.9809417040358744, 0.9812108559498957, 0.9815175097276264, 0.9743326488706365, 0.9781962338949455]","[0.9870903674280039, 0.9872611464968153, 0.9831013916500994, 0.9805068226120858, 0.9836065573770492, 0.9866220735785953, 0.9866939611054247, 0.9852941176470589, 0.9612244897959183, 0.9772727272727273]",batch,both
MNIST,small,43,10,a1,layerwise,mean_activation,baseline,,0.3,0,0.967,0.9711,0.11525639241933823,0.09778624972254038,165758,0.29508475585381,165440,0.2952562704471101,0.35283571702893823,21.6025390625,16,0,2048,0.32014881004579365,0.9711,0.09778625203371048,0.32717031496576965,234752,235146,"[0.9897959183673469, 0.9559471365638766, 0.9680232558139535, 0.9653465346534653, 0.9765784114052953, 0.968609865470852, 0.9843423799582464, 0.9562256809338522, 0.971252566735113, 0.9781962338949455]","[0.9890764647467726, 0.9372156505914467, 0.9681908548707754, 0.9590643274853801, 0.9805327868852459, 0.9576365663322185, 0.9877175025588536, 0.9696078431372549, 0.9622448979591837, 0.9614624505928854]",batch,both
MNIST,small,43,10,a1,layerwise,mean_activation,baseline,,0.3,1,0.9797,0.9798,0.07430767273902893,0.06649920744542033,165758,0.29508475585381,165440,0.2952562704471101,0.35283571702893823,21.6025390625,16,0,2048,0.3357526910258457,0.9798,0.06649920801613479,0.3288231040351093,234752,235146,"[0.9908163265306122, 0.9920704845814978, 0.9748062015503876, 0.9841584158415841, 0.9826883910386965, 0.9742152466367713, 0.9853862212943633, 0.9717898832684825, 0.971252566735113, 0.9692765113974232]","[0.9880834160873883, 0.986351228389445, 0.9801192842942346, 0.9766081871345029, 0.9836065573770492, 0.9754738015607581, 0.9877175025588536, 0.9813725490196078, 0.9642857142857143, 0.9723320158102767]",batch,both
MNIST,small,43,10,a1,layerwise,mean_activation,baseline,,0.3,3,0.9816,0.9809,0.06996061378717422,0.06367411952000111,165758,0.29508475585381,165440,0.2952562704471101,0.35283571702893823,21.6025390625,16,0,2048,0.3174319650279358,0.9809,0.0636741201164201,0.31790847796946764,234752,235146,"[0.9897959183673469, 0.9920704845814978, 0.9796511627906976, 0.9851485148514851, 0.9816700610997964, 0.9753363228699552, 0.9832985386221295, 0.9785992217898832, 0.973305954825462, 0.9682854311199207]","[0.9880834160873883, 0.9872611464968153, 0.9850894632206759, 0.9814814814814815, 0.9825819672131147, 0.9765886287625418, 0.9877175025588536, 0.984313725490196, 0.9683673469387755, 0.9733201581027668]",batch,both
MNIST,small,43,10,a1,layerwise,mean_activation,baseline,,0.3,5,0.9819,0.9809,0.0683801177792251,0.06217818308910355,165758,0.29508475585381,165440,0.2952562704471101,0.35283571702893823,21.6025390625,16,0,2048,0.3166790889808908,0.9809,0.062178182373475284,0.32492999196983874,234752,235146,"[0.9908163265306122, 0.9920704845814978, 0.9806201550387597, 0.9821782178217822, 0.9826883910386965, 0.9742152466367713, 0.9822546972860126, 0.9815175097276264, 0.9691991786447639, 0.9712586719524281]","[0.9900695134061569, 0.9854413102820746, 0.9870775347912525, 0.9814814814814815, 0.9846311475409836, 0.9788182831661093, 0.984646878198567, 0.984313725490196, 0.9673469387755103, 0.974308300395257]",batch,both
MNIST,small,43,10,a1,layerwise,mean_activation,baseline,,0.4,0,0.934,0.9359,0.18036442197561264,0.16504410098195077,142020,0.39603480390906076,141728,0.39626499454743724,0.35283571702893823,21.6025390625,16,0,2048,0.31809762597549707,0.9359,0.16504411791563034,0.3239311520010233,234752,235146,"[0.9918367346938776, 0.7092511013215859, 0.9583333333333334, 0.9534653465346534, 0.9735234215885947, 0.9562780269058296, 0.9832985386221295, 0.9348249027237354, 0.9743326488706365, 0.9603567888999008]","[0.9870903674280039, 0.6906278434940856, 0.9622266401590457, 0.9454191033138402, 0.9702868852459017, 0.9442586399108138, 0.9897645854657113, 0.9568627450980393, 0.9673469387755103, 0.9525691699604744]",batch,both
MNIST,small,43,10,a1,layerwise,mean_activation,baseline,,0.4,1,0.9773,0.9788,0.07665648981183767,0.06673140547149814,142020,0.39603480390906076,141728,0.39626499454743724,0.35283571702893823,21.6025390625,16,0,2048,0.31553783803246915,0.9788,0.06673140361481346,0.3459041630849242,234752,235146,"[0.9918367346938776, 0.9929515418502203, 0.9738372093023255, 0.9752475247524752, 0.9786150712830958, 0.9786995515695067, 0.9832985386221295, 0.9727626459143969, 0.9691991786447639, 0.9702675916749257]","[0.9880834160873883, 0.9836214740673339, 0.974155069582505, 0.9678362573099415, 0.9764344262295082, 0.9832775919732442, 0.9877175025588536, 0.9833333333333333, 0.9642857142857143, 0.9644268774703557]",batch,both
MNIST,small,43,10,a1,layerwise,mean_activation,baseline,,0.4,3,0.9793,0.9807,0.07175721123963595,0.06368491032198072,142020,0.39603480390906076,141728,0.39626499454743724,0.35283571702893823,21.6025390625,16,0,2048,0.33136230905074626,0.9807,0.06368490914180874,0.32057968399021775,234752,235146,"[0.9908163265306122, 0.9938325991189427, 0.9777131782945736, 0.9811881188118812, 0.9796334012219959, 0.9798206278026906, 0.9832985386221295, 0.97568093385214, 0.9691991786447639, 0.9742319127849356]","[0.9900695134061569, 0.9845313921747043, 0.9831013916500994, 0.9746588693957114, 0.9805327868852459, 0.979933110367893, 0.9836233367451381, 0.9823529411764705, 0.963265306122449, 0.9703557312252964]",batch,both
MNIST,small,43,10,a1,layerwise,mean_activation,baseline,,0.4,5,0.9802,0.9805,0.06965015051811933,0.062380194696132096,142020,0.39603480390906076,141728,0.39626499454743724,0.35283571702893823,21.6025390625,16,0,2048,0.3401340330019593,0.9805,0.06238019708106294,0.33503723004832864,234752,235146,"[0.9908163265306122, 0.9894273127753304, 0.9767441860465116, 0.9772277227722772, 0.9765784114052953, 0.984304932735426, 0.9843423799582464, 0.9776264591439688, 0.9722792607802875, 0.9752229930624381]","[0.9870903674280039, 0.9854413102820746, 0.9840954274353877, 0.9727095516569201, 0.9784836065573771, 0.9810479375696767, 0.9866939611054247, 0.9823529411764705, 0.9693877551020408, 0.974308300395257]",batch,both
MNIST,small,43,10,a1,layerwise,mean_activation,baseline,,0.5,0,0.894,0.8897,0.2864126674890518,0.277156093454361,118282,0.4969848519643115,118016,0.4972737186477645,0.35283571702893823,21.6025390625,16,0,2048,0.31801878998521715,0.8897,0.27715610604286195,0.338282395969145,234752,235146,"[0.9877551020408163, 0.38678414096916297, 0.9447674418604651, 0.900990099009901, 0.9765784114052953, 0.9473094170403588, 0.9801670146137788, 0.9357976653696498, 0.9743326488706365, 0.9425173439048563]","[0.9870903674280039, 0.40036396724294815, 0.9512922465208747, 0.9083820662768031, 0.9702868852459017, 0.9409141583054627, 0.9866939611054247, 0.9549019607843138, 0.9663265306122449, 0.9298418972332015]",batch,both
MNIST,small,43,10,a1,layerwise,mean_activation,baseline,,0.5,1,0.9762,0.9767,0.08285817642509938,0.07128741378337144,118282,0.4969848519643115,118016,0.4972737186477645,0.35283571702893823,21.6025390625,16,0,2048,0.31391967297531664,0.9767,0.07128741219192743,0.34288656001444906,234752,235146,"[0.9877551020408163, 0.9894273127753304, 0.9786821705426356, 0.9722772277227723, 0.9775967413441955, 0.9674887892376681, 0.9832985386221295, 0.9698443579766537, 0.9691991786447639, 0.9692765113974232]","[0.9870903674280039, 0.9836214740673339, 0.9761431411530815, 0.9717348927875243, 0.9723360655737705, 0.9765886287625418, 0.9877175025588536, 0.9813725490196078, 0.9581632653061225, 0.9664031620553359]",batch,both
MNIST,small,43,10,a1,layerwise,mean_activation,baseline,,0.5,3,0.9788,0.9798,0.0748969096146524,0.0651748851723969,118282,0.4969848519643115,118016,0.4972737186477645,0.35283571702893823,21.6025390625,16,0,2048,0.3251627760473639,0.9798,0.06517488410398364,0.3088919509900734,234752,235146,"[0.9918367346938776, 0.9894273127753304, 0.9796511627906976, 0.9792079207920792, 0.9745417515274949, 0.9730941704035875, 0.9812108559498957, 0.9824902723735408, 0.971252566735113, 0.9732408325074331]","[0.9890764647467726, 0.986351228389445, 0.9821073558648111, 0.9707602339181286, 0.9743852459016393, 0.9788182831661093, 0.9866939611054247, 0.9833333333333333, 0.9642857142857143, 0.9713438735177866]",batch,both
MNIST,small,43,10,a1,layerwise,mean_activation,baseline,,0.5,5,0.9789,0.981,0.07264968644976616,0.06334198644459248,118282,0.4969848519643115,118016,0.4972737186477645,0.35283571702893823,21.6025390625,16,0,2048,0.308932579937391,0.981,0.06334198833405971,0.3288879710016772,234752,235146,"[0.9918367346938776, 0.9929515418502203, 0.9796511627906976, 0.9801980198019802, 0.9775967413441955, 0.9786995515695067, 0.9853862212943633, 0.9766536964980544, 0.971252566735113, 0.9742319127849356]","[0.9880834160873883, 0.9872611464968153, 0.9840954274353877, 0.9717348927875243, 0.9754098360655737, 0.9810479375696767, 0.9877175025588536, 0.9794117647058823, 0.9622448979591837, 0.9713438735177866]",batch,both
MNIST,small,43,10,a1,layerwise,mean_activation,baseline,,0.7,0,0.7907,0.7792,0.6665216973304748,0.6928498513698578,71719,0.6950022539188419,71504,0.6954062159214831,0.35283571702893823,21.6025390625,16,0,2048,0.33026206004433334,0.7792,0.6928498933792114,0.31376362196169794,234752,235146,"[0.9857142857142858, 0.000881057268722467, 0.7538759689922481, 0.8158415841584158, 0.9694501018329938, 0.8340807174887892, 0.9613778705636743, 0.7013618677042801, 0.9804928131416838, 0.9217046580773043]","[0.9821251241310824, 0.0, 0.8011928429423459, 0.817738791423002, 0.9692622950819673, 0.8260869565217391, 0.9692937563971341, 0.7313725490196078, 0.9734693877551021, 0.9278656126482213]",batch,both
MNIST,small,43,10,a1,layerwise,mean_activation,baseline,,0.7,1,0.9619,0.9619,0.1235073713183403,0.12299354484081268,71719,0.6950022539188419,71504,0.6954062159214831,0.35283571702893823,21.6025390625,16,0,2048,0.33036623196676373,0.9619,0.12299354302287102,0.3226437750272453,234752,235146,"[0.9887755102040816, 0.986784140969163, 0.9428294573643411, 0.9514851485148514, 0.9704684317718941, 0.952914798206278, 0.9686847599164927, 0.9494163424124513, 0.9589322381930184, 0.9464816650148662]","[0.9851042701092354, 0.9736123748862603, 0.9502982107355865, 0.9473684210526315, 0.9733606557377049, 0.9587513935340022, 0.9805527123848515, 0.9627450980392157, 0.9357142857142857, 0.950592885375494]",batch,both
MNIST,small,43,10,a1,layerwise,mean_activation,baseline,,0.7,3,0.9706,0.9699,0.09825810377001762,0.09676273610144853,71719,0.6950022539188419,71504,0.6954062159214831,0.35283571702893823,21.6025390625,16,0,2048,0.32488905102945864,0.9699,0.09676273539215326,0.3225664710626006,234752,235146,"[0.9908163265306122, 0.9876651982378855, 0.9593023255813954, 0.9653465346534653, 0.9704684317718941, 0.9573991031390134, 0.9728601252609603, 0.9659533073929961, 0.9630390143737166, 0.9633300297324083]","[0.9870903674280039, 0.9763421292083713, 0.967196819085487, 0.9629629629629629, 0.9702868852459017, 0.9643255295429208, 0.9866939611054247, 0.9754901960784313, 0.9469387755102041, 0.967391304347826]",batch,both
MNIST,small,43,10,a1,layerwise,mean_activation,baseline,,0.7,5,0.9727,0.9716,0.09121272552609444,0.09080349488407373,71719,0.6950022539188419,71504,0.6954062159214831,0.35283571702893823,21.6025390625,16,0,2048,0.30780260206665844,0.9716,0.09080349431782961,0.31898598198313266,234752,235146,"[0.9908163265306122, 0.9876651982378855, 0.9689922480620154, 0.9702970297029703, 0.9755600814663951, 0.9562780269058296, 0.9718162839248434, 0.9669260700389105, 0.9599589322381931, 0.9643211100099108]","[0.9880834160873883, 0.9790718835304822, 0.9771371769383698, 0.9658869395711501, 0.9795081967213115, 0.9609810479375697, 0.9825997952917093, 0.9725490196078431, 0.9510204081632653, 0.9683794466403162]",batch,both
MNIST,small,43,10,a2,layerwise,mean_activation,baseline,,0.05,0,0.9786,0.9791,0.07923265926539898,0.06977190629749093,233544,0.006812788650455426,233156,0.006798664122137366,0.35283571702893823,21.6025390625,16,0,2048,0.3302014039363712,0.9791,0.06977190720310901,0.36048392101656646,234752,235146,"[0.9908163265306122, 0.9911894273127754, 0.9777131782945736, 0.9752475247524752, 0.984725050916497, 0.9798206278026906, 0.9843423799582464, 0.9688715953307393, 0.9681724845995893, 0.9692765113974232]","[0.9900695134061569, 0.986351228389445, 0.9811133200795229, 0.9746588693957114, 0.9846311475409836, 0.9765886287625418, 0.9887410440122825, 0.9803921568627451, 0.9581632653061225, 0.9644268774703557]",batch,both
MNIST,small,43,10,a2,layerwise,mean_activation,baseline,,0.05,1,0.9828,0.9812,0.06772671981528401,0.0626121043946594,233544,0.006812788650455426,233156,0.006798664122137366,0.35283571702893823,21.6025390625,16,0,2048,0.3216780780348927,0.9812,0.06261210329271853,0.31879367399960756,234752,235146,"[0.9928571428571429, 0.9920704845814978, 0.9815891472868217, 0.9801980198019802, 0.9796334012219959, 0.9809417040358744, 0.9822546972860126, 0.9776264591439688, 0.971252566735113, 0.9722497522299306]","[0.9890764647467726, 0.9845313921747043, 0.9850894632206759, 0.9834307992202729, 0.9836065573770492, 0.9843924191750278, 0.984646878198567, 0.9862745098039216, 0.9673469387755103, 0.9792490118577075]",batch,both
MNIST,small,43,10,a2,layerwise,mean_activation,baseline,,0.05,3,0.9838,0.9819,0.06650914993956684,0.06219880642875796,233544,0.006812788650455426,233156,0.006798664122137366,0.35283571702893823,21.6025390625,16,0,2048,0.3187301369616762,0.9819,0.06219880753740435,0.31529181299265474,234752,235146,"[0.9908163265306122, 0.9929515418502203, 0.9825581395348837, 0.9792079207920792, 0.9806517311608961, 0.9809417040358744, 0.9812108559498957, 0.9785992217898832, 0.9743326488706365, 0.9762140733399405]","[0.9890764647467726, 0.989080982711556, 0.9870775347912525, 0.9824561403508771, 0.9846311475409836, 0.9843924191750278, 0.9856704196519959, 0.9872549019607844, 0.9683673469387755, 0.9792490118577075]",batch,both
MNIST,small,43,10,a2,layerwise,mean_activation,baseline,,0.05,5,0.9823,0.9817,0.06818167814575135,0.06400409018687206,233544,0.006812788650455426,233156,0.006798664122137366,0.35283571702893823,21.6025390625,16,0,2048,0.30921041301917285,0.9817,0.06400409051451134,0.3122056679567322,234752,235146,"[0.9908163265306122, 0.9920704845814978, 0.9825581395348837, 0.9772277227722772, 0.9796334012219959, 0.9820627802690582, 0.9843423799582464, 0.9766536964980544, 0.9753593429158111, 0.9752229930624381]","[0.9851042701092354, 0.9872611464968153, 0.9860834990059643, 0.9766081871345029, 0.9846311475409836, 0.9855072463768116, 0.9887410440122825, 0.984313725490196, 0.9693877551020408, 0.9752964426877471]",batch,both
MNIST,small,43,10,a2,layerwise,mean_activation,baseline,,0.1,0,0.978,0.9788,0.08072640995383262,0.07076900454573333,231942,0.013625577300910963,231560,0.013597328244274842,0.35283571702893823,21.6025390625,16,0,2048,0.319543699035421,0.9788,0.0707690049674362,0.321562918019481,234752,235146,"[0.9908163265306122, 0.9894273127753304, 0.9777131782945736, 0.9762376237623762, 0.9857433808553971, 0.9798206278026906, 0.9864300626304802, 0.9659533073929961, 0.9661190965092402, 0.9692765113974232]","[0.9900695134061569, 0.9818016378525932, 0.9811133200795229, 0.9766081871345029, 0.9846311475409836, 0.9788182831661093, 0.9887410440122825, 0.9803921568627451, 0.9530612244897959, 0.9644268774703557]",batch,both
MNIST,small,43,10,a2,layerwise,mean_activation,baseline,,0.1,1,0.9819,0.9812,0.06917790200859308,0.06205758892283775,231942,0.013625577300910963,231560,0.013597328244274842,0.35283571702893823,21.6025390625,16,0,2048,0.318800890003331,0.9812,0.06205758839645423,0.34721634606830776,234752,235146,"[0.9908163265306122, 0.9938325991189427, 0.9815891472868217, 0.9782178217821782, 0.9796334012219959, 0.9820627802690582, 0.9832985386221295, 0.980544747081712, 0.971252566735113, 0.9692765113974232]","[0.9880834160873883, 0.9854413102820746, 0.9860834990059643, 0.9805068226120858, 0.9836065573770492, 0.9821627647714605, 0.9866939611054247, 0.9862745098039216, 0.9673469387755103, 0.9723320158102767]",batch,both
MNIST,small,43,10,a2,layerwise,mean_activation,baseline,,0.1,3,0.9839,0.9812,0.06735334437340498,0.06297974450408364,231942,0.013625577300910963,231560,0.013597328244274842,0.35283571702893823,21.6025390625,16,0,2048,0.3098558500641957,0.9812,0.06297974431679468,0.3145896859932691,234752,235146,"[0.9918367346938776, 0.9920704845814978, 0.9815891472868217, 0.9782178217821782, 0.9786150712830958, 0.9798206278026906, 0.9832985386221295, 0.9785992217898832, 0.9691991786447639, 0.977205153617443]","[0.9930486593843099, 0.989080982711556, 0.9840954274353877, 0.9805068226120858, 0.985655737704918, 0.9855072463768116, 0.9856704196519959, 0.9862745098039216, 0.9714285714285714, 0.9772727272727273]",batch,both
MNIST,small,43,10,a2,layerwise,mean_activation,baseline,,0.1,5,0.982,0.9823,0.0692143019028008,0.06154644162295153,231942,0.013625577300910963,231560,0.013597328244274842,0.35283571702893823,21.6025390625,16,0,2048,0.32665971491951495,0.9823,0.061546441156917715,0.3348906049504876,234752,235146,"[0.9908163265306122, 0.9929515418502203, 0.9854651162790697, 0.9762376237623762, 0.9816700610997964, 0.9854260089686099, 0.9843423799582464, 0.980544747081712, 0.973305954825462, 0.9712586719524281]","[0.9841112214498511, 0.9872611464968153, 0.9860834990059643, 0.9756335282651072, 0.9846311475409836, 0.9866220735785953, 0.9866939611054247, 0.9852941176470589, 0.9683673469387755, 0.9752964426877471]",batch,both
MNIST,small,43,10,a2,layerwise,mean_activation,baseline,,0.2,0,0.9777,0.9778,0.08022318570315838,0.07129533680994063,228471,0.028386619376897793,228102,0.028327767175572505,0.35283571702893823,21.6025390625,16,0,2048,0.32817563600838184,0.9778,0.07129533536750823,0.32101413095369935,234752,235146,"[0.9897959183673469, 0.9920704845814978, 0.9786821705426356, 0.9811881188118812, 0.9857433808553971, 0.9742152466367713, 0.9853862212943633, 0.9649805447470817, 0.9640657084188912, 0.9603567888999008]","[0.9890764647467726, 0.9854413102820746, 0.9821073558648111, 0.9814814814814815, 0.985655737704918, 0.9754738015607581, 0.9928352098259979, 0.9803921568627451, 0.9448979591836735, 0.958498023715415]",batch,both
MNIST,small,43,10,a2,layerwise,mean_activation,baseline,,0.2,1,0.9819,0.9815,0.06743706158399582,0.06103388557177968,228471,0.028386619376897793,228102,0.028327767175572505,0.35283571702893823,21.6025390625,16,0,2048,0.33543925592675805,0.9815,0.06103388392371126,0.32600716105662286,234752,235146,"[0.9908163265306122, 0.9929515418502203, 0.9825581395348837, 0.9821782178217822, 0.9837067209775967, 0.9775784753363229, 0.9832985386221295, 0.9795719844357976, 0.973305954825462, 0.9672943508424182]","[0.9841112214498511, 0.9872611464968153, 0.9870775347912525, 0.97953216374269, 0.9866803278688525, 0.9777034559643255, 0.9897645854657113, 0.9862745098039216, 0.9683673469387755, 0.9713438735177866]",batch,both
MNIST,small,43,10,a2,layerwise,mean_activation,baseline,,0.2,3,0.9825,0.9815,0.06617768316790462,0.06128514043341857,228471,0.028386619376897793,228102,0.028327767175572505,0.35283571702893823,21.6025390625,16,0,2048,0.3210945900063962,0.9815,0.06128513967047911,0.33413228299468756,234752,235146,"[0.9918367346938776, 0.9929515418502203, 0.9806201550387597, 0.9801980198019802, 0.9816700610997964, 0.9809417040358744, 0.9770354906054279, 0.9776264591439688, 0.973305954825462, 0.977205153617443]","[0.9851042701092354, 0.986351228389445, 0.9860834990059643, 0.9805068226120858, 0.985655737704918, 0.9832775919732442, 0.9856704196519959, 0.984313725490196, 0.9693877551020408, 0.9782608695652174]",batch,both
MNIST,small,43,10,a2,layerwise,mean_activation,baseline,,0.2,5,0.9835,0.9822,0.06476903078071773,0.06135042644344503,228471,0.028386619376897793,228102,0.028327767175572505,0.35283571702893823,21.6025390625,16,0,2048,0.31445462605915964,0.9822,0.06135042584143812,0.32207302597817034,234752,235146,"[0.9908163265306122, 0.9911894273127754, 0.9806201550387597, 0.9841584158415841, 0.9816700610997964, 0.9831838565022422, 0.9864300626304802, 0.9776264591439688, 0.9722792607802875, 0.9732408325074331]","[0.9860973187686196, 0.989080982711556, 0.9831013916500994, 0.9824561403508771, 0.9846311475409836, 0.9855072463768116, 0.9897645854657113, 0.9852941176470589, 0.9724489795918367, 0.9762845849802372]",batch,both
MNIST,small,43,10,a2,layerwise,mean_activation,baseline,,0.3,0,0.9766,0.9772,0.08278245774507523,0.07488105816543102,225000,0.04314766145288462,224644,0.04305820610687028,0.35283571702893823,21.6025390625,16,0,2048,0.31025217403657734,0.9772,0.07488105617463589,0.31047752092126757,234752,235146,"[0.9908163265306122, 0.9894273127753304, 0.9806201550387597, 0.9871287128712871, 0.984725050916497, 0.9652466367713004, 0.9853862212943633, 0.9620622568093385, 0.9671457905544147, 0.9573835480673935]","[0.9890764647467726, 0.9790718835304822, 0.9840954274353877, 0.9834307992202729, 0.9825819672131147, 0.9643255295429208, 0.9918116683725691, 0.9735294117647059, 0.9571428571428572, 0.9594861660079052]",batch,both
MNIST,small,43,10,a2,layerwise,mean_activation,baseline,,0.3,1,0.9811,0.9814,0.0672741231277585,0.061226230419927745,225000,0.04314766145288462,224644,0.04305820610687028,0.35283571702893823,21.6025390625,16,0,2048,0.3119361790595576,0.9814,0.061226229420804884,0.3201066110050306,234752,235146,"[0.9918367346938776, 0.9938325991189427, 0.9806201550387597, 0.9742574257425742, 0.9806517311608961, 0.9865470852017937, 0.9832985386221295, 0.9776264591439688, 0.9702258726899384, 0.9742319127849356]","[0.9890764647467726, 0.9872611464968153, 0.9821073558648111, 0.9668615984405458, 0.9836065573770492, 0.9855072463768116, 0.9877175025588536, 0.9852941176470589, 0.9693877551020408, 0.974308300395257]",batch,both
MNIST,small,43,10,a2,layerwise,mean_activation,baseline,,0.3,3,0.982,0.9809,0.0658845083989203,0.06164985696853837,225000,0.04314766145288462,224644,0.04305820610687028,0.35283571702893823,21.6025390625,16,0,2048,0.3205665450077504,0.9809,0.06164985712351045,0.3148238330613822,234752,235146,"[0.9918367346938776, 0.9938325991189427, 0.9757751937984496, 0.9762376237623762, 0.9796334012219959, 0.984304932735426, 0.9832985386221295, 0.9795719844357976, 0.9691991786447639, 0.9742319127849356]","[0.9900695134061569, 0.9881710646041856, 0.9791252485089463, 0.9756335282651072, 0.9846311475409836, 0.987736900780379, 0.9856704196519959, 0.9862745098039216, 0.9704081632653061, 0.9723320158102767]",batch,both
MNIST,small,43,10,a2,layerwise,mean_activation,baseline,,0.3,5,0.9822,0.9816,0.06607864266484975,0.06308296931981458,225000,0.04314766145288462,224644,0.04305820610687028,0.35283571702893823,21.6025390625,16,0,2048,0.3168792669894174,0.9816,0.0630829668253602,0.3436712429393083,234752,235146,"[0.9918367346938776, 0.9920704845814978, 0.9815891472868217, 0.9792079207920792, 0.9796334012219959, 0.9798206278026906, 0.9853862212943633, 0.9795719844357976, 0.971252566735113, 0.9742319127849356]","[0.9880834160873883, 0.9845313921747043, 0.9821073558648111, 0.9775828460038987, 0.985655737704918, 0.9821627647714605, 0.9866939611054247, 0.9862745098039216, 0.9744897959183674, 0.974308300395257]",batch,both
MNIST,small,43,10,a2,layerwise,mean_activation,baseline,,0.4,0,0.9764,0.9754,0.0870632583141327,0.08043427851498126,221529,0.05790870352887145,221186,0.05778864503816794,0.35283571702893823,21.6025390625,16,0,2048,0.31763221591245383,0.9754,0.08043427766114473,0.3150215239729732,234752,235146,"[0.9918367346938776, 0.986784140969163, 0.9777131782945736, 0.9861386138613861, 0.984725050916497, 0.9540358744394619, 0.9843423799582464, 0.9649805447470817, 0.9650924024640657, 0.9554013875123885]","[0.9900695134061569, 0.978161965423112, 0.9840954274353877, 0.98635477582846, 0.9836065573770492, 0.9587513935340022, 0.9856704196519959, 0.9794117647058823, 0.9561224489795919, 0.9594861660079052]",batch,both
MNIST,small,43,10,a2,layerwise,mean_activation,baseline,,0.4,1,0.9813,0.9803,0.0649004738330841,0.061303940331563354,221529,0.05790870352887145,221186,0.05778864503816794,0.35283571702893823,21.6025390625,16,0,2048,0.3091725540580228,0.9803,0.06130394077859819,0.3257089320104569,234752,235146,"[0.9908163265306122, 0.9911894273127754, 0.9777131782945736, 0.9801980198019802, 0.9775967413441955, 0.9786995515695067, 0.9822546972860126, 0.9766536964980544, 0.9722792607802875, 0.9742319127849356]","[0.9880834160873883, 0.986351228389445, 0.9860834990059643, 0.9766081871345029, 0.9805327868852459, 0.9821627647714605, 0.9856704196519959, 0.9862745098039216, 0.9704081632653061, 0.9703557312252964]",batch,both
MNIST,small,43,10,a2,layerwise,mean_activation,baseline,,0.4,3,0.9813,0.9814,0.06541250683665276,0.06048139817211777,221529,0.05790870352887145,221186,0.05778864503816794,0.35283571702893823,21.6025390625,16,0,2048,0.3140831310302019,0.9814,0.060481397692300376,0.31931062298826873,234752,235146,"[0.9897959183673469, 0.9920704845814978, 0.9806201550387597, 0.9792079207920792, 0.9786150712830958, 0.984304932735426, 0.9843423799582464, 0.9776264591439688, 0.971252566735113, 0.9752229930624381]","[0.9860973187686196, 0.9854413102820746, 0.9840954274353877, 0.9756335282651072, 0.9846311475409836, 0.9855072463768116, 0.9856704196519959, 0.9852941176470589, 0.9683673469387755, 0.9723320158102767]",batch,both
MNIST,small,43,10,a2,layerwise,mean_activation,baseline,,0.4,5,0.9814,0.9822,0.06412069088816642,0.061222633076796776,221529,0.05790870352887145,221186,0.05778864503816794,0.35283571702893823,21.6025390625,16,0,2048,0.3138567890273407,0.9822,0.061222634550149084,0.3227026870008558,234752,235146,"[0.9918367346938776, 0.9920704845814978, 0.9796511627906976, 0.9801980198019802, 0.9806517311608961, 0.984304932735426, 0.9843423799582464, 0.980544747081712, 0.971252566735113, 0.9762140733399405]","[0.9870903674280039, 0.986351228389445, 0.9821073558648111, 0.9756335282651072, 0.9836065573770492, 0.9832775919732442, 0.9866939611054247, 0.9852941176470589, 0.9673469387755103, 0.9762845849802372]",batch,both
MNIST,small,43,10,a2,layerwise,mean_activation,baseline,,0.5,0,0.9717,0.972,0.10899729143381119,0.10377281385362148,218058,0.07266974560485828,217728,0.0725190839694656,0.35283571702893823,21.6025390625,16,0,2048,0.319047930999659,0.972,0.10377281286120414,0.3263907909858972,234752,235146,"[0.9908163265306122, 0.9876651982378855, 0.9748062015503876, 0.9891089108910891, 0.984725050916497, 0.9338565022421524, 0.9843423799582464, 0.9688715953307393, 0.9486652977412731, 0.9514370664023786]","[0.9910625620655412, 0.9754322111010009, 0.9811133200795229, 0.9844054580896686, 0.985655737704918, 0.9342251950947603, 0.9866939611054247, 0.9784313725490196, 0.9448979591836735, 0.950592885375494]",batch,both
MNIST,small,43,10,a2,layerwise,mean_activation,baseline,,0.5,1,0.9802,0.9804,0.06737046762704849,0.06269799052663147,218058,0.07266974560485828,217728,0.0725190839694656,0.35283571702893823,21.6025390625,16,0,2048,0.31233902100939304,0.9804,0.06269798934198915,0.31546767393592745,234752,235146,"[0.9948979591836735, 0.9920704845814978, 0.9796511627906976, 0.9762376237623762, 0.9765784114052953, 0.9809417040358744, 0.9791231732776617, 0.9766536964980544, 0.9702258726899384, 0.9762140733399405]","[0.9890764647467726, 0.986351228389445, 0.9831013916500994, 0.9736842105263158, 0.9815573770491803, 0.9810479375696767, 0.984646878198567, 0.984313725490196, 0.9642857142857143, 0.9733201581027668]",batch,both
MNIST,small,43,10,a2,layerwise,mean_activation,baseline,,0.5,3,0.9814,0.981,0.06496549322232605,0.06270711484863423,218058,0.07266974560485828,217728,0.0725190839694656,0.35283571702893823,21.6025390625,16,0,2048,0.31566926289815456,0.981,0.06270711516751908,0.3266946239164099,234752,235146,"[0.9928571428571429, 0.9929515418502203, 0.9815891472868217, 0.9801980198019802, 0.9806517311608961, 0.9786995515695067, 0.9801670146137788, 0.9747081712062257, 0.9702258726899384, 0.9762140733399405]","[0.9860973187686196, 0.9854413102820746, 0.9811133200795229, 0.9785575048732943, 0.985655737704918, 0.9843924191750278, 0.9856704196519959, 0.9852941176470589, 0.9653061224489796, 0.9762845849802372]",batch,both
MNIST,small,43,10,a2,layerwise,mean_activation,baseline,,0.5,5,0.982,0.9809,0.06397846983969212,0.060818565376265905,218058,0.07266974560485828,217728,0.0725190839694656,0.35283571702893823,21.6025390625,16,0,2048,0.309886631090194,0.9809,0.060818565188511274,0.30989812908228487,234752,235146,"[0.9918367346938776, 0.9911894273127754, 0.9786821705426356, 0.9782178217821782, 0.9786150712830958, 0.9831838565022422, 0.9812108559498957, 0.97568093385214, 0.973305954825462, 0.9762140733399405]","[0.9890764647467726, 0.9854413102820746, 0.9811133200795229, 0.9766081871345029, 0.9846311475409836, 0.9866220735785953, 0.9856704196519959, 0.984313725490196, 0.9693877551020408, 0.9772727272727273]",batch,both
MNIST,small,43,10,a2,layerwise,mean_activation,baseline,,0.7,0,0.9647,0.9636,0.24593133244514465,0.23517914361953735,211383,0.10105636498175596,211078,0.10084685114503822,0.35283571702893823,21.6025390625,16,0,2048,0.3145560099510476,0.9636,0.2351791389465332,0.3329742329660803,234752,235146,"[0.9724489795918367, 0.9806167400881057, 0.9709302325581395, 0.9821782178217822, 0.9816700610997964, 0.9282511210762332, 0.9906054279749478, 0.9669260700389105, 0.9096509240246407, 0.9464816650148662]","[0.9702085402184707, 0.9736123748862603, 0.9681908548707754, 0.9805068226120858, 0.9754098360655737, 0.9364548494983278, 0.9928352098259979, 0.9745098039215686, 0.9275510204081633, 0.9436758893280632]",batch,both
MNIST,small,43,10,a2,layerwise,mean_activation,baseline,,0.7,1,0.9771,0.9777,0.08009876925945282,0.07496573739051819,211383,0.10105636498175596,211078,0.10084685114503822,0.35283571702893823,21.6025390625,16,0,2048,0.3207618650048971,0.9777,0.07496573746800422,0.32486695796251297,234752,235146,"[0.9918367346938776, 0.9911894273127754, 0.9748062015503876, 0.9792079207920792, 0.9786150712830958, 0.976457399103139, 0.9801670146137788, 0.9727626459143969, 0.9650924024640657, 0.9653121902874133]","[0.9880834160873883, 0.9836214740673339, 0.9801192842942346, 0.9668615984405458, 0.9774590163934426, 0.9788182831661093, 0.984646878198567, 0.9823529411764705, 0.9612244897959183, 0.967391304347826]",batch,both
MNIST,small,43,10,a2,layerwise,mean_activation,baseline,,0.7,3,0.9796,0.9787,0.0712777809470892,0.06808339109551162,211383,0.10105636498175596,211078,0.10084685114503822,0.35283571702893823,21.6025390625,16,0,2048,0.32481262495275587,0.9787,0.06808338981140405,0.31709291704464704,234752,235146,"[0.9928571428571429, 0.9920704845814978, 0.9796511627906976, 0.9792079207920792, 0.9775967413441955, 0.9753363228699552, 0.9801670146137788, 0.9737354085603113, 0.9640657084188912, 0.9702675916749257]","[0.9890764647467726, 0.9854413102820746, 0.9811133200795229, 0.9717348927875243, 0.9836065573770492, 0.9810479375696767, 0.9866939611054247, 0.9823529411764705, 0.960204081632653, 0.974308300395257]",batch,both
MNIST,small,43,10,a2,layerwise,mean_activation,baseline,,0.7,5,0.9806,0.9795,0.0692251055508852,0.065745646459423,211383,0.10105636498175596,211078,0.10084685114503822,0.35283571702893823,21.6025390625,16,0,2048,0.32800927897915244,0.9795,0.06574564830418676,0.3382107380311936,234752,235146,"[0.9918367346938776, 0.9920704845814978, 0.9835271317829457, 0.9831683168316832, 0.9786150712830958, 0.976457399103139, 0.9822546972860126, 0.97568093385214, 0.9681724845995893, 0.9613478691774033]","[0.9851042701092354, 0.9854413102820746, 0.9811133200795229, 0.9814814814814815, 0.9825819672131147, 0.9821627647714605, 0.9877175025588536, 0.9833333333333333, 0.9663265306122449, 0.9703557312252964]",batch,both
MNIST,small,43,10,all,all,firing_rate,baseline,,0.05,0,0.9786,0.9791,0.07980222058594227,0.07025188157246448,222660,0.05309892577377462,222284,0.05311136859323884,0.35283571702893823,21.6025390625,16,0,2048,0.32501337106805295,0.9791,0.07025188229514752,0.3171155030140653,234752,235146,"[0.9908163265306122, 0.9911894273127754, 0.9796511627906976, 0.9752475247524752, 0.9837067209775967, 0.9798206278026906, 0.9843423799582464, 0.9678988326848249, 0.9691991786447639, 0.9682854311199207]","[0.9900695134061569, 0.986351228389445, 0.9811133200795229, 0.9746588693957114, 0.9846311475409836, 0.9765886287625418, 0.9887410440122825, 0.9784313725490196, 0.960204081632653, 0.9644268774703557]",batch,both
MNIST,small,43,10,all,all,firing_rate,baseline,,0.05,1,0.9821,0.9812,0.0675915447987616,0.06208260778305703,222660,0.05309892577377462,222284,0.05311136859323884,0.35283571702893823,21.6025390625,16,0,2048,0.3223559260368347,0.9812,0.06208260882604518,0.3171245970297605,234752,235146,"[0.9918367346938776, 0.9929515418502203, 0.9806201550387597, 0.9801980198019802, 0.9775967413441955, 0.9798206278026906, 0.9832985386221295, 0.9766536964980544, 0.9702258726899384, 0.977205153617443]","[0.9910625620655412, 0.986351228389445, 0.9850894632206759, 0.97953216374269, 0.9836065573770492, 0.9777034559643255, 0.9856704196519959, 0.9852941176470589, 0.9663265306122449, 0.9792490118577075]",batch,both
MNIST,small,43,10,all,all,firing_rate,baseline,,0.05,3,0.983,0.9814,0.06686602529324591,0.06323665905129164,222660,0.05309892577377462,222284,0.05311136859323884,0.35283571702893823,21.6025390625,16,0,2048,0.3178915010066703,0.9814,0.06323665807712824,0.33788327395450324,234752,235146,"[0.9908163265306122, 0.9929515418502203, 0.9806201550387597, 0.9792079207920792, 0.9786150712830958, 0.9820627802690582, 0.9874739039665971, 0.9785992217898832, 0.9691991786447639, 0.9732408325074331]","[0.9860973187686196, 0.989080982711556, 0.9840954274353877, 0.9824561403508771, 0.9825819672131147, 0.9843924191750278, 0.9907881269191402, 0.9852941176470589, 0.9683673469387755, 0.9762845849802372]",batch,both
MNIST,small,43,10,all,all,firing_rate,baseline,,0.05,5,0.9833,0.9822,0.06744250151254237,0.06436177337147528,222660,0.05309892577377462,222284,0.05311136859323884,0.35283571702893823,21.6025390625,16,0,2048,0.3260920239845291,0.9822,0.06436177244834834,0.30917705700267106,234752,235146,"[0.9908163265306122, 0.9920704845814978, 0.9806201550387597, 0.9821782178217822, 0.9796334012219959, 0.9798206278026906, 0.9843423799582464, 0.9824902723735408, 0.971252566735113, 0.977205153617443]","[0.9930486593843099, 0.989080982711556, 0.9811133200795229, 0.9805068226120858, 0.9825819672131147, 0.9843924191750278, 0.9856704196519959, 0.9862745098039216, 0.9724489795918367, 0.9772727272727273]",batch,both
MNIST,small,43,10,all,all,firing_rate,baseline,,0.1,0,0.9767,0.9779,0.083754465341568,0.07223211170323193,209417,0.10941712808212767,209060,0.10944315703380592,0.35283571702893823,21.6025390625,16,0,2048,0.31032115407288074,0.9779,0.07223210969790816,0.31988630699925125,234752,235146,"[0.9908163265306122, 0.9885462555066079, 0.9786821705426356, 0.9762376237623762, 0.9826883910386965, 0.976457399103139, 0.9853862212943633, 0.9601167315175098, 0.971252566735113, 0.9682854311199207]","[0.9900695134061569, 0.978161965423112, 0.9811133200795229, 0.9746588693957114, 0.9846311475409836, 0.967670011148272, 0.9877175025588536, 0.9774509803921568, 0.963265306122449, 0.9614624505928854]",batch,both
MNIST,small,43,10,all,all,firing_rate,baseline,,0.1,1,0.9824,0.981,0.06754638266339898,0.06190215670239413,209417,0.10941712808212767,209060,0.10944315703380592,0.35283571702893823,21.6025390625,16,0,2048,0.3278850519564003,0.981,0.061902156631986144,0.3134213639423251,234752,235146,"[0.9908163265306122, 0.9938325991189427, 0.9796511627906976, 0.9772277227722772, 0.9786150712830958, 0.9798206278026906, 0.9822546972860126, 0.9785992217898832, 0.9722792607802875, 0.9752229930624381]","[0.9870903674280039, 0.9872611464968153, 0.9840954274353877, 0.9775828460038987, 0.9846311475409836, 0.9843924191750278, 0.9836233367451381, 0.9862745098039216, 0.9724489795918367, 0.9762845849802372]",batch,both
MNIST,small,43,10,all,all,firing_rate,baseline,,0.1,3,0.9821,0.9816,0.07009613156020642,0.06322979096289491,209417,0.10941712808212767,209060,0.10944315703380592,0.35283571702893823,21.6025390625,16,0,2048,0.3214878790313378,0.9816,0.06322979142110562,0.32907061802688986,234752,235146,"[0.9908163265306122, 0.9955947136563876, 0.9815891472868217, 0.9811881188118812, 0.9816700610997964, 0.9786995515695067, 0.9843423799582464, 0.9795719844357976, 0.9671457905544147, 0.9732408325074331]","[0.9860973187686196, 0.9881710646041856, 0.9850894632206759, 0.9785575048732943, 0.985655737704918, 0.9788182831661093, 0.9877175025588536, 0.9872549019607844, 0.9663265306122449, 0.9762845849802372]",batch,both
MNIST,small,43,10,all,all,firing_rate,baseline,,0.1,5,0.9827,0.9825,0.06872192261554301,0.06094311887815129,209417,0.10941712808212767,209060,0.10944315703380592,0.35283571702893823,21.6025390625,16,0,2048,0.3177814020309597,0.9825,0.060943120221490975,0.3250479289563373,234752,235146,"[0.9908163265306122, 0.9929515418502203, 0.9825581395348837, 0.9801980198019802, 0.9816700610997964, 0.9809417040358744, 0.9853862212943633, 0.9795719844357976, 0.9753593429158111, 0.9742319127849356]","[0.9860973187686196, 0.986351228389445, 0.9831013916500994, 0.97953216374269, 0.9866803278688525, 0.9832775919732442, 0.9856704196519959, 0.9862745098039216, 0.9734693877551021, 0.9762845849802372]",batch,both
MNIST,small,43,10,all,all,firing_rate,baseline,,0.2,0,0.9696,0.9724,0.106735840934515,0.09230823410600424,183183,0.2209818580796612,182865,0.22102900081788446,0.35283571702893823,21.6025390625,16,0,2048,0.33782689995132387,0.9724,0.09230823362916708,0.323424702975899,234752,235146,"[0.9908163265306122, 0.9488986784140969, 0.9728682170542635, 0.9752475247524752, 0.9826883910386965, 0.9697309417040358, 0.9853862212943633, 0.9601167315175098, 0.9722792607802875, 0.9702675916749257]","[0.9900695134061569, 0.9317561419472248, 0.9781312127236581, 0.9736842105263158, 0.9815573770491803, 0.9632107023411371, 0.9836233367451381, 0.9745098039215686, 0.9642857142857143, 0.958498023715415]",batch,both
MNIST,small,43,10,all,all,firing_rate,baseline,,0.2,1,0.9817,0.9804,0.06837122683525085,0.06155672635189258,183183,0.2209818580796612,182865,0.22102900081788446,0.35283571702893823,21.6025390625,16,0,2048,0.3275662569794804,0.9804,0.06155672262511216,0.3196566279511899,234752,235146,"[0.9918367346938776, 0.9955947136563876, 0.9796511627906976, 0.9782178217821782, 0.9806517311608961, 0.9775784753363229, 0.9801670146137788, 0.9737354085603113, 0.9691991786447639, 0.9752229930624381]","[0.9870903674280039, 0.986351228389445, 0.9860834990059643, 0.9814814814814815, 0.9846311475409836, 0.9777034559643255, 0.984646878198567, 0.9823529411764705, 0.9693877551020408, 0.9762845849802372]",batch,both
MNIST,small,43,10,all,all,firing_rate,baseline,,0.2,3,0.9811,0.9818,0.06821198501735926,0.06275088243478677,183183,0.2209818580796612,182865,0.22102900081788446,0.35283571702893823,21.6025390625,16,0,2048,0.32709618599619716,0.9818,0.06275088111007353,0.3152983330655843,234752,235146,"[0.9918367346938776, 0.9947136563876652, 0.9806201550387597, 0.9821782178217822, 0.9765784114052953, 0.9775784753363229, 0.9822546972860126, 0.9795719844357976, 0.973305954825462, 0.977205153617443]","[0.9870903674280039, 0.986351228389445, 0.9801192842942346, 0.9785575048732943, 0.9815573770491803, 0.9777034559643255, 0.9836233367451381, 0.9852941176470589, 0.9704081632653061, 0.9792490118577075]",batch,both
MNIST,small,43,10,all,all,firing_rate,baseline,,0.2,5,0.9802,0.9812,0.06805804970860481,0.06251755725088297,183183,0.2209818580796612,182865,0.22102900081788446,0.35283571702893823,21.6025390625,16,0,2048,0.31324973597656935,0.9812,0.06251755802816479,0.30877439805772156,234752,235146,"[0.9918367346938776, 0.9929515418502203, 0.9796511627906976, 0.9801980198019802, 0.9806517311608961, 0.9809417040358744, 0.9832985386221295, 0.9785992217898832, 0.971252566735113, 0.9712586719524281]","[0.9841112214498511, 0.986351228389445, 0.9801192842942346, 0.9775828460038987, 0.9825819672131147, 0.9810479375696767, 0.984646878198567, 0.9833333333333333, 0.9663265306122449, 0.9752964426877471]",batch,both
MNIST,small,43,10,all,all,firing_rate,baseline,,0.3,0,0.947,0.945,0.1775577663898468,0.16726048780679703,158500,0.32595068595680976,158220,0.3260121319520175,0.35283571702893823,21.6025390625,16,0,2048,0.31990630901418626,0.945,0.16726049101948737,0.33557708107400686,234752,235146,"[0.9826530612244898, 0.7832599118942731, 0.9418604651162791, 0.9752475247524752, 0.9775967413441955, 0.9641255605381166, 0.9749478079331941, 0.9406614785992218, 0.9691991786447639, 0.9672943508424182]","[0.9781529294935452, 0.7734303912647862, 0.9552683896620279, 0.9736842105263158, 0.9784836065573771, 0.959866220735786, 0.9785056294779939, 0.9637254901960784, 0.9663265306122449, 0.9614624505928854]",batch,both
MNIST,small,43,10,all,all,firing_rate,baseline,,0.3,1,0.9783,0.9782,0.07613205308318138,0.06882124510463328,158500,0.32595068595680976,158220,0.3260121319520175,0.35283571702893823,21.6025390625,16,0,2048,0.31636338005773723,0.9782,0.06882124757971615,0.31246849696617573,234752,235146,"[0.9918367346938776, 0.9938325991189427, 0.9728682170542635, 0.9801980198019802, 0.9765784114052953, 0.9775784753363229, 0.9832985386221295, 0.9747081712062257, 0.9630390143737166, 0.9663032705649157]","[0.9910625620655412, 0.9827115559599636, 0.9771371769383698, 0.969785575048733, 0.9784836065573771, 0.9821627647714605, 0.9866939611054247, 0.9803921568627451, 0.9653061224489796, 0.9693675889328063]",batch,both
MNIST,small,43,10,all,all,firing_rate,baseline,,0.3,3,0.9798,0.9788,0.07072465247809887,0.063572888614377,158500,0.32595068595680976,158220,0.3260121319520175,0.35283571702893823,21.6025390625,16,0,2048,0.3175862650386989,0.9788,0.06357288955315016,0.32936207007151097,234752,235146,"[0.9918367346938776, 0.9911894273127754, 0.9767441860465116, 0.9831683168316832, 0.9745417515274949, 0.9775784753363229, 0.9801670146137788, 0.9776264591439688, 0.9650924024640657, 0.9682854311199207]","[0.9870903674280039, 0.9827115559599636, 0.9821073558648111, 0.9746588693957114, 0.9805327868852459, 0.9810479375696767, 0.9856704196519959, 0.9833333333333333, 0.9693877551020408, 0.9713438735177866]",batch,both
MNIST,small,43,10,all,all,firing_rate,baseline,,0.3,5,0.9807,0.9808,0.0703869735866785,0.06262463315264322,158500,0.32595068595680976,158220,0.3260121319520175,0.35283571702893823,21.6025390625,16,0,2048,0.3273931989679113,0.9808,0.06262463343353011,0.3104719219263643,234752,235146,"[0.9918367346938776, 0.9938325991189427, 0.9815891472868217, 0.9821782178217822, 0.9837067209775967, 0.976457399103139, 0.9812108559498957, 0.9795719844357976, 0.9661190965092402, 0.9692765113974232]","[0.9860973187686196, 0.9845313921747043, 0.9860834990059643, 0.9775828460038987, 0.9866803278688525, 0.979933110367893, 0.9856704196519959, 0.9823529411764705, 0.9663265306122449, 0.9713438735177866]",batch,both
MNIST,small,43,10,all,all,firing_rate,baseline,,0.4,0,0.8847,0.8804,0.30821891779899596,0.3015183891773224,133605,0.43182108137072284,133364,0.4318940839694656,0.35283571702893823,21.6025390625,16,0,2048,0.31943341193255037,0.8804,0.30151842024326325,0.30779656604863703,234752,235146,"[0.9734693877551021, 0.3392070484581498, 0.9195736434108527, 0.9782178217821782, 0.9674134419551935, 0.9159192825112108, 0.9665970772442589, 0.8939688715953308, 0.9794661190965093, 0.9534192269573836]","[0.9632571996027806, 0.3330300272975432, 0.9324055666003976, 0.9775828460038987, 0.9702868852459017, 0.9130434782608695, 0.9723643807574207, 0.9215686274509803, 0.9724489795918367, 0.9496047430830039]",batch,both
MNIST,small,43,10,all,all,firing_rate,baseline,,0.4,1,0.9758,0.9753,0.0843631165832281,0.07860853664726018,133605,0.43182108137072284,133364,0.4318940839694656,0.35283571702893823,21.6025390625,16,0,2048,0.3166071301093325,0.9753,0.07860853382796049,0.32410988700576127,234752,235146,"[0.9918367346938776, 0.9920704845814978, 0.9718992248062015, 0.9752475247524752, 0.9735234215885947, 0.9697309417040358, 0.9791231732776617, 0.9688715953307393, 0.9671457905544147, 0.9613478691774033]","[0.9841112214498511, 0.9808917197452229, 0.974155069582505, 0.9688109161793372, 0.9805327868852459, 0.9721293199554069, 0.9836233367451381, 0.9823529411764705, 0.9622448979591837, 0.9683794466403162]",batch,both
MNIST,small,43,10,all,all,firing_rate,baseline,,0.4,3,0.9782,0.9786,0.07494165003597736,0.06998555082008243,133605,0.43182108137072284,133364,0.4318940839694656,0.35283571702893823,21.6025390625,16,0,2048,0.3264780780300498,0.9786,0.06998555218838155,0.3192279329523444,234752,235146,"[0.9908163265306122, 0.9920704845814978, 0.9748062015503876, 0.9841584158415841, 0.9775967413441955, 0.9753363228699552, 0.9770354906054279, 0.9766536964980544, 0.9671457905544147, 0.9682854311199207]","[0.9851042701092354, 0.9845313921747043, 0.9771371769383698, 0.9775828460038987, 0.9836065573770492, 0.979933110367893, 0.9856704196519959, 0.9823529411764705, 0.9591836734693877, 0.9664031620553359]",batch,both
MNIST,small,43,10,all,all,firing_rate,baseline,,0.4,5,0.978,0.9794,0.07267069524526595,0.06724261994604021,133605,0.43182108137072284,133364,0.4318940839694656,0.35283571702893823,21.6025390625,16,0,2048,0.3272880009608343,0.9794,0.0672426181236282,0.3196139349602163,234752,235146,"[0.9897959183673469, 0.9929515418502203, 0.9777131782945736, 0.9831683168316832, 0.9765784114052953, 0.9786995515695067, 0.9812108559498957, 0.9727626459143969, 0.9691991786447639, 0.9702675916749257]","[0.9851042701092354, 0.9845313921747043, 0.9811133200795229, 0.9736842105263158, 0.9795081967213115, 0.9810479375696767, 0.9866939611054247, 0.9803921568627451, 0.9591836734693877, 0.9683794466403162]",batch,both
MNIST,small,43,10,all,all,firing_rate,baseline,,0.5,0,0.8391,0.8366,0.43457711763381957,0.42747691869735716,109386,0.5348166670919343,109184,0.534896401308615,0.35283571702893823,21.6025390625,16,0,2048,0.3294900651089847,0.8366,0.42747693452835084,0.33975783095229417,234752,235146,"[0.9346938775510204, 0.12599118942731277, 0.9176356589147286, 0.9534653465346534, 0.9653767820773931, 0.8688340807174888, 0.965553235908142, 0.8297665369649806, 0.9702258726899384, 0.9425173439048563]","[0.9265143992055611, 0.1164695177434031, 0.9363817097415507, 0.9463937621832359, 0.9723360655737705, 0.8695652173913043, 0.9713408393039918, 0.8264705882352941, 0.9642857142857143, 0.9397233201581028]",batch,both
MNIST,small,43,10,all,all,firing_rate,baseline,,0.5,1,0.97,0.9697,0.10222528873682023,0.09808016282320023,109386,0.5348166670919343,109184,0.534896401308615,0.35283571702893823,21.6025390625,16,0,2048,0.3349024859489873,0.9697,0.09808016629219055,0.3270101719535887,234752,235146,"[0.9887755102040816, 0.9894273127753304, 0.9612403100775194, 0.9584158415841584, 0.9704684317718941, 0.9663677130044843, 0.9791231732776617, 0.9620622568093385, 0.9671457905544147, 0.9524281466798811]","[0.9831181727904668, 0.9808917197452229, 0.9642147117296223, 0.9532163742690059, 0.9795081967213115, 0.9687848383500557, 0.9866939611054247, 0.9676470588235294, 0.9540816326530612, 0.9614624505928854]",batch,both
MNIST,small,43,10,all,all,firing_rate,baseline,,0.5,3,0.9744,0.9759,0.08481270756721497,0.08069675697386265,109386,0.5348166670919343,109184,0.534896401308615,0.35283571702893823,21.6025390625,16,0,2048,0.31134403706528246,0.9759,0.08069675668179989,0.3148708570515737,234752,235146,"[0.9897959183673469, 0.9911894273127754, 0.9709302325581395, 0.9742574257425742, 0.9745417515274949, 0.976457399103139, 0.975991649269311, 0.9688715953307393, 0.9691991786447639, 0.9663032705649157]","[0.9870903674280039, 0.9836214740673339, 0.9721669980119284, 0.9629629629629629, 0.9795081967213115, 0.9721293199554069, 0.984646878198567, 0.9745098039215686, 0.9581632653061225, 0.9683794466403162]",batch,both
MNIST,small,43,10,all,all,firing_rate,baseline,,0.5,5,0.977,0.9773,0.07855012409090996,0.07413228527195752,109386,0.5348166670919343,109184,0.534896401308615,0.35283571702893823,21.6025390625,16,0,2048,0.31307818403001875,0.9773,0.0741322866756469,0.33354226406663656,234752,235146,"[0.9908163265306122, 0.9920704845814978, 0.9728682170542635, 0.9762376237623762, 0.9725050916496945, 0.9775784753363229, 0.9770354906054279, 0.9727626459143969, 0.971252566735113, 0.9682854311199207]","[0.9880834160873883, 0.986351228389445, 0.9761431411530815, 0.9707602339181286, 0.9764344262295082, 0.9732441471571907, 0.9866939611054247, 0.9784313725490196, 0.963265306122449, 0.9693675889328063]",batch,both
MNIST,small,43,10,all,all,firing_rate,baseline,,0.7,0,0.6545,0.6462,1.103940020465851,1.1069152864456178,63887,0.728309220654402,63761,0.7283899604689203,0.35283571702893823,21.6025390625,16,0,2048,0.31017671700101346,0.6462,1.1069152817726136,0.31554184400010854,234752,235146,"[0.8795918367346939, 0.0, 0.8488372093023255, 0.80990099009901, 0.945010183299389, 0.10201793721973094, 0.8643006263048016, 0.24610894941634243, 0.9353182751540041, 0.8870168483647175]","[0.8818272095332671, 0.0, 0.8558648111332008, 0.8128654970760234, 0.9477459016393442, 0.12040133779264214, 0.8812691914022518, 0.2323529411764706, 0.9551020408163265, 0.8843873517786561]",batch,both
MNIST,small,43,10,all,all,firing_rate,baseline,,0.7,1,0.9382,0.9412,0.2341790761947632,0.22946118780374528,63887,0.728309220654402,63761,0.7283899604689203,0.35283571702893823,21.6025390625,16,0,2048,0.3128558919997886,0.9412,0.22946119266748427,0.3262581489980221,234752,235146,"[0.9806122448979592, 0.9859030837004406, 0.9205426356589147, 0.9267326732673268, 0.9623217922606925, 0.9181614349775785, 0.9613778705636743, 0.9153696498054474, 0.9045174537987679, 0.9306243805748265]","[0.974180734856008, 0.9699727024567789, 0.9244532803180915, 0.9113060428849903, 0.9661885245901639, 0.9208472686733556, 0.9672466734902764, 0.9333333333333333, 0.8795918367346939, 0.9308300395256917]",batch,both
MNIST,small,43,10,all,all,firing_rate,baseline,,0.7,3,0.9544,0.9539,0.16162681896686554,0.1558525465965271,63887,0.728309220654402,63761,0.7283899604689203,0.35283571702893823,21.6025390625,16,0,2048,0.3388620320474729,0.9539,0.15585254420042038,0.33149301598314196,234752,235146,"[0.9877551020408163, 0.9876651982378855, 0.9418604651162791, 0.9504950495049505, 0.9613034623217923, 0.9237668161434978, 0.9624217118997912, 0.9416342412451362, 0.9373716632443532, 0.9385530227948464]","[0.9821251241310824, 0.9754322111010009, 0.9463220675944334, 0.9376218323586745, 0.9713114754098361, 0.935340022296544, 0.9764585465711362, 0.9558823529411765, 0.9153061224489796, 0.9446640316205533]",batch,both
MNIST,small,43,10,all,all,firing_rate,baseline,,0.7,5,0.9594,0.961,0.13921278449893,0.13379628693163395,63887,0.728309220654402,63761,0.7283899604689203,0.35283571702893823,21.6025390625,16,0,2048,0.32172222691588104,0.961,0.1337962884783745,0.3211592690786347,234752,235146,"[0.9897959183673469, 0.9894273127753304, 0.9525193798449613, 0.9564356435643564, 0.9674134419551935, 0.9495515695067265, 0.9697286012526096, 0.9503891050583657, 0.9414784394250514, 0.9395441030723488]","[0.9821251241310824, 0.9827115559599636, 0.9532803180914513, 0.9405458089668616, 0.9764344262295082, 0.9509476031215162, 0.9815762538382804, 0.957843137254902, 0.9214285714285714, 0.9446640316205533]",batch,both
MNIST,small,43,10,a1,layerwise,firing_rate,baseline,,0.05,0,0.9783,0.9791,0.0808570602864027,0.07106025929308962,224190,0.04659232987165418,223808,0.04661941112322787,0.35283571702893823,21.6025390625,16,0,2048,0.31696836405899376,0.9791,0.07106026047773194,0.31802181201055646,234752,235146,"[0.9908163265306122, 0.9911894273127754, 0.9796511627906976, 0.9752475247524752, 0.984725050916497, 0.9798206278026906, 0.9843423799582464, 0.9688715953307393, 0.9681724845995893, 0.9672943508424182]","[0.9900695134061569, 0.9854413102820746, 0.9811133200795229, 0.9717348927875243, 0.9836065573770492, 0.9810479375696767, 0.9887410440122825, 0.9784313725490196, 0.960204081632653, 0.9624505928853755]",batch,both
MNIST,small,43,10,a1,layerwise,firing_rate,baseline,,0.05,1,0.9819,0.9817,0.06834155342075973,0.06309395607811748,224190,0.04659232987165418,223808,0.04661941112322787,0.35283571702893823,21.6025390625,16,0,2048,0.3107231860049069,0.9817,0.06309395620179711,0.34015259402804077,234752,235146,"[0.9918367346938776, 0.9938325991189427, 0.9806201550387597, 0.9772277227722772, 0.9775967413441955, 0.9831838565022422, 0.9832985386221295, 0.9824902723735408, 0.9702258726899384, 0.9752229930624381]","[0.9880834160873883, 0.9872611464968153, 0.9850894632206759, 0.9785575048732943, 0.9836065573770492, 0.979933110367893, 0.9836233367451381, 0.9872549019607844, 0.9683673469387755, 0.9762845849802372]",batch,both
MNIST,small,43,10,a1,layerwise,firing_rate,baseline,,0.05,3,0.9828,0.9811,0.0673520964179188,0.0640774219348561,224190,0.04659232987165418,223808,0.04661941112322787,0.35283571702893823,21.6025390625,16,0,2048,0.3137828600592911,0.9811,0.06407742139394396,0.3213675389997661,234752,235146,"[0.9908163265306122, 0.9920704845814978, 0.9835271317829457, 0.9782178217821782, 0.9786150712830958, 0.9798206278026906, 0.9832985386221295, 0.9766536964980544, 0.9702258726899384, 0.9762140733399405]","[0.9870903674280039, 0.989080982711556, 0.9831013916500994, 0.9805068226120858, 0.9836065573770492, 0.9821627647714605, 0.9856704196519959, 0.984313725490196, 0.9734693877551021, 0.9782608695652174]",batch,both
MNIST,small,43,10,a1,layerwise,firing_rate,baseline,,0.05,5,0.9832,0.9821,0.06885400309562684,0.06478180364615109,224190,0.04659232987165418,223808,0.04661941112322787,0.35283571702893823,21.6025390625,16,0,2048,0.32529740408062935,0.9821,0.06478180387041357,0.32977424596901983,234752,235146,"[0.9908163265306122, 0.9920704845814978, 0.9815891472868217, 0.9782178217821782, 0.9786150712830958, 0.9820627802690582, 0.9853862212943633, 0.9785992217898832, 0.9722792607802875, 0.9801783944499505]","[0.9841112214498511, 0.9899909008189263, 0.9840954274353877, 0.9746588693957114, 0.9805327868852459, 0.9843924191750278, 0.9887410440122825, 0.9882352941176471, 0.9744897959183674, 0.9822134387351779]",batch,both
MNIST,small,43,10,a1,layerwise,firing_rate,baseline,,0.1,0,0.9773,0.9786,0.08399142151772976,0.07311317461850121,212321,0.09706735389927956,211952,0.09712377317339149,0.35283571702893823,21.6025390625,16,0,2048,0.3154089640593156,0.9786,0.07311317484732717,0.32110311195719987,234752,235146,"[0.9908163265306122, 0.9894273127753304, 0.9777131782945736, 0.9762376237623762, 0.984725050916497, 0.9786995515695067, 0.9843423799582464, 0.9659533073929961, 0.9702258726899384, 0.9672943508424182]","[0.9900695134061569, 0.9799818016378526, 0.9811133200795229, 0.9727095516569201, 0.9846311475409836, 0.9743589743589743, 0.9866939611054247, 0.9794117647058823, 0.9622448979591837, 0.9614624505928854]",batch,both
MNIST,small,43,10,a1,layerwise,firing_rate,baseline,,0.1,1,0.9826,0.9811,0.06773363349959255,0.06305464282396132,212321,0.09706735389927956,211952,0.09712377317339149,0.35283571702893823,21.6025390625,16,0,2048,0.32110107399057597,0.9811,0.06305464253785903,0.33513781300280243,234752,235146,"[0.9918367346938776, 0.9929515418502203, 0.9825581395348837, 0.9801980198019802, 0.9806517311608961, 0.9775784753363229, 0.9832985386221295, 0.9776264591439688, 0.9681724845995893, 0.9742319127849356]","[0.9900695134061569, 0.9872611464968153, 0.9860834990059643, 0.9805068226120858, 0.9846311475409836, 0.979933110367893, 0.984646878198567, 0.9852941176470589, 0.9714285714285714, 0.9752964426877471]",batch,both
MNIST,small,43,10,a1,layerwise,firing_rate,baseline,,0.1,3,0.9823,0.9812,0.06646686890590936,0.06238975368660758,212321,0.09706735389927956,211952,0.09712377317339149,0.35283571702893823,21.6025390625,16,0,2048,0.31944863602984697,0.9812,0.062389753132284384,0.32292149995919317,234752,235146,"[0.9908163265306122, 0.9929515418502203, 0.9786821705426356, 0.9792079207920792, 0.9786150712830958, 0.9775784753363229, 0.9832985386221295, 0.9854085603112841, 0.9722792607802875, 0.9712586719524281]","[0.9860973187686196, 0.9881710646041856, 0.9831013916500994, 0.9805068226120858, 0.9846311475409836, 0.9810479375696767, 0.9856704196519959, 0.9862745098039216, 0.9744897959183674, 0.9723320158102767]",batch,both
MNIST,small,43,10,a1,layerwise,firing_rate,baseline,,0.1,5,0.9833,0.9814,0.06830449876822531,0.06294387944628252,212321,0.09706735389927956,211952,0.09712377317339149,0.35283571702893823,21.6025390625,16,0,2048,0.3243970370385796,0.9814,0.06294387939114822,0.34144097100943327,234752,235146,"[0.9908163265306122, 0.9920704845814978, 0.9806201550387597, 0.9811881188118812, 0.9796334012219959, 0.9798206278026906, 0.9812108559498957, 0.9815175097276264, 0.9722792607802875, 0.9732408325074331]","[0.9890764647467726, 0.986351228389445, 0.9831013916500994, 0.97953216374269, 0.9815573770491803, 0.9821627647714605, 0.984646878198567, 0.9882352941176471, 0.9755102040816327, 0.9822134387351779]",batch,both
MNIST,small,43,10,a1,layerwise,firing_rate,baseline,,0.2,0,0.9713,0.9746,0.10436770341992378,0.09018888386487961,188583,0.19801740195453033,188240,0.19813249727371862,0.35283571702893823,21.6025390625,16,0,2048,0.31721266894601285,0.9746,0.09018888382613659,0.3241289729485288,234752,235146,"[0.9918367346938776, 0.9638766519823788, 0.9660852713178295, 0.9712871287128713, 0.9826883910386965, 0.9742152466367713, 0.9864300626304802, 0.9630350194552529, 0.9753593429158111, 0.9742319127849356]","[0.9890764647467726, 0.9444949954504095, 0.974155069582505, 0.9688109161793372, 0.9805327868852459, 0.9643255295429208, 0.9866939611054247, 0.9745098039215686, 0.9673469387755103, 0.9654150197628458]",batch,both
MNIST,small,43,10,a1,layerwise,firing_rate,baseline,,0.2,1,0.9816,0.9806,0.07046266514286399,0.0636660150330048,188583,0.19801740195453033,188240,0.19813249727371862,0.35283571702893823,21.6025390625,16,0,2048,0.3039826350286603,0.9806,0.06366601550946943,0.32212712394539267,234752,235146,"[0.9928571428571429, 0.9938325991189427, 0.9757751937984496, 0.9792079207920792, 0.9775967413441955, 0.9775784753363229, 0.9832985386221295, 0.97568093385214, 0.971252566735113, 0.977205153617443]","[0.9870903674280039, 0.9872611464968153, 0.9870775347912525, 0.9814814814814815, 0.9784836065573771, 0.9821627647714605, 0.9866939611054247, 0.984313725490196, 0.9642857142857143, 0.9762845849802372]",batch,both
MNIST,small,43,10,a1,layerwise,firing_rate,baseline,,0.2,3,0.9805,0.9806,0.07162100556772202,0.06705720268242293,188583,0.19801740195453033,188240,0.19813249727371862,0.35283571702893823,21.6025390625,16,0,2048,0.3178144319681451,0.9806,0.06705720475629205,0.33937639999203384,234752,235146,"[0.9918367346938776, 0.9938325991189427, 0.9748062015503876, 0.9772277227722772, 0.9796334012219959, 0.9831838565022422, 0.9843423799582464, 0.9776264591439688, 0.9681724845995893, 0.9742319127849356]","[0.9880834160873883, 0.9872611464968153, 0.9781312127236581, 0.9736842105263158, 0.9825819672131147, 0.9866220735785953, 0.984646878198567, 0.984313725490196, 0.963265306122449, 0.9762845849802372]",batch,both
MNIST,small,43,10,a1,layerwise,firing_rate,baseline,,0.2,5,0.9817,0.9811,0.0691923608660698,0.06356536934163887,188583,0.19801740195453033,188240,0.19813249727371862,0.35283571702893823,21.6025390625,16,0,2048,0.31668972596526146,0.9811,0.06356536947425921,0.34461798903066665,234752,235146,"[0.9908163265306122, 0.9920704845814978, 0.9796511627906976, 0.9801980198019802, 0.9786150712830958, 0.9798206278026906, 0.9843423799582464, 0.9785992217898832, 0.9691991786447639, 0.9762140733399405]","[0.9851042701092354, 0.986351228389445, 0.9850894632206759, 0.9775828460038987, 0.9825819672131147, 0.9843924191750278, 0.9856704196519959, 0.9833333333333333, 0.9683673469387755, 0.9782608695652174]",batch,both
MNIST,small,43,10,a1,layerwise,firing_rate,baseline,,0.3,0,0.953,0.9544,0.15583203125,0.13947945671379566,165758,0.29508475585381,165440,0.2952562704471101,0.35283571702893823,21.6025390625,16,0,2048,0.3110514330910519,0.9544,0.1394794543415308,0.32023887906689197,234752,235146,"[0.9897959183673469, 0.8299559471365638, 0.9515503875968992, 0.9683168316831683, 0.9775967413441955, 0.9652466367713004, 0.9853862212943633, 0.9464980544747081, 0.9743326488706365, 0.9762140733399405]","[0.9870903674280039, 0.8152866242038217, 0.9552683896620279, 0.9658869395711501, 0.9733606557377049, 0.9632107023411371, 0.9866939611054247, 0.9686274509803922, 0.9653061224489796, 0.9644268774703557]",batch,both
MNIST,small,43,10,a1,layerwise,firing_rate,baseline,,0.3,1,0.9796,0.978,0.07564578171670437,0.0688514266918879,165758,0.29508475585381,165440,0.2952562704471101,0.35283571702893823,21.6025390625,16,0,2048,0.33555115503259003,0.978,0.06885142771410756,0.3405437449691817,234752,235146,"[0.9928571428571429, 0.9920704845814978, 0.9748062015503876, 0.9782178217821782, 0.9786150712830958, 0.9753363228699552, 0.9832985386221295, 0.9708171206225681, 0.9650924024640657, 0.9672943508424182]","[0.9880834160873883, 0.9836214740673339, 0.9840954274353877, 0.9736842105263158, 0.9805327868852459, 0.979933110367893, 0.9897645854657113, 0.9784313725490196, 0.9653061224489796, 0.9723320158102767]",batch,both
MNIST,small,43,10,a1,layerwise,firing_rate,baseline,,0.3,3,0.9812,0.9804,0.0697697151452303,0.064929408880556,165758,0.29508475585381,165440,0.2952562704471101,0.35283571702893823,21.6025390625,16,0,2048,0.3239201179239899,0.9804,0.06492940847813151,0.31670398893766105,234752,235146,"[0.9918367346938776, 0.9920704845814978, 0.9757751937984496, 0.9821782178217822, 0.9765784114052953, 0.9753363228699552, 0.9832985386221295, 0.9776264591439688, 0.9702258726899384, 0.977205153617443]","[0.9860973187686196, 0.9845313921747043, 0.9860834990059643, 0.9785575048732943, 0.9815573770491803, 0.9788182831661093, 0.9887410440122825, 0.9813725490196078, 0.9693877551020408, 0.9762845849802372]",batch,both
MNIST,small,43,10,a1,layerwise,firing_rate,baseline,,0.3,5,0.9809,0.9809,0.06828250698447227,0.06390409148274921,165758,0.29508475585381,165440,0.2952562704471101,0.35283571702893823,21.6025390625,16,0,2048,0.3147842329926789,0.9809,0.06390409180535934,0.32507448992691934,234752,235146,"[0.9928571428571429, 0.9929515418502203, 0.9777131782945736, 0.9821782178217822, 0.9786150712830958, 0.9775784753363229, 0.9822546972860126, 0.9766536964980544, 0.971252566735113, 0.9752229930624381]","[0.9900695134061569, 0.9854413102820746, 0.9840954274353877, 0.9756335282651072, 0.9836065573770492, 0.9821627647714605, 0.9836233367451381, 0.9823529411764705, 0.9683673469387755, 0.9733201581027668]",batch,both
MNIST,small,43,10,a1,layerwise,firing_rate,baseline,,0.4,0,0.9077,0.907,0.24684150768518448,0.23648014435768128,142020,0.39603480390906076,141728,0.39626499454743724,0.35283571702893823,21.6025390625,16,0,2048,0.3160623268922791,0.907,0.2364801736354828,0.31882269599009305,234752,235146,"[0.986734693877551, 0.4731277533039648, 0.935077519379845, 0.9693069306930693, 0.9765784114052953, 0.945067264573991, 0.9832985386221295, 0.9260700389105059, 0.9794661190965093, 0.9633300297324083]","[0.9801390268123138, 0.47042766151046406, 0.941351888667992, 0.9668615984405458, 0.9743852459016393, 0.939799331103679, 0.9825997952917093, 0.9480392156862745, 0.9724489795918367, 0.9486166007905138]",batch,both
MNIST,small,43,10,a1,layerwise,firing_rate,baseline,,0.4,1,0.9768,0.9787,0.07885732519030571,0.07410728829409927,142020,0.39603480390906076,141728,0.39626499454743724,0.35283571702893823,21.6025390625,16,0,2048,0.30796436208765954,0.9787,0.07410728719290346,0.3312055739806965,234752,235146,"[0.9918367346938776, 0.9947136563876652, 0.9718992248062015, 0.9801980198019802, 0.9786150712830958, 0.9753363228699552, 0.9812108559498957, 0.9678988326848249, 0.9702258726899384, 0.9732408325074331]","[0.9860973187686196, 0.9836214740673339, 0.9801192842942346, 0.969785575048733, 0.9805327868852459, 0.9743589743589743, 0.9825997952917093, 0.9784313725490196, 0.9622448979591837, 0.9693675889328063]",batch,both
MNIST,small,43,10,a1,layerwise,firing_rate,baseline,,0.4,3,0.9779,0.9798,0.07232130715548993,0.06818105890508741,142020,0.39603480390906076,141728,0.39626499454743724,0.35283571702893823,21.6025390625,16,0,2048,0.32498201995622367,0.9798,0.06818105641063303,0.3393000459764153,234752,235146,"[0.9897959183673469, 0.9929515418502203, 0.9767441860465116, 0.9821782178217822, 0.9826883910386965, 0.9775784753363229, 0.9822546972860126, 0.9727626459143969, 0.9681724845995893, 0.9712586719524281]","[0.9860973187686196, 0.9854413102820746, 0.9801192842942346, 0.9707602339181286, 0.9836065573770492, 0.9777034559643255, 0.984646878198567, 0.9794117647058823, 0.9642857142857143, 0.9664031620553359]",batch,both
MNIST,small,43,10,a1,layerwise,firing_rate,baseline,,0.4,5,0.9795,0.9804,0.07054013677239418,0.06523179022679106,142020,0.39603480390906076,141728,0.39626499454743724,0.35283571702893823,21.6025390625,16,0,2048,0.3287360130343586,0.9804,0.06523179195607082,0.3211870949016884,234752,235146,"[0.9928571428571429, 0.9929515418502203, 0.9757751937984496, 0.9851485148514851, 0.9796334012219959, 0.976457399103139, 0.9801670146137788, 0.97568093385214, 0.971252566735113, 0.9722497522299306]","[0.9851042701092354, 0.9881710646041856, 0.9801192842942346, 0.9756335282651072, 0.9836065573770492, 0.9765886287625418, 0.9836233367451381, 0.9813725490196078, 0.9663265306122449, 0.9733201581027668]",batch,both
MNIST,small,43,10,a1,layerwise,firing_rate,baseline,,0.5,0,0.8504,0.846,0.4431155030488968,0.4424001275062561,118282,0.4969848519643115,118016,0.4972737186477645,0.35283571702893823,21.6025390625,16,0,2048,0.3295771679840982,0.846,0.44240015835762025,0.322570359101519,234752,235146,"[0.9755102040816327, 0.14273127753303966, 0.8691860465116279, 0.9089108910891089, 0.9775967413441955, 0.9159192825112108, 0.9770354906054279, 0.8706225680933852, 0.9825462012320328, 0.9534192269573836]","[0.9642502482621649, 0.13193812556869883, 0.9025844930417495, 0.9122807017543859, 0.9815573770491803, 0.9096989966555183, 0.9825997952917093, 0.8784313725490196, 0.9755102040816327, 0.9466403162055336]",batch,both
MNIST,small,43,10,a1,layerwise,firing_rate,baseline,,0.5,1,0.9739,0.974,0.0874391233921051,0.0832919875599444,118282,0.4969848519643115,118016,0.4972737186477645,0.35283571702893823,21.6025390625,16,0,2048,0.3273939690552652,0.974,0.08329198725670577,0.3306988870026544,234752,235146,"[0.9918367346938776, 0.9938325991189427, 0.9651162790697675, 0.9752475247524752, 0.9735234215885947, 0.9663677130044843, 0.9770354906054279, 0.9678988326848249, 0.9609856262833676, 0.9653121902874133]","[0.9900695134061569, 0.9854413102820746, 0.9691848906560636, 0.9668615984405458, 0.9754098360655737, 0.9687848383500557, 0.984646878198567, 0.9735294117647059, 0.9551020408163265, 0.9683794466403162]",batch,both
MNIST,small,43,10,a1,layerwise,firing_rate,baseline,,0.5,3,0.9767,0.9783,0.0762331734508276,0.07314720010757446,118282,0.4969848519643115,118016,0.4972737186477645,0.35283571702893823,21.6025390625,16,0,2048,0.3123156069777906,0.9783,0.07314720164686442,0.3213472740026191,234752,235146,"[0.9918367346938776, 0.9920704845814978, 0.9728682170542635, 0.9792079207920792, 0.9745417515274949, 0.976457399103139, 0.9822546972860126, 0.9717898832684825, 0.9681724845995893, 0.9722497522299306]","[0.9860973187686196, 0.9872611464968153, 0.974155069582505, 0.9678362573099415, 0.9774590163934426, 0.9732441471571907, 0.9856704196519959, 0.9803921568627451, 0.960204081632653, 0.9733201581027668]",batch,both
MNIST,small,43,10,a1,layerwise,firing_rate,baseline,,0.5,5,0.9782,0.9786,0.07268249043226242,0.06857859202567487,118282,0.4969848519643115,118016,0.4972737186477645,0.35283571702893823,21.6025390625,16,0,2048,0.31563411094248295,0.9786,0.06857859152648597,0.3174604029627517,234752,235146,"[0.9918367346938776, 0.9911894273127754, 0.9767441860465116, 0.9801980198019802, 0.9806517311608961, 0.9730941704035875, 0.9801670146137788, 0.9698443579766537, 0.971252566735113, 0.9692765113974232]","[0.9870903674280039, 0.9872611464968153, 0.9791252485089463, 0.9766081871345029, 0.9795081967213115, 0.9698996655518395, 0.984646878198567, 0.9774509803921568, 0.9653061224489796, 0.9733201581027668]",batch,both
MNIST,small,43,10,a1,layerwise,firing_rate,baseline,,0.7,0,0.7109,0.7042,0.9524585114955902,0.9840884605407715,71719,0.6950022539188419,71504,0.6954062159214831,0.35283571702893823,21.6025390625,16,0,2048,0.3213342069648206,0.7042,0.9840884779930115,0.363905415055342,234752,235146,"[0.9357142857142857, 0.0, 0.7354651162790697, 0.6059405940594059, 0.960285132382892, 0.3172645739910314, 0.9258872651356994, 0.7315175097276264, 0.9815195071868583, 0.9246778989098117]","[0.9344587884806356, 0.0, 0.7723658051689861, 0.5916179337231969, 0.9579918032786885, 0.3333333333333333, 0.9140225179119754, 0.7490196078431373, 0.9846938775510204, 0.9169960474308301]",batch,both
MNIST,small,43,10,a1,layerwise,firing_rate,baseline,,0.7,1,0.9601,0.959,0.13962293689250946,0.13731632057726384,71719,0.6950022539188419,71504,0.6954062159214831,0.35283571702893823,21.6025390625,16,0,2048,0.31661150394938886,0.959,0.1373163230895996,0.3187288569752127,234752,235146,"[0.9846938775510204, 0.9885462555066079, 0.9408914728682171, 0.9574257425742574, 0.9684317718940937, 0.9417040358744395, 0.9665970772442589, 0.9562256809338522, 0.9435318275154004, 0.9375619425173439]","[0.9791459781529295, 0.9808917197452229, 0.9502982107355865, 0.9600389863547758, 0.9774590163934426, 0.9453734671125975, 0.9744114636642784, 0.9598039215686275, 0.926530612244898, 0.9436758893280632]",batch,both
MNIST,small,43,10,a1,layerwise,firing_rate,baseline,,0.7,3,0.9678,0.9676,0.10804902446866035,0.10701180625557899,71719,0.6950022539188419,71504,0.6954062159214831,0.35283571702893823,21.6025390625,16,0,2048,0.328240429982543,0.9676,0.10701180938184261,0.31688695400953293,234752,235146,"[0.9897959183673469, 0.9885462555066079, 0.9641472868217055, 0.9702970297029703, 0.9643584521384929, 0.9551569506726457, 0.9697286012526096, 0.9640077821011673, 0.9568788501026694, 0.9494549058473737]","[0.9831181727904668, 0.9808917197452229, 0.967196819085487, 0.9590643274853801, 0.9723360655737705, 0.9632107023411371, 0.9805527123848515, 0.9696078431372549, 0.939795918367347, 0.9604743083003953]",batch,both
MNIST,small,43,10,a1,layerwise,firing_rate,baseline,,0.7,5,0.9706,0.9718,0.09872969595491886,0.09687190100103617,71719,0.6950022539188419,71504,0.6954062159214831,0.35283571702893823,21.6025390625,16,0,2048,0.32330293592531234,0.9718,0.09687190309911967,0.3312722579576075,234752,235146,"[0.9887755102040816, 0.9885462555066079, 0.9680232558139535, 0.9772277227722772, 0.9704684317718941, 0.9573991031390134, 0.9728601252609603, 0.9717898832684825, 0.9620123203285421, 0.9573835480673935]","[0.9821251241310824, 0.9827115559599636, 0.9761431411530815, 0.9649122807017544, 0.9754098360655737, 0.9565217391304348, 0.9836233367451381, 0.9715686274509804, 0.9438775510204082, 0.9664031620553359]",batch,both
MNIST,small,43,10,a2,layerwise,firing_rate,baseline,,0.05,0,0.9786,0.9791,0.07923265926539898,0.06977190629749093,233544,0.006812788650455426,233156,0.006798664122137366,0.35283571702893823,21.6025390625,16,0,2048,0.32303800096269697,0.9791,0.06977190720310901,0.32018641906324774,234752,235146,"[0.9908163265306122, 0.9911894273127754, 0.9777131782945736, 0.9752475247524752, 0.984725050916497, 0.9798206278026906, 0.9843423799582464, 0.9688715953307393, 0.9681724845995893, 0.9692765113974232]","[0.9900695134061569, 0.986351228389445, 0.9811133200795229, 0.9746588693957114, 0.9846311475409836, 0.9765886287625418, 0.9887410440122825, 0.9803921568627451, 0.9581632653061225, 0.9644268774703557]",batch,both
MNIST,small,43,10,a2,layerwise,firing_rate,baseline,,0.05,1,0.9814,0.9817,0.06912676839642226,0.06257122416918864,233544,0.006812788650455426,233156,0.006798664122137366,0.35283571702893823,21.6025390625,16,0,2048,0.3125773509964347,0.9817,0.06257122512882343,0.33796613197773695,234752,235146,"[0.9908163265306122, 0.9938325991189427, 0.9835271317829457, 0.9792079207920792, 0.9796334012219959, 0.9820627802690582, 0.9843423799582464, 0.9776264591439688, 0.9702258726899384, 0.9742319127849356]","[0.9870903674280039, 0.9872611464968153, 0.9850894632206759, 0.9756335282651072, 0.9836065573770492, 0.9810479375696767, 0.9856704196519959, 0.9882352941176471, 0.9663265306122449, 0.9733201581027668]",batch,both
MNIST,small,43,10,a2,layerwise,firing_rate,baseline,,0.05,3,0.9821,0.9818,0.06671935967542231,0.06280949506196193,233544,0.006812788650455426,233156,0.006798664122137366,0.35283571702893823,21.6025390625,16,0,2048,0.32224630506243557,0.9818,0.06280949361729436,0.31446059595327824,234752,235146,"[0.9908163265306122, 0.9920704845814978, 0.9815891472868217, 0.9841584158415841, 0.9786150712830958, 0.9809417040358744, 0.9843423799582464, 0.97568093385214, 0.973305954825462, 0.9752229930624381]","[0.9860973187686196, 0.9881710646041856, 0.9831013916500994, 0.9834307992202729, 0.9815573770491803, 0.9810479375696767, 0.984646878198567, 0.9872549019607844, 0.9683673469387755, 0.9762845849802372]",batch,both
MNIST,small,43,10,a2,layerwise,firing_rate,baseline,,0.05,5,0.9825,0.982,0.0680161571200937,0.06390677737283404,233544,0.006812788650455426,233156,0.006798664122137366,0.35283571702893823,21.6025390625,16,0,2048,0.3138865759829059,0.982,0.06390677469062503,0.3217495320132002,234752,235146,"[0.9908163265306122, 0.9911894273127754, 0.9854651162790697, 0.9811881188118812, 0.9806517311608961, 0.9820627802690582, 0.9832985386221295, 0.9785992217898832, 0.9722792607802875, 0.9732408325074331]","[0.9910625620655412, 0.9854413102820746, 0.9831013916500994, 0.9805068226120858, 0.9846311475409836, 0.9832775919732442, 0.984646878198567, 0.9862745098039216, 0.9673469387755103, 0.9782608695652174]",batch,both
MNIST,small,43,10,a2,layerwise,firing_rate,baseline,,0.1,0,0.9784,0.9787,0.07937271897792816,0.06891780347637833,231942,0.013625577300910963,231560,0.013597328244274842,0.35283571702893823,21.6025390625,16,0,2048,0.33095172501634806,0.9787,0.06891780190058053,0.32072426099330187,234752,235146,"[0.9908163265306122, 0.9903083700440528, 0.9796511627906976, 0.9762376237623762, 0.9837067209775967, 0.9786995515695067, 0.9853862212943633, 0.9640077821011673, 0.9681724845995893, 0.9692765113974232]","[0.9890764647467726, 0.9845313921747043, 0.9811133200795229, 0.9746588693957114, 0.9846311475409836, 0.9777034559643255, 0.9887410440122825, 0.9803921568627451, 0.9591836734693877, 0.9634387351778656]",batch,both
MNIST,small,43,10,a2,layerwise,firing_rate,baseline,,0.1,1,0.982,0.9809,0.06996959061585367,0.0622947367505054,231942,0.013625577300910963,231560,0.013597328244274842,0.35283571702893823,21.6025390625,16,0,2048,0.32467386999633163,0.9809,0.06229473563887877,0.3210481229471043,234752,235146,"[0.9918367346938776, 0.9920704845814978, 0.9825581395348837, 0.9792079207920792, 0.9816700610997964, 0.9820627802690582, 0.9812108559498957, 0.9785992217898832, 0.9681724845995893, 0.9702675916749257]","[0.9890764647467726, 0.9872611464968153, 0.9850894632206759, 0.9785575048732943, 0.985655737704918, 0.9832775919732442, 0.984646878198567, 0.9852941176470589, 0.9663265306122449, 0.974308300395257]",batch,both
MNIST,small,43,10,a2,layerwise,firing_rate,baseline,,0.1,3,0.982,0.9824,0.06851566111966968,0.0631211378716107,231942,0.013625577300910963,231560,0.013597328244274842,0.35283571702893823,21.6025390625,16,0,2048,0.30984593799803406,0.9824,0.0631211359813984,0.33580596500542015,234752,235146,"[0.9908163265306122, 0.9938325991189427, 0.9806201550387597, 0.9841584158415841, 0.9826883910386965, 0.9809417040358744, 0.9832985386221295, 0.980544747081712, 0.9702258726899384, 0.9752229930624381]","[0.9870903674280039, 0.9881710646041856, 0.9811133200795229, 0.97953216374269, 0.9846311475409836, 0.9810479375696767, 0.9866939611054247, 0.9882352941176471, 0.9673469387755103, 0.9752964426877471]",batch,both
MNIST,small,43,10,a2,layerwise,firing_rate,baseline,,0.1,5,0.9821,0.9821,0.06803647209778428,0.06226991066043847,231942,0.013625577300910963,231560,0.013597328244274842,0.35283571702893823,21.6025390625,16,0,2048,0.3103791190078482,0.9821,0.06226991040786379,0.31449386989697814,234752,235146,"[0.9918367346938776, 0.9920704845814978, 0.9815891472868217, 0.9811881188118812, 0.9806517311608961, 0.9820627802690582, 0.9832985386221295, 0.9766536964980544, 0.9743326488706365, 0.9762140733399405]","[0.9880834160873883, 0.9845313921747043, 0.9831013916500994, 0.9756335282651072, 0.9836065573770492, 0.9843924191750278, 0.9866939611054247, 0.984313725490196, 0.9724489795918367, 0.9782608695652174]",batch,both
MNIST,small,43,10,a2,layerwise,firing_rate,baseline,,0.2,0,0.9781,0.9791,0.07741326448619365,0.06736447147643193,228471,0.028386619376897793,228102,0.028327767175572505,0.35283571702893823,21.6025390625,16,0,2048,0.303289563045837,0.9791,0.06736447246586903,0.3149706369731575,234752,235146,"[0.9908163265306122, 0.9885462555066079, 0.9825581395348837, 0.9772277227722772, 0.984725050916497, 0.9809417040358744, 0.9832985386221295, 0.9698443579766537, 0.9661190965092402, 0.9663032705649157]","[0.9900695134061569, 0.9836214740673339, 0.9850894632206759, 0.9785575048732943, 0.9846311475409836, 0.9765886287625418, 0.9836233367451381, 0.9823529411764705, 0.9581632653061225, 0.9575098814229249]",batch,both
MNIST,small,43,10,a2,layerwise,firing_rate,baseline,,0.2,1,0.9815,0.9818,0.0664824474208057,0.060075524143269284,228471,0.028386619376897793,228102,0.028327767175572505,0.35283571702893823,21.6025390625,16,0,2048,0.30844633805099875,0.9818,0.06007552412408404,0.3247705720132217,234752,235146,"[0.9918367346938776, 0.9938325991189427, 0.9825581395348837, 0.9772277227722772, 0.9806517311608961, 0.9831838565022422, 0.9812108559498957, 0.9815175097276264, 0.9691991786447639, 0.9752229930624381]","[0.9870903674280039, 0.9881710646041856, 0.9831013916500994, 0.9785575048732943, 0.9815573770491803, 0.9821627647714605, 0.9856704196519959, 0.9872549019607844, 0.9653061224489796, 0.9752964426877471]",batch,both
MNIST,small,43,10,a2,layerwise,firing_rate,baseline,,0.2,3,0.9806,0.9811,0.06830764778554439,0.06155324806903954,228471,0.028386619376897793,228102,0.028327767175572505,0.35283571702893823,21.6025390625,16,0,2048,0.32168854703195393,0.9811,0.06155324914229568,0.3293720510555431,234752,235146,"[0.9908163265306122, 0.9920704845814978, 0.9825581395348837, 0.9752475247524752, 0.9826883910386965, 0.9831838565022422, 0.9822546972860126, 0.980544747081712, 0.9681724845995893, 0.9722497522299306]","[0.9870903674280039, 0.986351228389445, 0.9831013916500994, 0.9727095516569201, 0.9836065573770492, 0.9832775919732442, 0.9866939611054247, 0.9872549019607844, 0.9642857142857143, 0.9713438735177866]",batch,both
MNIST,small,43,10,a2,layerwise,firing_rate,baseline,,0.2,5,0.9822,0.9823,0.0682072628878057,0.061183654762164225,228471,0.028386619376897793,228102,0.028327767175572505,0.35283571702893823,21.6025390625,16,0,2048,0.3268288620747626,0.9823,0.06118365426483797,0.33579519495833665,234752,235146,"[0.9897959183673469, 0.9920704845814978, 0.9815891472868217, 0.9801980198019802, 0.9786150712830958, 0.9831838565022422, 0.9864300626304802, 0.9824902723735408, 0.973305954825462, 0.9742319127849356]","[0.9841112214498511, 0.989080982711556, 0.9811133200795229, 0.9766081871345029, 0.9836065573770492, 0.9866220735785953, 0.9897645854657113, 0.9862745098039216, 0.9693877551020408, 0.9752964426877471]",batch,both
MNIST,small,43,10,a2,layerwise,firing_rate,baseline,,0.3,0,0.9766,0.9789,0.07926515070199966,0.0703402354374528,225000,0.04314766145288462,224644,0.04305820610687028,0.35283571702893823,21.6025390625,16,0,2048,0.32677493104711175,0.9789,0.07034023497253657,0.3266551409615204,234752,235146,"[0.9887755102040816, 0.9894273127753304, 0.9844961240310077, 0.9792079207920792, 0.9867617107942973, 0.9786995515695067, 0.9832985386221295, 0.9688715953307393, 0.9650924024640657, 0.9633300297324083]","[0.9841112214498511, 0.9790718835304822, 0.9821073558648111, 0.9766081871345029, 0.9866803278688525, 0.9788182831661093, 0.9836233367451381, 0.9803921568627451, 0.9561224489795919, 0.958498023715415]",batch,both
MNIST,small,43,10,a2,layerwise,firing_rate,baseline,,0.3,1,0.981,0.9802,0.06771317865252495,0.06054017781866714,225000,0.04314766145288462,224644,0.04305820610687028,0.35283571702893823,21.6025390625,16,0,2048,0.31700667506083846,0.9802,0.06054017878090963,0.356639891047962,234752,235146,"[0.9908163265306122, 0.9911894273127754, 0.9835271317829457, 0.9752475247524752, 0.9796334012219959, 0.9820627802690582, 0.9822546972860126, 0.980544747081712, 0.9691991786447639, 0.9663032705649157]","[0.9880834160873883, 0.9872611464968153, 0.9821073558648111, 0.9766081871345029, 0.9795081967213115, 0.9810479375696767, 0.9836233367451381, 0.9882352941176471, 0.9693877551020408, 0.9733201581027668]",batch,both
MNIST,small,43,10,a2,layerwise,firing_rate,baseline,,0.3,3,0.9826,0.9815,0.06568282205611467,0.06169580683647655,225000,0.04314766145288462,224644,0.04305820610687028,0.35283571702893823,21.6025390625,16,0,2048,0.3214564489899203,0.9815,0.06169580673254095,0.3335825890535489,234752,235146,"[0.9908163265306122, 0.9929515418502203, 0.9796511627906976, 0.9782178217821782, 0.9816700610997964, 0.9865470852017937, 0.9791231732776617, 0.9747081712062257, 0.9722792607802875, 0.9781962338949455]","[0.9880834160873883, 0.9881710646041856, 0.9831013916500994, 0.9736842105263158, 0.985655737704918, 0.9866220735785953, 0.9856704196519959, 0.984313725490196, 0.9714285714285714, 0.9792490118577075]",batch,both
MNIST,small,43,10,a2,layerwise,firing_rate,baseline,,0.3,5,0.9827,0.9823,0.06636265397071839,0.05993519161551376,225000,0.04314766145288462,224644,0.04305820610687028,0.35283571702893823,21.6025390625,16,0,2048,0.3242459280882031,0.9823,0.059935193258180516,0.32250712101813406,234752,235146,"[0.9908163265306122, 0.9929515418502203, 0.9796511627906976, 0.9792079207920792, 0.9806517311608961, 0.984304932735426, 0.9843423799582464, 0.9795719844357976, 0.971252566735113, 0.979187314172448]","[0.9860973187686196, 0.9899909008189263, 0.9821073558648111, 0.9785575048732943, 0.9846311475409836, 0.9843924191750278, 0.9887410440122825, 0.9872549019607844, 0.9663265306122449, 0.9782608695652174]",batch,both
MNIST,small,43,10,a2,layerwise,firing_rate,baseline,,0.4,0,0.9753,0.9766,0.08639071573019028,0.07811012154072523,221529,0.05790870352887145,221186,0.05778864503816794,0.35283571702893823,21.6025390625,16,0,2048,0.31577299698255956,0.9766,0.07811012177467347,0.32165166398044676,234752,235146,"[0.9877551020408163, 0.9894273127753304, 0.9806201550387597, 0.9792079207920792, 0.9837067209775967, 0.9753363228699552, 0.9822546972860126, 0.9601167315175098, 0.9650924024640657, 0.9613478691774033]","[0.9781529294935452, 0.9790718835304822, 0.9801192842942346, 0.9785575048732943, 0.9866803278688525, 0.9710144927536232, 0.9815762538382804, 0.9725490196078431, 0.9561224489795919, 0.9683794466403162]",batch,both
MNIST,small,43,10,a2,layerwise,firing_rate,baseline,,0.4,1,0.981,0.98,0.06671841421723365,0.06190254099662416,221529,0.05790870352887145,221186,0.05778864503816794,0.35283571702893823,21.6025390625,16,0,2048,0.30751685495488346,0.98,0.06190254280264489,0.32607124699279666,234752,235146,"[0.9908163265306122, 0.9929515418502203, 0.9777131782945736, 0.9782178217821782, 0.9826883910386965, 0.9820627802690582, 0.9791231732776617, 0.9795719844357976, 0.9681724845995893, 0.9672943508424182]","[0.9890764647467726, 0.9845313921747043, 0.9801192842942346, 0.9736842105263158, 0.9866803278688525, 0.9810479375696767, 0.9866939611054247, 0.984313725490196, 0.9704081632653061, 0.9733201581027668]",batch,both
MNIST,small,43,10,a2,layerwise,firing_rate,baseline,,0.4,3,0.9819,0.981,0.06552333806753159,0.061822454875148834,221529,0.05790870352887145,221186,0.05778864503816794,0.35283571702893823,21.6025390625,16,0,2048,0.31721428607124835,0.981,0.06182245452795178,0.31442972796503454,234752,235146,"[0.9908163265306122, 0.9911894273127754, 0.9806201550387597, 0.9831683168316832, 0.9765784114052953, 0.9786995515695067, 0.9822546972860126, 0.9776264591439688, 0.9722792607802875, 0.9752229930624381]","[0.9841112214498511, 0.9845313921747043, 0.9781312127236581, 0.9805068226120858, 0.9836065573770492, 0.9832775919732442, 0.9897645854657113, 0.9852941176470589, 0.9724489795918367, 0.9772727272727273]",batch,both
MNIST,small,43,10,a2,layerwise,firing_rate,baseline,,0.4,5,0.9825,0.9816,0.06489602857083082,0.06263823154523852,221529,0.05790870352887145,221186,0.05778864503816794,0.35283571702893823,21.6025390625,16,0,2048,0.3106226520612836,0.9816,0.0626382310266781,0.3215477850753814,234752,235146,"[0.9918367346938776, 0.9920704845814978, 0.9815891472868217, 0.9801980198019802, 0.9816700610997964, 0.9854260089686099, 0.9801670146137788, 0.9785992217898832, 0.971252566735113, 0.9722497522299306]","[0.9860973187686196, 0.989080982711556, 0.9791252485089463, 0.9805068226120858, 0.9846311475409836, 0.9843924191750278, 0.9856704196519959, 0.9882352941176471, 0.9704081632653061, 0.9762845849802372]",batch,both
MNIST,small,43,10,a2,layerwise,firing_rate,baseline,,0.5,0,0.9741,0.976,0.10229245991706848,0.09448643372505904,218058,0.07266974560485828,217728,0.0725190839694656,0.35283571702893823,21.6025390625,16,0,2048,0.3265206170035526,0.976,0.09448643421381712,0.3193323069717735,234752,235146,"[0.986734693877551, 0.9903083700440528, 0.9883720930232558, 0.9821782178217822, 0.9806517311608961, 0.9641255605381166, 0.9812108559498957, 0.9678988326848249, 0.9496919917864476, 0.9653121902874133]","[0.9811320754716981, 0.9818016378525932, 0.9840954274353877, 0.9814814814814815, 0.9815573770491803, 0.9632107023411371, 0.9805527123848515, 0.9794117647058823, 0.939795918367347, 0.9654150197628458]",batch,both
MNIST,small,43,10,a2,layerwise,firing_rate,baseline,,0.5,1,0.981,0.9798,0.06561226696968078,0.06278173197465949,218058,0.07266974560485828,217728,0.0725190839694656,0.35283571702893823,21.6025390625,16,0,2048,0.30545389000326395,0.9798,0.0627817317898851,0.30994218692649156,234752,235146,"[0.9908163265306122, 0.9920704845814978, 0.9796511627906976, 0.9821782178217822, 0.9786150712830958, 0.9798206278026906, 0.9832985386221295, 0.9737354085603113, 0.9691991786447639, 0.9672943508424182]","[0.9880834160873883, 0.9836214740673339, 0.9821073558648111, 0.97953216374269, 0.9836065573770492, 0.9810479375696767, 0.9856704196519959, 0.984313725490196, 0.9683673469387755, 0.9733201581027668]",batch,both
MNIST,small,43,10,a2,layerwise,firing_rate,baseline,,0.5,3,0.9815,0.9804,0.06388917106389999,0.06049806514047086,218058,0.07266974560485828,217728,0.0725190839694656,0.35283571702893823,21.6025390625,16,0,2048,0.31759012199472636,0.9804,0.06049806618876755,0.3417388389352709,234752,235146,"[0.9908163265306122, 0.9920704845814978, 0.9815891472868217, 0.9811881188118812, 0.9796334012219959, 0.9798206278026906, 0.9843423799582464, 0.9727626459143969, 0.9691991786447639, 0.9712586719524281]","[0.9860973187686196, 0.9845313921747043, 0.9801192842942346, 0.9766081871345029, 0.9836065573770492, 0.9821627647714605, 0.9887410440122825, 0.9862745098039216, 0.9704081632653061, 0.9762845849802372]",batch,both
MNIST,small,43,10,a2,layerwise,firing_rate,baseline,,0.5,5,0.9814,0.9805,0.06360441914498806,0.06078887549971696,218058,0.07266974560485828,217728,0.0725190839694656,0.35283571702893823,21.6025390625,16,0,2048,0.32015105697792023,0.9805,0.06078887426739093,0.3180907180067152,234752,235146,"[0.9908163265306122, 0.9920704845814978, 0.9815891472868217, 0.9792079207920792, 0.9786150712830958, 0.9809417040358744, 0.9843423799582464, 0.9737354085603113, 0.9691991786447639, 0.9732408325074331]","[0.9870903674280039, 0.9845313921747043, 0.9801192842942346, 0.97953216374269, 0.9825819672131147, 0.9832775919732442, 0.9877175025588536, 0.9862745098039216, 0.9663265306122449, 0.9762845849802372]",batch,both
MNIST,small,43,10,a2,layerwise,firing_rate,baseline,,0.7,0,0.9622,0.9609,0.2680312457561493,0.25624998421669004,211383,0.10105636498175596,211078,0.10084685114503822,0.35283571702893823,21.6025390625,16,0,2048,0.30807099991943687,0.9609,0.2562499847650528,0.3213026539888233,234752,235146,"[0.986734693877551, 0.9850220264317181, 0.9796511627906976, 0.9881188118811881, 0.9867617107942973, 0.9147982062780269, 0.9812108559498957, 0.9250972762645915, 0.9014373716632443, 0.9524281466798811]","[0.9860973187686196, 0.9736123748862603, 0.9821073558648111, 0.9834307992202729, 0.9887295081967213, 0.9208472686733556, 0.9836233367451381, 0.9264705882352942, 0.9163265306122449, 0.9555335968379447]",batch,both
MNIST,small,43,10,a2,layerwise,firing_rate,baseline,,0.7,1,0.9763,0.9779,0.08027693775594234,0.07369623108655214,211383,0.10105636498175596,211078,0.10084685114503822,0.35283571702893823,21.6025390625,16,0,2048,0.31171811604872346,0.9779,0.07369623195379972,0.33760282793082297,234752,235146,"[0.9918367346938776, 0.9911894273127754, 0.9786821705426356, 0.9752475247524752, 0.9775967413441955, 0.984304932735426, 0.9791231732776617, 0.9737354085603113, 0.9640657084188912, 0.9623389494549058]","[0.9890764647467726, 0.9854413102820746, 0.9751491053677932, 0.9658869395711501, 0.9774590163934426, 0.979933110367893, 0.984646878198567, 0.9813725490196078, 0.960204081632653, 0.9634387351778656]",batch,both
MNIST,small,43,10,a2,layerwise,firing_rate,baseline,,0.7,3,0.9795,0.98,0.0704699035435915,0.0670283689333126,211383,0.10105636498175596,211078,0.10084685114503822,0.35283571702893823,21.6025390625,16,0,2048,0.3334452159469947,0.98,0.06702836807202547,0.328503570985049,234752,235146,"[0.9918367346938776, 0.9920704845814978, 0.9815891472868217, 0.9811881188118812, 0.9816700610997964, 0.9775784753363229, 0.9832985386221295, 0.9747081712062257, 0.971252566735113, 0.9633300297324083]","[0.9851042701092354, 0.9854413102820746, 0.974155069582505, 0.9785575048732943, 0.9836065573770492, 0.9788182831661093, 0.9887410440122825, 0.9833333333333333, 0.9642857142857143, 0.9723320158102767]",batch,both
MNIST,small,43,10,a2,layerwise,firing_rate,baseline,,0.7,5,0.9803,0.9806,0.06758644410967826,0.06361625307756476,211383,0.10105636498175596,211078,0.10084685114503822,0.35283571702893823,21.6025390625,16,0,2048,0.3329742109635845,0.9806,0.06361625394183211,0.31395095493644476,234752,235146,"[0.9908163265306122, 0.9911894273127754, 0.9825581395348837, 0.9831683168316832, 0.9765784114052953, 0.9775784753363229, 0.9843423799582464, 0.9737354085603113, 0.971252566735113, 0.9732408325074331]","[0.9860973187686196, 0.986351228389445, 0.9761431411530815, 0.9736842105263158, 0.9805327868852459, 0.9821627647714605, 0.9907881269191402, 0.9852941176470589, 0.9693877551020408, 0.9723320158102767]",batch,both
MNIST,small,43,10,all,all,activation_variance,baseline,,0.05,0,0.9784,0.9792,0.08083931535184384,0.07011657845957671,222660,0.05309892577377462,222284,0.05311136859323884,0.35283571702893823,21.6025390625,16,0,2048,0.30931005894672126,0.9792,0.07011657788886223,0.32002511201426387,234752,235146,"[0.9908163265306122, 0.9911894273127754, 0.9786821705426356, 0.9752475247524752, 0.9857433808553971, 0.9786995515695067, 0.9843423799582464, 0.9688715953307393, 0.9691991786447639, 0.9682854311199207]","[0.9900695134061569, 0.9854413102820746, 0.9811133200795229, 0.9746588693957114, 0.9846311475409836, 0.9777034559643255, 0.9887410440122825, 0.9803921568627451, 0.9571428571428572, 0.9634387351778656]",batch,both
MNIST,small,43,10,all,all,activation_variance,baseline,,0.05,1,0.9825,0.9814,0.0694834795396775,0.06389860929026618,222660,0.05309892577377462,222284,0.05311136859323884,0.35283571702893823,21.6025390625,16,0,2048,0.3170101579744369,0.9814,0.06389860967397108,0.3233557438943535,234752,235146,"[0.9908163265306122, 0.9938325991189427, 0.9806201550387597, 0.9782178217821782, 0.9806517311608961, 0.9820627802690582, 0.9822546972860126, 0.9815175097276264, 0.9691991786447639, 0.9732408325074331]","[0.9890764647467726, 0.9872611464968153, 0.9840954274353877, 0.9814814814814815, 0.9836065573770492, 0.9843924191750278, 0.9866939611054247, 0.9862745098039216, 0.9673469387755103, 0.974308300395257]",batch,both
MNIST,small,43,10,all,all,activation_variance,baseline,,0.05,3,0.9835,0.9816,0.06683513623960316,0.06088775781615986,222660,0.05309892577377462,222284,0.05311136859323884,0.35283571702893823,21.6025390625,16,0,2048,0.31224055704660714,0.9816,0.0608877579115273,0.31773489399347454,234752,235146,"[0.9908163265306122, 0.9929515418502203, 0.9825581395348837, 0.9801980198019802, 0.9796334012219959, 0.9786995515695067, 0.9822546972860126, 0.9795719844357976, 0.9702258726899384, 0.977205153617443]","[0.9870903674280039, 0.9872611464968153, 0.9870775347912525, 0.9824561403508771, 0.9836065573770492, 0.9821627647714605, 0.9866939611054247, 0.9872549019607844, 0.9704081632653061, 0.9802371541501976]",batch,both
MNIST,small,43,10,all,all,activation_variance,baseline,,0.05,5,0.9826,0.9821,0.06670796675384044,0.06327866386558745,222660,0.05309892577377462,222284,0.05311136859323884,0.35283571702893823,21.6025390625,16,0,2048,0.3429235899820924,0.9821,0.06327866379555198,0.3418080840492621,234752,235146,"[0.9908163265306122, 0.9929515418502203, 0.9835271317829457, 0.9762376237623762, 0.9806517311608961, 0.9809417040358744, 0.9853862212943633, 0.9795719844357976, 0.9743326488706365, 0.9752229930624381]","[0.9831181727904668, 0.9881710646041856, 0.9860834990059643, 0.9785575048732943, 0.9846311475409836, 0.9821627647714605, 0.9887410440122825, 0.9852941176470589, 0.9724489795918367, 0.9762845849802372]",batch,both
MNIST,small,43,10,all,all,activation_variance,baseline,,0.1,0,0.9776,0.9778,0.0846447254627943,0.0738374357368797,209417,0.10941712808212767,209060,0.10944315703380592,0.35283571702893823,21.6025390625,16,0,2048,0.32836067397147417,0.9778,0.0738374342020601,0.3308033640496433,234752,235146,"[0.9908163265306122, 0.9903083700440528, 0.9767441860465116, 0.9762376237623762, 0.984725050916497, 0.9775784753363229, 0.9843423799582464, 0.9659533073929961, 0.9691991786447639, 0.9613478691774033]","[0.9910625620655412, 0.9827115559599636, 0.9811133200795229, 0.9775828460038987, 0.985655737704918, 0.9743589743589743, 0.9887410440122825, 0.9794117647058823, 0.9571428571428572, 0.9575098814229249]",batch,both
MNIST,small,43,10,all,all,activation_variance,baseline,,0.1,1,0.9826,0.9814,0.06700047446638346,0.0612173469921574,209417,0.10941712808212767,209060,0.10944315703380592,0.35283571702893823,21.6025390625,16,0,2048,0.3117549909511581,0.9814,0.06121734640728682,0.33359658205881715,234752,235146,"[0.9908163265306122, 0.9938325991189427, 0.9806201550387597, 0.9772277227722772, 0.984725050916497, 0.9809417040358744, 0.9812108559498957, 0.9766536964980544, 0.971252566735113, 0.9752229930624381]","[0.9870903674280039, 0.986351228389445, 0.9870775347912525, 0.9775828460038987, 0.9866803278688525, 0.9832775919732442, 0.9866939611054247, 0.9852941176470589, 0.9683673469387755, 0.9772727272727273]",batch,both
MNIST,small,43,10,all,all,activation_variance,baseline,,0.1,3,0.9823,0.9816,0.06765398887693883,0.06308918159378227,209417,0.10941712808212767,209060,0.10944315703380592,0.35283571702893823,21.6025390625,16,0,2048,0.30181978608015925,0.9816,0.06308918185157236,0.31679852202069014,234752,235146,"[0.9918367346938776, 0.9929515418502203, 0.9786821705426356, 0.9782178217821782, 0.9816700610997964, 0.9809417040358744, 0.9832985386221295, 0.9785992217898832, 0.971252566735113, 0.977205153617443]","[0.9900695134061569, 0.986351228389445, 0.9831013916500994, 0.97953216374269, 0.9866803278688525, 0.9788182831661093, 0.9856704196519959, 0.984313725490196, 0.9693877551020408, 0.9782608695652174]",batch,both
MNIST,small,43,10,all,all,activation_variance,baseline,,0.1,5,0.9822,0.9816,0.06924071005620062,0.062207595473760736,209417,0.10941712808212767,209060,0.10944315703380592,0.35283571702893823,21.6025390625,16,0,2048,0.32353852095548064,0.9816,0.06220759543357417,0.33618580899201334,234752,235146,"[0.9908163265306122, 0.9929515418502203, 0.9825581395348837, 0.9772277227722772, 0.9765784114052953, 0.9798206278026906, 0.9843423799582464, 0.9795719844357976, 0.973305954825462, 0.977205153617443]","[0.9890764647467726, 0.986351228389445, 0.9870775347912525, 0.9805068226120858, 0.9825819672131147, 0.9832775919732442, 0.984646878198567, 0.984313725490196, 0.9663265306122449, 0.9772727272727273]",batch,both
MNIST,small,43,10,all,all,activation_variance,baseline,,0.2,0,0.9722,0.9738,0.09922402564287186,0.08848447319567204,183183,0.2209818580796612,182865,0.22102900081788446,0.35283571702893823,21.6025390625,16,0,2048,0.3269644019892439,0.9738,0.08848446723371745,0.33380504499655217,234752,235146,"[0.9908163265306122, 0.9779735682819384, 0.9757751937984496, 0.9792079207920792, 0.984725050916497, 0.9596412556053812, 0.9853862212943633, 0.9620622568093385, 0.9599589322381931, 0.9613478691774033]","[0.9880834160873883, 0.9663330300272975, 0.9811133200795229, 0.97953216374269, 0.9846311475409836, 0.9565217391304348, 0.9907881269191402, 0.9725490196078431, 0.9428571428571428, 0.958498023715415]",batch,both
MNIST,small,43,10,all,all,activation_variance,baseline,,0.2,1,0.9815,0.9797,0.07069021851867438,0.06366822301177308,183183,0.2209818580796612,182865,0.22102900081788446,0.35283571702893823,21.6025390625,16,0,2048,0.31298063800204545,0.9797,0.06366822204920464,0.3112026689341292,234752,235146,"[0.9918367346938776, 0.9938325991189427, 0.9748062015503876, 0.9752475247524752, 0.9816700610997964, 0.9798206278026906, 0.9843423799582464, 0.9737354085603113, 0.9671457905544147, 0.9732408325074331]","[0.9910625620655412, 0.9854413102820746, 0.9870775347912525, 0.9746588693957114, 0.9836065573770492, 0.9832775919732442, 0.9877175025588536, 0.9852941176470589, 0.963265306122449, 0.9733201581027668]",batch,both
MNIST,small,43,10,all,all,activation_variance,baseline,,0.2,3,0.9822,0.9815,0.06794489757269621,0.06173658791419584,183183,0.2209818580796612,182865,0.22102900081788446,0.35283571702893823,21.6025390625,16,0,2048,0.30578067002352327,0.9815,0.06173659352522809,0.3100417369278148,234752,235146,"[0.9928571428571429, 0.9938325991189427, 0.9815891472868217, 0.9811881188118812, 0.9806517311608961, 0.9786995515695067, 0.9822546972860126, 0.97568093385214, 0.971252566735113, 0.9752229930624381]","[0.9870903674280039, 0.9872611464968153, 0.9850894632206759, 0.9805068226120858, 0.9825819672131147, 0.9855072463768116, 0.984646878198567, 0.984313725490196, 0.9653061224489796, 0.9792490118577075]",batch,both
MNIST,small,43,10,all,all,activation_variance,baseline,,0.2,5,0.9824,0.9803,0.06922988031879067,0.06360164535280782,183183,0.2209818580796612,182865,0.22102900081788446,0.35283571702893823,21.6025390625,16,0,2048,0.32537000498268753,0.9803,0.06360164464239497,0.32059366104658693,234752,235146,"[0.9908163265306122, 0.9920704845814978, 0.9777131782945736, 0.9772277227722772, 0.9786150712830958, 0.9775784753363229, 0.9864300626304802, 0.980544747081712, 0.9691991786447639, 0.9712586719524281]","[0.9880834160873883, 0.989080982711556, 0.9840954274353877, 0.9785575048732943, 0.9825819672131147, 0.9855072463768116, 0.9856704196519959, 0.984313725490196, 0.9683673469387755, 0.9772727272727273]",batch,both
MNIST,small,43,10,all,all,activation_variance,baseline,,0.3,0,0.9644,0.9668,0.12719768341779708,0.11704905441999436,158500,0.32595068595680976,158220,0.3260121319520175,0.35283571702893823,21.6025390625,16,0,2048,0.3151662149466574,0.9668,0.11704905416369438,0.3163324580527842,234752,235146,"[0.9918367346938776, 0.9550660792951542, 0.9718992248062015, 0.9821782178217822, 0.9796334012219959, 0.9506726457399103, 0.9874739039665971, 0.9464980544747081, 0.9558521560574949, 0.9484638255698712]","[0.9900695134061569, 0.9372156505914467, 0.9691848906560636, 0.9736842105263158, 0.9795081967213115, 0.9498327759197325, 0.9907881269191402, 0.9627450980392157, 0.9448979591836735, 0.9476284584980237]",batch,both
MNIST,small,43,10,all,all,activation_variance,baseline,,0.3,1,0.9803,0.9796,0.07256405740976334,0.06663310614861548,158500,0.32595068595680976,158220,0.3260121319520175,0.35283571702893823,21.6025390625,16,0,2048,0.3187120489310473,0.9796,0.06663310701735317,0.3230739099672064,234752,235146,"[0.9928571428571429, 0.9920704845814978, 0.9728682170542635, 0.9742574257425742, 0.9816700610997964, 0.9798206278026906, 0.9843423799582464, 0.97568093385214, 0.971252566735113, 0.9702675916749257]","[0.9880834160873883, 0.9872611464968153, 0.9821073558648111, 0.9756335282651072, 0.9805327868852459, 0.9810479375696767, 0.9866939611054247, 0.9823529411764705, 0.9642857142857143, 0.974308300395257]",batch,both
MNIST,small,43,10,all,all,activation_variance,baseline,,0.3,3,0.9818,0.9804,0.06849009683132172,0.06359836605726742,158500,0.32595068595680976,158220,0.3260121319520175,0.35283571702893823,21.6025390625,16,0,2048,0.33167704206425697,0.9804,0.06359836585461162,0.31965379789471626,234752,235146,"[0.9918367346938776, 0.9929515418502203, 0.9777131782945736, 0.9782178217821782, 0.9796334012219959, 0.9809417040358744, 0.9832985386221295, 0.97568093385214, 0.9702258726899384, 0.9722497522299306]","[0.9851042701092354, 0.9872611464968153, 0.9860834990059643, 0.9775828460038987, 0.9836065573770492, 0.9855072463768116, 0.9866939611054247, 0.9852941176470589, 0.9683673469387755, 0.9723320158102767]",batch,both
MNIST,small,43,10,all,all,activation_variance,baseline,,0.3,5,0.9815,0.9803,0.06844922966808081,0.06482240679734387,158500,0.32595068595680976,158220,0.3260121319520175,0.35283571702893823,21.6025390625,16,0,2048,0.3125241859816015,0.9803,0.06482240723320283,0.3220317770028487,234752,235146,"[0.9938775510204082, 0.9920704845814978, 0.9757751937984496, 0.9821782178217822, 0.9775967413441955, 0.976457399103139, 0.9812108559498957, 0.9815175097276264, 0.9691991786447639, 0.9712586719524281]","[0.9880834160873883, 0.986351228389445, 0.9850894632206759, 0.9775828460038987, 0.9825819672131147, 0.9832775919732442, 0.9825997952917093, 0.9852941176470589, 0.9673469387755103, 0.9762845849802372]",batch,both
MNIST,small,43,10,all,all,activation_variance,baseline,,0.4,0,0.9047,0.9024,0.2722235616326332,0.26562378659248354,133605,0.43182108137072284,133364,0.4318940839694656,0.35283571702893823,21.6025390625,16,0,2048,0.31113289098721,0.9024,0.2656237958192825,0.3197886620182544,234752,235146,"[0.9908163265306122, 0.48370044052863437, 0.9641472868217055, 0.9801980198019802, 0.9796334012219959, 0.9035874439461884, 0.9864300626304802, 0.9270428015564203, 0.9589322381930184, 0.910802775024777]","[0.9900695134061569, 0.4959053685168335, 0.9652087475149106, 0.9668615984405458, 0.9774590163934426, 0.89520624303233, 0.9897645854657113, 0.9490196078431372, 0.9357142857142857, 0.9219367588932806]",batch,both
MNIST,small,43,10,all,all,activation_variance,baseline,,0.4,1,0.9775,0.9777,0.08068373273611068,0.0711728273436427,133605,0.43182108137072284,133364,0.4318940839694656,0.35283571702893823,21.6025390625,16,0,2048,0.33884374098852277,0.9777,0.07117282751053572,0.3082592829596251,234752,235146,"[0.9928571428571429, 0.9894273127753304, 0.9738372093023255, 0.9752475247524752, 0.984725050916497, 0.9719730941704036, 0.9812108559498957, 0.9708171206225681, 0.9702258726899384, 0.9653121902874133]","[0.9890764647467726, 0.9836214740673339, 0.9811133200795229, 0.9629629629629629, 0.9825819672131147, 0.9788182831661093, 0.9877175025588536, 0.9774509803921568, 0.9622448979591837, 0.9693675889328063]",batch,both
MNIST,small,43,10,all,all,activation_variance,baseline,,0.4,3,0.9801,0.9795,0.07160664205849171,0.06345905514806509,133605,0.43182108137072284,133364,0.4318940839694656,0.35283571702893823,21.6025390625,16,0,2048,0.32675739494152367,0.9795,0.06345905534997583,0.33200304105412215,234752,235146,"[0.9918367346938776, 0.9885462555066079, 0.9786821705426356, 0.9801980198019802, 0.9826883910386965, 0.9742152466367713, 0.9801670146137788, 0.9747081712062257, 0.973305954825462, 0.9692765113974232]","[0.9900695134061569, 0.9845313921747043, 0.9850894632206759, 0.9727095516569201, 0.9836065573770492, 0.9810479375696767, 0.9887410440122825, 0.9813725490196078, 0.9653061224489796, 0.9683794466403162]",batch,both
MNIST,small,43,10,all,all,activation_variance,baseline,,0.4,5,0.98,0.9803,0.06939024528861046,0.06227762375101447,133605,0.43182108137072284,133364,0.4318940839694656,0.35283571702893823,21.6025390625,16,0,2048,0.31777027691714466,0.9803,0.06227762398049235,0.31846495904028416,234752,235146,"[0.9928571428571429, 0.9911894273127754, 0.9786821705426356, 0.9831683168316832, 0.9826883910386965, 0.9730941704035875, 0.9832985386221295, 0.9747081712062257, 0.9722792607802875, 0.9692765113974232]","[0.9880834160873883, 0.9854413102820746, 0.9801192842942346, 0.9736842105263158, 0.9846311475409836, 0.979933110367893, 0.9887410440122825, 0.9823529411764705, 0.9663265306122449, 0.9703557312252964]",batch,both
MNIST,small,43,10,all,all,activation_variance,baseline,,0.5,0,0.8468,0.8412,0.43276268982887267,0.42914505128860475,109386,0.5348166670919343,109184,0.534896401308615,0.35283571702893823,21.6025390625,16,0,2048,0.3262000819668174,0.8412,0.4291450611114502,0.3240544240688905,234752,235146,"[0.9846938775510204, 0.32687224669603526, 0.9573643410852714, 0.9871287128712871, 0.9755600814663951, 0.8363228699551569, 0.9822546972860126, 0.9046692607003891, 0.6129363449691991, 0.910802775024777]","[0.9761668321747765, 0.34394904458598724, 0.9592445328031809, 0.9756335282651072, 0.9713114754098361, 0.842809364548495, 0.9866939611054247, 0.9294117647058824, 0.6142857142857143, 0.9120553359683794]",batch,both
MNIST,small,43,10,all,all,activation_variance,baseline,,0.5,1,0.9723,0.9743,0.09802410181462765,0.08778828929662705,109386,0.5348166670919343,109184,0.534896401308615,0.35283571702893823,21.6025390625,16,0,2048,0.3220550239784643,0.9743,0.08778828962743282,0.31322907097637653,234752,235146,"[0.9928571428571429, 0.9894273127753304, 0.9699612403100775, 0.9633663366336633, 0.9725050916496945, 0.9641255605381166, 0.9791231732776617, 0.97568093385214, 0.9661190965092402, 0.9672943508424182]","[0.9831181727904668, 0.9845313921747043, 0.9751491053677932, 0.9502923976608187, 0.9774590163934426, 0.979933110367893, 0.9805527123848515, 0.9803921568627451, 0.9469387755102041, 0.9644268774703557]",batch,both
MNIST,small,43,10,all,all,activation_variance,baseline,,0.5,3,0.9768,0.9778,0.08089112221300603,0.07352715976312757,109386,0.5348166670919343,109184,0.534896401308615,0.35283571702893823,21.6025390625,16,0,2048,0.3222152160014957,0.9778,0.07352715952992439,0.31462760095018893,234752,235146,"[0.9948979591836735, 0.9885462555066079, 0.9777131782945736, 0.9752475247524752, 0.9765784114052953, 0.9753363228699552, 0.9832985386221295, 0.9776264591439688, 0.9671457905544147, 0.9603567888999008]","[0.9870903674280039, 0.9854413102820746, 0.9821073558648111, 0.9639376218323586, 0.9784836065573771, 0.979933110367893, 0.9856704196519959, 0.9813725490196078, 0.9591836734693877, 0.9644268774703557]",batch,both
MNIST,small,43,10,all,all,activation_variance,baseline,,0.5,5,0.9778,0.9778,0.07505591610968113,0.07003861130475998,109386,0.5348166670919343,109184,0.534896401308615,0.35283571702893823,21.6025390625,16,0,2048,0.3202445269562304,0.9778,0.07003860903680324,0.32672966294921935,234752,235146,"[0.9938775510204082, 0.9876651982378855, 0.9767441860465116, 0.9762376237623762, 0.9806517311608961, 0.9742152466367713, 0.9812108559498957, 0.9747081712062257, 0.9702258726899384, 0.9613478691774033]","[0.9880834160873883, 0.9836214740673339, 0.9821073558648111, 0.969785575048733, 0.9825819672131147, 0.9765886287625418, 0.9866939611054247, 0.9803921568627451, 0.963265306122449, 0.9644268774703557]",batch,both
MNIST,small,43,10,all,all,activation_variance,baseline,,0.7,0,0.7078,0.7028,0.9231487567901612,0.9226030205726623,63887,0.728309220654402,63761,0.7283899604689203,0.35283571702893823,21.6025390625,16,0,2048,0.33687037299387157,0.7028,0.9226030304908752,0.3225141279399395,234752,235146,"[0.9908163265306122, 0.11013215859030837, 0.8401162790697675, 0.5910891089108911, 0.8910386965376782, 0.7141255605381166, 0.9801670146137788, 0.8180933852140078, 0.3141683778234086, 0.8622398414271556]","[0.9860973187686196, 0.08553230209281165, 0.8508946322067594, 0.5896686159844055, 0.8944672131147541, 0.6878483835005574, 0.9825997952917093, 0.8490196078431372, 0.3520408163265306, 0.8586956521739131]",batch,both
MNIST,small,43,10,all,all,activation_variance,baseline,,0.7,1,0.9467,0.9496,0.21424697325229644,0.20573859679698944,63887,0.728309220654402,63761,0.7283899604689203,0.35283571702893823,21.6025390625,16,0,2048,0.31371016800403595,0.9496,0.20573859808444978,0.31582729995716363,234752,235146,"[0.9908163265306122, 0.9885462555066079, 0.9437984496124031, 0.9227722772277228, 0.9674134419551935, 0.9159192825112108, 0.9676409185803758, 0.9348249027237354, 0.9240246406570842, 0.933597621407334]","[0.9791459781529295, 0.9827115559599636, 0.9433399602385686, 0.9064327485380117, 0.9610655737704918, 0.927536231884058, 0.9744114636642784, 0.9529411764705882, 0.9, 0.9347826086956522]",batch,both
MNIST,small,43,10,all,all,activation_variance,baseline,,0.7,3,0.9597,0.9622,0.14085080187916757,0.13424477096796036,63887,0.728309220654402,63761,0.7283899604689203,0.35283571702893823,21.6025390625,16,0,2048,0.3129720389842987,0.9622,0.13424476809501648,0.3326590849319473,234752,235146,"[0.9887755102040816, 0.986784140969163, 0.9593023255813954, 0.9495049504950495, 0.9633401221995926, 0.9484304932735426, 0.9728601252609603, 0.9513618677042801, 0.9496919917864476, 0.9484638255698712]","[0.9811320754716981, 0.9818016378525932, 0.9662027833001988, 0.9269005847953217, 0.9620901639344263, 0.9531772575250836, 0.9815762538382804, 0.9607843137254902, 0.9285714285714286, 0.9525691699604744]",batch,both
MNIST,small,43,10,all,all,activation_variance,baseline,,0.7,5,0.9646,0.9667,0.12199283731579781,0.11578447256684303,63887,0.728309220654402,63761,0.7283899604689203,0.35283571702893823,21.6025390625,16,0,2048,0.32146798295434564,0.9667,0.11578447144627571,0.3244321959791705,234752,235146,"[0.9908163265306122, 0.9859030837004406, 0.9651162790697675, 0.9564356435643564, 0.9765784114052953, 0.9473094170403588, 0.9749478079331941, 0.958171206225681, 0.9548254620123203, 0.9534192269573836]","[0.9821251241310824, 0.9827115559599636, 0.9681908548707754, 0.9415204678362573, 0.9764344262295082, 0.959866220735786, 0.984646878198567, 0.9627450980392157, 0.9346938775510204, 0.9515810276679841]",batch,both
MNIST,small,43,10,a1,layerwise,activation_variance,baseline,,0.05,0,0.9784,0.9791,0.08044534997045993,0.07069444761457853,224190,0.04659232987165418,223808,0.04661941112322787,0.35283571702893823,21.6025390625,16,0,2048,0.3276802939362824,0.9791,0.07069444831642323,0.3232548590749502,234752,235146,"[0.9908163265306122, 0.9911894273127754, 0.9777131782945736, 0.9752475247524752, 0.9857433808553971, 0.9798206278026906, 0.9843423799582464, 0.9698443579766537, 0.9671457905544147, 0.9682854311199207]","[0.9900695134061569, 0.9854413102820746, 0.9811133200795229, 0.9727095516569201, 0.9836065573770492, 0.9810479375696767, 0.9887410440122825, 0.9803921568627451, 0.9581632653061225, 0.9624505928853755]",batch,both
MNIST,small,43,10,a1,layerwise,activation_variance,baseline,,0.05,1,0.9825,0.9811,0.06664920216575265,0.06123064381734002,224190,0.04659232987165418,223808,0.04661941112322787,0.35283571702893823,21.6025390625,16,0,2048,0.3200391880236566,0.9811,0.06123064371601795,0.33797856606543064,234752,235146,"[0.9908163265306122, 0.9938325991189427, 0.9806201550387597, 0.9772277227722772, 0.9786150712830958, 0.9809417040358744, 0.9832985386221295, 0.9776264591439688, 0.9702258726899384, 0.9762140733399405]","[0.9900695134061569, 0.9872611464968153, 0.9840954274353877, 0.9775828460038987, 0.9825819672131147, 0.9866220735785953, 0.9856704196519959, 0.9882352941176471, 0.9683673469387755, 0.974308300395257]",batch,both
MNIST,small,43,10,a1,layerwise,activation_variance,baseline,,0.05,3,0.9832,0.9815,0.06698238452114165,0.0631580449991976,224190,0.04659232987165418,223808,0.04661941112322787,0.35283571702893823,21.6025390625,16,0,2048,0.31965723098255694,0.9815,0.06315804610486375,0.32293762790504843,234752,235146,"[0.9908163265306122, 0.9920704845814978, 0.9825581395348837, 0.9821782178217822, 0.9806517311608961, 0.9798206278026906, 0.9843423799582464, 0.9785992217898832, 0.9691991786447639, 0.9732408325074331]","[0.9880834160873883, 0.9881710646041856, 0.9860834990059643, 0.9824561403508771, 0.9846311475409836, 0.9843924191750278, 0.9887410440122825, 0.9852941176470589, 0.9673469387755103, 0.9762845849802372]",batch,both
MNIST,small,43,10,a1,layerwise,activation_variance,baseline,,0.05,5,0.9836,0.9816,0.068760990084894,0.0651252536453685,224190,0.04659232987165418,223808,0.04661941112322787,0.35283571702893823,21.6025390625,16,0,2048,0.3189741299720481,0.9816,0.06512525320429413,0.3367489069933072,234752,235146,"[0.9918367346938776, 0.9920704845814978, 0.9825581395348837, 0.9851485148514851, 0.9796334012219959, 0.9809417040358744, 0.9832985386221295, 0.9776264591439688, 0.9722792607802875, 0.9692765113974232]","[0.9890764647467726, 0.989080982711556, 0.9860834990059643, 0.9834307992202729, 0.985655737704918, 0.9821627647714605, 0.9877175025588536, 0.9852941176470589, 0.9704081632653061, 0.9762845849802372]",batch,both
MNIST,small,43,10,a1,layerwise,activation_variance,baseline,,0.1,0,0.9777,0.9785,0.08300505958646535,0.0728427120864857,212321,0.09706735389927956,211952,0.09712377317339149,0.35283571702893823,21.6025390625,16,0,2048,0.3257135960739106,0.9785,0.07284271247987635,0.3195253759622574,234752,235146,"[0.9908163265306122, 0.9876651982378855, 0.9757751937984496, 0.9762376237623762, 0.984725050916497, 0.9798206278026906, 0.9843423799582464, 0.9678988326848249, 0.9681724845995893, 0.9692765113974232]","[0.9900695134061569, 0.9827115559599636, 0.9811133200795229, 0.9727095516569201, 0.9836065573770492, 0.979933110367893, 0.9887410440122825, 0.9784313725490196, 0.9591836734693877, 0.9604743083003953]",batch,both
MNIST,small,43,10,a1,layerwise,activation_variance,baseline,,0.1,1,0.9822,0.9818,0.06795508892498911,0.06212103527995641,212321,0.09706735389927956,211952,0.09712377317339149,0.35283571702893823,21.6025390625,16,0,2048,0.3205428710207343,0.9818,0.06212103421117063,0.3258991689654067,234752,235146,"[0.9918367346938776, 0.9929515418502203, 0.9835271317829457, 0.9811881188118812, 0.9806517311608961, 0.9798206278026906, 0.9822546972860126, 0.9795719844357976, 0.9753593429158111, 0.9692765113974232]","[0.9870903674280039, 0.9872611464968153, 0.9880715705765407, 0.9785575048732943, 0.9836065573770492, 0.9821627647714605, 0.9877175025588536, 0.9852941176470589, 0.9704081632653061, 0.9713438735177866]",batch,both
MNIST,small,43,10,a1,layerwise,activation_variance,baseline,,0.1,3,0.9821,0.9816,0.06844472232609987,0.0634090110983525,212321,0.09706735389927956,211952,0.09712377317339149,0.35283571702893823,21.6025390625,16,0,2048,0.31644655496347696,0.9816,0.06340901113113505,0.31053676700685173,234752,235146,"[0.9908163265306122, 0.9920704845814978, 0.9815891472868217, 0.9782178217821782, 0.9786150712830958, 0.9798206278026906, 0.9864300626304802, 0.9776264591439688, 0.973305954825462, 0.9762140733399405]","[0.9870903674280039, 0.986351228389445, 0.9850894632206759, 0.9746588693957114, 0.9815573770491803, 0.9866220735785953, 0.9897645854657113, 0.9833333333333333, 0.9693877551020408, 0.9772727272727273]",batch,both
MNIST,small,43,10,a1,layerwise,activation_variance,baseline,,0.1,5,0.9821,0.9818,0.06926107544032857,0.06390860485380981,212321,0.09706735389927956,211952,0.09712377317339149,0.35283571702893823,21.6025390625,16,0,2048,0.3290711890440434,0.9818,0.06390860462060664,0.311449778964743,234752,235146,"[0.9908163265306122, 0.9929515418502203, 0.9796511627906976, 0.9801980198019802, 0.9786150712830958, 0.9854260089686099, 0.9832985386221295, 0.980544747081712, 0.971252566735113, 0.9742319127849356]","[0.9880834160873883, 0.9881710646041856, 0.9840954274353877, 0.9766081871345029, 0.9825819672131147, 0.9855072463768116, 0.9856704196519959, 0.9852941176470589, 0.9673469387755103, 0.9772727272727273]",batch,both
MNIST,small,43,10,a1,layerwise,activation_variance,baseline,,0.2,0,0.9741,0.9776,0.09338576378822326,0.08010016039609909,188583,0.19801740195453033,188240,0.19813249727371862,0.35283571702893823,21.6025390625,16,0,2048,0.32449876505415887,0.9776,0.08010015635788441,0.3137899760622531,234752,235146,"[0.9908163265306122, 0.9832599118942731, 0.9748062015503876, 0.9752475247524752, 0.9837067209775967, 0.976457399103139, 0.9843423799582464, 0.9669260700389105, 0.9671457905544147, 0.9732408325074331]","[0.9900695134061569, 0.9699727024567789, 0.9801192842942346, 0.9649122807017544, 0.9836065573770492, 0.9643255295429208, 0.9907881269191402, 0.9774509803921568, 0.9581632653061225, 0.9614624505928854]",batch,both
MNIST,small,43,10,a1,layerwise,activation_variance,baseline,,0.2,1,0.9816,0.9809,0.06952816612198949,0.061279924857383594,188583,0.19801740195453033,188240,0.19813249727371862,0.35283571702893823,21.6025390625,16,0,2048,0.33128316700458527,0.9809,0.06127992151281796,0.3244249039562419,234752,235146,"[0.9918367346938776, 0.9929515418502203, 0.9738372093023255, 0.9772277227722772, 0.9837067209775967, 0.9820627802690582, 0.9853862212943633, 0.97568093385214, 0.971252566735113, 0.9742319127849356]","[0.9890764647467726, 0.986351228389445, 0.9850894632206759, 0.9736842105263158, 0.9846311475409836, 0.9855072463768116, 0.984646878198567, 0.9852941176470589, 0.9683673469387755, 0.9733201581027668]",batch,both
MNIST,small,43,10,a1,layerwise,activation_variance,baseline,,0.2,3,0.9829,0.9811,0.06938453295826912,0.06330336449499009,188583,0.19801740195453033,188240,0.19813249727371862,0.35283571702893823,21.6025390625,16,0,2048,0.32691939803771675,0.9811,0.06330336305684177,0.3177534620044753,234752,235146,"[0.9908163265306122, 0.9938325991189427, 0.9767441860465116, 0.9792079207920792, 0.9816700610997964, 0.9786995515695067, 0.9853862212943633, 0.9747081712062257, 0.9702258726899384, 0.9781962338949455]","[0.9920556107249255, 0.989080982711556, 0.9840954274353877, 0.97953216374269, 0.985655737704918, 0.9843924191750278, 0.9866939611054247, 0.984313725490196, 0.9673469387755103, 0.9752964426877471]",batch,both
MNIST,small,43,10,a1,layerwise,activation_variance,baseline,,0.2,5,0.9822,0.9819,0.07056475619412958,0.06247421662489651,188583,0.19801740195453033,188240,0.19813249727371862,0.35283571702893823,21.6025390625,16,0,2048,0.32467005297075957,0.9819,0.06247421524057863,0.34160904795862734,234752,235146,"[0.9908163265306122, 0.9920704845814978, 0.9796511627906976, 0.9831683168316832, 0.9816700610997964, 0.9753363228699552, 0.9843423799582464, 0.9815175097276264, 0.9753593429158111, 0.9732408325074331]","[0.9860973187686196, 0.9881710646041856, 0.9880715705765407, 0.9814814814814815, 0.9825819672131147, 0.9843924191750278, 0.9866939611054247, 0.9823529411764705, 0.9663265306122449, 0.9752964426877471]",batch,both
MNIST,small,43,10,a1,layerwise,activation_variance,baseline,,0.3,0,0.9702,0.9725,0.10665258487462997,0.09229306520447135,165758,0.29508475585381,165440,0.2952562704471101,0.35283571702893823,21.6025390625,16,0,2048,0.3362432320136577,0.9725,0.0922930650614202,0.3286114999791607,234752,235146,"[0.9897959183673469, 0.9709251101321585, 0.9709302325581395, 0.9722772277227723, 0.9816700610997964, 0.9719730941704036, 0.9864300626304802, 0.953307392996109, 0.9671457905544147, 0.9623389494549058]","[0.9910625620655412, 0.9545040946314831, 0.9701789264413518, 0.9649122807017544, 0.9825819672131147, 0.9643255295429208, 0.9907881269191402, 0.9715686274509804, 0.9571428571428572, 0.9565217391304348]",batch,both
MNIST,small,43,10,a1,layerwise,activation_variance,baseline,,0.3,1,0.9805,0.9797,0.07316121972799301,0.06540475073046982,165758,0.29508475585381,165440,0.2952562704471101,0.35283571702893823,21.6025390625,16,0,2048,0.31232737796381116,0.9797,0.06540474987886846,0.3362434479640797,234752,235146,"[0.9928571428571429, 0.9938325991189427, 0.9718992248062015, 0.9772277227722772, 0.9796334012219959, 0.9831838565022422, 0.9843423799582464, 0.9727626459143969, 0.973305954825462, 0.9672943508424182]","[0.9900695134061569, 0.9872611464968153, 0.9831013916500994, 0.9707602339181286, 0.9805327868852459, 0.9843924191750278, 0.9877175025588536, 0.9813725490196078, 0.9673469387755103, 0.9723320158102767]",batch,both
MNIST,small,43,10,a1,layerwise,activation_variance,baseline,,0.3,3,0.9817,0.9802,0.07150752726197243,0.06593775765313767,165758,0.29508475585381,165440,0.2952562704471101,0.35283571702893823,21.6025390625,16,0,2048,0.3304669139906764,0.9802,0.0659377550022211,0.3261607480235398,234752,235146,"[0.9908163265306122, 0.9938325991189427, 0.9738372093023255, 0.9792079207920792, 0.9806517311608961, 0.9786995515695067, 0.9843423799582464, 0.9785992217898832, 0.9691991786447639, 0.9712586719524281]","[0.9870903674280039, 0.986351228389445, 0.9860834990059643, 0.9824561403508771, 0.9825819672131147, 0.9843924191750278, 0.9877175025588536, 0.984313725490196, 0.9612244897959183, 0.974308300395257]",batch,both
MNIST,small,43,10,a1,layerwise,activation_variance,baseline,,0.3,5,0.9814,0.9805,0.07134390703737736,0.06382511093944777,165758,0.29508475585381,165440,0.2952562704471101,0.35283571702893823,21.6025390625,16,0,2048,0.31959857093170285,0.9805,0.06382511254579294,0.324105384061113,234752,235146,"[0.9908163265306122, 0.9929515418502203, 0.9796511627906976, 0.9782178217821782, 0.9806517311608961, 0.9798206278026906, 0.9832985386221295, 0.9785992217898832, 0.9671457905544147, 0.9722497522299306]","[0.9870903674280039, 0.9881710646041856, 0.9870775347912525, 0.9775828460038987, 0.9815573770491803, 0.9855072463768116, 0.9866939611054247, 0.9833333333333333, 0.9622448979591837, 0.974308300395257]",batch,both
MNIST,small,43,10,a1,layerwise,activation_variance,baseline,,0.4,0,0.9225,0.9203,0.21418727704882623,0.2022490791618824,142020,0.39603480390906076,141728,0.39626499454743724,0.35283571702893823,21.6025390625,16,0,2048,0.31060918397270143,0.9203,0.20224909702539445,0.32108585501555353,234752,235146,"[0.9918367346938776, 0.5709251101321586, 0.9660852713178295, 0.9544554455445544, 0.9755600814663951, 0.9585201793721974, 0.9843423799582464, 0.9377431906614786, 0.9681724845995893, 0.9504459861248761]","[0.9900695134061569, 0.5850773430391265, 0.9681908548707754, 0.9463937621832359, 0.9805327868852459, 0.9565217391304348, 0.9887410440122825, 0.9480392156862745, 0.9540816326530612, 0.9456521739130435]",batch,both
MNIST,small,43,10,a1,layerwise,activation_variance,baseline,,0.4,1,0.9776,0.9785,0.07717944402247667,0.06586352739743888,142020,0.39603480390906076,141728,0.39626499454743724,0.35283571702893823,21.6025390625,16,0,2048,0.3310513920150697,0.9785,0.06586352844201028,0.3152219229377806,234752,235146,"[0.9928571428571429, 0.9894273127753304, 0.9748062015503876, 0.9782178217821782, 0.9775967413441955, 0.9786995515695067, 0.9832985386221295, 0.9717898832684825, 0.9702258726899384, 0.9672943508424182]","[0.9880834160873883, 0.9818016378525932, 0.9840954274353877, 0.9688109161793372, 0.9784836065573771, 0.9810479375696767, 0.9866939611054247, 0.9803921568627451, 0.9581632653061225, 0.9683794466403162]",batch,both
MNIST,small,43,10,a1,layerwise,activation_variance,baseline,,0.4,3,0.9808,0.981,0.06921789558753372,0.061467768254317344,142020,0.39603480390906076,141728,0.39626499454743724,0.35283571702893823,21.6025390625,16,0,2048,0.32043603400234133,0.981,0.06146776543427259,0.3248083050129935,234752,235146,"[0.9908163265306122, 0.9903083700440528, 0.9815891472868217, 0.9831683168316832, 0.9837067209775967, 0.976457399103139, 0.9843423799582464, 0.97568093385214, 0.9743326488706365, 0.9682854311199207]","[0.9860973187686196, 0.9836214740673339, 0.9880715705765407, 0.9785575048732943, 0.9825819672131147, 0.9821627647714605, 0.9887410440122825, 0.9823529411764705, 0.9653061224489796, 0.9703557312252964]",batch,both
MNIST,small,43,10,a1,layerwise,activation_variance,baseline,,0.4,5,0.9799,0.9809,0.06913013551682234,0.062197137416806075,142020,0.39603480390906076,141728,0.39626499454743724,0.35283571702893823,21.6025390625,16,0,2048,0.3248567070113495,0.9809,0.06219713798603043,0.31935297895688564,234752,235146,"[0.9918367346938776, 0.9894273127753304, 0.9796511627906976, 0.9792079207920792, 0.9806517311608961, 0.976457399103139, 0.9843423799582464, 0.9795719844357976, 0.9691991786447639, 0.977205153617443]","[0.9860973187686196, 0.9836214740673339, 0.9831013916500994, 0.9766081871345029, 0.9764344262295082, 0.9810479375696767, 0.9887410440122825, 0.9833333333333333, 0.963265306122449, 0.9762845849802372]",batch,both
MNIST,small,43,10,a1,layerwise,activation_variance,baseline,,0.5,0,0.9071,0.9043,0.24093144841194153,0.23389731894731522,118282,0.4969848519643115,118016,0.4972737186477645,0.35283571702893823,21.6025390625,16,0,2048,0.30866251105908304,0.9043,0.23389732815027237,0.3268893259810284,234752,235146,"[0.9908163265306122, 0.47048458149779737, 0.9622093023255814, 0.9366336633663367, 0.9765784114052953, 0.9495515695067265, 0.9843423799582464, 0.9241245136186771, 0.9702258726899384, 0.9464816650148662]","[0.9880834160873883, 0.49044585987261147, 0.963220675944334, 0.9298245614035088, 0.9784836065573771, 0.9509476031215162, 0.9887410440122825, 0.9323529411764706, 0.9540816326530612, 0.9426877470355731]",batch,both
MNIST,small,43,10,a1,layerwise,activation_variance,baseline,,0.5,1,0.9776,0.9774,0.0801461515545845,0.07145459734722973,118282,0.4969848519643115,118016,0.4972737186477645,0.35283571702893823,21.6025390625,16,0,2048,0.3339004749432206,0.9774,0.07145459926351905,0.34452986903488636,234752,235146,"[0.9897959183673469, 0.9920704845814978, 0.9767441860465116, 0.9762376237623762, 0.9735234215885947, 0.968609865470852, 0.9780793319415448, 0.9747081712062257, 0.9743326488706365, 0.9672943508424182]","[0.9880834160873883, 0.986351228389445, 0.9761431411530815, 0.9688109161793372, 0.9795081967213115, 0.9754738015607581, 0.9887410440122825, 0.984313725490196, 0.960204081632653, 0.967391304347826]",batch,both
MNIST,small,43,10,a1,layerwise,activation_variance,baseline,,0.5,3,0.9794,0.9783,0.07339522987902164,0.06416451450567692,118282,0.4969848519643115,118016,0.4972737186477645,0.35283571702893823,21.6025390625,16,0,2048,0.31519187800586224,0.9783,0.06416451296787709,0.32367098901886493,234752,235146,"[0.9897959183673469, 0.9903083700440528, 0.9786821705426356, 0.9722772277227723, 0.9765784114052953, 0.9786995515695067, 0.9791231732776617, 0.9737354085603113, 0.9753593429158111, 0.9672943508424182]","[0.9870903674280039, 0.986351228389445, 0.9840954274353877, 0.9678362573099415, 0.9805327868852459, 0.9832775919732442, 0.9887410440122825, 0.9803921568627451, 0.9653061224489796, 0.9703557312252964]",batch,both
MNIST,small,43,10,a1,layerwise,activation_variance,baseline,,0.5,5,0.9795,0.9795,0.07190598473101854,0.06300155166704208,118282,0.4969848519643115,118016,0.4972737186477645,0.35283571702893823,21.6025390625,16,0,2048,0.3474222189979628,0.9795,0.06300154886897653,0.35895110096316785,234752,235146,"[0.9897959183673469, 0.9911894273127754, 0.9806201550387597, 0.9782178217821782, 0.9775967413441955, 0.9809417040358744, 0.9843423799582464, 0.9776264591439688, 0.9671457905544147, 0.9663032705649157]","[0.9890764647467726, 0.986351228389445, 0.9811133200795229, 0.9727095516569201, 0.9795081967213115, 0.9832775919732442, 0.9887410440122825, 0.9852941176470589, 0.9612244897959183, 0.967391304347826]",batch,both
MNIST,small,43,10,a1,layerwise,activation_variance,baseline,,0.7,0,0.8337,0.8273,0.45347663629055024,0.46011413383483885,71719,0.6950022539188419,71504,0.6954062159214831,0.35283571702893823,21.6025390625,16,0,2048,0.33539953897707164,0.8273,0.46011414494514463,0.3603412749944255,234752,235146,"[0.9928571428571429, 0.28370044052863436, 0.9234496124031008, 0.8356435643564356, 0.9470468431771895, 0.7881165919282511, 0.9613778705636743, 0.7811284046692607, 0.9219712525667351, 0.9177403369672944]","[0.9910625620655412, 0.3075523202911738, 0.9244532803180915, 0.8635477582846004, 0.9497950819672131, 0.7625418060200669, 0.9682702149437052, 0.7852941176470588, 0.9173469387755102, 0.9169960474308301]",batch,both
MNIST,small,43,10,a1,layerwise,activation_variance,baseline,,0.7,1,0.965,0.9663,0.11892300647497177,0.11484096525907517,71719,0.6950022539188419,71504,0.6954062159214831,0.35283571702893823,21.6025390625,16,0,2048,0.35682279302272946,0.9663,0.1148409649670124,0.34899788396432996,234752,235146,"[0.9897959183673469, 0.9885462555066079, 0.9641472868217055, 0.9514851485148514, 0.9745417515274949, 0.952914798206278, 0.9718162839248434, 0.9571984435797666, 0.9517453798767967, 0.9573835480673935]","[0.9841112214498511, 0.9808917197452229, 0.9681908548707754, 0.9434697855750487, 0.9723360655737705, 0.9620958751393534, 0.9805527123848515, 0.9666666666666667, 0.9346938775510204, 0.9555335968379447]",batch,both
MNIST,small,43,10,a1,layerwise,activation_variance,baseline,,0.7,3,0.9727,0.9722,0.09723424701690674,0.0928480672031641,71719,0.6950022539188419,71504,0.6954062159214831,0.35283571702893823,21.6025390625,16,0,2048,0.34107599302660674,0.9722,0.09284806561022997,0.35404595301952213,234752,235146,"[0.9897959183673469, 0.986784140969163, 0.9728682170542635, 0.9623762376237623, 0.9765784114052953, 0.9652466367713004, 0.9780793319415448, 0.9659533073929961, 0.9630390143737166, 0.9593657086223984]","[0.9831181727904668, 0.9818016378525932, 0.9731610337972167, 0.9580896686159844, 0.9774590163934426, 0.9765886287625418, 0.9887410440122825, 0.9715686274509804, 0.9520408163265306, 0.9644268774703557]",batch,both
MNIST,small,43,10,a1,layerwise,activation_variance,baseline,,0.7,5,0.9749,0.9729,0.09085083833038807,0.08637651442065836,71719,0.6950022539188419,71504,0.6954062159214831,0.35283571702893823,21.6025390625,16,0,2048,0.3529417209792882,0.9729,0.0863765154607594,0.3590519359568134,234752,235146,"[0.9918367346938776, 0.986784140969163, 0.9728682170542635, 0.9722772277227723, 0.9775967413441955, 0.9641255605381166, 0.9749478079331941, 0.9659533073929961, 0.9640657084188912, 0.956392467789891]","[0.9860973187686196, 0.9818016378525932, 0.9751491053677932, 0.969785575048733, 0.9815573770491803, 0.9743589743589743, 0.9887410440122825, 0.9725490196078431, 0.9530612244897959, 0.9654150197628458]",batch,both
MNIST,small,43,10,a2,layerwise,activation_variance,baseline,,0.05,0,0.9783,0.9792,0.0807209231376648,0.07005227310392075,233544,0.006812788650455426,233156,0.006798664122137366,0.35283571702893823,21.6025390625,16,0,2048,0.3483624740038067,0.9792,0.07005227216812782,0.3552067530108616,234752,235146,"[0.9908163265306122, 0.9911894273127754, 0.9786821705426356, 0.9752475247524752, 0.9857433808553971, 0.9786995515695067, 0.9843423799582464, 0.9688715953307393, 0.9691991786447639, 0.9682854311199207]","[0.9900695134061569, 0.9854413102820746, 0.9811133200795229, 0.9736842105263158, 0.9846311475409836, 0.9777034559643255, 0.9887410440122825, 0.9803921568627451, 0.9571428571428572, 0.9634387351778656]",batch,both
MNIST,small,43,10,a2,layerwise,activation_variance,baseline,,0.05,1,0.9823,0.981,0.06839177546948194,0.06375209959070198,233544,0.006812788650455426,233156,0.006798664122137366,0.35283571702893823,21.6025390625,16,0,2048,0.3391089430078864,0.981,0.06375209971494042,0.3167194239795208,234752,235146,"[0.9908163265306122, 0.9929515418502203, 0.9825581395348837, 0.9762376237623762, 0.9735234215885947, 0.9798206278026906, 0.9812108559498957, 0.9776264591439688, 0.9691991786447639, 0.9841427155599604]","[0.9910625620655412, 0.986351228389445, 0.9850894632206759, 0.9805068226120858, 0.9795081967213115, 0.9821627647714605, 0.9836233367451381, 0.984313725490196, 0.9693877551020408, 0.9802371541501976]",batch,both
MNIST,small,43,10,a2,layerwise,activation_variance,baseline,,0.05,3,0.9826,0.9819,0.06784219954833388,0.06279445131635876,233544,0.006812788650455426,233156,0.006798664122137366,0.35283571702893823,21.6025390625,16,0,2048,0.3336861830903217,0.9819,0.06279445100194425,0.33670901495497674,234752,235146,"[0.9928571428571429, 0.9920704845814978, 0.9835271317829457, 0.9772277227722772, 0.9796334012219959, 0.9831838565022422, 0.9853862212943633, 0.9815175097276264, 0.9702258726899384, 0.9722497522299306]","[0.9870903674280039, 0.9872611464968153, 0.9870775347912525, 0.9785575048732943, 0.9825819672131147, 0.9832775919732442, 0.9877175025588536, 0.9862745098039216, 0.9683673469387755, 0.9772727272727273]",batch,both
MNIST,small,43,10,a2,layerwise,activation_variance,baseline,,0.05,5,0.9836,0.982,0.06597287350073457,0.06343932737431605,233544,0.006812788650455426,233156,0.006798664122137366,0.35283571702893823,21.6025390625,16,0,2048,0.32337300200015306,0.982,0.0634393258498807,0.32737024896778166,234752,235146,"[0.9908163265306122, 0.9920704845814978, 0.9815891472868217, 0.9831683168316832, 0.9796334012219959, 0.9786995515695067, 0.9832985386221295, 0.9785992217898832, 0.9702258726899384, 0.9801783944499505]","[0.9880834160873883, 0.9872611464968153, 0.9850894632206759, 0.9844054580896686, 0.9836065573770492, 0.9821627647714605, 0.9887410440122825, 0.9862745098039216, 0.9683673469387755, 0.9812252964426877]",batch,both
MNIST,small,43,10,a2,layerwise,activation_variance,baseline,,0.1,0,0.9781,0.9788,0.08160131935179234,0.0711923112900462,231942,0.013625577300910963,231560,0.013597328244274842,0.35283571702893823,21.6025390625,16,0,2048,0.3242576139746234,0.9788,0.07119230959131383,0.3326304239453748,234752,235146,"[0.9908163265306122, 0.9920704845814978, 0.9786821705426356, 0.9762376237623762, 0.9867617107942973, 0.9775784753363229, 0.9843423799582464, 0.9678988326848249, 0.9691991786447639, 0.9633300297324083]","[0.9910625620655412, 0.9854413102820746, 0.9811133200795229, 0.9756335282651072, 0.985655737704918, 0.9765886287625418, 0.9897645854657113, 0.9803921568627451, 0.9551020408163265, 0.9594861660079052]",batch,both
MNIST,small,43,10,a2,layerwise,activation_variance,baseline,,0.1,1,0.9826,0.9816,0.06737761691063643,0.060824284360546155,231942,0.013625577300910963,231560,0.013597328244274842,0.35283571702893823,21.6025390625,16,0,2048,0.3172929920256138,0.9816,0.060824283774930515,0.33847046608570963,234752,235146,"[0.9918367346938776, 0.9929515418502203, 0.9796511627906976, 0.9782178217821782, 0.9826883910386965, 0.9820627802690582, 0.9832985386221295, 0.9766536964980544, 0.9722792607802875, 0.9752229930624381]","[0.9880834160873883, 0.9872611464968153, 0.9840954274353877, 0.9814814814814815, 0.9846311475409836, 0.9810479375696767, 0.9856704196519959, 0.9862745098039216, 0.9693877551020408, 0.9772727272727273]",batch,both
MNIST,small,43,10,a2,layerwise,activation_variance,baseline,,0.1,3,0.9827,0.9814,0.06807083646953106,0.06184212258949992,231942,0.013625577300910963,231560,0.013597328244274842,0.35283571702893823,21.6025390625,16,0,2048,0.31237818498630077,0.9814,0.061842123005987376,0.3306891809916124,234752,235146,"[0.9918367346938776, 0.9929515418502203, 0.9806201550387597, 0.9792079207920792, 0.9816700610997964, 0.9809417040358744, 0.9791231732776617, 0.9795719844357976, 0.971252566735113, 0.9752229930624381]","[0.9890764647467726, 0.989080982711556, 0.9840954274353877, 0.9805068226120858, 0.9846311475409836, 0.9832775919732442, 0.984646878198567, 0.9872549019607844, 0.9653061224489796, 0.9782608695652174]",batch,both
MNIST,small,43,10,a2,layerwise,activation_variance,baseline,,0.1,5,0.9828,0.9819,0.06664338689148426,0.06104969322889228,231942,0.013625577300910963,231560,0.013597328244274842,0.35283571702893823,21.6025390625,16,0,2048,0.31481034809257835,0.9819,0.061049692689842776,0.3469874981092289,234752,235146,"[0.9908163265306122, 0.9920704845814978, 0.9825581395348837, 0.9811881188118812, 0.9806517311608961, 0.9809417040358744, 0.9832985386221295, 0.9776264591439688, 0.9743326488706365, 0.9742319127849356]","[0.9851042701092354, 0.989080982711556, 0.9850894632206759, 0.9785575048732943, 0.9866803278688525, 0.9832775919732442, 0.9877175025588536, 0.9852941176470589, 0.9704081632653061, 0.9762845849802372]",batch,both
MNIST,small,43,10,a2,layerwise,activation_variance,baseline,,0.2,0,0.9774,0.9775,0.0814054381430149,0.0730901941217482,228471,0.028386619376897793,228102,0.028327767175572505,0.35283571702893823,21.6025390625,16,0,2048,0.328030459000729,0.9775,0.07309019585326314,0.3159823800669983,234752,235146,"[0.9908163265306122, 0.9903083700440528, 0.9777131782945736, 0.9811881188118812, 0.9867617107942973, 0.9730941704035875, 0.9843423799582464, 0.9669260700389105, 0.9640657084188912, 0.958374628344896]","[0.9890764647467726, 0.9818016378525932, 0.9811133200795229, 0.9814814814814815, 0.985655737704918, 0.9754738015607581, 0.9897645854657113, 0.9803921568627451, 0.9479591836734694, 0.9604743083003953]",batch,both
MNIST,small,43,10,a2,layerwise,activation_variance,baseline,,0.2,1,0.9814,0.9807,0.06617849998064339,0.061896000268729406,228471,0.028386619376897793,228102,0.028327767175572505,0.35283571702893823,21.6025390625,16,0,2048,0.3172883300576359,0.9807,0.061896000077249484,0.3373581989435479,234752,235146,"[0.9908163265306122, 0.9911894273127754, 0.9796511627906976, 0.9762376237623762, 0.9826883910386965, 0.984304932735426, 0.9832985386221295, 0.9795719844357976, 0.971252566735113, 0.9672943508424182]","[0.9860973187686196, 0.986351228389445, 0.9860834990059643, 0.9717348927875243, 0.985655737704918, 0.9821627647714605, 0.9887410440122825, 0.9852941176470589, 0.9704081632653061, 0.9713438735177866]",batch,both
MNIST,small,43,10,a2,layerwise,activation_variance,baseline,,0.2,3,0.9818,0.9815,0.06825291927177458,0.06292604792967904,228471,0.028386619376897793,228102,0.028327767175572505,0.35283571702893823,21.6025390625,16,0,2048,0.3222901460248977,0.9815,0.06292604758285451,0.3151117629604414,234752,235146,"[0.9918367346938776, 0.9929515418502203, 0.9835271317829457, 0.9831683168316832, 0.9786150712830958, 0.9753363228699552, 0.9832985386221295, 0.9824902723735408, 0.9702258726899384, 0.9712586719524281]","[0.9870903674280039, 0.9845313921747043, 0.9860834990059643, 0.9824561403508771, 0.9836065573770492, 0.9777034559643255, 0.9866939611054247, 0.9862745098039216, 0.9673469387755103, 0.9752964426877471]",batch,both
MNIST,small,43,10,a2,layerwise,activation_variance,baseline,,0.2,5,0.9826,0.9828,0.06713924403041602,0.06314263647652697,228471,0.028386619376897793,228102,0.028327767175572505,0.35283571702893823,21.6025390625,16,0,2048,0.3336598329478875,0.9828,0.06314263758740854,0.3157783669885248,234752,235146,"[0.9918367346938776, 0.9920704845814978, 0.9815891472868217, 0.9792079207920792, 0.9816700610997964, 0.9887892376681614, 0.9874739039665971, 0.9815175097276264, 0.9743326488706365, 0.9692765113974232]","[0.9860973187686196, 0.9881710646041856, 0.9870775347912525, 0.9746588693957114, 0.985655737704918, 0.9855072463768116, 0.9897645854657113, 0.9862745098039216, 0.9683673469387755, 0.974308300395257]",batch,both
MNIST,small,43,10,a2,layerwise,activation_variance,baseline,,0.3,0,0.9761,0.9763,0.0849868537902832,0.07701124029867351,225000,0.04314766145288462,224644,0.04305820610687028,0.35283571702893823,21.6025390625,16,0,2048,0.32486552000045776,0.9763,0.07701123993806541,0.3146668398985639,234752,235146,"[0.9918367346938776, 0.9885462555066079, 0.9796511627906976, 0.9831683168316832, 0.9826883910386965, 0.9708520179372198, 0.9853862212943633, 0.9640077821011673, 0.9620123203285421, 0.9534192269573836]","[0.9900695134061569, 0.9836214740673339, 0.9821073558648111, 0.97953216374269, 0.9846311475409836, 0.9665551839464883, 0.9907881269191402, 0.9784313725490196, 0.9479591836734694, 0.9555335968379447]",batch,both
MNIST,small,43,10,a2,layerwise,activation_variance,baseline,,0.3,1,0.9813,0.9813,0.06509184700101614,0.060291419779416176,225000,0.04314766145288462,224644,0.04305820610687028,0.35283571702893823,21.6025390625,16,0,2048,0.32110627100337297,0.9813,0.06029141923626885,0.3186276660999283,234752,235146,"[0.9908163265306122, 0.9929515418502203, 0.9806201550387597, 0.9762376237623762, 0.9816700610997964, 0.9809417040358744, 0.9843423799582464, 0.9815175097276264, 0.971252566735113, 0.9712586719524281]","[0.9851042701092354, 0.986351228389445, 0.9821073558648111, 0.9756335282651072, 0.9825819672131147, 0.9821627647714605, 0.9877175025588536, 0.9862745098039216, 0.9714285714285714, 0.9733201581027668]",batch,both
MNIST,small,43,10,a2,layerwise,activation_variance,baseline,,0.3,3,0.9819,0.9814,0.06445099265575409,0.061095952750847206,225000,0.04314766145288462,224644,0.04305820610687028,0.35283571702893823,21.6025390625,16,0,2048,0.3461504849838093,0.9814,0.06109595282851951,0.3359897299669683,234752,235146,"[0.9908163265306122, 0.9920704845814978, 0.9825581395348837, 0.9762376237623762, 0.9796334012219959, 0.984304932735426, 0.9843423799582464, 0.9785992217898832, 0.9691991786447639, 0.9752229930624381]","[0.9841112214498511, 0.9854413102820746, 0.9831013916500994, 0.9727095516569201, 0.9836065573770492, 0.9855072463768116, 0.9887410440122825, 0.9852941176470589, 0.9734693877551021, 0.9772727272727273]",batch,both
MNIST,small,43,10,a2,layerwise,activation_variance,baseline,,0.3,5,0.9827,0.9819,0.06516495866924524,0.0615787876249291,225000,0.04314766145288462,224644,0.04305820610687028,0.35283571702893823,21.6025390625,16,0,2048,0.3219790810253471,0.9819,0.0615787865892984,0.3292743769707158,234752,235146,"[0.9918367346938776, 0.9920704845814978, 0.9815891472868217, 0.9792079207920792, 0.9826883910386965, 0.9809417040358744, 0.9843423799582464, 0.980544747081712, 0.971252566735113, 0.9732408325074331]","[0.9870903674280039, 0.9854413102820746, 0.9840954274353877, 0.97953216374269, 0.985655737704918, 0.9832775919732442, 0.9877175025588536, 0.9862745098039216, 0.9714285714285714, 0.9762845849802372]",batch,both
MNIST,small,43,10,a2,layerwise,activation_variance,baseline,,0.4,0,0.9739,0.9743,0.09745487443804741,0.08992885053753853,221529,0.05790870352887145,221186,0.05778864503816794,0.35283571702893823,21.6025390625,16,0,2048,0.3159263670677319,0.9743,0.08992885045409203,0.3183944859774783,234752,235146,"[0.9908163265306122, 0.9876651982378855, 0.9796511627906976, 0.9900990099009901, 0.984725050916497, 0.9495515695067265, 0.988517745302714, 0.9659533073929961, 0.9630390143737166, 0.9395441030723488]","[0.9930486593843099, 0.9808917197452229, 0.9840954274353877, 0.9834307992202729, 0.9825819672131147, 0.9542920847268673, 0.9928352098259979, 0.9784313725490196, 0.9448979591836735, 0.941699604743083]",batch,both
MNIST,small,43,10,a2,layerwise,activation_variance,baseline,,0.4,1,0.9811,0.9805,0.06669094488173723,0.0609374224278843,221529,0.05790870352887145,221186,0.05778864503816794,0.35283571702893823,21.6025390625,16,0,2048,0.33214508404489607,0.9805,0.06093742247556802,0.3261966099962592,234752,235146,"[0.9918367346938776, 0.9903083700440528, 0.9796511627906976, 0.9801980198019802, 0.9765784114052953, 0.9820627802690582, 0.9832985386221295, 0.9766536964980544, 0.9702258726899384, 0.9732408325074331]","[0.9910625620655412, 0.986351228389445, 0.9821073558648111, 0.9766081871345029, 0.9825819672131147, 0.979933110367893, 0.9866939611054247, 0.984313725490196, 0.9683673469387755, 0.9723320158102767]",batch,both
MNIST,small,43,10,a2,layerwise,activation_variance,baseline,,0.4,3,0.9819,0.9809,0.0655809281617403,0.0601059080978157,221529,0.05790870352887145,221186,0.05778864503816794,0.35283571702893823,21.6025390625,16,0,2048,0.3151605939492583,0.9809,0.060105908587318846,0.3372408220311627,234752,235146,"[0.9908163265306122, 0.9920704845814978, 0.9806201550387597, 0.9801980198019802, 0.9796334012219959, 0.9798206278026906, 0.9832985386221295, 0.9776264591439688, 0.971252566735113, 0.9722497522299306]","[0.9900695134061569, 0.9872611464968153, 0.9831013916500994, 0.9756335282651072, 0.9866803278688525, 0.9843924191750278, 0.9866939611054247, 0.9833333333333333, 0.9693877551020408, 0.9723320158102767]",batch,both
MNIST,small,43,10,a2,layerwise,activation_variance,baseline,,0.4,5,0.9819,0.9822,0.0655049499064684,0.060827720243483784,221529,0.05790870352887145,221186,0.05778864503816794,0.35283571702893823,21.6025390625,16,0,2048,0.3163066509878263,0.9822,0.06082772152647376,0.31438700400758535,234752,235146,"[0.9918367346938776, 0.9920704845814978, 0.9815891472868217, 0.9801980198019802, 0.9816700610997964, 0.9820627802690582, 0.9843423799582464, 0.9795719844357976, 0.9702258726899384, 0.977205153617443]","[0.9851042701092354, 0.9854413102820746, 0.9831013916500994, 0.9746588693957114, 0.985655737704918, 0.9855072463768116, 0.9866939611054247, 0.9852941176470589, 0.9704081632653061, 0.9772727272727273]",batch,both
MNIST,small,43,10,a2,layerwise,activation_variance,baseline,,0.5,0,0.9507,0.9515,0.1679461669921875,0.16049872689247133,218058,0.07266974560485828,217728,0.0725190839694656,0.35283571702893823,21.6025390625,16,0,2048,0.3148262850008905,0.9515,0.1604987289428711,0.3215077540371567,234752,235146,"[0.9877551020408163, 0.9823788546255506, 0.9767441860465116, 0.9930693069306931, 0.9837067209775967, 0.9204035874439462, 0.9853862212943633, 0.9630350194552529, 0.7669404517453798, 0.9444995044598612]","[0.9821251241310824, 0.9736123748862603, 0.9840954274353877, 0.9892787524366472, 0.9815573770491803, 0.9163879598662207, 0.9907881269191402, 0.9754901960784313, 0.7602040816326531, 0.9436758893280632]",batch,both
MNIST,small,43,10,a2,layerwise,activation_variance,baseline,,0.5,1,0.9796,0.9808,0.06882373282760382,0.06471357891000808,218058,0.07266974560485828,217728,0.0725190839694656,0.35283571702893823,21.6025390625,16,0,2048,0.3183644060045481,0.9808,0.06471357926614582,0.32178458699490875,234752,235146,"[0.9928571428571429, 0.9920704845814978, 0.9796511627906976, 0.9772277227722772, 0.9816700610997964, 0.9798206278026906, 0.9853862212943633, 0.9747081712062257, 0.973305954825462, 0.9702675916749257]","[0.9870903674280039, 0.986351228389445, 0.9831013916500994, 0.9678362573099415, 0.9836065573770492, 0.9777034559643255, 0.9877175025588536, 0.9833333333333333, 0.9683673469387755, 0.9703557312252964]",batch,both
MNIST,small,43,10,a2,layerwise,activation_variance,baseline,,0.5,3,0.9813,0.981,0.06515398653000593,0.0635843366897665,218058,0.07266974560485828,217728,0.0725190839694656,0.35283571702893823,21.6025390625,16,0,2048,0.3341249079676345,0.981,0.06358433692520485,0.31246008607558906,234752,235146,"[0.9887755102040816, 0.9920704845814978, 0.9815891472868217, 0.9801980198019802, 0.9837067209775967, 0.9753363228699552, 0.9832985386221295, 0.9785992217898832, 0.9722792607802875, 0.9722497522299306]","[0.9870903674280039, 0.9854413102820746, 0.9840954274353877, 0.9805068226120858, 0.9846311475409836, 0.9765886287625418, 0.9887410440122825, 0.9833333333333333, 0.9683673469387755, 0.9733201581027668]",batch,both
MNIST,small,43,10,a2,layerwise,activation_variance,baseline,,0.5,5,0.9815,0.9813,0.06516707201302052,0.06069399559330195,218058,0.07266974560485828,217728,0.0725190839694656,0.35283571702893823,21.6025390625,16,0,2048,0.3172761630266905,0.9813,0.06069399888124317,0.32564317993819714,234752,235146,"[0.9928571428571429, 0.9920704845814978, 0.9796511627906976, 0.9792079207920792, 0.9816700610997964, 0.9798206278026906, 0.9853862212943633, 0.9766536964980544, 0.9722792607802875, 0.9722497522299306]","[0.9860973187686196, 0.9872611464968153, 0.9860834990059643, 0.9736842105263158, 0.9815573770491803, 0.9855072463768116, 0.9877175025588536, 0.9823529411764705, 0.9683673469387755, 0.9762845849802372]",batch,both
MNIST,small,43,10,a2,layerwise,activation_variance,baseline,,0.7,0,0.9331,0.9354,0.2924380420923233,0.2832145777463913,211383,0.10105636498175596,211078,0.10084685114503822,0.35283571702893823,21.6025390625,16,0,2048,0.3119777749525383,0.9354,0.28321458101272584,0.3361265059793368,234752,235146,"[0.9897959183673469, 0.9788546255506608, 0.9476744186046512, 0.9643564356435643, 0.9816700610997964, 0.9417040358744395, 0.9906054279749478, 0.9620622568093385, 0.6560574948665298, 0.931615460852329]","[0.9841112214498511, 0.9654231119199272, 0.9602385685884692, 0.9610136452241715, 0.9774590163934426, 0.9342251950947603, 0.9907881269191402, 0.9735294117647059, 0.6448979591836734, 0.9308300395256917]",batch,both
MNIST,small,43,10,a2,layerwise,activation_variance,baseline,,0.7,1,0.9767,0.9777,0.08149269010722637,0.07572393992096185,211383,0.10105636498175596,211078,0.10084685114503822,0.35283571702893823,21.6025390625,16,0,2048,0.34266195306554437,0.9777,0.07572394005805254,0.31266484898515046,234752,235146,"[0.9938775510204082, 0.9903083700440528, 0.9777131782945736, 0.9752475247524752, 0.9725050916496945, 0.968609865470852, 0.9812108559498957, 0.9727626459143969, 0.9722792607802875, 0.9702675916749257]","[0.9880834160873883, 0.9854413102820746, 0.9801192842942346, 0.9658869395711501, 0.9743852459016393, 0.9721293199554069, 0.984646878198567, 0.9774509803921568, 0.9673469387755103, 0.9703557312252964]",batch,both
MNIST,small,43,10,a2,layerwise,activation_variance,baseline,,0.7,3,0.9795,0.9806,0.07182867738306523,0.06734156864508986,211383,0.10105636498175596,211078,0.10084685114503822,0.35283571702893823,21.6025390625,16,0,2048,0.3299287740373984,0.9806,0.06734156791493297,0.3611524599837139,234752,235146,"[0.9938775510204082, 0.9929515418502203, 0.9806201550387597, 0.9841584158415841, 0.9816700610997964, 0.9775784753363229, 0.9801670146137788, 0.9747081712062257, 0.9722792607802875, 0.9663032705649157]","[0.9900695134061569, 0.9872611464968153, 0.9831013916500994, 0.9746588693957114, 0.9836065573770492, 0.9754738015607581, 0.9856704196519959, 0.9813725490196078, 0.963265306122449, 0.9693675889328063]",batch,both
MNIST,small,43,10,a2,layerwise,activation_variance,baseline,,0.7,5,0.9799,0.9805,0.06891153605282306,0.06569049911890179,211383,0.10105636498175596,211078,0.10084685114503822,0.35283571702893823,21.6025390625,16,0,2048,0.33009571698494256,0.9805,0.06569049758855254,0.3359176559606567,234752,235146,"[0.9918367346938776, 0.9911894273127754, 0.9806201550387597, 0.9811881188118812, 0.9816700610997964, 0.9809417040358744, 0.9832985386221295, 0.9727626459143969, 0.973305954825462, 0.9672943508424182]","[0.9860973187686196, 0.9845313921747043, 0.9860834990059643, 0.9727095516569201, 0.9815573770491803, 0.9810479375696767, 0.9866939611054247, 0.9813725490196078, 0.9663265306122449, 0.9723320158102767]",batch,both
MNIST,small,43,10,all,all,class_selectivity,loss_free,,0.05,0,0.9788,0.9789,0.08001661595702171,0.07053083685387392,222660,0.05309892577377462,222284,0.05311136859323884,0.35283571702893823,21.6025390625,16,0,2048,0.32235929602757096,0.9789,0.0705308358271839,0.3243726269574836,234752,235146,"[0.9908163265306122, 0.9911894273127754, 0.9777131782945736, 0.9752475247524752, 0.9837067209775967, 0.9798206278026906, 0.9843423799582464, 0.9678988326848249, 0.9671457905544147, 0.9702675916749257]","[0.9900695134061569, 0.9854413102820746, 0.9801192842942346, 0.9736842105263158, 0.985655737704918, 0.9810479375696767, 0.9887410440122825, 0.9803921568627451, 0.9581632653061225, 0.9644268774703557]",batch,both
MNIST,small,43,10,all,all,class_selectivity,loss_free,,0.05,1,0.9827,0.9821,0.0671701511234045,0.06331124614125583,222660,0.05309892577377462,222284,0.05311136859323884,0.35283571702893823,21.6025390625,16,0,2048,0.3174925909843296,0.9821,0.06331124430468772,0.3234091680496931,234752,235146,"[0.9908163265306122, 0.9920704845814978, 0.9844961240310077, 0.9831683168316832, 0.9796334012219959, 0.9786995515695067, 0.9843423799582464, 0.9776264591439688, 0.9753593429158111, 0.9732408325074331]","[0.9880834160873883, 0.986351228389445, 0.9840954274353877, 0.9824561403508771, 0.9836065573770492, 0.9821627647714605, 0.9877175025588536, 0.9862745098039216, 0.9693877551020408, 0.9762845849802372]",batch,both
MNIST,small,43,10,all,all,class_selectivity,loss_free,,0.05,3,0.9829,0.9823,0.06553470796514302,0.06232122717214515,222660,0.05309892577377462,222284,0.05311136859323884,0.35283571702893823,21.6025390625,16,0,2048,0.32015482999850065,0.9823,0.06232122320452472,0.3245981519576162,234752,235146,"[0.9908163265306122, 0.9920704845814978, 0.9815891472868217, 0.9782178217821782, 0.9796334012219959, 0.9876681614349776, 0.9812108559498957, 0.9785992217898832, 0.9702258726899384, 0.9821605550049554]","[0.9890764647467726, 0.989080982711556, 0.9860834990059643, 0.9766081871345029, 0.9815573770491803, 0.9832775919732442, 0.984646878198567, 0.984313725490196, 0.9714285714285714, 0.9822134387351779]",batch,both
MNIST,small,43,10,all,all,class_selectivity,loss_free,,0.05,5,0.9824,0.9819,0.06869229073487222,0.06420090209733462,222660,0.05309892577377462,222284,0.05311136859323884,0.35283571702893823,21.6025390625,16,0,2048,0.3202269080793485,0.9819,0.06420090168680763,0.34109666908625513,234752,235146,"[0.9918367346938776, 0.9920704845814978, 0.9796511627906976, 0.9752475247524752, 0.9796334012219959, 0.9876681614349776, 0.9812108559498957, 0.9844357976653697, 0.973305954825462, 0.9732408325074331]","[0.9910625620655412, 0.9881710646041856, 0.9811133200795229, 0.9775828460038987, 0.9825819672131147, 0.9843924191750278, 0.9836233367451381, 0.9882352941176471, 0.9693877551020408, 0.9772727272727273]",batch,both
MNIST,small,43,10,all,all,class_selectivity,loss_free,,0.1,0,0.9767,0.9777,0.08676329686492681,0.07460024078274145,209417,0.10941712808212767,209060,0.10944315703380592,0.35283571702893823,21.6025390625,16,0,2048,0.315128707094118,0.9777,0.07460024097235873,0.3232663329690695,234752,235146,"[0.9908163265306122, 0.9911894273127754, 0.9767441860465116, 0.9772277227722772, 0.9837067209775967, 0.9786995515695067, 0.9843423799582464, 0.9630350194552529, 0.9681724845995893, 0.9623389494549058]","[0.9910625620655412, 0.9836214740673339, 0.9781312127236581, 0.9766081871345029, 0.9846311475409836, 0.9765886287625418, 0.9897645854657113, 0.9754901960784313, 0.9540816326530612, 0.9565217391304348]",batch,both
MNIST,small,43,10,all,all,class_selectivity,loss_free,,0.1,1,0.9812,0.9807,0.06959185224547983,0.062412110715312885,209417,0.10941712808212767,209060,0.10944315703380592,0.35283571702893823,21.6025390625,16,0,2048,0.306168579030782,0.9807,0.06241211206829175,0.3153337880503386,234752,235146,"[0.9908163265306122, 0.9920704845814978, 0.9796511627906976, 0.9792079207920792, 0.9816700610997964, 0.9798206278026906, 0.9812108559498957, 0.9776264591439688, 0.9691991786447639, 0.9742319127849356]","[0.9870903674280039, 0.986351228389445, 0.9831013916500994, 0.9785575048732943, 0.985655737704918, 0.9821627647714605, 0.9887410440122825, 0.9823529411764705, 0.9653061224489796, 0.9723320158102767]",batch,both
MNIST,small,43,10,all,all,class_selectivity,loss_free,,0.1,3,0.9827,0.9811,0.06827545850053429,0.06472008231151849,209417,0.10941712808212767,209060,0.10944315703380592,0.35283571702893823,21.6025390625,16,0,2048,0.35383218294009566,0.9811,0.06472008272912354,0.3684107669396326,234752,235146,"[0.9928571428571429, 0.9929515418502203, 0.9767441860465116, 0.9792079207920792, 0.9806517311608961, 0.9798206278026906, 0.9832985386221295, 0.9785992217898832, 0.971252566735113, 0.9742319127849356]","[0.9910625620655412, 0.9881710646041856, 0.9811133200795229, 0.9805068226120858, 0.9846311475409836, 0.9843924191750278, 0.9866939611054247, 0.984313725490196, 0.9683673469387755, 0.9772727272727273]",batch,both
MNIST,small,43,10,all,all,class_selectivity,loss_free,,0.1,5,0.9831,0.9821,0.06993493432253599,0.0639852003421518,209417,0.10941712808212767,209060,0.10944315703380592,0.35283571702893823,21.6025390625,16,0,2048,0.31308766501024365,0.9821,0.06398519916235236,0.34861502097919583,234752,235146,"[0.9908163265306122, 0.9920704845814978, 0.9835271317829457, 0.9772277227722772, 0.9786150712830958, 0.9809417040358744, 0.9853862212943633, 0.9785992217898832, 0.9743326488706365, 0.9781962338949455]","[0.9870903674280039, 0.986351228389445, 0.9880715705765407, 0.9785575048732943, 0.9836065573770492, 0.9855072463768116, 0.9887410440122825, 0.9823529411764705, 0.9724489795918367, 0.9782608695652174]",batch,both
MNIST,small,43,10,all,all,class_selectivity,loss_free,,0.2,0,0.972,0.9729,0.10309680807590485,0.08961809930354357,183183,0.2209818580796612,182865,0.22102900081788446,0.35283571702893823,21.6025390625,16,0,2048,0.3123714439570904,0.9729,0.0896180943891406,0.3221879890188575,234752,235146,"[0.9897959183673469, 0.9876651982378855, 0.9767441860465116, 0.9712871287128713, 0.984725050916497, 0.9786995515695067, 0.9864300626304802, 0.9610894941634242, 0.9455852156057495, 0.9464816650148662]","[0.9900695134061569, 0.9772520473157416, 0.9751491053677932, 0.9639376218323586, 0.9877049180327869, 0.979933110367893, 0.9918116683725691, 0.9764705882352941, 0.9295918367346939, 0.9486166007905138]",batch,both
MNIST,small,43,10,all,all,class_selectivity,loss_free,,0.2,1,0.9821,0.9802,0.06978479238152505,0.06465436544702388,183183,0.2209818580796612,182865,0.22102900081788446,0.35283571702893823,21.6025390625,16,0,2048,0.3150850549573079,0.9802,0.06465436807558872,0.3324312389595434,234752,235146,"[0.9908163265306122, 0.9929515418502203, 0.9786821705426356, 0.9742574257425742, 0.9826883910386965, 0.9775784753363229, 0.9822546972860126, 0.97568093385214, 0.973305954825462, 0.9722497522299306]","[0.9890764647467726, 0.9854413102820746, 0.9870775347912525, 0.9727095516569201, 0.9866803278688525, 0.9843924191750278, 0.9866939611054247, 0.9833333333333333, 0.9714285714285714, 0.974308300395257]",batch,both
MNIST,small,43,10,all,all,class_selectivity,loss_free,,0.2,3,0.9824,0.981,0.06950083480924368,0.0640237113737734,183183,0.2209818580796612,182865,0.22102900081788446,0.35283571702893823,21.6025390625,16,0,2048,0.3281889499630779,0.981,0.06402371321853716,0.32884642004501075,234752,235146,"[0.9908163265306122, 0.9929515418502203, 0.9796511627906976, 0.9772277227722772, 0.9796334012219959, 0.976457399103139, 0.9822546972860126, 0.9854085603112841, 0.9702258726899384, 0.9732408325074331]","[0.9880834160873883, 0.9881710646041856, 0.9870775347912525, 0.97953216374269, 0.9846311475409836, 0.9821627647714605, 0.9866939611054247, 0.9833333333333333, 0.9683673469387755, 0.9752964426877471]",batch,both
MNIST,small,43,10,all,all,class_selectivity,loss_free,,0.2,5,0.9828,0.981,0.0684912397287786,0.06546264989691554,183183,0.2209818580796612,182865,0.22102900081788446,0.35283571702893823,21.6025390625,16,0,2048,0.31390386808197945,0.981,0.06546265203672229,0.31411371601279825,234752,235146,"[0.9918367346938776, 0.9920704845814978, 0.9748062015503876, 0.9801980198019802, 0.9775967413441955, 0.9786995515695067, 0.9812108559498957, 0.9834630350194552, 0.9753593429158111, 0.9732408325074331]","[0.9930486593843099, 0.9881710646041856, 0.9831013916500994, 0.9805068226120858, 0.985655737704918, 0.9832775919732442, 0.984646878198567, 0.9833333333333333, 0.9724489795918367, 0.9733201581027668]",batch,both
MNIST,small,43,10,all,all,class_selectivity,loss_free,,0.3,0,0.9642,0.9658,0.1350859071969986,0.12483594933152199,158500,0.32595068595680976,158220,0.3260121319520175,0.35283571702893823,21.6025390625,16,0,2048,0.31688219599891454,0.9658,0.12483594636917114,0.34003616496920586,234752,235146,"[0.9897959183673469, 0.9797356828193833, 0.9786821705426356, 0.9712871287128713, 0.9806517311608961, 0.9708520179372198, 0.9853862212943633, 0.9649805447470817, 0.9137577002053389, 0.9217046580773043]","[0.9900695134061569, 0.9672429481346679, 0.9771371769383698, 0.9658869395711501, 0.9836065573770492, 0.9721293199554069, 0.9897645854657113, 0.9725490196078431, 0.9040816326530612, 0.9199604743083004]",batch,both
MNIST,small,43,10,all,all,class_selectivity,loss_free,,0.3,1,0.9797,0.9783,0.07454205077886582,0.06979757238458842,158500,0.32595068595680976,158220,0.3260121319520175,0.35283571702893823,21.6025390625,16,0,2048,0.31728257494978607,0.9783,0.06979757173191756,0.3324063940672204,234752,235146,"[0.9928571428571429, 0.9920704845814978, 0.9767441860465116, 0.9752475247524752, 0.9786150712830958, 0.9742152466367713, 0.9791231732776617, 0.97568093385214, 0.971252566735113, 0.9653121902874133]","[0.9880834160873883, 0.9845313921747043, 0.9811133200795229, 0.9775828460038987, 0.9836065573770492, 0.9821627647714605, 0.9877175025588536, 0.9794117647058823, 0.9642857142857143, 0.9683794466403162]",batch,both
MNIST,small,43,10,all,all,class_selectivity,loss_free,,0.3,3,0.9806,0.979,0.07005202442258597,0.06653515854901634,158500,0.32595068595680976,158220,0.3260121319520175,0.35283571702893823,21.6025390625,16,0,2048,0.3297371310181916,0.979,0.06653515915400349,0.3317089449847117,234752,235146,"[0.9897959183673469, 0.9903083700440528, 0.9738372093023255, 0.9752475247524752, 0.9735234215885947, 0.9775784753363229, 0.9843423799582464, 0.9815175097276264, 0.9722792607802875, 0.9702675916749257]","[0.9880834160873883, 0.986351228389445, 0.9821073558648111, 0.9707602339181286, 0.9795081967213115, 0.979933110367893, 0.9918116683725691, 0.9813725490196078, 0.9714285714285714, 0.974308300395257]",batch,both
MNIST,small,43,10,all,all,class_selectivity,loss_free,,0.3,5,0.9805,0.9802,0.06833387019634247,0.0648138863563072,158500,0.32595068595680976,158220,0.3260121319520175,0.35283571702893823,21.6025390625,16,0,2048,0.3150851570535451,0.9802,0.06481388970683329,0.31663481798022985,234752,235146,"[0.9918367346938776, 0.9911894273127754, 0.9748062015503876, 0.9762376237623762, 0.9775967413441955, 0.9786995515695067, 0.9832985386221295, 0.9815175097276264, 0.9743326488706365, 0.9712586719524281]","[0.9900695134061569, 0.9881710646041856, 0.9801192842942346, 0.9678362573099415, 0.9815573770491803, 0.9855072463768116, 0.9866939611054247, 0.9823529411764705, 0.9673469387755103, 0.9752964426877471]",batch,both
MNIST,small,43,10,all,all,class_selectivity,loss_free,,0.4,0,0.95,0.9487,0.21406905109882354,0.2079931780576706,133605,0.43182108137072284,133364,0.4318940839694656,0.35283571702893823,21.6025390625,16,0,2048,0.3114173059584573,0.9487,0.20799318513870238,0.3091053299140185,234752,235146,"[0.9877551020408163, 0.9559471365638766, 0.9689922480620154, 0.9792079207920792, 0.9806517311608961, 0.9630044843049327, 0.9822546972860126, 0.9416342412451362, 0.8613963039014374, 0.867195242814668]","[0.9940417080436942, 0.9444949954504095, 0.9721669980119284, 0.9707602339181286, 0.9846311475409836, 0.959866220735786, 0.9866939611054247, 0.9529411764705882, 0.8561224489795919, 0.8794466403162056]",batch,both
MNIST,small,43,10,all,all,class_selectivity,loss_free,,0.4,1,0.9778,0.9757,0.07846524491906166,0.07489973280318081,133605,0.43182108137072284,133364,0.4318940839694656,0.35283571702893823,21.6025390625,16,0,2048,0.3138387189246714,0.9757,0.07489973431266844,0.3254973239963874,234752,235146,"[0.9918367346938776, 0.9885462555066079, 0.9728682170542635, 0.9782178217821782, 0.9745417515274949, 0.9719730941704036, 0.9801670146137788, 0.9688715953307393, 0.971252566735113, 0.9573835480673935]","[0.9880834160873883, 0.9836214740673339, 0.9791252485089463, 0.9727095516569201, 0.9815573770491803, 0.9754738015607581, 0.9887410440122825, 0.9774509803921568, 0.9663265306122449, 0.9644268774703557]",batch,both
MNIST,small,43,10,all,all,class_selectivity,loss_free,,0.4,3,0.9797,0.9781,0.0723646915704012,0.06822187514919788,133605,0.43182108137072284,133364,0.4318940839694656,0.35283571702893823,21.6025390625,16,0,2048,0.3371530899312347,0.9781,0.06822187599111348,0.3278068780200556,234752,235146,"[0.9928571428571429, 0.9929515418502203, 0.9709302325581395, 0.9811881188118812, 0.9786150712830958, 0.9742152466367713, 0.9770354906054279, 0.9785992217898832, 0.9722792607802875, 0.9603567888999008]","[0.9880834160873883, 0.9845313921747043, 0.9781312127236581, 0.9785575048732943, 0.9877049180327869, 0.9765886287625418, 0.984646878198567, 0.9813725490196078, 0.963265306122449, 0.9733201581027668]",batch,both
MNIST,small,43,10,all,all,class_selectivity,loss_free,,0.4,5,0.9801,0.9788,0.06983487192839384,0.06682294862121343,133605,0.43182108137072284,133364,0.4318940839694656,0.35283571702893823,21.6025390625,16,0,2048,0.33200179401319474,0.9788,0.06682294561937452,0.32531579001806676,234752,235146,"[0.9918367346938776, 0.9929515418502203, 0.9709302325581395, 0.9772277227722772, 0.9765784114052953, 0.976457399103139, 0.9843423799582464, 0.9844357976653697, 0.9681724845995893, 0.9633300297324083]","[0.9880834160873883, 0.9872611464968153, 0.9791252485089463, 0.9707602339181286, 0.9846311475409836, 0.9810479375696767, 0.9897645854657113, 0.9833333333333333, 0.9653061224489796, 0.9713438735177866]",batch,both
MNIST,small,43,10,all,all,class_selectivity,loss_free,,0.5,0,0.9295,0.926,0.34503217215538023,0.3430450768470764,109386,0.5348166670919343,109184,0.534896401308615,0.35283571702893823,21.6025390625,16,0,2048,0.3249178359983489,0.926,0.34304507546424867,0.3151646839687601,234752,235146,"[0.9877551020408163, 0.8942731277533039, 0.9680232558139535, 0.9603960396039604, 0.9765784114052953, 0.9372197309417041, 0.9864300626304802, 0.8910505836575876, 0.757700205338809, 0.9058473736372646]","[0.9910625620655412, 0.8753412192902639, 0.9711729622266402, 0.9541910331384016, 0.9733606557377049, 0.9386845039018952, 0.9907881269191402, 0.9117647058823529, 0.7826530612244897, 0.9110671936758893]",batch,both
MNIST,small,43,10,all,all,class_selectivity,loss_free,,0.5,1,0.9726,0.9717,0.09483713347911835,0.08968672240227461,109386,0.5348166670919343,109184,0.534896401308615,0.35283571702893823,21.6025390625,16,0,2048,0.3293188459938392,0.9717,0.08968672746121883,0.3274363059317693,234752,235146,"[0.9887755102040816, 0.9903083700440528, 0.9709302325581395, 0.9673267326732673, 0.9674134419551935, 0.9562780269058296, 0.9791231732776617, 0.9669260700389105, 0.9671457905544147, 0.9593657086223984]","[0.9851042701092354, 0.9827115559599636, 0.9761431411530815, 0.9600389863547758, 0.9774590163934426, 0.967670011148272, 0.9887410440122825, 0.9686274509803922, 0.9540816326530612, 0.9644268774703557]",batch,both
MNIST,small,43,10,all,all,class_selectivity,loss_free,,0.5,3,0.9764,0.9761,0.08058981374055148,0.07721174877807498,109386,0.5348166670919343,109184,0.534896401308615,0.35283571702893823,21.6025390625,16,0,2048,0.3131750179454684,0.9761,0.07721174928471446,0.3252874669851735,234752,235146,"[0.9928571428571429, 0.9876651982378855, 0.9757751937984496, 0.9663366336633663, 0.9786150712830958, 0.968609865470852, 0.9812108559498957, 0.9785992217898832, 0.971252566735113, 0.958374628344896]","[0.9860973187686196, 0.9836214740673339, 0.9791252485089463, 0.956140350877193, 0.9815573770491803, 0.979933110367893, 0.9866939611054247, 0.9803921568627451, 0.9683673469387755, 0.9624505928853755]",batch,both
MNIST,small,43,10,all,all,class_selectivity,loss_free,,0.5,5,0.9783,0.977,0.07675380645692348,0.07352814868092537,109386,0.5348166670919343,109184,0.534896401308615,0.35283571702893823,21.6025390625,16,0,2048,0.3191576669923961,0.977,0.07352814832776784,0.3433959980029613,234752,235146,"[0.9897959183673469, 0.9885462555066079, 0.9757751937984496, 0.9742574257425742, 0.9806517311608961, 0.9674887892376681, 0.9832985386221295, 0.9776264591439688, 0.9702258726899384, 0.9603567888999008]","[0.9851042701092354, 0.9845313921747043, 0.9831013916500994, 0.9678362573099415, 0.9825819672131147, 0.9777034559643255, 0.9877175025588536, 0.9833333333333333, 0.9653061224489796, 0.9654150197628458]",batch,both
MNIST,small,43,10,all,all,class_selectivity,loss_free,,0.7,0,0.7286,0.726,1.053571405506134,1.051231005859375,63887,0.728309220654402,63761,0.7283899604689203,0.35283571702893823,21.6025390625,16,0,2048,0.32362174103036523,0.726,1.0512310111999512,0.3232101679313928,234752,235146,"[0.9795918367346939, 0.001762114537444934, 0.7868217054263565, 0.9138613861386139, 0.9389002036659878, 0.6860986547085202, 0.9958246346555324, 0.519455252918288, 0.7104722792607803, 0.8414271555996036]","[0.971201588877855, 0.0009099181073703367, 0.7992047713717694, 0.9269005847953217, 0.9375, 0.6566332218506131, 0.9959058341862845, 0.515686274509804, 0.7285714285714285, 0.825098814229249]",batch,both
MNIST,small,43,10,all,all,class_selectivity,loss_free,,0.7,1,0.9505,0.9532,0.19595681495666503,0.18795250168442726,63887,0.728309220654402,63761,0.7283899604689203,0.35283571702893823,21.6025390625,16,0,2048,0.30878276901785284,0.9532,0.18795250396728516,0.3364178949268535,234752,235146,"[0.9887755102040816, 0.9885462555066079, 0.9467054263565892, 0.9356435643564357, 0.9623217922606925, 0.9204035874439462, 0.975991649269311, 0.9396887159533074, 0.9312114989733059, 0.9365708622398414]","[0.9821251241310824, 0.9772520473157416, 0.9453280318091452, 0.9278752436647173, 0.9569672131147541, 0.9364548494983278, 0.9764585465711362, 0.9490196078431372, 0.9153061224489796, 0.9347826086956522]",batch,both
MNIST,small,43,10,all,all,class_selectivity,loss_free,,0.7,3,0.9621,0.9642,0.13505676490068436,0.12961159721016885,63887,0.728309220654402,63761,0.7283899604689203,0.35283571702893823,21.6025390625,16,0,2048,0.31689462601207197,0.9642,0.12961159903407096,0.3117199210682884,234752,235146,"[0.9897959183673469, 0.9876651982378855, 0.9602713178294574, 0.9613861386138614, 0.9643584521384929, 0.9517937219730942, 0.9801670146137788, 0.9503891050583657, 0.9517453798767967, 0.9415262636273538]","[0.9821251241310824, 0.9790718835304822, 0.9582504970178927, 0.9532163742690059, 0.9713114754098361, 0.9542920847268673, 0.9825997952917093, 0.961764705882353, 0.936734693877551, 0.9397233201581028]",batch,both
MNIST,small,43,10,all,all,class_selectivity,loss_free,,0.7,5,0.9657,0.9675,0.11839167478680611,0.11317980660200119,63887,0.728309220654402,63761,0.7283899604689203,0.35283571702893823,21.6025390625,16,0,2048,0.3188373220618814,0.9675,0.11317980831861496,0.3179785719839856,234752,235146,"[0.9918367346938776, 0.986784140969163, 0.9612403100775194, 0.9653465346534653, 0.9653767820773931, 0.9562780269058296, 0.9780793319415448, 0.9620622568093385, 0.9537987679671458, 0.9514370664023786]","[0.9851042701092354, 0.9799818016378526, 0.963220675944334, 0.9522417153996101, 0.9774590163934426, 0.959866220735786, 0.9805527123848515, 0.9696078431372549, 0.9418367346938775, 0.9456521739130435]",batch,both
MNIST,small,43,10,a1,layerwise,class_selectivity,loss_free,,0.05,0,0.9784,0.9791,0.08044534997045993,0.07069444761457853,224190,0.04659232987165418,223808,0.04661941112322787,0.35283571702893823,21.6025390625,16,0,2048,0.3258263280149549,0.9791,0.07069444831642323,0.31790316302794963,234752,235146,"[0.9908163265306122, 0.9911894273127754, 0.9777131782945736, 0.9752475247524752, 0.9857433808553971, 0.9798206278026906, 0.9843423799582464, 0.9698443579766537, 0.9671457905544147, 0.9682854311199207]","[0.9900695134061569, 0.9854413102820746, 0.9811133200795229, 0.9727095516569201, 0.9836065573770492, 0.9810479375696767, 0.9887410440122825, 0.9803921568627451, 0.9581632653061225, 0.9624505928853755]",batch,both
MNIST,small,43,10,a1,layerwise,class_selectivity,loss_free,,0.05,1,0.9821,0.9811,0.06776187806241214,0.06197857867681887,224190,0.04659232987165418,223808,0.04661941112322787,0.35283571702893823,21.6025390625,16,0,2048,0.3354777490021661,0.9811,0.06197858123460319,0.3178449230035767,234752,235146,"[0.9918367346938776, 0.9929515418502203, 0.9854651162790697, 0.9801980198019802, 0.9786150712830958, 0.9809417040358744, 0.9812108559498957, 0.9776264591439688, 0.973305954825462, 0.9672943508424182]","[0.9860973187686196, 0.9881710646041856, 0.9860834990059643, 0.9805068226120858, 0.9825819672131147, 0.9821627647714605, 0.9866939611054247, 0.9852941176470589, 0.9704081632653061, 0.9723320158102767]",batch,both
MNIST,small,43,10,a1,layerwise,class_selectivity,loss_free,,0.05,3,0.9825,0.982,0.06426029624305665,0.06304543286156258,224190,0.04659232987165418,223808,0.04661941112322787,0.35283571702893823,21.6025390625,16,0,2048,0.32323822600301355,0.982,0.06304543272670708,0.344819599064067,234752,235146,"[0.9918367346938776, 0.9929515418502203, 0.9825581395348837, 0.9772277227722772, 0.9786150712830958, 0.9809417040358744, 0.9843423799582464, 0.9776264591439688, 0.9702258726899384, 0.9821605550049554]","[0.9880834160873883, 0.9872611464968153, 0.9850894632206759, 0.9785575048732943, 0.9836065573770492, 0.9832775919732442, 0.9866939611054247, 0.9833333333333333, 0.9683673469387755, 0.9802371541501976]",batch,both
MNIST,small,43,10,a1,layerwise,class_selectivity,loss_free,,0.05,5,0.9827,0.9825,0.06809175207726657,0.06436171023297647,224190,0.04659232987165418,223808,0.04661941112322787,0.35283571702893823,21.6025390625,16,0,2048,0.3159363539889455,0.9825,0.06436171155135671,0.3349520890042186,234752,235146,"[0.9908163265306122, 0.9920704845814978, 0.9854651162790697, 0.9821782178217822, 0.9786150712830958, 0.9820627802690582, 0.9853862212943633, 0.9834630350194552, 0.9702258726899384, 0.9732408325074331]","[0.9851042701092354, 0.9872611464968153, 0.9860834990059643, 0.9814814814814815, 0.9846311475409836, 0.9821627647714605, 0.9897645854657113, 0.9862745098039216, 0.9673469387755103, 0.9762845849802372]",batch,both
MNIST,small,43,10,a1,layerwise,class_selectivity,loss_free,,0.1,0,0.9773,0.9782,0.08601286736279726,0.07383703257949091,212321,0.09706735389927956,211952,0.09712377317339149,0.35283571702893823,21.6025390625,16,0,2048,0.3110607929993421,0.9782,0.0738370331040118,0.3334045549854636,234752,235146,"[0.9908163265306122, 0.9894273127753304, 0.9757751937984496, 0.9762376237623762, 0.984725050916497, 0.9798206278026906, 0.9843423799582464, 0.9630350194552529, 0.9691991786447639, 0.9682854311199207]","[0.9900695134061569, 0.9836214740673339, 0.9771371769383698, 0.9736842105263158, 0.9836065573770492, 0.979933110367893, 0.9887410440122825, 0.9754901960784313, 0.9581632653061225, 0.9624505928853755]",batch,both
MNIST,small,43,10,a1,layerwise,class_selectivity,loss_free,,0.1,1,0.982,0.9813,0.06965058812275529,0.06346088859977317,212321,0.09706735389927956,211952,0.09712377317339149,0.35283571702893823,21.6025390625,16,0,2048,0.32427037390880287,0.9813,0.06346089022176457,0.35169945703819394,234752,235146,"[0.9928571428571429, 0.9911894273127754, 0.9777131782945736, 0.9782178217821782, 0.9786150712830958, 0.9820627802690582, 0.9812108559498957, 0.9776264591439688, 0.9763860369609856, 0.9762140733399405]","[0.9880834160873883, 0.9854413102820746, 0.9860834990059643, 0.97953216374269, 0.9815573770491803, 0.9821627647714605, 0.9866939611054247, 0.9852941176470589, 0.9683673469387755, 0.9762845849802372]",batch,both
MNIST,small,43,10,a1,layerwise,class_selectivity,loss_free,,0.1,3,0.9819,0.9817,0.06879641191549599,0.0645541472801473,212321,0.09706735389927956,211952,0.09712377317339149,0.35283571702893823,21.6025390625,16,0,2048,0.33774461003486067,0.9817,0.06455414675860666,0.33057351305615157,234752,235146,"[0.9928571428571429, 0.9929515418502203, 0.9786821705426356, 0.9851485148514851, 0.9816700610997964, 0.9809417040358744, 0.9780793319415448, 0.980544747081712, 0.973305954825462, 0.9712586719524281]","[0.9920556107249255, 0.986351228389445, 0.9821073558648111, 0.9824561403508771, 0.9846311475409836, 0.9821627647714605, 0.9836233367451381, 0.9852941176470589, 0.9673469387755103, 0.9723320158102767]",batch,both
MNIST,small,43,10,a1,layerwise,class_selectivity,loss_free,,0.1,5,0.9828,0.9823,0.07035308332778513,0.0649203770667722,212321,0.09706735389927956,211952,0.09712377317339149,0.35283571702893823,21.6025390625,16,0,2048,0.3260804599849507,0.9823,0.06492037785038701,0.3337339690187946,234752,235146,"[0.9928571428571429, 0.9929515418502203, 0.9796511627906976, 0.9851485148514851, 0.9806517311608961, 0.9775784753363229, 0.9812108559498957, 0.9815175097276264, 0.9763860369609856, 0.9732408325074331]","[0.9890764647467726, 0.9881710646041856, 0.9880715705765407, 0.9824561403508771, 0.9846311475409836, 0.9754738015607581, 0.9856704196519959, 0.984313725490196, 0.9755102040816327, 0.9733201581027668]",batch,both
MNIST,small,43,10,a1,layerwise,class_selectivity,loss_free,,0.2,0,0.9739,0.9747,0.09565201710760593,0.08177827926259487,188583,0.19801740195453033,188240,0.19813249727371862,0.35283571702893823,21.6025390625,16,0,2048,0.31784578098449856,0.9747,0.08177827238570899,0.33478797203861177,234752,235146,"[0.9908163265306122, 0.9859030837004406, 0.9748062015503876, 0.9693069306930693, 0.9806517311608961, 0.9775784753363229, 0.9843423799582464, 0.9571984435797666, 0.9630390143737166, 0.9633300297324083]","[0.9910625620655412, 0.9736123748862603, 0.9731610337972167, 0.9590643274853801, 0.9846311475409836, 0.9788182831661093, 0.9897645854657113, 0.9764705882352941, 0.9551020408163265, 0.958498023715415]",batch,both
MNIST,small,43,10,a1,layerwise,class_selectivity,loss_free,,0.2,1,0.9813,0.9801,0.07212480131685733,0.06379700634416659,188583,0.19801740195453033,188240,0.19813249727371862,0.35283571702893823,21.6025390625,16,0,2048,0.30736625904683024,0.9801,0.0637970083371969,0.32901479001156986,234752,235146,"[0.9918367346938776, 0.9920704845814978, 0.9767441860465116, 0.9782178217821782, 0.9806517311608961, 0.9775784753363229, 0.9832985386221295, 0.9795719844357976, 0.9650924024640657, 0.9742319127849356]","[0.9900695134061569, 0.9854413102820746, 0.9850894632206759, 0.9766081871345029, 0.9836065573770492, 0.9821627647714605, 0.984646878198567, 0.984313725490196, 0.9642857142857143, 0.9762845849802372]",batch,both
MNIST,small,43,10,a1,layerwise,class_selectivity,loss_free,,0.2,3,0.983,0.981,0.06773047180473804,0.06249543318651849,188583,0.19801740195453033,188240,0.19813249727371862,0.35283571702893823,21.6025390625,16,0,2048,0.30916177900508046,0.981,0.062495433300512375,0.3128063870826736,234752,235146,"[0.9908163265306122, 0.9938325991189427, 0.9757751937984496, 0.9782178217821782, 0.9816700610997964, 0.9820627802690582, 0.9832985386221295, 0.9766536964980544, 0.9743326488706365, 0.9722497522299306]","[0.9900695134061569, 0.9881710646041856, 0.9840954274353877, 0.97953216374269, 0.9866803278688525, 0.9855072463768116, 0.9877175025588536, 0.9823529411764705, 0.9704081632653061, 0.9752964426877471]",batch,both
MNIST,small,43,10,a1,layerwise,class_selectivity,loss_free,,0.2,5,0.9818,0.9812,0.06970888397097588,0.06370148432898567,188583,0.19801740195453033,188240,0.19813249727371862,0.35283571702893823,21.6025390625,16,0,2048,0.3241625080117956,0.9812,0.06370148458733456,0.32294941204600036,234752,235146,"[0.9908163265306122, 0.9920704845814978, 0.9825581395348837, 0.9782178217821782, 0.9796334012219959, 0.9809417040358744, 0.9843423799582464, 0.9795719844357976, 0.9722792607802875, 0.9702675916749257]","[0.9880834160873883, 0.9881710646041856, 0.9880715705765407, 0.9766081871345029, 0.9836065573770492, 0.9843924191750278, 0.9856704196519959, 0.9823529411764705, 0.9642857142857143, 0.9762845849802372]",batch,both
MNIST,small,43,10,a1,layerwise,class_selectivity,loss_free,,0.3,0,0.9714,0.9733,0.10126204201877118,0.08730006501562894,165758,0.29508475585381,165440,0.2952562704471101,0.35283571702893823,21.6025390625,16,0,2048,0.3317778609925881,0.9733,0.08730006271339953,0.32340823707636446,234752,235146,"[0.9918367346938776, 0.9841409691629956, 0.9738372093023255, 0.9613861386138614, 0.9816700610997964, 0.9742152466367713, 0.9832985386221295, 0.9678988326848249, 0.9599589322381931, 0.9544103072348861]","[0.9910625620655412, 0.9745222929936306, 0.9751491053677932, 0.9590643274853801, 0.9825819672131147, 0.967670011148272, 0.9897645854657113, 0.9754901960784313, 0.9469387755102041, 0.9515810276679841]",batch,both
MNIST,small,43,10,a1,layerwise,class_selectivity,loss_free,,0.3,1,0.9803,0.9801,0.07322231618836522,0.06701957326522097,165758,0.29508475585381,165440,0.2952562704471101,0.35283571702893823,21.6025390625,16,0,2048,0.31495754700154066,0.9801,0.06701957431240008,0.3122173009905964,234752,235146,"[0.9918367346938776, 0.9920704845814978, 0.9815891472868217, 0.9792079207920792, 0.9806517311608961, 0.9775784753363229, 0.9853862212943633, 0.9766536964980544, 0.9681724845995893, 0.9663032705649157]","[0.9890764647467726, 0.9854413102820746, 0.9831013916500994, 0.9785575048732943, 0.9825819672131147, 0.9832775919732442, 0.9877175025588536, 0.9813725490196078, 0.9622448979591837, 0.9693675889328063]",batch,both
MNIST,small,43,10,a1,layerwise,class_selectivity,loss_free,,0.3,3,0.9819,0.9803,0.06805978426635266,0.06285035254955292,165758,0.29508475585381,165440,0.2952562704471101,0.35283571702893823,21.6025390625,16,0,2048,0.3208142489893362,0.9803,0.06285035381615162,0.31855441303923726,234752,235146,"[0.9928571428571429, 0.9911894273127754, 0.9757751937984496, 0.9762376237623762, 0.9806517311608961, 0.9786995515695067, 0.9832985386221295, 0.980544747081712, 0.9753593429158111, 0.9672943508424182]","[0.9880834160873883, 0.9881710646041856, 0.9840954274353877, 0.9756335282651072, 0.9815573770491803, 0.9810479375696767, 0.9877175025588536, 0.9813725490196078, 0.9734693877551021, 0.9772727272727273]",batch,both
MNIST,small,43,10,a1,layerwise,class_selectivity,loss_free,,0.3,5,0.9825,0.981,0.06898993168622256,0.06409917422770522,165758,0.29508475585381,165440,0.2952562704471101,0.35283571702893823,21.6025390625,16,0,2048,0.3061197439674288,0.981,0.06409917508154177,0.3199789439095184,234752,235146,"[0.9908163265306122, 0.9911894273127754, 0.9786821705426356, 0.9801980198019802, 0.9806517311608961, 0.976457399103139, 0.9843423799582464, 0.980544747081712, 0.9753593429158111, 0.9702675916749257]","[0.9880834160873883, 0.9872611464968153, 0.9821073558648111, 0.9814814814814815, 0.9836065573770492, 0.9821627647714605, 0.9887410440122825, 0.9833333333333333, 0.9724489795918367, 0.9752964426877471]",batch,both
MNIST,small,43,10,a1,layerwise,class_selectivity,loss_free,,0.4,0,0.966,0.968,0.11659740777015686,0.10615988393425942,142020,0.39603480390906076,141728,0.39626499454743724,0.35283571702893823,21.6025390625,16,0,2048,0.34223429998382926,0.968,0.10615988653600215,0.3152378830127418,234752,235146,"[0.9887755102040816, 0.9770925110132158, 0.9748062015503876, 0.9653465346534653, 0.9755600814663951, 0.9585201793721974, 0.9822546972860126, 0.9464980544747081, 0.9599589322381931, 0.9504459861248761]","[0.9920556107249255, 0.9590536851683349, 0.9721669980119284, 0.9571150097465887, 0.9795081967213115, 0.9576365663322185, 0.9897645854657113, 0.9598039215686275, 0.9438775510204082, 0.9496047430830039]",batch,both
MNIST,small,43,10,a1,layerwise,class_selectivity,loss_free,,0.4,1,0.9803,0.9779,0.07239108756780624,0.06864649014286697,142020,0.39603480390906076,141728,0.39626499454743724,0.35283571702893823,21.6025390625,16,0,2048,0.3190461480990052,0.9779,0.06864649081043898,0.326176828937605,234752,235146,"[0.9918367346938776, 0.9911894273127754, 0.9786821705426356, 0.9762376237623762, 0.9755600814663951, 0.9708520179372198, 0.9812108559498957, 0.9776264591439688, 0.9691991786447639, 0.9643211100099108]","[0.9900695134061569, 0.9845313921747043, 0.9781312127236581, 0.9766081871345029, 0.9846311475409836, 0.9754738015607581, 0.9897645854657113, 0.9803921568627451, 0.9663265306122449, 0.9762845849802372]",batch,both
MNIST,small,43,10,a1,layerwise,class_selectivity,loss_free,,0.4,3,0.9813,0.9808,0.070017150837183,0.06522271333904937,142020,0.39603480390906076,141728,0.39626499454743724,0.35283571702893823,21.6025390625,16,0,2048,0.33259293204173446,0.9808,0.06522271301308646,0.31074668501969427,234752,235146,"[0.9908163265306122, 0.9938325991189427, 0.9806201550387597, 0.9821782178217822, 0.9796334012219959, 0.9730941704035875, 0.9864300626304802, 0.9815175097276264, 0.9691991786447639, 0.9682854311199207]","[0.9880834160873883, 0.986351228389445, 0.9811133200795229, 0.9805068226120858, 0.9846311475409836, 0.9788182831661093, 0.9887410440122825, 0.9833333333333333, 0.9663265306122449, 0.974308300395257]",batch,both
MNIST,small,43,10,a1,layerwise,class_selectivity,loss_free,,0.4,5,0.981,0.9801,0.06926946320235729,0.06532898151124827,142020,0.39603480390906076,141728,0.39626499454743724,0.35283571702893823,21.6025390625,16,0,2048,0.3058191139716655,0.9801,0.06532898137639277,0.33969788695685565,234752,235146,"[0.9918367346938776, 0.9929515418502203, 0.9786821705426356, 0.9762376237623762, 0.9786150712830958, 0.9798206278026906, 0.9843423799582464, 0.9824902723735408, 0.9671457905544147, 0.9672943508424182]","[0.9890764647467726, 0.9872611464968153, 0.9811133200795229, 0.9746588693957114, 0.985655737704918, 0.9777034559643255, 0.9877175025588536, 0.9833333333333333, 0.9653061224489796, 0.9772727272727273]",batch,both
MNIST,small,43,10,a1,layerwise,class_selectivity,loss_free,,0.5,0,0.9558,0.9572,0.14803368873596193,0.1410025332570076,118282,0.4969848519643115,118016,0.4972737186477645,0.35283571702893823,21.6025390625,16,0,2048,0.33266642899252474,0.9572,0.14100253175497054,0.32926975504960865,234752,235146,"[0.9877551020408163, 0.9629955947136564, 0.9718992248062015, 0.9405940594059405, 0.9775967413441955, 0.9405829596412556, 0.9853862212943633, 0.9416342412451362, 0.9260780287474333, 0.9365708622398414]","[0.9920556107249255, 0.9426751592356688, 0.9721669980119284, 0.9376218323586745, 0.9743852459016393, 0.9464882943143813, 0.9907881269191402, 0.9490196078431372, 0.9081632653061225, 0.9456521739130435]",batch,both
MNIST,small,43,10,a1,layerwise,class_selectivity,loss_free,,0.5,1,0.9781,0.976,0.07894284108281135,0.07536829229705036,118282,0.4969848519643115,118016,0.4972737186477645,0.35283571702893823,21.6025390625,16,0,2048,0.3201498979469761,0.976,0.07536829180046915,0.3188247539801523,234752,235146,"[0.9908163265306122, 0.9911894273127754, 0.9796511627906976, 0.9673267326732673, 0.9755600814663951, 0.9753363228699552, 0.9822546972860126, 0.9688715953307393, 0.9671457905544147, 0.9603567888999008]","[0.9880834160873883, 0.9845313921747043, 0.9821073558648111, 0.969785575048733, 0.9754098360655737, 0.9765886287625418, 0.9918116683725691, 0.9764705882352941, 0.9653061224489796, 0.9703557312252964]",batch,both
MNIST,small,43,10,a1,layerwise,class_selectivity,loss_free,,0.5,3,0.9797,0.979,0.0729809461094439,0.06989389159101993,118282,0.4969848519643115,118016,0.4972737186477645,0.35283571702893823,21.6025390625,16,0,2048,0.3134739400120452,0.979,0.06989388811904937,0.3138529499992728,234752,235146,"[0.9918367346938776, 0.9894273127753304, 0.9815891472868217, 0.9782178217821782, 0.9796334012219959, 0.9708520179372198, 0.9812108559498957, 0.980544747081712, 0.9691991786447639, 0.9653121902874133]","[0.9900695134061569, 0.9836214740673339, 0.9840954274353877, 0.9727095516569201, 0.9774590163934426, 0.979933110367893, 0.9877175025588536, 0.9813725490196078, 0.9683673469387755, 0.9713438735177866]",batch,both
MNIST,small,43,10,a1,layerwise,class_selectivity,loss_free,,0.5,5,0.9794,0.9791,0.07169360466040671,0.06941131952796131,118282,0.4969848519643115,118016,0.4972737186477645,0.35283571702893823,21.6025390625,16,0,2048,0.3128871750086546,0.9791,0.06941131695378572,0.31005824101157486,234752,235146,"[0.9897959183673469, 0.9920704845814978, 0.9777131782945736, 0.9762376237623762, 0.9786150712830958, 0.9786995515695067, 0.9822546972860126, 0.9795719844357976, 0.9722792607802875, 0.9623389494549058]","[0.9860973187686196, 0.9854413102820746, 0.9821073558648111, 0.969785575048733, 0.9784836065573771, 0.9821627647714605, 0.9928352098259979, 0.9803921568627451, 0.9663265306122449, 0.9703557312252964]",batch,both
MNIST,small,43,10,a1,layerwise,class_selectivity,loss_free,,0.7,0,0.8606,0.8575,0.43001334233283994,0.43067077274322507,71719,0.6950022539188419,71504,0.6954062159214831,0.35283571702893823,21.6025390625,16,0,2048,0.31859269097913057,0.8575,0.43067076454162595,0.3263333699433133,234752,235146,"[0.9887755102040816, 0.5259911894273128, 0.9244186046511628, 0.8851485148514852, 0.9643584521384929, 0.9237668161434978, 0.9843423799582464, 0.8404669260700389, 0.6786447638603696, 0.9137760158572844]","[0.9940417080436942, 0.4813466787989081, 0.9184890656063618, 0.9035087719298246, 0.9682377049180327, 0.915273132664437, 0.9907881269191402, 0.861764705882353, 0.6918367346938775, 0.9229249011857708]",batch,both
MNIST,small,43,10,a1,layerwise,class_selectivity,loss_free,,0.7,1,0.9679,0.9679,0.11243770409226418,0.1057789086908102,71719,0.6950022539188419,71504,0.6954062159214831,0.35283571702893823,21.6025390625,16,0,2048,0.318424483994022,0.9679,0.10577891220450401,0.3364712940528989,234752,235146,"[0.9877551020408163, 0.9876651982378855, 0.9660852713178295, 0.9653465346534653, 0.9725050916496945, 0.9506726457399103, 0.9749478079331941, 0.9630350194552529, 0.9527720739219713, 0.9544103072348861]","[0.9801390268123138, 0.9818016378525932, 0.967196819085487, 0.9600389863547758, 0.9764344262295082, 0.9609810479375697, 0.9856704196519959, 0.9725490196078431, 0.9326530612244898, 0.9594861660079052]",batch,both
MNIST,small,43,10,a1,layerwise,class_selectivity,loss_free,,0.7,3,0.9722,0.973,0.09398076743334532,0.08929491503983736,71719,0.6950022539188419,71504,0.6954062159214831,0.35283571702893823,21.6025390625,16,0,2048,0.3359177029924467,0.973,0.08929491361677647,0.32600561203435063,234752,235146,"[0.9908163265306122, 0.9850220264317181, 0.9728682170542635, 0.9732673267326732, 0.9755600814663951, 0.9663677130044843, 0.9780793319415448, 0.9659533073929961, 0.9620123203285421, 0.958374628344896]","[0.9821251241310824, 0.9808917197452229, 0.9721669980119284, 0.9619883040935673, 0.9774590163934426, 0.967670011148272, 0.9866939611054247, 0.9735294117647059, 0.960204081632653, 0.958498023715415]",batch,both
MNIST,small,43,10,a1,layerwise,class_selectivity,loss_free,,0.7,5,0.9744,0.9745,0.08879949031025171,0.08329739183112979,71719,0.6950022539188419,71504,0.6954062159214831,0.35283571702893823,21.6025390625,16,0,2048,0.31816938100382686,0.9745,0.0832973920546472,0.31979871401563287,234752,235146,"[0.9908163265306122, 0.986784140969163, 0.9738372093023255, 0.9782178217821782, 0.9714867617107943, 0.9708520179372198, 0.9812108559498957, 0.9717898832684825, 0.9589322381930184, 0.9593657086223984]","[0.9841112214498511, 0.9836214740673339, 0.9791252485089463, 0.9649122807017544, 0.9754098360655737, 0.9721293199554069, 0.9887410440122825, 0.9794117647058823, 0.9551020408163265, 0.9604743083003953]",batch,both
MNIST,small,43,10,a2,layerwise,class_selectivity,loss_free,,0.05,0,0.9788,0.9789,0.07989588243365288,0.0704702028607484,233544,0.006812788650455426,233156,0.006798664122137366,0.35283571702893823,21.6025390625,16,0,2048,0.323318553972058,0.9789,0.07047020103237592,0.33415596501436085,234752,235146,"[0.9908163265306122, 0.9911894273127754, 0.9777131782945736, 0.9752475247524752, 0.9837067209775967, 0.9798206278026906, 0.9843423799582464, 0.9678988326848249, 0.9671457905544147, 0.9702675916749257]","[0.9900695134061569, 0.9854413102820746, 0.9801192842942346, 0.9727095516569201, 0.985655737704918, 0.9810479375696767, 0.9887410440122825, 0.9803921568627451, 0.9591836734693877, 0.9644268774703557]",batch,both
MNIST,small,43,10,a2,layerwise,class_selectivity,loss_free,,0.05,1,0.9818,0.9814,0.06810610234849154,0.06259160925732576,233544,0.006812788650455426,233156,0.006798664122137366,0.35283571702893823,21.6025390625,16,0,2048,0.3101688710739836,0.9814,0.06259160796921351,0.31003228400368243,234752,235146,"[0.9908163265306122, 0.9911894273127754, 0.9806201550387597, 0.9792079207920792, 0.9796334012219959, 0.9831838565022422, 0.9812108559498957, 0.9795719844357976, 0.973305954825462, 0.9742319127849356]","[0.9870903674280039, 0.9872611464968153, 0.9831013916500994, 0.9785575048732943, 0.9825819672131147, 0.979933110367893, 0.984646878198567, 0.9872549019607844, 0.9704081632653061, 0.9762845849802372]",batch,both
MNIST,small,43,10,a2,layerwise,class_selectivity,loss_free,,0.05,3,0.9826,0.9817,0.06708664031997323,0.06256139229750261,233544,0.006812788650455426,233156,0.006798664122137366,0.35283571702893823,21.6025390625,16,0,2048,0.3116953850258142,0.9817,0.06256139212837443,0.3357812549220398,234752,235146,"[0.9908163265306122, 0.9920704845814978, 0.9806201550387597, 0.9772277227722772, 0.9796334012219959, 0.9786995515695067, 0.9864300626304802, 0.9776264591439688, 0.971252566735113, 0.981169474727453]","[0.9900695134061569, 0.9836214740673339, 0.9840954274353877, 0.9785575048732943, 0.9825819672131147, 0.9810479375696767, 0.9907881269191402, 0.9852941176470589, 0.9683673469387755, 0.9812252964426877]",batch,both
MNIST,small,43,10,a2,layerwise,class_selectivity,loss_free,,0.05,5,0.9823,0.9826,0.0688236763894558,0.06481735979515943,233544,0.006812788650455426,233156,0.006798664122137366,0.35283571702893823,21.6025390625,16,0,2048,0.308535985997878,0.9826,0.06481735966700944,0.3217677869834006,234752,235146,"[0.9918367346938776, 0.9920704845814978, 0.9835271317829457, 0.9782178217821782, 0.9796334012219959, 0.9820627802690582, 0.9843423799582464, 0.980544747081712, 0.9722792607802875, 0.9801783944499505]","[0.9870903674280039, 0.9872611464968153, 0.9870775347912525, 0.9766081871345029, 0.9815573770491803, 0.9866220735785953, 0.9877175025588536, 0.9862745098039216, 0.9673469387755103, 0.9752964426877471]",batch,both
MNIST,small,43,10,a2,layerwise,class_selectivity,loss_free,,0.1,0,0.978,0.9789,0.08114078447818757,0.07114429158652201,231942,0.013625577300910963,231560,0.013597328244274842,0.35283571702893823,21.6025390625,16,0,2048,0.318486068979837,0.9789,0.07114429212966934,0.3286615590332076,234752,235146,"[0.9908163265306122, 0.9911894273127754, 0.9786821705426356, 0.9772277227722772, 0.9867617107942973, 0.9809417040358744, 0.9843423799582464, 0.9688715953307393, 0.9671457905544147, 0.9623389494549058]","[0.9910625620655412, 0.9854413102820746, 0.9811133200795229, 0.9756335282651072, 0.9846311475409836, 0.979933110367893, 0.9887410440122825, 0.9803921568627451, 0.9530612244897959, 0.9594861660079052]",batch,both
MNIST,small,43,10,a2,layerwise,class_selectivity,loss_free,,0.1,1,0.9815,0.9813,0.06796647124774755,0.06176465160887456,231942,0.013625577300910963,231560,0.013597328244274842,0.35283571702893823,21.6025390625,16,0,2048,0.31885651301126927,0.9813,0.061764652757754085,0.32782190409488976,234752,235146,"[0.9897959183673469, 0.9929515418502203, 0.9796511627906976, 0.9762376237623762, 0.9816700610997964, 0.9809417040358744, 0.9822546972860126, 0.980544747081712, 0.9722792607802875, 0.9752229930624381]","[0.9851042701092354, 0.986351228389445, 0.9840954274353877, 0.9785575048732943, 0.9846311475409836, 0.9821627647714605, 0.9866939611054247, 0.9833333333333333, 0.9693877551020408, 0.974308300395257]",batch,both
MNIST,small,43,10,a2,layerwise,class_selectivity,loss_free,,0.1,3,0.9823,0.9815,0.066626095912233,0.0648619679229043,231942,0.013625577300910963,231560,0.013597328244274842,0.35283571702893823,21.6025390625,16,0,2048,0.31820292794145644,0.9815,0.0648619664163969,0.3092134940670803,234752,235146,"[0.9908163265306122, 0.9929515418502203, 0.9815891472868217, 0.9792079207920792, 0.9816700610997964, 0.9831838565022422, 0.9832985386221295, 0.9795719844357976, 0.9671457905544147, 0.9742319127849356]","[0.9870903674280039, 0.989080982711556, 0.9831013916500994, 0.9814814814814815, 0.985655737704918, 0.9855072463768116, 0.9856704196519959, 0.9862745098039216, 0.9663265306122449, 0.9723320158102767]",batch,both
MNIST,small,43,10,a2,layerwise,class_selectivity,loss_free,,0.1,5,0.9825,0.9823,0.06838698388747871,0.06476810970006044,231942,0.013625577300910963,231560,0.013597328244274842,0.35283571702893823,21.6025390625,16,0,2048,0.3175231779459864,0.9823,0.06476811159250792,0.3262114910176024,234752,235146,"[0.9908163265306122, 0.9911894273127754, 0.9815891472868217, 0.9772277227722772, 0.9786150712830958, 0.984304932735426, 0.9853862212943633, 0.9815175097276264, 0.973305954825462, 0.9781962338949455]","[0.9890764647467726, 0.9845313921747043, 0.9870775347912525, 0.9756335282651072, 0.9836065573770492, 0.9843924191750278, 0.9887410440122825, 0.984313725490196, 0.9734693877551021, 0.974308300395257]",batch,both
MNIST,small,43,10,a2,layerwise,class_selectivity,loss_free,,0.2,0,0.9764,0.9772,0.085963142734766,0.07627257410846651,228471,0.028386619376897793,228102,0.028327767175572505,0.35283571702893823,21.6025390625,16,0,2048,0.31400585104711354,0.9772,0.07627257418259978,0.3173334460007027,234752,235146,"[0.9897959183673469, 0.9903083700440528, 0.9806201550387597, 0.9821782178217822, 0.9877800407331976, 0.9786995515695067, 0.9853862212943633, 0.9717898832684825, 0.9496919917864476, 0.9544103072348861]","[0.9870903674280039, 0.9854413102820746, 0.9821073558648111, 0.9727095516569201, 0.9877049180327869, 0.9810479375696767, 0.9928352098259979, 0.9833333333333333, 0.939795918367347, 0.9515810276679841]",batch,both
MNIST,small,43,10,a2,layerwise,class_selectivity,loss_free,,0.2,1,0.9814,0.9814,0.06644242630153895,0.06009869459802285,228471,0.028386619376897793,228102,0.028327767175572505,0.35283571702893823,21.6025390625,16,0,2048,0.31339796900283545,0.9814,0.06009869422921911,0.31341705995146185,234752,235146,"[0.9908163265306122, 0.9929515418502203, 0.9825581395348837, 0.9772277227722772, 0.9796334012219959, 0.9798206278026906, 0.9822546972860126, 0.9795719844357976, 0.9702258726899384, 0.977205153617443]","[0.9851042701092354, 0.986351228389445, 0.9870775347912525, 0.9756335282651072, 0.9825819672131147, 0.9821627647714605, 0.9877175025588536, 0.9852941176470589, 0.9673469387755103, 0.974308300395257]",batch,both
MNIST,small,43,10,a2,layerwise,class_selectivity,loss_free,,0.2,3,0.9827,0.9817,0.06467962743937969,0.06070745093410369,228471,0.028386619376897793,228102,0.028327767175572505,0.35283571702893823,21.6025390625,16,0,2048,0.30947494599968195,0.9817,0.06070745100711938,0.32100910204462707,234752,235146,"[0.9908163265306122, 0.9929515418502203, 0.9796511627906976, 0.9811881188118812, 0.9796334012219959, 0.9809417040358744, 0.9864300626304802, 0.9795719844357976, 0.9702258726899384, 0.9742319127849356]","[0.9890764647467726, 0.9881710646041856, 0.9850894632206759, 0.9805068226120858, 0.9846311475409836, 0.9821627647714605, 0.9877175025588536, 0.9862745098039216, 0.9683673469387755, 0.974308300395257]",batch,both
MNIST,small,43,10,a2,layerwise,class_selectivity,loss_free,,0.2,5,0.9822,0.9815,0.06739250157885253,0.06224301989900996,228471,0.028386619376897793,228102,0.028327767175572505,0.35283571702893823,21.6025390625,16,0,2048,0.30389514099806547,0.9815,0.06224302072229911,0.3164196100551635,234752,235146,"[0.9918367346938776, 0.9929515418502203, 0.9835271317829457, 0.9801980198019802, 0.9786150712830958, 0.9786995515695067, 0.9843423799582464, 0.980544747081712, 0.9702258726899384, 0.9722497522299306]","[0.9870903674280039, 0.9854413102820746, 0.989065606361829, 0.9824561403508771, 0.9846311475409836, 0.9810479375696767, 0.9866939611054247, 0.9852941176470589, 0.9653061224489796, 0.974308300395257]",batch,both
MNIST,small,43,10,a2,layerwise,class_selectivity,loss_free,,0.3,0,0.9739,0.9751,0.0955291929513216,0.08808815312236548,225000,0.04314766145288462,224644,0.04305820610687028,0.35283571702893823,21.6025390625,16,0,2048,0.3237262211041525,0.9751,0.08808815446346999,0.3066049109911546,234752,235146,"[0.9897959183673469, 0.9903083700440528, 0.9815891472868217, 0.9851485148514851, 0.9857433808553971, 0.9809417040358744, 0.9853862212943633, 0.9688715953307393, 0.9373716632443532, 0.9444995044598612]","[0.9880834160873883, 0.9845313921747043, 0.9821073558648111, 0.9727095516569201, 0.9877049180327869, 0.9810479375696767, 0.9897645854657113, 0.9813725490196078, 0.9316326530612244, 0.9397233201581028]",batch,both
MNIST,small,43,10,a2,layerwise,class_selectivity,loss_free,,0.3,1,0.9821,0.9805,0.06633501852974295,0.06258445429299027,225000,0.04314766145288462,224644,0.04305820610687028,0.35283571702893823,21.6025390625,16,0,2048,0.31170894496608526,0.9805,0.06258445350620896,0.33293702406808734,234752,235146,"[0.9908163265306122, 0.9920704845814978, 0.9815891472868217, 0.9782178217821782, 0.9806517311608961, 0.9809417040358744, 0.9822546972860126, 0.9785992217898832, 0.971252566735113, 0.9672943508424182]","[0.9880834160873883, 0.9881710646041856, 0.9850894632206759, 0.9785575048732943, 0.9877049180327869, 0.9810479375696767, 0.9856704196519959, 0.9862745098039216, 0.9693877551020408, 0.9703557312252964]",batch,both
MNIST,small,43,10,a2,layerwise,class_selectivity,loss_free,,0.3,3,0.9821,0.9812,0.06680195927917958,0.06328436585492454,225000,0.04314766145288462,224644,0.04305820610687028,0.35283571702893823,21.6025390625,16,0,2048,0.32081023103091866,0.9812,0.06328436610265635,0.31323958199936897,234752,235146,"[0.9918367346938776, 0.9929515418502203, 0.9825581395348837, 0.9782178217821782, 0.9826883910386965, 0.9820627802690582, 0.9832985386221295, 0.9766536964980544, 0.971252566735113, 0.9692765113974232]","[0.9870903674280039, 0.9854413102820746, 0.9870775347912525, 0.9766081871345029, 0.9877049180327869, 0.9855072463768116, 0.9877175025588536, 0.9852941176470589, 0.9683673469387755, 0.9703557312252964]",batch,both
MNIST,small,43,10,a2,layerwise,class_selectivity,loss_free,,0.3,5,0.9818,0.9812,0.06728363473266363,0.06518094985261559,225000,0.04314766145288462,224644,0.04305820610687028,0.35283571702893823,21.6025390625,16,0,2048,0.32385910698212683,0.9812,0.06518094951845706,0.3393911640159786,234752,235146,"[0.9918367346938776, 0.9920704845814978, 0.9777131782945736, 0.9782178217821782, 0.9786150712830958, 0.984304932735426, 0.9832985386221295, 0.9785992217898832, 0.9691991786447639, 0.977205153617443]","[0.9890764647467726, 0.9818016378525932, 0.9831013916500994, 0.9766081871345029, 0.9815573770491803, 0.9866220735785953, 0.9866939611054247, 0.9852941176470589, 0.9704081632653061, 0.9772727272727273]",batch,both
MNIST,small,43,10,a2,layerwise,class_selectivity,loss_free,,0.4,0,0.9702,0.9718,0.11194238536953927,0.10456267174482346,221529,0.05790870352887145,221186,0.05778864503816794,0.35283571702893823,21.6025390625,16,0,2048,0.3138972281012684,0.9718,0.10456267123818397,0.32904498698189855,234752,235146,"[0.9908163265306122, 0.9894273127753304, 0.9748062015503876, 0.9851485148514851, 0.9857433808553971, 0.9820627802690582, 0.9812108559498957, 0.9708171206225681, 0.919917864476386, 0.9365708622398414]","[0.9900695134061569, 0.9818016378525932, 0.9821073558648111, 0.9717348927875243, 0.985655737704918, 0.9788182831661093, 0.9877175025588536, 0.9794117647058823, 0.9081632653061225, 0.9357707509881423]",batch,both
MNIST,small,43,10,a2,layerwise,class_selectivity,loss_free,,0.4,1,0.981,0.9806,0.0675987122438848,0.0636799408026971,221529,0.05790870352887145,221186,0.05778864503816794,0.35283571702893823,21.6025390625,16,0,2048,0.316355386050418,0.9806,0.0636799407579936,0.3267612230265513,234752,235146,"[0.9897959183673469, 0.9929515418502203, 0.9815891472868217, 0.9782178217821782, 0.9775967413441955, 0.9831838565022422, 0.9812108559498957, 0.9824902723735408, 0.9702258726899384, 0.9672943508424182]","[0.9880834160873883, 0.9872611464968153, 0.9821073558648111, 0.9736842105263158, 0.985655737704918, 0.9810479375696767, 0.9877175025588536, 0.9862745098039216, 0.9663265306122449, 0.9713438735177866]",batch,both
MNIST,small,43,10,a2,layerwise,class_selectivity,loss_free,,0.4,3,0.9818,0.9812,0.0654644670471549,0.061635885544877964,221529,0.05790870352887145,221186,0.05778864503816794,0.35283571702893823,21.6025390625,16,0,2048,0.3302834270289168,0.9812,0.06163588661776157,0.3340156879276037,234752,235146,"[0.9908163265306122, 0.9938325991189427, 0.9844961240310077, 0.9801980198019802, 0.9786150712830958, 0.9775784753363229, 0.9822546972860126, 0.9824902723735408, 0.9681724845995893, 0.9712586719524281]","[0.9880834160873883, 0.9881710646041856, 0.9870775347912525, 0.97953216374269, 0.9846311475409836, 0.9821627647714605, 0.9856704196519959, 0.9862745098039216, 0.9642857142857143, 0.9713438735177866]",batch,both
MNIST,small,43,10,a2,layerwise,class_selectivity,loss_free,,0.4,5,0.9825,0.9823,0.064227286490798,0.06075299611568916,221529,0.05790870352887145,221186,0.05778864503816794,0.35283571702893823,21.6025390625,16,0,2048,0.3197102489648387,0.9823,0.06075299673781265,0.3231272459961474,234752,235146,"[0.9928571428571429, 0.9920704845814978, 0.9815891472868217, 0.9821782178217822, 0.9796334012219959, 0.9798206278026906, 0.9832985386221295, 0.9815175097276264, 0.971252566735113, 0.977205153617443]","[0.9900695134061569, 0.9872611464968153, 0.9870775347912525, 0.9775828460038987, 0.9836065573770492, 0.9843924191750278, 0.984646878198567, 0.9833333333333333, 0.9693877551020408, 0.9772727272727273]",batch,both
MNIST,small,43,10,a2,layerwise,class_selectivity,loss_free,,0.5,0,0.9691,0.9703,0.1367743906378746,0.12964815698862076,218058,0.07266974560485828,217728,0.0725190839694656,0.35283571702893823,21.6025390625,16,0,2048,0.327445573057048,0.9703,0.12964815408587455,0.3250073839444667,234752,235146,"[0.9908163265306122, 0.9850220264317181, 0.9806201550387597, 0.9811881188118812, 0.9826883910386965, 0.9742152466367713, 0.9843423799582464, 0.9464980544747081, 0.9260780287474333, 0.9504459861248761]","[0.9851042701092354, 0.9754322111010009, 0.9840954274353877, 0.9766081871345029, 0.9836065573770492, 0.9710144927536232, 0.9887410440122825, 0.9647058823529412, 0.9132653061224489, 0.9476284584980237]",batch,both
MNIST,small,43,10,a2,layerwise,class_selectivity,loss_free,,0.5,1,0.9802,0.9799,0.06811984027326107,0.062258074810169636,218058,0.07266974560485828,217728,0.0725190839694656,0.35283571702893823,21.6025390625,16,0,2048,0.31933462189044803,0.9799,0.06225807473938912,0.3435311500215903,234752,235146,"[0.9897959183673469, 0.9903083700440528, 0.9796511627906976, 0.9782178217821782, 0.9806517311608961, 0.9809417040358744, 0.9822546972860126, 0.97568093385214, 0.9691991786447639, 0.9712586719524281]","[0.9860973187686196, 0.9845313921747043, 0.9831013916500994, 0.9766081871345029, 0.9846311475409836, 0.979933110367893, 0.9887410440122825, 0.9803921568627451, 0.9653061224489796, 0.9723320158102767]",batch,both
MNIST,small,43,10,a2,layerwise,class_selectivity,loss_free,,0.5,3,0.981,0.9802,0.06604668519347906,0.05984380819729995,218058,0.07266974560485828,217728,0.0725190839694656,0.35283571702893823,21.6025390625,16,0,2048,0.3168414159445092,0.9802,0.059843808873812666,0.3173610819503665,234752,235146,"[0.9908163265306122, 0.9903083700440528, 0.9786821705426356, 0.9801980198019802, 0.9725050916496945, 0.9809417040358744, 0.9822546972860126, 0.9795719844357976, 0.9722792607802875, 0.9732408325074331]","[0.9890764647467726, 0.9845313921747043, 0.9821073558648111, 0.9775828460038987, 0.9764344262295082, 0.9843924191750278, 0.9856704196519959, 0.9872549019607844, 0.9693877551020408, 0.9733201581027668]",batch,both
MNIST,small,43,10,a2,layerwise,class_selectivity,loss_free,,0.5,5,0.9809,0.981,0.0664716541260481,0.060888466378592424,218058,0.07266974560485828,217728,0.0725190839694656,0.35283571702893823,21.6025390625,16,0,2048,0.3259503450244665,0.981,0.060888467239879535,0.31897833198308945,234752,235146,"[0.9908163265306122, 0.9920704845814978, 0.9777131782945736, 0.9772277227722772, 0.9775967413441955, 0.984304932735426, 0.9843423799582464, 0.9795719844357976, 0.9702258726899384, 0.9752229930624381]","[0.9870903674280039, 0.986351228389445, 0.9811133200795229, 0.9717348927875243, 0.9805327868852459, 0.9866220735785953, 0.9877175025588536, 0.9862745098039216, 0.9663265306122449, 0.9752964426877471]",batch,both
MNIST,small,43,10,a2,layerwise,class_selectivity,loss_free,,0.7,0,0.9564,0.9588,0.3362758044242859,0.3318178497076035,211383,0.10105636498175596,211078,0.10084685114503822,0.35283571702893823,21.6025390625,16,0,2048,0.32167650491464883,0.9588,0.3318178487300873,0.3172773200785741,234752,235146,"[0.9836734693877551, 0.9295154185022027, 0.9680232558139535, 0.9811881188118812, 0.9755600814663951, 0.9405829596412556, 0.9926931106471816, 0.943579766536965, 0.9691991786447639, 0.908820614469772]","[0.9771598808341608, 0.9153776160145587, 0.9701789264413518, 0.9775828460038987, 0.9774590163934426, 0.9342251950947603, 0.9969293756397134, 0.9529411764705882, 0.9581632653061225, 0.9071146245059288]",batch,both
MNIST,small,43,10,a2,layerwise,class_selectivity,loss_free,,0.7,1,0.9769,0.977,0.08058394231796265,0.07294244157075883,211383,0.10105636498175596,211078,0.10084685114503822,0.35283571702893823,21.6025390625,16,0,2048,0.342236784985289,0.977,0.07294244161248208,0.32492754596751183,234752,235146,"[0.9918367346938776, 0.9903083700440528, 0.9738372093023255, 0.9782178217821782, 0.9704684317718941, 0.9775784753363229, 0.9812108559498957, 0.97568093385214, 0.9661190965092402, 0.9633300297324083]","[0.9890764647467726, 0.9827115559599636, 0.9811133200795229, 0.969785575048733, 0.9795081967213115, 0.979933110367893, 0.984646878198567, 0.9803921568627451, 0.9571428571428572, 0.9644268774703557]",batch,both
MNIST,small,43,10,a2,layerwise,class_selectivity,loss_free,,0.7,3,0.9791,0.9793,0.0719827946856618,0.06597227669702843,211383,0.10105636498175596,211078,0.10084685114503822,0.35283571702893823,21.6025390625,16,0,2048,0.3244084659963846,0.9793,0.06597227666424588,0.3147144230315462,234752,235146,"[0.9918367346938776, 0.9920704845814978, 0.9738372093023255, 0.9792079207920792, 0.984725050916497, 0.9831838565022422, 0.9822546972860126, 0.9737354085603113, 0.9691991786447639, 0.9623389494549058]","[0.9890764647467726, 0.986351228389445, 0.9791252485089463, 0.9707602339181286, 0.985655737704918, 0.9855072463768116, 0.9856704196519959, 0.9823529411764705, 0.9622448979591837, 0.9644268774703557]",batch,both
MNIST,small,43,10,a2,layerwise,class_selectivity,loss_free,,0.7,5,0.9808,0.9804,0.06894596150517464,0.06201393985338509,211383,0.10105636498175596,211078,0.10084685114503822,0.35283571702893823,21.6025390625,16,0,2048,0.33278457704000175,0.9804,0.06201393984146416,0.33961480495054275,234752,235146,"[0.9908163265306122, 0.9920704845814978, 0.9748062015503876, 0.9821782178217822, 0.9826883910386965, 0.9854260089686099, 0.9832985386221295, 0.9747081712062257, 0.9702258726899384, 0.9672943508424182]","[0.9880834160873883, 0.9854413102820746, 0.9811133200795229, 0.9736842105263158, 0.985655737704918, 0.9866220735785953, 0.9877175025588536, 0.9852941176470589, 0.9653061224489796, 0.9693675889328063]",batch,both
MNIST,small,43,10,all,all,redundancy,loss_free,,0.05,0,0.9756,0.9761,0.08556639111638069,0.07907767466097139,222660,0.05309892577377462,222284,0.05311136859323884,0.35283571702893823,21.6025390625,16,0,2048,0.32221915293484926,0.9761,0.07907767544179223,0.3654290681006387,234752,235146,"[0.9806122448979592, 0.9903083700440528, 0.9699612403100775, 0.9742574257425742, 0.9857433808553971, 0.9742152466367713, 0.9801670146137788, 0.9659533073929961, 0.973305954825462, 0.9653121902874133]","[0.9821251241310824, 0.9845313921747043, 0.9731610337972167, 0.9658869395711501, 0.9897540983606558, 0.9754738015607581, 0.984646878198567, 0.9754901960784313, 0.9653061224489796, 0.9594861660079052]",batch,both
MNIST,small,43,10,all,all,redundancy,loss_free,,0.05,1,0.9813,0.9809,0.06958110258132219,0.06519400038322783,222660,0.05309892577377462,222284,0.05311136859323884,0.35283571702893823,21.6025390625,16,0,2048,0.31028276903089136,0.9809,0.06519400021558977,0.3107186349807307,234752,235146,"[0.9918367346938776, 0.9911894273127754, 0.9796511627906976, 0.9801980198019802, 0.9796334012219959, 0.9831838565022422, 0.9791231732776617, 0.9776264591439688, 0.9702258726899384, 0.9752229930624381]","[0.9890764647467726, 0.986351228389445, 0.9821073558648111, 0.9707602339181286, 0.9836065573770492, 0.9821627647714605, 0.9887410440122825, 0.9833333333333333, 0.9704081632653061, 0.9762845849802372]",batch,both
MNIST,small,43,10,all,all,redundancy,loss_free,,0.05,3,0.9819,0.9814,0.06853313849642872,0.06471446373343061,222660,0.05309892577377462,222284,0.05311136859323884,0.35283571702893823,21.6025390625,16,0,2048,0.3411973681068048,0.9814,0.06471446205183456,0.32910150301177055,234752,235146,"[0.9908163265306122, 0.9920704845814978, 0.9815891472868217, 0.9811881188118812, 0.9806517311608961, 0.9809417040358744, 0.9791231732776617, 0.9815175097276264, 0.9691991786447639, 0.9752229930624381]","[0.9870903674280039, 0.9881710646041856, 0.9831013916500994, 0.9766081871345029, 0.9846311475409836, 0.9810479375696767, 0.9887410440122825, 0.9852941176470589, 0.9683673469387755, 0.9752964426877471]",batch,both
MNIST,small,43,10,all,all,redundancy,loss_free,,0.05,5,0.9827,0.9819,0.06802215557172894,0.06669576838679495,222660,0.05309892577377462,222284,0.05311136859323884,0.35283571702893823,21.6025390625,16,0,2048,0.334191360976547,0.9819,0.06669576856709901,0.329085714998655,234752,235146,"[0.9897959183673469, 0.9929515418502203, 0.9806201550387597, 0.9801980198019802, 0.9816700610997964, 0.9820627802690582, 0.9853862212943633, 0.97568093385214, 0.973305954825462, 0.9762140733399405]","[0.9870903674280039, 0.9872611464968153, 0.9840954274353877, 0.9736842105263158, 0.9846311475409836, 0.9810479375696767, 0.9918116683725691, 0.9852941176470589, 0.9724489795918367, 0.9792490118577075]",batch,both
MNIST,small,43,10,all,all,redundancy,loss_free,,0.1,0,0.9631,0.9653,0.11931552387475967,0.10899057131446897,209417,0.10941712808212767,209060,0.10944315703380592,0.35283571702893823,21.6025390625,16,0,2048,0.3141979859210551,0.9653,0.10899057181216776,0.31923404592089355,234752,235146,"[0.976530612244898, 0.9929515418502203, 0.9602713178294574, 0.9663366336633663, 0.9898167006109979, 0.8901345291479821, 0.9676409185803758, 0.9630350194552529, 0.971252566735113, 0.9643211100099108]","[0.9721946375372393, 0.9845313921747043, 0.9612326043737575, 0.9639376218323586, 0.992827868852459, 0.8807134894091416, 0.977482088024565, 0.9725490196078431, 0.9663265306122449, 0.9496047430830039]",batch,both
MNIST,small,43,10,all,all,redundancy,loss_free,,0.1,1,0.9809,0.9802,0.07002292432636023,0.06730449802591465,209417,0.10941712808212767,209060,0.10944315703380592,0.35283571702893823,21.6025390625,16,0,2048,0.31050421099644154,0.9802,0.06730449786051176,0.32060358999297023,234752,235146,"[0.9918367346938776, 0.9920704845814978, 0.9786821705426356, 0.9861386138613861, 0.9786150712830958, 0.9786995515695067, 0.9770354906054279, 0.9776264591439688, 0.9640657084188912, 0.9752229930624381]","[0.9880834160873883, 0.9854413102820746, 0.9801192842942346, 0.9785575048732943, 0.9846311475409836, 0.9788182831661093, 0.9877175025588536, 0.9852941176470589, 0.9642857142857143, 0.9752964426877471]",batch,both
MNIST,small,43,10,all,all,redundancy,loss_free,,0.1,3,0.9814,0.9818,0.06950785017609597,0.06480721503800015,209417,0.10941712808212767,209060,0.10944315703380592,0.35283571702893823,21.6025390625,16,0,2048,0.3294471900444478,0.9818,0.0648072146870778,0.3227465620730072,234752,235146,"[0.9908163265306122, 0.9929515418502203, 0.9835271317829457, 0.9841584158415841, 0.9796334012219959, 0.9786995515695067, 0.9801670146137788, 0.9834630350194552, 0.9702258726899384, 0.9722497522299306]","[0.9880834160873883, 0.9872611464968153, 0.9850894632206759, 0.9775828460038987, 0.9836065573770492, 0.9765886287625418, 0.9887410440122825, 0.9852941176470589, 0.9683673469387755, 0.9723320158102767]",batch,both
MNIST,small,43,10,all,all,redundancy,loss_free,,0.1,5,0.9817,0.9811,0.070588772393018,0.06474328520243289,209417,0.10941712808212767,209060,0.10944315703380592,0.35283571702893823,21.6025390625,16,0,2048,0.3091478949645534,0.9811,0.06474328524564625,0.3117099440423772,234752,235146,"[0.9908163265306122, 0.9920704845814978, 0.9806201550387597, 0.9841584158415841, 0.9775967413441955, 0.9809417040358744, 0.9853862212943633, 0.9766536964980544, 0.9691991786447639, 0.9722497522299306]","[0.9880834160873883, 0.986351228389445, 0.9850894632206759, 0.9775828460038987, 0.9805327868852459, 0.9788182831661093, 0.9907881269191402, 0.9833333333333333, 0.9693877551020408, 0.9762845849802372]",batch,both
MNIST,small,43,10,all,all,redundancy,loss_free,,0.2,0,0.9447,0.9467,0.17147999744415282,0.16411714071035385,183183,0.2209818580796612,182865,0.22102900081788446,0.35283571702893823,21.6025390625,16,0,2048,0.30481671600136906,0.9467,0.16411713656187057,0.31485571002122015,234752,235146,"[0.9448979591836735, 0.9903083700440528, 0.9709302325581395, 0.9168316831683169, 0.984725050916497, 0.7780269058295964, 0.9749478079331941, 0.9620622568093385, 0.9743326488706365, 0.9474727452923687]","[0.94240317775571, 0.986351228389445, 0.9681908548707754, 0.9005847953216374, 0.9938524590163934, 0.7748049052396878, 0.9805527123848515, 0.9696078431372549, 0.9704081632653061, 0.941699604743083]",batch,both
MNIST,small,43,10,all,all,redundancy,loss_free,,0.2,1,0.9787,0.978,0.07345954571664333,0.07162350838463753,183183,0.2209818580796612,182865,0.22102900081788446,0.35283571702893823,21.6025390625,16,0,2048,0.3122953030979261,0.978,0.0716235091580078,0.3145423319656402,234752,235146,"[0.9877551020408163, 0.9911894273127754, 0.9786821705426356, 0.9782178217821782, 0.9694501018329938, 0.9809417040358744, 0.9770354906054279, 0.9747081712062257, 0.9661190965092402, 0.9742319127849356]","[0.9870903674280039, 0.9836214740673339, 0.9791252485089463, 0.9756335282651072, 0.9795081967213115, 0.9743589743589743, 0.9856704196519959, 0.9813725490196078, 0.963265306122449, 0.9762845849802372]",batch,both
MNIST,small,43,10,all,all,redundancy,loss_free,,0.2,3,0.981,0.9797,0.06936365602910519,0.06860011035937351,183183,0.2209818580796612,182865,0.22102900081788446,0.35283571702893823,21.6025390625,16,0,2048,0.3208473239792511,0.9797,0.0686001092261402,0.31958221294917166,234752,235146,"[0.9897959183673469, 0.9929515418502203, 0.9777131782945736, 0.9801980198019802, 0.9786150712830958, 0.9809417040358744, 0.9770354906054279, 0.9795719844357976, 0.9702258726899384, 0.9682854311199207]","[0.9880834160873883, 0.9881710646041856, 0.9821073558648111, 0.9746588693957114, 0.985655737704918, 0.9788182831661093, 0.984646878198567, 0.9833333333333333, 0.9653061224489796, 0.9782608695652174]",batch,both
MNIST,small,43,10,all,all,redundancy,loss_free,,0.2,5,0.9802,0.9803,0.071204786080122,0.06710636256120633,183183,0.2209818580796612,182865,0.22102900081788446,0.35283571702893823,21.6025390625,16,0,2048,0.307219356065616,0.9803,0.06710636036440265,0.3155671840067953,234752,235146,"[0.9897959183673469, 0.9929515418502203, 0.9825581395348837, 0.9772277227722772, 0.9735234215885947, 0.9809417040358744, 0.9822546972860126, 0.9795719844357976, 0.971252566735113, 0.9712586719524281]","[0.9860973187686196, 0.9854413102820746, 0.9850894632206759, 0.9736842105263158, 0.9795081967213115, 0.9777034559643255, 0.9866939611054247, 0.9852941176470589, 0.9642857142857143, 0.9772727272727273]",batch,both
MNIST,small,43,10,all,all,redundancy,loss_free,,0.3,0,0.9221,0.9249,0.25918778858184816,0.24619714374542237,158500,0.32595068595680976,158220,0.3260121319520175,0.35283571702893823,21.6025390625,16,0,2048,0.31293183099478483,0.9249,0.246197141122818,0.3407281399704516,234752,235146,"[0.8959183673469387, 0.9911894273127754, 0.9777131782945736, 0.800990099009901, 0.9796334012219959, 0.8116591928251121, 0.9331941544885177, 0.9484435797665369, 0.9825462012320328, 0.9078295341922695]","[0.8848063555114201, 0.9881710646041856, 0.974155069582505, 0.7699805068226121, 0.9836065573770492, 0.8249721293199554, 0.9355168884339816, 0.9607843137254902, 0.976530612244898, 0.9120553359683794]",batch,both
MNIST,small,43,10,all,all,redundancy,loss_free,,0.3,1,0.9773,0.9766,0.08002144963741302,0.07774454144053161,158500,0.32595068595680976,158220,0.3260121319520175,0.35283571702893823,21.6025390625,16,0,2048,0.3138146650744602,0.9766,0.07774454218856991,0.30586364306509495,234752,235146,"[0.9887755102040816, 0.9920704845814978, 0.9767441860465116, 0.9742574257425742, 0.9765784114052953, 0.9730941704035875, 0.9770354906054279, 0.9708171206225681, 0.9671457905544147, 0.9672943508424182]","[0.9851042701092354, 0.9854413102820746, 0.9771371769383698, 0.969785575048733, 0.9815573770491803, 0.9710144927536232, 0.9856704196519959, 0.9774509803921568, 0.9642857142857143, 0.974308300395257]",batch,both
MNIST,small,43,10,all,all,redundancy,loss_free,,0.3,3,0.9783,0.9783,0.07372884281426668,0.07175634438847192,158500,0.32595068595680976,158220,0.3260121319520175,0.35283571702893823,21.6025390625,16,0,2048,0.3145538930548355,0.9783,0.07175634540622122,0.3125933660194278,234752,235146,"[0.9908163265306122, 0.9938325991189427, 0.9738372093023255, 0.9792079207920792, 0.9714867617107943, 0.9820627802690582, 0.9770354906054279, 0.9785992217898832, 0.9691991786447639, 0.9653121902874133]","[0.9890764647467726, 0.9845313921747043, 0.9781312127236581, 0.9707602339181286, 0.9805327868852459, 0.9743589743589743, 0.9856704196519959, 0.9852941176470589, 0.9622448979591837, 0.9713438735177866]",batch,both
MNIST,small,43,10,all,all,redundancy,loss_free,,0.3,5,0.979,0.979,0.07237416143417358,0.06911609616586939,158500,0.32595068595680976,158220,0.3260121319520175,0.35283571702893823,21.6025390625,16,0,2048,0.34169344906695187,0.979,0.06911609345907345,0.3282769520301372,234752,235146,"[0.9908163265306122, 0.9929515418502203, 0.9796511627906976, 0.9782178217821782, 0.9704684317718941, 0.9786995515695067, 0.9780793319415448, 0.980544747081712, 0.9702258726899384, 0.9682854311199207]","[0.9851042701092354, 0.9845313921747043, 0.9840954274353877, 0.9717348927875243, 0.9815573770491803, 0.9754738015607581, 0.984646878198567, 0.984313725490196, 0.9591836734693877, 0.9782608695652174]",batch,both
MNIST,small,43,10,all,all,redundancy,loss_free,,0.4,0,0.9081,0.9076,0.39567381253242495,0.3834096707820892,133605,0.43182108137072284,133364,0.4318940839694656,0.35283571702893823,21.6025390625,16,0,2048,0.32772750896401703,0.9076,0.3834096733093262,0.32143196696415544,234752,235146,"[0.9459183673469388, 0.9850220264317181, 0.9186046511627907, 0.7801980198019802, 0.9837067209775967, 0.7881165919282511, 0.8778705636743215, 0.9173151750972762, 0.9722792607802875, 0.8870168483647175]","[0.9503475670307845, 0.9727024567788899, 0.9065606361829026, 0.7582846003898636, 0.9836065573770492, 0.8160535117056856, 0.8741044012282497, 0.9411764705882353, 0.9714285714285714, 0.8962450592885376]",batch,both
MNIST,small,43,10,all,all,redundancy,loss_free,,0.4,1,0.9735,0.9723,0.09284530635476113,0.09248043527603149,133605,0.43182108137072284,133364,0.4318940839694656,0.35283571702893823,21.6025390625,16,0,2048,0.3146233700681478,0.9723,0.09248043345212936,0.31420442601665854,234752,235146,"[0.9857142857142858, 0.9929515418502203, 0.9689922480620154, 0.9762376237623762, 0.9725050916496945, 0.976457399103139, 0.9749478079331941, 0.9649805447470817, 0.9486652977412731, 0.9593657086223984]","[0.9851042701092354, 0.9818016378525932, 0.9751491053677932, 0.9658869395711501, 0.9805327868852459, 0.9721293199554069, 0.9815762538382804, 0.9794117647058823, 0.9489795918367347, 0.9634387351778656]",batch,both
MNIST,small,43,10,all,all,redundancy,loss_free,,0.4,3,0.9763,0.9749,0.07996405530869961,0.08069883996490389,133605,0.43182108137072284,133364,0.4318940839694656,0.35283571702893823,21.6025390625,16,0,2048,0.3123749550431967,0.9749,0.08069884011689574,0.31679795996751636,234752,235146,"[0.986734693877551, 0.9920704845814978, 0.9689922480620154, 0.9772277227722772, 0.9755600814663951, 0.976457399103139, 0.9780793319415448, 0.9678988326848249, 0.9640657084188912, 0.9603567888999008]","[0.9841112214498511, 0.9818016378525932, 0.9771371769383698, 0.9688109161793372, 0.9846311475409836, 0.9743589743589743, 0.984646878198567, 0.9823529411764705, 0.9622448979591837, 0.9624505928853755]",batch,both
MNIST,small,43,10,all,all,redundancy,loss_free,,0.4,5,0.9777,0.9767,0.07522539666295051,0.07628902438199148,133605,0.43182108137072284,133364,0.4318940839694656,0.35283571702893823,21.6025390625,16,0,2048,0.3033592600841075,0.9767,0.07628902519559488,0.308714032988064,234752,235146,"[0.9877551020408163, 0.9929515418502203, 0.9748062015503876, 0.9792079207920792, 0.9755600814663951, 0.9786995515695067, 0.9812108559498957, 0.9678988326848249, 0.9620123203285421, 0.9653121902874133]","[0.9851042701092354, 0.9854413102820746, 0.9811133200795229, 0.9717348927875243, 0.9805327868852459, 0.9788182831661093, 0.9856704196519959, 0.9803921568627451, 0.9591836734693877, 0.9683794466403162]",batch,both
MNIST,small,43,10,all,all,redundancy,loss_free,,0.5,0,0.7401,0.7371,0.8141984209060669,0.813393622970581,109386,0.5348166670919343,109184,0.534896401308615,0.35283571702893823,21.6025390625,16,0,2048,0.31750712008215487,0.7371,0.8133936053276062,0.3096713809063658,234752,235146,"[0.8438775510204082, 0.7541850220264317, 0.7868217054263565, 0.5752475247524752, 0.945010183299389, 0.5302690582959642, 0.605427974947808, 0.6118677042801557, 0.9691991786447639, 0.734390485629336]","[0.8272095332671301, 0.7197452229299363, 0.7733598409542743, 0.557504873294347, 0.9405737704918032, 0.5797101449275363, 0.6366427840327533, 0.6401960784313725, 0.976530612244898, 0.7480237154150198]",batch,both
MNIST,small,43,10,all,all,redundancy,loss_free,,0.5,1,0.9663,0.9653,0.12491741733551025,0.12245637828707695,109386,0.5348166670919343,109184,0.534896401308615,0.35283571702893823,21.6025390625,16,0,2048,0.3106382910627872,0.9653,0.12245638003796339,0.3223582709906623,234752,235146,"[0.9846938775510204, 0.9911894273127754, 0.9563953488372093, 0.9702970297029703, 0.9745417515274949, 0.9585201793721974, 0.9749478079331941, 0.9464980544747081, 0.9476386036960985, 0.9454905847373637]","[0.9801390268123138, 0.9854413102820746, 0.9622266401590457, 0.9463937621832359, 0.9795081967213115, 0.9620958751393534, 0.9805527123848515, 0.9656862745098039, 0.9438775510204082, 0.9555335968379447]",batch,both
MNIST,small,43,10,all,all,redundancy,loss_free,,0.5,3,0.972,0.9719,0.09678133210241795,0.09460293740034104,109386,0.5348166670919343,109184,0.534896401308615,0.35283571702893823,21.6025390625,16,0,2048,0.33230683603323996,0.9719,0.09460293967500329,0.3211136700119823,234752,235146,"[0.9857142857142858, 0.9920704845814978, 0.9738372093023255, 0.9712871287128713, 0.9725050916496945, 0.9753363228699552, 0.9739039665970772, 0.9659533073929961, 0.9548254620123203, 0.9514370664023786]","[0.9831181727904668, 0.9872611464968153, 0.9761431411530815, 0.9600389863547758, 0.9784836065573771, 0.9698996655518395, 0.9805527123848515, 0.9764705882352941, 0.9479591836734694, 0.958498023715415]",batch,both
MNIST,small,43,10,all,all,redundancy,loss_free,,0.5,5,0.975,0.9734,0.0886886657088995,0.0853748413272202,109386,0.5348166670919343,109184,0.534896401308615,0.35283571702893823,21.6025390625,16,0,2048,0.3162453459808603,0.9734,0.08537483964338899,0.31513773603364825,234752,235146,"[0.9877551020408163, 0.9903083700440528, 0.9699612403100775, 0.9772277227722772, 0.9694501018329938, 0.976457399103139, 0.9749478079331941, 0.9678988326848249, 0.9599589322381931, 0.958374628344896]","[0.9851042701092354, 0.989080982711556, 0.9771371769383698, 0.969785575048733, 0.9784836065573771, 0.9721293199554069, 0.977482088024565, 0.9774509803921568, 0.9571428571428572, 0.9644268774703557]",batch,both
MNIST,small,43,10,all,all,redundancy,loss_free,,0.7,0,0.412,0.4255,1.6985021379470826,1.69262241897583,63887,0.728309220654402,63761,0.7283899604689203,0.35283571702893823,21.6025390625,16,0,2048,0.3423538110218942,0.4255,1.6926224159240724,0.319508939050138,234752,235146,"[0.6112244897959184, 0.5894273127753304, 0.25193798449612403, 0.4881188118811881, 0.5672097759674134, 0.13340807174887892, 0.019832985386221295, 0.038910505836575876, 0.9671457905544147, 0.5520317145688801]","[0.5471698113207547, 0.5450409463148317, 0.22564612326043737, 0.49707602339181284, 0.5973360655737705, 0.14046822742474915, 0.0255885363357216, 0.03333333333333333, 0.9540816326530612, 0.5237154150197628]",batch,both
MNIST,small,43,10,all,all,redundancy,loss_free,,0.7,1,0.9254,0.9306,0.3013344511508942,0.2880508040428162,63887,0.728309220654402,63761,0.7283899604689203,0.35283571702893823,21.6025390625,16,0,2048,0.31647338601760566,0.9306,0.288050807595253,0.32950751297175884,234752,235146,"[0.9683673469387755, 0.9832599118942731, 0.9331395348837209, 0.9267326732673268, 0.9429735234215886, 0.9069506726457399, 0.9478079331941545, 0.9085603112840467, 0.851129363449692, 0.9276511397423192]","[0.9642502482621649, 0.9754322111010009, 0.9105367793240556, 0.9083820662768031, 0.9313524590163934, 0.907469342251951, 0.9559877175025588, 0.9323529411764706, 0.8357142857142857, 0.924901185770751]",batch,both
MNIST,small,43,10,all,all,redundancy,loss_free,,0.7,3,0.9495,0.9516,0.1774258483171463,0.1677018152117729,63887,0.728309220654402,63761,0.7283899604689203,0.35283571702893823,21.6025390625,16,0,2048,0.3136439239606261,0.9516,0.16770181306004525,0.3401697080116719,234752,235146,"[0.9857142857142858, 0.986784140969163, 0.9428294573643411, 0.9554455445544554, 0.9562118126272913, 0.9372197309417041, 0.9613778705636743, 0.9406614785992218, 0.9188911704312115, 0.9256689791873142]","[0.9781529294935452, 0.978161965423112, 0.9423459244532804, 0.9327485380116959, 0.9600409836065574, 0.9364548494983278, 0.9723643807574207, 0.9568627450980393, 0.8969387755102041, 0.9367588932806324]",batch,both
MNIST,small,43,10,all,all,redundancy,loss_free,,0.7,5,0.9546,0.9588,0.1540383479297161,0.14321730900108814,63887,0.728309220654402,63761,0.7283899604689203,0.35283571702893823,21.6025390625,16,0,2048,0.3172046539839357,0.9588,0.14321731000840665,0.344281664933078,234752,235146,"[0.9857142857142858, 0.9894273127753304, 0.9534883720930233, 0.9594059405940594, 0.960285132382892, 0.9551569506726457, 0.9697286012526096, 0.9474708171206225, 0.9312114989733059, 0.9326065411298315]","[0.9771598808341608, 0.9808917197452229, 0.952286282306163, 0.935672514619883, 0.9702868852459017, 0.9520624303232998, 0.9754350051177073, 0.9607843137254902, 0.9010204081632653, 0.9377470355731226]",batch,both
MNIST,small,43,10,a1,layerwise,redundancy,loss_free,,0.05,0,0.9766,0.9767,0.08484783184528351,0.07882046977290884,224190,0.04659232987165418,223808,0.04661941112322787,0.35283571702893823,21.6025390625,16,0,2048,0.3144190569873899,0.9767,0.07882046916494145,0.34013982908800244,234752,235146,"[0.986734693877551, 0.9885462555066079, 0.9660852713178295, 0.9772277227722772, 0.9857433808553971, 0.9753363228699552, 0.9822546972860126, 0.9659533073929961, 0.9702258726899384, 0.9682854311199207]","[0.9860973187686196, 0.9854413102820746, 0.9711729622266402, 0.9736842105263158, 0.985655737704918, 0.9765886287625418, 0.9866939611054247, 0.9754901960784313, 0.9622448979591837, 0.9624505928853755]",batch,both
MNIST,small,43,10,a1,layerwise,redundancy,loss_free,,0.05,1,0.9817,0.9809,0.06993113202676177,0.06543640840756125,224190,0.04659232987165418,223808,0.04661941112322787,0.35283571702893823,21.6025390625,16,0,2048,0.3160690270597115,0.9809,0.06543640824513859,0.3194854899775237,234752,235146,"[0.9908163265306122, 0.9929515418502203, 0.9825581395348837, 0.9801980198019802, 0.9806517311608961, 0.9798206278026906, 0.9812108559498957, 0.9785992217898832, 0.9691991786447639, 0.9712586719524281]","[0.9870903674280039, 0.9872611464968153, 0.9811133200795229, 0.9766081871345029, 0.9866803278688525, 0.9810479375696767, 0.9887410440122825, 0.9852941176470589, 0.9704081632653061, 0.9723320158102767]",batch,both
MNIST,small,43,10,a1,layerwise,redundancy,loss_free,,0.05,3,0.9824,0.9815,0.06811347435303032,0.06432991198681993,224190,0.04659232987165418,223808,0.04661941112322787,0.35283571702893823,21.6025390625,16,0,2048,0.31818704900797457,0.9815,0.064329912783287,0.3267128149745986,234752,235146,"[0.9908163265306122, 0.9938325991189427, 0.9796511627906976, 0.9801980198019802, 0.9816700610997964, 0.9786995515695067, 0.9843423799582464, 0.980544747081712, 0.9681724845995893, 0.9752229930624381]","[0.9880834160873883, 0.989080982711556, 0.9840954274353877, 0.97953216374269, 0.9846311475409836, 0.9777034559643255, 0.9897645854657113, 0.9852941176470589, 0.9683673469387755, 0.9762845849802372]",batch,both
MNIST,small,43,10,a1,layerwise,redundancy,loss_free,,0.05,5,0.9822,0.9808,0.06928000838011503,0.0657577787476941,224190,0.04659232987165418,223808,0.04661941112322787,0.35283571702893823,21.6025390625,16,0,2048,0.3288202160038054,0.9808,0.06575777763010701,0.32945501001086086,234752,235146,"[0.9908163265306122, 0.9947136563876652, 0.9806201550387597, 0.9772277227722772, 0.9786150712830958, 0.9831838565022422, 0.9801670146137788, 0.9785992217898832, 0.9661190965092402, 0.9762140733399405]","[0.9841112214498511, 0.989080982711556, 0.9850894632206759, 0.9775828460038987, 0.9836065573770492, 0.9821627647714605, 0.9897645854657113, 0.984313725490196, 0.9683673469387755, 0.9772727272727273]",batch,both
MNIST,small,43,10,a1,layerwise,redundancy,loss_free,,0.1,0,0.9679,0.9704,0.10608312501311302,0.09836814458118752,212321,0.09706735389927956,211952,0.09712377317339149,0.35283571702893823,21.6025390625,16,0,2048,0.32847602595575154,0.9704,0.09836814446793869,0.3204145609633997,234752,235146,"[0.9846938775510204, 0.9903083700440528, 0.9593023255813954, 0.9772277227722772, 0.9857433808553971, 0.9159192825112108, 0.975991649269311, 0.9659533073929961, 0.9743326488706365, 0.9672943508424182]","[0.9781529294935452, 0.9836214740673339, 0.9572564612326043, 0.9688109161793372, 0.9877049180327869, 0.9141583054626533, 0.9785056294779939, 0.9754901960784313, 0.9663265306122449, 0.9624505928853755]",batch,both
MNIST,small,43,10,a1,layerwise,redundancy,loss_free,,0.1,1,0.9814,0.9801,0.07199307390600443,0.06753671739749843,212321,0.09706735389927956,211952,0.09712377317339149,0.35283571702893823,21.6025390625,16,0,2048,0.31960132997483015,0.9801,0.06753671719335252,0.3077194479992613,234752,235146,"[0.9928571428571429, 0.9911894273127754, 0.9806201550387597, 0.9732673267326732, 0.9765784114052953, 0.9786995515695067, 0.9812108559498957, 0.9795719844357976, 0.9702258726899384, 0.9752229930624381]","[0.9880834160873883, 0.986351228389445, 0.9850894632206759, 0.9717348927875243, 0.9825819672131147, 0.9821627647714605, 0.9877175025588536, 0.9852941176470589, 0.9683673469387755, 0.9762845849802372]",batch,both
MNIST,small,43,10,a1,layerwise,redundancy,loss_free,,0.1,3,0.9818,0.9809,0.06995966642424464,0.06701359726176015,212321,0.09706735389927956,211952,0.09712377317339149,0.35283571702893823,21.6025390625,16,0,2048,0.3205530090490356,0.9809,0.06701359741449706,0.31906976900063455,234752,235146,"[0.9918367346938776, 0.9929515418502203, 0.9806201550387597, 0.9831683168316832, 0.9765784114052953, 0.9786995515695067, 0.9832985386221295, 0.9795719844357976, 0.9702258726899384, 0.9702675916749257]","[0.9870903674280039, 0.9881710646041856, 0.9870775347912525, 0.9775828460038987, 0.9815573770491803, 0.9777034559643255, 0.9887410440122825, 0.9852941176470589, 0.9663265306122449, 0.9772727272727273]",batch,both
MNIST,small,43,10,a1,layerwise,redundancy,loss_free,,0.1,5,0.9823,0.9813,0.06990082551129162,0.06746316921000252,212321,0.09706735389927956,211952,0.09712377317339149,0.35283571702893823,21.6025390625,16,0,2048,0.32680081494618207,0.9813,0.06746316951994667,0.31953247904311866,234752,235146,"[0.9908163265306122, 0.9920704845814978, 0.9786821705426356, 0.9811881188118812, 0.9816700610997964, 0.9820627802690582, 0.9832985386221295, 0.9785992217898832, 0.973305954825462, 0.9702675916749257]","[0.9890764647467726, 0.9854413102820746, 0.9850894632206759, 0.9736842105263158, 0.985655737704918, 0.979933110367893, 0.9887410440122825, 0.984313725490196, 0.9734693877551021, 0.9772727272727273]",batch,both
MNIST,small,43,10,a1,layerwise,redundancy,loss_free,,0.2,0,0.9554,0.9585,0.14350433610677718,0.13691195172667503,188583,0.19801740195453033,188240,0.19813249727371862,0.35283571702893823,21.6025390625,16,0,2048,0.32421461399644613,0.9585,0.1369119492292404,0.32420591404661536,234752,235146,"[0.9724489795918367, 0.9894273127753304, 0.9651162790697675, 0.9485148514851485, 0.984725050916497, 0.8295964125560538, 0.9864300626304802, 0.9591439688715954, 0.9794661190965093, 0.9544103072348861]","[0.9602780536246276, 0.9836214740673339, 0.9662027833001988, 0.9307992202729045, 0.9897540983606558, 0.8338907469342252, 0.9856704196519959, 0.9686274509803922, 0.9724489795918367, 0.9496047430830039]",batch,both
MNIST,small,43,10,a1,layerwise,redundancy,loss_free,,0.2,1,0.9801,0.9786,0.07427263595834374,0.070791048052907,188583,0.19801740195453033,188240,0.19813249727371862,0.35283571702893823,21.6025390625,16,0,2048,0.31912278302479535,0.9786,0.07079104514606296,0.32773461006581783,234752,235146,"[0.9887755102040816, 0.9911894273127754, 0.9757751937984496, 0.9772277227722772, 0.9796334012219959, 0.976457399103139, 0.9832985386221295, 0.9737354085603113, 0.9702258726899384, 0.9682854311199207]","[0.9860973187686196, 0.9854413102820746, 0.9801192842942346, 0.9766081871345029, 0.9836065573770492, 0.9788182831661093, 0.984646878198567, 0.984313725490196, 0.9663265306122449, 0.974308300395257]",batch,both
MNIST,small,43,10,a1,layerwise,redundancy,loss_free,,0.2,3,0.9807,0.9795,0.07092167182117701,0.06816621256701183,188583,0.19801740195453033,188240,0.19813249727371862,0.35283571702893823,21.6025390625,16,0,2048,0.36764336307533085,0.9795,0.06816621417559218,0.37210727494675666,234752,235146,"[0.9908163265306122, 0.9929515418502203, 0.9815891472868217, 0.9811881188118812, 0.9755600814663951, 0.9719730941704036, 0.9791231732776617, 0.9766536964980544, 0.9681724845995893, 0.9742319127849356]","[0.9860973187686196, 0.9872611464968153, 0.9821073558648111, 0.9814814814814815, 0.9825819672131147, 0.9710144927536232, 0.9856704196519959, 0.9862745098039216, 0.963265306122449, 0.9792490118577075]",batch,both
MNIST,small,43,10,a1,layerwise,redundancy,loss_free,,0.2,5,0.9807,0.9801,0.07192063527852297,0.07066843279338209,188583,0.19801740195453033,188240,0.19813249727371862,0.35283571702893823,21.6025390625,16,0,2048,0.33100050897337496,0.9801,0.07066843161693541,0.3523685310501605,234752,235146,"[0.9897959183673469, 0.9929515418502203, 0.9806201550387597, 0.9782178217821782, 0.9786150712830958, 0.9786995515695067, 0.9812108559498957, 0.9795719844357976, 0.971252566735113, 0.9682854311199207]","[0.9831181727904668, 0.9845313921747043, 0.9831013916500994, 0.97953216374269, 0.9846311475409836, 0.979933110367893, 0.9856704196519959, 0.9862745098039216, 0.9622448979591837, 0.9772727272727273]",batch,both
MNIST,small,43,10,a1,layerwise,redundancy,loss_free,,0.3,0,0.9427,0.9474,0.1770060636997223,0.168959210395813,165758,0.29508475585381,165440,0.2952562704471101,0.35283571702893823,21.6025390625,16,0,2048,0.32648096897173673,0.9474,0.16895921022892,0.3424797620391473,234752,235146,"[0.9459183673469388, 0.9911894273127754, 0.9709302325581395, 0.9089108910891089, 0.9806517311608961, 0.82847533632287, 0.9665970772442589, 0.943579766536965, 0.9835728952772074, 0.9375619425173439]","[0.9334657398212513, 0.9808917197452229, 0.9622266401590457, 0.878167641325536, 0.9846311475409836, 0.8483835005574136, 0.9641760491299898, 0.9549019607843138, 0.9816326530612245, 0.9288537549407114]",batch,both
MNIST,small,43,10,a1,layerwise,redundancy,loss_free,,0.3,1,0.9772,0.9766,0.07832001430988311,0.07620271486155689,165758,0.29508475585381,165440,0.2952562704471101,0.35283571702893823,21.6025390625,16,0,2048,0.32254908001050353,0.9766,0.0762027160268277,0.31905049399938434,234752,235146,"[0.986734693877551, 0.9911894273127754, 0.9767441860465116, 0.9782178217821782, 0.9755600814663951, 0.9730941704035875, 0.9791231732776617, 0.9698443579766537, 0.9661190965092402, 0.9672943508424182]","[0.9890764647467726, 0.9845313921747043, 0.9751491053677932, 0.9785575048732943, 0.9805327868852459, 0.9698996655518395, 0.984646878198567, 0.9794117647058823, 0.9571428571428572, 0.9713438735177866]",batch,both
MNIST,small,43,10,a1,layerwise,redundancy,loss_free,,0.3,3,0.981,0.9787,0.07232603701800108,0.07206822875947691,165758,0.29508475585381,165440,0.2952562704471101,0.35283571702893823,21.6025390625,16,0,2048,0.31817505811341107,0.9787,0.07206822761022486,0.32622347702272236,234752,235146,"[0.9908163265306122, 0.9929515418502203, 0.9796511627906976, 0.9782178217821782, 0.9714867617107943, 0.9742152466367713, 0.9801670146137788, 0.9785992217898832, 0.9722792607802875, 0.9663032705649157]","[0.9880834160873883, 0.986351228389445, 0.9850894632206759, 0.9785575048732943, 0.9825819672131147, 0.9765886287625418, 0.984646878198567, 0.9872549019607844, 0.9642857142857143, 0.9752964426877471]",batch,both
MNIST,small,43,10,a1,layerwise,redundancy,loss_free,,0.3,5,0.9806,0.9796,0.07295291845798492,0.07051125577748753,165758,0.29508475585381,165440,0.2952562704471101,0.35283571702893823,21.6025390625,16,0,2048,0.3267362500773743,0.9796,0.07051125528593548,0.3573967730626464,234752,235146,"[0.9908163265306122, 0.9929515418502203, 0.9806201550387597, 0.9821782178217822, 0.9714867617107943, 0.9753363228699552, 0.9791231732776617, 0.9766536964980544, 0.9743326488706365, 0.9702675916749257]","[0.9870903674280039, 0.9881710646041856, 0.9860834990059643, 0.9805068226120858, 0.9805327868852459, 0.9732441471571907, 0.9856704196519959, 0.9852941176470589, 0.9591836734693877, 0.9782608695652174]",batch,both
MNIST,small,43,10,a1,layerwise,redundancy,loss_free,,0.4,0,0.9224,0.9237,0.25877163534164427,0.2478410789012909,142020,0.39603480390906076,141728,0.39626499454743724,0.35283571702893823,21.6025390625,16,0,2048,0.3158195500727743,0.9237,0.24784108300209046,0.33582848694641143,234752,235146,"[0.8724489795918368, 0.9814977973568282, 0.9215116279069767, 0.897029702970297, 0.9775967413441955, 0.8251121076233184, 0.9686847599164927, 0.896887159533074, 0.9845995893223819, 0.8979187314172448]","[0.8520357497517378, 0.9717925386715196, 0.9025844930417495, 0.8732943469785575, 0.9836065573770492, 0.8617614269788183, 0.9682702149437052, 0.9294117647058824, 0.9795918367346939, 0.8962450592885376]",batch,both
MNIST,small,43,10,a1,layerwise,redundancy,loss_free,,0.4,1,0.9759,0.9726,0.08557729376554489,0.08736581331528723,142020,0.39603480390906076,141728,0.39626499454743724,0.35283571702893823,21.6025390625,16,0,2048,0.3263335929950699,0.9726,0.08736581539548934,0.3136748269898817,234752,235146,"[0.9857142857142858, 0.9938325991189427, 0.9680232558139535, 0.9762376237623762, 0.9745417515274949, 0.9697309417040358, 0.9728601252609603, 0.9678988326848249, 0.9579055441478439, 0.956392467789891]","[0.9870903674280039, 0.9827115559599636, 0.9761431411530815, 0.9736842105263158, 0.9805327868852459, 0.9721293199554069, 0.9795291709314228, 0.984313725490196, 0.9612244897959183, 0.9604743083003953]",batch,both
MNIST,small,43,10,a1,layerwise,redundancy,loss_free,,0.4,3,0.9786,0.9764,0.07610459957122803,0.0778384819753468,142020,0.39603480390906076,141728,0.39626499454743724,0.35283571702893823,21.6025390625,16,0,2048,0.3069281979696825,0.9764,0.07783848020508885,0.3122562520438805,234752,235146,"[0.9877551020408163, 0.9938325991189427, 0.9767441860465116, 0.9762376237623762, 0.9775967413441955, 0.976457399103139, 0.9780793319415448, 0.9688715953307393, 0.9650924024640657, 0.9613478691774033]","[0.9851042701092354, 0.9854413102820746, 0.9840954274353877, 0.9756335282651072, 0.9825819672131147, 0.9777034559643255, 0.9825997952917093, 0.984313725490196, 0.9622448979591837, 0.9654150197628458]",batch,both
MNIST,small,43,10,a1,layerwise,redundancy,loss_free,,0.4,5,0.9794,0.9773,0.07205284371525049,0.07430475767496973,142020,0.39603480390906076,141728,0.39626499454743724,0.35283571702893823,21.6025390625,16,0,2048,0.30873834004160017,0.9773,0.07430475887730717,0.3131420901045203,234752,235146,"[0.9897959183673469, 0.9929515418502203, 0.9757751937984496, 0.9762376237623762, 0.9755600814663951, 0.9809417040358744, 0.975991649269311, 0.9737354085603113, 0.9650924024640657, 0.9653121902874133]","[0.9870903674280039, 0.986351228389445, 0.9831013916500994, 0.9736842105263158, 0.9805327868852459, 0.9777034559643255, 0.9856704196519959, 0.984313725490196, 0.963265306122449, 0.9713438735177866]",batch,both
MNIST,small,43,10,a1,layerwise,redundancy,loss_free,,0.5,0,0.7967,0.7999,0.5592992072105407,0.5633283773422241,118282,0.4969848519643115,118016,0.4972737186477645,0.35283571702893823,21.6025390625,16,0,2048,0.323517355020158,0.7999,0.5633283821582794,0.31809827603865415,234752,235146,"[0.6806122448979591, 0.7656387665198238, 0.7306201550387597, 0.7752475247524753, 0.9419551934826884, 0.6748878923766816, 0.9624217118997912, 0.5778210116731517, 0.9887063655030801, 0.9117938553022795]","[0.6444885799404171, 0.7361237488626023, 0.7385685884691849, 0.7446393762183235, 0.9538934426229508, 0.7235228539576366, 0.9611054247697032, 0.5843137254901961, 0.986734693877551, 0.9090909090909091]",batch,both
MNIST,small,43,10,a1,layerwise,redundancy,loss_free,,0.5,1,0.9697,0.9702,0.10301293374300002,0.10118516687452793,118282,0.4969848519643115,118016,0.4972737186477645,0.35283571702893823,21.6025390625,16,0,2048,0.31495224800892174,0.9702,0.10118516562879086,0.32384161301888525,234752,235146,"[0.9846938775510204, 0.9929515418502203, 0.9689922480620154, 0.9702970297029703, 0.9725050916496945, 0.9652466367713004, 0.9728601252609603, 0.958171206225681, 0.9589322381930184, 0.9544103072348861]","[0.9821251241310824, 0.9854413102820746, 0.9701789264413518, 0.9571150097465887, 0.9754098360655737, 0.9620958751393534, 0.970317297850563, 0.9764705882352941, 0.9551020408163265, 0.9604743083003953]",batch,both
MNIST,small,43,10,a1,layerwise,redundancy,loss_free,,0.5,3,0.9744,0.9746,0.08681144317984581,0.08412565488182008,118282,0.4969848519643115,118016,0.4972737186477645,0.35283571702893823,21.6025390625,16,0,2048,0.31700411799829453,0.9746,0.08412565271668136,0.3282701460411772,234752,235146,"[0.986734693877551, 0.9911894273127754, 0.9748062015503876, 0.9742574257425742, 0.9745417515274949, 0.9708520179372198, 0.9780793319415448, 0.9659533073929961, 0.9661190965092402, 0.9613478691774033]","[0.9821251241310824, 0.9854413102820746, 0.9791252485089463, 0.9678362573099415, 0.9784836065573771, 0.9654403567447045, 0.9805527123848515, 0.9813725490196078, 0.9561224489795919, 0.9654150197628458]",batch,both
MNIST,small,43,10,a1,layerwise,redundancy,loss_free,,0.5,5,0.9774,0.9768,0.08103745820447802,0.07834635990951211,118282,0.4969848519643115,118016,0.4972737186477645,0.35283571702893823,21.6025390625,16,0,2048,0.3236292729852721,0.9768,0.07834636281523853,0.3502126201055944,234752,235146,"[0.9887755102040816, 0.9903083700440528, 0.9757751937984496, 0.9792079207920792, 0.9714867617107943, 0.9809417040358744, 0.9780793319415448, 0.9708171206225681, 0.9691991786447639, 0.9623389494549058]","[0.9821251241310824, 0.9854413102820746, 0.9801192842942346, 0.9736842105263158, 0.9825819672131147, 0.9721293199554069, 0.9836233367451381, 0.9823529411764705, 0.9653061224489796, 0.9654150197628458]",batch,both
MNIST,small,43,10,a1,layerwise,redundancy,loss_free,,0.7,0,0.509,0.5142,1.265204689025879,1.2703505193710327,71719,0.6950022539188419,71504,0.6954062159214831,0.35283571702893823,21.6025390625,16,0,2048,0.31253189500421286,0.5142,1.2703505300521851,0.31988185504451394,234752,235146,"[0.32551020408163267, 0.5814977973568282, 0.40794573643410853, 0.7178217821782178, 0.40122199592668023, 0.4517937219730942, 0.7056367432150313, 0.07003891050583658, 0.9835728952772074, 0.5094152626362736]","[0.2899702085402185, 0.5577797998180164, 0.40457256461232605, 0.6949317738791423, 0.42418032786885246, 0.47045707915273133, 0.7185261003070624, 0.06666666666666667, 0.9857142857142858, 0.4871541501976285]",batch,both
MNIST,small,43,10,a1,layerwise,redundancy,loss_free,,0.7,1,0.949,0.9512,0.1727970045566559,0.1685808338522911,71719,0.6950022539188419,71504,0.6954062159214831,0.35283571702893823,21.6025390625,16,0,2048,0.317067279946059,0.9512,0.1685808345913887,0.3171095889993012,234752,235146,"[0.9744897959183674, 0.9814977973568282, 0.9534883720930233, 0.9485148514851485, 0.960285132382892, 0.9316143497757847, 0.9582463465553236, 0.9484435797665369, 0.9188911704312115, 0.9306243805748265]","[0.9692154915590864, 0.9790718835304822, 0.9463220675944334, 0.9307992202729045, 0.9641393442622951, 0.9375696767001115, 0.9600818833162743, 0.9588235294117647, 0.9020408163265307, 0.9377470355731226]",batch,both
MNIST,small,43,10,a1,layerwise,redundancy,loss_free,,0.7,3,0.9613,0.9634,0.12809453716278077,0.12291598081886769,71719,0.6950022539188419,71504,0.6954062159214831,0.35283571702893823,21.6025390625,16,0,2048,0.3163443299708888,0.9634,0.12291597968041897,0.3241699190111831,234752,235146,"[0.9836734693877551, 0.9885462555066079, 0.9612403100775194, 0.9663366336633663, 0.9674134419551935, 0.9562780269058296, 0.9676409185803758, 0.9591439688715954, 0.9394250513347022, 0.9405351833498513]","[0.9801390268123138, 0.9827115559599636, 0.963220675944334, 0.9473684210526315, 0.9702868852459017, 0.9509476031215162, 0.9672466734902764, 0.9715686274509804, 0.9275510204081633, 0.9486166007905138]",batch,both
MNIST,small,43,10,a1,layerwise,redundancy,loss_free,,0.7,5,0.9664,0.9675,0.11514490128159523,0.10958189963549375,71719,0.6950022539188419,71504,0.6954062159214831,0.35283571702893823,21.6025390625,16,0,2048,0.31680193601641804,0.9675,0.10958190453499556,0.3376244050450623,234752,235146,"[0.986734693877551, 0.9894273127753304, 0.9660852713178295, 0.9683168316831683, 0.9674134419551935, 0.9607623318385651, 0.9697286012526096, 0.9649805447470817, 0.9517453798767967, 0.9464816650148662]","[0.9831181727904668, 0.9836214740673339, 0.9691848906560636, 0.9483430799220273, 0.9713114754098361, 0.9520624303232998, 0.9723643807574207, 0.9784313725490196, 0.9459183673469388, 0.9565217391304348]",batch,both
MNIST,small,43,10,a2,layerwise,redundancy,loss_free,,0.05,0,0.9777,0.9786,0.0789950389802456,0.06907475371351465,233544,0.006812788650455426,233156,0.006798664122137366,0.35283571702893823,21.6025390625,16,0,2048,0.3220694799674675,0.9786,0.06907475404581055,0.3141895130975172,234752,235146,"[0.9897959183673469, 0.9911894273127754, 0.9796511627906976, 0.9702970297029703, 0.9857433808553971, 0.9798206278026906, 0.9832985386221295, 0.9698443579766537, 0.9681724845995893, 0.9672943508424182]","[0.9900695134061569, 0.9845313921747043, 0.9831013916500994, 0.9629629629629629, 0.985655737704918, 0.979933110367893, 0.9887410440122825, 0.9803921568627451, 0.9612244897959183, 0.9604743083003953]",batch,both
MNIST,small,43,10,a2,layerwise,redundancy,loss_free,,0.05,1,0.9812,0.9816,0.06730164125747978,0.06129646516050561,233544,0.006812788650455426,233156,0.006798664122137366,0.35283571702893823,21.6025390625,16,0,2048,0.31997802294790745,0.9816,0.061296463750110705,0.31216349196620286,234752,235146,"[0.9908163265306122, 0.9929515418502203, 0.9815891472868217, 0.9792079207920792, 0.9796334012219959, 0.9820627802690582, 0.9812108559498957, 0.97568093385214, 0.9722792607802875, 0.979187314172448]","[0.9900695134061569, 0.9854413102820746, 0.9831013916500994, 0.9746588693957114, 0.9825819672131147, 0.9832775919732442, 0.984646878198567, 0.9852941176470589, 0.9673469387755103, 0.9752964426877471]",batch,both
MNIST,small,43,10,a2,layerwise,redundancy,loss_free,,0.05,3,0.9825,0.9817,0.0692749469138682,0.06459694743233267,233544,0.006812788650455426,233156,0.006798664122137366,0.35283571702893823,21.6025390625,16,0,2048,0.3569597969762981,0.9817,0.06459694794046227,0.4499046499840915,234752,235146,"[0.9908163265306122, 0.9920704845814978, 0.9883720930232558, 0.9811881188118812, 0.9786150712830958, 0.9809417040358744, 0.9822546972860126, 0.9815175097276264, 0.9681724845995893, 0.9712586719524281]","[0.9870903674280039, 0.9872611464968153, 0.9880715705765407, 0.97953216374269, 0.9846311475409836, 0.9788182831661093, 0.9887410440122825, 0.9872549019607844, 0.9663265306122449, 0.9762845849802372]",batch,both
MNIST,small,43,10,a2,layerwise,redundancy,loss_free,,0.05,5,0.9823,0.9822,0.06786355704702438,0.06437699408232002,233544,0.006812788650455426,233156,0.006798664122137366,0.35283571702893823,21.6025390625,16,0,2048,0.30925441801082343,0.9822,0.06437699379393598,0.33186500100418925,234752,235146,"[0.9908163265306122, 0.9920704845814978, 0.9854651162790697, 0.9801980198019802, 0.9796334012219959, 0.984304932735426, 0.9832985386221295, 0.9795719844357976, 0.9702258726899384, 0.9752229930624381]","[0.9851042701092354, 0.986351228389445, 0.9880715705765407, 0.9775828460038987, 0.985655737704918, 0.9821627647714605, 0.9887410440122825, 0.9862745098039216, 0.9673469387755103, 0.9752964426877471]",batch,both
MNIST,small,43,10,a2,layerwise,redundancy,loss_free,,0.1,0,0.9777,0.9788,0.08031836462318898,0.0690530946760904,231942,0.013625577300910963,231560,0.013597328244274842,0.35283571702893823,21.6025390625,16,0,2048,0.3210053560324013,0.9788,0.06905309354509227,0.328275925014168,234752,235146,"[0.9897959183673469, 0.9929515418502203, 0.9835271317829457, 0.9683168316831683, 0.9877800407331976, 0.9786995515695067, 0.9853862212943633, 0.9678988326848249, 0.9681724845995893, 0.9643211100099108]","[0.9890764647467726, 0.9854413102820746, 0.9821073558648111, 0.9610136452241715, 0.9877049180327869, 0.979933110367893, 0.9918116683725691, 0.9813725490196078, 0.960204081632653, 0.958498023715415]",batch,both
MNIST,small,43,10,a2,layerwise,redundancy,loss_free,,0.1,1,0.9811,0.9817,0.0670407575942576,0.06010980413997895,231942,0.013625577300910963,231560,0.013597328244274842,0.35283571702893823,21.6025390625,16,0,2048,0.303674399969168,0.9817,0.06010980373690254,0.3168643970275298,234752,235146,"[0.9928571428571429, 0.9938325991189427, 0.9825581395348837, 0.9772277227722772, 0.9816700610997964, 0.9809417040358744, 0.9822546972860126, 0.9785992217898832, 0.9691991786447639, 0.9762140733399405]","[0.9860973187686196, 0.9872611464968153, 0.9840954274353877, 0.9775828460038987, 0.9825819672131147, 0.9810479375696767, 0.9877175025588536, 0.9852941176470589, 0.9653061224489796, 0.9733201581027668]",batch,both
MNIST,small,43,10,a2,layerwise,redundancy,loss_free,,0.1,3,0.9818,0.9819,0.0654296165831387,0.0621087041097926,231942,0.013625577300910963,231560,0.013597328244274842,0.35283571702893823,21.6025390625,16,0,2048,0.3294960099738091,0.9819,0.062108703099493866,0.325956444023177,234752,235146,"[0.9918367346938776, 0.9920704845814978, 0.9825581395348837, 0.9821782178217822, 0.9796334012219959, 0.9820627802690582, 0.9812108559498957, 0.9785992217898832, 0.9681724845995893, 0.979187314172448]","[0.9880834160873883, 0.9881710646041856, 0.9811133200795229, 0.9805068226120858, 0.9825819672131147, 0.9788182831661093, 0.9856704196519959, 0.9882352941176471, 0.9673469387755103, 0.9762845849802372]",batch,both
MNIST,small,43,10,a2,layerwise,redundancy,loss_free,,0.1,5,0.9818,0.9823,0.06631027468815445,0.061628978093146,231942,0.013625577300910963,231560,0.013597328244274842,0.35283571702893823,21.6025390625,16,0,2048,0.3106421720003709,0.9823,0.06162897699865571,0.32411724294070154,234752,235146,"[0.9908163265306122, 0.9929515418502203, 0.9825581395348837, 0.9841584158415841, 0.9796334012219959, 0.9831838565022422, 0.9812108559498957, 0.9737354085603113, 0.9743326488706365, 0.979187314172448]","[0.9860973187686196, 0.989080982711556, 0.9831013916500994, 0.9785575048732943, 0.9815573770491803, 0.9788182831661093, 0.984646878198567, 0.984313725490196, 0.9724489795918367, 0.9782608695652174]",batch,both
MNIST,small,43,10,a2,layerwise,redundancy,loss_free,,0.2,0,0.9764,0.9784,0.08021627393066882,0.07064153889790177,228471,0.028386619376897793,228102,0.028327767175572505,0.35283571702893823,21.6025390625,16,0,2048,0.31958385498728603,0.9784,0.07064153923131526,0.32610788801684976,234752,235146,"[0.9897959183673469, 0.9938325991189427, 0.9883720930232558, 0.9673267326732673, 0.9877800407331976, 0.9742152466367713, 0.9832985386221295, 0.9727626459143969, 0.9630390143737166, 0.9613478691774033]","[0.9910625620655412, 0.9854413102820746, 0.9840954274353877, 0.9580896686159844, 0.9887295081967213, 0.9743589743589743, 0.9907881269191402, 0.9813725490196078, 0.9571428571428572, 0.9525691699604744]",batch,both
MNIST,small,43,10,a2,layerwise,redundancy,loss_free,,0.2,1,0.9813,0.9817,0.06552782261967659,0.06118255071458407,228471,0.028386619376897793,228102,0.028327767175572505,0.35283571702893823,21.6025390625,16,0,2048,0.3222936460515484,0.9817,0.06118255224269815,0.3136092850472778,234752,235146,"[0.9918367346938776, 0.9929515418502203, 0.9825581395348837, 0.9811881188118812, 0.9796334012219959, 0.9809417040358744, 0.9822546972860126, 0.9785992217898832, 0.9681724845995893, 0.977205153617443]","[0.9860973187686196, 0.986351228389445, 0.9840954274353877, 0.9756335282651072, 0.9846311475409836, 0.9821627647714605, 0.9877175025588536, 0.9862745098039216, 0.9663265306122449, 0.9733201581027668]",batch,both
MNIST,small,43,10,a2,layerwise,redundancy,loss_free,,0.2,3,0.9828,0.9819,0.06505452945753933,0.06105399041331257,228471,0.028386619376897793,228102,0.028327767175572505,0.35283571702893823,21.6025390625,16,0,2048,0.3120523430407047,0.9819,0.06105399044013466,0.31982978503219783,234752,235146,"[0.9908163265306122, 0.9920704845814978, 0.9825581395348837, 0.9831683168316832, 0.9775967413441955, 0.9831838565022422, 0.9822546972860126, 0.9776264591439688, 0.9702258726899384, 0.9781962338949455]","[0.9880834160873883, 0.9872611464968153, 0.9821073558648111, 0.97953216374269, 0.9825819672131147, 0.9832775919732442, 0.9887410440122825, 0.9862745098039216, 0.9724489795918367, 0.9772727272727273]",batch,both
MNIST,small,43,10,a2,layerwise,redundancy,loss_free,,0.2,5,0.9825,0.9816,0.06582918413877487,0.06383716245227843,228471,0.028386619376897793,228102,0.028327767175572505,0.35283571702893823,21.6025390625,16,0,2048,0.30651474196929485,0.9816,0.06383716282778769,0.3445207830518484,234752,235146,"[0.9908163265306122, 0.9929515418502203, 0.9835271317829457, 0.9821782178217822, 0.9816700610997964, 0.9786995515695067, 0.9853862212943633, 0.980544747081712, 0.9691991786447639, 0.9692765113974232]","[0.9860973187686196, 0.9881710646041856, 0.9821073558648111, 0.9834307992202729, 0.9877049180327869, 0.9843924191750278, 0.9887410440122825, 0.9862745098039216, 0.9693877551020408, 0.9683794466403162]",batch,both
MNIST,small,43,10,a2,layerwise,redundancy,loss_free,,0.3,0,0.9758,0.9785,0.08301004851460457,0.07562126984074712,225000,0.04314766145288462,224644,0.04305820610687028,0.35283571702893823,21.6025390625,16,0,2048,0.3075375339249149,0.9785,0.07562127027660609,0.32402426400221884,234752,235146,"[0.9938775510204082, 0.9947136563876652, 0.9903100775193798, 0.9544554455445544, 0.9816700610997964, 0.9786995515695067, 0.9822546972860126, 0.9708171206225681, 0.9640657084188912, 0.9722497522299306]","[0.9900695134061569, 0.986351228389445, 0.9860834990059643, 0.949317738791423, 0.9846311475409836, 0.9743589743589743, 0.9887410440122825, 0.9803921568627451, 0.9561224489795919, 0.9614624505928854]",batch,both
MNIST,small,43,10,a2,layerwise,redundancy,loss_free,,0.3,1,0.9814,0.9814,0.06511306085065008,0.060345409120921976,225000,0.04314766145288462,224644,0.04305820610687028,0.35283571702893823,21.6025390625,16,0,2048,0.31740785692818463,0.9814,0.060345408661966214,0.3174838030245155,234752,235146,"[0.9928571428571429, 0.9947136563876652, 0.9786821705426356, 0.9841584158415841, 0.9765784114052953, 0.984304932735426, 0.9801670146137788, 0.9747081712062257, 0.9702258726899384, 0.9762140733399405]","[0.9880834160873883, 0.9881710646041856, 0.9821073558648111, 0.97953216374269, 0.9805327868852459, 0.9821627647714605, 0.984646878198567, 0.9872549019607844, 0.9683673469387755, 0.9723320158102767]",batch,both
MNIST,small,43,10,a2,layerwise,redundancy,loss_free,,0.3,3,0.9829,0.9822,0.06293622155189514,0.058838471425441095,225000,0.04314766145288462,224644,0.04305820610687028,0.35283571702893823,21.6025390625,16,0,2048,0.3246113589266315,0.9822,0.058838470894959756,0.3409080089768395,234752,235146,"[0.9908163265306122, 0.9920704845814978, 0.9825581395348837, 0.9851485148514851, 0.9816700610997964, 0.9809417040358744, 0.9822546972860126, 0.9785992217898832, 0.9722792607802875, 0.9742319127849356]","[0.9860973187686196, 0.989080982711556, 0.9801192842942346, 0.9814814814814815, 0.9846311475409836, 0.9832775919732442, 0.9866939611054247, 0.9872549019607844, 0.9724489795918367, 0.9772727272727273]",batch,both
MNIST,small,43,10,a2,layerwise,redundancy,loss_free,,0.3,5,0.9824,0.9821,0.06397425389140844,0.05924381853393279,225000,0.04314766145288462,224644,0.04305820610687028,0.35283571702893823,21.6025390625,16,0,2048,0.3225366969127208,0.9821,0.05924381789616309,0.34160903794690967,234752,235146,"[0.9908163265306122, 0.9911894273127754, 0.9844961240310077, 0.9841584158415841, 0.9765784114052953, 0.9831838565022422, 0.9791231732776617, 0.9795719844357976, 0.973305954825462, 0.977205153617443]","[0.9880834160873883, 0.9854413102820746, 0.9831013916500994, 0.9814814814814815, 0.9795081967213115, 0.9821627647714605, 0.9866939611054247, 0.9862745098039216, 0.9704081632653061, 0.9802371541501976]",batch,both
MNIST,small,43,10,a2,layerwise,redundancy,loss_free,,0.4,0,0.9738,0.9752,0.09615197925567627,0.08979265332520008,221529,0.05790870352887145,221186,0.05778864503816794,0.35283571702893823,21.6025390625,16,0,2048,0.3029932889621705,0.9752,0.08979265315830708,0.3310651140054688,234752,235146,"[0.9938775510204082, 0.9903083700440528, 0.9835271317829457, 0.9504950495049505, 0.9816700610997964, 0.9775784753363229, 0.9780793319415448, 0.9785992217898832, 0.9455852156057495, 0.9702675916749257]","[0.9920556107249255, 0.9818016378525932, 0.9840954274353877, 0.9541910331384016, 0.9825819672131147, 0.9710144927536232, 0.9805527123848515, 0.9833333333333333, 0.9448979591836735, 0.9624505928853755]",batch,both
MNIST,small,43,10,a2,layerwise,redundancy,loss_free,,0.4,1,0.9818,0.9818,0.06340711571276188,0.06075462890909985,221529,0.05790870352887145,221186,0.05778864503816794,0.35283571702893823,21.6025390625,16,0,2048,0.32036001002416015,0.9818,0.06075463039549068,0.3157463950337842,234752,235146,"[0.9908163265306122, 0.9938325991189427, 0.9786821705426356, 0.9811881188118812, 0.9786150712830958, 0.9831838565022422, 0.9822546972860126, 0.97568093385214, 0.9722792607802875, 0.9801783944499505]","[0.9860973187686196, 0.9872611464968153, 0.9821073558648111, 0.9775828460038987, 0.9825819672131147, 0.979933110367893, 0.9877175025588536, 0.984313725490196, 0.9704081632653061, 0.9792490118577075]",batch,both
MNIST,small,43,10,a2,layerwise,redundancy,loss_free,,0.4,3,0.9818,0.9818,0.06258558659106493,0.05930570572698489,221529,0.05790870352887145,221186,0.05778864503816794,0.35283571702893823,21.6025390625,16,0,2048,0.3274877710500732,0.9818,0.05930570578468032,0.30845594604033977,234752,235146,"[0.9908163265306122, 0.9938325991189427, 0.9806201550387597, 0.9792079207920792, 0.9796334012219959, 0.9854260089686099, 0.9791231732776617, 0.9776264591439688, 0.9722792607802875, 0.9781962338949455]","[0.9851042701092354, 0.9899909008189263, 0.9811133200795229, 0.9756335282651072, 0.9825819672131147, 0.9832775919732442, 0.9887410440122825, 0.9872549019607844, 0.9683673469387755, 0.9752964426877471]",batch,both
MNIST,small,43,10,a2,layerwise,redundancy,loss_free,,0.4,5,0.9821,0.9815,0.06291338049024343,0.060379199667903595,221529,0.05790870352887145,221186,0.05778864503816794,0.35283571702893823,21.6025390625,16,0,2048,0.32011152093764395,0.9815,0.06037919928494375,0.32475477596744895,234752,235146,"[0.9908163265306122, 0.9920704845814978, 0.9806201550387597, 0.9841584158415841, 0.9786150712830958, 0.9831838565022422, 0.9822546972860126, 0.9747081712062257, 0.9702258726899384, 0.977205153617443]","[0.9860973187686196, 0.9881710646041856, 0.9840954274353877, 0.9805068226120858, 0.9825819672131147, 0.9821627647714605, 0.9897645854657113, 0.984313725490196, 0.9673469387755103, 0.9752964426877471]",batch,both
MNIST,small,43,10,a2,layerwise,redundancy,loss_free,,0.5,0,0.9718,0.9714,0.13369774489402772,0.12949754931628704,218058,0.07266974560485828,217728,0.0725190839694656,0.35283571702893823,21.6025390625,16,0,2048,0.31395949400030077,0.9714,0.1294975512623787,0.33274290000554174,234752,235146,"[0.9948979591836735, 0.9929515418502203, 0.9844961240310077, 0.9435643564356435, 0.9775967413441955, 0.968609865470852, 0.9718162839248434, 0.9737354085603113, 0.9486652977412731, 0.9544103072348861]","[0.9940417080436942, 0.9845313921747043, 0.9850894632206759, 0.9502923976608187, 0.9815573770491803, 0.9609810479375697, 0.9723643807574207, 0.9823529411764705, 0.9459183673469388, 0.958498023715415]",batch,both
MNIST,small,43,10,a2,layerwise,redundancy,loss_free,,0.5,1,0.9809,0.9801,0.06725134651064872,0.0641960976340808,218058,0.07266974560485828,217728,0.0725190839694656,0.35283571702893823,21.6025390625,16,0,2048,0.31720383593346924,0.9801,0.06419609752977266,0.32576180004980415,234752,235146,"[0.9908163265306122, 0.9911894273127754, 0.9825581395348837, 0.9801980198019802, 0.9714867617107943, 0.9786995515695067, 0.9812108559498957, 0.97568093385214, 0.9691991786447639, 0.9781962338949455]","[0.9900695134061569, 0.9836214740673339, 0.9831013916500994, 0.9756335282651072, 0.9754098360655737, 0.979933110367893, 0.9866939611054247, 0.984313725490196, 0.9714285714285714, 0.9782608695652174]",batch,both
MNIST,small,43,10,a2,layerwise,redundancy,loss_free,,0.5,3,0.9805,0.9814,0.06516879214793443,0.06013172262404114,218058,0.07266974560485828,217728,0.0725190839694656,0.35283571702893823,21.6025390625,16,0,2048,0.30976666999049485,0.9814,0.06013172255251557,0.3353771480033174,234752,235146,"[0.9908163265306122, 0.9920704845814978, 0.9835271317829457, 0.9821782178217822, 0.9755600814663951, 0.9786995515695067, 0.9812108559498957, 0.9766536964980544, 0.9763860369609856, 0.9752229930624381]","[0.9870903674280039, 0.9854413102820746, 0.9821073558648111, 0.9785575048732943, 0.9754098360655737, 0.979933110367893, 0.9877175025588536, 0.9862745098039216, 0.9673469387755103, 0.974308300395257]",batch,both
MNIST,small,43,10,a2,layerwise,redundancy,loss_free,,0.5,5,0.9818,0.9822,0.06365342240780592,0.05839032616494223,218058,0.07266974560485828,217728,0.0725190839694656,0.35283571702893823,21.6025390625,16,0,2048,0.33470836700871587,0.9822,0.058390327981393784,0.3225546999601647,234752,235146,"[0.9887755102040816, 0.9929515418502203, 0.9796511627906976, 0.9811881188118812, 0.9786150712830958, 0.9854260089686099, 0.9843423799582464, 0.9766536964980544, 0.9774127310061602, 0.9762140733399405]","[0.9890764647467726, 0.986351228389445, 0.9801192842942346, 0.9785575048732943, 0.9784836065573771, 0.9821627647714605, 0.9897645854657113, 0.9872549019607844, 0.9704081632653061, 0.9752964426877471]",batch,both
MNIST,small,43,10,a2,layerwise,redundancy,loss_free,,0.7,0,0.9491,0.9519,0.3710760580062866,0.35896612589359284,211383,0.10105636498175596,211078,0.10084685114503822,0.35283571702893823,21.6025390625,16,0,2048,0.3240680620074272,0.9519,0.35896612639427183,0.32742849097121507,234752,235146,"[0.9959183673469387, 0.9955947136563876, 0.938953488372093, 0.9633663366336633, 0.9684317718940937, 0.8598654708520179, 0.9488517745302714, 0.9484435797665369, 0.9507186858316222, 0.9345887016848364]","[0.997020854021847, 0.9854413102820746, 0.9403578528827038, 0.9629629629629629, 0.9713114754098361, 0.8383500557413601, 0.9396110542476971, 0.9558823529411765, 0.936734693877551, 0.9476284584980237]",batch,both
MNIST,small,43,10,a2,layerwise,redundancy,loss_free,,0.7,1,0.9778,0.977,0.08023627099394798,0.0784757779141888,211383,0.10105636498175596,211078,0.10084685114503822,0.35283571702893823,21.6025390625,16,0,2048,0.32049182790797204,0.977,0.07847577762212604,0.3097581430338323,234752,235146,"[0.9908163265306122, 0.9911894273127754, 0.9757751937984496, 0.9792079207920792, 0.9786150712830958, 0.9742152466367713, 0.9780793319415448, 0.9727626459143969, 0.9568788501026694, 0.9702675916749257]","[0.9890764647467726, 0.9836214740673339, 0.9791252485089463, 0.9707602339181286, 0.985655737704918, 0.9754738015607581, 0.984646878198567, 0.9784313725490196, 0.9571428571428572, 0.9733201581027668]",batch,both
MNIST,small,43,10,a2,layerwise,redundancy,loss_free,,0.7,3,0.9802,0.9802,0.06861134236007929,0.06608758062655107,211383,0.10105636498175596,211078,0.10084685114503822,0.35283571702893823,21.6025390625,16,0,2048,0.3068274160614237,0.9802,0.06608758108550683,0.31601541698910296,234752,235146,"[0.9887755102040816, 0.9920704845814978, 0.9777131782945736, 0.9821782178217822, 0.9765784114052953, 0.9798206278026906, 0.9843423799582464, 0.9766536964980544, 0.9691991786447639, 0.9732408325074331]","[0.9860973187686196, 0.9854413102820746, 0.9791252485089463, 0.9746588693957114, 0.9825819672131147, 0.9777034559643255, 0.9907881269191402, 0.9862745098039216, 0.9673469387755103, 0.9713438735177866]",batch,both
MNIST,small,43,10,a2,layerwise,redundancy,loss_free,,0.7,5,0.9809,0.9808,0.06520796978473663,0.06213819352891296,211383,0.10105636498175596,211078,0.10084685114503822,0.35283571702893823,21.6025390625,16,0,2048,0.3237705730134621,0.9808,0.062138192380778494,0.32509368006139994,234752,235146,"[0.9887755102040816, 0.9920704845814978, 0.9767441860465116, 0.9811881188118812, 0.9806517311608961, 0.9798206278026906, 0.9812108559498957, 0.9795719844357976, 0.9743326488706365, 0.9722497522299306]","[0.9860973187686196, 0.986351228389445, 0.9791252485089463, 0.9766081871345029, 0.9846311475409836, 0.9810479375696767, 0.9897645854657113, 0.9862745098039216, 0.9683673469387755, 0.9703557312252964]",batch,both
MNIST,small,43,10,all,all,hebbian,loss_free,,0.05,0,0.9785,0.979,0.07934705985188484,0.06984628492894117,222660,0.05309892577377462,222284,0.05311136859323884,0.35283571702893823,21.6025390625,16,0,2048,0.34364653390366584,0.979,0.06984628584349993,0.31554836698342115,234752,235146,"[0.9908163265306122, 0.9911894273127754, 0.9777131782945736, 0.9752475247524752, 0.984725050916497, 0.9798206278026906, 0.9843423799582464, 0.9688715953307393, 0.9671457905544147, 0.9692765113974232]","[0.9900695134061569, 0.986351228389445, 0.9811133200795229, 0.9746588693957114, 0.9846311475409836, 0.9765886287625418, 0.9887410440122825, 0.9803921568627451, 0.9581632653061225, 0.9634387351778656]",batch,both
MNIST,small,43,10,all,all,hebbian,loss_free,,0.05,1,0.9814,0.9816,0.06894861131981016,0.06296874384741531,222660,0.05309892577377462,222284,0.05311136859323884,0.35283571702893823,21.6025390625,16,0,2048,0.31388650403823704,0.9816,0.0629687424638425,0.3185049049789086,234752,235146,"[0.9918367346938776, 0.9929515418502203, 0.9815891472868217, 0.9782178217821782, 0.9806517311608961, 0.9786995515695067, 0.9832985386221295, 0.9785992217898832, 0.9691991786447639, 0.979187314172448]","[0.9880834160873883, 0.9854413102820746, 0.9850894632206759, 0.9805068226120858, 0.9815573770491803, 0.9821627647714605, 0.9825997952917093, 0.9862745098039216, 0.963265306122449, 0.9782608695652174]",batch,both
MNIST,small,43,10,all,all,hebbian,loss_free,,0.05,3,0.9829,0.9823,0.0672150490231812,0.06123892077807104,222660,0.05309892577377462,222284,0.05311136859323884,0.35283571702893823,21.6025390625,16,0,2048,0.3141800140729174,0.9823,0.06123892170194303,0.3176585859619081,234752,235146,"[0.9908163265306122, 0.9929515418502203, 0.9835271317829457, 0.9732673267326732, 0.9796334012219959, 0.9865470852017937, 0.9853862212943633, 0.9795719844357976, 0.971252566735113, 0.979187314172448]","[0.9880834160873883, 0.9872611464968153, 0.9860834990059643, 0.9746588693957114, 0.9846311475409836, 0.9843924191750278, 0.9887410440122825, 0.9862745098039216, 0.9673469387755103, 0.9812252964426877]",batch,both
MNIST,small,43,10,all,all,hebbian,loss_free,,0.05,5,0.983,0.9822,0.06752985905129462,0.061621512119827096,222660,0.05309892577377462,222284,0.05311136859323884,0.35283571702893823,21.6025390625,16,0,2048,0.3080197829985991,0.9822,0.06162151168396813,0.3221822459017858,234752,235146,"[0.9908163265306122, 0.9929515418502203, 0.9815891472868217, 0.9811881188118812, 0.9786150712830958, 0.9798206278026906, 0.9874739039665971, 0.9785992217898832, 0.9722792607802875, 0.977205153617443]","[0.9851042701092354, 0.9872611464968153, 0.9880715705765407, 0.9814814814814815, 0.9836065573770492, 0.9843924191750278, 0.9877175025588536, 0.984313725490196, 0.9683673469387755, 0.9792490118577075]",batch,both
MNIST,small,43,10,all,all,hebbian,loss_free,,0.1,0,0.9775,0.9776,0.08159551359415054,0.07109771310472861,209417,0.10941712808212767,209060,0.10944315703380592,0.35283571702893823,21.6025390625,16,0,2048,0.3096698260633275,0.9776,0.07109771230304614,0.31530393299181014,234752,235146,"[0.9897959183673469, 0.9859030837004406, 0.9757751937984496, 0.9762376237623762, 0.9816700610997964, 0.976457399103139, 0.9853862212943633, 0.9640077821011673, 0.9691991786447639, 0.9712586719524281]","[0.9900695134061569, 0.9808917197452229, 0.9821073558648111, 0.9766081871345029, 0.9836065573770492, 0.9732441471571907, 0.9897645854657113, 0.9764705882352941, 0.9581632653061225, 0.9634387351778656]",batch,both
MNIST,small,43,10,all,all,hebbian,loss_free,,0.1,1,0.982,0.9809,0.07035542936623096,0.06206173677545739,209417,0.10941712808212767,209060,0.10944315703380592,0.35283571702893823,21.6025390625,16,0,2048,0.3106986479833722,0.9809,0.06206173676353646,0.3249764869688079,234752,235146,"[0.9918367346938776, 0.9920704845814978, 0.9825581395348837, 0.9772277227722772, 0.9806517311608961, 0.9831838565022422, 0.9832985386221295, 0.9747081712062257, 0.9702258726899384, 0.9722497522299306]","[0.9890764647467726, 0.986351228389445, 0.989065606361829, 0.9805068226120858, 0.9836065573770492, 0.979933110367893, 0.9836233367451381, 0.9862745098039216, 0.9663265306122449, 0.974308300395257]",batch,both
MNIST,small,43,10,all,all,hebbian,loss_free,,0.1,3,0.9817,0.9815,0.06792026990801096,0.06114510944145732,209417,0.10941712808212767,209060,0.10944315703380592,0.35283571702893823,21.6025390625,16,0,2048,0.3160555090289563,0.9815,0.06114511231346987,0.3383639300009236,234752,235146,"[0.9908163265306122, 0.9920704845814978, 0.9796511627906976, 0.9792079207920792, 0.9796334012219959, 0.9809417040358744, 0.9843423799582464, 0.9795719844357976, 0.973305954825462, 0.9742319127849356]","[0.9890764647467726, 0.9854413102820746, 0.9811133200795229, 0.9785575048732943, 0.9836065573770492, 0.9810479375696767, 0.9856704196519959, 0.9872549019607844, 0.9663265306122449, 0.9782608695652174]",batch,both
MNIST,small,43,10,all,all,hebbian,loss_free,,0.1,5,0.9831,0.9821,0.06845323682017625,0.061920866359063076,209417,0.10941712808212767,209060,0.10944315703380592,0.35283571702893823,21.6025390625,16,0,2048,0.336563881020993,0.9821,0.06192086676474719,0.3275966349756345,234752,235146,"[0.9908163265306122, 0.9938325991189427, 0.9757751937984496, 0.9811881188118812, 0.9806517311608961, 0.984304932735426, 0.9853862212943633, 0.9795719844357976, 0.9753593429158111, 0.9732408325074331]","[0.9851042701092354, 0.9872611464968153, 0.9850894632206759, 0.9785575048732943, 0.9846311475409836, 0.9855072463768116, 0.9877175025588536, 0.9872549019607844, 0.9734693877551021, 0.9762845849802372]",batch,both
MNIST,small,43,10,all,all,hebbian,loss_free,,0.2,0,0.9732,0.9745,0.0966190504193306,0.08251656281352043,183183,0.2209818580796612,182865,0.22102900081788446,0.35283571702893823,21.6025390625,16,0,2048,0.3293078379938379,0.9745,0.08251655886918306,0.33336197293829173,234752,235146,"[0.9887755102040816, 0.9744493392070485, 0.9777131782945736, 0.9821782178217822, 0.9857433808553971, 0.968609865470852, 0.9853862212943633, 0.9542801556420234, 0.9650924024640657, 0.9633300297324083]","[0.9900695134061569, 0.9636032757051866, 0.9821073558648111, 0.9727095516569201, 0.985655737704918, 0.9632107023411371, 0.9887410440122825, 0.9715686274509804, 0.9571428571428572, 0.9575098814229249]",batch,both
MNIST,small,43,10,all,all,hebbian,loss_free,,0.2,1,0.9815,0.9807,0.06928838917016983,0.060855405855888965,183183,0.2209818580796612,182865,0.22102900081788446,0.35283571702893823,21.6025390625,16,0,2048,0.3396739789750427,0.9807,0.06085540419776225,0.3258953179465607,234752,235146,"[0.9918367346938776, 0.9947136563876652, 0.9796511627906976, 0.9792079207920792, 0.984725050916497, 0.9798206278026906, 0.9822546972860126, 0.97568093385214, 0.9681724845995893, 0.9692765113974232]","[0.9860973187686196, 0.9872611464968153, 0.9870775347912525, 0.9785575048732943, 0.9866803278688525, 0.9810479375696767, 0.984646878198567, 0.9833333333333333, 0.9653061224489796, 0.974308300395257]",batch,both
MNIST,small,43,10,all,all,hebbian,loss_free,,0.2,3,0.9812,0.981,0.06896132695674896,0.06250457476783777,183183,0.2209818580796612,182865,0.22102900081788446,0.35283571702893823,21.6025390625,16,0,2048,0.31583532609511167,0.981,0.0625045749056735,0.32939508894924074,234752,235146,"[0.9908163265306122, 0.9938325991189427, 0.9786821705426356, 0.9782178217821782, 0.9775967413441955, 0.9775784753363229, 0.9864300626304802, 0.9766536964980544, 0.9691991786447639, 0.979187314172448]","[0.9860973187686196, 0.986351228389445, 0.9831013916500994, 0.9785575048732943, 0.9846311475409836, 0.979933110367893, 0.9856704196519959, 0.9852941176470589, 0.9653061224489796, 0.9762845849802372]",batch,both
MNIST,small,43,10,all,all,hebbian,loss_free,,0.2,5,0.982,0.9814,0.06924579112827778,0.06275783307178645,183183,0.2209818580796612,182865,0.22102900081788446,0.35283571702893823,21.6025390625,16,0,2048,0.33602444594725966,0.9814,0.06275782862527994,0.3347359399776906,234752,235146,"[0.9908163265306122, 0.9938325991189427, 0.9796511627906976, 0.9831683168316832, 0.9806517311608961, 0.976457399103139, 0.9843423799582464, 0.9785992217898832, 0.9722792607802875, 0.9722497522299306]","[0.9831181727904668, 0.989080982711556, 0.9850894632206759, 0.9844054580896686, 0.9846311475409836, 0.9810479375696767, 0.9866939611054247, 0.9852941176470589, 0.9663265306122449, 0.9733201581027668]",batch,both
MNIST,small,43,10,all,all,hebbian,loss_free,,0.3,0,0.9655,0.9678,0.12297847055196762,0.10830751964449882,158500,0.32595068595680976,158220,0.3260121319520175,0.35283571702893823,21.6025390625,16,0,2048,0.32295155606698245,0.9678,0.10830752019286155,0.3212824090151116,234752,235146,"[0.9897959183673469, 0.9577092511013215, 0.9651162790697675, 0.9831683168316832, 0.9867617107942973, 0.9383408071748879, 0.9843423799582464, 0.9474708171206225, 0.9671457905544147, 0.958374628344896]","[0.9880834160873883, 0.9399454049135578, 0.9681908548707754, 0.9805068226120858, 0.985655737704918, 0.927536231884058, 0.9866939611054247, 0.961764705882353, 0.9591836734693877, 0.9565217391304348]",batch,both
MNIST,small,43,10,all,all,hebbian,loss_free,,0.3,1,0.9803,0.9789,0.07239479670226574,0.06405473510185257,158500,0.32595068595680976,158220,0.3260121319520175,0.35283571702893823,21.6025390625,16,0,2048,0.3168701690156013,0.9789,0.06405473510799929,0.3483133870176971,234752,235146,"[0.9918367346938776, 0.9929515418502203, 0.9748062015503876, 0.9762376237623762, 0.9816700610997964, 0.9775784753363229, 0.9812108559498957, 0.9766536964980544, 0.9650924024640657, 0.9692765113974232]","[0.9890764647467726, 0.9845313921747043, 0.9850894632206759, 0.9766081871345029, 0.9836065573770492, 0.9810479375696767, 0.9856704196519959, 0.984313725490196, 0.9642857142857143, 0.9683794466403162]",batch,both
MNIST,small,43,10,all,all,hebbian,loss_free,,0.3,3,0.9814,0.9799,0.06922945346832275,0.060887329094484445,158500,0.32595068595680976,158220,0.3260121319520175,0.35283571702893823,21.6025390625,16,0,2048,0.3272440489381552,0.9799,0.060887329118326304,0.31774478300940245,234752,235146,"[0.9918367346938776, 0.9947136563876652, 0.9777131782945736, 0.9801980198019802, 0.9796334012219959, 0.9753363228699552, 0.9822546972860126, 0.97568093385214, 0.9722792607802875, 0.9672943508424182]","[0.9860973187686196, 0.986351228389445, 0.9840954274353877, 0.9814814814814815, 0.9825819672131147, 0.9843924191750278, 0.9856704196519959, 0.9833333333333333, 0.9693877551020408, 0.9703557312252964]",batch,both
MNIST,small,43,10,all,all,hebbian,loss_free,,0.3,5,0.9812,0.9799,0.07027987568080425,0.062318228817707856,158500,0.32595068595680976,158220,0.3260121319520175,0.35283571702893823,21.6025390625,16,0,2048,0.3188905300339684,0.9799,0.06231823098284658,0.3083628210006282,234752,235146,"[0.9908163265306122, 0.9947136563876652, 0.9777131782945736, 0.9762376237623762, 0.9786150712830958, 0.976457399103139, 0.9822546972860126, 0.9766536964980544, 0.9681724845995893, 0.9752229930624381]","[0.9870903674280039, 0.9854413102820746, 0.9840954274353877, 0.97953216374269, 0.9836065573770492, 0.9855072463768116, 0.9856704196519959, 0.9833333333333333, 0.963265306122449, 0.974308300395257]",batch,both
MNIST,small,43,10,all,all,hebbian,loss_free,,0.4,0,0.9124,0.9129,0.24721579003334046,0.23937291736602784,133605,0.43182108137072284,133364,0.4318940839694656,0.35283571702893823,21.6025390625,16,0,2048,0.3157234970713034,0.9129,0.23937293744087218,0.33561590197496116,234752,235146,"[0.9897959183673469, 0.547136563876652, 0.9496124031007752, 0.9861386138613861, 0.9816700610997964, 0.9069506726457399, 0.9791231732776617, 0.9357976653696498, 0.9620123203285421, 0.9435084241823588]","[0.9851042701092354, 0.5304822565969063, 0.9592445328031809, 0.9853801169590644, 0.9866803278688525, 0.8996655518394648, 0.9815762538382804, 0.95, 0.9489795918367347, 0.9337944664031621]",batch,both
MNIST,small,43,10,all,all,hebbian,loss_free,,0.4,1,0.9767,0.9767,0.07847788626849651,0.07197894764970988,133605,0.43182108137072284,133364,0.4318940839694656,0.35283571702893823,21.6025390625,16,0,2048,0.3119887259090319,0.9767,0.07197894523274154,0.34584981203079224,234752,235146,"[0.9928571428571429, 0.9894273127753304, 0.9709302325581395, 0.9732673267326732, 0.9765784114052953, 0.9742152466367713, 0.9801670146137788, 0.9708171206225681, 0.9671457905544147, 0.9702675916749257]","[0.9870903674280039, 0.9845313921747043, 0.9751491053677932, 0.9707602339181286, 0.9784836065573771, 0.9777034559643255, 0.9856704196519959, 0.9803921568627451, 0.9591836734693877, 0.967391304347826]",batch,both
MNIST,small,43,10,all,all,hebbian,loss_free,,0.4,3,0.9787,0.9785,0.07180919241905212,0.06652067744731903,133605,0.43182108137072284,133364,0.4318940839694656,0.35283571702893823,21.6025390625,16,0,2048,0.3171108990209177,0.9785,0.06652067666351795,0.3198093040846288,234752,235146,"[0.9918367346938776, 0.9894273127753304, 0.9767441860465116, 0.9801980198019802, 0.9786150712830958, 0.9719730941704036, 0.9801670146137788, 0.9727626459143969, 0.9691991786447639, 0.9722497522299306]","[0.9851042701092354, 0.9854413102820746, 0.9791252485089463, 0.9766081871345029, 0.9795081967213115, 0.979933110367893, 0.984646878198567, 0.9813725490196078, 0.963265306122449, 0.9713438735177866]",batch,both
MNIST,small,43,10,all,all,hebbian,loss_free,,0.4,5,0.9793,0.9789,0.0707274257928133,0.06541313698831945,133605,0.43182108137072284,133364,0.4318940839694656,0.35283571702893823,21.6025390625,16,0,2048,0.3066892649512738,0.9789,0.06541313852462917,0.30523128993809223,234752,235146,"[0.9928571428571429, 0.9911894273127754, 0.9777131782945736, 0.9811881188118812, 0.9775967413441955, 0.9730941704035875, 0.9812108559498957, 0.97568093385214, 0.9671457905544147, 0.9692765113974232]","[0.9851042701092354, 0.986351228389445, 0.9850894632206759, 0.9785575048732943, 0.9795081967213115, 0.979933110367893, 0.9836233367451381, 0.9823529411764705, 0.963265306122449, 0.9683794466403162]",batch,both
MNIST,small,43,10,all,all,hebbian,loss_free,,0.5,0,0.8948,0.8933,0.3209177616596222,0.31240380740165713,109386,0.5348166670919343,109184,0.534896401308615,0.35283571702893823,21.6025390625,16,0,2048,0.3096514289500192,0.8933,0.31240382590293886,0.31276286602951586,234752,235146,"[0.9785714285714285, 0.48370044052863437, 0.9505813953488372, 0.9693069306930693, 0.9765784114052953, 0.8643497757847534, 0.9686847599164927, 0.9105058365758755, 0.9640657084188912, 0.9236868186323092]","[0.9761668321747765, 0.4913557779799818, 0.9433399602385686, 0.9668615984405458, 0.9764344262295082, 0.8472686733556298, 0.984646878198567, 0.9303921568627451, 0.9540816326530612, 0.9140316205533597]",batch,both
MNIST,small,43,10,all,all,hebbian,loss_free,,0.5,1,0.9727,0.9743,0.09462244490087032,0.08516078066825866,109386,0.5348166670919343,109184,0.534896401308615,0.35283571702893823,21.6025390625,16,0,2048,0.3182695579016581,0.9743,0.08516077942550182,0.32950607198290527,234752,235146,"[0.9897959183673469, 0.9885462555066079, 0.9738372093023255, 0.9663366336633663, 0.9735234215885947, 0.9663677130044843, 0.9770354906054279, 0.9737354085603113, 0.9650924024640657, 0.9663032705649157]","[0.9841112214498511, 0.9790718835304822, 0.9771371769383698, 0.9619883040935673, 0.9723360655737705, 0.9743589743589743, 0.9866939611054247, 0.9794117647058823, 0.95, 0.9614624505928854]",batch,both
MNIST,small,43,10,all,all,hebbian,loss_free,,0.5,3,0.976,0.9774,0.0804452717512846,0.07269914437159895,109386,0.5348166670919343,109184,0.534896401308615,0.35283571702893823,21.6025390625,16,0,2048,0.3135786729399115,0.9774,0.07269914629906415,0.3125375279923901,234752,235146,"[0.9918367346938776, 0.9903083700440528, 0.9786821705426356, 0.9702970297029703, 0.9786150712830958, 0.9730941704035875, 0.9780793319415448, 0.9747081712062257, 0.9681724845995893, 0.9682854311199207]","[0.9841112214498511, 0.9845313921747043, 0.9781312127236581, 0.9649122807017544, 0.9795081967213115, 0.9743589743589743, 0.9877175025588536, 0.9803921568627451, 0.960204081632653, 0.9654150197628458]",batch,both
MNIST,small,43,10,all,all,hebbian,loss_free,,0.5,5,0.9785,0.9794,0.07593519933521747,0.06762137011736631,109386,0.5348166670919343,109184,0.534896401308615,0.35283571702893823,21.6025390625,16,0,2048,0.3104925650404766,0.9794,0.0676213689699769,0.3201879250118509,234752,235146,"[0.9918367346938776, 0.9911894273127754, 0.9806201550387597, 0.9782178217821782, 0.9826883910386965, 0.9775784753363229, 0.9812108559498957, 0.9747081712062257, 0.9691991786447639, 0.9653121902874133]","[0.9890764647467726, 0.9854413102820746, 0.9821073558648111, 0.9678362573099415, 0.9836065573770492, 0.9777034559643255, 0.9877175025588536, 0.9813725490196078, 0.9653061224489796, 0.9644268774703557]",batch,both
MNIST,small,43,10,all,all,hebbian,loss_free,,0.7,0,0.729,0.7196,0.9103071031570434,0.9134131847381591,63887,0.728309220654402,63761,0.7283899604689203,0.35283571702893823,21.6025390625,16,0,2048,0.3180929070804268,0.7196,0.9134131777763367,0.3129198499955237,234752,235146,"[0.9183673469387755, 0.001762114537444934, 0.7131782945736435, 0.8564356435643564, 0.9389002036659878, 0.4977578475336323, 0.9739039665970772, 0.5768482490272373, 0.9537987679671458, 0.8642220019821606]","[0.9036742800397219, 0.00272975432211101, 0.7673956262425448, 0.8654970760233918, 0.9354508196721312, 0.4972129319955407, 0.9836233367451381, 0.5568627450980392, 0.9540816326530612, 0.883399209486166]",batch,both
MNIST,small,43,10,all,all,hebbian,loss_free,,0.7,1,0.9496,0.9471,0.20377652176618577,0.19908129473924638,63887,0.728309220654402,63761,0.7283899604689203,0.35283571702893823,21.6025390625,16,0,2048,0.3275066359201446,0.9471,0.19908129624128343,0.32676757499575615,234752,235146,"[0.986734693877551, 0.9885462555066079, 0.9186046511627907, 0.9128712871287129, 0.9663951120162932, 0.9338565022421524, 0.9707724425887265, 0.9212062256809338, 0.9353182751540041, 0.933597621407334]","[0.9761668321747765, 0.9772520473157416, 0.9284294234592445, 0.9200779727095516, 0.9692622950819673, 0.939799331103679, 0.9805527123848515, 0.9382352941176471, 0.923469387755102, 0.9407114624505929]",batch,both
MNIST,small,43,10,all,all,hebbian,loss_free,,0.7,3,0.9608,0.961,0.13986056391000748,0.13535446045696736,63887,0.728309220654402,63761,0.7283899604689203,0.35283571702893823,21.6025390625,16,0,2048,0.3094528130022809,0.961,0.13535446178019048,0.3196243210695684,234752,235146,"[0.9887755102040816, 0.986784140969163, 0.9554263565891473, 0.9435643564356435, 0.9653767820773931, 0.9517937219730942, 0.9697286012526096, 0.9484435797665369, 0.9517453798767967, 0.9454905847373637]","[0.9781529294935452, 0.978161965423112, 0.9612326043737575, 0.9405458089668616, 0.9733606557377049, 0.9520624303232998, 0.977482088024565, 0.957843137254902, 0.9346938775510204, 0.9525691699604744]",batch,both
MNIST,small,43,10,all,all,hebbian,loss_free,,0.7,5,0.9637,0.9648,0.12122768014669419,0.11763228986859321,63887,0.728309220654402,63761,0.7283899604689203,0.35283571702893823,21.6025390625,16,0,2048,0.3271954319206998,0.9648,0.11763228937983512,0.32542119396384805,234752,235146,"[0.9908163265306122, 0.9859030837004406, 0.9544573643410853, 0.9584158415841584, 0.9674134419551935, 0.952914798206278, 0.9739039665970772, 0.9562256809338522, 0.9558521560574949, 0.9494549058473737]","[0.9801390268123138, 0.9772520473157416, 0.9652087475149106, 0.949317738791423, 0.9723360655737705, 0.9531772575250836, 0.9805527123848515, 0.961764705882353, 0.9387755102040817, 0.9565217391304348]",batch,both
MNIST,small,43,10,a1,layerwise,hebbian,loss_free,,0.05,0,0.9781,0.9791,0.0804559246301651,0.07072792810753453,224190,0.04659232987165418,223808,0.04661941112322787,0.35283571702893823,21.6025390625,16,0,2048,0.34206545597407967,0.9791,0.07072793019965756,0.3195609819376841,234752,235146,"[0.9908163265306122, 0.9911894273127754, 0.9777131782945736, 0.9752475247524752, 0.9857433808553971, 0.9798206278026906, 0.9843423799582464, 0.9698443579766537, 0.9671457905544147, 0.9682854311199207]","[0.9900695134061569, 0.9854413102820746, 0.9811133200795229, 0.9717348927875243, 0.9836065573770492, 0.9810479375696767, 0.9887410440122825, 0.9803921568627451, 0.9581632653061225, 0.9604743083003953]",batch,both
MNIST,small,43,10,a1,layerwise,hebbian,loss_free,,0.05,1,0.9816,0.981,0.06728432406093925,0.062232512990478425,224190,0.04659232987165418,223808,0.04661941112322787,0.35283571702893823,21.6025390625,16,0,2048,0.30949234403669834,0.981,0.06223251324826851,0.3207859769463539,234752,235146,"[0.9908163265306122, 0.9929515418502203, 0.9835271317829457, 0.9762376237623762, 0.9796334012219959, 0.9809417040358744, 0.9832985386221295, 0.980544747081712, 0.9702258726899384, 0.9702675916749257]","[0.9890764647467726, 0.9872611464968153, 0.989065606361829, 0.9736842105263158, 0.9815573770491803, 0.9821627647714605, 0.9866939611054247, 0.9862745098039216, 0.9673469387755103, 0.9723320158102767]",batch,both
MNIST,small,43,10,a1,layerwise,hebbian,loss_free,,0.05,3,0.9835,0.9819,0.06485503409467637,0.06214092420701054,224190,0.04659232987165418,223808,0.04661941112322787,0.35283571702893823,21.6025390625,16,0,2048,0.3347481880337,0.9819,0.06214092405650881,0.36027696705423295,234752,235146,"[0.9918367346938776, 0.9929515418502203, 0.9835271317829457, 0.9801980198019802, 0.9796334012219959, 0.9798206278026906, 0.9801670146137788, 0.9785992217898832, 0.9743326488706365, 0.9762140733399405]","[0.9860973187686196, 0.9881710646041856, 0.9900596421471173, 0.9834307992202729, 0.9836065573770492, 0.979933110367893, 0.9887410440122825, 0.9862745098039216, 0.9714285714285714, 0.9762845849802372]",batch,both
MNIST,small,43,10,a1,layerwise,hebbian,loss_free,,0.05,5,0.9827,0.9821,0.06673070930987597,0.06376611290990258,224190,0.04659232987165418,223808,0.04661941112322787,0.35283571702893823,21.6025390625,16,0,2048,0.32034753600601107,0.9821,0.06376611429422047,0.31648875994142145,234752,235146,"[0.9908163265306122, 0.9929515418502203, 0.9806201550387597, 0.9811881188118812, 0.9775967413441955, 0.9798206278026906, 0.9843423799582464, 0.980544747081712, 0.9763860369609856, 0.9752229930624381]","[0.9880834160873883, 0.9872611464968153, 0.9880715705765407, 0.9805068226120858, 0.9825819672131147, 0.9777034559643255, 0.9887410440122825, 0.9862745098039216, 0.9683673469387755, 0.9782608695652174]",batch,both
MNIST,small,43,10,a1,layerwise,hebbian,loss_free,,0.1,0,0.9783,0.9786,0.08273307992815972,0.07236999183148146,212321,0.09706735389927956,211952,0.09712377317339149,0.35283571702893823,21.6025390625,16,0,2048,0.3125869099749252,0.9786,0.07236999210268259,0.31945698300842196,234752,235146,"[0.9918367346938776, 0.9885462555066079, 0.9757751937984496, 0.9762376237623762, 0.984725050916497, 0.9798206278026906, 0.9843423799582464, 0.9669260700389105, 0.9681724845995893, 0.9692765113974232]","[0.9900695134061569, 0.9827115559599636, 0.9821073558648111, 0.9736842105263158, 0.9836065573770492, 0.979933110367893, 0.9897645854657113, 0.9794117647058823, 0.960204081632653, 0.9614624505928854]",batch,both
MNIST,small,43,10,a1,layerwise,hebbian,loss_free,,0.1,1,0.9818,0.9816,0.06862928041033446,0.06380203362436732,212321,0.09706735389927956,211952,0.09712377317339149,0.35283571702893823,21.6025390625,16,0,2048,0.3228730349801481,0.9816,0.06380203270720085,0.3170124759199098,234752,235146,"[0.9918367346938776, 0.9929515418502203, 0.9806201550387597, 0.9742574257425742, 0.9786150712830958, 0.9865470852017937, 0.9822546972860126, 0.9785992217898832, 0.973305954825462, 0.9762140733399405]","[0.9890764647467726, 0.9872611464968153, 0.9860834990059643, 0.9717348927875243, 0.9815573770491803, 0.9855072463768116, 0.984646878198567, 0.9872549019607844, 0.9683673469387755, 0.9762845849802372]",batch,both
MNIST,small,43,10,a1,layerwise,hebbian,loss_free,,0.1,3,0.9836,0.9816,0.0666761276319623,0.06311200407964061,212321,0.09706735389927956,211952,0.09712377317339149,0.35283571702893823,21.6025390625,16,0,2048,0.3414201489649713,0.9816,0.06311200327795814,0.3514515870483592,234752,235146,"[0.9908163265306122, 0.9929515418502203, 0.9777131782945736, 0.9811881188118812, 0.9816700610997964, 0.9820627802690582, 0.9832985386221295, 0.9785992217898832, 0.9722792607802875, 0.9742319127849356]","[0.9890764647467726, 0.989080982711556, 0.9831013916500994, 0.9824561403508771, 0.9887295081967213, 0.9810479375696767, 0.9856704196519959, 0.9852941176470589, 0.9755102040816327, 0.9752964426877471]",batch,both
MNIST,small,43,10,a1,layerwise,hebbian,loss_free,,0.1,5,0.9828,0.9821,0.06806610839627683,0.06317395482339198,212321,0.09706735389927956,211952,0.09712377317339149,0.35283571702893823,21.6025390625,16,0,2048,0.38882546895183623,0.9821,0.06317395441211993,0.3407899719895795,234752,235146,"[0.9908163265306122, 0.9929515418502203, 0.9825581395348837, 0.9772277227722772, 0.9786150712830958, 0.9820627802690582, 0.9874739039665971, 0.980544747081712, 0.9722792607802875, 0.9752229930624381]","[0.9851042701092354, 0.986351228389445, 0.9831013916500994, 0.9785575048732943, 0.985655737704918, 0.9832775919732442, 0.9897645854657113, 0.9852941176470589, 0.9693877551020408, 0.9812252964426877]",batch,both
MNIST,small,43,10,a1,layerwise,hebbian,loss_free,,0.2,0,0.9732,0.9763,0.09662492961883545,0.08303970208317041,188583,0.19801740195453033,188240,0.19813249727371862,0.35283571702893823,21.6025390625,16,0,2048,0.34942624997347593,0.9763,0.08303969747573137,0.35712565609719604,234752,235146,"[0.9897959183673469, 0.9762114537444934, 0.9709302325581395, 0.9752475247524752, 0.984725050916497, 0.9775784753363229, 0.9864300626304802, 0.9630350194552529, 0.9691991786447639, 0.9712586719524281]","[0.9910625620655412, 0.9626933575978162, 0.9761431411530815, 0.969785575048733, 0.9846311475409836, 0.9665551839464883, 0.9887410440122825, 0.9735294117647059, 0.960204081632653, 0.9594861660079052]",batch,both
MNIST,small,43,10,a1,layerwise,hebbian,loss_free,,0.2,1,0.9813,0.9806,0.06892379185259342,0.06400937002608553,188583,0.19801740195453033,188240,0.19813249727371862,0.35283571702893823,21.6025390625,16,0,2048,0.32373789802659303,0.9806,0.06400937202209607,0.3274249939713627,234752,235146,"[0.9908163265306122, 0.9938325991189427, 0.9757751937984496, 0.9782178217821782, 0.9796334012219959, 0.9786995515695067, 0.9853862212943633, 0.9727626459143969, 0.9702258726899384, 0.979187314172448]","[0.9890764647467726, 0.9854413102820746, 0.9850894632206759, 0.9785575048732943, 0.9836065573770492, 0.9788182831661093, 0.9856704196519959, 0.9833333333333333, 0.9642857142857143, 0.9782608695652174]",batch,both
MNIST,small,43,10,a1,layerwise,hebbian,loss_free,,0.2,3,0.9817,0.9812,0.06845867226719857,0.063054362884874,188583,0.19801740195453033,188240,0.19813249727371862,0.35283571702893823,21.6025390625,16,0,2048,0.34024617495015264,0.9812,0.0630543607972213,0.36515617195982486,234752,235146,"[0.9908163265306122, 0.9920704845814978, 0.9786821705426356, 0.9762376237623762, 0.9806517311608961, 0.9809417040358744, 0.9874739039665971, 0.97568093385214, 0.9722792607802875, 0.9762140733399405]","[0.9870903674280039, 0.9872611464968153, 0.9870775347912525, 0.9746588693957114, 0.9805327868852459, 0.9821627647714605, 0.9877175025588536, 0.9833333333333333, 0.9693877551020408, 0.9772727272727273]",batch,both
MNIST,small,43,10,a1,layerwise,hebbian,loss_free,,0.2,5,0.9818,0.9812,0.0707662826821208,0.0638879039615218,188583,0.19801740195453033,188240,0.19813249727371862,0.35283571702893823,21.6025390625,16,0,2048,0.3212967950385064,0.9812,0.06388790455496055,0.32509238400962204,234752,235146,"[0.9908163265306122, 0.9920704845814978, 0.9796511627906976, 0.9772277227722772, 0.9786150712830958, 0.9820627802690582, 0.9853862212943633, 0.9785992217898832, 0.971252566735113, 0.9752229930624381]","[0.9860973187686196, 0.9881710646041856, 0.9840954274353877, 0.9766081871345029, 0.9825819672131147, 0.9866220735785953, 0.984646878198567, 0.9852941176470589, 0.9683673469387755, 0.9752964426877471]",batch,both
MNIST,small,43,10,a1,layerwise,hebbian,loss_free,,0.3,0,0.9692,0.9728,0.10847161343097687,0.0912416977584362,165758,0.29508475585381,165440,0.2952562704471101,0.35283571702893823,21.6025390625,16,0,2048,0.3121529099298641,0.9728,0.09124169587343932,0.3287900190334767,234752,235146,"[0.9897959183673469, 0.9700440528634361, 0.9689922480620154, 0.9732673267326732, 0.9837067209775967, 0.9674887892376681, 0.9853862212943633, 0.9494163424124513, 0.9691991786447639, 0.9722497522299306]","[0.9880834160873883, 0.9508644222020018, 0.9691848906560636, 0.9688109161793372, 0.985655737704918, 0.9542920847268673, 0.9877175025588536, 0.9666666666666667, 0.9622448979591837, 0.9594861660079052]",batch,both
MNIST,small,43,10,a1,layerwise,hebbian,loss_free,,0.3,1,0.9814,0.98,0.07128345735669137,0.06378015352762305,165758,0.29508475585381,165440,0.2952562704471101,0.35283571702893823,21.6025390625,16,0,2048,0.3228108099428937,0.98,0.06378015279448591,0.3230803479673341,234752,235146,"[0.9908163265306122, 0.9947136563876652, 0.9777131782945736, 0.9801980198019802, 0.9816700610997964, 0.9753363228699552, 0.9812108559498957, 0.9727626459143969, 0.9691991786447639, 0.9742319127849356]","[0.9880834160873883, 0.986351228389445, 0.9840954274353877, 0.9805068226120858, 0.9866803278688525, 0.9810479375696767, 0.984646878198567, 0.9833333333333333, 0.9642857142857143, 0.974308300395257]",batch,both
MNIST,small,43,10,a1,layerwise,hebbian,loss_free,,0.3,3,0.9812,0.9801,0.0712295577019453,0.06339972686544061,165758,0.29508475585381,165440,0.2952562704471101,0.35283571702893823,21.6025390625,16,0,2048,0.3425464170286432,0.9801,0.06339972658229526,0.3541550691006705,234752,235146,"[0.9897959183673469, 0.9947136563876652, 0.9786821705426356, 0.9762376237623762, 0.9796334012219959, 0.9809417040358744, 0.9832985386221295, 0.9766536964980544, 0.9691991786447639, 0.9702675916749257]","[0.9890764647467726, 0.9881710646041856, 0.9850894632206759, 0.9746588693957114, 0.9815573770491803, 0.9855072463768116, 0.9856704196519959, 0.9813725490196078, 0.9693877551020408, 0.9713438735177866]",batch,both
MNIST,small,43,10,a1,layerwise,hebbian,loss_free,,0.3,5,0.9818,0.981,0.06936345828771591,0.06144528528212104,165758,0.29508475585381,165440,0.2952562704471101,0.35283571702893823,21.6025390625,16,0,2048,0.36095955898053944,0.981,0.06144528677633498,0.4095493779750541,234752,235146,"[0.9897959183673469, 0.9938325991189427, 0.9777131782945736, 0.9811881188118812, 0.9796334012219959, 0.976457399103139, 0.9822546972860126, 0.9776264591439688, 0.9722792607802875, 0.977205153617443]","[0.9880834160873883, 0.986351228389445, 0.9840954274353877, 0.9785575048732943, 0.9815573770491803, 0.9855072463768116, 0.9856704196519959, 0.9823529411764705, 0.9693877551020408, 0.9762845849802372]",batch,both
MNIST,small,43,10,a1,layerwise,hebbian,loss_free,,0.4,0,0.9378,0.9384,0.17617504097223283,0.16191054471731187,142020,0.39603480390906076,141728,0.39626499454743724,0.35283571702893823,21.6025390625,16,0,2048,0.3261436059838161,0.9384,0.1619105601787567,0.3171500919852406,234752,235146,"[0.9918367346938776, 0.7022026431718061, 0.9554263565891473, 0.9722772277227723, 0.9775967413441955, 0.9596412556053812, 0.9822546972860126, 0.9426070038910506, 0.9722792607802875, 0.9653121902874133]","[0.9880834160873883, 0.6869881710646042, 0.9642147117296223, 0.9649122807017544, 0.9774590163934426, 0.9520624303232998, 0.9856704196519959, 0.9598039215686275, 0.9673469387755103, 0.958498023715415]",batch,both
MNIST,small,43,10,a1,layerwise,hebbian,loss_free,,0.4,1,0.9788,0.9795,0.07395310600101948,0.06531349602956325,142020,0.39603480390906076,141728,0.39626499454743724,0.35283571702893823,21.6025390625,16,0,2048,0.3621638340409845,0.9795,0.06531349455434829,0.34505179000552744,234752,235146,"[0.9918367346938776, 0.9920704845814978, 0.9738372093023255, 0.9801980198019802, 0.9765784114052953, 0.9742152466367713, 0.9832985386221295, 0.9747081712062257, 0.971252566735113, 0.9752229930624381]","[0.9851042701092354, 0.9854413102820746, 0.9781312127236581, 0.9746588693957114, 0.9784836065573771, 0.9788182831661093, 0.9866939611054247, 0.9823529411764705, 0.9642857142857143, 0.9733201581027668]",batch,both
MNIST,small,43,10,a1,layerwise,hebbian,loss_free,,0.4,3,0.9797,0.9806,0.07102543748915195,0.06332455870471895,142020,0.39603480390906076,141728,0.39626499454743724,0.35283571702893823,21.6025390625,16,0,2048,0.3518805679632351,0.9806,0.06332455654405057,0.3494920759694651,234752,235146,"[0.9918367346938776, 0.9911894273127754, 0.9796511627906976, 0.9841584158415841, 0.9765784114052953, 0.9742152466367713, 0.9832985386221295, 0.9766536964980544, 0.9702258726899384, 0.9762140733399405]","[0.9870903674280039, 0.9854413102820746, 0.9831013916500994, 0.97953216374269, 0.9764344262295082, 0.979933110367893, 0.9836233367451381, 0.9823529411764705, 0.9622448979591837, 0.9762845849802372]",batch,both
MNIST,small,43,10,a1,layerwise,hebbian,loss_free,,0.4,5,0.9805,0.9811,0.06945837185680866,0.061437844429351386,142020,0.39603480390906076,141728,0.39626499454743724,0.35283571702893823,21.6025390625,16,0,2048,0.3545035710558295,0.9811,0.06143784215021879,0.3259313179878518,234752,235146,"[0.9918367346938776, 0.9929515418502203, 0.9825581395348837, 0.9841584158415841, 0.9837067209775967, 0.9753363228699552, 0.9812108559498957, 0.9766536964980544, 0.9722792607802875, 0.9682854311199207]","[0.9880834160873883, 0.9881710646041856, 0.9831013916500994, 0.9756335282651072, 0.9825819672131147, 0.979933110367893, 0.9836233367451381, 0.9823529411764705, 0.9663265306122449, 0.974308300395257]",batch,both
MNIST,small,43,10,a1,layerwise,hebbian,loss_free,,0.5,0,0.9145,0.9161,0.23257464751005172,0.21585755534172058,118282,0.4969848519643115,118016,0.4972737186477645,0.35283571702893823,21.6025390625,16,0,2048,0.31171438295859843,0.9161,0.2158575705051422,0.32200386794283986,234752,235146,"[0.9816326530612245, 0.6096916299559472, 0.9467054263565892, 0.9405940594059405, 0.9755600814663951, 0.9360986547085202, 0.9770354906054279, 0.914396887159533, 0.9774127310061602, 0.9504459861248761]","[0.9821251241310824, 0.6060054595086443, 0.9493041749502982, 0.9385964912280702, 0.9743852459016393, 0.9264214046822743, 0.9825997952917093, 0.9274509803921569, 0.963265306122449, 0.9288537549407114]",batch,both
MNIST,small,43,10,a1,layerwise,hebbian,loss_free,,0.5,1,0.9764,0.9776,0.08219822405576706,0.07093010217174887,118282,0.4969848519643115,118016,0.4972737186477645,0.35283571702893823,21.6025390625,16,0,2048,0.3487402780447155,0.9776,0.07093010158203543,0.3511388279730454,234752,235146,"[0.9908163265306122, 0.9929515418502203, 0.9806201550387597, 0.9742574257425742, 0.9796334012219959, 0.9708520179372198, 0.9749478079331941, 0.9688715953307393, 0.9702258726899384, 0.9702675916749257]","[0.9880834160873883, 0.9854413102820746, 0.9751491053677932, 0.969785575048733, 0.9733606557377049, 0.9777034559643255, 0.9856704196519959, 0.9774509803921568, 0.9642857142857143, 0.9664031620553359]",batch,both
MNIST,small,43,10,a1,layerwise,hebbian,loss_free,,0.5,3,0.9778,0.9794,0.07379861791729928,0.06526767541263252,118282,0.4969848519643115,118016,0.4972737186477645,0.35283571702893823,21.6025390625,16,0,2048,0.3222324090311304,0.9794,0.06526767501477151,0.3121306640096009,234752,235146,"[0.9918367346938776, 0.9911894273127754, 0.9786821705426356, 0.9782178217821782, 0.9765784114052953, 0.9753363228699552, 0.9801670146137788, 0.9727626459143969, 0.9743326488706365, 0.9732408325074331]","[0.9890764647467726, 0.9854413102820746, 0.9791252485089463, 0.9727095516569201, 0.9774590163934426, 0.9710144927536232, 0.984646878198567, 0.9784313725490196, 0.9673469387755103, 0.9713438735177866]",batch,both
MNIST,small,43,10,a1,layerwise,hebbian,loss_free,,0.5,5,0.979,0.9804,0.07103964984416962,0.06305662316009403,118282,0.4969848519643115,118016,0.4972737186477645,0.35283571702893823,21.6025390625,16,0,2048,0.36068520799744874,0.9804,0.06305662328377366,0.3594585380051285,234752,235146,"[0.9918367346938776, 0.9938325991189427, 0.9777131782945736, 0.9772277227722772, 0.9826883910386965, 0.9809417040358744, 0.9801670146137788, 0.9776264591439688, 0.973305954825462, 0.9672943508424182]","[0.9880834160873883, 0.9872611464968153, 0.9801192842942346, 0.9736842105263158, 0.9825819672131147, 0.9732441471571907, 0.9866939611054247, 0.9823529411764705, 0.9683673469387755, 0.9664031620553359]",batch,both
MNIST,small,43,10,a1,layerwise,hebbian,loss_free,,0.7,0,0.7903,0.7817,0.6227248864650726,0.6375506843566895,71719,0.6950022539188419,71504,0.6954062159214831,0.35283571702893823,21.6025390625,16,0,2048,0.33563832892104983,0.7817,0.6375507183074951,0.33817117707803845,234752,235146,"[0.9724489795918367, 0.001762114537444934, 0.8498062015503876, 0.7891089108910891, 0.9786150712830958, 0.7286995515695067, 0.9572025052192067, 0.7830739299610895, 0.9794661190965093, 0.8929633300297324]","[0.9791459781529295, 0.00545950864422202, 0.8727634194831014, 0.797270955165692, 0.9754098360655737, 0.7246376811594203, 0.9631525076765609, 0.792156862745098, 0.9744897959183674, 0.8982213438735178]",batch,both
MNIST,small,43,10,a1,layerwise,hebbian,loss_free,,0.7,1,0.9642,0.9648,0.11898775710463524,0.118610853099823,71719,0.6950022539188419,71504,0.6954062159214831,0.35283571702893823,21.6025390625,16,0,2048,0.3292757380986586,0.9648,0.11861085008382798,0.31547866004984826,234752,235146,"[0.986734693877551, 0.9894273127753304, 0.9525193798449613, 0.9554455445544554, 0.9704684317718941, 0.952914798206278, 0.9697286012526096, 0.9542801556420234, 0.9579055441478439, 0.9554013875123885]","[0.9831181727904668, 0.9772520473157416, 0.9602385685884692, 0.9522417153996101, 0.9733606557377049, 0.9643255295429208, 0.9764585465711362, 0.9627450980392157, 0.9346938775510204, 0.9565217391304348]",batch,both
MNIST,small,43,10,a1,layerwise,hebbian,loss_free,,0.7,3,0.9709,0.9719,0.09586775570511819,0.09547608025819063,71719,0.6950022539188419,71504,0.6954062159214831,0.35283571702893823,21.6025390625,16,0,2048,0.3277217890135944,0.9719,0.09547607920020819,0.3490811090450734,234752,235146,"[0.9887755102040816, 0.9859030837004406, 0.9670542635658915, 0.9683168316831683, 0.9704684317718941, 0.9652466367713004, 0.9749478079331941, 0.9678988326848249, 0.9650924024640657, 0.9633300297324083]","[0.9841112214498511, 0.9808917197452229, 0.9721669980119284, 0.9590643274853801, 0.9795081967213115, 0.967670011148272, 0.9825997952917093, 0.9745098039215686, 0.9418367346938775, 0.9654150197628458]",batch,both
MNIST,small,43,10,a1,layerwise,hebbian,loss_free,,0.7,5,0.9735,0.973,0.0896811774417758,0.08975219706892967,71719,0.6950022539188419,71504,0.6954062159214831,0.35283571702893823,21.6025390625,16,0,2048,0.3102401139913127,0.973,0.08975219628810882,0.3310242020525038,234752,235146,"[0.9887755102040816, 0.986784140969163, 0.9699612403100775, 0.9693069306930693, 0.9704684317718941, 0.9742152466367713, 0.9749478079331941, 0.9708171206225681, 0.9640657084188912, 0.9593657086223984]","[0.9860973187686196, 0.9799818016378526, 0.9791252485089463, 0.9619883040935673, 0.9784836065573771, 0.9732441471571907, 0.9836233367451381, 0.9784313725490196, 0.9510204081632653, 0.9624505928853755]",batch,both
MNIST,small,43,10,a2,layerwise,hebbian,loss_free,,0.05,0,0.9786,0.9791,0.07923265926539898,0.06977190629749093,233544,0.006812788650455426,233156,0.006798664122137366,0.35283571702893823,21.6025390625,16,0,2048,0.31408579903654754,0.9791,0.06977190720310901,0.3157799990149215,234752,235146,"[0.9908163265306122, 0.9911894273127754, 0.9777131782945736, 0.9752475247524752, 0.984725050916497, 0.9798206278026906, 0.9843423799582464, 0.9688715953307393, 0.9681724845995893, 0.9692765113974232]","[0.9900695134061569, 0.986351228389445, 0.9811133200795229, 0.9746588693957114, 0.9846311475409836, 0.9765886287625418, 0.9887410440122825, 0.9803921568627451, 0.9581632653061225, 0.9644268774703557]",batch,both
MNIST,small,43,10,a2,layerwise,hebbian,loss_free,,0.05,1,0.9823,0.9812,0.06836761657223106,0.06216164375550579,233544,0.006812788650455426,233156,0.006798664122137366,0.35283571702893823,21.6025390625,16,0,2048,0.30905602290295064,0.9812,0.06216164264387917,0.315241695032455,234752,235146,"[0.9908163265306122, 0.9929515418502203, 0.9815891472868217, 0.9772277227722772, 0.9806517311608961, 0.9786995515695067, 0.9822546972860126, 0.9776264591439688, 0.9691991786447639, 0.979187314172448]","[0.9900695134061569, 0.9854413102820746, 0.9840954274353877, 0.9805068226120858, 0.9836065573770492, 0.9788182831661093, 0.9866939611054247, 0.9862745098039216, 0.9683673469387755, 0.9782608695652174]",batch,both
MNIST,small,43,10,a2,layerwise,hebbian,loss_free,,0.05,3,0.9821,0.9816,0.06767481568939984,0.06390807434241287,233544,0.006812788650455426,233156,0.006798664122137366,0.35283571702893823,21.6025390625,16,0,2048,0.32575105398427695,0.9816,0.06390807611937635,0.3273165369173512,234752,235146,"[0.9918367346938776, 0.9920704845814978, 0.9835271317829457, 0.9762376237623762, 0.9806517311608961, 0.984304932735426, 0.9812108559498957, 0.9815175097276264, 0.9691991786447639, 0.9742319127849356]","[0.9920556107249255, 0.986351228389445, 0.9831013916500994, 0.9756335282651072, 0.985655737704918, 0.9832775919732442, 0.9856704196519959, 0.9872549019607844, 0.9663265306122449, 0.9752964426877471]",batch,both
MNIST,small,43,10,a2,layerwise,hebbian,loss_free,,0.05,5,0.9827,0.9822,0.06683743354268372,0.06310634743895498,233544,0.006812788650455426,233156,0.006798664122137366,0.35283571702893823,21.6025390625,16,0,2048,0.322788072982803,0.9822,0.0631063482167956,0.3328530619619414,234752,235146,"[0.9908163265306122, 0.9929515418502203, 0.9825581395348837, 0.9752475247524752, 0.9806517311608961, 0.984304932735426, 0.9874739039665971, 0.980544747081712, 0.973305954825462, 0.9732408325074331]","[0.9890764647467726, 0.986351228389445, 0.9860834990059643, 0.9727095516569201, 0.9836065573770492, 0.9832775919732442, 0.9887410440122825, 0.9872549019607844, 0.9724489795918367, 0.9772727272727273]",batch,both
MNIST,small,43,10,a2,layerwise,hebbian,loss_free,,0.1,0,0.9784,0.9789,0.07880926846265793,0.06879578973881435,231942,0.013625577300910963,231560,0.013597328244274842,0.35283571702893823,21.6025390625,16,0,2048,0.3309721180703491,0.9789,0.0687957902439637,0.321953970938921,234752,235146,"[0.9897959183673469, 0.9903083700440528, 0.9786821705426356, 0.9762376237623762, 0.9837067209775967, 0.9786995515695067, 0.9853862212943633, 0.9669260700389105, 0.9681724845995893, 0.9702675916749257]","[0.9890764647467726, 0.9836214740673339, 0.9811133200795229, 0.9756335282651072, 0.9846311475409836, 0.9777034559643255, 0.9897645854657113, 0.9803921568627451, 0.9571428571428572, 0.9644268774703557]",batch,both
MNIST,small,43,10,a2,layerwise,hebbian,loss_free,,0.1,1,0.9821,0.9812,0.06898421625308693,0.06205224766399479,231942,0.013625577300910963,231560,0.013597328244274842,0.35283571702893823,21.6025390625,16,0,2048,0.3043709669727832,0.9812,0.062052247252722736,0.3217613109154627,234752,235146,"[0.9918367346938776, 0.9920704845814978, 0.9815891472868217, 0.9841584158415841, 0.9755600814663951, 0.9809417040358744, 0.9812108559498957, 0.9795719844357976, 0.9702258726899384, 0.9732408325074331]","[0.9900695134061569, 0.9872611464968153, 0.9850894632206759, 0.9834307992202729, 0.9795081967213115, 0.9777034559643255, 0.9836233367451381, 0.9872549019607844, 0.9693877551020408, 0.9762845849802372]",batch,both
MNIST,small,43,10,a2,layerwise,hebbian,loss_free,,0.1,3,0.9821,0.9813,0.07042626391034573,0.06307041126354015,231942,0.013625577300910963,231560,0.013597328244274842,0.35283571702893823,21.6025390625,16,0,2048,0.3110814270330593,0.9813,0.06307041032346315,0.31548871705308557,234752,235146,"[0.9908163265306122, 0.9920704845814978, 0.9835271317829457, 0.9821782178217822, 0.9796334012219959, 0.9820627802690582, 0.9843423799582464, 0.980544747081712, 0.9671457905544147, 0.9692765113974232]","[0.9880834160873883, 0.9872611464968153, 0.9870775347912525, 0.9834307992202729, 0.9846311475409836, 0.9788182831661093, 0.9866939611054247, 0.9862745098039216, 0.9663265306122449, 0.9713438735177866]",batch,both
MNIST,small,43,10,a2,layerwise,hebbian,loss_free,,0.1,5,0.9829,0.9821,0.06755698558241129,0.06269286869408679,231942,0.013625577300910963,231560,0.013597328244274842,0.35283571702893823,21.6025390625,16,0,2048,0.38475246902089566,0.9821,0.0626928672658105,0.3488945310236886,234752,235146,"[0.9908163265306122, 0.9920704845814978, 0.9806201550387597, 0.9801980198019802, 0.9816700610997964, 0.9831838565022422, 0.9812108559498957, 0.9795719844357976, 0.9743326488706365, 0.9762140733399405]","[0.9880834160873883, 0.9881710646041856, 0.9860834990059643, 0.9785575048732943, 0.9846311475409836, 0.9855072463768116, 0.9856704196519959, 0.9852941176470589, 0.9704081632653061, 0.9762845849802372]",batch,both
MNIST,small,43,10,a2,layerwise,hebbian,loss_free,,0.2,0,0.9776,0.9787,0.07933204541802406,0.06867200245289132,228471,0.028386619376897793,228102,0.028327767175572505,0.35283571702893823,21.6025390625,16,0,2048,0.3450759209226817,0.9787,0.06867200275612995,0.34964301192667335,234752,235146,"[0.9908163265306122, 0.9911894273127754, 0.9796511627906976, 0.9782178217821782, 0.9867617107942973, 0.9798206278026906, 0.9843423799582464, 0.9649805447470817, 0.9681724845995893, 0.9623389494549058]","[0.9900695134061569, 0.9854413102820746, 0.9850894632206759, 0.9736842105263158, 0.985655737704918, 0.9777034559643255, 0.9877175025588536, 0.9794117647058823, 0.9530612244897959, 0.9575098814229249]",batch,both
MNIST,small,43,10,a2,layerwise,hebbian,loss_free,,0.2,1,0.9814,0.9814,0.06675909182876348,0.05896952816718258,228471,0.028386619376897793,228102,0.028327767175572505,0.35283571702893823,21.6025390625,16,0,2048,0.3664600270567462,0.9814,0.05896952944644727,0.3712113779038191,234752,235146,"[0.9908163265306122, 0.9920704845814978, 0.9806201550387597, 0.9782178217821782, 0.984725050916497, 0.9820627802690582, 0.9812108559498957, 0.9815175097276264, 0.9702258726899384, 0.9712586719524281]","[0.9880834160873883, 0.9854413102820746, 0.9840954274353877, 0.9746588693957114, 0.9866803278688525, 0.9810479375696767, 0.9856704196519959, 0.9882352941176471, 0.9673469387755103, 0.9723320158102767]",batch,both
MNIST,small,43,10,a2,layerwise,hebbian,loss_free,,0.2,3,0.9823,0.9818,0.06680947203189135,0.061514455461339095,228471,0.028386619376897793,228102,0.028327767175572505,0.35283571702893823,21.6025390625,16,0,2048,0.3240445740520954,0.9818,0.06151445570497308,0.3772318229312077,234752,235146,"[0.9908163265306122, 0.9920704845814978, 0.9815891472868217, 0.9792079207920792, 0.9826883910386965, 0.9854260089686099, 0.9822546972860126, 0.9766536964980544, 0.971252566735113, 0.9752229930624381]","[0.9860973187686196, 0.9854413102820746, 0.9860834990059643, 0.9805068226120858, 0.9846311475409836, 0.979933110367893, 0.9866939611054247, 0.9872549019607844, 0.9704081632653061, 0.9752964426877471]",batch,both
MNIST,small,43,10,a2,layerwise,hebbian,loss_free,,0.2,5,0.9822,0.9821,0.06632264617756009,0.061114179328538014,228471,0.028386619376897793,228102,0.028327767175572505,0.35283571702893823,21.6025390625,16,0,2048,0.35541547392494977,0.9821,0.0611141786341439,0.35131510498467833,234752,235146,"[0.9908163265306122, 0.9920704845814978, 0.9825581395348837, 0.9821782178217822, 0.9816700610997964, 0.9831838565022422, 0.9832985386221295, 0.980544747081712, 0.9691991786447639, 0.9742319127849356]","[0.9870903674280039, 0.9881710646041856, 0.9831013916500994, 0.9834307992202729, 0.9825819672131147, 0.9821627647714605, 0.9866939611054247, 0.9872549019607844, 0.9663265306122449, 0.974308300395257]",batch,both
MNIST,small,43,10,a2,layerwise,hebbian,loss_free,,0.3,0,0.9769,0.9772,0.0813583788573742,0.07354637780562043,225000,0.04314766145288462,224644,0.04305820610687028,0.35283571702893823,21.6025390625,16,0,2048,0.32002470805309713,0.9772,0.07354637858569622,0.3355606070253998,234752,235146,"[0.9918367346938776, 0.9885462555066079, 0.9748062015503876, 0.9831683168316832, 0.9867617107942973, 0.9652466367713004, 0.9853862212943633, 0.9698443579766537, 0.9650924024640657, 0.9593657086223984]","[0.9900695134061569, 0.9799818016378526, 0.9801192842942346, 0.9844054580896686, 0.9866803278688525, 0.959866220735786, 0.9887410440122825, 0.9833333333333333, 0.9561224489795919, 0.9575098814229249]",batch,both
MNIST,small,43,10,a2,layerwise,hebbian,loss_free,,0.3,1,0.9811,0.9814,0.06768147289007902,0.05976714367922396,225000,0.04314766145288462,224644,0.04305820610687028,0.35283571702893823,21.6025390625,16,0,2048,0.32212837308179587,0.9814,0.05976714157443493,0.31413130601868033,234752,235146,"[0.9918367346938776, 0.9947136563876652, 0.9815891472868217, 0.9752475247524752, 0.9837067209775967, 0.9865470852017937, 0.9812108559498957, 0.9785992217898832, 0.9691991786447639, 0.9702675916749257]","[0.9870903674280039, 0.986351228389445, 0.9850894632206759, 0.969785575048733, 0.9866803278688525, 0.9821627647714605, 0.9856704196519959, 0.9872549019607844, 0.9683673469387755, 0.9723320158102767]",batch,both
MNIST,small,43,10,a2,layerwise,hebbian,loss_free,,0.3,3,0.9819,0.9813,0.06553384974971413,0.06115770275136456,225000,0.04314766145288462,224644,0.04305820610687028,0.35283571702893823,21.6025390625,16,0,2048,0.3262089879717678,0.9813,0.0611577019254677,0.32267012097872794,234752,235146,"[0.9918367346938776, 0.9920704845814978, 0.9796511627906976, 0.9762376237623762, 0.9816700610997964, 0.9820627802690582, 0.9801670146137788, 0.9785992217898832, 0.973305954825462, 0.9762140733399405]","[0.9870903674280039, 0.986351228389445, 0.9870775347912525, 0.9746588693957114, 0.9836065573770492, 0.9821627647714605, 0.9856704196519959, 0.9862745098039216, 0.9693877551020408, 0.9762845849802372]",batch,both
MNIST,small,43,10,a2,layerwise,hebbian,loss_free,,0.3,5,0.9829,0.9821,0.06591010858118534,0.06130194812541595,225000,0.04314766145288462,224644,0.04305820610687028,0.35283571702893823,21.6025390625,16,0,2048,0.30543491803109646,0.9821,0.06130194645127049,0.3400188370142132,234752,235146,"[0.9918367346938776, 0.9920704845814978, 0.9796511627906976, 0.9821782178217822, 0.9816700610997964, 0.9831838565022422, 0.9822546972860126, 0.9795719844357976, 0.971252566735113, 0.9762140733399405]","[0.9851042701092354, 0.989080982711556, 0.9840954274353877, 0.9805068226120858, 0.9846311475409836, 0.9843924191750278, 0.9877175025588536, 0.9882352941176471, 0.9663265306122449, 0.9782608695652174]",batch,both
MNIST,small,43,10,a2,layerwise,hebbian,loss_free,,0.4,0,0.9741,0.9737,0.09185421978235245,0.08624893492311239,221529,0.05790870352887145,221186,0.05778864503816794,0.35283571702893823,21.6025390625,16,0,2048,0.3167052239878103,0.9737,0.08624893768727779,0.3363906790036708,234752,235146,"[0.9908163265306122, 0.986784140969163, 0.9786821705426356, 0.9851485148514851, 0.9887983706720977, 0.945067264573991, 0.9843423799582464, 0.9659533073929961, 0.9527720739219713, 0.9544103072348861]","[0.9890764647467726, 0.978161965423112, 0.9831013916500994, 0.98635477582846, 0.9877049180327869, 0.9520624303232998, 0.9856704196519959, 0.9803921568627451, 0.9459183673469388, 0.9496047430830039]",batch,both
MNIST,small,43,10,a2,layerwise,hebbian,loss_free,,0.4,1,0.9812,0.98,0.06645288623124361,0.06123867118488997,221529,0.05790870352887145,221186,0.05778864503816794,0.35283571702893823,21.6025390625,16,0,2048,0.30500835995189846,0.98,0.06123866863232106,0.3182248550001532,234752,235146,"[0.9918367346938776, 0.9903083700440528, 0.9796511627906976, 0.9752475247524752, 0.9816700610997964, 0.9831838565022422, 0.9791231732776617, 0.9776264591439688, 0.9753593429158111, 0.9653121902874133]","[0.9870903674280039, 0.9845313921747043, 0.9801192842942346, 0.9756335282651072, 0.985655737704918, 0.9866220735785953, 0.9836233367451381, 0.9833333333333333, 0.9704081632653061, 0.9752964426877471]",batch,both
MNIST,small,43,10,a2,layerwise,hebbian,loss_free,,0.4,3,0.9816,0.9815,0.06589459426626564,0.060587446787452794,221529,0.05790870352887145,221186,0.05778864503816794,0.35283571702893823,21.6025390625,16,0,2048,0.32848861697129905,0.9815,0.06058744747737656,0.33071355905849487,234752,235146,"[0.9897959183673469, 0.9938325991189427, 0.9815891472868217, 0.9742574257425742, 0.9775967413441955, 0.9831838565022422, 0.9864300626304802, 0.9766536964980544, 0.971252566735113, 0.979187314172448]","[0.9851042701092354, 0.986351228389445, 0.9811133200795229, 0.9775828460038987, 0.9846311475409836, 0.9821627647714605, 0.9866939611054247, 0.9852941176470589, 0.9693877551020408, 0.9772727272727273]",batch,both
MNIST,small,43,10,a2,layerwise,hebbian,loss_free,,0.4,5,0.981,0.9817,0.065860322470963,0.06166333045870997,221529,0.05790870352887145,221186,0.05778864503816794,0.35283571702893823,21.6025390625,16,0,2048,0.3269695040071383,0.9817,0.06166333196670748,0.3400602249894291,234752,235146,"[0.9928571428571429, 0.9911894273127754, 0.9806201550387597, 0.9821782178217822, 0.9786150712830958, 0.9820627802690582, 0.9812108559498957, 0.980544747081712, 0.9722792607802875, 0.9742319127849356]","[0.9880834160873883, 0.9854413102820746, 0.9781312127236581, 0.9824561403508771, 0.9815573770491803, 0.979933110367893, 0.9836233367451381, 0.9872549019607844, 0.9663265306122449, 0.9762845849802372]",batch,both
MNIST,small,43,10,a2,layerwise,hebbian,loss_free,,0.5,0,0.9749,0.9768,0.09715374966859817,0.09032738943696023,218058,0.07266974560485828,217728,0.0725190839694656,0.35283571702893823,21.6025390625,16,0,2048,0.30528649606276304,0.9768,0.0903273883998394,0.32389652903657407,234752,235146,"[0.9918367346938776, 0.9885462555066079, 0.9854651162790697, 0.9861386138613861, 0.984725050916497, 0.9607623318385651, 0.9832985386221295, 0.9698443579766537, 0.9568788501026694, 0.9573835480673935]","[0.9851042701092354, 0.978161965423112, 0.9831013916500994, 0.9824561403508771, 0.9836065573770492, 0.9587513935340022, 0.9866939611054247, 0.9833333333333333, 0.9489795918367347, 0.9565217391304348]",batch,both
MNIST,small,43,10,a2,layerwise,hebbian,loss_free,,0.5,1,0.9809,0.9807,0.0685177903920412,0.062323048663046214,218058,0.07266974560485828,217728,0.0725190839694656,0.35283571702893823,21.6025390625,16,0,2048,0.31938556500244886,0.9807,0.0623230491518043,0.3225199260050431,234752,235146,"[0.9908163265306122, 0.9911894273127754, 0.9844961240310077, 0.9801980198019802, 0.9796334012219959, 0.9786995515695067, 0.9791231732776617, 0.9795719844357976, 0.9702258726899384, 0.9712586719524281]","[0.9880834160873883, 0.9808917197452229, 0.9850894632206759, 0.9785575048732943, 0.9805327868852459, 0.9832775919732442, 0.984646878198567, 0.9872549019607844, 0.9704081632653061, 0.9703557312252964]",batch,both
MNIST,small,43,10,a2,layerwise,hebbian,loss_free,,0.5,3,0.9805,0.9811,0.0657050880804658,0.06031322192568332,218058,0.07266974560485828,217728,0.0725190839694656,0.35283571702893823,21.6025390625,16,0,2048,0.3117286959895864,0.9811,0.06031322307679802,0.32059260399546474,234752,235146,"[0.9908163265306122, 0.9920704845814978, 0.9796511627906976, 0.9811881188118812, 0.9806517311608961, 0.9820627802690582, 0.9832985386221295, 0.9766536964980544, 0.9702258726899384, 0.9732408325074331]","[0.9880834160873883, 0.9845313921747043, 0.9791252485089463, 0.9756335282651072, 0.9825819672131147, 0.9843924191750278, 0.9887410440122825, 0.9862745098039216, 0.963265306122449, 0.9723320158102767]",batch,both
MNIST,small,43,10,a2,layerwise,hebbian,loss_free,,0.5,5,0.9813,0.9822,0.0638738161817193,0.060464336659037506,218058,0.07266974560485828,217728,0.0725190839694656,0.35283571702893823,21.6025390625,16,0,2048,0.3261429719859734,0.9822,0.06046433574708644,0.3208573440788314,234752,235146,"[0.9908163265306122, 0.9920704845814978, 0.9815891472868217, 0.9801980198019802, 0.9806517311608961, 0.9798206278026906, 0.9843423799582464, 0.9815175097276264, 0.973305954825462, 0.9762140733399405]","[0.9860973187686196, 0.9845313921747043, 0.9840954274353877, 0.9756335282651072, 0.985655737704918, 0.9855072463768116, 0.9836233367451381, 0.9862745098039216, 0.9683673469387755, 0.9733201581027668]",batch,both
MNIST,small,43,10,a2,layerwise,hebbian,loss_free,,0.7,0,0.966,0.9678,0.20507259004116057,0.19630993559360504,211383,0.10105636498175596,211078,0.10084685114503822,0.35283571702893823,21.6025390625,16,0,2048,0.30546449101530015,0.9678,0.19630993559360504,0.3112622241023928,234752,235146,"[0.9836734693877551, 0.9876651982378855, 0.9651162790697675, 0.9891089108910891, 0.9806517311608961, 0.9327354260089686, 0.9926931106471816, 0.9474708171206225, 0.9332648870636551, 0.9603567888999008]","[0.9811320754716981, 0.9745222929936306, 0.9622266401590457, 0.98635477582846, 0.9743852459016393, 0.935340022296544, 0.9928352098259979, 0.9588235294117647, 0.9306122448979591, 0.9594861660079052]",batch,both
MNIST,small,43,10,a2,layerwise,hebbian,loss_free,,0.7,1,0.9785,0.9781,0.07665843187868596,0.07130910838469863,211383,0.10105636498175596,211078,0.10084685114503822,0.35283571702893823,21.6025390625,16,0,2048,0.3138965559192002,0.9781,0.07130910915657877,0.3080594550119713,234752,235146,"[0.9938775510204082, 0.9911894273127754, 0.9777131782945736, 0.9811881188118812, 0.9796334012219959, 0.976457399103139, 0.9812108559498957, 0.9737354085603113, 0.9650924024640657, 0.9593657086223984]","[0.9870903674280039, 0.9854413102820746, 0.9791252485089463, 0.9766081871345029, 0.9815573770491803, 0.9777034559643255, 0.984646878198567, 0.9833333333333333, 0.9612244897959183, 0.967391304347826]",batch,both
MNIST,small,43,10,a2,layerwise,hebbian,loss_free,,0.7,3,0.9795,0.9798,0.06919857578277588,0.0655071064086631,211383,0.10105636498175596,211078,0.10084685114503822,0.35283571702893823,21.6025390625,16,0,2048,0.30811459105461836,0.9798,0.06550710538495332,0.32047932501882315,234752,235146,"[0.9928571428571429, 0.9929515418502203, 0.9806201550387597, 0.9782178217821782, 0.9786150712830958, 0.9775784753363229, 0.9812108559498957, 0.9737354085603113, 0.9702258726899384, 0.9702675916749257]","[0.9880834160873883, 0.9854413102820746, 0.9801192842942346, 0.9766081871345029, 0.9805327868852459, 0.9777034559643255, 0.984646878198567, 0.984313725490196, 0.9673469387755103, 0.9693675889328063]",batch,both
MNIST,small,43,10,a2,layerwise,hebbian,loss_free,,0.7,5,0.9808,0.9802,0.06636954403221607,0.06285299369934946,211383,0.10105636498175596,211078,0.10084685114503822,0.35283571702893823,21.6025390625,16,0,2048,0.3179185059852898,0.9802,0.06285299434009939,0.3188200358999893,234752,235146,"[0.9928571428571429, 0.9911894273127754, 0.9806201550387597, 0.9782178217821782, 0.9837067209775967, 0.9786995515695067, 0.9832985386221295, 0.9737354085603113, 0.9702258726899384, 0.9682854311199207]","[0.9860973187686196, 0.9854413102820746, 0.9801192842942346, 0.9736842105263158, 0.9877049180327869, 0.9821627647714605, 0.9866939611054247, 0.9833333333333333, 0.9704081632653061, 0.9723320158102767]",batch,both
MNIST,small,43,10,all,all,activation_fisher,loss_aware,,0.05,0,0.9785,0.9789,0.08033988083899021,0.07070567605250981,222660,0.05309892577377462,222284,0.05311136859323884,0.09143455896992236,20.8994140625,16,16,2048,0.318304660031572,0.9789,0.07070567562037613,0.3189282870152965,234752,235146,"[0.9908163265306122, 0.9911894273127754, 0.9777131782945736, 0.9752475247524752, 0.9857433808553971, 0.9798206278026906, 0.9843423799582464, 0.9708171206225681, 0.9671457905544147, 0.9653121902874133]","[0.9910625620655412, 0.9854413102820746, 0.9811133200795229, 0.9746588693957114, 0.9846311475409836, 0.9788182831661093, 0.9907881269191402, 0.9803921568627451, 0.9591836734693877, 0.958498023715415]",batch,both
MNIST,small,43,10,all,all,activation_fisher,loss_aware,,0.05,1,0.9825,0.9812,0.06742718968614936,0.06209048143044347,222660,0.05309892577377462,222284,0.05311136859323884,0.09143455896992236,20.8994140625,16,16,2048,0.3187745719915256,0.9812,0.062090481120313054,0.3215371030382812,234752,235146,"[0.9908163265306122, 0.9920704845814978, 0.9806201550387597, 0.9792079207920792, 0.9786150712830958, 0.9798206278026906, 0.9832985386221295, 0.9815175097276264, 0.9691991786447639, 0.9752229930624381]","[0.9890764647467726, 0.9899909008189263, 0.9850894632206759, 0.9824561403508771, 0.9815573770491803, 0.979933110367893, 0.9866939611054247, 0.9862745098039216, 0.9663265306122449, 0.9762845849802372]",batch,both
MNIST,small,43,10,all,all,activation_fisher,loss_aware,,0.05,3,0.9822,0.9816,0.06781516992934049,0.0625019080119615,222660,0.05309892577377462,222284,0.05311136859323884,0.09143455896992236,20.8994140625,16,16,2048,0.32149035192560405,0.9816,0.06250190721921972,0.3223301349207759,234752,235146,"[0.9908163265306122, 0.9920704845814978, 0.9806201550387597, 0.9821782178217822, 0.9816700610997964, 0.9809417040358744, 0.9843423799582464, 0.9776264591439688, 0.971252566735113, 0.9732408325074331]","[0.9880834160873883, 0.9854413102820746, 0.9831013916500994, 0.9824561403508771, 0.9846311475409836, 0.9810479375696767, 0.9877175025588536, 0.9862745098039216, 0.9663265306122449, 0.9762845849802372]",batch,both
MNIST,small,43,10,all,all,activation_fisher,loss_aware,,0.05,5,0.9823,0.9819,0.06707946307454259,0.06262979845954687,222660,0.05309892577377462,222284,0.05311136859323884,0.09143455896992236,20.8994140625,16,16,2048,0.3174233650788665,0.9819,0.0626297996315232,0.3374947300180793,234752,235146,"[0.9908163265306122, 0.9920704845814978, 0.9815891472868217, 0.9811881188118812, 0.9786150712830958, 0.9831838565022422, 0.9832985386221295, 0.9785992217898832, 0.9702258726899384, 0.9781962338949455]","[0.9851042701092354, 0.989080982711556, 0.9850894632206759, 0.9824561403508771, 0.9836065573770492, 0.9821627647714605, 0.984646878198567, 0.9852941176470589, 0.9683673469387755, 0.9762845849802372]",batch,both
MNIST,small,43,10,all,all,activation_fisher,loss_aware,,0.1,0,0.9774,0.9779,0.08251172345578671,0.07219204017687589,209417,0.10941712808212767,209060,0.10944315703380592,0.09143455896992236,20.8994140625,16,16,2048,0.3153426540084183,0.9779,0.07219203805644066,0.3379634069278836,234752,235146,"[0.9908163265306122, 0.9894273127753304, 0.9767441860465116, 0.9722772277227723, 0.9867617107942973, 0.9786995515695067, 0.9864300626304802, 0.9649805447470817, 0.9640657084188912, 0.9682854311199207]","[0.9930486593843099, 0.9854413102820746, 0.9811133200795229, 0.9678362573099415, 0.9846311475409836, 0.9788182831661093, 0.9918116683725691, 0.9774509803921568, 0.9540816326530612, 0.9594861660079052]",batch,both
MNIST,small,43,10,all,all,activation_fisher,loss_aware,,0.1,1,0.9829,0.9816,0.06737291989475488,0.060952957668853926,209417,0.10941712808212767,209060,0.10944315703380592,0.09143455896992236,20.8994140625,16,16,2048,0.3012786819599569,0.9816,0.06095295896227471,0.32265414600260556,234752,235146,"[0.9908163265306122, 0.9920704845814978, 0.9796511627906976, 0.9831683168316832, 0.9816700610997964, 0.9786995515695067, 0.9843423799582464, 0.9776264591439688, 0.9722792607802875, 0.9742319127849356]","[0.9920556107249255, 0.9872611464968153, 0.9831013916500994, 0.9824561403508771, 0.9836065573770492, 0.9832775919732442, 0.9866939611054247, 0.9862745098039216, 0.9683673469387755, 0.9752964426877471]",batch,both
MNIST,small,43,10,all,all,activation_fisher,loss_aware,,0.1,3,0.9823,0.981,0.06680517898276449,0.06111646450138651,209417,0.10941712808212767,209060,0.10944315703380592,0.09143455896992236,20.8994140625,16,16,2048,0.32580097194295377,0.981,0.0611164653507527,0.3415525939781219,234752,235146,"[0.9908163265306122, 0.9911894273127754, 0.9767441860465116, 0.9782178217821782, 0.9816700610997964, 0.9831838565022422, 0.9843423799582464, 0.9795719844357976, 0.9702258726899384, 0.9732408325074331]","[0.9900695134061569, 0.9872611464968153, 0.9860834990059643, 0.9775828460038987, 0.985655737704918, 0.9866220735785953, 0.9866939611054247, 0.9833333333333333, 0.9683673469387755, 0.9713438735177866]",batch,both
MNIST,small,43,10,all,all,activation_fisher,loss_aware,,0.1,5,0.9831,0.9812,0.06839399836882949,0.06109051486315439,209417,0.10941712808212767,209060,0.10944315703380592,0.09143455896992236,20.8994140625,16,16,2048,0.31866464705672115,0.9812,0.061090516112244225,0.3537015310721472,234752,235146,"[0.9918367346938776, 0.9911894273127754, 0.9835271317829457, 0.9772277227722772, 0.9806517311608961, 0.9798206278026906, 0.9801670146137788, 0.9815175097276264, 0.9691991786447639, 0.9752229930624381]","[0.9890764647467726, 0.9881710646041856, 0.9860834990059643, 0.97953216374269, 0.985655737704918, 0.9821627647714605, 0.9866939611054247, 0.9862745098039216, 0.9714285714285714, 0.9752964426877471]",batch,both
MNIST,small,43,10,all,all,activation_fisher,loss_aware,,0.2,0,0.9729,0.9761,0.09516814579963684,0.08309379613772035,183183,0.2209818580796612,182865,0.22102900081788446,0.09143455896992236,20.8994140625,16,16,2048,0.31521900999359787,0.9761,0.08309379351511598,0.31614295905455947,234752,235146,"[0.9928571428571429, 0.9841409691629956, 0.9796511627906976, 0.9722772277227723, 0.9887983706720977, 0.9730941704035875, 0.9843423799582464, 0.9630350194552529, 0.9589322381930184, 0.9633300297324083]","[0.9910625620655412, 0.9736123748862603, 0.9811133200795229, 0.969785575048733, 0.9836065573770492, 0.9710144927536232, 0.9918116683725691, 0.9725490196078431, 0.9479591836734694, 0.9466403162055336]",batch,both
MNIST,small,43,10,all,all,activation_fisher,loss_aware,,0.2,1,0.982,0.9802,0.06862368919253349,0.061829103351058436,183183,0.2209818580796612,182865,0.22102900081788446,0.09143455896992236,20.8994140625,16,16,2048,0.3064958039904013,0.9802,0.061829102668585253,0.3217505509965122,234752,235146,"[0.9928571428571429, 0.9911894273127754, 0.9835271317829457, 0.9752475247524752, 0.9765784114052953, 0.9775784753363229, 0.9801670146137788, 0.97568093385214, 0.973305954825462, 0.9742319127849356]","[0.9900695134061569, 0.986351228389445, 0.9880715705765407, 0.9775828460038987, 0.9846311475409836, 0.9821627647714605, 0.9866939611054247, 0.984313725490196, 0.9673469387755103, 0.9723320158102767]",batch,both
MNIST,small,43,10,all,all,activation_fisher,loss_aware,,0.2,3,0.9828,0.9802,0.06643748055398464,0.0616745990407886,183183,0.2209818580796612,182865,0.22102900081788446,0.09143455896992236,20.8994140625,16,16,2048,0.3182530680205673,0.9802,0.06167460087512154,0.32772718905471265,234752,235146,"[0.9908163265306122, 0.9929515418502203, 0.9796511627906976, 0.9752475247524752, 0.9765784114052953, 0.9809417040358744, 0.9832985386221295, 0.9795719844357976, 0.9691991786447639, 0.9722497522299306]","[0.9880834160873883, 0.9881710646041856, 0.9860834990059643, 0.9805068226120858, 0.9825819672131147, 0.9832775919732442, 0.9918116683725691, 0.9862745098039216, 0.9693877551020408, 0.9713438735177866]",batch,both
MNIST,small,43,10,all,all,activation_fisher,loss_aware,,0.2,5,0.9821,0.9806,0.06631457747519016,0.06141633870159276,183183,0.2209818580796612,182865,0.22102900081788446,0.09143455896992236,20.8994140625,16,16,2048,0.3080844490323216,0.9806,0.061416340895043685,0.31741456408053637,234752,235146,"[0.9908163265306122, 0.9920704845814978, 0.9796511627906976, 0.9762376237623762, 0.9786150712830958, 0.976457399103139, 0.9832985386221295, 0.9785992217898832, 0.9702258726899384, 0.9781962338949455]","[0.9870903674280039, 0.989080982711556, 0.9850894632206759, 0.9805068226120858, 0.9825819672131147, 0.9788182831661093, 0.9856704196519959, 0.9852941176470589, 0.9704081632653061, 0.9752964426877471]",batch,both
MNIST,small,43,10,all,all,activation_fisher,loss_aware,,0.3,0,0.9623,0.964,0.13905051741600036,0.12953730638027192,158500,0.32595068595680976,158220,0.3260121319520175,0.09143455896992236,20.8994140625,16,16,2048,0.3801864419365302,0.964,0.1295373038649559,0.3490892610279843,234752,235146,"[0.9938775510204082, 0.9779735682819384, 0.9728682170542635, 0.9603960396039604, 0.9918533604887984, 0.9674887892376681, 0.9843423799582464, 0.943579766536965, 0.9568788501026694, 0.8919722497522299]","[0.9920556107249255, 0.9690627843494085, 0.9751491053677932, 0.9580896686159844, 0.9907786885245902, 0.959866220735786, 0.9897645854657113, 0.9558823529411765, 0.9387755102040817, 0.8942687747035574]",batch,both
MNIST,small,43,10,all,all,activation_fisher,loss_aware,,0.3,1,0.9802,0.9787,0.07065501997768879,0.06528302251640707,158500,0.32595068595680976,158220,0.3260121319520175,0.09143455896992236,20.8994140625,16,16,2048,0.31538953399285674,0.9787,0.06528302119914442,0.31751616299152374,234752,235146,"[0.9918367346938776, 0.9920704845814978, 0.9786821705426356, 0.9782178217821782, 0.9765784114052953, 0.9730941704035875, 0.9843423799582464, 0.9776264591439688, 0.9650924024640657, 0.9672943508424182]","[0.9880834160873883, 0.9854413102820746, 0.9831013916500994, 0.9805068226120858, 0.9795081967213115, 0.9788182831661093, 0.9877175025588536, 0.9852941176470589, 0.9612244897959183, 0.9713438735177866]",batch,both
MNIST,small,43,10,all,all,activation_fisher,loss_aware,,0.3,3,0.9819,0.9807,0.06609375664442778,0.06453136878861114,158500,0.32595068595680976,158220,0.3260121319520175,0.09143455896992236,20.8994140625,16,16,2048,0.34268557792529464,0.9807,0.06453136992854998,0.3278159749461338,234752,235146,"[0.9928571428571429, 0.9920704845814978, 0.9777131782945736, 0.9811881188118812, 0.9725050916496945, 0.9786995515695067, 0.9843423799582464, 0.9785992217898832, 0.9743326488706365, 0.9732408325074331]","[0.9890764647467726, 0.986351228389445, 0.9840954274353877, 0.9834307992202729, 0.9795081967213115, 0.9821627647714605, 0.9856704196519959, 0.9872549019607844, 0.9673469387755103, 0.9733201581027668]",batch,both
MNIST,small,43,10,all,all,activation_fisher,loss_aware,,0.3,5,0.9825,0.9805,0.06550493519380689,0.06378636961900629,158500,0.32595068595680976,158220,0.3260121319520175,0.09143455896992236,20.8994140625,16,16,2048,0.317684147041291,0.9805,0.06378636907734908,0.32346877199597657,234752,235146,"[0.9928571428571429, 0.9938325991189427, 0.9777131782945736, 0.9831683168316832, 0.9775967413441955, 0.9786995515695067, 0.9843423799582464, 0.9795719844357976, 0.9671457905544147, 0.9682854311199207]","[0.9900695134061569, 0.986351228389445, 0.9850894632206759, 0.9844054580896686, 0.9825819672131147, 0.9810479375696767, 0.9918116683725691, 0.9852941176470589, 0.9663265306122449, 0.9713438735177866]",batch,both
MNIST,small,43,10,all,all,activation_fisher,loss_aware,,0.4,0,0.9412,0.9402,0.2195584520816803,0.2099325074672699,133605,0.43182108137072284,133364,0.4318940839694656,0.09143455896992236,20.8994140625,16,16,2048,0.3179087359458208,0.9402,0.20993252370357512,0.3071208910550922,234752,235146,"[0.9908163265306122, 0.9744493392070485, 0.9680232558139535, 0.9663366336633663, 0.9938900203665988, 0.9596412556053812, 0.9874739039665971, 0.8715953307392996, 0.9507186858316222, 0.7433102081268583]","[0.9900695134061569, 0.9681528662420382, 0.9711729622266402, 0.9668615984405458, 0.9948770491803278, 0.9576365663322185, 0.9918116683725691, 0.8960784313725491, 0.926530612244898, 0.7519762845849802]",batch,both
MNIST,small,43,10,all,all,activation_fisher,loss_aware,,0.4,1,0.9773,0.9774,0.07568265121877193,0.07118552561365069,133605,0.43182108137072284,133364,0.4318940839694656,0.09143455896992236,20.8994140625,16,16,2048,0.30981351900845766,0.9774,0.0711855244513601,0.33210152690298855,234752,235146,"[0.9918367346938776, 0.9903083700440528, 0.9796511627906976, 0.9772277227722772, 0.9755600814663951, 0.9775784753363229, 0.9770354906054279, 0.9717898832684825, 0.9702258726899384, 0.9613478691774033]","[0.9870903674280039, 0.9827115559599636, 0.9821073558648111, 0.9766081871345029, 0.9743852459016393, 0.9788182831661093, 0.984646878198567, 0.9794117647058823, 0.9612244897959183, 0.9654150197628458]",batch,both
MNIST,small,43,10,all,all,activation_fisher,loss_aware,,0.4,3,0.9803,0.9789,0.0699011156708002,0.06718957610893994,133605,0.43182108137072284,133364,0.4318940839694656,0.09143455896992236,20.8994140625,16,16,2048,0.3118470750050619,0.9789,0.06718957577962428,0.3189718590583652,234752,235146,"[0.9928571428571429, 0.9903083700440528, 0.9767441860465116, 0.9782178217821782, 0.9775967413441955, 0.976457399103139, 0.9843423799582464, 0.97568093385214, 0.9702258726899384, 0.9653121902874133]","[0.9870903674280039, 0.9854413102820746, 0.9801192842942346, 0.9824561403508771, 0.9795081967213115, 0.9788182831661093, 0.9877175025588536, 0.9872549019607844, 0.963265306122449, 0.9703557312252964]",batch,both
MNIST,small,43,10,all,all,activation_fisher,loss_aware,,0.4,5,0.9812,0.9793,0.06801676515638828,0.06661257634190842,133605,0.43182108137072284,133364,0.4318940839694656,0.09143455896992236,20.8994140625,16,16,2048,0.3102321799378842,0.9793,0.06661257844297215,0.3233561390079558,234752,235146,"[0.9918367346938776, 0.9911894273127754, 0.9786821705426356, 0.9772277227722772, 0.9775967413441955, 0.9775784753363229, 0.9853862212943633, 0.9766536964980544, 0.9691991786447639, 0.9663032705649157]","[0.9880834160873883, 0.986351228389445, 0.9831013916500994, 0.9775828460038987, 0.9805327868852459, 0.9832775919732442, 0.9907881269191402, 0.9862745098039216, 0.9673469387755103, 0.9683794466403162]",batch,both
MNIST,small,43,10,all,all,activation_fisher,loss_aware,,0.5,0,0.8806,0.8844,0.37107486662864686,0.36745330634117124,109386,0.5348166670919343,109184,0.534896401308615,0.09143455896992236,20.8994140625,16,16,2048,0.31083680992014706,0.8844,0.3674533145904541,0.3268238368909806,234752,235146,"[0.9826530612244898, 0.9039647577092511, 0.9738372093023255, 0.9287128712871288, 0.9938900203665988, 0.9372197309417041, 0.9822546972860126, 0.8171206225680934, 0.9322381930184805, 0.40733399405351833]","[0.9811320754716981, 0.8798908098271155, 0.9811133200795229, 0.9239766081871345, 0.9918032786885246, 0.927536231884058, 0.9918116683725691, 0.842156862745098, 0.9132653061224489, 0.3883399209486166]",batch,both
MNIST,small,43,10,all,all,activation_fisher,loss_aware,,0.5,1,0.9752,0.9755,0.08872324177026748,0.08522870122492314,109386,0.5348166670919343,109184,0.534896401308615,0.09143455896992236,20.8994140625,16,16,2048,0.32167515996843576,0.9755,0.08522869947403669,0.3205199670046568,234752,235146,"[0.9918367346938776, 0.9920704845814978, 0.9718992248062015, 0.9762376237623762, 0.9725050916496945, 0.9753363228699552, 0.9780793319415448, 0.9669260700389105, 0.9671457905544147, 0.9613478691774033]","[0.9860973187686196, 0.9845313921747043, 0.9761431411530815, 0.9707602339181286, 0.9754098360655737, 0.9732441471571907, 0.9856704196519959, 0.9745098039215686, 0.960204081632653, 0.9644268774703557]",batch,both
MNIST,small,43,10,all,all,activation_fisher,loss_aware,,0.5,3,0.9779,0.9772,0.0769787915930152,0.07455063020065426,109386,0.5348166670919343,109184,0.534896401308615,0.09143455896992236,20.8994140625,16,16,2048,0.32427405402995646,0.9772,0.074550630415231,0.3400503029115498,234752,235146,"[0.9938775510204082, 0.9894273127753304, 0.9738372093023255, 0.9752475247524752, 0.9725050916496945, 0.9775784753363229, 0.9832985386221295, 0.9747081712062257, 0.9671457905544147, 0.9633300297324083]","[0.9860973187686196, 0.986351228389445, 0.9761431411530815, 0.9746588693957114, 0.9754098360655737, 0.9765886287625418, 0.9866939611054247, 0.9823529411764705, 0.9653061224489796, 0.9683794466403162]",batch,both
MNIST,small,43,10,all,all,activation_fisher,loss_aware,,0.5,5,0.9797,0.9779,0.07265156199187041,0.07138504721075296,109386,0.5348166670919343,109184,0.534896401308615,0.09143455896992236,20.8994140625,16,16,2048,0.3423183250706643,0.9779,0.07138504749983549,0.334513490088284,234752,235146,"[0.9928571428571429, 0.9894273127753304, 0.9767441860465116, 0.9732673267326732, 0.9765784114052953, 0.9775784753363229, 0.9843423799582464, 0.9747081712062257, 0.9681724845995893, 0.9643211100099108]","[0.9851042701092354, 0.9854413102820746, 0.9840954274353877, 0.9746588693957114, 0.9784836065573771, 0.9821627647714605, 0.9877175025588536, 0.9833333333333333, 0.9642857142857143, 0.9713438735177866]",batch,both
MNIST,small,43,10,all,all,activation_fisher,loss_aware,,0.7,0,0.737,0.7469,0.9238737287521362,0.9080804878234864,63887,0.728309220654402,63761,0.7283899604689203,0.09143455896992236,20.8994140625,16,16,2048,0.3142890630988404,0.7469,0.9080804900169372,0.35615016403608024,234752,235146,"[0.7755102040816326, 0.73215859030837, 0.9709302325581395, 0.7564356435643564, 0.9887983706720977, 0.6580717488789237, 0.9780793319415448, 0.49416342412451364, 0.917864476386037, 0.2130822596630327]","[0.7765640516385303, 0.7070063694267515, 0.963220675944334, 0.7709551656920078, 0.9907786885245902, 0.633221850613155, 0.9897645854657113, 0.4666666666666667, 0.8928571428571429, 0.1956521739130435]",batch,both
MNIST,small,43,10,all,all,activation_fisher,loss_aware,,0.7,1,0.9535,0.9556,0.18640430072546005,0.17665508900880814,63887,0.728309220654402,63761,0.7283899604689203,0.09143455896992236,20.8994140625,16,16,2048,0.35846045799553394,0.9556,0.17665508544445038,0.33685270696878433,234752,235146,"[0.9857142857142858, 0.986784140969163, 0.9544573643410853, 0.9574257425742574, 0.9582484725050916, 0.9360986547085202, 0.964509394572025, 0.9231517509727627, 0.9486652977412731, 0.9365708622398414]","[0.9731876861966237, 0.9763421292083713, 0.9473161033797217, 0.949317738791423, 0.9620901639344263, 0.9286510590858417, 0.9785056294779939, 0.9431372549019608, 0.9336734693877551, 0.9387351778656127]",batch,both
MNIST,small,43,10,all,all,activation_fisher,loss_aware,,0.7,3,0.9642,0.9652,0.1284745997607708,0.1217440049648285,63887,0.728309220654402,63761,0.7283899604689203,0.09143455896992236,20.8994140625,16,16,2048,0.31621628103312105,0.9652,0.12174400341808796,0.32486590393818915,234752,235146,"[0.9877551020408163, 0.9885462555066079, 0.9573643410852714, 0.9584158415841584, 0.9643584521384929, 0.9618834080717489, 0.9780793319415448, 0.9503891050583657, 0.9609856262833676, 0.9425173439048563]","[0.9791459781529295, 0.9790718835304822, 0.9572564612326043, 0.9532163742690059, 0.9723360655737705, 0.9609810479375697, 0.984646878198567, 0.961764705882353, 0.9469387755102041, 0.9456521739130435]",batch,both
MNIST,small,43,10,all,all,activation_fisher,loss_aware,,0.7,5,0.9677,0.9688,0.11220273056030274,0.10644659633934497,63887,0.728309220654402,63761,0.7283899604689203,0.09143455896992236,20.8994140625,16,16,2048,0.31246990500949323,0.9688,0.10644659510552883,0.3187631929758936,234752,235146,"[0.9918367346938776, 0.9894273127753304, 0.9602713178294574, 0.9653465346534653, 0.9674134419551935, 0.9652466367713004, 0.9801670146137788, 0.958171206225681, 0.9620123203285421, 0.9464816650148662]","[0.9811320754716981, 0.9808917197452229, 0.9582504970178927, 0.9590643274853801, 0.9733606557377049, 0.9609810479375697, 0.9856704196519959, 0.9735294117647059, 0.9530612244897959, 0.9496047430830039]",batch,both
MNIST,small,43,10,a1,layerwise,activation_fisher,loss_aware,,0.05,0,0.9783,0.9791,0.08037067143023013,0.07062258037028368,224190,0.04659232987165418,223808,0.04661941112322787,0.09143455896992236,20.8994140625,16,16,2048,0.35910141200292856,0.9791,0.07062258232978638,0.32276790402829647,234752,235146,"[0.9908163265306122, 0.9911894273127754, 0.9777131782945736, 0.9752475247524752, 0.9857433808553971, 0.9798206278026906, 0.9843423799582464, 0.9698443579766537, 0.9671457905544147, 0.9682854311199207]","[0.9900695134061569, 0.9854413102820746, 0.9811133200795229, 0.9717348927875243, 0.9836065573770492, 0.9810479375696767, 0.9887410440122825, 0.9803921568627451, 0.9581632653061225, 0.9624505928853755]",batch,both
MNIST,small,43,10,a1,layerwise,activation_fisher,loss_aware,,0.05,1,0.9822,0.9809,0.0671680526137352,0.06303273496681358,224190,0.04659232987165418,223808,0.04661941112322787,0.09143455896992236,20.8994140625,16,16,2048,0.312998661887832,0.9809,0.0630327371446183,0.3236740459688008,234752,235146,"[0.9908163265306122, 0.9947136563876652, 0.9767441860465116, 0.9762376237623762, 0.9826883910386965, 0.984304932735426, 0.9822546972860126, 0.9766536964980544, 0.9702258726899384, 0.9732408325074331]","[0.9890764647467726, 0.9872611464968153, 0.9821073558648111, 0.9785575048732943, 0.985655737704918, 0.9855072463768116, 0.9866939611054247, 0.9862745098039216, 0.9683673469387755, 0.9723320158102767]",batch,both
MNIST,small,43,10,a1,layerwise,activation_fisher,loss_aware,,0.05,3,0.983,0.9817,0.06714760538954288,0.06295391302258067,224190,0.04659232987165418,223808,0.04661941112322787,0.09143455896992236,20.8994140625,16,16,2048,0.3377401930047199,0.9817,0.06295391208976799,0.3197183220181614,234752,235146,"[0.9908163265306122, 0.9929515418502203, 0.9825581395348837, 0.9772277227722772, 0.9775967413441955, 0.9854260089686099, 0.9812108559498957, 0.9785992217898832, 0.9722792607802875, 0.977205153617443]","[0.9860973187686196, 0.9872611464968153, 0.9870775347912525, 0.9785575048732943, 0.9825819672131147, 0.9866220735785953, 0.9856704196519959, 0.9852941176470589, 0.9714285714285714, 0.9792490118577075]",batch,both
MNIST,small,43,10,a1,layerwise,activation_fisher,loss_aware,,0.05,5,0.9824,0.9818,0.06876561803296208,0.0645674007293448,224190,0.04659232987165418,223808,0.04661941112322787,0.09143455896992236,20.8994140625,16,16,2048,0.3129141560057178,0.9818,0.06456740063248725,0.33481458900496364,234752,235146,"[0.9908163265306122, 0.9929515418502203, 0.9806201550387597, 0.9811881188118812, 0.9796334012219959, 0.9854260089686099, 0.9843423799582464, 0.9815175097276264, 0.9681724845995893, 0.9722497522299306]","[0.9890764647467726, 0.989080982711556, 0.9850894632206759, 0.9775828460038987, 0.985655737704918, 0.9855072463768116, 0.9856704196519959, 0.9852941176470589, 0.9693877551020408, 0.9713438735177866]",batch,both
MNIST,small,43,10,a1,layerwise,activation_fisher,loss_aware,,0.1,0,0.9783,0.9788,0.08160618849992753,0.07142528809381184,212321,0.09706735389927956,211952,0.09712377317339149,0.09143455896992236,20.8994140625,16,16,2048,0.3184600370004773,0.9788,0.07142528829944786,0.3458277080208063,234752,235146,"[0.9908163265306122, 0.9885462555066079, 0.9777131782945736, 0.9752475247524752, 0.9857433808553971, 0.9798206278026906, 0.9853862212943633, 0.9688715953307393, 0.9661190965092402, 0.9692765113974232]","[0.9900695134061569, 0.9845313921747043, 0.9811133200795229, 0.9727095516569201, 0.9836065573770492, 0.9810479375696767, 0.9907881269191402, 0.9794117647058823, 0.9591836734693877, 0.9604743083003953]",batch,both
MNIST,small,43,10,a1,layerwise,activation_fisher,loss_aware,,0.1,1,0.9821,0.9813,0.06840439794138074,0.0623623648273875,212321,0.09706735389927956,211952,0.09712377317339149,0.09143455896992236,20.8994140625,16,16,2048,0.30458182597067207,0.9813,0.06236236448205309,0.3073781739221886,234752,235146,"[0.9908163265306122, 0.9947136563876652, 0.9796511627906976, 0.9782178217821782, 0.9786150712830958, 0.9831838565022422, 0.9843423799582464, 0.9795719844357976, 0.9691991786447639, 0.9732408325074331]","[0.9890764647467726, 0.9872611464968153, 0.9840954274353877, 0.9766081871345029, 0.9836065573770492, 0.9866220735785953, 0.9856704196519959, 0.9872549019607844, 0.9683673469387755, 0.9723320158102767]",batch,both
MNIST,small,43,10,a1,layerwise,activation_fisher,loss_aware,,0.1,3,0.9836,0.9811,0.06716653013825416,0.06327478323907126,212321,0.09706735389927956,211952,0.09712377317339149,0.09143455896992236,20.8994140625,16,16,2048,0.3313479949720204,0.9811,0.06327478377309162,0.320974228088744,234752,235146,"[0.9918367346938776, 0.9920704845814978, 0.9806201550387597, 0.9841584158415841, 0.9775967413441955, 0.9786995515695067, 0.9843423799582464, 0.9766536964980544, 0.9691991786447639, 0.9742319127849356]","[0.9920556107249255, 0.9881710646041856, 0.9850894632206759, 0.9824561403508771, 0.9836065573770492, 0.9821627647714605, 0.9877175025588536, 0.9862745098039216, 0.9683673469387755, 0.9792490118577075]",batch,both
MNIST,small,43,10,a1,layerwise,activation_fisher,loss_aware,,0.1,5,0.9823,0.9809,0.0684200649112463,0.06443946797365788,212321,0.09706735389927956,211952,0.09712377317339149,0.09143455896992236,20.8994140625,16,16,2048,0.3140688850544393,0.9809,0.06443946932221298,0.3166092230239883,234752,235146,"[0.9908163265306122, 0.9920704845814978, 0.9815891472868217, 0.9831683168316832, 0.9806517311608961, 0.9798206278026906, 0.9780793319415448, 0.97568093385214, 0.971252566735113, 0.9742319127849356]","[0.9880834160873883, 0.9881710646041856, 0.9860834990059643, 0.97953216374269, 0.985655737704918, 0.9821627647714605, 0.984646878198567, 0.984313725490196, 0.9663265306122449, 0.9772727272727273]",batch,both
MNIST,small,43,10,a1,layerwise,activation_fisher,loss_aware,,0.2,0,0.9753,0.9777,0.08713090877830983,0.07571725290250034,188583,0.19801740195453033,188240,0.19813249727371862,0.09143455896992236,20.8994140625,16,16,2048,0.32733821601141244,0.9777,0.07571724861692637,0.33036578295286745,234752,235146,"[0.9918367346938776, 0.9876651982378855, 0.9757751937984496, 0.9752475247524752, 0.9826883910386965, 0.9775784753363229, 0.9843423799582464, 0.9698443579766537, 0.9630390143737166, 0.9682854311199207]","[0.9900695134061569, 0.9772520473157416, 0.9791252485089463, 0.969785575048733, 0.9795081967213115, 0.9754738015607581, 0.9907881269191402, 0.9784313725490196, 0.9520408163265306, 0.9604743083003953]",batch,both
MNIST,small,43,10,a1,layerwise,activation_fisher,loss_aware,,0.2,1,0.9818,0.9805,0.07013308571130038,0.06314337311685085,188583,0.19801740195453033,188240,0.19813249727371862,0.09143455896992236,20.8994140625,16,16,2048,0.31157927098684013,0.9805,0.06314337194189429,0.3284399019321427,234752,235146,"[0.9928571428571429, 0.9929515418502203, 0.9748062015503876, 0.9792079207920792, 0.9765784114052953, 0.9820627802690582, 0.9801670146137788, 0.9766536964980544, 0.9722792607802875, 0.9762140733399405]","[0.9890764647467726, 0.9881710646041856, 0.9840954274353877, 0.9844054580896686, 0.9805327868852459, 0.9821627647714605, 0.9836233367451381, 0.9852941176470589, 0.9642857142857143, 0.9752964426877471]",batch,both
MNIST,small,43,10,a1,layerwise,activation_fisher,loss_aware,,0.2,3,0.9822,0.9808,0.06823782562911511,0.06255698567772051,188583,0.19801740195453033,188240,0.19813249727371862,0.09143455896992236,20.8994140625,16,16,2048,0.3136817809427157,0.9808,0.06255698734888573,0.3294958589831367,234752,235146,"[0.9928571428571429, 0.9920704845814978, 0.9786821705426356, 0.9772277227722772, 0.9796334012219959, 0.9831838565022422, 0.9822546972860126, 0.97568093385214, 0.9702258726899384, 0.9752229930624381]","[0.9870903674280039, 0.9881710646041856, 0.9870775347912525, 0.9805068226120858, 0.9805327868852459, 0.9821627647714605, 0.9866939611054247, 0.9833333333333333, 0.9693877551020408, 0.9762845849802372]",batch,both
MNIST,small,43,10,a1,layerwise,activation_fisher,loss_aware,,0.2,5,0.9826,0.9816,0.06768900821693241,0.06068789189575473,188583,0.19801740195453033,188240,0.19813249727371862,0.09143455896992236,20.8994140625,16,16,2048,0.3072889759205282,0.9816,0.060687890035717285,0.3179751440184191,234752,235146,"[0.9918367346938776, 0.9920704845814978, 0.9815891472868217, 0.9772277227722772, 0.9775967413441955, 0.984304932735426, 0.9832985386221295, 0.9795719844357976, 0.9702258726899384, 0.977205153617443]","[0.9880834160873883, 0.9872611464968153, 0.9870775347912525, 0.9805068226120858, 0.9805327868852459, 0.9843924191750278, 0.9866939611054247, 0.9833333333333333, 0.9693877551020408, 0.9782608695652174]",batch,both
MNIST,small,43,10,a1,layerwise,activation_fisher,loss_aware,,0.3,0,0.9725,0.9735,0.0961918289899826,0.08806944254413247,165758,0.29508475585381,165440,0.2952562704471101,0.09143455896992236,20.8994140625,16,16,2048,0.3116212959866971,0.9735,0.08806944343820214,0.3333480670116842,234752,235146,"[0.9908163265306122, 0.9823788546255506, 0.9699612403100775, 0.9712871287128713, 0.9816700610997964, 0.976457399103139, 0.9843423799582464, 0.9542801556420234, 0.9609856262833676, 0.9633300297324083]","[0.9890764647467726, 0.9745222929936306, 0.9731610337972167, 0.969785575048733, 0.9825819672131147, 0.9721293199554069, 0.9877175025588536, 0.9715686274509804, 0.95, 0.9545454545454546]",batch,both
MNIST,small,43,10,a1,layerwise,activation_fisher,loss_aware,,0.3,1,0.9812,0.9795,0.06964519745111465,0.06546053979764692,165758,0.29508475585381,165440,0.2952562704471101,0.09143455896992236,20.8994140625,16,16,2048,0.3152409520698711,0.9795,0.06546053956295364,0.331251937081106,234752,235146,"[0.9918367346938776, 0.9911894273127754, 0.9777131782945736, 0.9772277227722772, 0.9786150712830958, 0.9775784753363229, 0.9853862212943633, 0.9795719844357976, 0.9722792607802875, 0.9623389494549058]","[0.9890764647467726, 0.9854413102820746, 0.9860834990059643, 0.9785575048732943, 0.9846311475409836, 0.9810479375696767, 0.984646878198567, 0.9852941176470589, 0.9663265306122449, 0.9703557312252964]",batch,both
MNIST,small,43,10,a1,layerwise,activation_fisher,loss_aware,,0.3,3,0.9814,0.9805,0.06814210784621537,0.06569678045138716,165758,0.29508475585381,165440,0.2952562704471101,0.09143455896992236,20.8994140625,16,16,2048,0.3094640529016033,0.9805,0.06569677786156534,0.32047589193098247,234752,235146,"[0.9928571428571429, 0.9929515418502203, 0.9806201550387597, 0.9762376237623762, 0.9755600814663951, 0.9831838565022422, 0.9853862212943633, 0.9815175097276264, 0.9722792607802875, 0.9633300297324083]","[0.9870903674280039, 0.9872611464968153, 0.9860834990059643, 0.97953216374269, 0.9795081967213115, 0.9832775919732442, 0.9897645854657113, 0.9852941176470589, 0.963265306122449, 0.9723320158102767]",batch,both
MNIST,small,43,10,a1,layerwise,activation_fisher,loss_aware,,0.3,5,0.9822,0.981,0.06640958852171898,0.06479496152724605,165758,0.29508475585381,165440,0.2952562704471101,0.09143455896992236,20.8994140625,16,16,2048,0.31509011099115014,0.981,0.06479496146093588,0.31717075302731246,234752,235146,"[0.9928571428571429, 0.9920704845814978, 0.9806201550387597, 0.9782178217821782, 0.9786150712830958, 0.9798206278026906, 0.9812108559498957, 0.9795719844357976, 0.9722792607802875, 0.9732408325074331]","[0.9890764647467726, 0.986351228389445, 0.9850894632206759, 0.9805068226120858, 0.9825819672131147, 0.9821627647714605, 0.9856704196519959, 0.9852941176470589, 0.9683673469387755, 0.9762845849802372]",batch,both
MNIST,small,43,10,a1,layerwise,activation_fisher,loss_aware,,0.4,0,0.9682,0.9691,0.11033435842990875,0.1045278130799532,142020,0.39603480390906076,141728,0.39626499454743724,0.09143455896992236,20.8994140625,16,16,2048,0.3346972840372473,0.9691,0.10452781772017479,0.3327611420536414,234752,235146,"[0.9887755102040816, 0.9779735682819384, 0.9670542635658915, 0.9693069306930693, 0.9867617107942973, 0.9742152466367713, 0.9843423799582464, 0.9299610894941635, 0.9630390143737166, 0.9514370664023786]","[0.9860973187686196, 0.9754322111010009, 0.9681908548707754, 0.9639376218323586, 0.9846311475409836, 0.9754738015607581, 0.9887410440122825, 0.9470588235294117, 0.9489795918367347, 0.9446640316205533]",batch,both
MNIST,small,43,10,a1,layerwise,activation_fisher,loss_aware,,0.4,1,0.9789,0.9785,0.07246559436023235,0.06954705702215433,142020,0.39603480390906076,141728,0.39626499454743724,0.09143455896992236,20.8994140625,16,16,2048,0.30707207694649696,0.9785,0.06954705851227046,0.31276068300940096,234752,235146,"[0.9918367346938776, 0.9911894273127754, 0.9738372093023255, 0.9762376237623762, 0.9796334012219959, 0.9809417040358744, 0.9801670146137788, 0.9727626459143969, 0.971252566735113, 0.9663032705649157]","[0.9890764647467726, 0.9836214740673339, 0.9801192842942346, 0.9756335282651072, 0.9795081967213115, 0.9810479375696767, 0.984646878198567, 0.984313725490196, 0.960204081632653, 0.9703557312252964]",batch,both
MNIST,small,43,10,a1,layerwise,activation_fisher,loss_aware,,0.4,3,0.9808,0.9789,0.06871141494810581,0.0674882124508964,142020,0.39603480390906076,141728,0.39626499454743724,0.09143455896992236,20.8994140625,16,16,2048,0.3117347239749506,0.9789,0.06748821196511853,0.312261498067528,234752,235146,"[0.9928571428571429, 0.9911894273127754, 0.9757751937984496, 0.9792079207920792, 0.9786150712830958, 0.9775784753363229, 0.9832985386221295, 0.9737354085603113, 0.9691991786447639, 0.9663032705649157]","[0.9910625620655412, 0.9881710646041856, 0.9831013916500994, 0.9805068226120858, 0.9805327868852459, 0.9832775919732442, 0.9866939611054247, 0.9833333333333333, 0.9622448979591837, 0.9683794466403162]",batch,both
MNIST,small,43,10,a1,layerwise,activation_fisher,loss_aware,,0.4,5,0.9807,0.98,0.06911255339980125,0.06683712607594207,142020,0.39603480390906076,141728,0.39626499454743724,0.09143455896992236,20.8994140625,16,16,2048,0.31245127599686384,0.98,0.06683712663920596,0.3092269740300253,234752,235146,"[0.9928571428571429, 0.9911894273127754, 0.9777131782945736, 0.9772277227722772, 0.9775967413441955, 0.9809417040358744, 0.9832985386221295, 0.9766536964980544, 0.9702258726899384, 0.9712586719524281]","[0.9890764647467726, 0.9872611464968153, 0.9821073558648111, 0.9766081871345029, 0.9784836065573771, 0.9832775919732442, 0.9866939611054247, 0.9852941176470589, 0.9642857142857143, 0.9733201581027668]",batch,both
MNIST,small,43,10,a1,layerwise,activation_fisher,loss_aware,,0.5,0,0.9648,0.9659,0.12693524630069733,0.12062558233141898,118282,0.4969848519643115,118016,0.4972737186477645,0.09143455896992236,20.8994140625,16,16,2048,0.3256989869987592,0.9659,0.12062558502554893,0.309539380017668,234752,235146,"[0.9897959183673469, 0.9762114537444934, 0.9728682170542635, 0.9594059405940594, 0.9826883910386965, 0.9630044843049327, 0.9843423799582464, 0.9348249027237354, 0.9558521560574949, 0.9405351833498513]","[0.9910625620655412, 0.9699727024567789, 0.9731610337972167, 0.9600389863547758, 0.9795081967213115, 0.9576365663322185, 0.9907881269191402, 0.9431372549019608, 0.9448979591836735, 0.9377470355731226]",batch,both
MNIST,small,43,10,a1,layerwise,activation_fisher,loss_aware,,0.5,1,0.9784,0.9772,0.07466230424046516,0.07208336791135371,118282,0.4969848519643115,118016,0.4972737186477645,0.09143455896992236,20.8994140625,16,16,2048,0.3106190769467503,0.9772,0.07208336784429849,0.32493128697387874,234752,235146,"[0.9918367346938776, 0.9903083700440528, 0.9748062015503876, 0.9742574257425742, 0.9735234215885947, 0.9820627802690582, 0.9801670146137788, 0.97568093385214, 0.9661190965092402, 0.9623389494549058]","[0.9920556107249255, 0.9818016378525932, 0.9811133200795229, 0.9766081871345029, 0.9784836065573771, 0.9788182831661093, 0.9805527123848515, 0.9833333333333333, 0.963265306122449, 0.967391304347826]",batch,both
MNIST,small,43,10,a1,layerwise,activation_fisher,loss_aware,,0.5,3,0.9812,0.9797,0.06853544311895966,0.06862386669833213,118282,0.4969848519643115,118016,0.4972737186477645,0.09143455896992236,20.8994140625,16,16,2048,0.313666341942735,0.9797,0.06862386738378555,0.31027464009821415,234752,235146,"[0.9928571428571429, 0.9903083700440528, 0.9777131782945736, 0.9722772277227723, 0.9796334012219959, 0.984304932735426, 0.9853862212943633, 0.9795719844357976, 0.971252566735113, 0.9633300297324083]","[0.9890764647467726, 0.9845313921747043, 0.9831013916500994, 0.9756335282651072, 0.9795081967213115, 0.9866220735785953, 0.9897645854657113, 0.984313725490196, 0.9714285714285714, 0.9683794466403162]",batch,both
MNIST,small,43,10,a1,layerwise,activation_fisher,loss_aware,,0.5,5,0.9805,0.9792,0.06831404347084463,0.06826498005837202,118282,0.4969848519643115,118016,0.4972737186477645,0.09143455896992236,20.8994140625,16,16,2048,0.3852688850602135,0.9792,0.0682649806343019,0.315112660988234,234752,235146,"[0.9928571428571429, 0.9885462555066079, 0.9786821705426356, 0.9772277227722772, 0.9796334012219959, 0.9775784753363229, 0.9853862212943633, 0.9785992217898832, 0.9691991786447639, 0.9633300297324083]","[0.9880834160873883, 0.9872611464968153, 0.9840954274353877, 0.9775828460038987, 0.9784836065573771, 0.9821627647714605, 0.9877175025588536, 0.9852941176470589, 0.963265306122449, 0.9703557312252964]",batch,both
MNIST,small,43,10,a1,layerwise,activation_fisher,loss_aware,,0.7,0,0.9125,0.9116,0.32200655150413515,0.3058518738269806,71719,0.6950022539188419,71504,0.6954062159214831,0.09143455896992236,20.8994140625,16,16,2048,0.31917771592270583,0.9116,0.30585188415050507,0.31961527094244957,234752,235146,"[0.9122448979591836, 0.8889867841409692, 0.9593023255813954, 0.9277227722772278, 0.9653767820773931, 0.9540358744394619, 0.9822546972860126, 0.7120622568093385, 0.9455852156057495, 0.8850346878097126]","[0.9205561072492552, 0.8735213830755232, 0.9552683896620279, 0.9366471734892787, 0.9672131147540983, 0.9386845039018952, 0.9887410440122825, 0.7450980392156863, 0.926530612244898, 0.8853754940711462]",batch,both
MNIST,small,43,10,a1,layerwise,activation_fisher,loss_aware,,0.7,1,0.9675,0.9695,0.11147568075656891,0.10524253645092249,71719,0.6950022539188419,71504,0.6954062159214831,0.09143455896992236,20.8994140625,16,16,2048,0.31651498400606215,0.9695,0.10524253653436899,0.31503907102160156,234752,235146,"[0.9887755102040816, 0.9903083700440528, 0.9583333333333334, 0.9673267326732673, 0.9725050916496945, 0.9674887892376681, 0.9780793319415448, 0.9562256809338522, 0.9661190965092402, 0.9484638255698712]","[0.9801390268123138, 0.9808917197452229, 0.9652087475149106, 0.9658869395711501, 0.9795081967213115, 0.9632107023411371, 0.9856704196519959, 0.9607843137254902, 0.9459183673469388, 0.9466403162055336]",batch,both
MNIST,small,43,10,a1,layerwise,activation_fisher,loss_aware,,0.7,3,0.9725,0.9737,0.09377990924715995,0.09012815630100668,71719,0.6950022539188419,71504,0.6954062159214831,0.09143455896992236,20.8994140625,16,16,2048,0.31346049800049514,0.9737,0.09012815604172647,0.3237524119904265,234752,235146,"[0.9918367346938776, 0.9885462555066079, 0.9728682170542635, 0.9702970297029703, 0.9765784114052953, 0.9753363228699552, 0.9791231732776617, 0.9678988326848249, 0.9640657084188912, 0.9494549058473737]","[0.9841112214498511, 0.9808917197452229, 0.9721669980119284, 0.9707602339181286, 0.9774590163934426, 0.9721293199554069, 0.984646878198567, 0.9745098039215686, 0.9540816326530612, 0.9535573122529645]",batch,both
MNIST,small,43,10,a1,layerwise,activation_fisher,loss_aware,,0.7,5,0.9736,0.9737,0.08982748839259147,0.08664332083910703,71719,0.6950022539188419,71504,0.6954062159214831,0.09143455896992236,20.8994140625,16,16,2048,0.31461834791116416,0.9737,0.08664332060441375,0.3187890170374885,234752,235146,"[0.9918367346938776, 0.9903083700440528, 0.9660852713178295, 0.9742574257425742, 0.9745417515274949, 0.9753363228699552, 0.9780793319415448, 0.9678988326848249, 0.9609856262833676, 0.956392467789891]","[0.9880834160873883, 0.9827115559599636, 0.9721669980119284, 0.9736842105263158, 0.9754098360655737, 0.9765886287625418, 0.984646878198567, 0.9794117647058823, 0.9510204081632653, 0.9515810276679841]",batch,both
MNIST,small,43,10,a2,layerwise,activation_fisher,loss_aware,,0.05,0,0.9785,0.9789,0.08028998892605305,0.07071383183717261,233544,0.006812788650455426,233156,0.006798664122137366,0.09143455896992236,20.8994140625,16,16,2048,0.32241840404458344,0.9789,0.0707138315585209,0.3170618889853358,234752,235146,"[0.9908163265306122, 0.9911894273127754, 0.9777131782945736, 0.9752475247524752, 0.9857433808553971, 0.9798206278026906, 0.9843423799582464, 0.9708171206225681, 0.9671457905544147, 0.9653121902874133]","[0.9910625620655412, 0.9854413102820746, 0.9811133200795229, 0.9746588693957114, 0.9846311475409836, 0.9788182831661093, 0.9907881269191402, 0.9803921568627451, 0.9591836734693877, 0.958498023715415]",batch,both
MNIST,small,43,10,a2,layerwise,activation_fisher,loss_aware,,0.05,1,0.9831,0.9811,0.06652066931314767,0.062293145936517975,233544,0.006812788650455426,233156,0.006798664122137366,0.09143455896992236,20.8994140625,16,16,2048,0.3100064240861684,0.9811,0.06229314458796289,0.33026063593570143,234752,235146,"[0.9908163265306122, 0.9938325991189427, 0.9825581395348837, 0.9782178217821782, 0.9816700610997964, 0.9809417040358744, 0.9832985386221295, 0.9776264591439688, 0.9702258726899384, 0.9702675916749257]","[0.9880834160873883, 0.989080982711556, 0.9860834990059643, 0.97953216374269, 0.985655737704918, 0.9810479375696767, 0.9877175025588536, 0.9862745098039216, 0.9714285714285714, 0.9752964426877471]",batch,both
MNIST,small,43,10,a2,layerwise,activation_fisher,loss_aware,,0.05,3,0.9821,0.9818,0.06660131656266749,0.061377851748431564,233544,0.006812788650455426,233156,0.006798664122137366,0.09143455896992236,20.8994140625,16,16,2048,0.3106328849680722,0.9818,0.061377851180324794,0.3297107780817896,234752,235146,"[0.9918367346938776, 0.9920704845814978, 0.9825581395348837, 0.9782178217821782, 0.9806517311608961, 0.984304932735426, 0.9822546972860126, 0.9776264591439688, 0.9702258726899384, 0.977205153617443]","[0.9870903674280039, 0.986351228389445, 0.9860834990059643, 0.9775828460038987, 0.9836065573770492, 0.9832775919732442, 0.9856704196519959, 0.9862745098039216, 0.9693877551020408, 0.9752964426877471]",batch,both
MNIST,small,43,10,a2,layerwise,activation_fisher,loss_aware,,0.05,5,0.9829,0.982,0.06546773724257945,0.062424766535888195,233544,0.006812788650455426,233156,0.006798664122137366,0.09143455896992236,20.8994140625,16,16,2048,0.30578742106445134,0.982,0.0624247663704853,0.32784386503044516,234752,235146,"[0.9908163265306122, 0.9929515418502203, 0.9815891472868217, 0.9792079207920792, 0.9816700610997964, 0.984304932735426, 0.9801670146137788, 0.9766536964980544, 0.973305954825462, 0.9781962338949455]","[0.9900695134061569, 0.9881710646041856, 0.9831013916500994, 0.9805068226120858, 0.9846311475409836, 0.9843924191750278, 0.9836233367451381, 0.9852941176470589, 0.9724489795918367, 0.9762845849802372]",batch,both
MNIST,small,43,10,a2,layerwise,activation_fisher,loss_aware,,0.1,0,0.9778,0.9786,0.08129032473862172,0.0713620217110496,231942,0.013625577300910963,231560,0.013597328244274842,0.09143455896992236,20.8994140625,16,16,2048,0.32207727897912264,0.9786,0.07136202207314782,0.31605369900353253,234752,235146,"[0.9918367346938776, 0.9920704845814978, 0.9786821705426356, 0.9722772277227723, 0.9857433808553971, 0.9798206278026906, 0.9853862212943633, 0.9669260700389105, 0.9640657084188912, 0.9682854311199207]","[0.9930486593843099, 0.9854413102820746, 0.9811133200795229, 0.9688109161793372, 0.9846311475409836, 0.9777034559643255, 0.9907881269191402, 0.9803921568627451, 0.9540816326530612, 0.9614624505928854]",batch,both
MNIST,small,43,10,a2,layerwise,activation_fisher,loss_aware,,0.1,1,0.9824,0.9811,0.06621238787770271,0.06203425715060439,231942,0.013625577300910963,231560,0.013597328244274842,0.09143455896992236,20.8994140625,16,16,2048,0.31067753804381937,0.9811,0.06203425775428768,0.3360697370953858,234752,235146,"[0.9908163265306122, 0.9911894273127754, 0.9796511627906976, 0.9811881188118812, 0.9796334012219959, 0.9775784753363229, 0.9822546972860126, 0.9795719844357976, 0.971252566735113, 0.9762140733399405]","[0.9890764647467726, 0.9872611464968153, 0.9850894632206759, 0.9844054580896686, 0.9836065573770492, 0.979933110367893, 0.9866939611054247, 0.9852941176470589, 0.9693877551020408, 0.9723320158102767]",batch,both
MNIST,small,43,10,a2,layerwise,activation_fisher,loss_aware,,0.1,3,0.983,0.9818,0.06662618692070246,0.06244794869471807,231942,0.013625577300910963,231560,0.013597328244274842,0.09143455896992236,20.8994140625,16,16,2048,0.31021158199291676,0.9818,0.06244794858593959,0.3205866910284385,234752,235146,"[0.9908163265306122, 0.9929515418502203, 0.9825581395348837, 0.9782178217821782, 0.9806517311608961, 0.9820627802690582, 0.9822546972860126, 0.9785992217898832, 0.971252566735113, 0.977205153617443]","[0.9870903674280039, 0.9881710646041856, 0.9860834990059643, 0.9824561403508771, 0.985655737704918, 0.9843924191750278, 0.9877175025588536, 0.9852941176470589, 0.9693877551020408, 0.9733201581027668]",batch,both
MNIST,small,43,10,a2,layerwise,activation_fisher,loss_aware,,0.1,5,0.9822,0.9814,0.06851866815984249,0.06235971234926546,231942,0.013625577300910963,231560,0.013597328244274842,0.09143455896992236,20.8994140625,16,16,2048,0.33796268701553345,0.9814,0.0623597113538679,0.31386312399990857,234752,235146,"[0.9908163265306122, 0.9929515418502203, 0.9844961240310077, 0.9782178217821782, 0.9806517311608961, 0.9809417040358744, 0.9843423799582464, 0.980544747081712, 0.9681724845995893, 0.9712586719524281]","[0.9880834160873883, 0.9881710646041856, 0.9900596421471173, 0.9736842105263158, 0.9846311475409836, 0.9810479375696767, 0.9887410440122825, 0.984313725490196, 0.9683673469387755, 0.974308300395257]",batch,both
MNIST,small,43,10,a2,layerwise,activation_fisher,loss_aware,,0.2,0,0.9751,0.9773,0.08544260694384576,0.07464650239236653,228471,0.028386619376897793,228102,0.028327767175572505,0.09143455896992236,20.8994140625,16,16,2048,0.3194007120328024,0.9773,0.07464650257118047,0.3233791140373796,234752,235146,"[0.9918367346938776, 0.9894273127753304, 0.9815891472868217, 0.9712871287128713, 0.9887983706720977, 0.9753363228699552, 0.9843423799582464, 0.9620622568093385, 0.9650924024640657, 0.9623389494549058]","[0.9920556107249255, 0.9827115559599636, 0.9811133200795229, 0.9649122807017544, 0.985655737704918, 0.9743589743589743, 0.9907881269191402, 0.9735294117647059, 0.9540816326530612, 0.9515810276679841]",batch,both
MNIST,small,43,10,a2,layerwise,activation_fisher,loss_aware,,0.2,1,0.9816,0.9815,0.06697841145545244,0.06143453349918127,228471,0.028386619376897793,228102,0.028327767175572505,0.09143455896992236,20.8994140625,16,16,2048,0.3197761569172144,0.9815,0.061434534223377704,0.3427648670040071,234752,235146,"[0.9928571428571429, 0.9929515418502203, 0.9777131782945736, 0.9782178217821782, 0.9786150712830958, 0.9831838565022422, 0.9832985386221295, 0.9766536964980544, 0.971252566735113, 0.979187314172448]","[0.9900695134061569, 0.9881710646041856, 0.9850894632206759, 0.9736842105263158, 0.9825819672131147, 0.9821627647714605, 0.9856704196519959, 0.9823529411764705, 0.9704081632653061, 0.9752964426877471]",batch,both
MNIST,small,43,10,a2,layerwise,activation_fisher,loss_aware,,0.2,3,0.9823,0.9812,0.06665248191729188,0.06301083320386242,228471,0.028386619376897793,228102,0.028327767175572505,0.09143455896992236,20.8994140625,16,16,2048,0.32841031602583826,0.9812,0.0630108338149963,0.31957691500429064,234752,235146,"[0.9897959183673469, 0.9938325991189427, 0.9825581395348837, 0.9782178217821782, 0.9786150712830958, 0.9798206278026906, 0.9822546972860126, 0.9824902723735408, 0.9702258726899384, 0.9722497522299306]","[0.9860973187686196, 0.9881710646041856, 0.9870775347912525, 0.9775828460038987, 0.9846311475409836, 0.9821627647714605, 0.9887410440122825, 0.9862745098039216, 0.9683673469387755, 0.9733201581027668]",batch,both
MNIST,small,43,10,a2,layerwise,activation_fisher,loss_aware,,0.2,5,0.9825,0.9819,0.06652306074947119,0.062260176285752096,228471,0.028386619376897793,228102,0.028327767175572505,0.09143455896992236,20.8994140625,16,16,2048,0.3164584150072187,0.9819,0.062260176957421934,0.32582722802180797,234752,235146,"[0.9918367346938776, 0.9929515418502203, 0.9825581395348837, 0.9811881188118812, 0.9786150712830958, 0.9809417040358744, 0.9832985386221295, 0.9795719844357976, 0.971252566735113, 0.9752229930624381]","[0.9860973187686196, 0.9881710646041856, 0.9850894632206759, 0.97953216374269, 0.9825819672131147, 0.9866220735785953, 0.9856704196519959, 0.9882352941176471, 0.9663265306122449, 0.9762845849802372]",batch,both
MNIST,small,43,10,a2,layerwise,activation_fisher,loss_aware,,0.3,0,0.9694,0.9724,0.10177065641880036,0.09124287109076977,225000,0.04314766145288462,224644,0.04305820610687028,0.09143455896992236,20.8994140625,16,16,2048,0.3114653240190819,0.9724,0.0912428691893816,0.311462156008929,234752,235146,"[0.9928571428571429, 0.9876651982378855, 0.9825581395348837, 0.9653465346534653, 0.9908350305498982, 0.9730941704035875, 0.9853862212943633, 0.958171206225681, 0.9640657084188912, 0.9236868186323092]","[0.9930486593843099, 0.978161965423112, 0.9811133200795229, 0.9551656920077972, 0.9907786885245902, 0.9687848383500557, 0.9907881269191402, 0.9686274509803922, 0.95, 0.9179841897233202]",batch,both
MNIST,small,43,10,a2,layerwise,activation_fisher,loss_aware,,0.3,1,0.9818,0.9817,0.06624533926695585,0.06099316000696272,225000,0.04314766145288462,224644,0.04305820610687028,0.09143455896992236,20.8994140625,16,16,2048,0.3417088290443644,0.9817,0.06099315870385617,0.3257404320174828,234752,235146,"[0.9908163265306122, 0.9929515418502203, 0.9777131782945736, 0.9772277227722772, 0.9826883910386965, 0.9809417040358744, 0.9822546972860126, 0.9766536964980544, 0.9753593429158111, 0.979187314172448]","[0.9890764647467726, 0.9872611464968153, 0.9840954274353877, 0.9785575048732943, 0.9836065573770492, 0.979933110367893, 0.9887410440122825, 0.984313725490196, 0.9663265306122449, 0.9752964426877471]",batch,both
MNIST,small,43,10,a2,layerwise,activation_fisher,loss_aware,,0.3,3,0.9824,0.9809,0.06414751313179731,0.06174607330311555,225000,0.04314766145288462,224644,0.04305820610687028,0.09143455896992236,20.8994140625,16,16,2048,0.3285850529791787,0.9809,0.06174607328374405,0.32881077099591494,234752,235146,"[0.9918367346938776, 0.9929515418502203, 0.9806201550387597, 0.9762376237623762, 0.9796334012219959, 0.9798206278026906, 0.9822546972860126, 0.980544747081712, 0.973305954825462, 0.9702675916749257]","[0.9890764647467726, 0.9872611464968153, 0.9821073558648111, 0.9775828460038987, 0.9846311475409836, 0.9821627647714605, 0.9856704196519959, 0.9872549019607844, 0.9704081632653061, 0.9772727272727273]",batch,both
MNIST,small,43,10,a2,layerwise,activation_fisher,loss_aware,,0.3,5,0.9825,0.9817,0.06602143203616143,0.06275511123559555,225000,0.04314766145288462,224644,0.04305820610687028,0.09143455896992236,20.8994140625,16,16,2048,0.3503223489969969,0.9817,0.06275511001668055,0.32783706299960613,234752,235146,"[0.9908163265306122, 0.9929515418502203, 0.9835271317829457, 0.9792079207920792, 0.9765784114052953, 0.9786995515695067, 0.9843423799582464, 0.980544747081712, 0.973305954825462, 0.9752229930624381]","[0.9890764647467726, 0.9854413102820746, 0.9821073558648111, 0.9814814814814815, 0.9836065573770492, 0.9843924191750278, 0.9856704196519959, 0.9862745098039216, 0.9693877551020408, 0.9772727272727273]",batch,both
MNIST,small,43,10,a2,layerwise,activation_fisher,loss_aware,,0.4,0,0.9632,0.9662,0.1240263066291809,0.1131045673251152,221529,0.05790870352887145,221186,0.05778864503816794,0.09143455896992236,20.8994140625,16,16,2048,0.4605783469742164,0.9662,0.1131045686006546,0.3592348850797862,234752,235146,"[0.9918367346938776, 0.9885462555066079, 0.9825581395348837, 0.9732673267326732, 0.9918533604887984, 0.9663677130044843, 0.9864300626304802, 0.9455252918287937, 0.9579055441478439, 0.8771060455896927]","[0.9920556107249255, 0.9799818016378526, 0.9811133200795229, 0.9658869395711501, 0.9907786885245902, 0.9643255295429208, 0.9928352098259979, 0.9549019607843138, 0.9418367346938775, 0.8685770750988142]",batch,both
MNIST,small,43,10,a2,layerwise,activation_fisher,loss_aware,,0.4,1,0.9815,0.9807,0.0667994093567133,0.06257279982483015,221529,0.05790870352887145,221186,0.05778864503816794,0.09143455896992236,20.8994140625,16,16,2048,0.36141697701532394,0.9807,0.06257279923176393,0.3550163730978966,234752,235146,"[0.9928571428571429, 0.9911894273127754, 0.9777131782945736, 0.9762376237623762, 0.9775967413441955, 0.9775784753363229, 0.9822546972860126, 0.9795719844357976, 0.973305954825462, 0.977205153617443]","[0.9890764647467726, 0.9854413102820746, 0.9840954274353877, 0.9824561403508771, 0.9825819672131147, 0.9765886287625418, 0.9866939611054247, 0.9813725490196078, 0.9693877551020408, 0.9762845849802372]",batch,both
MNIST,small,43,10,a2,layerwise,activation_fisher,loss_aware,,0.4,3,0.9814,0.9818,0.06430428210124374,0.0612981524971663,221529,0.05790870352887145,221186,0.05778864503816794,0.09143455896992236,20.8994140625,16,16,2048,0.3233990400331095,0.9818,0.061298152522498275,0.31806725705973804,234752,235146,"[0.9918367346938776, 0.9929515418502203, 0.9786821705426356, 0.9792079207920792, 0.9796334012219959, 0.984304932735426, 0.9822546972860126, 0.9766536964980544, 0.973305954825462, 0.9781962338949455]","[0.9870903674280039, 0.9872611464968153, 0.9831013916500994, 0.9785575048732943, 0.9846311475409836, 0.9843924191750278, 0.9856704196519959, 0.9833333333333333, 0.9653061224489796, 0.974308300395257]",batch,both
MNIST,small,43,10,a2,layerwise,activation_fisher,loss_aware,,0.4,5,0.982,0.9821,0.06389925742745399,0.061017515033925884,221529,0.05790870352887145,221186,0.05778864503816794,0.09143455896992236,20.8994140625,16,16,2048,0.3226088419323787,0.9821,0.061017514184536416,0.32033217407297343,234752,235146,"[0.9918367346938776, 0.9911894273127754, 0.9806201550387597, 0.9792079207920792, 0.9796334012219959, 0.9831838565022422, 0.9832985386221295, 0.9785992217898832, 0.9743326488706365, 0.9781962338949455]","[0.9880834160873883, 0.986351228389445, 0.9821073558648111, 0.9756335282651072, 0.985655737704918, 0.9821627647714605, 0.9897645854657113, 0.9823529411764705, 0.9704081632653061, 0.9772727272727273]",batch,both
MNIST,small,43,10,a2,layerwise,activation_fisher,loss_aware,,0.5,0,0.9389,0.9426,0.18381601357460023,0.17296325585842132,218058,0.07266974560485828,217728,0.0725190839694656,0.09143455896992236,20.8994140625,16,16,2048,0.3227538779610768,0.9426,0.17296325562000275,0.3412177059799433,234752,235146,"[0.9887755102040816, 0.986784140969163, 0.9883720930232558, 0.9613861386138614, 0.9898167006109979, 0.9551569506726457, 0.9874739039665971, 0.9153696498054474, 0.9558521560574949, 0.6977205153617443]","[0.9880834160873883, 0.9772520473157416, 0.9840954274353877, 0.9483430799220273, 0.9918032786885246, 0.9531772575250836, 0.9938587512794268, 0.9372549019607843, 0.9469387755102041, 0.6709486166007905]",batch,both
MNIST,small,43,10,a2,layerwise,activation_fisher,loss_aware,,0.5,1,0.9804,0.9806,0.07117064518332482,0.06570731795560568,218058,0.07266974560485828,217728,0.0725190839694656,0.09143455896992236,20.8994140625,16,16,2048,0.327282405924052,0.9806,0.06570731852333993,0.3296113010728732,234752,235146,"[0.9918367346938776, 0.9929515418502203, 0.9815891472868217, 0.9782178217821782, 0.9796334012219959, 0.976457399103139, 0.9832985386221295, 0.9815175097276264, 0.9702258726899384, 0.9682854311199207]","[0.9870903674280039, 0.986351228389445, 0.9821073558648111, 0.97953216374269, 0.9836065573770492, 0.979933110367893, 0.9887410440122825, 0.9862745098039216, 0.9581632653061225, 0.9713438735177866]",batch,both
MNIST,small,43,10,a2,layerwise,activation_fisher,loss_aware,,0.5,3,0.9815,0.9808,0.06544643730074168,0.06235708797252737,218058,0.07266974560485828,217728,0.0725190839694656,0.09143455896992236,20.8994140625,16,16,2048,0.31312816904392093,0.9808,0.062357087427144874,0.3186347659211606,234752,235146,"[0.9928571428571429, 0.9911894273127754, 0.9815891472868217, 0.9811881188118812, 0.9775967413441955, 0.976457399103139, 0.9812108559498957, 0.9747081712062257, 0.9722792607802875, 0.977205153617443]","[0.9880834160873883, 0.9872611464968153, 0.9821073558648111, 0.9805068226120858, 0.9836065573770492, 0.979933110367893, 0.9897645854657113, 0.9823529411764705, 0.9653061224489796, 0.9752964426877471]",batch,both
MNIST,small,43,10,a2,layerwise,activation_fisher,loss_aware,,0.5,5,0.9825,0.981,0.06491007894575596,0.0619068411021959,218058,0.07266974560485828,217728,0.0725190839694656,0.09143455896992236,20.8994140625,16,16,2048,0.3083108679857105,0.981,0.0619068413652014,0.3154910580487922,234752,235146,"[0.9918367346938776, 0.9911894273127754, 0.9806201550387597, 0.9811881188118812, 0.9745417515274949, 0.9809417040358744, 0.9843423799582464, 0.9766536964980544, 0.9743326488706365, 0.9732408325074331]","[0.9880834160873883, 0.9854413102820746, 0.9840954274353877, 0.9785575048732943, 0.9774590163934426, 0.9866220735785953, 0.9907881269191402, 0.9852941176470589, 0.9744897959183674, 0.974308300395257]",batch,both
MNIST,small,43,10,a2,layerwise,activation_fisher,loss_aware,,0.7,0,0.9242,0.9267,0.31598925075531004,0.30571342244148253,211383,0.10105636498175596,211078,0.10084685114503822,0.09143455896992236,20.8994140625,16,16,2048,0.315832726075314,0.9267,0.3057134259223938,0.3202610240550712,234752,235146,"[0.9897959183673469, 0.9859030837004406, 0.9854651162790697, 0.9445544554455445, 0.9908350305498982, 0.827354260089686, 0.9843423799582464, 0.8900778210116731, 0.9579055441478439, 0.6987115956392468]","[0.9880834160873883, 0.9708826205641492, 0.9880715705765407, 0.9317738791423001, 0.9918032786885246, 0.8238573021181717, 0.9887410440122825, 0.9147058823529411, 0.9581632653061225, 0.6768774703557312]",batch,both
MNIST,small,43,10,a2,layerwise,activation_fisher,loss_aware,,0.7,1,0.9764,0.9771,0.08246503541469574,0.0776123863592744,211383,0.10105636498175596,211078,0.10084685114503822,0.09143455896992236,20.8994140625,16,16,2048,0.3195742539828643,0.9771,0.07761238649487495,0.30853315198328346,234752,235146,"[0.9938775510204082, 0.9920704845814978, 0.9748062015503876, 0.9782178217821782, 0.9786150712830958, 0.9697309417040358, 0.9780793319415448, 0.9688715953307393, 0.9650924024640657, 0.9692765113974232]","[0.9890764647467726, 0.9808917197452229, 0.9761431411530815, 0.9746588693957114, 0.9805327868852459, 0.9710144927536232, 0.9825997952917093, 0.9803921568627451, 0.9571428571428572, 0.9703557312252964]",batch,both
MNIST,small,43,10,a2,layerwise,activation_fisher,loss_aware,,0.7,3,0.9796,0.9795,0.0707018759548664,0.06858023150824011,211383,0.10105636498175596,211078,0.10084685114503822,0.09143455896992236,20.8994140625,16,16,2048,0.32350007502827793,0.9795,0.06858023129366338,0.329021537094377,234752,235146,"[0.9928571428571429, 0.9920704845814978, 0.9777131782945736, 0.9801980198019802, 0.9826883910386965, 0.9753363228699552, 0.9832985386221295, 0.9717898832684825, 0.9702258726899384, 0.9672943508424182]","[0.9860973187686196, 0.9836214740673339, 0.9771371769383698, 0.9805068226120858, 0.9846311475409836, 0.9777034559643255, 0.9887410440122825, 0.984313725490196, 0.963265306122449, 0.9693675889328063]",batch,both
MNIST,small,43,10,a2,layerwise,activation_fisher,loss_aware,,0.7,5,0.9817,0.9807,0.06754457115978002,0.06531317685125396,211383,0.10105636498175596,211078,0.10084685114503822,0.09143455896992236,20.8994140625,16,16,2048,0.3262495920062065,0.9807,0.06531317803440616,0.3170175540726632,234752,235146,"[0.9928571428571429, 0.9920704845814978, 0.9796511627906976, 0.9801980198019802, 0.9816700610997964, 0.984304932735426, 0.9812108559498957, 0.97568093385214, 0.973305954825462, 0.9653121902874133]","[0.9870903674280039, 0.9881710646041856, 0.9821073558648111, 0.9834307992202729, 0.9866803278688525, 0.9832775919732442, 0.9877175025588536, 0.9852941176470589, 0.9663265306122449, 0.9664031620553359]",batch,both
MNIST,small,43,10,all,all,weight_fisher,loss_aware,,0.05,0,0.978,0.9794,0.08059827446341515,0.0709332844434306,222660,0.05309892577377462,222284,0.05311136859323884,0.32220395491458476,20.52392578125,16,16,2048,0.3253210970433429,0.9794,0.07093328611832111,0.320386299979873,234752,235146,"[0.9908163265306122, 0.9920704845814978, 0.9796511627906976, 0.9742574257425742, 0.9857433808553971, 0.9798206278026906, 0.9843423799582464, 0.9688715953307393, 0.9671457905544147, 0.9702675916749257]","[0.9900695134061569, 0.9854413102820746, 0.9811133200795229, 0.969785575048733, 0.9836065573770492, 0.979933110367893, 0.9887410440122825, 0.9803921568627451, 0.9571428571428572, 0.9634387351778656]",batch,both
MNIST,small,43,10,all,all,weight_fisher,loss_aware,,0.05,1,0.9829,0.9812,0.06626023859977723,0.06398688381153625,222660,0.05309892577377462,222284,0.05311136859323884,0.32220395491458476,20.52392578125,16,16,2048,0.32718850404489785,0.9812,0.06398688331607263,0.3356213530059904,234752,235146,"[0.9908163265306122, 0.9947136563876652, 0.9806201550387597, 0.9772277227722772, 0.9806517311608961, 0.9809417040358744, 0.9843423799582464, 0.9776264591439688, 0.9691991786447639, 0.9742319127849356]","[0.9890764647467726, 0.989080982711556, 0.9860834990059643, 0.9824561403508771, 0.9866803278688525, 0.9843924191750278, 0.9866939611054247, 0.9852941176470589, 0.9663265306122449, 0.9723320158102767]",batch,both
MNIST,small,43,10,all,all,weight_fisher,loss_aware,,0.05,3,0.9825,0.9819,0.0677614360421896,0.06431937318921846,222660,0.05309892577377462,222284,0.05311136859323884,0.32220395491458476,20.52392578125,16,16,2048,0.3205643359106034,0.9819,0.06431937267643224,0.33171948592644185,234752,235146,"[0.9918367346938776, 0.9929515418502203, 0.9815891472868217, 0.9782178217821782, 0.9765784114052953, 0.9820627802690582, 0.9864300626304802, 0.980544747081712, 0.9702258726899384, 0.977205153617443]","[0.9880834160873883, 0.9881710646041856, 0.9860834990059643, 0.9785575048732943, 0.9825819672131147, 0.9821627647714605, 0.9897645854657113, 0.9852941176470589, 0.9653061224489796, 0.9782608695652174]",batch,both
MNIST,small,43,10,all,all,weight_fisher,loss_aware,,0.05,5,0.9823,0.9827,0.06725006343387067,0.06310502413943468,222660,0.05309892577377462,222284,0.05311136859323884,0.32220395491458476,20.52392578125,16,16,2048,0.3237693279515952,0.9827,0.06310502363614796,0.35236462904140353,234752,235146,"[0.9908163265306122, 0.9920704845814978, 0.9835271317829457, 0.9801980198019802, 0.9826883910386965, 0.9854260089686099, 0.9864300626304802, 0.9795719844357976, 0.973305954825462, 0.9722497522299306]","[0.9860973187686196, 0.9872611464968153, 0.9860834990059643, 0.9785575048732943, 0.985655737704918, 0.9832775919732442, 0.9877175025588536, 0.9852941176470589, 0.9673469387755103, 0.9752964426877471]",batch,both
MNIST,small,43,10,all,all,weight_fisher,loss_aware,,0.1,0,0.9759,0.9778,0.08450836567431688,0.07323730088043957,209417,0.10941712808212767,209060,0.10944315703380592,0.32220395491458476,20.52392578125,16,16,2048,0.31268202897626907,0.9778,0.07323730292338877,0.3197320430772379,234752,235146,"[0.9908163265306122, 0.9885462555066079, 0.9786821705426356, 0.9693069306930693, 0.9867617107942973, 0.9798206278026906, 0.9864300626304802, 0.9659533073929961, 0.9640657084188912, 0.9672943508424182]","[0.9890764647467726, 0.9818016378525932, 0.9811133200795229, 0.9649122807017544, 0.985655737704918, 0.9788182831661093, 0.9918116683725691, 0.9774509803921568, 0.9540816326530612, 0.9545454545454546]",batch,both
MNIST,small,43,10,all,all,weight_fisher,loss_aware,,0.1,1,0.9819,0.9822,0.06810629766657948,0.061168335397029296,209417,0.10941712808212767,209060,0.10944315703380592,0.32220395491458476,20.52392578125,16,16,2048,0.3266139730112627,0.9822,0.06116833502412774,0.3233044850639999,234752,235146,"[0.9918367346938776, 0.9911894273127754, 0.9825581395348837, 0.9801980198019802, 0.9796334012219959, 0.9831838565022422, 0.9832985386221295, 0.9785992217898832, 0.9722792607802875, 0.9781962338949455]","[0.9900695134061569, 0.9845313921747043, 0.9840954274353877, 0.9766081871345029, 0.9815573770491803, 0.9832775919732442, 0.9856704196519959, 0.9862745098039216, 0.9683673469387755, 0.9782608695652174]",batch,both
MNIST,small,43,10,all,all,weight_fisher,loss_aware,,0.1,3,0.9827,0.9818,0.06793998370021581,0.06200876812791103,209417,0.10941712808212767,209060,0.10944315703380592,0.32220395491458476,20.52392578125,16,16,2048,0.32143883395474404,0.9818,0.06200876881634467,0.3208265659632161,234752,235146,"[0.9928571428571429, 0.9920704845814978, 0.9796511627906976, 0.9821782178217822, 0.9796334012219959, 0.9831838565022422, 0.9812108559498957, 0.9815175097276264, 0.9702258726899384, 0.9742319127849356]","[0.9910625620655412, 0.9881710646041856, 0.9821073558648111, 0.9824561403508771, 0.9836065573770492, 0.9855072463768116, 0.984646878198567, 0.9872549019607844, 0.9653061224489796, 0.9762845849802372]",batch,both
MNIST,small,43,10,all,all,weight_fisher,loss_aware,,0.1,5,0.9829,0.9814,0.06751440680585802,0.06179388867825037,209417,0.10941712808212767,209060,0.10944315703380592,0.32220395491458476,20.52392578125,16,16,2048,0.3212832889985293,0.9814,0.0617938871605671,0.3360488049220294,234752,235146,"[0.9908163265306122, 0.9920704845814978, 0.9825581395348837, 0.9772277227722772, 0.9775967413441955, 0.9831838565022422, 0.9832985386221295, 0.9795719844357976, 0.9702258726899384, 0.9762140733399405]","[0.9880834160873883, 0.9872611464968153, 0.9850894632206759, 0.9824561403508771, 0.9815573770491803, 0.9843924191750278, 0.9856704196519959, 0.9872549019607844, 0.9653061224489796, 0.9812252964426877]",batch,both
MNIST,small,43,10,all,all,weight_fisher,loss_aware,,0.2,0,0.9724,0.9747,0.1014989701628685,0.08800376579761506,183183,0.2209818580796612,182865,0.22102900081788446,0.32220395491458476,20.52392578125,16,16,2048,0.31729569705203176,0.9747,0.08800376601666213,0.31810900499112904,234752,235146,"[0.9877551020408163, 0.9788546255506608, 0.9806201550387597, 0.9693069306930693, 0.9887983706720977, 0.9730941704035875, 0.988517745302714, 0.9610894941634242, 0.9620123203285421, 0.9573835480673935]","[0.9851042701092354, 0.9672429481346679, 0.9831013916500994, 0.9688109161793372, 0.9918032786885246, 0.9743589743589743, 0.9938587512794268, 0.9715686274509804, 0.9510204081632653, 0.9387351778656127]",batch,both
MNIST,small,43,10,all,all,weight_fisher,loss_aware,,0.2,1,0.9814,0.9807,0.06725019361972809,0.061830851728934794,183183,0.2209818580796612,182865,0.22102900081788446,0.32220395491458476,20.52392578125,16,16,2048,0.3198523470200598,0.9807,0.061830854093749076,0.32751580502372235,234752,235146,"[0.9928571428571429, 0.9920704845814978, 0.9777131782945736, 0.9742574257425742, 0.9816700610997964, 0.9809417040358744, 0.9812108559498957, 0.9785992217898832, 0.9702258726899384, 0.9762140733399405]","[0.9890764647467726, 0.9872611464968153, 0.9860834990059643, 0.9727095516569201, 0.9825819672131147, 0.9832775919732442, 0.9825997952917093, 0.9862745098039216, 0.9683673469387755, 0.9752964426877471]",batch,both
MNIST,small,43,10,all,all,weight_fisher,loss_aware,,0.2,3,0.9821,0.9803,0.06728282964229584,0.06386695825068746,183183,0.2209818580796612,182865,0.22102900081788446,0.32220395491458476,20.52392578125,16,16,2048,0.3271851479075849,0.9803,0.06386695938131307,0.31498451402876526,234752,235146,"[0.9918367346938776, 0.9920704845814978, 0.9806201550387597, 0.9772277227722772, 0.9786150712830958, 0.9798206278026906, 0.9791231732776617, 0.980544747081712, 0.9702258726899384, 0.9712586719524281]","[0.9900695134061569, 0.986351228389445, 0.9840954274353877, 0.97953216374269, 0.9866803278688525, 0.9821627647714605, 0.9815762538382804, 0.9862745098039216, 0.9683673469387755, 0.9752964426877471]",batch,both
MNIST,small,43,10,all,all,weight_fisher,loss_aware,,0.2,5,0.9816,0.9805,0.06658426432162523,0.0636852298283833,183183,0.2209818580796612,182865,0.22102900081788446,0.32220395491458476,20.52392578125,16,16,2048,0.32055255793966353,0.9805,0.06368522996510147,0.3235500759910792,234752,235146,"[0.9918367346938776, 0.9920704845814978, 0.9767441860465116, 0.9772277227722772, 0.9775967413441955, 0.9820627802690582, 0.9822546972860126, 0.9776264591439688, 0.9702258726899384, 0.9762140733399405]","[0.9890764647467726, 0.9872611464968153, 0.9811133200795229, 0.9766081871345029, 0.9795081967213115, 0.9843924191750278, 0.9866939611054247, 0.9872549019607844, 0.9663265306122449, 0.9772727272727273]",batch,both
MNIST,small,43,10,all,all,weight_fisher,loss_aware,,0.3,0,0.9672,0.9698,0.13022221400737763,0.11889390580654144,158500,0.32595068595680976,158220,0.3260121319520175,0.32220395491458476,20.52392578125,16,16,2048,0.30865024600643665,0.9698,0.11889390441775322,0.31530851998832077,234752,235146,"[0.9826530612244898, 0.960352422907489, 0.9796511627906976, 0.9673267326732673, 0.9898167006109979, 0.9674887892376681, 0.988517745302714, 0.9552529182879378, 0.9671457905544147, 0.9425173439048563]","[0.9831181727904668, 0.9517743403093721, 0.9801192842942346, 0.9658869395711501, 0.9897540983606558, 0.9587513935340022, 0.9948822927328557, 0.9676470588235294, 0.9469387755102041, 0.9347826086956522]",batch,both
MNIST,small,43,10,all,all,weight_fisher,loss_aware,,0.3,1,0.9801,0.9808,0.07007089432477952,0.06518411484286189,158500,0.32595068595680976,158220,0.3260121319520175,0.32220395491458476,20.52392578125,16,16,2048,0.32231694704387337,0.9808,0.06518411506190896,0.341669213026762,234752,235146,"[0.9928571428571429, 0.9929515418502203, 0.9825581395348837, 0.9772277227722772, 0.9775967413441955, 0.9798206278026906, 0.9843423799582464, 0.9795719844357976, 0.9722792607802875, 0.9672943508424182]","[0.9890764647467726, 0.9854413102820746, 0.9840954274353877, 0.97953216374269, 0.9774590163934426, 0.9810479375696767, 0.984646878198567, 0.9833333333333333, 0.963265306122449, 0.9723320158102767]",batch,both
MNIST,small,43,10,all,all,weight_fisher,loss_aware,,0.3,3,0.9815,0.981,0.06546646707504988,0.06317775364816189,158500,0.32595068595680976,158220,0.3260121319520175,0.32220395491458476,20.52392578125,16,16,2048,0.3198648679535836,0.981,0.06317775219529867,0.3283469610614702,234752,235146,"[0.9928571428571429, 0.9920704845814978, 0.9806201550387597, 0.9782178217821782, 0.9816700610997964, 0.9775784753363229, 0.9832985386221295, 0.97568093385214, 0.9702258726899384, 0.9762140733399405]","[0.9880834160873883, 0.9872611464968153, 0.9821073558648111, 0.97953216374269, 0.9825819672131147, 0.9810479375696767, 0.9856704196519959, 0.9852941176470589, 0.9653061224489796, 0.9772727272727273]",batch,both
MNIST,small,43,10,all,all,weight_fisher,loss_aware,,0.3,5,0.9812,0.9804,0.06610268161594868,0.06187884493083693,158500,0.32595068595680976,158220,0.3260121319520175,0.32220395491458476,20.52392578125,16,16,2048,0.31564487400464714,0.9804,0.06187884395667352,0.32837694603949785,234752,235146,"[0.9928571428571429, 0.9911894273127754, 0.9844961240310077, 0.9762376237623762, 0.9755600814663951, 0.9786995515695067, 0.9822546972860126, 0.9785992217898832, 0.973305954825462, 0.9692765113974232]","[0.9870903674280039, 0.9854413102820746, 0.9850894632206759, 0.9775828460038987, 0.9784836065573771, 0.9821627647714605, 0.9866939611054247, 0.9872549019607844, 0.9653061224489796, 0.9762845849802372]",batch,both
MNIST,small,43,10,all,all,weight_fisher,loss_aware,,0.4,0,0.9477,0.9499,0.18231292991638184,0.17393425977230073,133605,0.43182108137072284,133364,0.4318940839694656,0.32220395491458476,20.52392578125,16,16,2048,0.3220675039337948,0.9499,0.17393426716327667,0.32914976007305086,234752,235146,"[0.9857142857142858, 0.8881057268722466, 0.9757751937984496, 0.9732673267326732, 0.9908350305498982, 0.9316143497757847, 0.9864300626304802, 0.9231517509727627, 0.9620123203285421, 0.8919722497522299]","[0.9851042701092354, 0.8671519563239308, 0.9821073558648111, 0.9678362573099415, 0.9887295081967213, 0.9253065774804905, 0.9887410440122825, 0.942156862745098, 0.9530612244897959, 0.8843873517786561]",batch,both
MNIST,small,43,10,all,all,weight_fisher,loss_aware,,0.4,1,0.9795,0.9793,0.07295570736527443,0.0690842366695404,133605,0.43182108137072284,133364,0.4318940839694656,0.32220395491458476,20.52392578125,16,16,2048,0.32193485309835523,0.9793,0.06908423693925142,0.329051760956645,234752,235146,"[0.9938775510204082, 0.9894273127753304, 0.9815891472868217, 0.9762376237623762, 0.9786150712830958, 0.9742152466367713, 0.9801670146137788, 0.97568093385214, 0.973305954825462, 0.9682854311199207]","[0.9870903674280039, 0.9845313921747043, 0.9821073558648111, 0.9814814814814815, 0.9836065573770492, 0.9754738015607581, 0.984646878198567, 0.9823529411764705, 0.9622448979591837, 0.9703557312252964]",batch,both
MNIST,small,43,10,all,all,weight_fisher,loss_aware,,0.4,3,0.9803,0.9791,0.0684864314854145,0.0658942300196737,133605,0.43182108137072284,133364,0.4318940839694656,0.32220395491458476,20.52392578125,16,16,2048,0.3319852970307693,0.9791,0.06589423243291676,0.30997618404217064,234752,235146,"[0.9928571428571429, 0.9911894273127754, 0.9806201550387597, 0.9762376237623762, 0.9735234215885947, 0.9786995515695067, 0.9812108559498957, 0.9795719844357976, 0.9691991786447639, 0.9663032705649157]","[0.9870903674280039, 0.9854413102820746, 0.9821073558648111, 0.9805068226120858, 0.9754098360655737, 0.9832775919732442, 0.9866939611054247, 0.9872549019607844, 0.9663265306122449, 0.9683794466403162]",batch,both
MNIST,small,43,10,all,all,weight_fisher,loss_aware,,0.4,5,0.9805,0.9801,0.06732187595665455,0.06493675633966922,133605,0.43182108137072284,133364,0.4318940839694656,0.32220395491458476,20.52392578125,16,16,2048,0.35279985901433975,0.9801,0.06493675641715527,0.35006168903782964,234752,235146,"[0.9938775510204082, 0.9903083700440528, 0.9844961240310077, 0.9752475247524752, 0.9796334012219959, 0.976457399103139, 0.9822546972860126, 0.980544747081712, 0.9753593429158111, 0.9613478691774033]","[0.9860973187686196, 0.9845313921747043, 0.9840954274353877, 0.9785575048732943, 0.9805327868852459, 0.9843924191750278, 0.9866939611054247, 0.9862745098039216, 0.9693877551020408, 0.9644268774703557]",batch,both
MNIST,small,43,10,all,all,weight_fisher,loss_aware,,0.5,0,0.8942,0.8941,0.33327436175346375,0.32182437267303465,109386,0.5348166670919343,109184,0.534896401308615,0.32220395491458476,20.52392578125,16,16,2048,0.32414458005223423,0.8941,0.321824377822876,0.3232437319820747,234752,235146,"[0.9418367346938775, 0.6696035242290749, 0.9728682170542635, 0.9693069306930693, 0.9898167006109979, 0.8710762331838565, 0.9895615866388309, 0.8492217898832685, 0.9702258726899384, 0.7532210109018831]","[0.9404170804369414, 0.6460418562329391, 0.9781312127236581, 0.9639376218323586, 0.985655737704918, 0.8740245261984393, 0.9918116683725691, 0.8676470588235294, 0.9591836734693877, 0.7628458498023716]",batch,both
MNIST,small,43,10,all,all,weight_fisher,loss_aware,,0.5,1,0.9732,0.9766,0.08695004533529281,0.08107706599980592,109386,0.5348166670919343,109184,0.534896401308615,0.32220395491458476,20.52392578125,16,16,2048,0.32002751994878054,0.9766,0.08107706389725208,0.32765810808632523,234752,235146,"[0.9938775510204082, 0.9911894273127754, 0.9757751937984496, 0.9742574257425742, 0.9755600814663951, 0.968609865470852, 0.9780793319415448, 0.9766536964980544, 0.9661190965092402, 0.9633300297324083]","[0.9900695134061569, 0.9827115559599636, 0.9761431411530815, 0.969785575048733, 0.9743852459016393, 0.9654403567447045, 0.9815762538382804, 0.9764705882352941, 0.9510204081632653, 0.9624505928853755]",batch,both
MNIST,small,43,10,all,all,weight_fisher,loss_aware,,0.5,3,0.9764,0.9777,0.07562267514765263,0.07138241655230522,109386,0.5348166670919343,109184,0.534896401308615,0.32220395491458476,20.52392578125,16,16,2048,0.3123499118955806,0.9777,0.0713824158385396,0.3372800329234451,234752,235146,"[0.9938775510204082, 0.9920704845814978, 0.9786821705426356, 0.9772277227722772, 0.9786150712830958, 0.9753363228699552, 0.9791231732776617, 0.97568093385214, 0.9640657084188912, 0.9603567888999008]","[0.9860973187686196, 0.9845313921747043, 0.9771371769383698, 0.9727095516569201, 0.9815573770491803, 0.9810479375696767, 0.9866939611054247, 0.9774509803921568, 0.9510204081632653, 0.9654150197628458]",batch,both
MNIST,small,43,10,all,all,weight_fisher,loss_aware,,0.5,5,0.9783,0.9792,0.07202660878002644,0.06889269138276577,109386,0.5348166670919343,109184,0.534896401308615,0.32220395491458476,20.52392578125,16,16,2048,0.3656053369631991,0.9792,0.068892689833045,0.3577165020396933,234752,235146,"[0.9948979591836735, 0.9929515418502203, 0.9796511627906976, 0.9782178217821782, 0.9765784114052953, 0.9831838565022422, 0.9791231732776617, 0.97568093385214, 0.9640657084188912, 0.9663032705649157]","[0.9880834160873883, 0.9845313921747043, 0.9801192842942346, 0.9717348927875243, 0.9805327868852459, 0.9832775919732442, 0.9856704196519959, 0.9803921568627451, 0.9581632653061225, 0.9703557312252964]",batch,both
MNIST,small,43,10,all,all,weight_fisher,loss_aware,,0.7,0,0.7847,0.7844,0.8646498417854309,0.848679788684845,63887,0.728309220654402,63761,0.7283899604689203,0.32220395491458476,20.52392578125,16,16,2048,0.3410529079847038,0.7844,0.8486797795295715,0.34690480306744576,234752,235146,"[0.8520408163265306, 0.19030837004405288, 0.9418604651162791, 0.9188118811881189, 0.9755600814663951, 0.6143497757847534, 0.988517745302714, 0.7626459143968871, 0.893223819301848, 0.7789890981169475]","[0.8520357497517378, 0.17470427661510465, 0.9403578528827038, 0.9152046783625731, 0.9815573770491803, 0.5785953177257525, 0.9938587512794268, 0.7941176470588235, 0.8928571428571429, 0.7697628458498024]",batch,both
MNIST,small,43,10,all,all,weight_fisher,loss_aware,,0.7,1,0.9604,0.9597,0.1623790956735611,0.15826884081959725,63887,0.728309220654402,63761,0.7283899604689203,0.32220395491458476,20.52392578125,16,16,2048,0.33682365203276277,0.9597,0.15826884231567384,0.3499521490884945,234752,235146,"[0.9857142857142858, 0.986784140969163, 0.9602713178294574, 0.9524752475247524, 0.9633401221995926, 0.9394618834080718, 0.9780793319415448, 0.9348249027237354, 0.9579055441478439, 0.9345887016848364]","[0.9831181727904668, 0.9818016378525932, 0.967196819085487, 0.9444444444444444, 0.9641393442622951, 0.9442586399108138, 0.9815762538382804, 0.95, 0.9408163265306122, 0.9436758893280632]",batch,both
MNIST,small,43,10,all,all,weight_fisher,loss_aware,,0.7,3,0.9664,0.9673,0.11889109987020492,0.11520577394664287,63887,0.728309220654402,63761,0.7283899604689203,0.32220395491458476,20.52392578125,16,16,2048,0.36159837094601244,0.9673,0.11520577522814274,0.3584613399580121,234752,235146,"[0.9897959183673469, 0.9903083700440528, 0.9670542635658915, 0.9594059405940594, 0.9704684317718941, 0.9618834080717489, 0.9822546972860126, 0.9542801556420234, 0.946611909650924, 0.9484638255698712]","[0.9831181727904668, 0.9818016378525932, 0.974155069582505, 0.9551656920077972, 0.9754098360655737, 0.9665551839464883, 0.9805527123848515, 0.9598039215686275, 0.936734693877551, 0.9496047430830039]",batch,both
MNIST,small,43,10,all,all,weight_fisher,loss_aware,,0.7,5,0.9682,0.969,0.10589859858751297,0.10285978099852801,63887,0.728309220654402,63761,0.7283899604689203,0.32220395491458476,20.52392578125,16,16,2048,0.34293366700876504,0.969,0.10285977971106768,0.34175406105350703,234752,235146,"[0.9928571428571429, 0.9894273127753304, 0.9670542635658915, 0.9633663366336633, 0.9694501018329938, 0.9652466367713004, 0.9801670146137788, 0.9523346303501945, 0.9537987679671458, 0.9544103072348861]","[0.9880834160873883, 0.9845313921747043, 0.9711729622266402, 0.9551656920077972, 0.9743852459016393, 0.9710144927536232, 0.9815762538382804, 0.9627450980392157, 0.9418367346938775, 0.950592885375494]",batch,both
MNIST,small,43,10,a1,layerwise,weight_fisher,loss_aware,,0.05,0,0.9783,0.9791,0.08037067143023013,0.07062258037028368,224190,0.04659232987165418,223808,0.04661941112322787,0.32220395491458476,20.52392578125,16,16,2048,0.3360138210700825,0.9791,0.07062258232978638,0.34870564099401236,234752,235146,"[0.9908163265306122, 0.9911894273127754, 0.9777131782945736, 0.9752475247524752, 0.9857433808553971, 0.9798206278026906, 0.9843423799582464, 0.9698443579766537, 0.9671457905544147, 0.9682854311199207]","[0.9900695134061569, 0.9854413102820746, 0.9811133200795229, 0.9717348927875243, 0.9836065573770492, 0.9810479375696767, 0.9887410440122825, 0.9803921568627451, 0.9581632653061225, 0.9624505928853755]",batch,both
MNIST,small,43,10,a1,layerwise,weight_fisher,loss_aware,,0.05,1,0.9824,0.9822,0.06855785049796105,0.06134310248041293,224190,0.04659232987165418,223808,0.04661941112322787,0.32220395491458476,20.52392578125,16,16,2048,0.32510045100934803,0.9822,0.06134310273112496,0.33856022695545107,234752,235146,"[0.9908163265306122, 0.9929515418502203, 0.9844961240310077, 0.9831683168316832, 0.9796334012219959, 0.9798206278026906, 0.9832985386221295, 0.9795719844357976, 0.9753593429158111, 0.9712586719524281]","[0.9870903674280039, 0.9881710646041856, 0.9870775347912525, 0.9834307992202729, 0.9825819672131147, 0.9788182831661093, 0.9856704196519959, 0.9862745098039216, 0.9714285714285714, 0.9723320158102767]",batch,both
MNIST,small,43,10,a1,layerwise,weight_fisher,loss_aware,,0.05,3,0.9831,0.9827,0.06692457924485207,0.06131645720324013,224190,0.04659232987165418,223808,0.04661941112322787,0.32220395491458476,20.52392578125,16,16,2048,0.3129309699870646,0.9827,0.06131645762643311,0.3226130669936538,234752,235146,"[0.9918367346938776, 0.9929515418502203, 0.9844961240310077, 0.9792079207920792, 0.9786150712830958, 0.984304932735426, 0.9812108559498957, 0.9815175097276264, 0.973305954825462, 0.9781962338949455]","[0.9880834160873883, 0.9881710646041856, 0.9850894632206759, 0.97953216374269, 0.9836065573770492, 0.9843924191750278, 0.9856704196519959, 0.9862745098039216, 0.9724489795918367, 0.9772727272727273]",batch,both
MNIST,small,43,10,a1,layerwise,weight_fisher,loss_aware,,0.05,5,0.9829,0.9827,0.06836775938365608,0.06333898601516266,224190,0.04659232987165418,223808,0.04661941112322787,0.32220395491458476,20.52392578125,16,16,2048,0.3131722540128976,0.9827,0.06333898559234222,0.33264126803260297,234752,235146,"[0.9918367346938776, 0.9929515418502203, 0.9835271317829457, 0.9811881188118812, 0.9796334012219959, 0.9831838565022422, 0.9843423799582464, 0.9795719844357976, 0.9722792607802875, 0.977205153617443]","[0.9860973187686196, 0.989080982711556, 0.9860834990059643, 0.9814814814814815, 0.9846311475409836, 0.9866220735785953, 0.9866939611054247, 0.9852941176470589, 0.9683673469387755, 0.974308300395257]",batch,both
MNIST,small,43,10,a1,layerwise,weight_fisher,loss_aware,,0.1,0,0.9782,0.9788,0.08262946846783162,0.07192155102151446,212321,0.09706735389927956,211952,0.09712377317339149,0.32220395491458476,20.52392578125,16,16,2048,0.33772605296690017,0.9788,0.07192155036660842,0.33059689798392355,234752,235146,"[0.9908163265306122, 0.9885462555066079, 0.9777131782945736, 0.9752475247524752, 0.9857433808553971, 0.9798206278026906, 0.9853862212943633, 0.9688715953307393, 0.9671457905544147, 0.9682854311199207]","[0.9900695134061569, 0.9808917197452229, 0.9811133200795229, 0.9736842105263158, 0.9836065573770492, 0.9810479375696767, 0.9907881269191402, 0.9803921568627451, 0.9581632653061225, 0.9624505928853755]",batch,both
MNIST,small,43,10,a1,layerwise,weight_fisher,loss_aware,,0.1,1,0.982,0.9811,0.07060717257633806,0.06310725154988468,212321,0.09706735389927956,211952,0.09712377317339149,0.32220395491458476,20.52392578125,16,16,2048,0.31934240995906293,0.9811,0.06310725260339678,0.3186493030516431,234752,235146,"[0.9908163265306122, 0.9911894273127754, 0.9796511627906976, 0.9782178217821782, 0.9816700610997964, 0.9820627802690582, 0.9843423799582464, 0.9785992217898832, 0.9681724845995893, 0.9752229930624381]","[0.9900695134061569, 0.9872611464968153, 0.9860834990059643, 0.9756335282651072, 0.9815573770491803, 0.9843924191750278, 0.9877175025588536, 0.9862745098039216, 0.9653061224489796, 0.9752964426877471]",batch,both
MNIST,small,43,10,a1,layerwise,weight_fisher,loss_aware,,0.1,3,0.9827,0.9816,0.06676500228121876,0.06054203237366164,212321,0.09706735389927956,211952,0.09712377317339149,0.32220395491458476,20.52392578125,16,16,2048,0.3199505009688437,0.9816,0.060542033981496934,0.33699770306702703,234752,235146,"[0.9908163265306122, 0.9920704845814978, 0.9815891472868217, 0.9792079207920792, 0.9837067209775967, 0.9831838565022422, 0.9822546972860126, 0.9776264591439688, 0.9702258726899384, 0.9742319127849356]","[0.9900695134061569, 0.989080982711556, 0.9831013916500994, 0.9775828460038987, 0.9866803278688525, 0.9855072463768116, 0.9866939611054247, 0.9872549019607844, 0.9683673469387755, 0.9723320158102767]",batch,both
MNIST,small,43,10,a1,layerwise,weight_fisher,loss_aware,,0.1,5,0.9824,0.9811,0.06928327771294862,0.06395173171768546,212321,0.09706735389927956,211952,0.09712377317339149,0.32220395491458476,20.52392578125,16,16,2048,0.3321173470467329,0.9811,0.0639517316431913,0.34741624002344906,234752,235146,"[0.9918367346938776, 0.9920704845814978, 0.9815891472868217, 0.9821782178217822, 0.9786150712830958, 0.9798206278026906, 0.9832985386221295, 0.9776264591439688, 0.971252566735113, 0.9712586719524281]","[0.9870903674280039, 0.9872611464968153, 0.9840954274353877, 0.9824561403508771, 0.9784836065573771, 0.9855072463768116, 0.9866939611054247, 0.9862745098039216, 0.9693877551020408, 0.9762845849802372]",batch,both
MNIST,small,43,10,a1,layerwise,weight_fisher,loss_aware,,0.2,0,0.9762,0.978,0.08781690316796303,0.07608980018030852,188583,0.19801740195453033,188240,0.19813249727371862,0.32220395491458476,20.52392578125,16,16,2048,0.3177173479925841,0.978,0.07608979885261506,0.32022473390679806,234752,235146,"[0.9887755102040816, 0.9841409691629956, 0.9777131782945736, 0.9752475247524752, 0.9867617107942973, 0.9786995515695067, 0.9843423799582464, 0.9708171206225681, 0.9671457905544147, 0.9663032705649157]","[0.9890764647467726, 0.9763421292083713, 0.9811133200795229, 0.9717348927875243, 0.985655737704918, 0.979933110367893, 0.9918116683725691, 0.9794117647058823, 0.9540816326530612, 0.9535573122529645]",batch,both
MNIST,small,43,10,a1,layerwise,weight_fisher,loss_aware,,0.2,1,0.9824,0.9813,0.06829131215810776,0.06199043279765174,188583,0.19801740195453033,188240,0.19813249727371862,0.32220395491458476,20.52392578125,16,16,2048,0.3125903089530766,0.9813,0.06199043490355834,0.3206962459953502,234752,235146,"[0.9928571428571429, 0.9920704845814978, 0.9815891472868217, 0.9762376237623762, 0.9775967413441955, 0.9798206278026906, 0.9853862212943633, 0.9785992217898832, 0.971252566735113, 0.9762140733399405]","[0.9890764647467726, 0.9872611464968153, 0.9880715705765407, 0.97953216374269, 0.9805327868852459, 0.9832775919732442, 0.9887410440122825, 0.9852941176470589, 0.9653061224489796, 0.9762845849802372]",batch,both
MNIST,small,43,10,a1,layerwise,weight_fisher,loss_aware,,0.2,3,0.9825,0.981,0.06840144421160221,0.06360368598487694,188583,0.19801740195453033,188240,0.19813249727371862,0.32220395491458476,20.52392578125,16,16,2048,0.33584105398040265,0.981,0.0636036847883137,0.33069642202463,234752,235146,"[0.9918367346938776, 0.9911894273127754, 0.9835271317829457, 0.9792079207920792, 0.9796334012219959, 0.976457399103139, 0.9843423799582464, 0.9795719844357976, 0.9681724845995893, 0.9742319127849356]","[0.9900695134061569, 0.9881710646041856, 0.9860834990059643, 0.9805068226120858, 0.9825819672131147, 0.979933110367893, 0.9918116683725691, 0.9852941176470589, 0.9642857142857143, 0.9752964426877471]",batch,both
MNIST,small,43,10,a1,layerwise,weight_fisher,loss_aware,,0.2,5,0.9821,0.9811,0.06778987482264638,0.06280639782361687,188583,0.19801740195453033,188240,0.19813249727371862,0.32220395491458476,20.52392578125,16,16,2048,0.31977732200175524,0.9811,0.06280639542005956,0.32616992201656103,234752,235146,"[0.9918367346938776, 0.9911894273127754, 0.9806201550387597, 0.9782178217821782, 0.9786150712830958, 0.984304932735426, 0.9832985386221295, 0.9776264591439688, 0.9691991786447639, 0.9752229930624381]","[0.9870903674280039, 0.9881710646041856, 0.9850894632206759, 0.97953216374269, 0.9825819672131147, 0.9832775919732442, 0.9866939611054247, 0.9862745098039216, 0.9673469387755103, 0.974308300395257]",batch,both
MNIST,small,43,10,a1,layerwise,weight_fisher,loss_aware,,0.3,0,0.9744,0.9775,0.0938317373752594,0.08075267008170485,165758,0.29508475585381,165440,0.2952562704471101,0.32220395491458476,20.52392578125,16,16,2048,0.31016348395496607,0.9775,0.08075266903564333,0.32759671297390014,234752,235146,"[0.9887755102040816, 0.986784140969163, 0.9767441860465116, 0.9702970297029703, 0.984725050916497, 0.9775784753363229, 0.9864300626304802, 0.9688715953307393, 0.9661190965092402, 0.9682854311199207]","[0.9870903674280039, 0.9754322111010009, 0.9771371769383698, 0.9717348927875243, 0.985655737704918, 0.967670011148272, 0.9907881269191402, 0.9823529411764705, 0.9479591836734694, 0.9575098814229249]",batch,both
MNIST,small,43,10,a1,layerwise,weight_fisher,loss_aware,,0.3,1,0.9816,0.9807,0.06917580253779888,0.06280317028854042,165758,0.29508475585381,165440,0.2952562704471101,0.32220395491458476,20.52392578125,16,16,2048,0.31316747702658176,0.9807,0.06280316996369512,0.32221883395686746,234752,235146,"[0.9918367346938776, 0.9903083700440528, 0.9806201550387597, 0.9762376237623762, 0.9806517311608961, 0.9798206278026906, 0.9843423799582464, 0.9766536964980544, 0.9722792607802875, 0.9732408325074331]","[0.9890764647467726, 0.9854413102820746, 0.9850894632206759, 0.9756335282651072, 0.9825819672131147, 0.9832775919732442, 0.9907881269191402, 0.9862745098039216, 0.9642857142857143, 0.9733201581027668]",batch,both
MNIST,small,43,10,a1,layerwise,weight_fisher,loss_aware,,0.3,3,0.983,0.9813,0.0663250666692853,0.06245027724278625,165758,0.29508475585381,165440,0.2952562704471101,0.32220395491458476,20.52392578125,16,16,2048,0.3085222039371729,0.9813,0.06245027944778558,0.319607594050467,234752,235146,"[0.9928571428571429, 0.9911894273127754, 0.9815891472868217, 0.9772277227722772, 0.9786150712830958, 0.9798206278026906, 0.9864300626304802, 0.97568093385214, 0.9763860369609856, 0.9722497522299306]","[0.9880834160873883, 0.986351228389445, 0.9850894632206759, 0.97953216374269, 0.9825819672131147, 0.9810479375696767, 0.9887410440122825, 0.9872549019607844, 0.9744897959183674, 0.9762845849802372]",batch,both
MNIST,small,43,10,a1,layerwise,weight_fisher,loss_aware,,0.3,5,0.9827,0.9817,0.0668920516192913,0.0643678447381244,165758,0.29508475585381,165440,0.2952562704471101,0.32220395491458476,20.52392578125,16,16,2048,0.30741027905605733,0.9817,0.06436784522241214,0.305782450013794,234752,235146,"[0.9928571428571429, 0.9920704845814978, 0.9806201550387597, 0.9801980198019802, 0.9765784114052953, 0.9786995515695067, 0.9874739039665971, 0.9785992217898832, 0.973305954825462, 0.9752229930624381]","[0.9880834160873883, 0.9881710646041856, 0.9821073558648111, 0.9805068226120858, 0.9784836065573771, 0.9821627647714605, 0.9897645854657113, 0.9882352941176471, 0.9724489795918367, 0.9762845849802372]",batch,both
MNIST,small,43,10,a1,layerwise,weight_fisher,loss_aware,,0.4,0,0.9701,0.972,0.105851209962368,0.09651831340789795,142020,0.39603480390906076,141728,0.39626499454743724,0.32220395491458476,20.52392578125,16,16,2048,0.32221476803533733,0.972,0.09651831414401531,0.3217737269587815,234752,235146,"[0.9887755102040816, 0.9779735682819384, 0.9748062015503876, 0.9673267326732673, 0.9857433808553971, 0.9742152466367713, 0.9853862212943633, 0.9542801556420234, 0.9620123203285421, 0.9504459861248761]","[0.9870903674280039, 0.9717925386715196, 0.9791252485089463, 0.9668615984405458, 0.9846311475409836, 0.9620958751393534, 0.9907881269191402, 0.9656862745098039, 0.9459183673469388, 0.9466403162055336]",batch,both
MNIST,small,43,10,a1,layerwise,weight_fisher,loss_aware,,0.4,1,0.9802,0.98,0.07134471333622933,0.06489875720199198,142020,0.39603480390906076,141728,0.39626499454743724,0.32220395491458476,20.52392578125,16,16,2048,0.3246283100452274,0.98,0.06489875605981797,0.31865784199908376,234752,235146,"[0.9928571428571429, 0.9903083700440528, 0.9835271317829457, 0.9742574257425742, 0.9796334012219959, 0.9786995515695067, 0.9832985386221295, 0.9766536964980544, 0.9702258726899384, 0.9692765113974232]","[0.9910625620655412, 0.9836214740673339, 0.9831013916500994, 0.97953216374269, 0.9784836065573771, 0.9821627647714605, 0.9815762538382804, 0.9852941176470589, 0.963265306122449, 0.9733201581027668]",batch,both
MNIST,small,43,10,a1,layerwise,weight_fisher,loss_aware,,0.4,3,0.9812,0.9804,0.0674121578156948,0.06458446180270985,142020,0.39603480390906076,141728,0.39626499454743724,0.32220395491458476,20.52392578125,16,16,2048,0.32355264702346176,0.9804,0.06458445958876982,0.32652967399917543,234752,235146,"[0.9928571428571429, 0.9903083700440528, 0.9815891472868217, 0.9772277227722772, 0.9786150712830958, 0.9820627802690582, 0.9832985386221295, 0.9785992217898832, 0.9722792607802875, 0.9663032705649157]","[0.9900695134061569, 0.9872611464968153, 0.9831013916500994, 0.9814814814814815, 0.9784836065573771, 0.9832775919732442, 0.9825997952917093, 0.9872549019607844, 0.9653061224489796, 0.9723320158102767]",batch,both
MNIST,small,43,10,a1,layerwise,weight_fisher,loss_aware,,0.4,5,0.9816,0.9807,0.06748402639180422,0.06380639757574535,142020,0.39603480390906076,141728,0.39626499454743724,0.32220395491458476,20.52392578125,16,16,2048,0.31962225504685193,0.9807,0.06380640158751048,0.3180180819472298,234752,235146,"[0.9938775510204082, 0.9911894273127754, 0.9844961240310077, 0.9801980198019802, 0.9745417515274949, 0.9798206278026906, 0.9843423799582464, 0.9795719844357976, 0.9691991786447639, 0.9682854311199207]","[0.9900695134061569, 0.9881710646041856, 0.9850894632206759, 0.9814814814814815, 0.9774590163934426, 0.9843924191750278, 0.984646878198567, 0.9862745098039216, 0.9653061224489796, 0.9723320158102767]",batch,both
MNIST,small,43,10,a1,layerwise,weight_fisher,loss_aware,,0.5,0,0.9557,0.958,0.1450303913831711,0.13487117835879325,118282,0.4969848519643115,118016,0.4972737186477645,0.32220395491458476,20.52392578125,16,16,2048,0.3213996069971472,0.958,0.13487118296027184,0.33570885797962546,234752,235146,"[0.9795918367346939, 0.9101321585903084, 0.9651162790697675, 0.9742574257425742, 0.9867617107942973, 0.9663677130044843, 0.9864300626304802, 0.9270428015564203, 0.9661190965092402, 0.9286422200198216]","[0.974180734856008, 0.8871701546860783, 0.9731610337972167, 0.969785575048733, 0.9846311475409836, 0.9665551839464883, 0.9897645854657113, 0.9362745098039216, 0.9520408163265306, 0.932806324110672]",batch,both
MNIST,small,43,10,a1,layerwise,weight_fisher,loss_aware,,0.5,1,0.9782,0.9796,0.07411393983364105,0.06854093905873597,118282,0.4969848519643115,118016,0.4972737186477645,0.32220395491458476,20.52392578125,16,16,2048,0.32575069402810186,0.9796,0.06854093518443406,0.3155964040197432,234752,235146,"[0.9908163265306122, 0.9920704845814978, 0.9786821705426356, 0.9782178217821782, 0.9837067209775967, 0.976457399103139, 0.9853862212943633, 0.9766536964980544, 0.9650924024640657, 0.9672943508424182]","[0.9900695134061569, 0.9845313921747043, 0.9801192842942346, 0.9766081871345029, 0.9805327868852459, 0.9788182831661093, 0.9856704196519959, 0.9823529411764705, 0.9530612244897959, 0.9693675889328063]",batch,both
MNIST,small,43,10,a1,layerwise,weight_fisher,loss_aware,,0.5,3,0.9792,0.9802,0.06859453600943088,0.06597971925223246,118282,0.4969848519643115,118016,0.4972737186477645,0.32220395491458476,20.52392578125,16,16,2048,0.31784081493970007,0.9802,0.0659797220476903,0.31706910498905927,234752,235146,"[0.9918367346938776, 0.9911894273127754, 0.9796511627906976, 0.9762376237623762, 0.9796334012219959, 0.9809417040358744, 0.9864300626304802, 0.9785992217898832, 0.9640657084188912, 0.9722497522299306]","[0.9880834160873883, 0.986351228389445, 0.9801192842942346, 0.9756335282651072, 0.9784836065573771, 0.9832775919732442, 0.9866939611054247, 0.9813725490196078, 0.9581632653061225, 0.9733201581027668]",batch,both
MNIST,small,43,10,a1,layerwise,weight_fisher,loss_aware,,0.5,5,0.9803,0.9804,0.06882740212678909,0.06393150456994771,118282,0.4969848519643115,118016,0.4972737186477645,0.32220395491458476,20.52392578125,16,16,2048,0.3220045219641179,0.9804,0.06393150317957624,0.3327713969629258,234752,235146,"[0.9918367346938776, 0.9929515418502203, 0.9815891472868217, 0.9792079207920792, 0.9786150712830958, 0.9798206278026906, 0.9843423799582464, 0.9776264591439688, 0.9702258726899384, 0.9663032705649157]","[0.9890764647467726, 0.986351228389445, 0.9801192842942346, 0.97953216374269, 0.9784836065573771, 0.9832775919732442, 0.9877175025588536, 0.9833333333333333, 0.963265306122449, 0.9713438735177866]",batch,both
MNIST,small,43,10,a1,layerwise,weight_fisher,loss_aware,,0.7,0,0.9109,0.9149,0.31574085540771485,0.2993707218170166,71719,0.6950022539188419,71504,0.6954062159214831,0.32220395491458476,20.52392578125,16,16,2048,0.3177091119578108,0.9149,0.29937072372436524,0.3245217399671674,234752,235146,"[0.9326530612244898, 0.8669603524229075, 0.9534883720930233, 0.9326732673267327, 0.9806517311608961, 0.9652466367713004, 0.9874739039665971, 0.8093385214007782, 0.8726899383983573, 0.865213082259663]","[0.9334657398212513, 0.8498635122838945, 0.9393638170974155, 0.9317738791423001, 0.9805327868852459, 0.9520624303232998, 0.9918116683725691, 0.8166666666666667, 0.8642857142857143, 0.8636363636363636]",batch,both
MNIST,small,43,10,a1,layerwise,weight_fisher,loss_aware,,0.7,1,0.9699,0.9692,0.10497894226312637,0.10045026362612844,71719,0.6950022539188419,71504,0.6954062159214831,0.32220395491458476,20.52392578125,16,16,2048,0.3117007650434971,0.9692,0.10045025832727551,0.3185826209373772,234752,235146,"[0.9877551020408163, 0.9920704845814978, 0.9709302325581395, 0.9673267326732673, 0.9735234215885947, 0.9719730941704036, 0.9812108559498957, 0.953307392996109, 0.9517453798767967, 0.9405351833498513]","[0.9880834160873883, 0.9854413102820746, 0.974155069582505, 0.9619883040935673, 0.9784836065573771, 0.9721293199554069, 0.9795291709314228, 0.9676470588235294, 0.939795918367347, 0.950592885375494]",batch,both
MNIST,small,43,10,a1,layerwise,weight_fisher,loss_aware,,0.7,3,0.9734,0.9736,0.0888872841656208,0.08758384879678488,71719,0.6950022539188419,71504,0.6954062159214831,0.32220395491458476,20.52392578125,16,16,2048,0.3308573589893058,0.9736,0.08758384860008955,0.32693113503046334,234752,235146,"[0.9897959183673469, 0.9885462555066079, 0.9757751937984496, 0.9752475247524752, 0.9755600814663951, 0.9775784753363229, 0.9780793319415448, 0.958171206225681, 0.9579055441478439, 0.958374628344896]","[0.9890764647467726, 0.9836214740673339, 0.9821073558648111, 0.9668615984405458, 0.9754098360655737, 0.9754738015607581, 0.9825997952917093, 0.9715686274509804, 0.9438775510204082, 0.9624505928853755]",batch,both
MNIST,small,43,10,a1,layerwise,weight_fisher,loss_aware,,0.7,5,0.975,0.9758,0.08436064838171005,0.08338908543400467,71719,0.6950022539188419,71504,0.6954062159214831,0.32220395491458476,20.52392578125,16,16,2048,0.34701716201379895,0.9758,0.08338908444084227,0.35954748396761715,234752,235146,"[0.9918367346938776, 0.9903083700440528, 0.9757751937984496, 0.9742574257425742, 0.9775967413441955, 0.9786995515695067, 0.9801670146137788, 0.9688715953307393, 0.9620123203285421, 0.9573835480673935]","[0.9900695134061569, 0.9854413102820746, 0.9801192842942346, 0.9678362573099415, 0.9784836065573771, 0.9777034559643255, 0.9825997952917093, 0.9764705882352941, 0.95, 0.9604743083003953]",batch,both
MNIST,small,43,10,a2,layerwise,weight_fisher,loss_aware,,0.05,0,0.9779,0.9794,0.08054699744582176,0.07093795432201587,233544,0.006812788650455426,233156,0.006798664122137366,0.32220395491458476,20.52392578125,16,16,2048,0.3577031719032675,0.9794,0.07093795595667325,0.3518507150001824,234752,235146,"[0.9908163265306122, 0.9920704845814978, 0.9796511627906976, 0.9742574257425742, 0.9857433808553971, 0.9798206278026906, 0.9843423799582464, 0.9688715953307393, 0.9671457905544147, 0.9702675916749257]","[0.9900695134061569, 0.9854413102820746, 0.9811133200795229, 0.969785575048733, 0.9836065573770492, 0.9788182831661093, 0.9887410440122825, 0.9803921568627451, 0.9571428571428572, 0.9634387351778656]",batch,both
MNIST,small,43,10,a2,layerwise,weight_fisher,loss_aware,,0.05,1,0.9818,0.9823,0.06754998166039586,0.06244502646343317,233544,0.006812788650455426,233156,0.006798664122137366,0.32220395491458476,20.52392578125,16,16,2048,0.3099082710687071,0.9823,0.06244502669440117,0.3158470100024715,234752,235146,"[0.9928571428571429, 0.9920704845814978, 0.9825581395348837, 0.9811881188118812, 0.9786150712830958, 0.9820627802690582, 0.9832985386221295, 0.9815175097276264, 0.971252566735113, 0.9762140733399405]","[0.9880834160873883, 0.986351228389445, 0.9850894632206759, 0.9805068226120858, 0.9825819672131147, 0.979933110367893, 0.984646878198567, 0.9882352941176471, 0.9673469387755103, 0.974308300395257]",batch,both
MNIST,small,43,10,a2,layerwise,weight_fisher,loss_aware,,0.05,3,0.9821,0.982,0.06759843125529587,0.06204437028428074,233544,0.006812788650455426,233156,0.006798664122137366,0.32220395491458476,20.52392578125,16,16,2048,0.3241064449539408,0.982,0.0620443712603068,0.32520398194901645,234752,235146,"[0.9908163265306122, 0.9929515418502203, 0.9854651162790697, 0.9772277227722772, 0.9796334012219959, 0.9831838565022422, 0.9822546972860126, 0.980544747081712, 0.9691991786447639, 0.977205153617443]","[0.9851042701092354, 0.989080982711556, 0.9860834990059643, 0.97953216374269, 0.9825819672131147, 0.9855072463768116, 0.984646878198567, 0.9852941176470589, 0.963265306122449, 0.9792490118577075]",batch,both
MNIST,small,43,10,a2,layerwise,weight_fisher,loss_aware,,0.05,5,0.9829,0.9814,0.06657814635634422,0.0638016398056876,233544,0.006812788650455426,233156,0.006798664122137366,0.32220395491458476,20.52392578125,16,16,2048,0.32799335999879986,0.9814,0.0638016393169295,0.3224117500940338,234752,235146,"[0.9908163265306122, 0.9929515418502203, 0.9825581395348837, 0.9792079207920792, 0.9806517311608961, 0.984304932735426, 0.9812108559498957, 0.9795719844357976, 0.9691991786447639, 0.9722497522299306]","[0.9860973187686196, 0.9881710646041856, 0.9870775347912525, 0.97953216374269, 0.9866803278688525, 0.9843924191750278, 0.984646878198567, 0.9862745098039216, 0.9683673469387755, 0.9772727272727273]",batch,both
MNIST,small,43,10,a2,layerwise,weight_fisher,loss_aware,,0.1,0,0.9765,0.9786,0.08216443768292665,0.0719982852599118,231942,0.013625577300910963,231560,0.013597328244274842,0.32220395491458476,20.52392578125,16,16,2048,0.33645946404431015,0.9786,0.07199828523457982,0.35598089394625276,234752,235146,"[0.9908163265306122, 0.9920704845814978, 0.9796511627906976, 0.9693069306930693, 0.9867617107942973, 0.9798206278026906, 0.9853862212943633, 0.9669260700389105, 0.9661190965092402, 0.9682854311199207]","[0.9890764647467726, 0.986351228389445, 0.9811133200795229, 0.9649122807017544, 0.985655737704918, 0.9788182831661093, 0.9907881269191402, 0.9784313725490196, 0.9540816326530612, 0.9555335968379447]",batch,both
MNIST,small,43,10,a2,layerwise,weight_fisher,loss_aware,,0.1,1,0.9821,0.9813,0.06676388765685261,0.06220525170412147,231942,0.013625577300910963,231560,0.013597328244274842,0.32220395491458476,20.52392578125,16,16,2048,0.3310436720494181,0.9813,0.062205252645129806,0.32275913597550243,234752,235146,"[0.9908163265306122, 0.9929515418502203, 0.9825581395348837, 0.9772277227722772, 0.9796334012219959, 0.9809417040358744, 0.9832985386221295, 0.9815175097276264, 0.9702258726899384, 0.9722497522299306]","[0.9870903674280039, 0.986351228389445, 0.9850894632206759, 0.9785575048732943, 0.985655737704918, 0.9821627647714605, 0.9856704196519959, 0.9882352941176471, 0.9663265306122449, 0.9752964426877471]",batch,both
MNIST,small,43,10,a2,layerwise,weight_fisher,loss_aware,,0.1,3,0.9819,0.9819,0.06845544599629938,0.06203299811730394,231942,0.013625577300910963,231560,0.013597328244274842,0.32220395491458476,20.52392578125,16,16,2048,0.3158954760292545,0.9819,0.06203299973519752,0.3330823830328882,234752,235146,"[0.9908163265306122, 0.9929515418502203, 0.9825581395348837, 0.9821782178217822, 0.9796334012219959, 0.9786995515695067, 0.9822546972860126, 0.9824902723735408, 0.9702258726899384, 0.9752229930624381]","[0.9870903674280039, 0.9881710646041856, 0.9850894632206759, 0.97953216374269, 0.9836065573770492, 0.9810479375696767, 0.9877175025588536, 0.9862745098039216, 0.9683673469387755, 0.9713438735177866]",batch,both
MNIST,small,43,10,a2,layerwise,weight_fisher,loss_aware,,0.1,5,0.983,0.9823,0.06652768715322017,0.06289647241479251,231942,0.013625577300910963,231560,0.013597328244274842,0.32220395491458476,20.52392578125,16,16,2048,0.40293741307687014,0.9823,0.06289647269642447,0.42095131298992783,234752,235146,"[0.9918367346938776, 0.9920704845814978, 0.9796511627906976, 0.9811881188118812, 0.9775967413441955, 0.9831838565022422, 0.9853862212943633, 0.9795719844357976, 0.9702258726899384, 0.981169474727453]","[0.9860973187686196, 0.989080982711556, 0.9821073558648111, 0.97953216374269, 0.9795081967213115, 0.9843924191750278, 0.9877175025588536, 0.9862745098039216, 0.9724489795918367, 0.9822134387351779]",batch,both
MNIST,small,43,10,a2,layerwise,weight_fisher,loss_aware,,0.2,0,0.9754,0.9772,0.08711769698560237,0.07577534846626222,228471,0.028386619376897793,228102,0.028327767175572505,0.32220395491458476,20.52392578125,16,16,2048,0.3823289090069011,0.9772,0.0757753499533981,0.49309202295262367,234752,235146,"[0.9897959183673469, 0.9876651982378855, 0.9825581395348837, 0.9712871287128713, 0.9887983706720977, 0.976457399103139, 0.9864300626304802, 0.9649805447470817, 0.9650924024640657, 0.958374628344896]","[0.9890764647467726, 0.978161965423112, 0.9821073558648111, 0.9678362573099415, 0.9897540983606558, 0.9777034559643255, 0.9938587512794268, 0.9745098039215686, 0.9520408163265306, 0.9496047430830039]",batch,both
MNIST,small,43,10,a2,layerwise,weight_fisher,loss_aware,,0.2,1,0.9827,0.9808,0.06697587765604257,0.0612559807992191,228471,0.028386619376897793,228102,0.028327767175572505,0.32220395491458476,20.52392578125,16,16,2048,0.37841870600823313,0.9808,0.0612559799342067,0.38520877400878817,234752,235146,"[0.9918367346938776, 0.9920704845814978, 0.9786821705426356, 0.9782178217821782, 0.9796334012219959, 0.9798206278026906, 0.9812108559498957, 0.980544747081712, 0.9702258726899384, 0.9742319127849356]","[0.9880834160873883, 0.9872611464968153, 0.9860834990059643, 0.9814814814814815, 0.9846311475409836, 0.9821627647714605, 0.9877175025588536, 0.9862745098039216, 0.9683673469387755, 0.974308300395257]",batch,both
MNIST,small,43,10,a2,layerwise,weight_fisher,loss_aware,,0.2,3,0.9825,0.9816,0.06649136898927391,0.06231640453101136,228471,0.028386619376897793,228102,0.028327767175572505,0.32220395491458476,20.52392578125,16,16,2048,0.3557860229630023,0.9816,0.062316404456133026,0.47541074093896896,234752,235146,"[0.9908163265306122, 0.9911894273127754, 0.9806201550387597, 0.9772277227722772, 0.9806517311608961, 0.9820627802690582, 0.9832985386221295, 0.9785992217898832, 0.9722792607802875, 0.9781962338949455]","[0.9870903674280039, 0.986351228389445, 0.9860834990059643, 0.9775828460038987, 0.9846311475409836, 0.9810479375696767, 0.9856704196519959, 0.9862745098039216, 0.9724489795918367, 0.9772727272727273]",batch,both
MNIST,small,43,10,a2,layerwise,weight_fisher,loss_aware,,0.2,5,0.9822,0.9822,0.06816578068248928,0.06276450500173378,228471,0.028386619376897793,228102,0.028327767175572505,0.32220395491458476,20.52392578125,16,16,2048,0.32135063502937555,0.9822,0.06276450336204725,0.3320594480028376,234752,235146,"[0.9908163265306122, 0.9920704845814978, 0.9815891472868217, 0.9762376237623762, 0.9816700610997964, 0.9854260089686099, 0.9812108559498957, 0.9785992217898832, 0.9753593429158111, 0.9781962338949455]","[0.9851042701092354, 0.9854413102820746, 0.9880715705765407, 0.9736842105263158, 0.9846311475409836, 0.9866220735785953, 0.984646878198567, 0.9833333333333333, 0.9704081632653061, 0.9802371541501976]",batch,both
MNIST,small,43,10,a2,layerwise,weight_fisher,loss_aware,,0.3,0,0.9738,0.9759,0.09118235505223274,0.08090579832419753,225000,0.04314766145288462,224644,0.04305820610687028,0.32220395491458476,20.52392578125,16,16,2048,0.3338261949829757,0.9759,0.08090579605475068,0.33708016597665846,234752,235146,"[0.9897959183673469, 0.9823788546255506, 0.9796511627906976, 0.9693069306930693, 0.9887983706720977, 0.9730941704035875, 0.9874739039665971, 0.9610894941634242, 0.9691991786447639, 0.958374628344896]","[0.9880834160873883, 0.9736123748862603, 0.9821073558648111, 0.9629629629629629, 0.9877049180327869, 0.9732441471571907, 0.9928352098259979, 0.9696078431372549, 0.9612244897959183, 0.9476284584980237]",batch,both
MNIST,small,43,10,a2,layerwise,weight_fisher,loss_aware,,0.3,1,0.982,0.9817,0.06468625101745129,0.06114259511101991,225000,0.04314766145288462,224644,0.04305820610687028,0.32220395491458476,20.52392578125,16,16,2048,0.3419319320237264,0.9817,0.06114259393680841,0.3601040430366993,234752,235146,"[0.9918367346938776, 0.9920704845814978, 0.9815891472868217, 0.9801980198019802, 0.9806517311608961, 0.9809417040358744, 0.9791231732776617, 0.9785992217898832, 0.973305954825462, 0.977205153617443]","[0.9890764647467726, 0.9845313921747043, 0.9840954274353877, 0.9805068226120858, 0.9825819672131147, 0.9832775919732442, 0.984646878198567, 0.9862745098039216, 0.9693877551020408, 0.9752964426877471]",batch,both
MNIST,small,43,10,a2,layerwise,weight_fisher,loss_aware,,0.3,3,0.9833,0.9814,0.0662233704417944,0.06291811269494937,225000,0.04314766145288462,224644,0.04305820610687028,0.32220395491458476,20.52392578125,16,16,2048,0.31501901894807816,0.9814,0.06291811237643706,0.3707901040324941,234752,235146,"[0.9908163265306122, 0.9911894273127754, 0.9835271317829457, 0.9811881188118812, 0.9796334012219959, 0.9775784753363229, 0.9822546972860126, 0.9795719844357976, 0.971252566735113, 0.9752229930624381]","[0.9880834160873883, 0.9872611464968153, 0.9870775347912525, 0.9824561403508771, 0.9836065573770492, 0.9810479375696767, 0.9877175025588536, 0.9852941176470589, 0.9704081632653061, 0.9792490118577075]",batch,both
MNIST,small,43,10,a2,layerwise,weight_fisher,loss_aware,,0.3,5,0.9829,0.9812,0.06518947545066475,0.06205721567576984,225000,0.04314766145288462,224644,0.04305820610687028,0.32220395491458476,20.52392578125,16,16,2048,0.34501075302250683,0.9812,0.06205721669133054,0.345681841019541,234752,235146,"[0.9908163265306122, 0.9920704845814978, 0.9806201550387597, 0.9821782178217822, 0.9796334012219959, 0.984304932735426, 0.9801670146137788, 0.9766536964980544, 0.9753593429158111, 0.9692765113974232]","[0.9870903674280039, 0.989080982711556, 0.9850894632206759, 0.9785575048732943, 0.9846311475409836, 0.9832775919732442, 0.9887410440122825, 0.9862745098039216, 0.9704081632653061, 0.9752964426877471]",batch,both
MNIST,small,43,10,a2,layerwise,weight_fisher,loss_aware,,0.4,0,0.9725,0.9736,0.09883196952939033,0.09006167208254337,221529,0.05790870352887145,221186,0.05778864503816794,0.32220395491458476,20.52392578125,16,16,2048,0.3396467260317877,0.9736,0.09006167142093181,0.3451911190059036,234752,235146,"[0.9908163265306122, 0.9832599118942731, 0.9815891472868217, 0.9762376237623762, 0.9908350305498982, 0.9562780269058296, 0.9853862212943633, 0.9562256809338522, 0.9702258726899384, 0.9435084241823588]","[0.9880834160873883, 0.9717925386715196, 0.9831013916500994, 0.9717348927875243, 0.9907786885245902, 0.9632107023411371, 0.9918116683725691, 0.9666666666666667, 0.960204081632653, 0.9377470355731226]",batch,both
MNIST,small,43,10,a2,layerwise,weight_fisher,loss_aware,,0.4,1,0.9817,0.9821,0.06442043525055051,0.060777934481017294,221529,0.05790870352887145,221186,0.05778864503816794,0.32220395491458476,20.52392578125,16,16,2048,0.3649341060081497,0.9821,0.06077793476488441,0.34982014005072415,234752,235146,"[0.9908163265306122, 0.9920704845814978, 0.9825581395348837, 0.9782178217821782, 0.9816700610997964, 0.9809417040358744, 0.9812108559498957, 0.9795719844357976, 0.973305954825462, 0.979187314172448]","[0.9870903674280039, 0.986351228389445, 0.9831013916500994, 0.9785575048732943, 0.9836065573770492, 0.9832775919732442, 0.984646878198567, 0.984313725490196, 0.9704081632653061, 0.9752964426877471]",batch,both
MNIST,small,43,10,a2,layerwise,weight_fisher,loss_aware,,0.4,3,0.9819,0.9814,0.0650834400601685,0.06099170503370697,221529,0.05790870352887145,221186,0.05778864503816794,0.32220395491458476,20.52392578125,16,16,2048,0.33280986605677754,0.9814,0.0609917047736817,0.3744401950389147,234752,235146,"[0.9918367346938776, 0.9920704845814978, 0.9844961240310077, 0.9801980198019802, 0.9806517311608961, 0.9786995515695067, 0.9822546972860126, 0.9785992217898832, 0.9681724845995893, 0.9752229930624381]","[0.9890764647467726, 0.9872611464968153, 0.9831013916500994, 0.9814814814814815, 0.9866803278688525, 0.9832775919732442, 0.9825997952917093, 0.9833333333333333, 0.9642857142857143, 0.9772727272727273]",batch,both
MNIST,small,43,10,a2,layerwise,weight_fisher,loss_aware,,0.4,5,0.9819,0.9821,0.06518234752565623,0.06081961414089892,221529,0.05790870352887145,221186,0.05778864503816794,0.32220395491458476,20.52392578125,16,16,2048,0.3248472800478339,0.9821,0.060819614873663524,0.3163376160664484,234752,235146,"[0.9918367346938776, 0.9920704845814978, 0.9844961240310077, 0.9792079207920792, 0.9755600814663951, 0.9831838565022422, 0.9812108559498957, 0.9824902723735408, 0.9753593429158111, 0.9742319127849356]","[0.9851042701092354, 0.9872611464968153, 0.9860834990059643, 0.9756335282651072, 0.9815573770491803, 0.9843924191750278, 0.9866939611054247, 0.9872549019607844, 0.9693877551020408, 0.9752964426877471]",batch,both
MNIST,small,43,10,a2,layerwise,weight_fisher,loss_aware,,0.5,0,0.965,0.9661,0.12643734757900238,0.11634708509445191,218058,0.07266974560485828,217728,0.0725190839694656,0.32220395491458476,20.52392578125,16,16,2048,0.3243225630139932,0.9661,0.11634708415269851,0.33000658894889057,234752,235146,"[0.9887755102040816, 0.9823788546255506, 0.9835271317829457, 0.9762376237623762, 0.9887983706720977, 0.9417040358744395, 0.9874739039665971, 0.943579766536965, 0.9743326488706365, 0.8919722497522299]","[0.9841112214498511, 0.9727024567788899, 0.9860834990059643, 0.9736842105263158, 0.9897540983606558, 0.9442586399108138, 0.9928352098259979, 0.9558823529411765, 0.963265306122449, 0.8863636363636364]",batch,both
MNIST,small,43,10,a2,layerwise,weight_fisher,loss_aware,,0.5,1,0.9808,0.9801,0.06824264344871044,0.06359443062152713,218058,0.07266974560485828,217728,0.0725190839694656,0.32220395491458476,20.52392578125,16,16,2048,0.3169396639568731,0.9801,0.06359442894142121,0.31093746493570507,234752,235146,"[0.9948979591836735, 0.9920704845814978, 0.9786821705426356, 0.9831683168316832, 0.9806517311608961, 0.9786995515695067, 0.9801670146137788, 0.9747081712062257, 0.9691991786447639, 0.9672943508424182]","[0.9890764647467726, 0.9854413102820746, 0.9821073558648111, 0.9805068226120858, 0.985655737704918, 0.9754738015607581, 0.9856704196519959, 0.9803921568627451, 0.9693877551020408, 0.9733201581027668]",batch,both
MNIST,small,43,10,a2,layerwise,weight_fisher,loss_aware,,0.5,3,0.9815,0.9809,0.06441407518982888,0.06077536367583088,218058,0.07266974560485828,217728,0.0725190839694656,0.32220395491458476,20.52392578125,16,16,2048,0.32591265090741217,0.9809,0.06077536190445535,0.3322005030931905,234752,235146,"[0.9938775510204082, 0.9920704845814978, 0.9767441860465116, 0.9811881188118812, 0.9786150712830958, 0.9820627802690582, 0.9822546972860126, 0.97568093385214, 0.9691991786447639, 0.9762140733399405]","[0.9870903674280039, 0.9845313921747043, 0.9791252485089463, 0.9805068226120858, 0.9815573770491803, 0.9821627647714605, 0.9877175025588536, 0.9862745098039216, 0.9683673469387755, 0.9772727272727273]",batch,both
MNIST,small,43,10,a2,layerwise,weight_fisher,loss_aware,,0.5,5,0.9814,0.9811,0.06518030156157911,0.06201698694350198,218058,0.07266974560485828,217728,0.0725190839694656,0.32220395491458476,20.52392578125,16,16,2048,0.33010789507534355,0.9811,0.06201698638321832,0.35258989490102977,234752,235146,"[0.9918367346938776, 0.9920704845814978, 0.9806201550387597, 0.9792079207920792, 0.9816700610997964, 0.9831838565022422, 0.9822546972860126, 0.9776264591439688, 0.9722792607802875, 0.9692765113974232]","[0.9860973187686196, 0.9872611464968153, 0.9811133200795229, 0.9814814814814815, 0.9846311475409836, 0.9855072463768116, 0.9887410440122825, 0.9852941176470589, 0.9653061224489796, 0.9683794466403162]",batch,both
MNIST,small,43,10,a2,layerwise,weight_fisher,loss_aware,,0.7,0,0.9571,0.9589,0.2215225152015686,0.21289713122844697,211383,0.10105636498175596,211078,0.10084685114503822,0.32220395491458476,20.52392578125,16,16,2048,0.3511586548993364,0.9589,0.21289712715148926,0.35105622094124556,234752,235146,"[0.9887755102040816, 0.9823788546255506, 0.9757751937984496, 0.9801980198019802, 0.9877800407331976, 0.8172645739910314, 0.9874739039665971, 0.9640077821011673, 0.9661190965092402, 0.9226957383548068]","[0.9831181727904668, 0.9708826205641492, 0.9781312127236581, 0.9736842105263158, 0.9887295081967213, 0.8316610925306578, 0.9907881269191402, 0.9696078431372549, 0.9571428571428572, 0.9140316205533597]",batch,both
MNIST,small,43,10,a2,layerwise,weight_fisher,loss_aware,,0.7,1,0.9778,0.9782,0.07759137817919254,0.07291515122652054,211383,0.10105636498175596,211078,0.10084685114503822,0.32220395491458476,20.52392578125,16,16,2048,0.32565506594255567,0.9782,0.07291515192687512,0.3672422500094399,234752,235146,"[0.9938775510204082, 0.9903083700440528, 0.9777131782945736, 0.9782178217821782, 0.9755600814663951, 0.9730941704035875, 0.9801670146137788, 0.9698443579766537, 0.973305954825462, 0.9682854311199207]","[0.9870903674280039, 0.9836214740673339, 0.9821073558648111, 0.969785575048733, 0.9815573770491803, 0.9743589743589743, 0.9866939611054247, 0.9784313725490196, 0.963265306122449, 0.9703557312252964]",batch,both
MNIST,small,43,10,a2,layerwise,weight_fisher,loss_aware,,0.7,3,0.9805,0.9806,0.06907681255787611,0.06713002469241619,211383,0.10105636498175596,211078,0.10084685114503822,0.32220395491458476,20.52392578125,16,16,2048,0.36633383098524064,0.9806,0.06713002595305442,0.3993416359880939,234752,235146,"[0.9938775510204082, 0.9903083700440528, 0.9815891472868217, 0.9841584158415841, 0.9775967413441955, 0.9719730941704036, 0.9822546972860126, 0.9776264591439688, 0.9763860369609856, 0.9682854311199207]","[0.9870903674280039, 0.9854413102820746, 0.9831013916500994, 0.9785575048732943, 0.9815573770491803, 0.9754738015607581, 0.9887410440122825, 0.9833333333333333, 0.9724489795918367, 0.9683794466403162]",batch,both
MNIST,small,43,10,a2,layerwise,weight_fisher,loss_aware,,0.7,5,0.9812,0.9815,0.06664072776436805,0.06292686663046479,211383,0.10105636498175596,211078,0.10084685114503822,0.32220395491458476,20.52392578125,16,16,2048,0.3266421330627054,0.9815,0.06292686633765697,0.33305737003684044,234752,235146,"[0.9938775510204082, 0.9929515418502203, 0.9815891472868217, 0.9821782178217822, 0.9786150712830958, 0.9809417040358744, 0.9832985386221295, 0.9776264591439688, 0.9722792607802875, 0.9702675916749257]","[0.9880834160873883, 0.986351228389445, 0.9801192842942346, 0.9766081871345029, 0.985655737704918, 0.9832775919732442, 0.9877175025588536, 0.984313725490196, 0.9693877551020408, 0.9703557312252964]",batch,both
