dataset,architecture,seed,epoch,layer,criterion,criterion_group,neuron_index,score
MNIST,medium,43,10,a1,output_weight_norm,baseline,0,1.172454595565796
MNIST,medium,43,10,a1,output_weight_norm,baseline,1,1.2543208599090576
MNIST,medium,43,10,a1,output_weight_norm,baseline,2,1.0888618230819702
MNIST,medium,43,10,a1,output_weight_norm,baseline,3,0.41359007358551025
MNIST,medium,43,10,a1,output_weight_norm,baseline,4,1.0264148712158203
MNIST,medium,43,10,a1,output_weight_norm,baseline,5,1.0711411237716675
MNIST,medium,43,10,a1,output_weight_norm,baseline,6,0.9713281393051147
MNIST,medium,43,10,a1,output_weight_norm,baseline,7,0.602212131023407
MNIST,medium,43,10,a1,output_weight_norm,baseline,8,0.9396674633026123
MNIST,medium,43,10,a1,output_weight_norm,baseline,9,1.2360934019088745
MNIST,medium,43,10,a1,output_weight_norm,baseline,10,1.057121992111206
MNIST,medium,43,10,a1,output_weight_norm,baseline,11,1.0658756494522095
MNIST,medium,43,10,a1,output_weight_norm,baseline,12,0.9808732867240906
MNIST,medium,43,10,a1,output_weight_norm,baseline,13,1.3164652585983276
MNIST,medium,43,10,a1,output_weight_norm,baseline,14,1.1860460042953491
MNIST,medium,43,10,a1,output_weight_norm,baseline,15,0.9062886834144592
MNIST,medium,43,10,a1,output_weight_norm,baseline,16,0.9296020269393921
MNIST,medium,43,10,a1,output_weight_norm,baseline,17,1.2415478229522705
MNIST,medium,43,10,a1,output_weight_norm,baseline,18,0.7291073203086853
MNIST,medium,43,10,a1,output_weight_norm,baseline,19,0.8405324816703796
MNIST,medium,43,10,a1,output_weight_norm,baseline,20,1.1797302961349487
MNIST,medium,43,10,a1,output_weight_norm,baseline,21,1.134585976600647
MNIST,medium,43,10,a1,output_weight_norm,baseline,22,1.4937798976898193
MNIST,medium,43,10,a1,output_weight_norm,baseline,23,0.7716314792633057
MNIST,medium,43,10,a1,output_weight_norm,baseline,24,1.1779894828796387
MNIST,medium,43,10,a1,output_weight_norm,baseline,25,1.4406300783157349
MNIST,medium,43,10,a1,output_weight_norm,baseline,26,1.243776559829712
MNIST,medium,43,10,a1,output_weight_norm,baseline,27,1.0761950016021729
MNIST,medium,43,10,a1,output_weight_norm,baseline,28,0.38760972023010254
MNIST,medium,43,10,a1,output_weight_norm,baseline,29,0.996490478515625
MNIST,medium,43,10,a1,output_weight_norm,baseline,30,1.3599231243133545
MNIST,medium,43,10,a1,output_weight_norm,baseline,31,0.4169924855232239
MNIST,medium,43,10,a1,output_weight_norm,baseline,32,0.8093140125274658
MNIST,medium,43,10,a1,output_weight_norm,baseline,33,0.7709903120994568
MNIST,medium,43,10,a1,output_weight_norm,baseline,34,0.44015371799468994
MNIST,medium,43,10,a1,output_weight_norm,baseline,35,0.9592308402061462
MNIST,medium,43,10,a1,output_weight_norm,baseline,36,1.18056321144104
MNIST,medium,43,10,a1,output_weight_norm,baseline,37,0.45966845750808716
MNIST,medium,43,10,a1,output_weight_norm,baseline,38,0.907649576663971
MNIST,medium,43,10,a1,output_weight_norm,baseline,39,0.6882736086845398
MNIST,medium,43,10,a1,output_weight_norm,baseline,40,1.1741679906845093
MNIST,medium,43,10,a1,output_weight_norm,baseline,41,1.081677794456482
MNIST,medium,43,10,a1,output_weight_norm,baseline,42,0.41538363695144653
MNIST,medium,43,10,a1,output_weight_norm,baseline,43,0.6437274217605591
MNIST,medium,43,10,a1,output_weight_norm,baseline,44,0.8573374152183533
MNIST,medium,43,10,a1,output_weight_norm,baseline,45,1.5819008350372314
MNIST,medium,43,10,a1,output_weight_norm,baseline,46,0.9586997032165527
MNIST,medium,43,10,a1,output_weight_norm,baseline,47,1.0613256692886353
MNIST,medium,43,10,a1,output_weight_norm,baseline,48,1.194512128829956
MNIST,medium,43,10,a1,output_weight_norm,baseline,49,0.6159592866897583
MNIST,medium,43,10,a1,output_weight_norm,baseline,50,0.4248628318309784
MNIST,medium,43,10,a1,output_weight_norm,baseline,51,0.9784467816352844
MNIST,medium,43,10,a1,output_weight_norm,baseline,52,0.8044959306716919
MNIST,medium,43,10,a1,output_weight_norm,baseline,53,0.4175654351711273
MNIST,medium,43,10,a1,output_weight_norm,baseline,54,1.3952970504760742
MNIST,medium,43,10,a1,output_weight_norm,baseline,55,0.41046997904777527
MNIST,medium,43,10,a1,output_weight_norm,baseline,56,1.1128140687942505
MNIST,medium,43,10,a1,output_weight_norm,baseline,57,1.0999844074249268
MNIST,medium,43,10,a1,output_weight_norm,baseline,58,0.9203915596008301
MNIST,medium,43,10,a1,output_weight_norm,baseline,59,1.255100965499878
MNIST,medium,43,10,a1,output_weight_norm,baseline,60,1.026314377784729
MNIST,medium,43,10,a1,output_weight_norm,baseline,61,1.3890992403030396
MNIST,medium,43,10,a1,output_weight_norm,baseline,62,0.40661969780921936
MNIST,medium,43,10,a1,output_weight_norm,baseline,63,0.8033310770988464
MNIST,medium,43,10,a1,output_weight_norm,baseline,64,1.1924160718917847
MNIST,medium,43,10,a1,output_weight_norm,baseline,65,0.9603590369224548
MNIST,medium,43,10,a1,output_weight_norm,baseline,66,0.914776086807251
MNIST,medium,43,10,a1,output_weight_norm,baseline,67,0.8303373456001282
MNIST,medium,43,10,a1,output_weight_norm,baseline,68,1.0885637998580933
MNIST,medium,43,10,a1,output_weight_norm,baseline,69,1.0241185426712036
MNIST,medium,43,10,a1,output_weight_norm,baseline,70,1.0782262086868286
MNIST,medium,43,10,a1,output_weight_norm,baseline,71,1.2279199361801147
MNIST,medium,43,10,a1,output_weight_norm,baseline,72,1.014005422592163
MNIST,medium,43,10,a1,output_weight_norm,baseline,73,0.9783646464347839
MNIST,medium,43,10,a1,output_weight_norm,baseline,74,1.6280646324157715
MNIST,medium,43,10,a1,output_weight_norm,baseline,75,1.048415184020996
MNIST,medium,43,10,a1,output_weight_norm,baseline,76,0.9172849059104919
MNIST,medium,43,10,a1,output_weight_norm,baseline,77,1.3061871528625488
MNIST,medium,43,10,a1,output_weight_norm,baseline,78,1.2047582864761353
MNIST,medium,43,10,a1,output_weight_norm,baseline,79,0.3972415030002594
MNIST,medium,43,10,a1,output_weight_norm,baseline,80,0.8811373114585876
MNIST,medium,43,10,a1,output_weight_norm,baseline,81,0.9467148184776306
MNIST,medium,43,10,a1,output_weight_norm,baseline,82,0.9750986695289612
MNIST,medium,43,10,a1,output_weight_norm,baseline,83,0.7580016255378723
MNIST,medium,43,10,a1,output_weight_norm,baseline,84,0.6990561485290527
MNIST,medium,43,10,a1,output_weight_norm,baseline,85,0.39097368717193604
MNIST,medium,43,10,a1,output_weight_norm,baseline,86,0.6836730241775513
MNIST,medium,43,10,a1,output_weight_norm,baseline,87,0.6626522541046143
MNIST,medium,43,10,a1,output_weight_norm,baseline,88,1.0232840776443481
MNIST,medium,43,10,a1,output_weight_norm,baseline,89,1.1654473543167114
MNIST,medium,43,10,a1,output_weight_norm,baseline,90,0.45494920015335083
MNIST,medium,43,10,a1,output_weight_norm,baseline,91,0.8863645195960999
MNIST,medium,43,10,a1,output_weight_norm,baseline,92,0.9789151549339294
MNIST,medium,43,10,a1,output_weight_norm,baseline,93,1.0528833866119385
MNIST,medium,43,10,a1,output_weight_norm,baseline,94,1.045061469078064
MNIST,medium,43,10,a1,output_weight_norm,baseline,95,1.3237468004226685
MNIST,medium,43,10,a1,output_weight_norm,baseline,96,0.969885528087616
MNIST,medium,43,10,a1,output_weight_norm,baseline,97,0.9915236830711365
MNIST,medium,43,10,a1,output_weight_norm,baseline,98,1.1261266469955444
MNIST,medium,43,10,a1,output_weight_norm,baseline,99,0.8916289806365967
MNIST,medium,43,10,a1,output_weight_norm,baseline,100,0.9600658416748047
MNIST,medium,43,10,a1,output_weight_norm,baseline,101,1.1427810192108154
MNIST,medium,43,10,a1,output_weight_norm,baseline,102,0.9890307188034058
MNIST,medium,43,10,a1,output_weight_norm,baseline,103,0.4439774751663208
MNIST,medium,43,10,a1,output_weight_norm,baseline,104,0.9299996495246887
MNIST,medium,43,10,a1,output_weight_norm,baseline,105,0.9349815845489502
MNIST,medium,43,10,a1,output_weight_norm,baseline,106,0.95134437084198
MNIST,medium,43,10,a1,output_weight_norm,baseline,107,0.7882566452026367
MNIST,medium,43,10,a1,output_weight_norm,baseline,108,0.8419672250747681
MNIST,medium,43,10,a1,output_weight_norm,baseline,109,1.1144434213638306
MNIST,medium,43,10,a1,output_weight_norm,baseline,110,1.023140788078308
MNIST,medium,43,10,a1,output_weight_norm,baseline,111,1.0801714658737183
MNIST,medium,43,10,a1,output_weight_norm,baseline,112,1.0624555349349976
MNIST,medium,43,10,a1,output_weight_norm,baseline,113,0.9240813255310059
MNIST,medium,43,10,a1,output_weight_norm,baseline,114,0.9364780187606812
MNIST,medium,43,10,a1,output_weight_norm,baseline,115,0.8960831165313721
MNIST,medium,43,10,a1,output_weight_norm,baseline,116,1.0558526515960693
MNIST,medium,43,10,a1,output_weight_norm,baseline,117,0.9619401097297668
MNIST,medium,43,10,a1,output_weight_norm,baseline,118,0.9513005018234253
MNIST,medium,43,10,a1,output_weight_norm,baseline,119,1.1421396732330322
MNIST,medium,43,10,a1,output_weight_norm,baseline,120,0.7621110081672668
MNIST,medium,43,10,a1,output_weight_norm,baseline,121,1.017136573791504
MNIST,medium,43,10,a1,output_weight_norm,baseline,122,0.9930818676948547
MNIST,medium,43,10,a1,output_weight_norm,baseline,123,0.9509515762329102
MNIST,medium,43,10,a1,output_weight_norm,baseline,124,0.41035881638526917
MNIST,medium,43,10,a1,output_weight_norm,baseline,125,1.0705065727233887
MNIST,medium,43,10,a1,output_weight_norm,baseline,126,1.4415117502212524
MNIST,medium,43,10,a1,output_weight_norm,baseline,127,0.7605222463607788
MNIST,medium,43,10,a1,output_weight_norm,baseline,128,0.9690121412277222
MNIST,medium,43,10,a1,output_weight_norm,baseline,129,0.7525362968444824
MNIST,medium,43,10,a1,output_weight_norm,baseline,130,1.0497546195983887
MNIST,medium,43,10,a1,output_weight_norm,baseline,131,0.7135787606239319
MNIST,medium,43,10,a1,output_weight_norm,baseline,132,1.1475204229354858
MNIST,medium,43,10,a1,output_weight_norm,baseline,133,1.019187092781067
MNIST,medium,43,10,a1,output_weight_norm,baseline,134,0.873182475566864
MNIST,medium,43,10,a1,output_weight_norm,baseline,135,1.1754729747772217
MNIST,medium,43,10,a1,output_weight_norm,baseline,136,0.9935895800590515
MNIST,medium,43,10,a1,output_weight_norm,baseline,137,1.2252991199493408
MNIST,medium,43,10,a1,output_weight_norm,baseline,138,0.8887860774993896
MNIST,medium,43,10,a1,output_weight_norm,baseline,139,1.5752393007278442
MNIST,medium,43,10,a1,output_weight_norm,baseline,140,0.3939030170440674
MNIST,medium,43,10,a1,output_weight_norm,baseline,141,1.2228379249572754
MNIST,medium,43,10,a1,output_weight_norm,baseline,142,1.0357662439346313
MNIST,medium,43,10,a1,output_weight_norm,baseline,143,0.9680253863334656
MNIST,medium,43,10,a1,output_weight_norm,baseline,144,0.3958432376384735
MNIST,medium,43,10,a1,output_weight_norm,baseline,145,1.0875543355941772
MNIST,medium,43,10,a1,output_weight_norm,baseline,146,1.3381574153900146
MNIST,medium,43,10,a1,output_weight_norm,baseline,147,1.3713569641113281
MNIST,medium,43,10,a1,output_weight_norm,baseline,148,0.9185014963150024
MNIST,medium,43,10,a1,output_weight_norm,baseline,149,0.8118070960044861
MNIST,medium,43,10,a1,output_weight_norm,baseline,150,0.41666939854621887
MNIST,medium,43,10,a1,output_weight_norm,baseline,151,1.0115559101104736
MNIST,medium,43,10,a1,output_weight_norm,baseline,152,1.2690922021865845
MNIST,medium,43,10,a1,output_weight_norm,baseline,153,0.4097002446651459
MNIST,medium,43,10,a1,output_weight_norm,baseline,154,0.41003796458244324
MNIST,medium,43,10,a1,output_weight_norm,baseline,155,1.1052565574645996
MNIST,medium,43,10,a1,output_weight_norm,baseline,156,1.4429831504821777
MNIST,medium,43,10,a1,output_weight_norm,baseline,157,1.1521120071411133
MNIST,medium,43,10,a1,output_weight_norm,baseline,158,0.8336062431335449
MNIST,medium,43,10,a1,output_weight_norm,baseline,159,0.8333225846290588
MNIST,medium,43,10,a1,output_weight_norm,baseline,160,0.9902573227882385
MNIST,medium,43,10,a1,output_weight_norm,baseline,161,0.5265735387802124
MNIST,medium,43,10,a1,output_weight_norm,baseline,162,1.114071011543274
MNIST,medium,43,10,a1,output_weight_norm,baseline,163,0.9239464998245239
MNIST,medium,43,10,a1,output_weight_norm,baseline,164,1.1943331956863403
MNIST,medium,43,10,a1,output_weight_norm,baseline,165,1.1188206672668457
MNIST,medium,43,10,a1,output_weight_norm,baseline,166,1.1264101266860962
MNIST,medium,43,10,a1,output_weight_norm,baseline,167,0.7911981344223022
MNIST,medium,43,10,a1,output_weight_norm,baseline,168,1.0906178951263428
MNIST,medium,43,10,a1,output_weight_norm,baseline,169,1.1903691291809082
MNIST,medium,43,10,a1,output_weight_norm,baseline,170,0.7130357623100281
MNIST,medium,43,10,a1,output_weight_norm,baseline,171,0.8873543739318848
MNIST,medium,43,10,a1,output_weight_norm,baseline,172,0.8827944993972778
MNIST,medium,43,10,a1,output_weight_norm,baseline,173,0.866487979888916
MNIST,medium,43,10,a1,output_weight_norm,baseline,174,0.9252834320068359
MNIST,medium,43,10,a1,output_weight_norm,baseline,175,0.8099161386489868
MNIST,medium,43,10,a1,output_weight_norm,baseline,176,0.9753860831260681
MNIST,medium,43,10,a1,output_weight_norm,baseline,177,1.0801985263824463
MNIST,medium,43,10,a1,output_weight_norm,baseline,178,1.0182515382766724
MNIST,medium,43,10,a1,output_weight_norm,baseline,179,0.917789876461029
MNIST,medium,43,10,a1,output_weight_norm,baseline,180,0.8794759511947632
MNIST,medium,43,10,a1,output_weight_norm,baseline,181,0.8527742624282837
MNIST,medium,43,10,a1,output_weight_norm,baseline,182,0.9971762895584106
MNIST,medium,43,10,a1,output_weight_norm,baseline,183,1.174669623374939
MNIST,medium,43,10,a1,output_weight_norm,baseline,184,1.21571946144104
MNIST,medium,43,10,a1,output_weight_norm,baseline,185,0.7918016314506531
MNIST,medium,43,10,a1,output_weight_norm,baseline,186,1.0062487125396729
MNIST,medium,43,10,a1,output_weight_norm,baseline,187,0.7708180546760559
MNIST,medium,43,10,a1,output_weight_norm,baseline,188,0.9422603249549866
MNIST,medium,43,10,a1,output_weight_norm,baseline,189,0.8690647482872009
MNIST,medium,43,10,a1,output_weight_norm,baseline,190,0.9700155854225159
MNIST,medium,43,10,a1,output_weight_norm,baseline,191,0.772346019744873
MNIST,medium,43,10,a1,output_weight_norm,baseline,192,1.1040374040603638
MNIST,medium,43,10,a1,output_weight_norm,baseline,193,1.1352746486663818
MNIST,medium,43,10,a1,output_weight_norm,baseline,194,0.837815523147583
MNIST,medium,43,10,a1,output_weight_norm,baseline,195,1.0794548988342285
MNIST,medium,43,10,a1,output_weight_norm,baseline,196,0.9110612869262695
MNIST,medium,43,10,a1,output_weight_norm,baseline,197,1.1705948114395142
MNIST,medium,43,10,a1,output_weight_norm,baseline,198,0.9278825521469116
MNIST,medium,43,10,a1,output_weight_norm,baseline,199,0.7964838147163391
MNIST,medium,43,10,a1,output_weight_norm,baseline,200,0.8608502745628357
MNIST,medium,43,10,a1,output_weight_norm,baseline,201,0.4959162473678589
MNIST,medium,43,10,a1,output_weight_norm,baseline,202,0.8071150779724121
MNIST,medium,43,10,a1,output_weight_norm,baseline,203,1.002022624015808
MNIST,medium,43,10,a1,output_weight_norm,baseline,204,1.1483912467956543
MNIST,medium,43,10,a1,output_weight_norm,baseline,205,1.215973973274231
MNIST,medium,43,10,a1,output_weight_norm,baseline,206,1.35775887966156
MNIST,medium,43,10,a1,output_weight_norm,baseline,207,1.1985712051391602
MNIST,medium,43,10,a1,output_weight_norm,baseline,208,0.987130343914032
MNIST,medium,43,10,a1,output_weight_norm,baseline,209,1.2133824825286865
MNIST,medium,43,10,a1,output_weight_norm,baseline,210,0.917779266834259
MNIST,medium,43,10,a1,output_weight_norm,baseline,211,1.023687720298767
MNIST,medium,43,10,a1,output_weight_norm,baseline,212,1.0375932455062866
MNIST,medium,43,10,a1,output_weight_norm,baseline,213,0.43496641516685486
MNIST,medium,43,10,a1,output_weight_norm,baseline,214,1.031760811805725
MNIST,medium,43,10,a1,output_weight_norm,baseline,215,0.5694423317909241
MNIST,medium,43,10,a1,output_weight_norm,baseline,216,0.9931818246841431
MNIST,medium,43,10,a1,output_weight_norm,baseline,217,1.2549000978469849
MNIST,medium,43,10,a1,output_weight_norm,baseline,218,0.42223045229911804
MNIST,medium,43,10,a1,output_weight_norm,baseline,219,0.40896716713905334
MNIST,medium,43,10,a1,output_weight_norm,baseline,220,1.0644222497940063
MNIST,medium,43,10,a1,output_weight_norm,baseline,221,0.7307310104370117
MNIST,medium,43,10,a1,output_weight_norm,baseline,222,0.7077174186706543
MNIST,medium,43,10,a1,output_weight_norm,baseline,223,0.9728030562400818
MNIST,medium,43,10,a1,output_weight_norm,baseline,224,1.0213853120803833
MNIST,medium,43,10,a1,output_weight_norm,baseline,225,0.9525212645530701
MNIST,medium,43,10,a1,output_weight_norm,baseline,226,0.9874722957611084
MNIST,medium,43,10,a1,output_weight_norm,baseline,227,0.968151330947876
MNIST,medium,43,10,a1,output_weight_norm,baseline,228,1.1399083137512207
MNIST,medium,43,10,a1,output_weight_norm,baseline,229,0.9026461839675903
MNIST,medium,43,10,a1,output_weight_norm,baseline,230,0.8486310243606567
MNIST,medium,43,10,a1,output_weight_norm,baseline,231,1.042901873588562
MNIST,medium,43,10,a1,output_weight_norm,baseline,232,1.08756422996521
MNIST,medium,43,10,a1,output_weight_norm,baseline,233,0.9965094923973083
MNIST,medium,43,10,a1,output_weight_norm,baseline,234,1.144350528717041
MNIST,medium,43,10,a1,output_weight_norm,baseline,235,0.9198505282402039
MNIST,medium,43,10,a1,output_weight_norm,baseline,236,0.9888806343078613
MNIST,medium,43,10,a1,output_weight_norm,baseline,237,1.3148216009140015
MNIST,medium,43,10,a1,output_weight_norm,baseline,238,0.9016475081443787
MNIST,medium,43,10,a1,output_weight_norm,baseline,239,0.7082758545875549
MNIST,medium,43,10,a1,output_weight_norm,baseline,240,0.6513915657997131
MNIST,medium,43,10,a1,output_weight_norm,baseline,241,0.9282969236373901
MNIST,medium,43,10,a1,output_weight_norm,baseline,242,0.9375610947608948
MNIST,medium,43,10,a1,output_weight_norm,baseline,243,0.604045569896698
MNIST,medium,43,10,a1,output_weight_norm,baseline,244,1.1799051761627197
MNIST,medium,43,10,a1,output_weight_norm,baseline,245,0.4473338723182678
MNIST,medium,43,10,a1,output_weight_norm,baseline,246,1.3327642679214478
MNIST,medium,43,10,a1,output_weight_norm,baseline,247,1.1505967378616333
MNIST,medium,43,10,a1,output_weight_norm,baseline,248,1.1609747409820557
MNIST,medium,43,10,a1,output_weight_norm,baseline,249,1.1523668766021729
MNIST,medium,43,10,a1,output_weight_norm,baseline,250,1.108575463294983
MNIST,medium,43,10,a1,output_weight_norm,baseline,251,1.521539330482483
MNIST,medium,43,10,a1,output_weight_norm,baseline,252,0.77252596616745
MNIST,medium,43,10,a1,output_weight_norm,baseline,253,0.8426274061203003
MNIST,medium,43,10,a1,output_weight_norm,baseline,254,1.3501818180084229
MNIST,medium,43,10,a1,output_weight_norm,baseline,255,0.9188207387924194
MNIST,medium,43,10,a1,output_weight_norm,baseline,256,0.9045581221580505
MNIST,medium,43,10,a1,output_weight_norm,baseline,257,0.9383678436279297
MNIST,medium,43,10,a1,output_weight_norm,baseline,258,0.39928293228149414
MNIST,medium,43,10,a1,output_weight_norm,baseline,259,1.052605390548706
MNIST,medium,43,10,a1,output_weight_norm,baseline,260,0.9357886910438538
MNIST,medium,43,10,a1,output_weight_norm,baseline,261,1.0053043365478516
MNIST,medium,43,10,a1,output_weight_norm,baseline,262,1.1785115003585815
MNIST,medium,43,10,a1,output_weight_norm,baseline,263,1.1593624353408813
MNIST,medium,43,10,a1,output_weight_norm,baseline,264,1.486882209777832
MNIST,medium,43,10,a1,output_weight_norm,baseline,265,0.9767734408378601
MNIST,medium,43,10,a1,output_weight_norm,baseline,266,0.7215719223022461
MNIST,medium,43,10,a1,output_weight_norm,baseline,267,0.4784703254699707
MNIST,medium,43,10,a1,output_weight_norm,baseline,268,1.3821254968643188
MNIST,medium,43,10,a1,output_weight_norm,baseline,269,0.8981430530548096
MNIST,medium,43,10,a1,output_weight_norm,baseline,270,1.451764702796936
MNIST,medium,43,10,a1,output_weight_norm,baseline,271,1.0656869411468506
MNIST,medium,43,10,a1,output_weight_norm,baseline,272,0.7259794473648071
MNIST,medium,43,10,a1,output_weight_norm,baseline,273,0.9097302556037903
MNIST,medium,43,10,a1,output_weight_norm,baseline,274,0.4075007736682892
MNIST,medium,43,10,a1,output_weight_norm,baseline,275,0.43829023838043213
MNIST,medium,43,10,a1,output_weight_norm,baseline,276,0.9450573325157166
MNIST,medium,43,10,a1,output_weight_norm,baseline,277,0.5524245500564575
MNIST,medium,43,10,a1,output_weight_norm,baseline,278,1.008220911026001
MNIST,medium,43,10,a1,output_weight_norm,baseline,279,0.878294825553894
MNIST,medium,43,10,a1,output_weight_norm,baseline,280,1.0779783725738525
MNIST,medium,43,10,a1,output_weight_norm,baseline,281,1.0746575593948364
MNIST,medium,43,10,a1,output_weight_norm,baseline,282,0.8613271117210388
MNIST,medium,43,10,a1,output_weight_norm,baseline,283,0.9096622467041016
MNIST,medium,43,10,a1,output_weight_norm,baseline,284,1.118024468421936
MNIST,medium,43,10,a1,output_weight_norm,baseline,285,1.0909819602966309
MNIST,medium,43,10,a1,output_weight_norm,baseline,286,1.2523919343948364
MNIST,medium,43,10,a1,output_weight_norm,baseline,287,1.2381070852279663
MNIST,medium,43,10,a1,output_weight_norm,baseline,288,0.7569077014923096
MNIST,medium,43,10,a1,output_weight_norm,baseline,289,1.0365080833435059
MNIST,medium,43,10,a1,output_weight_norm,baseline,290,1.1632978916168213
MNIST,medium,43,10,a1,output_weight_norm,baseline,291,1.1495641469955444
MNIST,medium,43,10,a1,output_weight_norm,baseline,292,0.8811255693435669
MNIST,medium,43,10,a1,output_weight_norm,baseline,293,1.0321738719940186
MNIST,medium,43,10,a1,output_weight_norm,baseline,294,0.9374824166297913
MNIST,medium,43,10,a1,output_weight_norm,baseline,295,0.42582759261131287
MNIST,medium,43,10,a1,output_weight_norm,baseline,296,1.2484079599380493
MNIST,medium,43,10,a1,output_weight_norm,baseline,297,0.4127202033996582
MNIST,medium,43,10,a1,output_weight_norm,baseline,298,0.8496456742286682
MNIST,medium,43,10,a1,output_weight_norm,baseline,299,1.4116653203964233
MNIST,medium,43,10,a1,output_weight_norm,baseline,300,0.8720828294754028
MNIST,medium,43,10,a1,output_weight_norm,baseline,301,0.9960813522338867
MNIST,medium,43,10,a1,output_weight_norm,baseline,302,0.9577921628952026
MNIST,medium,43,10,a1,output_weight_norm,baseline,303,0.9939598441123962
MNIST,medium,43,10,a1,output_weight_norm,baseline,304,1.003420114517212
MNIST,medium,43,10,a1,output_weight_norm,baseline,305,0.9764785170555115
MNIST,medium,43,10,a1,output_weight_norm,baseline,306,1.0092912912368774
MNIST,medium,43,10,a1,output_weight_norm,baseline,307,1.1946773529052734
MNIST,medium,43,10,a1,output_weight_norm,baseline,308,1.135988712310791
MNIST,medium,43,10,a1,output_weight_norm,baseline,309,1.1970502138137817
MNIST,medium,43,10,a1,output_weight_norm,baseline,310,1.0398668050765991
MNIST,medium,43,10,a1,output_weight_norm,baseline,311,1.0905698537826538
MNIST,medium,43,10,a1,output_weight_norm,baseline,312,0.7907562255859375
MNIST,medium,43,10,a1,output_weight_norm,baseline,313,1.1482558250427246
MNIST,medium,43,10,a1,output_weight_norm,baseline,314,0.9263339042663574
MNIST,medium,43,10,a1,output_weight_norm,baseline,315,0.9096949696540833
MNIST,medium,43,10,a1,output_weight_norm,baseline,316,0.7948943376541138
MNIST,medium,43,10,a1,output_weight_norm,baseline,317,1.1019389629364014
MNIST,medium,43,10,a1,output_weight_norm,baseline,318,0.41925573348999023
MNIST,medium,43,10,a1,output_weight_norm,baseline,319,0.9848366975784302
MNIST,medium,43,10,a1,output_weight_norm,baseline,320,0.950578510761261
MNIST,medium,43,10,a1,output_weight_norm,baseline,321,1.237563967704773
MNIST,medium,43,10,a1,output_weight_norm,baseline,322,1.1530647277832031
MNIST,medium,43,10,a1,output_weight_norm,baseline,323,0.8476537466049194
MNIST,medium,43,10,a1,output_weight_norm,baseline,324,1.2038744688034058
MNIST,medium,43,10,a1,output_weight_norm,baseline,325,0.8745890259742737
MNIST,medium,43,10,a1,output_weight_norm,baseline,326,0.9785277247428894
MNIST,medium,43,10,a1,output_weight_norm,baseline,327,1.1178361177444458
MNIST,medium,43,10,a1,output_weight_norm,baseline,328,0.837303638458252
MNIST,medium,43,10,a1,output_weight_norm,baseline,329,0.9310436248779297
MNIST,medium,43,10,a1,output_weight_norm,baseline,330,0.9015899300575256
MNIST,medium,43,10,a1,output_weight_norm,baseline,331,0.6704965233802795
MNIST,medium,43,10,a1,output_weight_norm,baseline,332,0.7607121467590332
MNIST,medium,43,10,a1,output_weight_norm,baseline,333,0.754876971244812
MNIST,medium,43,10,a1,output_weight_norm,baseline,334,1.528478980064392
MNIST,medium,43,10,a1,output_weight_norm,baseline,335,1.0900533199310303
MNIST,medium,43,10,a1,output_weight_norm,baseline,336,1.1117990016937256
MNIST,medium,43,10,a1,output_weight_norm,baseline,337,0.8769589066505432
MNIST,medium,43,10,a1,output_weight_norm,baseline,338,0.7647289633750916
MNIST,medium,43,10,a1,output_weight_norm,baseline,339,1.0528013706207275
MNIST,medium,43,10,a1,output_weight_norm,baseline,340,0.40384650230407715
MNIST,medium,43,10,a1,output_weight_norm,baseline,341,0.8627663850784302
MNIST,medium,43,10,a1,output_weight_norm,baseline,342,0.9720469117164612
MNIST,medium,43,10,a1,output_weight_norm,baseline,343,1.1344208717346191
MNIST,medium,43,10,a1,output_weight_norm,baseline,344,0.8375953435897827
MNIST,medium,43,10,a1,output_weight_norm,baseline,345,0.8837307691574097
MNIST,medium,43,10,a1,output_weight_norm,baseline,346,1.6573435068130493
MNIST,medium,43,10,a1,output_weight_norm,baseline,347,1.3839527368545532
MNIST,medium,43,10,a1,output_weight_norm,baseline,348,0.8187536001205444
MNIST,medium,43,10,a1,output_weight_norm,baseline,349,0.8323487043380737
MNIST,medium,43,10,a1,output_weight_norm,baseline,350,1.1222938299179077
MNIST,medium,43,10,a1,output_weight_norm,baseline,351,0.7551214098930359
MNIST,medium,43,10,a1,output_weight_norm,baseline,352,0.5699779987335205
MNIST,medium,43,10,a1,output_weight_norm,baseline,353,1.0863111019134521
MNIST,medium,43,10,a1,output_weight_norm,baseline,354,1.0594916343688965
MNIST,medium,43,10,a1,output_weight_norm,baseline,355,0.9195603132247925
MNIST,medium,43,10,a1,output_weight_norm,baseline,356,1.0457127094268799
MNIST,medium,43,10,a1,output_weight_norm,baseline,357,0.9466133117675781
MNIST,medium,43,10,a1,output_weight_norm,baseline,358,0.8324137330055237
MNIST,medium,43,10,a1,output_weight_norm,baseline,359,1.3702669143676758
MNIST,medium,43,10,a1,output_weight_norm,baseline,360,1.1087253093719482
MNIST,medium,43,10,a1,output_weight_norm,baseline,361,1.2630399465560913
MNIST,medium,43,10,a1,output_weight_norm,baseline,362,1.209916353225708
MNIST,medium,43,10,a1,output_weight_norm,baseline,363,0.9519298076629639
MNIST,medium,43,10,a1,output_weight_norm,baseline,364,1.2649270296096802
MNIST,medium,43,10,a1,output_weight_norm,baseline,365,0.9671751856803894
MNIST,medium,43,10,a1,output_weight_norm,baseline,366,0.9899768829345703
MNIST,medium,43,10,a1,output_weight_norm,baseline,367,1.1930269002914429
MNIST,medium,43,10,a1,output_weight_norm,baseline,368,0.7392686009407043
MNIST,medium,43,10,a1,output_weight_norm,baseline,369,0.9523653388023376
MNIST,medium,43,10,a1,output_weight_norm,baseline,370,0.4155641496181488
MNIST,medium,43,10,a1,output_weight_norm,baseline,371,0.9647169709205627
MNIST,medium,43,10,a1,output_weight_norm,baseline,372,1.1427642107009888
MNIST,medium,43,10,a1,output_weight_norm,baseline,373,0.9445041418075562
MNIST,medium,43,10,a1,output_weight_norm,baseline,374,0.9706371426582336
MNIST,medium,43,10,a1,output_weight_norm,baseline,375,1.129315972328186
MNIST,medium,43,10,a1,output_weight_norm,baseline,376,0.9395198822021484
MNIST,medium,43,10,a1,output_weight_norm,baseline,377,1.1881166696548462
MNIST,medium,43,10,a1,output_weight_norm,baseline,378,0.8147200345993042
MNIST,medium,43,10,a1,output_weight_norm,baseline,379,1.1510815620422363
MNIST,medium,43,10,a1,output_weight_norm,baseline,380,1.1675167083740234
MNIST,medium,43,10,a1,output_weight_norm,baseline,381,1.007225751876831
MNIST,medium,43,10,a1,output_weight_norm,baseline,382,0.9787951111793518
MNIST,medium,43,10,a1,output_weight_norm,baseline,383,0.7780110836029053
MNIST,medium,43,10,a1,output_weight_norm,baseline,384,1.0140843391418457
MNIST,medium,43,10,a1,output_weight_norm,baseline,385,0.8859493136405945
MNIST,medium,43,10,a1,output_weight_norm,baseline,386,1.0474233627319336
MNIST,medium,43,10,a1,output_weight_norm,baseline,387,1.3375751972198486
MNIST,medium,43,10,a1,output_weight_norm,baseline,388,1.1114553213119507
MNIST,medium,43,10,a1,output_weight_norm,baseline,389,1.0955740213394165
MNIST,medium,43,10,a1,output_weight_norm,baseline,390,0.8859913349151611
MNIST,medium,43,10,a1,output_weight_norm,baseline,391,1.1241837739944458
MNIST,medium,43,10,a1,output_weight_norm,baseline,392,0.8814085721969604
MNIST,medium,43,10,a1,output_weight_norm,baseline,393,1.2262120246887207
MNIST,medium,43,10,a1,output_weight_norm,baseline,394,1.1042612791061401
MNIST,medium,43,10,a1,output_weight_norm,baseline,395,0.8500692844390869
MNIST,medium,43,10,a1,output_weight_norm,baseline,396,1.006343126296997
MNIST,medium,43,10,a1,output_weight_norm,baseline,397,0.9134078621864319
MNIST,medium,43,10,a1,output_weight_norm,baseline,398,1.1596297025680542
MNIST,medium,43,10,a1,output_weight_norm,baseline,399,0.7279374599456787
MNIST,medium,43,10,a1,output_weight_norm,baseline,400,0.8222803473472595
MNIST,medium,43,10,a1,output_weight_norm,baseline,401,1.1158490180969238
MNIST,medium,43,10,a1,output_weight_norm,baseline,402,0.9555487632751465
MNIST,medium,43,10,a1,output_weight_norm,baseline,403,1.454933762550354
MNIST,medium,43,10,a1,output_weight_norm,baseline,404,1.0226867198944092
MNIST,medium,43,10,a1,output_weight_norm,baseline,405,1.0185984373092651
MNIST,medium,43,10,a1,output_weight_norm,baseline,406,1.32161545753479
MNIST,medium,43,10,a1,output_weight_norm,baseline,407,0.7098549604415894
MNIST,medium,43,10,a1,output_weight_norm,baseline,408,1.1048280000686646
MNIST,medium,43,10,a1,output_weight_norm,baseline,409,1.3294398784637451
MNIST,medium,43,10,a1,output_weight_norm,baseline,410,0.43198052048683167
MNIST,medium,43,10,a1,output_weight_norm,baseline,411,1.0195940732955933
MNIST,medium,43,10,a1,output_weight_norm,baseline,412,1.1364625692367554
MNIST,medium,43,10,a1,output_weight_norm,baseline,413,1.0771043300628662
MNIST,medium,43,10,a1,output_weight_norm,baseline,414,1.249359369277954
MNIST,medium,43,10,a1,output_weight_norm,baseline,415,0.8687196373939514
MNIST,medium,43,10,a1,output_weight_norm,baseline,416,1.1093897819519043
MNIST,medium,43,10,a1,output_weight_norm,baseline,417,0.9746862053871155
MNIST,medium,43,10,a1,output_weight_norm,baseline,418,1.2967251539230347
MNIST,medium,43,10,a1,output_weight_norm,baseline,419,1.0741420984268188
MNIST,medium,43,10,a1,output_weight_norm,baseline,420,1.1140131950378418
MNIST,medium,43,10,a1,output_weight_norm,baseline,421,1.0418702363967896
MNIST,medium,43,10,a1,output_weight_norm,baseline,422,0.9632863998413086
MNIST,medium,43,10,a1,output_weight_norm,baseline,423,0.9717549085617065
MNIST,medium,43,10,a1,output_weight_norm,baseline,424,0.6111819744110107
MNIST,medium,43,10,a1,output_weight_norm,baseline,425,0.9044302105903625
MNIST,medium,43,10,a1,output_weight_norm,baseline,426,0.8794137239456177
MNIST,medium,43,10,a1,output_weight_norm,baseline,427,0.9091260433197021
MNIST,medium,43,10,a1,output_weight_norm,baseline,428,1.107312560081482
MNIST,medium,43,10,a1,output_weight_norm,baseline,429,0.9780096411705017
MNIST,medium,43,10,a1,output_weight_norm,baseline,430,0.4463422894477844
MNIST,medium,43,10,a1,output_weight_norm,baseline,431,1.0398361682891846
MNIST,medium,43,10,a1,output_weight_norm,baseline,432,1.3095518350601196
MNIST,medium,43,10,a1,output_weight_norm,baseline,433,1.0522246360778809
MNIST,medium,43,10,a1,output_weight_norm,baseline,434,0.8294519782066345
MNIST,medium,43,10,a1,output_weight_norm,baseline,435,1.0198479890823364
MNIST,medium,43,10,a1,output_weight_norm,baseline,436,0.7534736394882202
MNIST,medium,43,10,a1,output_weight_norm,baseline,437,1.2149618864059448
MNIST,medium,43,10,a1,output_weight_norm,baseline,438,0.835838794708252
MNIST,medium,43,10,a1,output_weight_norm,baseline,439,1.1201508045196533
MNIST,medium,43,10,a1,output_weight_norm,baseline,440,0.9074724912643433
MNIST,medium,43,10,a1,output_weight_norm,baseline,441,1.1678775548934937
MNIST,medium,43,10,a1,output_weight_norm,baseline,442,0.7598272562026978
MNIST,medium,43,10,a1,output_weight_norm,baseline,443,1.033211588859558
MNIST,medium,43,10,a1,output_weight_norm,baseline,444,0.8033754229545593
MNIST,medium,43,10,a1,output_weight_norm,baseline,445,0.7892662286758423
MNIST,medium,43,10,a1,output_weight_norm,baseline,446,1.1331459283828735
MNIST,medium,43,10,a1,output_weight_norm,baseline,447,0.827437698841095
MNIST,medium,43,10,a1,output_weight_norm,baseline,448,1.079154133796692
MNIST,medium,43,10,a1,output_weight_norm,baseline,449,1.020973801612854
MNIST,medium,43,10,a1,output_weight_norm,baseline,450,1.1665688753128052
MNIST,medium,43,10,a1,output_weight_norm,baseline,451,0.8701492547988892
MNIST,medium,43,10,a1,output_weight_norm,baseline,452,1.1978076696395874
MNIST,medium,43,10,a1,output_weight_norm,baseline,453,0.5873449444770813
MNIST,medium,43,10,a1,output_weight_norm,baseline,454,0.990791380405426
MNIST,medium,43,10,a1,output_weight_norm,baseline,455,0.7235258221626282
MNIST,medium,43,10,a1,output_weight_norm,baseline,456,1.1996949911117554
MNIST,medium,43,10,a1,output_weight_norm,baseline,457,1.0062118768692017
MNIST,medium,43,10,a1,output_weight_norm,baseline,458,1.0462056398391724
MNIST,medium,43,10,a1,output_weight_norm,baseline,459,0.8806130886077881
MNIST,medium,43,10,a1,output_weight_norm,baseline,460,0.7852948307991028
MNIST,medium,43,10,a1,output_weight_norm,baseline,461,1.1256701946258545
MNIST,medium,43,10,a1,output_weight_norm,baseline,462,1.2857474088668823
MNIST,medium,43,10,a1,output_weight_norm,baseline,463,1.054835557937622
MNIST,medium,43,10,a1,output_weight_norm,baseline,464,0.8709772229194641
MNIST,medium,43,10,a1,output_weight_norm,baseline,465,1.062454104423523
MNIST,medium,43,10,a1,output_weight_norm,baseline,466,1.1659177541732788
MNIST,medium,43,10,a1,output_weight_norm,baseline,467,0.9490509033203125
MNIST,medium,43,10,a1,output_weight_norm,baseline,468,0.40390822291374207
MNIST,medium,43,10,a1,output_weight_norm,baseline,469,0.7552210688591003
MNIST,medium,43,10,a1,output_weight_norm,baseline,470,0.9992488622665405
MNIST,medium,43,10,a1,output_weight_norm,baseline,471,0.838401734828949
MNIST,medium,43,10,a1,output_weight_norm,baseline,472,1.2537928819656372
MNIST,medium,43,10,a1,output_weight_norm,baseline,473,0.9724050164222717
MNIST,medium,43,10,a1,output_weight_norm,baseline,474,0.9357943534851074
MNIST,medium,43,10,a1,output_weight_norm,baseline,475,0.8936479091644287
MNIST,medium,43,10,a1,output_weight_norm,baseline,476,1.6159515380859375
MNIST,medium,43,10,a1,output_weight_norm,baseline,477,1.6643998622894287
MNIST,medium,43,10,a1,output_weight_norm,baseline,478,0.8361925482749939
MNIST,medium,43,10,a1,output_weight_norm,baseline,479,0.84709632396698
MNIST,medium,43,10,a1,output_weight_norm,baseline,480,0.4431247115135193
MNIST,medium,43,10,a1,output_weight_norm,baseline,481,1.0017553567886353
MNIST,medium,43,10,a1,output_weight_norm,baseline,482,1.2640953063964844
MNIST,medium,43,10,a1,output_weight_norm,baseline,483,1.2325108051300049
MNIST,medium,43,10,a1,output_weight_norm,baseline,484,1.161575198173523
MNIST,medium,43,10,a1,output_weight_norm,baseline,485,0.9295531511306763
MNIST,medium,43,10,a1,output_weight_norm,baseline,486,1.017200231552124
MNIST,medium,43,10,a1,output_weight_norm,baseline,487,0.813892126083374
MNIST,medium,43,10,a1,output_weight_norm,baseline,488,1.156661868095398
MNIST,medium,43,10,a1,output_weight_norm,baseline,489,1.26823890209198
MNIST,medium,43,10,a1,output_weight_norm,baseline,490,1.1086183786392212
MNIST,medium,43,10,a1,output_weight_norm,baseline,491,0.683997392654419
MNIST,medium,43,10,a1,output_weight_norm,baseline,492,1.139208436012268
MNIST,medium,43,10,a1,output_weight_norm,baseline,493,0.40011101961135864
MNIST,medium,43,10,a1,output_weight_norm,baseline,494,1.2229973077774048
MNIST,medium,43,10,a1,output_weight_norm,baseline,495,1.0640869140625
MNIST,medium,43,10,a1,output_weight_norm,baseline,496,1.101142168045044
MNIST,medium,43,10,a1,output_weight_norm,baseline,497,0.9877439141273499
MNIST,medium,43,10,a1,output_weight_norm,baseline,498,1.4252617359161377
MNIST,medium,43,10,a1,output_weight_norm,baseline,499,0.9147596955299377
MNIST,medium,43,10,a1,output_weight_norm,baseline,500,0.8503754138946533
MNIST,medium,43,10,a1,output_weight_norm,baseline,501,0.9903984069824219
MNIST,medium,43,10,a1,output_weight_norm,baseline,502,1.2847665548324585
MNIST,medium,43,10,a1,output_weight_norm,baseline,503,1.066520094871521
MNIST,medium,43,10,a1,output_weight_norm,baseline,504,1.1841599941253662
MNIST,medium,43,10,a1,output_weight_norm,baseline,505,1.0204819440841675
MNIST,medium,43,10,a1,output_weight_norm,baseline,506,1.0248820781707764
MNIST,medium,43,10,a1,output_weight_norm,baseline,507,1.3472439050674438
MNIST,medium,43,10,a1,output_weight_norm,baseline,508,1.2883310317993164
MNIST,medium,43,10,a1,output_weight_norm,baseline,509,0.8788301944732666
MNIST,medium,43,10,a1,output_weight_norm,baseline,510,1.3472577333450317
MNIST,medium,43,10,a1,output_weight_norm,baseline,511,0.6919057965278625
MNIST,medium,43,10,a2,output_weight_norm,baseline,0,0.7733797430992126
MNIST,medium,43,10,a2,output_weight_norm,baseline,1,0.7900094985961914
MNIST,medium,43,10,a2,output_weight_norm,baseline,2,0.8153067231178284
MNIST,medium,43,10,a2,output_weight_norm,baseline,3,0.7056382298469543
MNIST,medium,43,10,a2,output_weight_norm,baseline,4,0.678981602191925
MNIST,medium,43,10,a2,output_weight_norm,baseline,5,0.8074318766593933
MNIST,medium,43,10,a2,output_weight_norm,baseline,6,0.7651980519294739
MNIST,medium,43,10,a2,output_weight_norm,baseline,7,0.8982183337211609
MNIST,medium,43,10,a2,output_weight_norm,baseline,8,0.46025288105010986
MNIST,medium,43,10,a2,output_weight_norm,baseline,9,0.7826448082923889
MNIST,medium,43,10,a2,output_weight_norm,baseline,10,0.9006035327911377
MNIST,medium,43,10,a2,output_weight_norm,baseline,11,0.7646040916442871
MNIST,medium,43,10,a2,output_weight_norm,baseline,12,0.7282258868217468
MNIST,medium,43,10,a2,output_weight_norm,baseline,13,0.5455044507980347
MNIST,medium,43,10,a2,output_weight_norm,baseline,14,0.7816332578659058
MNIST,medium,43,10,a2,output_weight_norm,baseline,15,0.6205183267593384
MNIST,medium,43,10,a2,output_weight_norm,baseline,16,0.8587318658828735
MNIST,medium,43,10,a2,output_weight_norm,baseline,17,0.6645367741584778
MNIST,medium,43,10,a2,output_weight_norm,baseline,18,0.6130588054656982
MNIST,medium,43,10,a2,output_weight_norm,baseline,19,0.7326517105102539
MNIST,medium,43,10,a2,output_weight_norm,baseline,20,0.745829164981842
MNIST,medium,43,10,a2,output_weight_norm,baseline,21,0.8035219311714172
MNIST,medium,43,10,a2,output_weight_norm,baseline,22,0.7865469455718994
MNIST,medium,43,10,a2,output_weight_norm,baseline,23,0.8241651058197021
MNIST,medium,43,10,a2,output_weight_norm,baseline,24,0.7245028018951416
MNIST,medium,43,10,a2,output_weight_norm,baseline,25,0.7076926827430725
MNIST,medium,43,10,a2,output_weight_norm,baseline,26,0.8134293556213379
MNIST,medium,43,10,a2,output_weight_norm,baseline,27,0.7292916178703308
MNIST,medium,43,10,a2,output_weight_norm,baseline,28,0.7401973009109497
MNIST,medium,43,10,a2,output_weight_norm,baseline,29,0.8026413917541504
MNIST,medium,43,10,a2,output_weight_norm,baseline,30,0.7449681758880615
MNIST,medium,43,10,a2,output_weight_norm,baseline,31,0.7523764371871948
MNIST,medium,43,10,a2,output_weight_norm,baseline,32,0.6334817409515381
MNIST,medium,43,10,a2,output_weight_norm,baseline,33,0.7749146819114685
MNIST,medium,43,10,a2,output_weight_norm,baseline,34,0.8691091537475586
MNIST,medium,43,10,a2,output_weight_norm,baseline,35,0.9235188364982605
MNIST,medium,43,10,a2,output_weight_norm,baseline,36,0.6386906504631042
MNIST,medium,43,10,a2,output_weight_norm,baseline,37,0.759161651134491
MNIST,medium,43,10,a2,output_weight_norm,baseline,38,0.8349261283874512
MNIST,medium,43,10,a2,output_weight_norm,baseline,39,0.896504282951355
MNIST,medium,43,10,a2,output_weight_norm,baseline,40,0.5120440721511841
MNIST,medium,43,10,a2,output_weight_norm,baseline,41,0.7411588430404663
MNIST,medium,43,10,a2,output_weight_norm,baseline,42,0.9064689874649048
MNIST,medium,43,10,a2,output_weight_norm,baseline,43,0.7379275560379028
MNIST,medium,43,10,a2,output_weight_norm,baseline,44,0.8188673257827759
MNIST,medium,43,10,a2,output_weight_norm,baseline,45,0.6651012897491455
MNIST,medium,43,10,a2,output_weight_norm,baseline,46,0.6596221327781677
MNIST,medium,43,10,a2,output_weight_norm,baseline,47,0.6477845311164856
MNIST,medium,43,10,a2,output_weight_norm,baseline,48,0.8074822425842285
MNIST,medium,43,10,a2,output_weight_norm,baseline,49,0.6143700480461121
MNIST,medium,43,10,a2,output_weight_norm,baseline,50,0.7664477825164795
MNIST,medium,43,10,a2,output_weight_norm,baseline,51,0.6655510663986206
MNIST,medium,43,10,a2,output_weight_norm,baseline,52,0.7343942523002625
MNIST,medium,43,10,a2,output_weight_norm,baseline,53,0.917207658290863
MNIST,medium,43,10,a2,output_weight_norm,baseline,54,0.7616283297538757
MNIST,medium,43,10,a2,output_weight_norm,baseline,55,0.6778496503829956
MNIST,medium,43,10,a2,output_weight_norm,baseline,56,0.716412365436554
MNIST,medium,43,10,a2,output_weight_norm,baseline,57,0.772845447063446
MNIST,medium,43,10,a2,output_weight_norm,baseline,58,0.7677325010299683
MNIST,medium,43,10,a2,output_weight_norm,baseline,59,0.7053039073944092
MNIST,medium,43,10,a2,output_weight_norm,baseline,60,0.7397765517234802
MNIST,medium,43,10,a2,output_weight_norm,baseline,61,0.6248281002044678
MNIST,medium,43,10,a2,output_weight_norm,baseline,62,0.6041391491889954
MNIST,medium,43,10,a2,output_weight_norm,baseline,63,0.7939807176589966
MNIST,medium,43,10,a2,output_weight_norm,baseline,64,0.5480908155441284
MNIST,medium,43,10,a2,output_weight_norm,baseline,65,0.7171796560287476
MNIST,medium,43,10,a2,output_weight_norm,baseline,66,0.7096582651138306
MNIST,medium,43,10,a2,output_weight_norm,baseline,67,0.5788239240646362
MNIST,medium,43,10,a2,output_weight_norm,baseline,68,0.7715759873390198
MNIST,medium,43,10,a2,output_weight_norm,baseline,69,0.7029142379760742
MNIST,medium,43,10,a2,output_weight_norm,baseline,70,0.6588307619094849
MNIST,medium,43,10,a2,output_weight_norm,baseline,71,0.7816546559333801
MNIST,medium,43,10,a2,output_weight_norm,baseline,72,0.7384536266326904
MNIST,medium,43,10,a2,output_weight_norm,baseline,73,0.7624532580375671
MNIST,medium,43,10,a2,output_weight_norm,baseline,74,0.6886756420135498
MNIST,medium,43,10,a2,output_weight_norm,baseline,75,0.8610202074050903
MNIST,medium,43,10,a2,output_weight_norm,baseline,76,0.6489992737770081
MNIST,medium,43,10,a2,output_weight_norm,baseline,77,0.6484887599945068
MNIST,medium,43,10,a2,output_weight_norm,baseline,78,0.7081631422042847
MNIST,medium,43,10,a2,output_weight_norm,baseline,79,0.6840068101882935
MNIST,medium,43,10,a2,output_weight_norm,baseline,80,0.700130045413971
MNIST,medium,43,10,a2,output_weight_norm,baseline,81,0.537665843963623
MNIST,medium,43,10,a2,output_weight_norm,baseline,82,0.7252069711685181
MNIST,medium,43,10,a2,output_weight_norm,baseline,83,0.8554906845092773
MNIST,medium,43,10,a2,output_weight_norm,baseline,84,0.7765616774559021
MNIST,medium,43,10,a2,output_weight_norm,baseline,85,0.6853090524673462
MNIST,medium,43,10,a2,output_weight_norm,baseline,86,0.7978559136390686
MNIST,medium,43,10,a2,output_weight_norm,baseline,87,0.6243153810501099
MNIST,medium,43,10,a2,output_weight_norm,baseline,88,0.7518087029457092
MNIST,medium,43,10,a2,output_weight_norm,baseline,89,0.7904786467552185
MNIST,medium,43,10,a2,output_weight_norm,baseline,90,0.5971685647964478
MNIST,medium,43,10,a2,output_weight_norm,baseline,91,0.6553808450698853
MNIST,medium,43,10,a2,output_weight_norm,baseline,92,0.7276086211204529
MNIST,medium,43,10,a2,output_weight_norm,baseline,93,0.6678785681724548
MNIST,medium,43,10,a2,output_weight_norm,baseline,94,0.6884090304374695
MNIST,medium,43,10,a2,output_weight_norm,baseline,95,0.844822883605957
MNIST,medium,43,10,a2,output_weight_norm,baseline,96,0.6495821475982666
MNIST,medium,43,10,a2,output_weight_norm,baseline,97,0.4441601037979126
MNIST,medium,43,10,a2,output_weight_norm,baseline,98,0.6963121294975281
MNIST,medium,43,10,a2,output_weight_norm,baseline,99,0.6955265402793884
MNIST,medium,43,10,a2,output_weight_norm,baseline,100,0.5690666437149048
MNIST,medium,43,10,a2,output_weight_norm,baseline,101,0.7795197367668152
MNIST,medium,43,10,a2,output_weight_norm,baseline,102,0.8827607035636902
MNIST,medium,43,10,a2,output_weight_norm,baseline,103,0.6046525239944458
MNIST,medium,43,10,a2,output_weight_norm,baseline,104,0.7532107830047607
MNIST,medium,43,10,a2,output_weight_norm,baseline,105,0.7185928225517273
MNIST,medium,43,10,a2,output_weight_norm,baseline,106,0.6256210207939148
MNIST,medium,43,10,a2,output_weight_norm,baseline,107,0.7186129689216614
MNIST,medium,43,10,a2,output_weight_norm,baseline,108,0.6816819906234741
MNIST,medium,43,10,a2,output_weight_norm,baseline,109,0.7191563844680786
MNIST,medium,43,10,a2,output_weight_norm,baseline,110,0.7490571141242981
MNIST,medium,43,10,a2,output_weight_norm,baseline,111,0.6692458391189575
MNIST,medium,43,10,a2,output_weight_norm,baseline,112,0.6744683384895325
MNIST,medium,43,10,a2,output_weight_norm,baseline,113,0.8421605825424194
MNIST,medium,43,10,a2,output_weight_norm,baseline,114,0.47406935691833496
MNIST,medium,43,10,a2,output_weight_norm,baseline,115,0.6562203764915466
MNIST,medium,43,10,a2,output_weight_norm,baseline,116,0.7525566816329956
MNIST,medium,43,10,a2,output_weight_norm,baseline,117,0.6310905814170837
MNIST,medium,43,10,a2,output_weight_norm,baseline,118,0.7363346219062805
MNIST,medium,43,10,a2,output_weight_norm,baseline,119,0.5847488045692444
MNIST,medium,43,10,a2,output_weight_norm,baseline,120,0.7955296039581299
MNIST,medium,43,10,a2,output_weight_norm,baseline,121,0.4257516860961914
MNIST,medium,43,10,a2,output_weight_norm,baseline,122,0.7002870440483093
MNIST,medium,43,10,a2,output_weight_norm,baseline,123,0.8691061735153198
MNIST,medium,43,10,a2,output_weight_norm,baseline,124,0.7187780141830444
MNIST,medium,43,10,a2,output_weight_norm,baseline,125,0.7234878540039062
MNIST,medium,43,10,a2,output_weight_norm,baseline,126,0.715815544128418
MNIST,medium,43,10,a2,output_weight_norm,baseline,127,0.9333038926124573
MNIST,medium,43,10,a2,output_weight_norm,baseline,128,0.7723621726036072
MNIST,medium,43,10,a2,output_weight_norm,baseline,129,0.687147855758667
MNIST,medium,43,10,a2,output_weight_norm,baseline,130,0.72757488489151
MNIST,medium,43,10,a2,output_weight_norm,baseline,131,0.5841854214668274
MNIST,medium,43,10,a2,output_weight_norm,baseline,132,0.7211592197418213
MNIST,medium,43,10,a2,output_weight_norm,baseline,133,0.6197217106819153
MNIST,medium,43,10,a2,output_weight_norm,baseline,134,0.7273558378219604
MNIST,medium,43,10,a2,output_weight_norm,baseline,135,0.6979240775108337
MNIST,medium,43,10,a2,output_weight_norm,baseline,136,0.8342379331588745
MNIST,medium,43,10,a2,output_weight_norm,baseline,137,0.7601036429405212
MNIST,medium,43,10,a2,output_weight_norm,baseline,138,0.6618103981018066
MNIST,medium,43,10,a2,output_weight_norm,baseline,139,0.7066519260406494
MNIST,medium,43,10,a2,output_weight_norm,baseline,140,0.602171778678894
MNIST,medium,43,10,a2,output_weight_norm,baseline,141,0.6998631954193115
MNIST,medium,43,10,a2,output_weight_norm,baseline,142,0.6908413767814636
MNIST,medium,43,10,a2,output_weight_norm,baseline,143,0.7155485153198242
MNIST,medium,43,10,a2,output_weight_norm,baseline,144,0.8740581274032593
MNIST,medium,43,10,a2,output_weight_norm,baseline,145,0.7127007842063904
MNIST,medium,43,10,a2,output_weight_norm,baseline,146,0.8426094055175781
MNIST,medium,43,10,a2,output_weight_norm,baseline,147,0.8052642941474915
MNIST,medium,43,10,a2,output_weight_norm,baseline,148,0.6426364779472351
MNIST,medium,43,10,a2,output_weight_norm,baseline,149,0.7310300469398499
MNIST,medium,43,10,a2,output_weight_norm,baseline,150,0.6778735518455505
MNIST,medium,43,10,a2,output_weight_norm,baseline,151,0.7195716500282288
MNIST,medium,43,10,a2,output_weight_norm,baseline,152,0.6668946146965027
MNIST,medium,43,10,a2,output_weight_norm,baseline,153,0.6459791660308838
MNIST,medium,43,10,a2,output_weight_norm,baseline,154,0.9285534620285034
MNIST,medium,43,10,a2,output_weight_norm,baseline,155,0.5466010570526123
MNIST,medium,43,10,a2,output_weight_norm,baseline,156,0.8702957630157471
MNIST,medium,43,10,a2,output_weight_norm,baseline,157,0.7978315353393555
MNIST,medium,43,10,a2,output_weight_norm,baseline,158,0.7744499444961548
MNIST,medium,43,10,a2,output_weight_norm,baseline,159,0.7172576189041138
MNIST,medium,43,10,a2,output_weight_norm,baseline,160,0.8459717035293579
MNIST,medium,43,10,a2,output_weight_norm,baseline,161,0.7085985541343689
MNIST,medium,43,10,a2,output_weight_norm,baseline,162,0.6642012000083923
MNIST,medium,43,10,a2,output_weight_norm,baseline,163,0.8133151531219482
MNIST,medium,43,10,a2,output_weight_norm,baseline,164,0.7624592185020447
MNIST,medium,43,10,a2,output_weight_norm,baseline,165,0.8213717341423035
MNIST,medium,43,10,a2,output_weight_norm,baseline,166,0.6729468107223511
MNIST,medium,43,10,a2,output_weight_norm,baseline,167,0.5836178064346313
MNIST,medium,43,10,a2,output_weight_norm,baseline,168,0.6756199598312378
MNIST,medium,43,10,a2,output_weight_norm,baseline,169,0.8984148502349854
MNIST,medium,43,10,a2,output_weight_norm,baseline,170,0.7684155106544495
MNIST,medium,43,10,a2,output_weight_norm,baseline,171,0.7962856888771057
MNIST,medium,43,10,a2,output_weight_norm,baseline,172,0.7081865072250366
MNIST,medium,43,10,a2,output_weight_norm,baseline,173,0.4704245924949646
MNIST,medium,43,10,a2,output_weight_norm,baseline,174,0.7437166571617126
MNIST,medium,43,10,a2,output_weight_norm,baseline,175,0.754607617855072
MNIST,medium,43,10,a2,output_weight_norm,baseline,176,0.7253435850143433
MNIST,medium,43,10,a2,output_weight_norm,baseline,177,0.8698129057884216
MNIST,medium,43,10,a2,output_weight_norm,baseline,178,0.6626806855201721
MNIST,medium,43,10,a2,output_weight_norm,baseline,179,0.5824141502380371
MNIST,medium,43,10,a2,output_weight_norm,baseline,180,0.7627884745597839
MNIST,medium,43,10,a2,output_weight_norm,baseline,181,0.9517385363578796
MNIST,medium,43,10,a2,output_weight_norm,baseline,182,0.7549968361854553
MNIST,medium,43,10,a2,output_weight_norm,baseline,183,0.8515679836273193
MNIST,medium,43,10,a2,output_weight_norm,baseline,184,0.6821112036705017
MNIST,medium,43,10,a2,output_weight_norm,baseline,185,0.38870301842689514
MNIST,medium,43,10,a2,output_weight_norm,baseline,186,0.6798282861709595
MNIST,medium,43,10,a2,output_weight_norm,baseline,187,0.7788757681846619
MNIST,medium,43,10,a2,output_weight_norm,baseline,188,0.601164698600769
MNIST,medium,43,10,a2,output_weight_norm,baseline,189,0.6589222550392151
MNIST,medium,43,10,a2,output_weight_norm,baseline,190,0.6261258125305176
MNIST,medium,43,10,a2,output_weight_norm,baseline,191,0.8777284026145935
MNIST,medium,43,10,a2,output_weight_norm,baseline,192,0.4987642467021942
MNIST,medium,43,10,a2,output_weight_norm,baseline,193,1.0629318952560425
MNIST,medium,43,10,a2,output_weight_norm,baseline,194,0.8689681887626648
MNIST,medium,43,10,a2,output_weight_norm,baseline,195,0.6221393942832947
MNIST,medium,43,10,a2,output_weight_norm,baseline,196,0.8284481167793274
MNIST,medium,43,10,a2,output_weight_norm,baseline,197,0.7564241290092468
MNIST,medium,43,10,a2,output_weight_norm,baseline,198,0.5488107800483704
MNIST,medium,43,10,a2,output_weight_norm,baseline,199,0.9047966599464417
MNIST,medium,43,10,a2,output_weight_norm,baseline,200,0.6565274596214294
MNIST,medium,43,10,a2,output_weight_norm,baseline,201,0.7129469513893127
MNIST,medium,43,10,a2,output_weight_norm,baseline,202,0.7101131081581116
MNIST,medium,43,10,a2,output_weight_norm,baseline,203,0.8104189038276672
MNIST,medium,43,10,a2,output_weight_norm,baseline,204,0.6462719440460205
MNIST,medium,43,10,a2,output_weight_norm,baseline,205,0.7036512494087219
MNIST,medium,43,10,a2,output_weight_norm,baseline,206,0.6167996525764465
MNIST,medium,43,10,a2,output_weight_norm,baseline,207,0.5839920043945312
MNIST,medium,43,10,a2,output_weight_norm,baseline,208,0.59759521484375
MNIST,medium,43,10,a2,output_weight_norm,baseline,209,0.874396800994873
MNIST,medium,43,10,a2,output_weight_norm,baseline,210,0.6528028249740601
MNIST,medium,43,10,a2,output_weight_norm,baseline,211,0.5904169678688049
MNIST,medium,43,10,a2,output_weight_norm,baseline,212,0.5582632422447205
MNIST,medium,43,10,a2,output_weight_norm,baseline,213,0.8190768957138062
MNIST,medium,43,10,a2,output_weight_norm,baseline,214,0.7007375955581665
MNIST,medium,43,10,a2,output_weight_norm,baseline,215,0.5550107955932617
MNIST,medium,43,10,a2,output_weight_norm,baseline,216,0.7089160084724426
MNIST,medium,43,10,a2,output_weight_norm,baseline,217,0.9512161612510681
MNIST,medium,43,10,a2,output_weight_norm,baseline,218,0.6936571598052979
MNIST,medium,43,10,a2,output_weight_norm,baseline,219,0.7206781506538391
MNIST,medium,43,10,a2,output_weight_norm,baseline,220,0.9361072182655334
MNIST,medium,43,10,a2,output_weight_norm,baseline,221,0.9962190985679626
MNIST,medium,43,10,a2,output_weight_norm,baseline,222,0.6395149827003479
MNIST,medium,43,10,a2,output_weight_norm,baseline,223,0.6515747904777527
MNIST,medium,43,10,a2,output_weight_norm,baseline,224,0.8218919634819031
MNIST,medium,43,10,a2,output_weight_norm,baseline,225,0.6532007455825806
MNIST,medium,43,10,a2,output_weight_norm,baseline,226,0.6402453780174255
MNIST,medium,43,10,a2,output_weight_norm,baseline,227,0.667079746723175
MNIST,medium,43,10,a2,output_weight_norm,baseline,228,0.7217938303947449
MNIST,medium,43,10,a2,output_weight_norm,baseline,229,0.7331278324127197
MNIST,medium,43,10,a2,output_weight_norm,baseline,230,0.8509185314178467
MNIST,medium,43,10,a2,output_weight_norm,baseline,231,0.5499179363250732
MNIST,medium,43,10,a2,output_weight_norm,baseline,232,0.7322372794151306
MNIST,medium,43,10,a2,output_weight_norm,baseline,233,0.6186770796775818
MNIST,medium,43,10,a2,output_weight_norm,baseline,234,0.781632125377655
MNIST,medium,43,10,a2,output_weight_norm,baseline,235,0.8069809675216675
MNIST,medium,43,10,a2,output_weight_norm,baseline,236,0.6163665056228638
MNIST,medium,43,10,a2,output_weight_norm,baseline,237,0.8062666654586792
MNIST,medium,43,10,a2,output_weight_norm,baseline,238,0.7864438891410828
MNIST,medium,43,10,a2,output_weight_norm,baseline,239,0.6781882047653198
MNIST,medium,43,10,a2,output_weight_norm,baseline,240,0.7137681841850281
MNIST,medium,43,10,a2,output_weight_norm,baseline,241,0.7774490118026733
MNIST,medium,43,10,a2,output_weight_norm,baseline,242,0.7600672245025635
MNIST,medium,43,10,a2,output_weight_norm,baseline,243,0.8863669037818909
MNIST,medium,43,10,a2,output_weight_norm,baseline,244,0.7688938975334167
MNIST,medium,43,10,a2,output_weight_norm,baseline,245,0.7259416580200195
MNIST,medium,43,10,a2,output_weight_norm,baseline,246,0.6526288986206055
MNIST,medium,43,10,a2,output_weight_norm,baseline,247,0.8488984107971191
MNIST,medium,43,10,a2,output_weight_norm,baseline,248,0.6662498712539673
MNIST,medium,43,10,a2,output_weight_norm,baseline,249,0.8867943286895752
MNIST,medium,43,10,a2,output_weight_norm,baseline,250,0.7417369484901428
MNIST,medium,43,10,a2,output_weight_norm,baseline,251,0.8077380061149597
MNIST,medium,43,10,a2,output_weight_norm,baseline,252,0.5470520257949829
MNIST,medium,43,10,a2,output_weight_norm,baseline,253,0.629919171333313
MNIST,medium,43,10,a2,output_weight_norm,baseline,254,0.6373820900917053
MNIST,medium,43,10,a2,output_weight_norm,baseline,255,0.7059881091117859
MNIST,medium,43,10,a3,output_weight_norm,baseline,0,0.5164887309074402
MNIST,medium,43,10,a3,output_weight_norm,baseline,1,0.6176682114601135
MNIST,medium,43,10,a3,output_weight_norm,baseline,2,0.5877994298934937
MNIST,medium,43,10,a3,output_weight_norm,baseline,3,0.6070929765701294
MNIST,medium,43,10,a3,output_weight_norm,baseline,4,0.4699600040912628
MNIST,medium,43,10,a3,output_weight_norm,baseline,5,0.6333802342414856
MNIST,medium,43,10,a3,output_weight_norm,baseline,6,0.46522191166877747
MNIST,medium,43,10,a3,output_weight_norm,baseline,7,0.6100807785987854
MNIST,medium,43,10,a3,output_weight_norm,baseline,8,0.7159132957458496
MNIST,medium,43,10,a3,output_weight_norm,baseline,9,0.6248170137405396
MNIST,medium,43,10,a3,output_weight_norm,baseline,10,0.5886824131011963
MNIST,medium,43,10,a3,output_weight_norm,baseline,11,0.5401161909103394
MNIST,medium,43,10,a3,output_weight_norm,baseline,12,0.5536797046661377
MNIST,medium,43,10,a3,output_weight_norm,baseline,13,0.716284453868866
MNIST,medium,43,10,a3,output_weight_norm,baseline,14,0.5761240124702454
MNIST,medium,43,10,a3,output_weight_norm,baseline,15,0.5545076131820679
MNIST,medium,43,10,a3,output_weight_norm,baseline,16,0.6172015070915222
MNIST,medium,43,10,a3,output_weight_norm,baseline,17,0.5621731877326965
MNIST,medium,43,10,a3,output_weight_norm,baseline,18,0.6512953042984009
MNIST,medium,43,10,a3,output_weight_norm,baseline,19,0.6463139057159424
MNIST,medium,43,10,a3,output_weight_norm,baseline,20,0.6421329379081726
MNIST,medium,43,10,a3,output_weight_norm,baseline,21,0.6700218319892883
MNIST,medium,43,10,a3,output_weight_norm,baseline,22,0.6320886611938477
MNIST,medium,43,10,a3,output_weight_norm,baseline,23,0.6659226417541504
MNIST,medium,43,10,a3,output_weight_norm,baseline,24,0.5891091823577881
MNIST,medium,43,10,a3,output_weight_norm,baseline,25,0.5677652955055237
MNIST,medium,43,10,a3,output_weight_norm,baseline,26,0.5278583765029907
MNIST,medium,43,10,a3,output_weight_norm,baseline,27,0.6384891271591187
MNIST,medium,43,10,a3,output_weight_norm,baseline,28,0.5517295598983765
MNIST,medium,43,10,a3,output_weight_norm,baseline,29,0.5802316069602966
MNIST,medium,43,10,a3,output_weight_norm,baseline,30,0.5596580505371094
MNIST,medium,43,10,a3,output_weight_norm,baseline,31,0.5721163749694824
MNIST,medium,43,10,a3,output_weight_norm,baseline,32,0.6121574640274048
MNIST,medium,43,10,a3,output_weight_norm,baseline,33,0.7757073640823364
MNIST,medium,43,10,a3,output_weight_norm,baseline,34,0.6414458155632019
MNIST,medium,43,10,a3,output_weight_norm,baseline,35,0.5675156116485596
MNIST,medium,43,10,a3,output_weight_norm,baseline,36,0.5522052645683289
MNIST,medium,43,10,a3,output_weight_norm,baseline,37,0.6086868047714233
MNIST,medium,43,10,a3,output_weight_norm,baseline,38,0.5799418687820435
MNIST,medium,43,10,a3,output_weight_norm,baseline,39,0.5344660878181458
MNIST,medium,43,10,a3,output_weight_norm,baseline,40,0.5689324140548706
MNIST,medium,43,10,a3,output_weight_norm,baseline,41,0.5995864272117615
MNIST,medium,43,10,a3,output_weight_norm,baseline,42,0.610131025314331
MNIST,medium,43,10,a3,output_weight_norm,baseline,43,0.4960010349750519
MNIST,medium,43,10,a3,output_weight_norm,baseline,44,0.6258325576782227
MNIST,medium,43,10,a3,output_weight_norm,baseline,45,0.6179928183555603
MNIST,medium,43,10,a3,output_weight_norm,baseline,46,0.565295934677124
MNIST,medium,43,10,a3,output_weight_norm,baseline,47,0.5179439783096313
MNIST,medium,43,10,a3,output_weight_norm,baseline,48,0.6444680094718933
MNIST,medium,43,10,a3,output_weight_norm,baseline,49,0.5226892232894897
MNIST,medium,43,10,a3,output_weight_norm,baseline,50,0.616897702217102
MNIST,medium,43,10,a3,output_weight_norm,baseline,51,0.5036621689796448
MNIST,medium,43,10,a3,output_weight_norm,baseline,52,0.5229639410972595
MNIST,medium,43,10,a3,output_weight_norm,baseline,53,0.5320949554443359
MNIST,medium,43,10,a3,output_weight_norm,baseline,54,0.5852484703063965
MNIST,medium,43,10,a3,output_weight_norm,baseline,55,0.6117417812347412
MNIST,medium,43,10,a3,output_weight_norm,baseline,56,0.5158377885818481
MNIST,medium,43,10,a3,output_weight_norm,baseline,57,0.6216185092926025
MNIST,medium,43,10,a3,output_weight_norm,baseline,58,0.5627966523170471
MNIST,medium,43,10,a3,output_weight_norm,baseline,59,0.42447808384895325
MNIST,medium,43,10,a3,output_weight_norm,baseline,60,0.5455489158630371
MNIST,medium,43,10,a3,output_weight_norm,baseline,61,0.6731709837913513
MNIST,medium,43,10,a3,output_weight_norm,baseline,62,0.6795800924301147
MNIST,medium,43,10,a3,output_weight_norm,baseline,63,0.5918480157852173
MNIST,medium,43,10,a3,output_weight_norm,baseline,64,0.5233476161956787
MNIST,medium,43,10,a3,output_weight_norm,baseline,65,0.6456136107444763
MNIST,medium,43,10,a3,output_weight_norm,baseline,66,0.5870561599731445
MNIST,medium,43,10,a3,output_weight_norm,baseline,67,0.7970552444458008
MNIST,medium,43,10,a3,output_weight_norm,baseline,68,0.5764128565788269
MNIST,medium,43,10,a3,output_weight_norm,baseline,69,0.7006034255027771
MNIST,medium,43,10,a3,output_weight_norm,baseline,70,0.5489983558654785
MNIST,medium,43,10,a3,output_weight_norm,baseline,71,0.5392863154411316
MNIST,medium,43,10,a3,output_weight_norm,baseline,72,0.5239052176475525
MNIST,medium,43,10,a3,output_weight_norm,baseline,73,0.6260678172111511
MNIST,medium,43,10,a3,output_weight_norm,baseline,74,0.5518233776092529
MNIST,medium,43,10,a3,output_weight_norm,baseline,75,0.5163591504096985
MNIST,medium,43,10,a3,output_weight_norm,baseline,76,0.6985803842544556
MNIST,medium,43,10,a3,output_weight_norm,baseline,77,0.649341344833374
MNIST,medium,43,10,a3,output_weight_norm,baseline,78,0.4784519672393799
MNIST,medium,43,10,a3,output_weight_norm,baseline,79,0.6941482424736023
MNIST,medium,43,10,a3,output_weight_norm,baseline,80,0.5466516017913818
MNIST,medium,43,10,a3,output_weight_norm,baseline,81,0.5147531628608704
MNIST,medium,43,10,a3,output_weight_norm,baseline,82,0.6137886643409729
MNIST,medium,43,10,a3,output_weight_norm,baseline,83,0.5077633857727051
MNIST,medium,43,10,a3,output_weight_norm,baseline,84,0.4536111354827881
MNIST,medium,43,10,a3,output_weight_norm,baseline,85,0.5440165400505066
MNIST,medium,43,10,a3,output_weight_norm,baseline,86,0.6248182058334351
MNIST,medium,43,10,a3,output_weight_norm,baseline,87,0.5980169177055359
MNIST,medium,43,10,a3,output_weight_norm,baseline,88,0.627842128276825
MNIST,medium,43,10,a3,output_weight_norm,baseline,89,0.4130569100379944
MNIST,medium,43,10,a3,output_weight_norm,baseline,90,0.6130887269973755
MNIST,medium,43,10,a3,output_weight_norm,baseline,91,0.6665937304496765
MNIST,medium,43,10,a3,output_weight_norm,baseline,92,0.5764186978340149
MNIST,medium,43,10,a3,output_weight_norm,baseline,93,0.5472049117088318
MNIST,medium,43,10,a3,output_weight_norm,baseline,94,0.6010539531707764
MNIST,medium,43,10,a3,output_weight_norm,baseline,95,0.5961574912071228
MNIST,medium,43,10,a3,output_weight_norm,baseline,96,0.6151881217956543
MNIST,medium,43,10,a3,output_weight_norm,baseline,97,0.5389425158500671
MNIST,medium,43,10,a3,output_weight_norm,baseline,98,0.7491669654846191
MNIST,medium,43,10,a3,output_weight_norm,baseline,99,0.6117648482322693
MNIST,medium,43,10,a3,output_weight_norm,baseline,100,0.6146211624145508
MNIST,medium,43,10,a3,output_weight_norm,baseline,101,0.47743576765060425
MNIST,medium,43,10,a3,output_weight_norm,baseline,102,0.4278865456581116
MNIST,medium,43,10,a3,output_weight_norm,baseline,103,0.6855822801589966
MNIST,medium,43,10,a3,output_weight_norm,baseline,104,0.6083337068557739
MNIST,medium,43,10,a3,output_weight_norm,baseline,105,0.6907997727394104
MNIST,medium,43,10,a3,output_weight_norm,baseline,106,0.7060962915420532
MNIST,medium,43,10,a3,output_weight_norm,baseline,107,0.47179141640663147
MNIST,medium,43,10,a3,output_weight_norm,baseline,108,0.5599772930145264
MNIST,medium,43,10,a3,output_weight_norm,baseline,109,0.5764825940132141
MNIST,medium,43,10,a3,output_weight_norm,baseline,110,0.626291811466217
MNIST,medium,43,10,a3,output_weight_norm,baseline,111,0.5252755284309387
MNIST,medium,43,10,a3,output_weight_norm,baseline,112,0.6193765997886658
MNIST,medium,43,10,a3,output_weight_norm,baseline,113,0.5447699427604675
MNIST,medium,43,10,a3,output_weight_norm,baseline,114,0.6093167066574097
MNIST,medium,43,10,a3,output_weight_norm,baseline,115,0.6015263795852661
MNIST,medium,43,10,a3,output_weight_norm,baseline,116,0.6725254058837891
MNIST,medium,43,10,a3,output_weight_norm,baseline,117,0.6721799373626709
MNIST,medium,43,10,a3,output_weight_norm,baseline,118,0.5263506174087524
MNIST,medium,43,10,a3,output_weight_norm,baseline,119,0.7030460238456726
MNIST,medium,43,10,a3,output_weight_norm,baseline,120,0.6469292640686035
MNIST,medium,43,10,a3,output_weight_norm,baseline,121,0.5598880052566528
MNIST,medium,43,10,a3,output_weight_norm,baseline,122,0.6101745963096619
MNIST,medium,43,10,a3,output_weight_norm,baseline,123,0.6584705710411072
MNIST,medium,43,10,a3,output_weight_norm,baseline,124,0.5700641870498657
MNIST,medium,43,10,a3,output_weight_norm,baseline,125,0.5802299380302429
MNIST,medium,43,10,a3,output_weight_norm,baseline,126,0.5985009670257568
MNIST,medium,43,10,a3,output_weight_norm,baseline,127,0.5736131072044373
MNIST,medium,43,10,a4,output_weight_norm,baseline,0,0.3536171019077301
MNIST,medium,43,10,a4,output_weight_norm,baseline,1,0.3069997727870941
MNIST,medium,43,10,a4,output_weight_norm,baseline,2,0.2855111360549927
MNIST,medium,43,10,a4,output_weight_norm,baseline,3,0.31300199031829834
MNIST,medium,43,10,a4,output_weight_norm,baseline,4,0.3011969029903412
MNIST,medium,43,10,a4,output_weight_norm,baseline,5,0.25061628222465515
MNIST,medium,43,10,a4,output_weight_norm,baseline,6,0.39756327867507935
MNIST,medium,43,10,a4,output_weight_norm,baseline,7,0.2632201910018921
MNIST,medium,43,10,a4,output_weight_norm,baseline,8,0.26404571533203125
MNIST,medium,43,10,a4,output_weight_norm,baseline,9,0.2549422085285187
MNIST,medium,43,10,a4,output_weight_norm,baseline,10,0.2917688190937042
MNIST,medium,43,10,a4,output_weight_norm,baseline,11,0.3613169491291046
MNIST,medium,43,10,a4,output_weight_norm,baseline,12,0.4238733947277069
MNIST,medium,43,10,a4,output_weight_norm,baseline,13,0.3188949227333069
MNIST,medium,43,10,a4,output_weight_norm,baseline,14,0.4025175869464874
MNIST,medium,43,10,a4,output_weight_norm,baseline,15,0.3211511969566345
MNIST,medium,43,10,a4,output_weight_norm,baseline,16,0.26899734139442444
MNIST,medium,43,10,a4,output_weight_norm,baseline,17,0.2752293050289154
MNIST,medium,43,10,a4,output_weight_norm,baseline,18,0.327596515417099
MNIST,medium,43,10,a4,output_weight_norm,baseline,19,0.39686065912246704
MNIST,medium,43,10,a4,output_weight_norm,baseline,20,0.3230414092540741
MNIST,medium,43,10,a4,output_weight_norm,baseline,21,0.3274436295032501
MNIST,medium,43,10,a4,output_weight_norm,baseline,22,0.32802146673202515
MNIST,medium,43,10,a4,output_weight_norm,baseline,23,0.3394516408443451
MNIST,medium,43,10,a4,output_weight_norm,baseline,24,0.31387341022491455
MNIST,medium,43,10,a4,output_weight_norm,baseline,25,0.3243159353733063
MNIST,medium,43,10,a4,output_weight_norm,baseline,26,0.24469658732414246
MNIST,medium,43,10,a4,output_weight_norm,baseline,27,0.34882184863090515
MNIST,medium,43,10,a4,output_weight_norm,baseline,28,0.32388976216316223
MNIST,medium,43,10,a4,output_weight_norm,baseline,29,0.276629775762558
MNIST,medium,43,10,a4,output_weight_norm,baseline,30,0.33677276968955994
MNIST,medium,43,10,a4,output_weight_norm,baseline,31,0.2646997272968292
MNIST,medium,43,10,a4,output_weight_norm,baseline,32,0.32197871804237366
MNIST,medium,43,10,a4,output_weight_norm,baseline,33,0.31253817677497864
MNIST,medium,43,10,a4,output_weight_norm,baseline,34,0.3742194175720215
MNIST,medium,43,10,a4,output_weight_norm,baseline,35,0.369240939617157
MNIST,medium,43,10,a4,output_weight_norm,baseline,36,0.3427311182022095
MNIST,medium,43,10,a4,output_weight_norm,baseline,37,0.2836006283760071
MNIST,medium,43,10,a4,output_weight_norm,baseline,38,0.30248215794563293
MNIST,medium,43,10,a4,output_weight_norm,baseline,39,0.28122231364250183
MNIST,medium,43,10,a4,output_weight_norm,baseline,40,0.28804776072502136
MNIST,medium,43,10,a4,output_weight_norm,baseline,41,0.2656535804271698
MNIST,medium,43,10,a4,output_weight_norm,baseline,42,0.37477919459342957
MNIST,medium,43,10,a4,output_weight_norm,baseline,43,0.4765510559082031
MNIST,medium,43,10,a4,output_weight_norm,baseline,44,0.3627612292766571
MNIST,medium,43,10,a4,output_weight_norm,baseline,45,0.27304115891456604
MNIST,medium,43,10,a4,output_weight_norm,baseline,46,0.4328857362270355
MNIST,medium,43,10,a4,output_weight_norm,baseline,47,0.4032741189002991
MNIST,medium,43,10,a4,output_weight_norm,baseline,48,0.24981817603111267
MNIST,medium,43,10,a4,output_weight_norm,baseline,49,0.3096959888935089
MNIST,medium,43,10,a4,output_weight_norm,baseline,50,0.25660160183906555
MNIST,medium,43,10,a4,output_weight_norm,baseline,51,0.34994539618492126
MNIST,medium,43,10,a4,output_weight_norm,baseline,52,0.3309597969055176
MNIST,medium,43,10,a4,output_weight_norm,baseline,53,0.33652010560035706
MNIST,medium,43,10,a4,output_weight_norm,baseline,54,0.30665674805641174
MNIST,medium,43,10,a4,output_weight_norm,baseline,55,0.2670138478279114
MNIST,medium,43,10,a4,output_weight_norm,baseline,56,0.34942561388015747
MNIST,medium,43,10,a4,output_weight_norm,baseline,57,0.37888094782829285
MNIST,medium,43,10,a4,output_weight_norm,baseline,58,0.3061368465423584
MNIST,medium,43,10,a4,output_weight_norm,baseline,59,0.3109506666660309
MNIST,medium,43,10,a4,output_weight_norm,baseline,60,0.392466276884079
MNIST,medium,43,10,a4,output_weight_norm,baseline,61,0.26281923055648804
MNIST,medium,43,10,a4,output_weight_norm,baseline,62,0.2748647928237915
MNIST,medium,43,10,a4,output_weight_norm,baseline,63,0.30949708819389343
MNIST,medium,43,10,a1,mean_activation,baseline,0,0.48766621947288513
MNIST,medium,43,10,a1,mean_activation,baseline,1,0.3258148431777954
MNIST,medium,43,10,a1,mean_activation,baseline,2,0.5986820459365845
MNIST,medium,43,10,a1,mean_activation,baseline,3,0.0
MNIST,medium,43,10,a1,mean_activation,baseline,4,0.2845740020275116
MNIST,medium,43,10,a1,mean_activation,baseline,5,1.172016978263855
MNIST,medium,43,10,a1,mean_activation,baseline,6,0.28143084049224854
MNIST,medium,43,10,a1,mean_activation,baseline,7,0.0
MNIST,medium,43,10,a1,mean_activation,baseline,8,0.42517969012260437
MNIST,medium,43,10,a1,mean_activation,baseline,9,0.1664445549249649
MNIST,medium,43,10,a1,mean_activation,baseline,10,1.442618489265442
MNIST,medium,43,10,a1,mean_activation,baseline,11,0.58981853723526
MNIST,medium,43,10,a1,mean_activation,baseline,12,0.21662558615207672
MNIST,medium,43,10,a1,mean_activation,baseline,13,0.051428597420454025
MNIST,medium,43,10,a1,mean_activation,baseline,14,0.4403992295265198
MNIST,medium,43,10,a1,mean_activation,baseline,15,0.3899892568588257
MNIST,medium,43,10,a1,mean_activation,baseline,16,0.34728193283081055
MNIST,medium,43,10,a1,mean_activation,baseline,17,0.7610929608345032
MNIST,medium,43,10,a1,mean_activation,baseline,18,0.338218092918396
MNIST,medium,43,10,a1,mean_activation,baseline,19,0.05276595428586006
MNIST,medium,43,10,a1,mean_activation,baseline,20,0.37860167026519775
MNIST,medium,43,10,a1,mean_activation,baseline,21,0.12930411100387573
MNIST,medium,43,10,a1,mean_activation,baseline,22,0.38612136244773865
MNIST,medium,43,10,a1,mean_activation,baseline,23,0.0
MNIST,medium,43,10,a1,mean_activation,baseline,24,0.18519800901412964
MNIST,medium,43,10,a1,mean_activation,baseline,25,0.4101855754852295
MNIST,medium,43,10,a1,mean_activation,baseline,26,0.6188696026802063
MNIST,medium,43,10,a1,mean_activation,baseline,27,0.5146099328994751
MNIST,medium,43,10,a1,mean_activation,baseline,28,0.0
MNIST,medium,43,10,a1,mean_activation,baseline,29,0.4582677483558655
MNIST,medium,43,10,a1,mean_activation,baseline,30,0.330176442861557
MNIST,medium,43,10,a1,mean_activation,baseline,31,0.0
MNIST,medium,43,10,a1,mean_activation,baseline,32,0.5930622816085815
MNIST,medium,43,10,a1,mean_activation,baseline,33,0.023477479815483093
MNIST,medium,43,10,a1,mean_activation,baseline,34,0.0
MNIST,medium,43,10,a1,mean_activation,baseline,35,0.24415749311447144
MNIST,medium,43,10,a1,mean_activation,baseline,36,0.2210119366645813
MNIST,medium,43,10,a1,mean_activation,baseline,37,0.0
MNIST,medium,43,10,a1,mean_activation,baseline,38,0.10731177777051926
MNIST,medium,43,10,a1,mean_activation,baseline,39,0.050617191940546036
MNIST,medium,43,10,a1,mean_activation,baseline,40,0.2628650963306427
MNIST,medium,43,10,a1,mean_activation,baseline,41,0.5037583708763123
MNIST,medium,43,10,a1,mean_activation,baseline,42,0.0
MNIST,medium,43,10,a1,mean_activation,baseline,43,0.018132105469703674
MNIST,medium,43,10,a1,mean_activation,baseline,44,0.17902423441410065
MNIST,medium,43,10,a1,mean_activation,baseline,45,0.956400990486145
MNIST,medium,43,10,a1,mean_activation,baseline,46,0.22555352747440338
MNIST,medium,43,10,a1,mean_activation,baseline,47,1.125644564628601
MNIST,medium,43,10,a1,mean_activation,baseline,48,1.057818055152893
MNIST,medium,43,10,a1,mean_activation,baseline,49,0.008957257494330406
MNIST,medium,43,10,a1,mean_activation,baseline,50,0.0
MNIST,medium,43,10,a1,mean_activation,baseline,51,1.3262799978256226
MNIST,medium,43,10,a1,mean_activation,baseline,52,0.1947389394044876
MNIST,medium,43,10,a1,mean_activation,baseline,53,0.0
MNIST,medium,43,10,a1,mean_activation,baseline,54,0.2511407136917114
MNIST,medium,43,10,a1,mean_activation,baseline,55,0.0
MNIST,medium,43,10,a1,mean_activation,baseline,56,1.034266471862793
MNIST,medium,43,10,a1,mean_activation,baseline,57,0.3374517261981964
MNIST,medium,43,10,a1,mean_activation,baseline,58,0.06574505567550659
MNIST,medium,43,10,a1,mean_activation,baseline,59,0.8461004495620728
MNIST,medium,43,10,a1,mean_activation,baseline,60,1.572513461112976
MNIST,medium,43,10,a1,mean_activation,baseline,61,0.26964646577835083
MNIST,medium,43,10,a1,mean_activation,baseline,62,0.0
MNIST,medium,43,10,a1,mean_activation,baseline,63,0.49752554297447205
MNIST,medium,43,10,a1,mean_activation,baseline,64,0.6344327330589294
MNIST,medium,43,10,a1,mean_activation,baseline,65,1.0869404077529907
MNIST,medium,43,10,a1,mean_activation,baseline,66,0.31738996505737305
MNIST,medium,43,10,a1,mean_activation,baseline,67,0.1279982030391693
MNIST,medium,43,10,a1,mean_activation,baseline,68,0.1878145933151245
MNIST,medium,43,10,a1,mean_activation,baseline,69,0.42448145151138306
MNIST,medium,43,10,a1,mean_activation,baseline,70,0.5545239448547363
MNIST,medium,43,10,a1,mean_activation,baseline,71,0.4451306164264679
MNIST,medium,43,10,a1,mean_activation,baseline,72,0.22854624688625336
MNIST,medium,43,10,a1,mean_activation,baseline,73,1.0809227228164673
MNIST,medium,43,10,a1,mean_activation,baseline,74,0.27574291825294495
MNIST,medium,43,10,a1,mean_activation,baseline,75,0.36112284660339355
MNIST,medium,43,10,a1,mean_activation,baseline,76,0.17833566665649414
MNIST,medium,43,10,a1,mean_activation,baseline,77,0.2792684733867645
MNIST,medium,43,10,a1,mean_activation,baseline,78,0.32333478331565857
MNIST,medium,43,10,a1,mean_activation,baseline,79,0.0
MNIST,medium,43,10,a1,mean_activation,baseline,80,0.2698768377304077
MNIST,medium,43,10,a1,mean_activation,baseline,81,0.26552823185920715
MNIST,medium,43,10,a1,mean_activation,baseline,82,0.12016403675079346
MNIST,medium,43,10,a1,mean_activation,baseline,83,0.3964863717556
MNIST,medium,43,10,a1,mean_activation,baseline,84,0.0027031386271119118
MNIST,medium,43,10,a1,mean_activation,baseline,85,0.0
MNIST,medium,43,10,a1,mean_activation,baseline,86,0.8683925867080688
MNIST,medium,43,10,a1,mean_activation,baseline,87,0.5892271995544434
MNIST,medium,43,10,a1,mean_activation,baseline,88,0.3412870168685913
MNIST,medium,43,10,a1,mean_activation,baseline,89,0.9703227281570435
MNIST,medium,43,10,a1,mean_activation,baseline,90,0.0
MNIST,medium,43,10,a1,mean_activation,baseline,91,0.15572498738765717
MNIST,medium,43,10,a1,mean_activation,baseline,92,0.6315234899520874
MNIST,medium,43,10,a1,mean_activation,baseline,93,0.11203420162200928
MNIST,medium,43,10,a1,mean_activation,baseline,94,0.5363591909408569
MNIST,medium,43,10,a1,mean_activation,baseline,95,0.3551711440086365
MNIST,medium,43,10,a1,mean_activation,baseline,96,0.22033706307411194
MNIST,medium,43,10,a1,mean_activation,baseline,97,0.8299527764320374
MNIST,medium,43,10,a1,mean_activation,baseline,98,0.7191426753997803
MNIST,medium,43,10,a1,mean_activation,baseline,99,0.5079870223999023
MNIST,medium,43,10,a1,mean_activation,baseline,100,1.0969406366348267
MNIST,medium,43,10,a1,mean_activation,baseline,101,0.20225737988948822
MNIST,medium,43,10,a1,mean_activation,baseline,102,0.20992836356163025
MNIST,medium,43,10,a1,mean_activation,baseline,103,0.0
MNIST,medium,43,10,a1,mean_activation,baseline,104,0.2192440927028656
MNIST,medium,43,10,a1,mean_activation,baseline,105,0.4386700987815857
MNIST,medium,43,10,a1,mean_activation,baseline,106,0.9825625419616699
MNIST,medium,43,10,a1,mean_activation,baseline,107,0.7017711400985718
MNIST,medium,43,10,a1,mean_activation,baseline,108,0.07645265758037567
MNIST,medium,43,10,a1,mean_activation,baseline,109,0.5814674496650696
MNIST,medium,43,10,a1,mean_activation,baseline,110,0.8224137425422668
MNIST,medium,43,10,a1,mean_activation,baseline,111,0.16857479512691498
MNIST,medium,43,10,a1,mean_activation,baseline,112,1.1941028833389282
MNIST,medium,43,10,a1,mean_activation,baseline,113,0.4616522490978241
MNIST,medium,43,10,a1,mean_activation,baseline,114,0.29715460538864136
MNIST,medium,43,10,a1,mean_activation,baseline,115,2.101975440979004
MNIST,medium,43,10,a1,mean_activation,baseline,116,0.25727030634880066
MNIST,medium,43,10,a1,mean_activation,baseline,117,0.3335813581943512
MNIST,medium,43,10,a1,mean_activation,baseline,118,0.2855842411518097
MNIST,medium,43,10,a1,mean_activation,baseline,119,0.33158254623413086
MNIST,medium,43,10,a1,mean_activation,baseline,120,0.26520058512687683
MNIST,medium,43,10,a1,mean_activation,baseline,121,0.16389088332653046
MNIST,medium,43,10,a1,mean_activation,baseline,122,0.3751063346862793
MNIST,medium,43,10,a1,mean_activation,baseline,123,0.3651537597179413
MNIST,medium,43,10,a1,mean_activation,baseline,124,0.0
MNIST,medium,43,10,a1,mean_activation,baseline,125,0.7194640636444092
MNIST,medium,43,10,a1,mean_activation,baseline,126,0.6720638871192932
MNIST,medium,43,10,a1,mean_activation,baseline,127,0.11704163253307343
MNIST,medium,43,10,a1,mean_activation,baseline,128,0.5504828691482544
MNIST,medium,43,10,a1,mean_activation,baseline,129,0.020182156935334206
MNIST,medium,43,10,a1,mean_activation,baseline,130,1.1026570796966553
MNIST,medium,43,10,a1,mean_activation,baseline,131,0.5689732432365417
MNIST,medium,43,10,a1,mean_activation,baseline,132,0.5360749363899231
MNIST,medium,43,10,a1,mean_activation,baseline,133,0.6490663886070251
MNIST,medium,43,10,a1,mean_activation,baseline,134,0.3563702702522278
MNIST,medium,43,10,a1,mean_activation,baseline,135,0.14854681491851807
MNIST,medium,43,10,a1,mean_activation,baseline,136,0.6463314294815063
MNIST,medium,43,10,a1,mean_activation,baseline,137,0.21207985281944275
MNIST,medium,43,10,a1,mean_activation,baseline,138,0.32100456953048706
MNIST,medium,43,10,a1,mean_activation,baseline,139,0.5931396484375
MNIST,medium,43,10,a1,mean_activation,baseline,140,0.0
MNIST,medium,43,10,a1,mean_activation,baseline,141,0.1335717737674713
MNIST,medium,43,10,a1,mean_activation,baseline,142,0.9725699424743652
MNIST,medium,43,10,a1,mean_activation,baseline,143,0.5080751180648804
MNIST,medium,43,10,a1,mean_activation,baseline,144,0.0
MNIST,medium,43,10,a1,mean_activation,baseline,145,0.3777470886707306
MNIST,medium,43,10,a1,mean_activation,baseline,146,0.2320471554994583
MNIST,medium,43,10,a1,mean_activation,baseline,147,0.0514666773378849
MNIST,medium,43,10,a1,mean_activation,baseline,148,0.1254827231168747
MNIST,medium,43,10,a1,mean_activation,baseline,149,0.051634714007377625
MNIST,medium,43,10,a1,mean_activation,baseline,150,0.0
MNIST,medium,43,10,a1,mean_activation,baseline,151,0.2994975447654724
MNIST,medium,43,10,a1,mean_activation,baseline,152,0.20364485681056976
MNIST,medium,43,10,a1,mean_activation,baseline,153,0.0
MNIST,medium,43,10,a1,mean_activation,baseline,154,0.0
MNIST,medium,43,10,a1,mean_activation,baseline,155,0.7053355574607849
MNIST,medium,43,10,a1,mean_activation,baseline,156,0.33198437094688416
MNIST,medium,43,10,a1,mean_activation,baseline,157,0.29166069626808167
MNIST,medium,43,10,a1,mean_activation,baseline,158,0.4924299418926239
MNIST,medium,43,10,a1,mean_activation,baseline,159,0.0348256453871727
MNIST,medium,43,10,a1,mean_activation,baseline,160,1.4836887121200562
MNIST,medium,43,10,a1,mean_activation,baseline,161,0.002917869947850704
MNIST,medium,43,10,a1,mean_activation,baseline,162,0.8020579814910889
MNIST,medium,43,10,a1,mean_activation,baseline,163,0.07701914012432098
MNIST,medium,43,10,a1,mean_activation,baseline,164,0.5316669344902039
MNIST,medium,43,10,a1,mean_activation,baseline,165,1.4241819381713867
MNIST,medium,43,10,a1,mean_activation,baseline,166,0.6848206520080566
MNIST,medium,43,10,a1,mean_activation,baseline,167,0.2913144826889038
MNIST,medium,43,10,a1,mean_activation,baseline,168,0.44904983043670654
MNIST,medium,43,10,a1,mean_activation,baseline,169,0.4667222797870636
MNIST,medium,43,10,a1,mean_activation,baseline,170,0.007524061948060989
MNIST,medium,43,10,a1,mean_activation,baseline,171,0.3648930490016937
MNIST,medium,43,10,a1,mean_activation,baseline,172,0.251069575548172
MNIST,medium,43,10,a1,mean_activation,baseline,173,0.12917029857635498
MNIST,medium,43,10,a1,mean_activation,baseline,174,0.7475450038909912
MNIST,medium,43,10,a1,mean_activation,baseline,175,0.19858258962631226
MNIST,medium,43,10,a1,mean_activation,baseline,176,0.33219707012176514
MNIST,medium,43,10,a1,mean_activation,baseline,177,0.8584640026092529
MNIST,medium,43,10,a1,mean_activation,baseline,178,0.18367239832878113
MNIST,medium,43,10,a1,mean_activation,baseline,179,0.20893442630767822
MNIST,medium,43,10,a1,mean_activation,baseline,180,0.03609546646475792
MNIST,medium,43,10,a1,mean_activation,baseline,181,0.23589660227298737
MNIST,medium,43,10,a1,mean_activation,baseline,182,0.28046488761901855
MNIST,medium,43,10,a1,mean_activation,baseline,183,0.20192351937294006
MNIST,medium,43,10,a1,mean_activation,baseline,184,0.4158667027950287
MNIST,medium,43,10,a1,mean_activation,baseline,185,0.07593539357185364
MNIST,medium,43,10,a1,mean_activation,baseline,186,0.45290035009384155
MNIST,medium,43,10,a1,mean_activation,baseline,187,0.2551190257072449
MNIST,medium,43,10,a1,mean_activation,baseline,188,0.6831128001213074
MNIST,medium,43,10,a1,mean_activation,baseline,189,0.670185923576355
MNIST,medium,43,10,a1,mean_activation,baseline,190,0.16441762447357178
MNIST,medium,43,10,a1,mean_activation,baseline,191,0.048462819308042526
MNIST,medium,43,10,a1,mean_activation,baseline,192,0.4004879891872406
MNIST,medium,43,10,a1,mean_activation,baseline,193,0.10595159232616425
MNIST,medium,43,10,a1,mean_activation,baseline,194,0.009612202644348145
MNIST,medium,43,10,a1,mean_activation,baseline,195,0.5127487182617188
MNIST,medium,43,10,a1,mean_activation,baseline,196,0.8329688906669617
MNIST,medium,43,10,a1,mean_activation,baseline,197,0.20109575986862183
MNIST,medium,43,10,a1,mean_activation,baseline,198,0.6356719136238098
MNIST,medium,43,10,a1,mean_activation,baseline,199,0.24175342917442322
MNIST,medium,43,10,a1,mean_activation,baseline,200,0.10274720191955566
MNIST,medium,43,10,a1,mean_activation,baseline,201,0.0001251889916602522
MNIST,medium,43,10,a1,mean_activation,baseline,202,0.09942929446697235
MNIST,medium,43,10,a1,mean_activation,baseline,203,0.3354346454143524
MNIST,medium,43,10,a1,mean_activation,baseline,204,0.7270447015762329
MNIST,medium,43,10,a1,mean_activation,baseline,205,0.43439337611198425
MNIST,medium,43,10,a1,mean_activation,baseline,206,0.9328964948654175
MNIST,medium,43,10,a1,mean_activation,baseline,207,0.49077364802360535
MNIST,medium,43,10,a1,mean_activation,baseline,208,0.9204822778701782
MNIST,medium,43,10,a1,mean_activation,baseline,209,0.6077837944030762
MNIST,medium,43,10,a1,mean_activation,baseline,210,0.18588343262672424
MNIST,medium,43,10,a1,mean_activation,baseline,211,0.504693329334259
MNIST,medium,43,10,a1,mean_activation,baseline,212,0.7518008351325989
MNIST,medium,43,10,a1,mean_activation,baseline,213,0.0
MNIST,medium,43,10,a1,mean_activation,baseline,214,0.41253161430358887
MNIST,medium,43,10,a1,mean_activation,baseline,215,0.0002409134613117203
MNIST,medium,43,10,a1,mean_activation,baseline,216,0.6726998686790466
MNIST,medium,43,10,a1,mean_activation,baseline,217,0.4720837473869324
MNIST,medium,43,10,a1,mean_activation,baseline,218,0.0
MNIST,medium,43,10,a1,mean_activation,baseline,219,0.0
MNIST,medium,43,10,a1,mean_activation,baseline,220,0.20765037834644318
MNIST,medium,43,10,a1,mean_activation,baseline,221,0.4759163558483124
MNIST,medium,43,10,a1,mean_activation,baseline,222,0.04481307789683342
MNIST,medium,43,10,a1,mean_activation,baseline,223,0.16764585673809052
MNIST,medium,43,10,a1,mean_activation,baseline,224,0.7323237657546997
MNIST,medium,43,10,a1,mean_activation,baseline,225,0.1320129930973053
MNIST,medium,43,10,a1,mean_activation,baseline,226,0.45497798919677734
MNIST,medium,43,10,a1,mean_activation,baseline,227,0.09705760329961777
MNIST,medium,43,10,a1,mean_activation,baseline,228,0.5305260419845581
MNIST,medium,43,10,a1,mean_activation,baseline,229,0.46576952934265137
MNIST,medium,43,10,a1,mean_activation,baseline,230,0.0868244469165802
MNIST,medium,43,10,a1,mean_activation,baseline,231,0.5137965083122253
MNIST,medium,43,10,a1,mean_activation,baseline,232,0.6090731024742126
MNIST,medium,43,10,a1,mean_activation,baseline,233,0.7151824831962585
MNIST,medium,43,10,a1,mean_activation,baseline,234,0.37718939781188965
MNIST,medium,43,10,a1,mean_activation,baseline,235,0.7570545673370361
MNIST,medium,43,10,a1,mean_activation,baseline,236,0.32998228073120117
MNIST,medium,43,10,a1,mean_activation,baseline,237,1.0394445657730103
MNIST,medium,43,10,a1,mean_activation,baseline,238,0.24274633824825287
MNIST,medium,43,10,a1,mean_activation,baseline,239,0.06504841893911362
MNIST,medium,43,10,a1,mean_activation,baseline,240,0.0036009149625897408
MNIST,medium,43,10,a1,mean_activation,baseline,241,0.8866027593612671
MNIST,medium,43,10,a1,mean_activation,baseline,242,0.6930004954338074
MNIST,medium,43,10,a1,mean_activation,baseline,243,0.00018775486387312412
MNIST,medium,43,10,a1,mean_activation,baseline,244,0.5869113206863403
MNIST,medium,43,10,a1,mean_activation,baseline,245,0.0
MNIST,medium,43,10,a1,mean_activation,baseline,246,0.5922608971595764
MNIST,medium,43,10,a1,mean_activation,baseline,247,0.5485734939575195
MNIST,medium,43,10,a1,mean_activation,baseline,248,0.5092785954475403
MNIST,medium,43,10,a1,mean_activation,baseline,249,0.6085509061813354
MNIST,medium,43,10,a1,mean_activation,baseline,250,0.13906440138816833
MNIST,medium,43,10,a1,mean_activation,baseline,251,0.6899859309196472
MNIST,medium,43,10,a1,mean_activation,baseline,252,0.5510969161987305
MNIST,medium,43,10,a1,mean_activation,baseline,253,1.2221267223358154
MNIST,medium,43,10,a1,mean_activation,baseline,254,0.7951909899711609
MNIST,medium,43,10,a1,mean_activation,baseline,255,0.08438749611377716
MNIST,medium,43,10,a1,mean_activation,baseline,256,1.0122789144515991
MNIST,medium,43,10,a1,mean_activation,baseline,257,0.7973622679710388
MNIST,medium,43,10,a1,mean_activation,baseline,258,0.0
MNIST,medium,43,10,a1,mean_activation,baseline,259,0.5941675305366516
MNIST,medium,43,10,a1,mean_activation,baseline,260,1.1618096828460693
MNIST,medium,43,10,a1,mean_activation,baseline,261,0.39523932337760925
MNIST,medium,43,10,a1,mean_activation,baseline,262,0.6318139433860779
MNIST,medium,43,10,a1,mean_activation,baseline,263,0.5263723731040955
MNIST,medium,43,10,a1,mean_activation,baseline,264,0.5975557565689087
MNIST,medium,43,10,a1,mean_activation,baseline,265,0.9998307228088379
MNIST,medium,43,10,a1,mean_activation,baseline,266,0.14927606284618378
MNIST,medium,43,10,a1,mean_activation,baseline,267,0.001121064182370901
MNIST,medium,43,10,a1,mean_activation,baseline,268,0.24439889192581177
MNIST,medium,43,10,a1,mean_activation,baseline,269,0.01457730308175087
MNIST,medium,43,10,a1,mean_activation,baseline,270,0.35100358724594116
MNIST,medium,43,10,a1,mean_activation,baseline,271,0.2802177965641022
MNIST,medium,43,10,a1,mean_activation,baseline,272,0.06015805900096893
MNIST,medium,43,10,a1,mean_activation,baseline,273,0.6481848955154419
MNIST,medium,43,10,a1,mean_activation,baseline,274,0.0
MNIST,medium,43,10,a1,mean_activation,baseline,275,0.0
MNIST,medium,43,10,a1,mean_activation,baseline,276,0.7448801398277283
MNIST,medium,43,10,a1,mean_activation,baseline,277,0.0008410988957621157
MNIST,medium,43,10,a1,mean_activation,baseline,278,0.36566397547721863
MNIST,medium,43,10,a1,mean_activation,baseline,279,0.3524590730667114
MNIST,medium,43,10,a1,mean_activation,baseline,280,0.8507476449012756
MNIST,medium,43,10,a1,mean_activation,baseline,281,0.3115787208080292
MNIST,medium,43,10,a1,mean_activation,baseline,282,0.030771758407354355
MNIST,medium,43,10,a1,mean_activation,baseline,283,1.2589409351348877
MNIST,medium,43,10,a1,mean_activation,baseline,284,0.24837607145309448
MNIST,medium,43,10,a1,mean_activation,baseline,285,0.2286139875650406
MNIST,medium,43,10,a1,mean_activation,baseline,286,0.7268832921981812
MNIST,medium,43,10,a1,mean_activation,baseline,287,0.4292677044868469
MNIST,medium,43,10,a1,mean_activation,baseline,288,0.03824571520090103
MNIST,medium,43,10,a1,mean_activation,baseline,289,0.6088300347328186
MNIST,medium,43,10,a1,mean_activation,baseline,290,0.6840724945068359
MNIST,medium,43,10,a1,mean_activation,baseline,291,0.5904095768928528
MNIST,medium,43,10,a1,mean_activation,baseline,292,0.9292128086090088
MNIST,medium,43,10,a1,mean_activation,baseline,293,0.9448235034942627
MNIST,medium,43,10,a1,mean_activation,baseline,294,0.533722460269928
MNIST,medium,43,10,a1,mean_activation,baseline,295,0.0
MNIST,medium,43,10,a1,mean_activation,baseline,296,0.32868942618370056
MNIST,medium,43,10,a1,mean_activation,baseline,297,0.0
MNIST,medium,43,10,a1,mean_activation,baseline,298,0.5985099077224731
MNIST,medium,43,10,a1,mean_activation,baseline,299,0.44738176465034485
MNIST,medium,43,10,a1,mean_activation,baseline,300,0.39318323135375977
MNIST,medium,43,10,a1,mean_activation,baseline,301,0.29070666432380676
MNIST,medium,43,10,a1,mean_activation,baseline,302,0.37244129180908203
MNIST,medium,43,10,a1,mean_activation,baseline,303,0.47189953923225403
MNIST,medium,43,10,a1,mean_activation,baseline,304,0.8338354825973511
MNIST,medium,43,10,a1,mean_activation,baseline,305,0.7893908619880676
MNIST,medium,43,10,a1,mean_activation,baseline,306,1.1860378980636597
MNIST,medium,43,10,a1,mean_activation,baseline,307,0.6799649000167847
MNIST,medium,43,10,a1,mean_activation,baseline,308,0.15781940519809723
MNIST,medium,43,10,a1,mean_activation,baseline,309,0.35983043909072876
MNIST,medium,43,10,a1,mean_activation,baseline,310,0.24043092131614685
MNIST,medium,43,10,a1,mean_activation,baseline,311,0.16611161828041077
MNIST,medium,43,10,a1,mean_activation,baseline,312,0.21729406714439392
MNIST,medium,43,10,a1,mean_activation,baseline,313,0.3007682263851166
MNIST,medium,43,10,a1,mean_activation,baseline,314,2.096259117126465
MNIST,medium,43,10,a1,mean_activation,baseline,315,0.04644054174423218
MNIST,medium,43,10,a1,mean_activation,baseline,316,0.12990513443946838
MNIST,medium,43,10,a1,mean_activation,baseline,317,0.5158597230911255
MNIST,medium,43,10,a1,mean_activation,baseline,318,0.0
MNIST,medium,43,10,a1,mean_activation,baseline,319,4.670657157897949
MNIST,medium,43,10,a1,mean_activation,baseline,320,0.2094651311635971
MNIST,medium,43,10,a1,mean_activation,baseline,321,0.616751492023468
MNIST,medium,43,10,a1,mean_activation,baseline,322,0.7049112915992737
MNIST,medium,43,10,a1,mean_activation,baseline,323,0.3304864466190338
MNIST,medium,43,10,a1,mean_activation,baseline,324,0.967632532119751
MNIST,medium,43,10,a1,mean_activation,baseline,325,0.4058815836906433
MNIST,medium,43,10,a1,mean_activation,baseline,326,0.13009122014045715
MNIST,medium,43,10,a1,mean_activation,baseline,327,0.3842361271381378
MNIST,medium,43,10,a1,mean_activation,baseline,328,0.26755693554878235
MNIST,medium,43,10,a1,mean_activation,baseline,329,0.3026352524757385
MNIST,medium,43,10,a1,mean_activation,baseline,330,0.24207577109336853
MNIST,medium,43,10,a1,mean_activation,baseline,331,0.0444362610578537
MNIST,medium,43,10,a1,mean_activation,baseline,332,0.04139876738190651
MNIST,medium,43,10,a1,mean_activation,baseline,333,0.4716736674308777
MNIST,medium,43,10,a1,mean_activation,baseline,334,0.6437139511108398
MNIST,medium,43,10,a1,mean_activation,baseline,335,0.8459559082984924
MNIST,medium,43,10,a1,mean_activation,baseline,336,0.701350748538971
MNIST,medium,43,10,a1,mean_activation,baseline,337,1.256238579750061
MNIST,medium,43,10,a1,mean_activation,baseline,338,0.353554904460907
MNIST,medium,43,10,a1,mean_activation,baseline,339,0.9819708466529846
MNIST,medium,43,10,a1,mean_activation,baseline,340,0.0
MNIST,medium,43,10,a1,mean_activation,baseline,341,0.15003624558448792
MNIST,medium,43,10,a1,mean_activation,baseline,342,0.5943180322647095
MNIST,medium,43,10,a1,mean_activation,baseline,343,0.8255196213722229
MNIST,medium,43,10,a1,mean_activation,baseline,344,0.19630910456180573
MNIST,medium,43,10,a1,mean_activation,baseline,345,0.02855510264635086
MNIST,medium,43,10,a1,mean_activation,baseline,346,0.3050929307937622
MNIST,medium,43,10,a1,mean_activation,baseline,347,0.5396201610565186
MNIST,medium,43,10,a1,mean_activation,baseline,348,0.016543161123991013
MNIST,medium,43,10,a1,mean_activation,baseline,349,0.022364210337400436
MNIST,medium,43,10,a1,mean_activation,baseline,350,1.092774748802185
MNIST,medium,43,10,a1,mean_activation,baseline,351,0.019891628995537758
MNIST,medium,43,10,a1,mean_activation,baseline,352,0.010921700857579708
MNIST,medium,43,10,a1,mean_activation,baseline,353,0.08622155338525772
MNIST,medium,43,10,a1,mean_activation,baseline,354,0.49959903955459595
MNIST,medium,43,10,a1,mean_activation,baseline,355,0.0862974226474762
MNIST,medium,43,10,a1,mean_activation,baseline,356,0.8068631887435913
MNIST,medium,43,10,a1,mean_activation,baseline,357,1.5137122869491577
MNIST,medium,43,10,a1,mean_activation,baseline,358,0.45298469066619873
MNIST,medium,43,10,a1,mean_activation,baseline,359,0.15937861800193787
MNIST,medium,43,10,a1,mean_activation,baseline,360,0.7695983648300171
MNIST,medium,43,10,a1,mean_activation,baseline,361,0.21248647570610046
MNIST,medium,43,10,a1,mean_activation,baseline,362,1.6237092018127441
MNIST,medium,43,10,a1,mean_activation,baseline,363,0.07483792304992676
MNIST,medium,43,10,a1,mean_activation,baseline,364,1.093496561050415
MNIST,medium,43,10,a1,mean_activation,baseline,365,0.3198279142379761
MNIST,medium,43,10,a1,mean_activation,baseline,366,0.5484938621520996
MNIST,medium,43,10,a1,mean_activation,baseline,367,0.4233925938606262
MNIST,medium,43,10,a1,mean_activation,baseline,368,0.049950484186410904
MNIST,medium,43,10,a1,mean_activation,baseline,369,0.2359895259141922
MNIST,medium,43,10,a1,mean_activation,baseline,370,0.0
MNIST,medium,43,10,a1,mean_activation,baseline,371,0.6739704012870789
MNIST,medium,43,10,a1,mean_activation,baseline,372,0.15530575811862946
MNIST,medium,43,10,a1,mean_activation,baseline,373,0.4480530619621277
MNIST,medium,43,10,a1,mean_activation,baseline,374,0.2014421969652176
MNIST,medium,43,10,a1,mean_activation,baseline,375,0.19644702970981598
MNIST,medium,43,10,a1,mean_activation,baseline,376,0.1874869167804718
MNIST,medium,43,10,a1,mean_activation,baseline,377,0.23885804414749146
MNIST,medium,43,10,a1,mean_activation,baseline,378,0.46750763058662415
MNIST,medium,43,10,a1,mean_activation,baseline,379,0.32097575068473816
MNIST,medium,43,10,a1,mean_activation,baseline,380,0.6558805108070374
MNIST,medium,43,10,a1,mean_activation,baseline,381,0.19832609593868256
MNIST,medium,43,10,a1,mean_activation,baseline,382,0.6467382907867432
MNIST,medium,43,10,a1,mean_activation,baseline,383,0.03636514022946358
MNIST,medium,43,10,a1,mean_activation,baseline,384,0.29205986857414246
MNIST,medium,43,10,a1,mean_activation,baseline,385,0.9518961310386658
MNIST,medium,43,10,a1,mean_activation,baseline,386,0.4885525107383728
MNIST,medium,43,10,a1,mean_activation,baseline,387,0.24174198508262634
MNIST,medium,43,10,a1,mean_activation,baseline,388,1.136294960975647
MNIST,medium,43,10,a1,mean_activation,baseline,389,0.6625282168388367
MNIST,medium,43,10,a1,mean_activation,baseline,390,0.5504453778266907
MNIST,medium,43,10,a1,mean_activation,baseline,391,1.358721375465393
MNIST,medium,43,10,a1,mean_activation,baseline,392,0.21799510717391968
MNIST,medium,43,10,a1,mean_activation,baseline,393,0.2822134792804718
MNIST,medium,43,10,a1,mean_activation,baseline,394,0.2697261571884155
MNIST,medium,43,10,a1,mean_activation,baseline,395,0.1881900429725647
MNIST,medium,43,10,a1,mean_activation,baseline,396,0.1868075728416443
MNIST,medium,43,10,a1,mean_activation,baseline,397,0.9517614245414734
MNIST,medium,43,10,a1,mean_activation,baseline,398,0.843656599521637
MNIST,medium,43,10,a1,mean_activation,baseline,399,0.0018523241160437465
MNIST,medium,43,10,a1,mean_activation,baseline,400,0.17669038474559784
MNIST,medium,43,10,a1,mean_activation,baseline,401,0.63065505027771
MNIST,medium,43,10,a1,mean_activation,baseline,402,0.8858882784843445
MNIST,medium,43,10,a1,mean_activation,baseline,403,0.2703897953033447
MNIST,medium,43,10,a1,mean_activation,baseline,404,0.8328914046287537
MNIST,medium,43,10,a1,mean_activation,baseline,405,0.6821680665016174
MNIST,medium,43,10,a1,mean_activation,baseline,406,0.07411376386880875
MNIST,medium,43,10,a1,mean_activation,baseline,407,0.006290186196565628
MNIST,medium,43,10,a1,mean_activation,baseline,408,0.34264346957206726
MNIST,medium,43,10,a1,mean_activation,baseline,409,0.5321938395500183
MNIST,medium,43,10,a1,mean_activation,baseline,410,0.0
MNIST,medium,43,10,a1,mean_activation,baseline,411,0.2609632909297943
MNIST,medium,43,10,a1,mean_activation,baseline,412,0.4444371461868286
MNIST,medium,43,10,a1,mean_activation,baseline,413,0.8643753528594971
MNIST,medium,43,10,a1,mean_activation,baseline,414,0.3173406720161438
MNIST,medium,43,10,a1,mean_activation,baseline,415,0.034733179956674576
MNIST,medium,43,10,a1,mean_activation,baseline,416,0.18290768563747406
MNIST,medium,43,10,a1,mean_activation,baseline,417,0.4741702079772949
MNIST,medium,43,10,a1,mean_activation,baseline,418,0.3858194351196289
MNIST,medium,43,10,a1,mean_activation,baseline,419,0.5632206201553345
MNIST,medium,43,10,a1,mean_activation,baseline,420,0.44203776121139526
MNIST,medium,43,10,a1,mean_activation,baseline,421,1.5630441904067993
MNIST,medium,43,10,a1,mean_activation,baseline,422,0.8285036683082581
MNIST,medium,43,10,a1,mean_activation,baseline,423,0.43434903025627136
MNIST,medium,43,10,a1,mean_activation,baseline,424,0.0006131886621005833
MNIST,medium,43,10,a1,mean_activation,baseline,425,0.735012412071228
MNIST,medium,43,10,a1,mean_activation,baseline,426,0.2528420686721802
MNIST,medium,43,10,a1,mean_activation,baseline,427,0.4085114002227783
MNIST,medium,43,10,a1,mean_activation,baseline,428,0.6818848848342896
MNIST,medium,43,10,a1,mean_activation,baseline,429,1.1237114667892456
MNIST,medium,43,10,a1,mean_activation,baseline,430,0.0
MNIST,medium,43,10,a1,mean_activation,baseline,431,0.626235842704773
MNIST,medium,43,10,a1,mean_activation,baseline,432,0.5884333848953247
MNIST,medium,43,10,a1,mean_activation,baseline,433,0.3860795497894287
MNIST,medium,43,10,a1,mean_activation,baseline,434,0.11832132935523987
MNIST,medium,43,10,a1,mean_activation,baseline,435,0.42572131752967834
MNIST,medium,43,10,a1,mean_activation,baseline,436,0.010614301078021526
MNIST,medium,43,10,a1,mean_activation,baseline,437,0.7162154912948608
MNIST,medium,43,10,a1,mean_activation,baseline,438,0.48783934116363525
MNIST,medium,43,10,a1,mean_activation,baseline,439,0.9016721844673157
MNIST,medium,43,10,a1,mean_activation,baseline,440,0.5386286377906799
MNIST,medium,43,10,a1,mean_activation,baseline,441,1.0364724397659302
MNIST,medium,43,10,a1,mean_activation,baseline,442,0.10183422267436981
MNIST,medium,43,10,a1,mean_activation,baseline,443,0.11707225441932678
MNIST,medium,43,10,a1,mean_activation,baseline,444,0.3721596598625183
MNIST,medium,43,10,a1,mean_activation,baseline,445,1.143009901046753
MNIST,medium,43,10,a1,mean_activation,baseline,446,0.49622872471809387
MNIST,medium,43,10,a1,mean_activation,baseline,447,0.37361881136894226
MNIST,medium,43,10,a1,mean_activation,baseline,448,0.4912949204444885
MNIST,medium,43,10,a1,mean_activation,baseline,449,0.23592139780521393
MNIST,medium,43,10,a1,mean_activation,baseline,450,1.160647988319397
MNIST,medium,43,10,a1,mean_activation,baseline,451,0.07690301537513733
MNIST,medium,43,10,a1,mean_activation,baseline,452,0.2323211133480072
MNIST,medium,43,10,a1,mean_activation,baseline,453,0.0005847809370607138
MNIST,medium,43,10,a1,mean_activation,baseline,454,0.667482852935791
MNIST,medium,43,10,a1,mean_activation,baseline,455,0.09314822405576706
MNIST,medium,43,10,a1,mean_activation,baseline,456,0.6334463953971863
MNIST,medium,43,10,a1,mean_activation,baseline,457,0.12281498312950134
MNIST,medium,43,10,a1,mean_activation,baseline,458,0.4565017819404602
MNIST,medium,43,10,a1,mean_activation,baseline,459,1.5590580701828003
MNIST,medium,43,10,a1,mean_activation,baseline,460,0.003097566543146968
MNIST,medium,43,10,a1,mean_activation,baseline,461,0.3030027151107788
MNIST,medium,43,10,a1,mean_activation,baseline,462,0.7369800806045532
MNIST,medium,43,10,a1,mean_activation,baseline,463,0.5277554392814636
MNIST,medium,43,10,a1,mean_activation,baseline,464,0.6146044135093689
MNIST,medium,43,10,a1,mean_activation,baseline,465,1.9427353143692017
MNIST,medium,43,10,a1,mean_activation,baseline,466,0.5502088069915771
MNIST,medium,43,10,a1,mean_activation,baseline,467,0.9469473361968994
MNIST,medium,43,10,a1,mean_activation,baseline,468,0.0
MNIST,medium,43,10,a1,mean_activation,baseline,469,0.5187342166900635
MNIST,medium,43,10,a1,mean_activation,baseline,470,0.2842975854873657
MNIST,medium,43,10,a1,mean_activation,baseline,471,0.15560251474380493
MNIST,medium,43,10,a1,mean_activation,baseline,472,0.1951209306716919
MNIST,medium,43,10,a1,mean_activation,baseline,473,0.2777700126171112
MNIST,medium,43,10,a1,mean_activation,baseline,474,0.489325612783432
MNIST,medium,43,10,a1,mean_activation,baseline,475,0.7207926511764526
MNIST,medium,43,10,a1,mean_activation,baseline,476,0.4387201964855194
MNIST,medium,43,10,a1,mean_activation,baseline,477,0.25254586338996887
MNIST,medium,43,10,a1,mean_activation,baseline,478,0.31812232732772827
MNIST,medium,43,10,a1,mean_activation,baseline,479,0.2124713659286499
MNIST,medium,43,10,a1,mean_activation,baseline,480,0.0
MNIST,medium,43,10,a1,mean_activation,baseline,481,0.7691213488578796
MNIST,medium,43,10,a1,mean_activation,baseline,482,0.20927384495735168
MNIST,medium,43,10,a1,mean_activation,baseline,483,0.09399208426475525
MNIST,medium,43,10,a1,mean_activation,baseline,484,0.7441492080688477
MNIST,medium,43,10,a1,mean_activation,baseline,485,0.10473959147930145
MNIST,medium,43,10,a1,mean_activation,baseline,486,0.2527008354663849
MNIST,medium,43,10,a1,mean_activation,baseline,487,0.04845447093248367
MNIST,medium,43,10,a1,mean_activation,baseline,488,0.3085336983203888
MNIST,medium,43,10,a1,mean_activation,baseline,489,0.22938236594200134
MNIST,medium,43,10,a1,mean_activation,baseline,490,0.2717967927455902
MNIST,medium,43,10,a1,mean_activation,baseline,491,0.14456862211227417
MNIST,medium,43,10,a1,mean_activation,baseline,492,0.1620764285326004
MNIST,medium,43,10,a1,mean_activation,baseline,493,0.0
MNIST,medium,43,10,a1,mean_activation,baseline,494,0.47824496030807495
MNIST,medium,43,10,a1,mean_activation,baseline,495,0.44025886058807373
MNIST,medium,43,10,a1,mean_activation,baseline,496,0.2651398777961731
MNIST,medium,43,10,a1,mean_activation,baseline,497,0.5085973739624023
MNIST,medium,43,10,a1,mean_activation,baseline,498,0.3987852931022644
MNIST,medium,43,10,a1,mean_activation,baseline,499,2.0386998653411865
MNIST,medium,43,10,a1,mean_activation,baseline,500,0.18012720346450806
MNIST,medium,43,10,a1,mean_activation,baseline,501,0.21800774335861206
MNIST,medium,43,10,a1,mean_activation,baseline,502,0.2935032546520233
MNIST,medium,43,10,a1,mean_activation,baseline,503,0.1284816712141037
MNIST,medium,43,10,a1,mean_activation,baseline,504,0.7202860116958618
MNIST,medium,43,10,a1,mean_activation,baseline,505,0.23333385586738586
MNIST,medium,43,10,a1,mean_activation,baseline,506,0.8745935559272766
MNIST,medium,43,10,a1,mean_activation,baseline,507,0.15982624888420105
MNIST,medium,43,10,a1,mean_activation,baseline,508,0.5336857438087463
MNIST,medium,43,10,a1,mean_activation,baseline,509,0.19285812973976135
MNIST,medium,43,10,a1,mean_activation,baseline,510,0.6259080767631531
MNIST,medium,43,10,a1,mean_activation,baseline,511,0.03519047051668167
MNIST,medium,43,10,a2,mean_activation,baseline,0,1.2535223960876465
MNIST,medium,43,10,a2,mean_activation,baseline,1,0.6341003179550171
MNIST,medium,43,10,a2,mean_activation,baseline,2,0.11741048842668533
MNIST,medium,43,10,a2,mean_activation,baseline,3,1.242568016052246
MNIST,medium,43,10,a2,mean_activation,baseline,4,1.380888819694519
MNIST,medium,43,10,a2,mean_activation,baseline,5,1.096578598022461
MNIST,medium,43,10,a2,mean_activation,baseline,6,1.6818891763687134
MNIST,medium,43,10,a2,mean_activation,baseline,7,0.8751959800720215
MNIST,medium,43,10,a2,mean_activation,baseline,8,0.0
MNIST,medium,43,10,a2,mean_activation,baseline,9,1.451304316520691
MNIST,medium,43,10,a2,mean_activation,baseline,10,1.0682400465011597
MNIST,medium,43,10,a2,mean_activation,baseline,11,1.0094313621520996
MNIST,medium,43,10,a2,mean_activation,baseline,12,0.727594792842865
MNIST,medium,43,10,a2,mean_activation,baseline,13,0.7212315201759338
MNIST,medium,43,10,a2,mean_activation,baseline,14,2.030318021774292
MNIST,medium,43,10,a2,mean_activation,baseline,15,1.260270595550537
MNIST,medium,43,10,a2,mean_activation,baseline,16,0.5486159324645996
MNIST,medium,43,10,a2,mean_activation,baseline,17,0.6242849826812744
MNIST,medium,43,10,a2,mean_activation,baseline,18,0.5554038882255554
MNIST,medium,43,10,a2,mean_activation,baseline,19,1.214029312133789
MNIST,medium,43,10,a2,mean_activation,baseline,20,0.924683690071106
MNIST,medium,43,10,a2,mean_activation,baseline,21,1.1345124244689941
MNIST,medium,43,10,a2,mean_activation,baseline,22,0.8440386652946472
MNIST,medium,43,10,a2,mean_activation,baseline,23,1.233904480934143
MNIST,medium,43,10,a2,mean_activation,baseline,24,0.9296000599861145
MNIST,medium,43,10,a2,mean_activation,baseline,25,0.7185776829719543
MNIST,medium,43,10,a2,mean_activation,baseline,26,0.5795234441757202
MNIST,medium,43,10,a2,mean_activation,baseline,27,0.9261990785598755
MNIST,medium,43,10,a2,mean_activation,baseline,28,1.0083496570587158
MNIST,medium,43,10,a2,mean_activation,baseline,29,1.402984857559204
MNIST,medium,43,10,a2,mean_activation,baseline,30,1.5353140830993652
MNIST,medium,43,10,a2,mean_activation,baseline,31,0.9536253809928894
MNIST,medium,43,10,a2,mean_activation,baseline,32,0.7912376523017883
MNIST,medium,43,10,a2,mean_activation,baseline,33,0.7588458061218262
MNIST,medium,43,10,a2,mean_activation,baseline,34,0.23257063329219818
MNIST,medium,43,10,a2,mean_activation,baseline,35,0.6511836051940918
MNIST,medium,43,10,a2,mean_activation,baseline,36,1.0759238004684448
MNIST,medium,43,10,a2,mean_activation,baseline,37,1.2896491289138794
MNIST,medium,43,10,a2,mean_activation,baseline,38,0.9075368642807007
MNIST,medium,43,10,a2,mean_activation,baseline,39,1.762948751449585
MNIST,medium,43,10,a2,mean_activation,baseline,40,0.0
MNIST,medium,43,10,a2,mean_activation,baseline,41,1.369714379310608
MNIST,medium,43,10,a2,mean_activation,baseline,42,1.0276434421539307
MNIST,medium,43,10,a2,mean_activation,baseline,43,0.9050789475440979
MNIST,medium,43,10,a2,mean_activation,baseline,44,0.8587523102760315
MNIST,medium,43,10,a2,mean_activation,baseline,45,0.9235043525695801
MNIST,medium,43,10,a2,mean_activation,baseline,46,0.9928018450737
MNIST,medium,43,10,a2,mean_activation,baseline,47,1.4262220859527588
MNIST,medium,43,10,a2,mean_activation,baseline,48,0.285587340593338
MNIST,medium,43,10,a2,mean_activation,baseline,49,0.36116400361061096
MNIST,medium,43,10,a2,mean_activation,baseline,50,1.1421228647232056
MNIST,medium,43,10,a2,mean_activation,baseline,51,0.15786638855934143
MNIST,medium,43,10,a2,mean_activation,baseline,52,0.8951705694198608
MNIST,medium,43,10,a2,mean_activation,baseline,53,0.6919873356819153
MNIST,medium,43,10,a2,mean_activation,baseline,54,1.237479567527771
MNIST,medium,43,10,a2,mean_activation,baseline,55,0.7194162607192993
MNIST,medium,43,10,a2,mean_activation,baseline,56,1.153560757637024
MNIST,medium,43,10,a2,mean_activation,baseline,57,1.148977518081665
MNIST,medium,43,10,a2,mean_activation,baseline,58,0.9618018865585327
MNIST,medium,43,10,a2,mean_activation,baseline,59,1.3338161706924438
MNIST,medium,43,10,a2,mean_activation,baseline,60,1.5347181558609009
MNIST,medium,43,10,a2,mean_activation,baseline,61,0.631603479385376
MNIST,medium,43,10,a2,mean_activation,baseline,62,0.6149516105651855
MNIST,medium,43,10,a2,mean_activation,baseline,63,1.386949896812439
MNIST,medium,43,10,a2,mean_activation,baseline,64,0.0006161162164062262
MNIST,medium,43,10,a2,mean_activation,baseline,65,0.5078394412994385
MNIST,medium,43,10,a2,mean_activation,baseline,66,1.0516469478607178
MNIST,medium,43,10,a2,mean_activation,baseline,67,0.7919576168060303
MNIST,medium,43,10,a2,mean_activation,baseline,68,1.160503625869751
MNIST,medium,43,10,a2,mean_activation,baseline,69,0.6255837678909302
MNIST,medium,43,10,a2,mean_activation,baseline,70,0.7756527066230774
MNIST,medium,43,10,a2,mean_activation,baseline,71,0.9899516701698303
MNIST,medium,43,10,a2,mean_activation,baseline,72,0.7944979667663574
MNIST,medium,43,10,a2,mean_activation,baseline,73,1.8595503568649292
MNIST,medium,43,10,a2,mean_activation,baseline,74,1.3141028881072998
MNIST,medium,43,10,a2,mean_activation,baseline,75,1.931540846824646
MNIST,medium,43,10,a2,mean_activation,baseline,76,0.46718502044677734
MNIST,medium,43,10,a2,mean_activation,baseline,77,1.921299695968628
MNIST,medium,43,10,a2,mean_activation,baseline,78,0.8856344223022461
MNIST,medium,43,10,a2,mean_activation,baseline,79,1.0060815811157227
MNIST,medium,43,10,a2,mean_activation,baseline,80,0.6554281711578369
MNIST,medium,43,10,a2,mean_activation,baseline,81,0.8981031179428101
MNIST,medium,43,10,a2,mean_activation,baseline,82,1.5518730878829956
MNIST,medium,43,10,a2,mean_activation,baseline,83,0.884372353553772
MNIST,medium,43,10,a2,mean_activation,baseline,84,1.7479251623153687
MNIST,medium,43,10,a2,mean_activation,baseline,85,1.7732402086257935
MNIST,medium,43,10,a2,mean_activation,baseline,86,0.7457357048988342
MNIST,medium,43,10,a2,mean_activation,baseline,87,0.642663300037384
MNIST,medium,43,10,a2,mean_activation,baseline,88,0.5413594841957092
MNIST,medium,43,10,a2,mean_activation,baseline,89,0.6628856062889099
MNIST,medium,43,10,a2,mean_activation,baseline,90,0.7966967225074768
MNIST,medium,43,10,a2,mean_activation,baseline,91,0.9771628975868225
MNIST,medium,43,10,a2,mean_activation,baseline,92,0.701230525970459
MNIST,medium,43,10,a2,mean_activation,baseline,93,1.5690116882324219
MNIST,medium,43,10,a2,mean_activation,baseline,94,1.3829379081726074
MNIST,medium,43,10,a2,mean_activation,baseline,95,0.7934232950210571
MNIST,medium,43,10,a2,mean_activation,baseline,96,1.5252888202667236
MNIST,medium,43,10,a2,mean_activation,baseline,97,0.0
MNIST,medium,43,10,a2,mean_activation,baseline,98,1.2705966234207153
MNIST,medium,43,10,a2,mean_activation,baseline,99,0.42382484674453735
MNIST,medium,43,10,a2,mean_activation,baseline,100,0.4336819052696228
MNIST,medium,43,10,a2,mean_activation,baseline,101,1.2191214561462402
MNIST,medium,43,10,a2,mean_activation,baseline,102,0.9615296125411987
MNIST,medium,43,10,a2,mean_activation,baseline,103,1.121915340423584
MNIST,medium,43,10,a2,mean_activation,baseline,104,1.432584285736084
MNIST,medium,43,10,a2,mean_activation,baseline,105,1.4266753196716309
MNIST,medium,43,10,a2,mean_activation,baseline,106,0.878625750541687
MNIST,medium,43,10,a2,mean_activation,baseline,107,1.356083631515503
MNIST,medium,43,10,a2,mean_activation,baseline,108,0.12775371968746185
MNIST,medium,43,10,a2,mean_activation,baseline,109,0.9832488298416138
MNIST,medium,43,10,a2,mean_activation,baseline,110,0.0022494152653962374
MNIST,medium,43,10,a2,mean_activation,baseline,111,0.8083668947219849
MNIST,medium,43,10,a2,mean_activation,baseline,112,1.1172688007354736
MNIST,medium,43,10,a2,mean_activation,baseline,113,0.9984908103942871
MNIST,medium,43,10,a2,mean_activation,baseline,114,0.42048606276512146
MNIST,medium,43,10,a2,mean_activation,baseline,115,1.006294846534729
MNIST,medium,43,10,a2,mean_activation,baseline,116,1.9636890888214111
MNIST,medium,43,10,a2,mean_activation,baseline,117,0.4561696946620941
MNIST,medium,43,10,a2,mean_activation,baseline,118,1.3261759281158447
MNIST,medium,43,10,a2,mean_activation,baseline,119,1.0078842639923096
MNIST,medium,43,10,a2,mean_activation,baseline,120,0.8372381925582886
MNIST,medium,43,10,a2,mean_activation,baseline,121,0.0
MNIST,medium,43,10,a2,mean_activation,baseline,122,1.2018659114837646
MNIST,medium,43,10,a2,mean_activation,baseline,123,0.7877930998802185
MNIST,medium,43,10,a2,mean_activation,baseline,124,0.9951226711273193
MNIST,medium,43,10,a2,mean_activation,baseline,125,1.209754467010498
MNIST,medium,43,10,a2,mean_activation,baseline,126,0.8615249395370483
MNIST,medium,43,10,a2,mean_activation,baseline,127,2.3280792236328125
MNIST,medium,43,10,a2,mean_activation,baseline,128,0.4700039327144623
MNIST,medium,43,10,a2,mean_activation,baseline,129,2.0346243381500244
MNIST,medium,43,10,a2,mean_activation,baseline,130,0.346585750579834
MNIST,medium,43,10,a2,mean_activation,baseline,131,0.5251297354698181
MNIST,medium,43,10,a2,mean_activation,baseline,132,1.149412751197815
MNIST,medium,43,10,a2,mean_activation,baseline,133,0.47385430335998535
MNIST,medium,43,10,a2,mean_activation,baseline,134,1.3229241371154785
MNIST,medium,43,10,a2,mean_activation,baseline,135,0.4012635052204132
MNIST,medium,43,10,a2,mean_activation,baseline,136,0.38814258575439453
MNIST,medium,43,10,a2,mean_activation,baseline,137,0.4892028868198395
MNIST,medium,43,10,a2,mean_activation,baseline,138,0.7832797765731812
MNIST,medium,43,10,a2,mean_activation,baseline,139,0.03217143937945366
MNIST,medium,43,10,a2,mean_activation,baseline,140,0.544942319393158
MNIST,medium,43,10,a2,mean_activation,baseline,141,1.193831205368042
MNIST,medium,43,10,a2,mean_activation,baseline,142,1.1618883609771729
MNIST,medium,43,10,a2,mean_activation,baseline,143,1.0436930656433105
MNIST,medium,43,10,a2,mean_activation,baseline,144,0.5005050897598267
MNIST,medium,43,10,a2,mean_activation,baseline,145,0.9149238467216492
MNIST,medium,43,10,a2,mean_activation,baseline,146,1.1650010347366333
MNIST,medium,43,10,a2,mean_activation,baseline,147,0.691520094871521
MNIST,medium,43,10,a2,mean_activation,baseline,148,0.6413698196411133
MNIST,medium,43,10,a2,mean_activation,baseline,149,0.7929409146308899
MNIST,medium,43,10,a2,mean_activation,baseline,150,1.5907771587371826
MNIST,medium,43,10,a2,mean_activation,baseline,151,1.2087466716766357
MNIST,medium,43,10,a2,mean_activation,baseline,152,1.5420169830322266
MNIST,medium,43,10,a2,mean_activation,baseline,153,1.402427077293396
MNIST,medium,43,10,a2,mean_activation,baseline,154,0.9773901104927063
MNIST,medium,43,10,a2,mean_activation,baseline,155,0.41788268089294434
MNIST,medium,43,10,a2,mean_activation,baseline,156,0.28529059886932373
MNIST,medium,43,10,a2,mean_activation,baseline,157,1.4030025005340576
MNIST,medium,43,10,a2,mean_activation,baseline,158,0.09224600344896317
MNIST,medium,43,10,a2,mean_activation,baseline,159,0.9643025994300842
MNIST,medium,43,10,a2,mean_activation,baseline,160,0.6284171938896179
MNIST,medium,43,10,a2,mean_activation,baseline,161,1.341860294342041
MNIST,medium,43,10,a2,mean_activation,baseline,162,1.1675690412521362
MNIST,medium,43,10,a2,mean_activation,baseline,163,0.960313081741333
MNIST,medium,43,10,a2,mean_activation,baseline,164,0.5151477456092834
MNIST,medium,43,10,a2,mean_activation,baseline,165,0.6182454228401184
MNIST,medium,43,10,a2,mean_activation,baseline,166,0.8299698233604431
MNIST,medium,43,10,a2,mean_activation,baseline,167,0.9983015656471252
MNIST,medium,43,10,a2,mean_activation,baseline,168,0.5780742168426514
MNIST,medium,43,10,a2,mean_activation,baseline,169,0.9609777331352234
MNIST,medium,43,10,a2,mean_activation,baseline,170,0.8618447184562683
MNIST,medium,43,10,a2,mean_activation,baseline,171,1.4592270851135254
MNIST,medium,43,10,a2,mean_activation,baseline,172,0.9707641005516052
MNIST,medium,43,10,a2,mean_activation,baseline,173,0.0
MNIST,medium,43,10,a2,mean_activation,baseline,174,0.8399456143379211
MNIST,medium,43,10,a2,mean_activation,baseline,175,1.6196277141571045
MNIST,medium,43,10,a2,mean_activation,baseline,176,0.5633213520050049
MNIST,medium,43,10,a2,mean_activation,baseline,177,2.0036003589630127
MNIST,medium,43,10,a2,mean_activation,baseline,178,0.6579086780548096
MNIST,medium,43,10,a2,mean_activation,baseline,179,1.53385329246521
MNIST,medium,43,10,a2,mean_activation,baseline,180,0.6500037908554077
MNIST,medium,43,10,a2,mean_activation,baseline,181,0.5823142528533936
MNIST,medium,43,10,a2,mean_activation,baseline,182,0.6553828120231628
MNIST,medium,43,10,a2,mean_activation,baseline,183,0.24289259314537048
MNIST,medium,43,10,a2,mean_activation,baseline,184,1.1527098417282104
MNIST,medium,43,10,a2,mean_activation,baseline,185,0.0
MNIST,medium,43,10,a2,mean_activation,baseline,186,0.48719820380210876
MNIST,medium,43,10,a2,mean_activation,baseline,187,1.0723812580108643
MNIST,medium,43,10,a2,mean_activation,baseline,188,0.93674635887146
MNIST,medium,43,10,a2,mean_activation,baseline,189,0.18359103798866272
MNIST,medium,43,10,a2,mean_activation,baseline,190,1.399336576461792
MNIST,medium,43,10,a2,mean_activation,baseline,191,0.7747035622596741
MNIST,medium,43,10,a2,mean_activation,baseline,192,0.0
MNIST,medium,43,10,a2,mean_activation,baseline,193,0.8312222957611084
MNIST,medium,43,10,a2,mean_activation,baseline,194,1.3502579927444458
MNIST,medium,43,10,a2,mean_activation,baseline,195,0.8648836612701416
MNIST,medium,43,10,a2,mean_activation,baseline,196,0.6293743252754211
MNIST,medium,43,10,a2,mean_activation,baseline,197,0.6537922024726868
MNIST,medium,43,10,a2,mean_activation,baseline,198,0.0022320090793073177
MNIST,medium,43,10,a2,mean_activation,baseline,199,0.03130144253373146
MNIST,medium,43,10,a2,mean_activation,baseline,200,0.39998504519462585
MNIST,medium,43,10,a2,mean_activation,baseline,201,0.006776169408112764
MNIST,medium,43,10,a2,mean_activation,baseline,202,0.6530161499977112
MNIST,medium,43,10,a2,mean_activation,baseline,203,0.1730901300907135
MNIST,medium,43,10,a2,mean_activation,baseline,204,0.49172070622444153
MNIST,medium,43,10,a2,mean_activation,baseline,205,0.8914086222648621
MNIST,medium,43,10,a2,mean_activation,baseline,206,0.5682005286216736
MNIST,medium,43,10,a2,mean_activation,baseline,207,0.015519464388489723
MNIST,medium,43,10,a2,mean_activation,baseline,208,0.5334248542785645
MNIST,medium,43,10,a2,mean_activation,baseline,209,0.8816916942596436
MNIST,medium,43,10,a2,mean_activation,baseline,210,1.0451921224594116
MNIST,medium,43,10,a2,mean_activation,baseline,211,0.4535790979862213
MNIST,medium,43,10,a2,mean_activation,baseline,212,1.058962345123291
MNIST,medium,43,10,a2,mean_activation,baseline,213,2.303220510482788
MNIST,medium,43,10,a2,mean_activation,baseline,214,1.142978549003601
MNIST,medium,43,10,a2,mean_activation,baseline,215,0.9440086483955383
MNIST,medium,43,10,a2,mean_activation,baseline,216,0.9727093577384949
MNIST,medium,43,10,a2,mean_activation,baseline,217,1.4570971727371216
MNIST,medium,43,10,a2,mean_activation,baseline,218,0.5775832533836365
MNIST,medium,43,10,a2,mean_activation,baseline,219,0.9973891377449036
MNIST,medium,43,10,a2,mean_activation,baseline,220,1.8840073347091675
MNIST,medium,43,10,a2,mean_activation,baseline,221,0.09475132077932358
MNIST,medium,43,10,a2,mean_activation,baseline,222,1.002913236618042
MNIST,medium,43,10,a2,mean_activation,baseline,223,0.7088482975959778
MNIST,medium,43,10,a2,mean_activation,baseline,224,0.7374225854873657
MNIST,medium,43,10,a2,mean_activation,baseline,225,1.3357912302017212
MNIST,medium,43,10,a2,mean_activation,baseline,226,0.7357012033462524
MNIST,medium,43,10,a2,mean_activation,baseline,227,1.7495694160461426
MNIST,medium,43,10,a2,mean_activation,baseline,228,1.2049155235290527
MNIST,medium,43,10,a2,mean_activation,baseline,229,1.2687971591949463
MNIST,medium,43,10,a2,mean_activation,baseline,230,1.0111714601516724
MNIST,medium,43,10,a2,mean_activation,baseline,231,0.8181927800178528
MNIST,medium,43,10,a2,mean_activation,baseline,232,1.3455631732940674
MNIST,medium,43,10,a2,mean_activation,baseline,233,0.7552370429039001
MNIST,medium,43,10,a2,mean_activation,baseline,234,1.4934232234954834
MNIST,medium,43,10,a2,mean_activation,baseline,235,1.3044003248214722
MNIST,medium,43,10,a2,mean_activation,baseline,236,0.7067223191261292
MNIST,medium,43,10,a2,mean_activation,baseline,237,1.19157075881958
MNIST,medium,43,10,a2,mean_activation,baseline,238,1.606152057647705
MNIST,medium,43,10,a2,mean_activation,baseline,239,0.464298278093338
MNIST,medium,43,10,a2,mean_activation,baseline,240,1.9275121688842773
MNIST,medium,43,10,a2,mean_activation,baseline,241,1.3230199813842773
MNIST,medium,43,10,a2,mean_activation,baseline,242,1.2877756357192993
MNIST,medium,43,10,a2,mean_activation,baseline,243,1.0248082876205444
MNIST,medium,43,10,a2,mean_activation,baseline,244,0.8804961442947388
MNIST,medium,43,10,a2,mean_activation,baseline,245,1.372511863708496
MNIST,medium,43,10,a2,mean_activation,baseline,246,0.4959297478199005
MNIST,medium,43,10,a2,mean_activation,baseline,247,1.4237433671951294
MNIST,medium,43,10,a2,mean_activation,baseline,248,1.0730154514312744
MNIST,medium,43,10,a2,mean_activation,baseline,249,1.6915208101272583
MNIST,medium,43,10,a2,mean_activation,baseline,250,1.212135672569275
MNIST,medium,43,10,a2,mean_activation,baseline,251,0.5746142864227295
MNIST,medium,43,10,a2,mean_activation,baseline,252,0.7167204022407532
MNIST,medium,43,10,a2,mean_activation,baseline,253,1.1560988426208496
MNIST,medium,43,10,a2,mean_activation,baseline,254,0.8029680252075195
MNIST,medium,43,10,a2,mean_activation,baseline,255,0.5509039163589478
MNIST,medium,43,10,a3,mean_activation,baseline,0,3.317317485809326
MNIST,medium,43,10,a3,mean_activation,baseline,1,1.2423433065414429
MNIST,medium,43,10,a3,mean_activation,baseline,2,1.5404176712036133
MNIST,medium,43,10,a3,mean_activation,baseline,3,1.8850862979888916
MNIST,medium,43,10,a3,mean_activation,baseline,4,1.3895387649536133
MNIST,medium,43,10,a3,mean_activation,baseline,5,1.7599784135818481
MNIST,medium,43,10,a3,mean_activation,baseline,6,1.833899974822998
MNIST,medium,43,10,a3,mean_activation,baseline,7,1.8981784582138062
MNIST,medium,43,10,a3,mean_activation,baseline,8,1.0070000886917114
MNIST,medium,43,10,a3,mean_activation,baseline,9,1.3450596332550049
MNIST,medium,43,10,a3,mean_activation,baseline,10,2.181119918823242
MNIST,medium,43,10,a3,mean_activation,baseline,11,1.697340726852417
MNIST,medium,43,10,a3,mean_activation,baseline,12,2.1227762699127197
MNIST,medium,43,10,a3,mean_activation,baseline,13,2.012935161590576
MNIST,medium,43,10,a3,mean_activation,baseline,14,3.0620291233062744
MNIST,medium,43,10,a3,mean_activation,baseline,15,1.7087652683258057
MNIST,medium,43,10,a3,mean_activation,baseline,16,1.7088005542755127
MNIST,medium,43,10,a3,mean_activation,baseline,17,2.142625093460083
MNIST,medium,43,10,a3,mean_activation,baseline,18,2.0164430141448975
MNIST,medium,43,10,a3,mean_activation,baseline,19,1.374059796333313
MNIST,medium,43,10,a3,mean_activation,baseline,20,1.8564348220825195
MNIST,medium,43,10,a3,mean_activation,baseline,21,2.412698745727539
MNIST,medium,43,10,a3,mean_activation,baseline,22,2.2423923015594482
MNIST,medium,43,10,a3,mean_activation,baseline,23,2.4183664321899414
MNIST,medium,43,10,a3,mean_activation,baseline,24,2.158125877380371
MNIST,medium,43,10,a3,mean_activation,baseline,25,3.000150442123413
MNIST,medium,43,10,a3,mean_activation,baseline,26,1.933648943901062
MNIST,medium,43,10,a3,mean_activation,baseline,27,2.179255723953247
MNIST,medium,43,10,a3,mean_activation,baseline,28,1.7576404809951782
MNIST,medium,43,10,a3,mean_activation,baseline,29,2.021230936050415
MNIST,medium,43,10,a3,mean_activation,baseline,30,2.7496423721313477
MNIST,medium,43,10,a3,mean_activation,baseline,31,1.2524257898330688
MNIST,medium,43,10,a3,mean_activation,baseline,32,2.2568206787109375
MNIST,medium,43,10,a3,mean_activation,baseline,33,1.0626661777496338
MNIST,medium,43,10,a3,mean_activation,baseline,34,3.1537716388702393
MNIST,medium,43,10,a3,mean_activation,baseline,35,1.4545468091964722
MNIST,medium,43,10,a3,mean_activation,baseline,36,2.035125494003296
MNIST,medium,43,10,a3,mean_activation,baseline,37,1.0824648141860962
MNIST,medium,43,10,a3,mean_activation,baseline,38,1.4912843704223633
MNIST,medium,43,10,a3,mean_activation,baseline,39,1.3216588497161865
MNIST,medium,43,10,a3,mean_activation,baseline,40,2.8262979984283447
MNIST,medium,43,10,a3,mean_activation,baseline,41,2.6847827434539795
MNIST,medium,43,10,a3,mean_activation,baseline,42,1.2266664505004883
MNIST,medium,43,10,a3,mean_activation,baseline,43,1.410602331161499
MNIST,medium,43,10,a3,mean_activation,baseline,44,2.123453378677368
MNIST,medium,43,10,a3,mean_activation,baseline,45,1.6497976779937744
MNIST,medium,43,10,a3,mean_activation,baseline,46,4.195117950439453
MNIST,medium,43,10,a3,mean_activation,baseline,47,1.7864240407943726
MNIST,medium,43,10,a3,mean_activation,baseline,48,2.6178622245788574
MNIST,medium,43,10,a3,mean_activation,baseline,49,2.2223072052001953
MNIST,medium,43,10,a3,mean_activation,baseline,50,0.8568695187568665
MNIST,medium,43,10,a3,mean_activation,baseline,51,0.9325822591781616
MNIST,medium,43,10,a3,mean_activation,baseline,52,1.7303820848464966
MNIST,medium,43,10,a3,mean_activation,baseline,53,2.267162799835205
MNIST,medium,43,10,a3,mean_activation,baseline,54,0.6748578548431396
MNIST,medium,43,10,a3,mean_activation,baseline,55,2.719052791595459
MNIST,medium,43,10,a3,mean_activation,baseline,56,1.7484097480773926
MNIST,medium,43,10,a3,mean_activation,baseline,57,2.5449819564819336
MNIST,medium,43,10,a3,mean_activation,baseline,58,3.020151138305664
MNIST,medium,43,10,a3,mean_activation,baseline,59,0.0
MNIST,medium,43,10,a3,mean_activation,baseline,60,3.558994770050049
MNIST,medium,43,10,a3,mean_activation,baseline,61,1.5630024671554565
MNIST,medium,43,10,a3,mean_activation,baseline,62,1.6899679899215698
MNIST,medium,43,10,a3,mean_activation,baseline,63,2.285923480987549
MNIST,medium,43,10,a3,mean_activation,baseline,64,0.8563448190689087
MNIST,medium,43,10,a3,mean_activation,baseline,65,1.3330987691879272
MNIST,medium,43,10,a3,mean_activation,baseline,66,3.387425422668457
MNIST,medium,43,10,a3,mean_activation,baseline,67,1.0603954792022705
MNIST,medium,43,10,a3,mean_activation,baseline,68,1.7923237085342407
MNIST,medium,43,10,a3,mean_activation,baseline,69,3.1772539615631104
MNIST,medium,43,10,a3,mean_activation,baseline,70,2.489020347595215
MNIST,medium,43,10,a3,mean_activation,baseline,71,1.6491957902908325
MNIST,medium,43,10,a3,mean_activation,baseline,72,2.286754608154297
MNIST,medium,43,10,a3,mean_activation,baseline,73,1.9187709093093872
MNIST,medium,43,10,a3,mean_activation,baseline,74,1.4196287393569946
MNIST,medium,43,10,a3,mean_activation,baseline,75,2.0664186477661133
MNIST,medium,43,10,a3,mean_activation,baseline,76,1.2768828868865967
MNIST,medium,43,10,a3,mean_activation,baseline,77,1.7881957292556763
MNIST,medium,43,10,a3,mean_activation,baseline,78,0.0
MNIST,medium,43,10,a3,mean_activation,baseline,79,0.8455330729484558
MNIST,medium,43,10,a3,mean_activation,baseline,80,1.5122960805892944
MNIST,medium,43,10,a3,mean_activation,baseline,81,1.5521416664123535
MNIST,medium,43,10,a3,mean_activation,baseline,82,1.5991618633270264
MNIST,medium,43,10,a3,mean_activation,baseline,83,2.190852642059326
MNIST,medium,43,10,a3,mean_activation,baseline,84,1.1392143964767456
MNIST,medium,43,10,a3,mean_activation,baseline,85,1.7934646606445312
MNIST,medium,43,10,a3,mean_activation,baseline,86,2.236311912536621
MNIST,medium,43,10,a3,mean_activation,baseline,87,2.397211790084839
MNIST,medium,43,10,a3,mean_activation,baseline,88,0.7741793394088745
MNIST,medium,43,10,a3,mean_activation,baseline,89,0.0
MNIST,medium,43,10,a3,mean_activation,baseline,90,2.156071662902832
MNIST,medium,43,10,a3,mean_activation,baseline,91,1.9428259134292603
MNIST,medium,43,10,a3,mean_activation,baseline,92,1.3932223320007324
MNIST,medium,43,10,a3,mean_activation,baseline,93,1.2269095182418823
MNIST,medium,43,10,a3,mean_activation,baseline,94,1.508789300918579
MNIST,medium,43,10,a3,mean_activation,baseline,95,0.3792160451412201
MNIST,medium,43,10,a3,mean_activation,baseline,96,1.4469866752624512
MNIST,medium,43,10,a3,mean_activation,baseline,97,1.3169875144958496
MNIST,medium,43,10,a3,mean_activation,baseline,98,1.1840671300888062
MNIST,medium,43,10,a3,mean_activation,baseline,99,0.8390754461288452
MNIST,medium,43,10,a3,mean_activation,baseline,100,1.418247103691101
MNIST,medium,43,10,a3,mean_activation,baseline,101,2.619460105895996
MNIST,medium,43,10,a3,mean_activation,baseline,102,1.5581212043762207
MNIST,medium,43,10,a3,mean_activation,baseline,103,3.4340598583221436
MNIST,medium,43,10,a3,mean_activation,baseline,104,0.9034507274627686
MNIST,medium,43,10,a3,mean_activation,baseline,105,1.252829909324646
MNIST,medium,43,10,a3,mean_activation,baseline,106,1.5111578702926636
MNIST,medium,43,10,a3,mean_activation,baseline,107,0.6212037205696106
MNIST,medium,43,10,a3,mean_activation,baseline,108,1.5801074504852295
MNIST,medium,43,10,a3,mean_activation,baseline,109,2.5524682998657227
MNIST,medium,43,10,a3,mean_activation,baseline,110,1.397494912147522
MNIST,medium,43,10,a3,mean_activation,baseline,111,1.5438200235366821
MNIST,medium,43,10,a3,mean_activation,baseline,112,1.3731223344802856
MNIST,medium,43,10,a3,mean_activation,baseline,113,2.433377265930176
MNIST,medium,43,10,a3,mean_activation,baseline,114,0.7217607498168945
MNIST,medium,43,10,a3,mean_activation,baseline,115,2.919281005859375
MNIST,medium,43,10,a3,mean_activation,baseline,116,1.3827255964279175
MNIST,medium,43,10,a3,mean_activation,baseline,117,0.9330890774726868
MNIST,medium,43,10,a3,mean_activation,baseline,118,1.6629164218902588
MNIST,medium,43,10,a3,mean_activation,baseline,119,1.5346728563308716
MNIST,medium,43,10,a3,mean_activation,baseline,120,3.63158917427063
MNIST,medium,43,10,a3,mean_activation,baseline,121,2.280299186706543
MNIST,medium,43,10,a3,mean_activation,baseline,122,1.032008409500122
MNIST,medium,43,10,a3,mean_activation,baseline,123,1.995741844177246
MNIST,medium,43,10,a3,mean_activation,baseline,124,2.0927019119262695
MNIST,medium,43,10,a3,mean_activation,baseline,125,1.0068542957305908
MNIST,medium,43,10,a3,mean_activation,baseline,126,2.5439279079437256
MNIST,medium,43,10,a3,mean_activation,baseline,127,1.9782549142837524
MNIST,medium,43,10,a4,mean_activation,baseline,0,2.257417678833008
MNIST,medium,43,10,a4,mean_activation,baseline,1,4.026622772216797
MNIST,medium,43,10,a4,mean_activation,baseline,2,2.0081355571746826
MNIST,medium,43,10,a4,mean_activation,baseline,3,3.526510715484619
MNIST,medium,43,10,a4,mean_activation,baseline,4,2.666616678237915
MNIST,medium,43,10,a4,mean_activation,baseline,5,3.4117605686187744
MNIST,medium,43,10,a4,mean_activation,baseline,6,3.7249464988708496
MNIST,medium,43,10,a4,mean_activation,baseline,7,2.0691254138946533
MNIST,medium,43,10,a4,mean_activation,baseline,8,1.3175523281097412
MNIST,medium,43,10,a4,mean_activation,baseline,9,1.84005606174469
MNIST,medium,43,10,a4,mean_activation,baseline,10,1.494219183921814
MNIST,medium,43,10,a4,mean_activation,baseline,11,4.7681965827941895
MNIST,medium,43,10,a4,mean_activation,baseline,12,3.048818349838257
MNIST,medium,43,10,a4,mean_activation,baseline,13,3.130631923675537
MNIST,medium,43,10,a4,mean_activation,baseline,14,2.891040563583374
MNIST,medium,43,10,a4,mean_activation,baseline,15,3.0033113956451416
MNIST,medium,43,10,a4,mean_activation,baseline,16,1.5906733274459839
MNIST,medium,43,10,a4,mean_activation,baseline,17,1.1533700227737427
MNIST,medium,43,10,a4,mean_activation,baseline,18,2.4386332035064697
MNIST,medium,43,10,a4,mean_activation,baseline,19,3.6213881969451904
MNIST,medium,43,10,a4,mean_activation,baseline,20,1.7678115367889404
MNIST,medium,43,10,a4,mean_activation,baseline,21,3.2319998741149902
MNIST,medium,43,10,a4,mean_activation,baseline,22,4.63887357711792
MNIST,medium,43,10,a4,mean_activation,baseline,23,1.8205689191818237
MNIST,medium,43,10,a4,mean_activation,baseline,24,1.8950608968734741
MNIST,medium,43,10,a4,mean_activation,baseline,25,2.7602665424346924
MNIST,medium,43,10,a4,mean_activation,baseline,26,1.1845346689224243
MNIST,medium,43,10,a4,mean_activation,baseline,27,3.6291680335998535
MNIST,medium,43,10,a4,mean_activation,baseline,28,3.060121536254883
MNIST,medium,43,10,a4,mean_activation,baseline,29,0.8648824691772461
MNIST,medium,43,10,a4,mean_activation,baseline,30,3.11719012260437
MNIST,medium,43,10,a4,mean_activation,baseline,31,4.904169082641602
MNIST,medium,43,10,a4,mean_activation,baseline,32,1.5018723011016846
MNIST,medium,43,10,a4,mean_activation,baseline,33,2.242971181869507
MNIST,medium,43,10,a4,mean_activation,baseline,34,3.180318593978882
MNIST,medium,43,10,a4,mean_activation,baseline,35,2.612638235092163
MNIST,medium,43,10,a4,mean_activation,baseline,36,2.2182857990264893
MNIST,medium,43,10,a4,mean_activation,baseline,37,3.216355800628662
MNIST,medium,43,10,a4,mean_activation,baseline,38,3.8167049884796143
MNIST,medium,43,10,a4,mean_activation,baseline,39,2.24381160736084
MNIST,medium,43,10,a4,mean_activation,baseline,40,3.111567258834839
MNIST,medium,43,10,a4,mean_activation,baseline,41,2.443779468536377
MNIST,medium,43,10,a4,mean_activation,baseline,42,3.3858096599578857
MNIST,medium,43,10,a4,mean_activation,baseline,43,1.6467212438583374
MNIST,medium,43,10,a4,mean_activation,baseline,44,2.8676347732543945
MNIST,medium,43,10,a4,mean_activation,baseline,45,3.36814546585083
MNIST,medium,43,10,a4,mean_activation,baseline,46,4.464487552642822
MNIST,medium,43,10,a4,mean_activation,baseline,47,3.1718077659606934
MNIST,medium,43,10,a4,mean_activation,baseline,48,3.3960094451904297
MNIST,medium,43,10,a4,mean_activation,baseline,49,2.61184024810791
MNIST,medium,43,10,a4,mean_activation,baseline,50,2.0572712421417236
MNIST,medium,43,10,a4,mean_activation,baseline,51,1.942840814590454
MNIST,medium,43,10,a4,mean_activation,baseline,52,4.216163158416748
MNIST,medium,43,10,a4,mean_activation,baseline,53,2.718245506286621
MNIST,medium,43,10,a4,mean_activation,baseline,54,2.9225120544433594
MNIST,medium,43,10,a4,mean_activation,baseline,55,1.0150127410888672
MNIST,medium,43,10,a4,mean_activation,baseline,56,2.9609155654907227
MNIST,medium,43,10,a4,mean_activation,baseline,57,3.8757753372192383
MNIST,medium,43,10,a4,mean_activation,baseline,58,2.682788610458374
MNIST,medium,43,10,a4,mean_activation,baseline,59,5.014089584350586
MNIST,medium,43,10,a4,mean_activation,baseline,60,1.8626477718353271
MNIST,medium,43,10,a4,mean_activation,baseline,61,3.7526776790618896
MNIST,medium,43,10,a4,mean_activation,baseline,62,2.5282862186431885
MNIST,medium,43,10,a4,mean_activation,baseline,63,2.7081520557403564
MNIST,medium,43,10,a1,firing_rate,baseline,0,0.12451171875
MNIST,medium,43,10,a1,firing_rate,baseline,1,0.134765625
MNIST,medium,43,10,a1,firing_rate,baseline,2,0.2568359375
MNIST,medium,43,10,a1,firing_rate,baseline,3,0.0
MNIST,medium,43,10,a1,firing_rate,baseline,4,0.138671875
MNIST,medium,43,10,a1,firing_rate,baseline,5,0.43212890625
MNIST,medium,43,10,a1,firing_rate,baseline,6,0.1416015625
MNIST,medium,43,10,a1,firing_rate,baseline,7,0.0
MNIST,medium,43,10,a1,firing_rate,baseline,8,0.17919921875
MNIST,medium,43,10,a1,firing_rate,baseline,9,0.060546875
MNIST,medium,43,10,a1,firing_rate,baseline,10,0.4306640625
MNIST,medium,43,10,a1,firing_rate,baseline,11,0.1650390625
MNIST,medium,43,10,a1,firing_rate,baseline,12,0.1142578125
MNIST,medium,43,10,a1,firing_rate,baseline,13,0.03173828125
MNIST,medium,43,10,a1,firing_rate,baseline,14,0.19287109375
MNIST,medium,43,10,a1,firing_rate,baseline,15,0.1328125
MNIST,medium,43,10,a1,firing_rate,baseline,16,0.15966796875
MNIST,medium,43,10,a1,firing_rate,baseline,17,0.232421875
MNIST,medium,43,10,a1,firing_rate,baseline,18,0.16162109375
MNIST,medium,43,10,a1,firing_rate,baseline,19,0.04296875
MNIST,medium,43,10,a1,firing_rate,baseline,20,0.14404296875
MNIST,medium,43,10,a1,firing_rate,baseline,21,0.056640625
MNIST,medium,43,10,a1,firing_rate,baseline,22,0.1533203125
MNIST,medium,43,10,a1,firing_rate,baseline,23,0.0
MNIST,medium,43,10,a1,firing_rate,baseline,24,0.068359375
MNIST,medium,43,10,a1,firing_rate,baseline,25,0.1123046875
MNIST,medium,43,10,a1,firing_rate,baseline,26,0.18408203125
MNIST,medium,43,10,a1,firing_rate,baseline,27,0.22412109375
MNIST,medium,43,10,a1,firing_rate,baseline,28,0.0
MNIST,medium,43,10,a1,firing_rate,baseline,29,0.24560546875
MNIST,medium,43,10,a1,firing_rate,baseline,30,0.06103515625
MNIST,medium,43,10,a1,firing_rate,baseline,31,0.0
MNIST,medium,43,10,a1,firing_rate,baseline,32,0.203125
MNIST,medium,43,10,a1,firing_rate,baseline,33,0.0166015625
MNIST,medium,43,10,a1,firing_rate,baseline,34,0.0
MNIST,medium,43,10,a1,firing_rate,baseline,35,0.14599609375
MNIST,medium,43,10,a1,firing_rate,baseline,36,0.09521484375
MNIST,medium,43,10,a1,firing_rate,baseline,37,0.0
MNIST,medium,43,10,a1,firing_rate,baseline,38,0.0458984375
MNIST,medium,43,10,a1,firing_rate,baseline,39,0.04638671875
MNIST,medium,43,10,a1,firing_rate,baseline,40,0.125
MNIST,medium,43,10,a1,firing_rate,baseline,41,0.17138671875
MNIST,medium,43,10,a1,firing_rate,baseline,42,0.0
MNIST,medium,43,10,a1,firing_rate,baseline,43,0.0126953125
MNIST,medium,43,10,a1,firing_rate,baseline,44,0.1103515625
MNIST,medium,43,10,a1,firing_rate,baseline,45,0.294921875
MNIST,medium,43,10,a1,firing_rate,baseline,46,0.0966796875
MNIST,medium,43,10,a1,firing_rate,baseline,47,0.27734375
MNIST,medium,43,10,a1,firing_rate,baseline,48,0.40576171875
MNIST,medium,43,10,a1,firing_rate,baseline,49,0.015625
MNIST,medium,43,10,a1,firing_rate,baseline,50,0.0
MNIST,medium,43,10,a1,firing_rate,baseline,51,0.36376953125
MNIST,medium,43,10,a1,firing_rate,baseline,52,0.10205078125
MNIST,medium,43,10,a1,firing_rate,baseline,53,0.0
MNIST,medium,43,10,a1,firing_rate,baseline,54,0.0546875
MNIST,medium,43,10,a1,firing_rate,baseline,55,0.0
MNIST,medium,43,10,a1,firing_rate,baseline,56,0.173828125
MNIST,medium,43,10,a1,firing_rate,baseline,57,0.146484375
MNIST,medium,43,10,a1,firing_rate,baseline,58,0.04052734375
MNIST,medium,43,10,a1,firing_rate,baseline,59,0.275390625
MNIST,medium,43,10,a1,firing_rate,baseline,60,0.53515625
MNIST,medium,43,10,a1,firing_rate,baseline,61,0.11962890625
MNIST,medium,43,10,a1,firing_rate,baseline,62,0.0
MNIST,medium,43,10,a1,firing_rate,baseline,63,0.2607421875
MNIST,medium,43,10,a1,firing_rate,baseline,64,0.14990234375
MNIST,medium,43,10,a1,firing_rate,baseline,65,0.400390625
MNIST,medium,43,10,a1,firing_rate,baseline,66,0.17236328125
MNIST,medium,43,10,a1,firing_rate,baseline,67,0.0634765625
MNIST,medium,43,10,a1,firing_rate,baseline,68,0.0869140625
MNIST,medium,43,10,a1,firing_rate,baseline,69,0.19775390625
MNIST,medium,43,10,a1,firing_rate,baseline,70,0.25341796875
MNIST,medium,43,10,a1,firing_rate,baseline,71,0.1845703125
MNIST,medium,43,10,a1,firing_rate,baseline,72,0.109375
MNIST,medium,43,10,a1,firing_rate,baseline,73,0.423828125
MNIST,medium,43,10,a1,firing_rate,baseline,74,0.076171875
MNIST,medium,43,10,a1,firing_rate,baseline,75,0.18505859375
MNIST,medium,43,10,a1,firing_rate,baseline,76,0.10107421875
MNIST,medium,43,10,a1,firing_rate,baseline,77,0.119140625
MNIST,medium,43,10,a1,firing_rate,baseline,78,0.119140625
MNIST,medium,43,10,a1,firing_rate,baseline,79,0.0
MNIST,medium,43,10,a1,firing_rate,baseline,80,0.13427734375
MNIST,medium,43,10,a1,firing_rate,baseline,81,0.1552734375
MNIST,medium,43,10,a1,firing_rate,baseline,82,0.0859375
MNIST,medium,43,10,a1,firing_rate,baseline,83,0.18359375
MNIST,medium,43,10,a1,firing_rate,baseline,84,0.0048828125
MNIST,medium,43,10,a1,firing_rate,baseline,85,0.0
MNIST,medium,43,10,a1,firing_rate,baseline,86,0.35009765625
MNIST,medium,43,10,a1,firing_rate,baseline,87,0.32373046875
MNIST,medium,43,10,a1,firing_rate,baseline,88,0.0947265625
MNIST,medium,43,10,a1,firing_rate,baseline,89,0.30859375
MNIST,medium,43,10,a1,firing_rate,baseline,90,0.0
MNIST,medium,43,10,a1,firing_rate,baseline,91,0.078125
MNIST,medium,43,10,a1,firing_rate,baseline,92,0.244140625
MNIST,medium,43,10,a1,firing_rate,baseline,93,0.05615234375
MNIST,medium,43,10,a1,firing_rate,baseline,94,0.23828125
MNIST,medium,43,10,a1,firing_rate,baseline,95,0.13525390625
MNIST,medium,43,10,a1,firing_rate,baseline,96,0.068359375
MNIST,medium,43,10,a1,firing_rate,baseline,97,0.271484375
MNIST,medium,43,10,a1,firing_rate,baseline,98,0.22607421875
MNIST,medium,43,10,a1,firing_rate,baseline,99,0.216796875
MNIST,medium,43,10,a1,firing_rate,baseline,100,0.3818359375
MNIST,medium,43,10,a1,firing_rate,baseline,101,0.083984375
MNIST,medium,43,10,a1,firing_rate,baseline,102,0.1337890625
MNIST,medium,43,10,a1,firing_rate,baseline,103,0.0
MNIST,medium,43,10,a1,firing_rate,baseline,104,0.103515625
MNIST,medium,43,10,a1,firing_rate,baseline,105,0.1875
MNIST,medium,43,10,a1,firing_rate,baseline,106,0.279296875
MNIST,medium,43,10,a1,firing_rate,baseline,107,0.2822265625
MNIST,medium,43,10,a1,firing_rate,baseline,108,0.0654296875
MNIST,medium,43,10,a1,firing_rate,baseline,109,0.18701171875
MNIST,medium,43,10,a1,firing_rate,baseline,110,0.27978515625
MNIST,medium,43,10,a1,firing_rate,baseline,111,0.095703125
MNIST,medium,43,10,a1,firing_rate,baseline,112,0.27978515625
MNIST,medium,43,10,a1,firing_rate,baseline,113,0.1826171875
MNIST,medium,43,10,a1,firing_rate,baseline,114,0.13720703125
MNIST,medium,43,10,a1,firing_rate,baseline,115,0.6328125
MNIST,medium,43,10,a1,firing_rate,baseline,116,0.0849609375
MNIST,medium,43,10,a1,firing_rate,baseline,117,0.15966796875
MNIST,medium,43,10,a1,firing_rate,baseline,118,0.13037109375
MNIST,medium,43,10,a1,firing_rate,baseline,119,0.10791015625
MNIST,medium,43,10,a1,firing_rate,baseline,120,0.17578125
MNIST,medium,43,10,a1,firing_rate,baseline,121,0.11328125
MNIST,medium,43,10,a1,firing_rate,baseline,122,0.15283203125
MNIST,medium,43,10,a1,firing_rate,baseline,123,0.12060546875
MNIST,medium,43,10,a1,firing_rate,baseline,124,0.0
MNIST,medium,43,10,a1,firing_rate,baseline,125,0.251953125
MNIST,medium,43,10,a1,firing_rate,baseline,126,0.216796875
MNIST,medium,43,10,a1,firing_rate,baseline,127,0.08642578125
MNIST,medium,43,10,a1,firing_rate,baseline,128,0.2392578125
MNIST,medium,43,10,a1,firing_rate,baseline,129,0.0205078125
MNIST,medium,43,10,a1,firing_rate,baseline,130,0.39111328125
MNIST,medium,43,10,a1,firing_rate,baseline,131,0.34765625
MNIST,medium,43,10,a1,firing_rate,baseline,132,0.19287109375
MNIST,medium,43,10,a1,firing_rate,baseline,133,0.267578125
MNIST,medium,43,10,a1,firing_rate,baseline,134,0.1630859375
MNIST,medium,43,10,a1,firing_rate,baseline,135,0.060546875
MNIST,medium,43,10,a1,firing_rate,baseline,136,0.267578125
MNIST,medium,43,10,a1,firing_rate,baseline,137,0.1064453125
MNIST,medium,43,10,a1,firing_rate,baseline,138,0.17529296875
MNIST,medium,43,10,a1,firing_rate,baseline,139,0.11669921875
MNIST,medium,43,10,a1,firing_rate,baseline,140,0.0
MNIST,medium,43,10,a1,firing_rate,baseline,141,0.10498046875
MNIST,medium,43,10,a1,firing_rate,baseline,142,0.33740234375
MNIST,medium,43,10,a1,firing_rate,baseline,143,0.25927734375
MNIST,medium,43,10,a1,firing_rate,baseline,144,0.0
MNIST,medium,43,10,a1,firing_rate,baseline,145,0.1943359375
MNIST,medium,43,10,a1,firing_rate,baseline,146,0.123046875
MNIST,medium,43,10,a1,firing_rate,baseline,147,0.01708984375
MNIST,medium,43,10,a1,firing_rate,baseline,148,0.0791015625
MNIST,medium,43,10,a1,firing_rate,baseline,149,0.0478515625
MNIST,medium,43,10,a1,firing_rate,baseline,150,0.0
MNIST,medium,43,10,a1,firing_rate,baseline,151,0.11962890625
MNIST,medium,43,10,a1,firing_rate,baseline,152,0.09814453125
MNIST,medium,43,10,a1,firing_rate,baseline,153,0.0
MNIST,medium,43,10,a1,firing_rate,baseline,154,0.0
MNIST,medium,43,10,a1,firing_rate,baseline,155,0.22216796875
MNIST,medium,43,10,a1,firing_rate,baseline,156,0.126953125
MNIST,medium,43,10,a1,firing_rate,baseline,157,0.0712890625
MNIST,medium,43,10,a1,firing_rate,baseline,158,0.193359375
MNIST,medium,43,10,a1,firing_rate,baseline,159,0.02685546875
MNIST,medium,43,10,a1,firing_rate,baseline,160,0.4462890625
MNIST,medium,43,10,a1,firing_rate,baseline,161,0.00830078125
MNIST,medium,43,10,a1,firing_rate,baseline,162,0.24609375
MNIST,medium,43,10,a1,firing_rate,baseline,163,0.04052734375
MNIST,medium,43,10,a1,firing_rate,baseline,164,0.1240234375
MNIST,medium,43,10,a1,firing_rate,baseline,165,0.46435546875
MNIST,medium,43,10,a1,firing_rate,baseline,166,0.24169921875
MNIST,medium,43,10,a1,firing_rate,baseline,167,0.17041015625
MNIST,medium,43,10,a1,firing_rate,baseline,168,0.21484375
MNIST,medium,43,10,a1,firing_rate,baseline,169,0.146484375
MNIST,medium,43,10,a1,firing_rate,baseline,170,0.009765625
MNIST,medium,43,10,a1,firing_rate,baseline,171,0.14306640625
MNIST,medium,43,10,a1,firing_rate,baseline,172,0.1298828125
MNIST,medium,43,10,a1,firing_rate,baseline,173,0.08251953125
MNIST,medium,43,10,a1,firing_rate,baseline,174,0.328125
MNIST,medium,43,10,a1,firing_rate,baseline,175,0.13037109375
MNIST,medium,43,10,a1,firing_rate,baseline,176,0.11962890625
MNIST,medium,43,10,a1,firing_rate,baseline,177,0.2822265625
MNIST,medium,43,10,a1,firing_rate,baseline,178,0.0537109375
MNIST,medium,43,10,a1,firing_rate,baseline,179,0.11328125
MNIST,medium,43,10,a1,firing_rate,baseline,180,0.0234375
MNIST,medium,43,10,a1,firing_rate,baseline,181,0.13720703125
MNIST,medium,43,10,a1,firing_rate,baseline,182,0.10400390625
MNIST,medium,43,10,a1,firing_rate,baseline,183,0.0908203125
MNIST,medium,43,10,a1,firing_rate,baseline,184,0.18212890625
MNIST,medium,43,10,a1,firing_rate,baseline,185,0.0517578125
MNIST,medium,43,10,a1,firing_rate,baseline,186,0.13232421875
MNIST,medium,43,10,a1,firing_rate,baseline,187,0.19970703125
MNIST,medium,43,10,a1,firing_rate,baseline,188,0.24951171875
MNIST,medium,43,10,a1,firing_rate,baseline,189,0.3447265625
MNIST,medium,43,10,a1,firing_rate,baseline,190,0.06689453125
MNIST,medium,43,10,a1,firing_rate,baseline,191,0.04443359375
MNIST,medium,43,10,a1,firing_rate,baseline,192,0.15478515625
MNIST,medium,43,10,a1,firing_rate,baseline,193,0.05517578125
MNIST,medium,43,10,a1,firing_rate,baseline,194,0.01025390625
MNIST,medium,43,10,a1,firing_rate,baseline,195,0.2041015625
MNIST,medium,43,10,a1,firing_rate,baseline,196,0.326171875
MNIST,medium,43,10,a1,firing_rate,baseline,197,0.08154296875
MNIST,medium,43,10,a1,firing_rate,baseline,198,0.27880859375
MNIST,medium,43,10,a1,firing_rate,baseline,199,0.18359375
MNIST,medium,43,10,a1,firing_rate,baseline,200,0.0478515625
MNIST,medium,43,10,a1,firing_rate,baseline,201,0.0009765625
MNIST,medium,43,10,a1,firing_rate,baseline,202,0.05859375
MNIST,medium,43,10,a1,firing_rate,baseline,203,0.1083984375
MNIST,medium,43,10,a1,firing_rate,baseline,204,0.296875
MNIST,medium,43,10,a1,firing_rate,baseline,205,0.19580078125
MNIST,medium,43,10,a1,firing_rate,baseline,206,0.326171875
MNIST,medium,43,10,a1,firing_rate,baseline,207,0.17041015625
MNIST,medium,43,10,a1,firing_rate,baseline,208,0.26220703125
MNIST,medium,43,10,a1,firing_rate,baseline,209,0.1962890625
MNIST,medium,43,10,a1,firing_rate,baseline,210,0.1259765625
MNIST,medium,43,10,a1,firing_rate,baseline,211,0.1689453125
MNIST,medium,43,10,a1,firing_rate,baseline,212,0.1953125
MNIST,medium,43,10,a1,firing_rate,baseline,213,0.0
MNIST,medium,43,10,a1,firing_rate,baseline,214,0.1298828125
MNIST,medium,43,10,a1,firing_rate,baseline,215,0.00146484375
MNIST,medium,43,10,a1,firing_rate,baseline,216,0.24853515625
MNIST,medium,43,10,a1,firing_rate,baseline,217,0.12060546875
MNIST,medium,43,10,a1,firing_rate,baseline,218,0.0
MNIST,medium,43,10,a1,firing_rate,baseline,219,0.0
MNIST,medium,43,10,a1,firing_rate,baseline,220,0.09228515625
MNIST,medium,43,10,a1,firing_rate,baseline,221,0.29443359375
MNIST,medium,43,10,a1,firing_rate,baseline,222,0.0302734375
MNIST,medium,43,10,a1,firing_rate,baseline,223,0.09375
MNIST,medium,43,10,a1,firing_rate,baseline,224,0.28662109375
MNIST,medium,43,10,a1,firing_rate,baseline,225,0.05322265625
MNIST,medium,43,10,a1,firing_rate,baseline,226,0.21240234375
MNIST,medium,43,10,a1,firing_rate,baseline,227,0.06982421875
MNIST,medium,43,10,a1,firing_rate,baseline,228,0.22802734375
MNIST,medium,43,10,a1,firing_rate,baseline,229,0.1748046875
MNIST,medium,43,10,a1,firing_rate,baseline,230,0.072265625
MNIST,medium,43,10,a1,firing_rate,baseline,231,0.216796875
MNIST,medium,43,10,a1,firing_rate,baseline,232,0.23828125
MNIST,medium,43,10,a1,firing_rate,baseline,233,0.3125
MNIST,medium,43,10,a1,firing_rate,baseline,234,0.091796875
MNIST,medium,43,10,a1,firing_rate,baseline,235,0.34814453125
MNIST,medium,43,10,a1,firing_rate,baseline,236,0.107421875
MNIST,medium,43,10,a1,firing_rate,baseline,237,0.2744140625
MNIST,medium,43,10,a1,firing_rate,baseline,238,0.14111328125
MNIST,medium,43,10,a1,firing_rate,baseline,239,0.05322265625
MNIST,medium,43,10,a1,firing_rate,baseline,240,0.00244140625
MNIST,medium,43,10,a1,firing_rate,baseline,241,0.33056640625
MNIST,medium,43,10,a1,firing_rate,baseline,242,0.25439453125
MNIST,medium,43,10,a1,firing_rate,baseline,243,0.00048828125
MNIST,medium,43,10,a1,firing_rate,baseline,244,0.15771484375
MNIST,medium,43,10,a1,firing_rate,baseline,245,0.0
MNIST,medium,43,10,a1,firing_rate,baseline,246,0.1845703125
MNIST,medium,43,10,a1,firing_rate,baseline,247,0.14990234375
MNIST,medium,43,10,a1,firing_rate,baseline,248,0.17626953125
MNIST,medium,43,10,a1,firing_rate,baseline,249,0.10546875
MNIST,medium,43,10,a1,firing_rate,baseline,250,0.0654296875
MNIST,medium,43,10,a1,firing_rate,baseline,251,0.18310546875
MNIST,medium,43,10,a1,firing_rate,baseline,252,0.28466796875
MNIST,medium,43,10,a1,firing_rate,baseline,253,0.46044921875
MNIST,medium,43,10,a1,firing_rate,baseline,254,0.20263671875
MNIST,medium,43,10,a1,firing_rate,baseline,255,0.06982421875
MNIST,medium,43,10,a1,firing_rate,baseline,256,0.4306640625
MNIST,medium,43,10,a1,firing_rate,baseline,257,0.3271484375
MNIST,medium,43,10,a1,firing_rate,baseline,258,0.0
MNIST,medium,43,10,a1,firing_rate,baseline,259,0.21142578125
MNIST,medium,43,10,a1,firing_rate,baseline,260,0.3486328125
MNIST,medium,43,10,a1,firing_rate,baseline,261,0.146484375
MNIST,medium,43,10,a1,firing_rate,baseline,262,0.21923828125
MNIST,medium,43,10,a1,firing_rate,baseline,263,0.19287109375
MNIST,medium,43,10,a1,firing_rate,baseline,264,0.216796875
MNIST,medium,43,10,a1,firing_rate,baseline,265,0.34716796875
MNIST,medium,43,10,a1,firing_rate,baseline,266,0.0556640625
MNIST,medium,43,10,a1,firing_rate,baseline,267,0.00244140625
MNIST,medium,43,10,a1,firing_rate,baseline,268,0.099609375
MNIST,medium,43,10,a1,firing_rate,baseline,269,0.00732421875
MNIST,medium,43,10,a1,firing_rate,baseline,270,0.10791015625
MNIST,medium,43,10,a1,firing_rate,baseline,271,0.10546875
MNIST,medium,43,10,a1,firing_rate,baseline,272,0.05126953125
MNIST,medium,43,10,a1,firing_rate,baseline,273,0.302734375
MNIST,medium,43,10,a1,firing_rate,baseline,274,0.0
MNIST,medium,43,10,a1,firing_rate,baseline,275,0.0
MNIST,medium,43,10,a1,firing_rate,baseline,276,0.30078125
MNIST,medium,43,10,a1,firing_rate,baseline,277,0.0029296875
MNIST,medium,43,10,a1,firing_rate,baseline,278,0.142578125
MNIST,medium,43,10,a1,firing_rate,baseline,279,0.19970703125
MNIST,medium,43,10,a1,firing_rate,baseline,280,0.275390625
MNIST,medium,43,10,a1,firing_rate,baseline,281,0.1650390625
MNIST,medium,43,10,a1,firing_rate,baseline,282,0.04052734375
MNIST,medium,43,10,a1,firing_rate,baseline,283,0.47119140625
MNIST,medium,43,10,a1,firing_rate,baseline,284,0.0986328125
MNIST,medium,43,10,a1,firing_rate,baseline,285,0.10205078125
MNIST,medium,43,10,a1,firing_rate,baseline,286,0.259765625
MNIST,medium,43,10,a1,firing_rate,baseline,287,0.1865234375
MNIST,medium,43,10,a1,firing_rate,baseline,288,0.02294921875
MNIST,medium,43,10,a1,firing_rate,baseline,289,0.1904296875
MNIST,medium,43,10,a1,firing_rate,baseline,290,0.169921875
MNIST,medium,43,10,a1,firing_rate,baseline,291,0.1787109375
MNIST,medium,43,10,a1,firing_rate,baseline,292,0.26904296875
MNIST,medium,43,10,a1,firing_rate,baseline,293,0.16796875
MNIST,medium,43,10,a1,firing_rate,baseline,294,0.1767578125
MNIST,medium,43,10,a1,firing_rate,baseline,295,0.0
MNIST,medium,43,10,a1,firing_rate,baseline,296,0.15576171875
MNIST,medium,43,10,a1,firing_rate,baseline,297,0.0
MNIST,medium,43,10,a1,firing_rate,baseline,298,0.2646484375
MNIST,medium,43,10,a1,firing_rate,baseline,299,0.1533203125
MNIST,medium,43,10,a1,firing_rate,baseline,300,0.240234375
MNIST,medium,43,10,a1,firing_rate,baseline,301,0.1611328125
MNIST,medium,43,10,a1,firing_rate,baseline,302,0.16748046875
MNIST,medium,43,10,a1,firing_rate,baseline,303,0.15087890625
MNIST,medium,43,10,a1,firing_rate,baseline,304,0.3798828125
MNIST,medium,43,10,a1,firing_rate,baseline,305,0.2333984375
MNIST,medium,43,10,a1,firing_rate,baseline,306,0.42529296875
MNIST,medium,43,10,a1,firing_rate,baseline,307,0.22705078125
MNIST,medium,43,10,a1,firing_rate,baseline,308,0.0556640625
MNIST,medium,43,10,a1,firing_rate,baseline,309,0.12451171875
MNIST,medium,43,10,a1,firing_rate,baseline,310,0.0888671875
MNIST,medium,43,10,a1,firing_rate,baseline,311,0.10986328125
MNIST,medium,43,10,a1,firing_rate,baseline,312,0.166015625
MNIST,medium,43,10,a1,firing_rate,baseline,313,0.09716796875
MNIST,medium,43,10,a1,firing_rate,baseline,314,0.587890625
MNIST,medium,43,10,a1,firing_rate,baseline,315,0.0341796875
MNIST,medium,43,10,a1,firing_rate,baseline,316,0.06396484375
MNIST,medium,43,10,a1,firing_rate,baseline,317,0.25146484375
MNIST,medium,43,10,a1,firing_rate,baseline,318,0.0
MNIST,medium,43,10,a1,firing_rate,baseline,319,0.87109375
MNIST,medium,43,10,a1,firing_rate,baseline,320,0.0849609375
MNIST,medium,43,10,a1,firing_rate,baseline,321,0.15185546875
MNIST,medium,43,10,a1,firing_rate,baseline,322,0.2919921875
MNIST,medium,43,10,a1,firing_rate,baseline,323,0.185546875
MNIST,medium,43,10,a1,firing_rate,baseline,324,0.2607421875
MNIST,medium,43,10,a1,firing_rate,baseline,325,0.193359375
MNIST,medium,43,10,a1,firing_rate,baseline,326,0.03759765625
MNIST,medium,43,10,a1,firing_rate,baseline,327,0.0849609375
MNIST,medium,43,10,a1,firing_rate,baseline,328,0.18798828125
MNIST,medium,43,10,a1,firing_rate,baseline,329,0.16064453125
MNIST,medium,43,10,a1,firing_rate,baseline,330,0.1376953125
MNIST,medium,43,10,a1,firing_rate,baseline,331,0.02783203125
MNIST,medium,43,10,a1,firing_rate,baseline,332,0.03466796875
MNIST,medium,43,10,a1,firing_rate,baseline,333,0.2421875
MNIST,medium,43,10,a1,firing_rate,baseline,334,0.2060546875
MNIST,medium,43,10,a1,firing_rate,baseline,335,0.2685546875
MNIST,medium,43,10,a1,firing_rate,baseline,336,0.23193359375
MNIST,medium,43,10,a1,firing_rate,baseline,337,0.45166015625
MNIST,medium,43,10,a1,firing_rate,baseline,338,0.1953125
MNIST,medium,43,10,a1,firing_rate,baseline,339,0.26123046875
MNIST,medium,43,10,a1,firing_rate,baseline,340,0.0
MNIST,medium,43,10,a1,firing_rate,baseline,341,0.08837890625
MNIST,medium,43,10,a1,firing_rate,baseline,342,0.30224609375
MNIST,medium,43,10,a1,firing_rate,baseline,343,0.22314453125
MNIST,medium,43,10,a1,firing_rate,baseline,344,0.11279296875
MNIST,medium,43,10,a1,firing_rate,baseline,345,0.015625
MNIST,medium,43,10,a1,firing_rate,baseline,346,0.09130859375
MNIST,medium,43,10,a1,firing_rate,baseline,347,0.08984375
MNIST,medium,43,10,a1,firing_rate,baseline,348,0.01513671875
MNIST,medium,43,10,a1,firing_rate,baseline,349,0.01806640625
MNIST,medium,43,10,a1,firing_rate,baseline,350,0.37158203125
MNIST,medium,43,10,a1,firing_rate,baseline,351,0.02734375
MNIST,medium,43,10,a1,firing_rate,baseline,352,0.01123046875
MNIST,medium,43,10,a1,firing_rate,baseline,353,0.05126953125
MNIST,medium,43,10,a1,firing_rate,baseline,354,0.1376953125
MNIST,medium,43,10,a1,firing_rate,baseline,355,0.046875
MNIST,medium,43,10,a1,firing_rate,baseline,356,0.3525390625
MNIST,medium,43,10,a1,firing_rate,baseline,357,0.5185546875
MNIST,medium,43,10,a1,firing_rate,baseline,358,0.26025390625
MNIST,medium,43,10,a1,firing_rate,baseline,359,0.05712890625
MNIST,medium,43,10,a1,firing_rate,baseline,360,0.337890625
MNIST,medium,43,10,a1,firing_rate,baseline,361,0.08544921875
MNIST,medium,43,10,a1,firing_rate,baseline,362,0.37060546875
MNIST,medium,43,10,a1,firing_rate,baseline,363,0.04638671875
MNIST,medium,43,10,a1,firing_rate,baseline,364,0.3427734375
MNIST,medium,43,10,a1,firing_rate,baseline,365,0.11376953125
MNIST,medium,43,10,a1,firing_rate,baseline,366,0.1875
MNIST,medium,43,10,a1,firing_rate,baseline,367,0.1923828125
MNIST,medium,43,10,a1,firing_rate,baseline,368,0.03466796875
MNIST,medium,43,10,a1,firing_rate,baseline,369,0.08056640625
MNIST,medium,43,10,a1,firing_rate,baseline,370,0.0
MNIST,medium,43,10,a1,firing_rate,baseline,371,0.2900390625
MNIST,medium,43,10,a1,firing_rate,baseline,372,0.0771484375
MNIST,medium,43,10,a1,firing_rate,baseline,373,0.1826171875
MNIST,medium,43,10,a1,firing_rate,baseline,374,0.1279296875
MNIST,medium,43,10,a1,firing_rate,baseline,375,0.0732421875
MNIST,medium,43,10,a1,firing_rate,baseline,376,0.0966796875
MNIST,medium,43,10,a1,firing_rate,baseline,377,0.07275390625
MNIST,medium,43,10,a1,firing_rate,baseline,378,0.2763671875
MNIST,medium,43,10,a1,firing_rate,baseline,379,0.13427734375
MNIST,medium,43,10,a1,firing_rate,baseline,380,0.22314453125
MNIST,medium,43,10,a1,firing_rate,baseline,381,0.1533203125
MNIST,medium,43,10,a1,firing_rate,baseline,382,0.19287109375
MNIST,medium,43,10,a1,firing_rate,baseline,383,0.0341796875
MNIST,medium,43,10,a1,firing_rate,baseline,384,0.13330078125
MNIST,medium,43,10,a1,firing_rate,baseline,385,0.2822265625
MNIST,medium,43,10,a1,firing_rate,baseline,386,0.23095703125
MNIST,medium,43,10,a1,firing_rate,baseline,387,0.076171875
MNIST,medium,43,10,a1,firing_rate,baseline,388,0.3525390625
MNIST,medium,43,10,a1,firing_rate,baseline,389,0.21630859375
MNIST,medium,43,10,a1,firing_rate,baseline,390,0.18017578125
MNIST,medium,43,10,a1,firing_rate,baseline,391,0.35302734375
MNIST,medium,43,10,a1,firing_rate,baseline,392,0.09228515625
MNIST,medium,43,10,a1,firing_rate,baseline,393,0.11328125
MNIST,medium,43,10,a1,firing_rate,baseline,394,0.08056640625
MNIST,medium,43,10,a1,firing_rate,baseline,395,0.14013671875
MNIST,medium,43,10,a1,firing_rate,baseline,396,0.09716796875
MNIST,medium,43,10,a1,firing_rate,baseline,397,0.3916015625
MNIST,medium,43,10,a1,firing_rate,baseline,398,0.28564453125
MNIST,medium,43,10,a1,firing_rate,baseline,399,0.00146484375
MNIST,medium,43,10,a1,firing_rate,baseline,400,0.0888671875
MNIST,medium,43,10,a1,firing_rate,baseline,401,0.19580078125
MNIST,medium,43,10,a1,firing_rate,baseline,402,0.30517578125
MNIST,medium,43,10,a1,firing_rate,baseline,403,0.1162109375
MNIST,medium,43,10,a1,firing_rate,baseline,404,0.27490234375
MNIST,medium,43,10,a1,firing_rate,baseline,405,0.21435546875
MNIST,medium,43,10,a1,firing_rate,baseline,406,0.02783203125
MNIST,medium,43,10,a1,firing_rate,baseline,407,0.00634765625
MNIST,medium,43,10,a1,firing_rate,baseline,408,0.1416015625
MNIST,medium,43,10,a1,firing_rate,baseline,409,0.1962890625
MNIST,medium,43,10,a1,firing_rate,baseline,410,0.0
MNIST,medium,43,10,a1,firing_rate,baseline,411,0.12353515625
MNIST,medium,43,10,a1,firing_rate,baseline,412,0.173828125
MNIST,medium,43,10,a1,firing_rate,baseline,413,0.27490234375
MNIST,medium,43,10,a1,firing_rate,baseline,414,0.1083984375
MNIST,medium,43,10,a1,firing_rate,baseline,415,0.0224609375
MNIST,medium,43,10,a1,firing_rate,baseline,416,0.07958984375
MNIST,medium,43,10,a1,firing_rate,baseline,417,0.2451171875
MNIST,medium,43,10,a1,firing_rate,baseline,418,0.12060546875
MNIST,medium,43,10,a1,firing_rate,baseline,419,0.30908203125
MNIST,medium,43,10,a1,firing_rate,baseline,420,0.1806640625
MNIST,medium,43,10,a1,firing_rate,baseline,421,0.4853515625
MNIST,medium,43,10,a1,firing_rate,baseline,422,0.1796875
MNIST,medium,43,10,a1,firing_rate,baseline,423,0.18115234375
MNIST,medium,43,10,a1,firing_rate,baseline,424,0.00146484375
MNIST,medium,43,10,a1,firing_rate,baseline,425,0.3408203125
MNIST,medium,43,10,a1,firing_rate,baseline,426,0.14697265625
MNIST,medium,43,10,a1,firing_rate,baseline,427,0.24267578125
MNIST,medium,43,10,a1,firing_rate,baseline,428,0.2255859375
MNIST,medium,43,10,a1,firing_rate,baseline,429,0.34814453125
MNIST,medium,43,10,a1,firing_rate,baseline,430,0.0
MNIST,medium,43,10,a1,firing_rate,baseline,431,0.228515625
MNIST,medium,43,10,a1,firing_rate,baseline,432,0.21044921875
MNIST,medium,43,10,a1,firing_rate,baseline,433,0.154296875
MNIST,medium,43,10,a1,firing_rate,baseline,434,0.0615234375
MNIST,medium,43,10,a1,firing_rate,baseline,435,0.19921875
MNIST,medium,43,10,a1,firing_rate,baseline,436,0.009765625
MNIST,medium,43,10,a1,firing_rate,baseline,437,0.3349609375
MNIST,medium,43,10,a1,firing_rate,baseline,438,0.2158203125
MNIST,medium,43,10,a1,firing_rate,baseline,439,0.2646484375
MNIST,medium,43,10,a1,firing_rate,baseline,440,0.23681640625
MNIST,medium,43,10,a1,firing_rate,baseline,441,0.375
MNIST,medium,43,10,a1,firing_rate,baseline,442,0.0673828125
MNIST,medium,43,10,a1,firing_rate,baseline,443,0.05810546875
MNIST,medium,43,10,a1,firing_rate,baseline,444,0.21044921875
MNIST,medium,43,10,a1,firing_rate,baseline,445,0.3759765625
MNIST,medium,43,10,a1,firing_rate,baseline,446,0.2314453125
MNIST,medium,43,10,a1,firing_rate,baseline,447,0.2060546875
MNIST,medium,43,10,a1,firing_rate,baseline,448,0.1728515625
MNIST,medium,43,10,a1,firing_rate,baseline,449,0.1220703125
MNIST,medium,43,10,a1,firing_rate,baseline,450,0.353515625
MNIST,medium,43,10,a1,firing_rate,baseline,451,0.03662109375
MNIST,medium,43,10,a1,firing_rate,baseline,452,0.0986328125
MNIST,medium,43,10,a1,firing_rate,baseline,453,0.0009765625
MNIST,medium,43,10,a1,firing_rate,baseline,454,0.28515625
MNIST,medium,43,10,a1,firing_rate,baseline,455,0.0556640625
MNIST,medium,43,10,a1,firing_rate,baseline,456,0.18212890625
MNIST,medium,43,10,a1,firing_rate,baseline,457,0.060546875
MNIST,medium,43,10,a1,firing_rate,baseline,458,0.23681640625
MNIST,medium,43,10,a1,firing_rate,baseline,459,0.47607421875
MNIST,medium,43,10,a1,firing_rate,baseline,460,0.0048828125
MNIST,medium,43,10,a1,firing_rate,baseline,461,0.16015625
MNIST,medium,43,10,a1,firing_rate,baseline,462,0.20166015625
MNIST,medium,43,10,a1,firing_rate,baseline,463,0.2216796875
MNIST,medium,43,10,a1,firing_rate,baseline,464,0.18310546875
MNIST,medium,43,10,a1,firing_rate,baseline,465,0.59765625
MNIST,medium,43,10,a1,firing_rate,baseline,466,0.1689453125
MNIST,medium,43,10,a1,firing_rate,baseline,467,0.35302734375
MNIST,medium,43,10,a1,firing_rate,baseline,468,0.0
MNIST,medium,43,10,a1,firing_rate,baseline,469,0.27783203125
MNIST,medium,43,10,a1,firing_rate,baseline,470,0.123046875
MNIST,medium,43,10,a1,firing_rate,baseline,471,0.08056640625
MNIST,medium,43,10,a1,firing_rate,baseline,472,0.072265625
MNIST,medium,43,10,a1,firing_rate,baseline,473,0.1201171875
MNIST,medium,43,10,a1,firing_rate,baseline,474,0.2197265625
MNIST,medium,43,10,a1,firing_rate,baseline,475,0.3466796875
MNIST,medium,43,10,a1,firing_rate,baseline,476,0.16943359375
MNIST,medium,43,10,a1,firing_rate,baseline,477,0.083984375
MNIST,medium,43,10,a1,firing_rate,baseline,478,0.19091796875
MNIST,medium,43,10,a1,firing_rate,baseline,479,0.11767578125
MNIST,medium,43,10,a1,firing_rate,baseline,480,0.0
MNIST,medium,43,10,a1,firing_rate,baseline,481,0.294921875
MNIST,medium,43,10,a1,firing_rate,baseline,482,0.05029296875
MNIST,medium,43,10,a1,firing_rate,baseline,483,0.0498046875
MNIST,medium,43,10,a1,firing_rate,baseline,484,0.197265625
MNIST,medium,43,10,a1,firing_rate,baseline,485,0.0498046875
MNIST,medium,43,10,a1,firing_rate,baseline,486,0.1201171875
MNIST,medium,43,10,a1,firing_rate,baseline,487,0.04638671875
MNIST,medium,43,10,a1,firing_rate,baseline,488,0.11474609375
MNIST,medium,43,10,a1,firing_rate,baseline,489,0.12255859375
MNIST,medium,43,10,a1,firing_rate,baseline,490,0.12841796875
MNIST,medium,43,10,a1,firing_rate,baseline,491,0.0908203125
MNIST,medium,43,10,a1,firing_rate,baseline,492,0.0751953125
MNIST,medium,43,10,a1,firing_rate,baseline,493,0.0
MNIST,medium,43,10,a1,firing_rate,baseline,494,0.24755859375
MNIST,medium,43,10,a1,firing_rate,baseline,495,0.1787109375
MNIST,medium,43,10,a1,firing_rate,baseline,496,0.1240234375
MNIST,medium,43,10,a1,firing_rate,baseline,497,0.28173828125
MNIST,medium,43,10,a1,firing_rate,baseline,498,0.126953125
MNIST,medium,43,10,a1,firing_rate,baseline,499,0.71728515625
MNIST,medium,43,10,a1,firing_rate,baseline,500,0.0859375
MNIST,medium,43,10,a1,firing_rate,baseline,501,0.10595703125
MNIST,medium,43,10,a1,firing_rate,baseline,502,0.13232421875
MNIST,medium,43,10,a1,firing_rate,baseline,503,0.0615234375
MNIST,medium,43,10,a1,firing_rate,baseline,504,0.1806640625
MNIST,medium,43,10,a1,firing_rate,baseline,505,0.12060546875
MNIST,medium,43,10,a1,firing_rate,baseline,506,0.31298828125
MNIST,medium,43,10,a1,firing_rate,baseline,507,0.076171875
MNIST,medium,43,10,a1,firing_rate,baseline,508,0.25244140625
MNIST,medium,43,10,a1,firing_rate,baseline,509,0.1298828125
MNIST,medium,43,10,a1,firing_rate,baseline,510,0.21240234375
MNIST,medium,43,10,a1,firing_rate,baseline,511,0.03369140625
MNIST,medium,43,10,a2,firing_rate,baseline,0,0.33642578125
MNIST,medium,43,10,a2,firing_rate,baseline,1,0.16552734375
MNIST,medium,43,10,a2,firing_rate,baseline,2,0.072265625
MNIST,medium,43,10,a2,firing_rate,baseline,3,0.38525390625
MNIST,medium,43,10,a2,firing_rate,baseline,4,0.42236328125
MNIST,medium,43,10,a2,firing_rate,baseline,5,0.1435546875
MNIST,medium,43,10,a2,firing_rate,baseline,6,0.4443359375
MNIST,medium,43,10,a2,firing_rate,baseline,7,0.21630859375
MNIST,medium,43,10,a2,firing_rate,baseline,8,0.0
MNIST,medium,43,10,a2,firing_rate,baseline,9,0.30126953125
MNIST,medium,43,10,a2,firing_rate,baseline,10,0.1962890625
MNIST,medium,43,10,a2,firing_rate,baseline,11,0.37890625
MNIST,medium,43,10,a2,firing_rate,baseline,12,0.18701171875
MNIST,medium,43,10,a2,firing_rate,baseline,13,0.31591796875
MNIST,medium,43,10,a2,firing_rate,baseline,14,0.39501953125
MNIST,medium,43,10,a2,firing_rate,baseline,15,0.36328125
MNIST,medium,43,10,a2,firing_rate,baseline,16,0.1005859375
MNIST,medium,43,10,a2,firing_rate,baseline,17,0.2294921875
MNIST,medium,43,10,a2,firing_rate,baseline,18,0.25341796875
MNIST,medium,43,10,a2,firing_rate,baseline,19,0.3759765625
MNIST,medium,43,10,a2,firing_rate,baseline,20,0.3466796875
MNIST,medium,43,10,a2,firing_rate,baseline,21,0.3505859375
MNIST,medium,43,10,a2,firing_rate,baseline,22,0.19921875
MNIST,medium,43,10,a2,firing_rate,baseline,23,0.25439453125
MNIST,medium,43,10,a2,firing_rate,baseline,24,0.25830078125
MNIST,medium,43,10,a2,firing_rate,baseline,25,0.28857421875
MNIST,medium,43,10,a2,firing_rate,baseline,26,0.228515625
MNIST,medium,43,10,a2,firing_rate,baseline,27,0.26953125
MNIST,medium,43,10,a2,firing_rate,baseline,28,0.32666015625
MNIST,medium,43,10,a2,firing_rate,baseline,29,0.2890625
MNIST,medium,43,10,a2,firing_rate,baseline,30,0.3515625
MNIST,medium,43,10,a2,firing_rate,baseline,31,0.2236328125
MNIST,medium,43,10,a2,firing_rate,baseline,32,0.3671875
MNIST,medium,43,10,a2,firing_rate,baseline,33,0.18798828125
MNIST,medium,43,10,a2,firing_rate,baseline,34,0.06396484375
MNIST,medium,43,10,a2,firing_rate,baseline,35,0.22021484375
MNIST,medium,43,10,a2,firing_rate,baseline,36,0.390625
MNIST,medium,43,10,a2,firing_rate,baseline,37,0.33642578125
MNIST,medium,43,10,a2,firing_rate,baseline,38,0.2265625
MNIST,medium,43,10,a2,firing_rate,baseline,39,0.302734375
MNIST,medium,43,10,a2,firing_rate,baseline,40,0.0
MNIST,medium,43,10,a2,firing_rate,baseline,41,0.32080078125
MNIST,medium,43,10,a2,firing_rate,baseline,42,0.1123046875
MNIST,medium,43,10,a2,firing_rate,baseline,43,0.2890625
MNIST,medium,43,10,a2,firing_rate,baseline,44,0.30615234375
MNIST,medium,43,10,a2,firing_rate,baseline,45,0.26708984375
MNIST,medium,43,10,a2,firing_rate,baseline,46,0.23681640625
MNIST,medium,43,10,a2,firing_rate,baseline,47,0.32568359375
MNIST,medium,43,10,a2,firing_rate,baseline,48,0.08984375
MNIST,medium,43,10,a2,firing_rate,baseline,49,0.21923828125
MNIST,medium,43,10,a2,firing_rate,baseline,50,0.2294921875
MNIST,medium,43,10,a2,firing_rate,baseline,51,0.0751953125
MNIST,medium,43,10,a2,firing_rate,baseline,52,0.296875
MNIST,medium,43,10,a2,firing_rate,baseline,53,0.12939453125
MNIST,medium,43,10,a2,firing_rate,baseline,54,0.31103515625
MNIST,medium,43,10,a2,firing_rate,baseline,55,0.22119140625
MNIST,medium,43,10,a2,firing_rate,baseline,56,0.3935546875
MNIST,medium,43,10,a2,firing_rate,baseline,57,0.21240234375
MNIST,medium,43,10,a2,firing_rate,baseline,58,0.26904296875
MNIST,medium,43,10,a2,firing_rate,baseline,59,0.41357421875
MNIST,medium,43,10,a2,firing_rate,baseline,60,0.443359375
MNIST,medium,43,10,a2,firing_rate,baseline,61,0.220703125
MNIST,medium,43,10,a2,firing_rate,baseline,62,0.263671875
MNIST,medium,43,10,a2,firing_rate,baseline,63,0.37353515625
MNIST,medium,43,10,a2,firing_rate,baseline,64,0.00244140625
MNIST,medium,43,10,a2,firing_rate,baseline,65,0.20263671875
MNIST,medium,43,10,a2,firing_rate,baseline,66,0.29833984375
MNIST,medium,43,10,a2,firing_rate,baseline,67,0.31005859375
MNIST,medium,43,10,a2,firing_rate,baseline,68,0.31396484375
MNIST,medium,43,10,a2,firing_rate,baseline,69,0.20654296875
MNIST,medium,43,10,a2,firing_rate,baseline,70,0.32470703125
MNIST,medium,43,10,a2,firing_rate,baseline,71,0.2373046875
MNIST,medium,43,10,a2,firing_rate,baseline,72,0.31298828125
MNIST,medium,43,10,a2,firing_rate,baseline,73,0.47412109375
MNIST,medium,43,10,a2,firing_rate,baseline,74,0.328125
MNIST,medium,43,10,a2,firing_rate,baseline,75,0.3583984375
MNIST,medium,43,10,a2,firing_rate,baseline,76,0.1630859375
MNIST,medium,43,10,a2,firing_rate,baseline,77,0.60205078125
MNIST,medium,43,10,a2,firing_rate,baseline,78,0.236328125
MNIST,medium,43,10,a2,firing_rate,baseline,79,0.27880859375
MNIST,medium,43,10,a2,firing_rate,baseline,80,0.31103515625
MNIST,medium,43,10,a2,firing_rate,baseline,81,0.28466796875
MNIST,medium,43,10,a2,firing_rate,baseline,82,0.4677734375
MNIST,medium,43,10,a2,firing_rate,baseline,83,0.20361328125
MNIST,medium,43,10,a2,firing_rate,baseline,84,0.4755859375
MNIST,medium,43,10,a2,firing_rate,baseline,85,0.4755859375
MNIST,medium,43,10,a2,firing_rate,baseline,86,0.15185546875
MNIST,medium,43,10,a2,firing_rate,baseline,87,0.30322265625
MNIST,medium,43,10,a2,firing_rate,baseline,88,0.19873046875
MNIST,medium,43,10,a2,firing_rate,baseline,89,0.12451171875
MNIST,medium,43,10,a2,firing_rate,baseline,90,0.31640625
MNIST,medium,43,10,a2,firing_rate,baseline,91,0.3642578125
MNIST,medium,43,10,a2,firing_rate,baseline,92,0.17626953125
MNIST,medium,43,10,a2,firing_rate,baseline,93,0.4208984375
MNIST,medium,43,10,a2,firing_rate,baseline,94,0.4052734375
MNIST,medium,43,10,a2,firing_rate,baseline,95,0.21728515625
MNIST,medium,43,10,a2,firing_rate,baseline,96,0.2666015625
MNIST,medium,43,10,a2,firing_rate,baseline,97,0.0
MNIST,medium,43,10,a2,firing_rate,baseline,98,0.326171875
MNIST,medium,43,10,a2,firing_rate,baseline,99,0.1396484375
MNIST,medium,43,10,a2,firing_rate,baseline,100,0.29638671875
MNIST,medium,43,10,a2,firing_rate,baseline,101,0.2734375
MNIST,medium,43,10,a2,firing_rate,baseline,102,0.19677734375
MNIST,medium,43,10,a2,firing_rate,baseline,103,0.34716796875
MNIST,medium,43,10,a2,firing_rate,baseline,104,0.21875
MNIST,medium,43,10,a2,firing_rate,baseline,105,0.494140625
MNIST,medium,43,10,a2,firing_rate,baseline,106,0.2490234375
MNIST,medium,43,10,a2,firing_rate,baseline,107,0.298828125
MNIST,medium,43,10,a2,firing_rate,baseline,108,0.06396484375
MNIST,medium,43,10,a2,firing_rate,baseline,109,0.21630859375
MNIST,medium,43,10,a2,firing_rate,baseline,110,0.0029296875
MNIST,medium,43,10,a2,firing_rate,baseline,111,0.28857421875
MNIST,medium,43,10,a2,firing_rate,baseline,112,0.345703125
MNIST,medium,43,10,a2,firing_rate,baseline,113,0.201171875
MNIST,medium,43,10,a2,firing_rate,baseline,114,0.3115234375
MNIST,medium,43,10,a2,firing_rate,baseline,115,0.3544921875
MNIST,medium,43,10,a2,firing_rate,baseline,116,0.43115234375
MNIST,medium,43,10,a2,firing_rate,baseline,117,0.1640625
MNIST,medium,43,10,a2,firing_rate,baseline,118,0.2548828125
MNIST,medium,43,10,a2,firing_rate,baseline,119,0.3583984375
MNIST,medium,43,10,a2,firing_rate,baseline,120,0.1826171875
MNIST,medium,43,10,a2,firing_rate,baseline,121,0.0
MNIST,medium,43,10,a2,firing_rate,baseline,122,0.330078125
MNIST,medium,43,10,a2,firing_rate,baseline,123,0.14892578125
MNIST,medium,43,10,a2,firing_rate,baseline,124,0.3076171875
MNIST,medium,43,10,a2,firing_rate,baseline,125,0.34912109375
MNIST,medium,43,10,a2,firing_rate,baseline,126,0.3046875
MNIST,medium,43,10,a2,firing_rate,baseline,127,0.3369140625
MNIST,medium,43,10,a2,firing_rate,baseline,128,0.2177734375
MNIST,medium,43,10,a2,firing_rate,baseline,129,0.4775390625
MNIST,medium,43,10,a2,firing_rate,baseline,130,0.1103515625
MNIST,medium,43,10,a2,firing_rate,baseline,131,0.3173828125
MNIST,medium,43,10,a2,firing_rate,baseline,132,0.3046875
MNIST,medium,43,10,a2,firing_rate,baseline,133,0.1171875
MNIST,medium,43,10,a2,firing_rate,baseline,134,0.34375
MNIST,medium,43,10,a2,firing_rate,baseline,135,0.15966796875
MNIST,medium,43,10,a2,firing_rate,baseline,136,0.166015625
MNIST,medium,43,10,a2,firing_rate,baseline,137,0.11181640625
MNIST,medium,43,10,a2,firing_rate,baseline,138,0.25048828125
MNIST,medium,43,10,a2,firing_rate,baseline,139,0.02001953125
MNIST,medium,43,10,a2,firing_rate,baseline,140,0.22998046875
MNIST,medium,43,10,a2,firing_rate,baseline,141,0.29931640625
MNIST,medium,43,10,a2,firing_rate,baseline,142,0.3720703125
MNIST,medium,43,10,a2,firing_rate,baseline,143,0.3076171875
MNIST,medium,43,10,a2,firing_rate,baseline,144,0.13818359375
MNIST,medium,43,10,a2,firing_rate,baseline,145,0.23974609375
MNIST,medium,43,10,a2,firing_rate,baseline,146,0.22265625
MNIST,medium,43,10,a2,firing_rate,baseline,147,0.177734375
MNIST,medium,43,10,a2,firing_rate,baseline,148,0.23095703125
MNIST,medium,43,10,a2,firing_rate,baseline,149,0.25927734375
MNIST,medium,43,10,a2,firing_rate,baseline,150,0.3232421875
MNIST,medium,43,10,a2,firing_rate,baseline,151,0.3046875
MNIST,medium,43,10,a2,firing_rate,baseline,152,0.40234375
MNIST,medium,43,10,a2,firing_rate,baseline,153,0.498046875
MNIST,medium,43,10,a2,firing_rate,baseline,154,0.13623046875
MNIST,medium,43,10,a2,firing_rate,baseline,155,0.2197265625
MNIST,medium,43,10,a2,firing_rate,baseline,156,0.1298828125
MNIST,medium,43,10,a2,firing_rate,baseline,157,0.3310546875
MNIST,medium,43,10,a2,firing_rate,baseline,158,0.05419921875
MNIST,medium,43,10,a2,firing_rate,baseline,159,0.2998046875
MNIST,medium,43,10,a2,firing_rate,baseline,160,0.14697265625
MNIST,medium,43,10,a2,firing_rate,baseline,161,0.3369140625
MNIST,medium,43,10,a2,firing_rate,baseline,162,0.3818359375
MNIST,medium,43,10,a2,firing_rate,baseline,163,0.28466796875
MNIST,medium,43,10,a2,firing_rate,baseline,164,0.16845703125
MNIST,medium,43,10,a2,firing_rate,baseline,165,0.15185546875
MNIST,medium,43,10,a2,firing_rate,baseline,166,0.2373046875
MNIST,medium,43,10,a2,firing_rate,baseline,167,0.44384765625
MNIST,medium,43,10,a2,firing_rate,baseline,168,0.17431640625
MNIST,medium,43,10,a2,firing_rate,baseline,169,0.1689453125
MNIST,medium,43,10,a2,firing_rate,baseline,170,0.26123046875
MNIST,medium,43,10,a2,firing_rate,baseline,171,0.296875
MNIST,medium,43,10,a2,firing_rate,baseline,172,0.27880859375
MNIST,medium,43,10,a2,firing_rate,baseline,173,0.0
MNIST,medium,43,10,a2,firing_rate,baseline,174,0.28271484375
MNIST,medium,43,10,a2,firing_rate,baseline,175,0.34814453125
MNIST,medium,43,10,a2,firing_rate,baseline,176,0.13427734375
MNIST,medium,43,10,a2,firing_rate,baseline,177,0.39111328125
MNIST,medium,43,10,a2,firing_rate,baseline,178,0.25830078125
MNIST,medium,43,10,a2,firing_rate,baseline,179,0.36279296875
MNIST,medium,43,10,a2,firing_rate,baseline,180,0.1513671875
MNIST,medium,43,10,a2,firing_rate,baseline,181,0.14453125
MNIST,medium,43,10,a2,firing_rate,baseline,182,0.17578125
MNIST,medium,43,10,a2,firing_rate,baseline,183,0.10400390625
MNIST,medium,43,10,a2,firing_rate,baseline,184,0.3583984375
MNIST,medium,43,10,a2,firing_rate,baseline,185,0.0
MNIST,medium,43,10,a2,firing_rate,baseline,186,0.23974609375
MNIST,medium,43,10,a2,firing_rate,baseline,187,0.26220703125
MNIST,medium,43,10,a2,firing_rate,baseline,188,0.3603515625
MNIST,medium,43,10,a2,firing_rate,baseline,189,0.07373046875
MNIST,medium,43,10,a2,firing_rate,baseline,190,0.3935546875
MNIST,medium,43,10,a2,firing_rate,baseline,191,0.1103515625
MNIST,medium,43,10,a2,firing_rate,baseline,192,0.0
MNIST,medium,43,10,a2,firing_rate,baseline,193,0.13134765625
MNIST,medium,43,10,a2,firing_rate,baseline,194,0.26513671875
MNIST,medium,43,10,a2,firing_rate,baseline,195,0.328125
MNIST,medium,43,10,a2,firing_rate,baseline,196,0.111328125
MNIST,medium,43,10,a2,firing_rate,baseline,197,0.25341796875
MNIST,medium,43,10,a2,firing_rate,baseline,198,0.001953125
MNIST,medium,43,10,a2,firing_rate,baseline,199,0.0185546875
MNIST,medium,43,10,a2,firing_rate,baseline,200,0.10693359375
MNIST,medium,43,10,a2,firing_rate,baseline,201,0.00927734375
MNIST,medium,43,10,a2,firing_rate,baseline,202,0.22802734375
MNIST,medium,43,10,a2,firing_rate,baseline,203,0.10302734375
MNIST,medium,43,10,a2,firing_rate,baseline,204,0.2138671875
MNIST,medium,43,10,a2,firing_rate,baseline,205,0.2412109375
MNIST,medium,43,10,a2,firing_rate,baseline,206,0.16064453125
MNIST,medium,43,10,a2,firing_rate,baseline,207,0.02099609375
MNIST,medium,43,10,a2,firing_rate,baseline,208,0.224609375
MNIST,medium,43,10,a2,firing_rate,baseline,209,0.18701171875
MNIST,medium,43,10,a2,firing_rate,baseline,210,0.35888671875
MNIST,medium,43,10,a2,firing_rate,baseline,211,0.25927734375
MNIST,medium,43,10,a2,firing_rate,baseline,212,0.41748046875
MNIST,medium,43,10,a2,firing_rate,baseline,213,0.47900390625
MNIST,medium,43,10,a2,firing_rate,baseline,214,0.291015625
MNIST,medium,43,10,a2,firing_rate,baseline,215,0.30712890625
MNIST,medium,43,10,a2,firing_rate,baseline,216,0.29638671875
MNIST,medium,43,10,a2,firing_rate,baseline,217,0.3359375
MNIST,medium,43,10,a2,firing_rate,baseline,218,0.212890625
MNIST,medium,43,10,a2,firing_rate,baseline,219,0.33349609375
MNIST,medium,43,10,a2,firing_rate,baseline,220,0.32470703125
MNIST,medium,43,10,a2,firing_rate,baseline,221,0.0498046875
MNIST,medium,43,10,a2,firing_rate,baseline,222,0.3095703125
MNIST,medium,43,10,a2,firing_rate,baseline,223,0.2412109375
MNIST,medium,43,10,a2,firing_rate,baseline,224,0.14501953125
MNIST,medium,43,10,a2,firing_rate,baseline,225,0.396484375
MNIST,medium,43,10,a2,firing_rate,baseline,226,0.2919921875
MNIST,medium,43,10,a2,firing_rate,baseline,227,0.42236328125
MNIST,medium,43,10,a2,firing_rate,baseline,228,0.31494140625
MNIST,medium,43,10,a2,firing_rate,baseline,229,0.302734375
MNIST,medium,43,10,a2,firing_rate,baseline,230,0.181640625
MNIST,medium,43,10,a2,firing_rate,baseline,231,0.40625
MNIST,medium,43,10,a2,firing_rate,baseline,232,0.3544921875
MNIST,medium,43,10,a2,firing_rate,baseline,233,0.3505859375
MNIST,medium,43,10,a2,firing_rate,baseline,234,0.35546875
MNIST,medium,43,10,a2,firing_rate,baseline,235,0.2998046875
MNIST,medium,43,10,a2,firing_rate,baseline,236,0.26025390625
MNIST,medium,43,10,a2,firing_rate,baseline,237,0.25634765625
MNIST,medium,43,10,a2,firing_rate,baseline,238,0.42431640625
MNIST,medium,43,10,a2,firing_rate,baseline,239,0.16162109375
MNIST,medium,43,10,a2,firing_rate,baseline,240,0.46875
MNIST,medium,43,10,a2,firing_rate,baseline,241,0.3125
MNIST,medium,43,10,a2,firing_rate,baseline,242,0.2734375
MNIST,medium,43,10,a2,firing_rate,baseline,243,0.2548828125
MNIST,medium,43,10,a2,firing_rate,baseline,244,0.2978515625
MNIST,medium,43,10,a2,firing_rate,baseline,245,0.42431640625
MNIST,medium,43,10,a2,firing_rate,baseline,246,0.1552734375
MNIST,medium,43,10,a2,firing_rate,baseline,247,0.4443359375
MNIST,medium,43,10,a2,firing_rate,baseline,248,0.39990234375
MNIST,medium,43,10,a2,firing_rate,baseline,249,0.2998046875
MNIST,medium,43,10,a2,firing_rate,baseline,250,0.298828125
MNIST,medium,43,10,a2,firing_rate,baseline,251,0.11181640625
MNIST,medium,43,10,a2,firing_rate,baseline,252,0.38037109375
MNIST,medium,43,10,a2,firing_rate,baseline,253,0.390625
MNIST,medium,43,10,a2,firing_rate,baseline,254,0.38720703125
MNIST,medium,43,10,a2,firing_rate,baseline,255,0.15673828125
MNIST,medium,43,10,a3,firing_rate,baseline,0,0.42431640625
MNIST,medium,43,10,a3,firing_rate,baseline,1,0.25439453125
MNIST,medium,43,10,a3,firing_rate,baseline,2,0.375
MNIST,medium,43,10,a3,firing_rate,baseline,3,0.41552734375
MNIST,medium,43,10,a3,firing_rate,baseline,4,0.43310546875
MNIST,medium,43,10,a3,firing_rate,baseline,5,0.158203125
MNIST,medium,43,10,a3,firing_rate,baseline,6,0.45166015625
MNIST,medium,43,10,a3,firing_rate,baseline,7,0.375
MNIST,medium,43,10,a3,firing_rate,baseline,8,0.10888671875
MNIST,medium,43,10,a3,firing_rate,baseline,9,0.201171875
MNIST,medium,43,10,a3,firing_rate,baseline,10,0.341796875
MNIST,medium,43,10,a3,firing_rate,baseline,11,0.34033203125
MNIST,medium,43,10,a3,firing_rate,baseline,12,0.30908203125
MNIST,medium,43,10,a3,firing_rate,baseline,13,0.28466796875
MNIST,medium,43,10,a3,firing_rate,baseline,14,0.3828125
MNIST,medium,43,10,a3,firing_rate,baseline,15,0.4013671875
MNIST,medium,43,10,a3,firing_rate,baseline,16,0.35986328125
MNIST,medium,43,10,a3,firing_rate,baseline,17,0.53759765625
MNIST,medium,43,10,a3,firing_rate,baseline,18,0.29296875
MNIST,medium,43,10,a3,firing_rate,baseline,19,0.28759765625
MNIST,medium,43,10,a3,firing_rate,baseline,20,0.37060546875
MNIST,medium,43,10,a3,firing_rate,baseline,21,0.29345703125
MNIST,medium,43,10,a3,firing_rate,baseline,22,0.3388671875
MNIST,medium,43,10,a3,firing_rate,baseline,23,0.330078125
MNIST,medium,43,10,a3,firing_rate,baseline,24,0.43994140625
MNIST,medium,43,10,a3,firing_rate,baseline,25,0.5595703125
MNIST,medium,43,10,a3,firing_rate,baseline,26,0.412109375
MNIST,medium,43,10,a3,firing_rate,baseline,27,0.3037109375
MNIST,medium,43,10,a3,firing_rate,baseline,28,0.39697265625
MNIST,medium,43,10,a3,firing_rate,baseline,29,0.42724609375
MNIST,medium,43,10,a3,firing_rate,baseline,30,0.52099609375
MNIST,medium,43,10,a3,firing_rate,baseline,31,0.31494140625
MNIST,medium,43,10,a3,firing_rate,baseline,32,0.3828125
MNIST,medium,43,10,a3,firing_rate,baseline,33,0.0986328125
MNIST,medium,43,10,a3,firing_rate,baseline,34,0.25390625
MNIST,medium,43,10,a3,firing_rate,baseline,35,0.2939453125
MNIST,medium,43,10,a3,firing_rate,baseline,36,0.3759765625
MNIST,medium,43,10,a3,firing_rate,baseline,37,0.2509765625
MNIST,medium,43,10,a3,firing_rate,baseline,38,0.23193359375
MNIST,medium,43,10,a3,firing_rate,baseline,39,0.33251953125
MNIST,medium,43,10,a3,firing_rate,baseline,40,0.32373046875
MNIST,medium,43,10,a3,firing_rate,baseline,41,0.39404296875
MNIST,medium,43,10,a3,firing_rate,baseline,42,0.11328125
MNIST,medium,43,10,a3,firing_rate,baseline,43,0.27294921875
MNIST,medium,43,10,a3,firing_rate,baseline,44,0.31982421875
MNIST,medium,43,10,a3,firing_rate,baseline,45,0.2978515625
MNIST,medium,43,10,a3,firing_rate,baseline,46,0.529296875
MNIST,medium,43,10,a3,firing_rate,baseline,47,0.55078125
MNIST,medium,43,10,a3,firing_rate,baseline,48,0.4931640625
MNIST,medium,43,10,a3,firing_rate,baseline,49,0.416015625
MNIST,medium,43,10,a3,firing_rate,baseline,50,0.22265625
MNIST,medium,43,10,a3,firing_rate,baseline,51,0.2431640625
MNIST,medium,43,10,a3,firing_rate,baseline,52,0.42919921875
MNIST,medium,43,10,a3,firing_rate,baseline,53,0.43798828125
MNIST,medium,43,10,a3,firing_rate,baseline,54,0.11669921875
MNIST,medium,43,10,a3,firing_rate,baseline,55,0.390625
MNIST,medium,43,10,a3,firing_rate,baseline,56,0.458984375
MNIST,medium,43,10,a3,firing_rate,baseline,57,0.3349609375
MNIST,medium,43,10,a3,firing_rate,baseline,58,0.53271484375
MNIST,medium,43,10,a3,firing_rate,baseline,59,0.0
MNIST,medium,43,10,a3,firing_rate,baseline,60,0.60400390625
MNIST,medium,43,10,a3,firing_rate,baseline,61,0.2841796875
MNIST,medium,43,10,a3,firing_rate,baseline,62,0.212890625
MNIST,medium,43,10,a3,firing_rate,baseline,63,0.41162109375
MNIST,medium,43,10,a3,firing_rate,baseline,64,0.11669921875
MNIST,medium,43,10,a3,firing_rate,baseline,65,0.19970703125
MNIST,medium,43,10,a3,firing_rate,baseline,66,0.5498046875
MNIST,medium,43,10,a3,firing_rate,baseline,67,0.13330078125
MNIST,medium,43,10,a3,firing_rate,baseline,68,0.390625
MNIST,medium,43,10,a3,firing_rate,baseline,69,0.35400390625
MNIST,medium,43,10,a3,firing_rate,baseline,70,0.40673828125
MNIST,medium,43,10,a3,firing_rate,baseline,71,0.37109375
MNIST,medium,43,10,a3,firing_rate,baseline,72,0.3720703125
MNIST,medium,43,10,a3,firing_rate,baseline,73,0.2880859375
MNIST,medium,43,10,a3,firing_rate,baseline,74,0.404296875
MNIST,medium,43,10,a3,firing_rate,baseline,75,0.4404296875
MNIST,medium,43,10,a3,firing_rate,baseline,76,0.27490234375
MNIST,medium,43,10,a3,firing_rate,baseline,77,0.36328125
MNIST,medium,43,10,a3,firing_rate,baseline,78,0.0
MNIST,medium,43,10,a3,firing_rate,baseline,79,0.23828125
MNIST,medium,43,10,a3,firing_rate,baseline,80,0.27099609375
MNIST,medium,43,10,a3,firing_rate,baseline,81,0.28955078125
MNIST,medium,43,10,a3,firing_rate,baseline,82,0.2841796875
MNIST,medium,43,10,a3,firing_rate,baseline,83,0.48486328125
MNIST,medium,43,10,a3,firing_rate,baseline,84,0.36181640625
MNIST,medium,43,10,a3,firing_rate,baseline,85,0.4501953125
MNIST,medium,43,10,a3,firing_rate,baseline,86,0.4013671875
MNIST,medium,43,10,a3,firing_rate,baseline,87,0.29638671875
MNIST,medium,43,10,a3,firing_rate,baseline,88,0.123046875
MNIST,medium,43,10,a3,firing_rate,baseline,89,0.0
MNIST,medium,43,10,a3,firing_rate,baseline,90,0.38330078125
MNIST,medium,43,10,a3,firing_rate,baseline,91,0.21142578125
MNIST,medium,43,10,a3,firing_rate,baseline,92,0.28759765625
MNIST,medium,43,10,a3,firing_rate,baseline,93,0.3759765625
MNIST,medium,43,10,a3,firing_rate,baseline,94,0.30615234375
MNIST,medium,43,10,a3,firing_rate,baseline,95,0.14306640625
MNIST,medium,43,10,a3,firing_rate,baseline,96,0.2724609375
MNIST,medium,43,10,a3,firing_rate,baseline,97,0.2978515625
MNIST,medium,43,10,a3,firing_rate,baseline,98,0.16162109375
MNIST,medium,43,10,a3,firing_rate,baseline,99,0.14697265625
MNIST,medium,43,10,a3,firing_rate,baseline,100,0.23828125
MNIST,medium,43,10,a3,firing_rate,baseline,101,0.533203125
MNIST,medium,43,10,a3,firing_rate,baseline,102,0.4326171875
MNIST,medium,43,10,a3,firing_rate,baseline,103,0.35791015625
MNIST,medium,43,10,a3,firing_rate,baseline,104,0.1103515625
MNIST,medium,43,10,a3,firing_rate,baseline,105,0.150390625
MNIST,medium,43,10,a3,firing_rate,baseline,106,0.19580078125
MNIST,medium,43,10,a3,firing_rate,baseline,107,0.248046875
MNIST,medium,43,10,a3,firing_rate,baseline,108,0.21435546875
MNIST,medium,43,10,a3,firing_rate,baseline,109,0.40966796875
MNIST,medium,43,10,a3,firing_rate,baseline,110,0.23486328125
MNIST,medium,43,10,a3,firing_rate,baseline,111,0.34130859375
MNIST,medium,43,10,a3,firing_rate,baseline,112,0.29736328125
MNIST,medium,43,10,a3,firing_rate,baseline,113,0.42236328125
MNIST,medium,43,10,a3,firing_rate,baseline,114,0.1171875
MNIST,medium,43,10,a3,firing_rate,baseline,115,0.24951171875
MNIST,medium,43,10,a3,firing_rate,baseline,116,0.39501953125
MNIST,medium,43,10,a3,firing_rate,baseline,117,0.12255859375
MNIST,medium,43,10,a3,firing_rate,baseline,118,0.31591796875
MNIST,medium,43,10,a3,firing_rate,baseline,119,0.28857421875
MNIST,medium,43,10,a3,firing_rate,baseline,120,0.419921875
MNIST,medium,43,10,a3,firing_rate,baseline,121,0.43310546875
MNIST,medium,43,10,a3,firing_rate,baseline,122,0.16943359375
MNIST,medium,43,10,a3,firing_rate,baseline,123,0.29541015625
MNIST,medium,43,10,a3,firing_rate,baseline,124,0.41796875
MNIST,medium,43,10,a3,firing_rate,baseline,125,0.26513671875
MNIST,medium,43,10,a3,firing_rate,baseline,126,0.494140625
MNIST,medium,43,10,a3,firing_rate,baseline,127,0.439453125
MNIST,medium,43,10,a4,firing_rate,baseline,0,0.37548828125
MNIST,medium,43,10,a4,firing_rate,baseline,1,0.5048828125
MNIST,medium,43,10,a4,firing_rate,baseline,2,0.30224609375
MNIST,medium,43,10,a4,firing_rate,baseline,3,0.51708984375
MNIST,medium,43,10,a4,firing_rate,baseline,4,0.38720703125
MNIST,medium,43,10,a4,firing_rate,baseline,5,0.423828125
MNIST,medium,43,10,a4,firing_rate,baseline,6,0.5615234375
MNIST,medium,43,10,a4,firing_rate,baseline,7,0.380859375
MNIST,medium,43,10,a4,firing_rate,baseline,8,0.2919921875
MNIST,medium,43,10,a4,firing_rate,baseline,9,0.29345703125
MNIST,medium,43,10,a4,firing_rate,baseline,10,0.34423828125
MNIST,medium,43,10,a4,firing_rate,baseline,11,0.59521484375
MNIST,medium,43,10,a4,firing_rate,baseline,12,0.5810546875
MNIST,medium,43,10,a4,firing_rate,baseline,13,0.47705078125
MNIST,medium,43,10,a4,firing_rate,baseline,14,0.3828125
MNIST,medium,43,10,a4,firing_rate,baseline,15,0.5751953125
MNIST,medium,43,10,a4,firing_rate,baseline,16,0.3310546875
MNIST,medium,43,10,a4,firing_rate,baseline,17,0.3525390625
MNIST,medium,43,10,a4,firing_rate,baseline,18,0.5107421875
MNIST,medium,43,10,a4,firing_rate,baseline,19,0.515625
MNIST,medium,43,10,a4,firing_rate,baseline,20,0.46044921875
MNIST,medium,43,10,a4,firing_rate,baseline,21,0.5029296875
MNIST,medium,43,10,a4,firing_rate,baseline,22,0.61669921875
MNIST,medium,43,10,a4,firing_rate,baseline,23,0.310546875
MNIST,medium,43,10,a4,firing_rate,baseline,24,0.41015625
MNIST,medium,43,10,a4,firing_rate,baseline,25,0.51904296875
MNIST,medium,43,10,a4,firing_rate,baseline,26,0.244140625
MNIST,medium,43,10,a4,firing_rate,baseline,27,0.56787109375
MNIST,medium,43,10,a4,firing_rate,baseline,28,0.376953125
MNIST,medium,43,10,a4,firing_rate,baseline,29,0.26708984375
MNIST,medium,43,10,a4,firing_rate,baseline,30,0.4755859375
MNIST,medium,43,10,a4,firing_rate,baseline,31,0.5126953125
MNIST,medium,43,10,a4,firing_rate,baseline,32,0.36083984375
MNIST,medium,43,10,a4,firing_rate,baseline,33,0.40087890625
MNIST,medium,43,10,a4,firing_rate,baseline,34,0.53271484375
MNIST,medium,43,10,a4,firing_rate,baseline,35,0.47509765625
MNIST,medium,43,10,a4,firing_rate,baseline,36,0.3955078125
MNIST,medium,43,10,a4,firing_rate,baseline,37,0.486328125
MNIST,medium,43,10,a4,firing_rate,baseline,38,0.44384765625
MNIST,medium,43,10,a4,firing_rate,baseline,39,0.45947265625
MNIST,medium,43,10,a4,firing_rate,baseline,40,0.5107421875
MNIST,medium,43,10,a4,firing_rate,baseline,41,0.49365234375
MNIST,medium,43,10,a4,firing_rate,baseline,42,0.56787109375
MNIST,medium,43,10,a4,firing_rate,baseline,43,0.20751953125
MNIST,medium,43,10,a4,firing_rate,baseline,44,0.40283203125
MNIST,medium,43,10,a4,firing_rate,baseline,45,0.423828125
MNIST,medium,43,10,a4,firing_rate,baseline,46,0.591796875
MNIST,medium,43,10,a4,firing_rate,baseline,47,0.3984375
MNIST,medium,43,10,a4,firing_rate,baseline,48,0.4853515625
MNIST,medium,43,10,a4,firing_rate,baseline,49,0.4794921875
MNIST,medium,43,10,a4,firing_rate,baseline,50,0.49853515625
MNIST,medium,43,10,a4,firing_rate,baseline,51,0.30859375
MNIST,medium,43,10,a4,firing_rate,baseline,52,0.63427734375
MNIST,medium,43,10,a4,firing_rate,baseline,53,0.3955078125
MNIST,medium,43,10,a4,firing_rate,baseline,54,0.490234375
MNIST,medium,43,10,a4,firing_rate,baseline,55,0.3349609375
MNIST,medium,43,10,a4,firing_rate,baseline,56,0.38623046875
MNIST,medium,43,10,a4,firing_rate,baseline,57,0.58349609375
MNIST,medium,43,10,a4,firing_rate,baseline,58,0.52490234375
MNIST,medium,43,10,a4,firing_rate,baseline,59,0.50732421875
MNIST,medium,43,10,a4,firing_rate,baseline,60,0.47119140625
MNIST,medium,43,10,a4,firing_rate,baseline,61,0.5966796875
MNIST,medium,43,10,a4,firing_rate,baseline,62,0.39453125
MNIST,medium,43,10,a4,firing_rate,baseline,63,0.48681640625
MNIST,medium,43,10,a1,activation_variance,baseline,0,3.0092358589172363
MNIST,medium,43,10,a1,activation_variance,baseline,1,1.144545316696167
MNIST,medium,43,10,a1,activation_variance,baseline,2,1.9726190567016602
MNIST,medium,43,10,a1,activation_variance,baseline,3,0.0
MNIST,medium,43,10,a1,activation_variance,baseline,4,0.9065945744514465
MNIST,medium,43,10,a1,activation_variance,baseline,5,3.6627373695373535
MNIST,medium,43,10,a1,activation_variance,baseline,6,0.8822458982467651
MNIST,medium,43,10,a1,activation_variance,baseline,7,0.0
MNIST,medium,43,10,a1,activation_variance,baseline,8,1.434581995010376
MNIST,medium,43,10,a1,activation_variance,baseline,9,0.7825422883033752
MNIST,medium,43,10,a1,activation_variance,baseline,10,5.492180824279785
MNIST,medium,43,10,a1,activation_variance,baseline,11,2.940739154815674
MNIST,medium,43,10,a1,activation_variance,baseline,12,0.6289128661155701
MNIST,medium,43,10,a1,activation_variance,baseline,13,0.1614125669002533
MNIST,medium,43,10,a1,activation_variance,baseline,14,1.3554534912109375
MNIST,medium,43,10,a1,activation_variance,baseline,15,1.8538545370101929
MNIST,medium,43,10,a1,activation_variance,baseline,16,1.097961664199829
MNIST,medium,43,10,a1,activation_variance,baseline,17,3.8790628910064697
MNIST,medium,43,10,a1,activation_variance,baseline,18,1.0609803199768066
MNIST,medium,43,10,a1,activation_variance,baseline,19,0.11319561302661896
MNIST,medium,43,10,a1,activation_variance,baseline,20,1.7240930795669556
MNIST,medium,43,10,a1,activation_variance,baseline,21,0.5163707733154297
MNIST,medium,43,10,a1,activation_variance,baseline,22,1.8023000955581665
MNIST,medium,43,10,a1,activation_variance,baseline,23,0.0
MNIST,medium,43,10,a1,activation_variance,baseline,24,0.8580856323242188
MNIST,medium,43,10,a1,activation_variance,baseline,25,1.9864332675933838
MNIST,medium,43,10,a1,activation_variance,baseline,26,2.6009247303009033
MNIST,medium,43,10,a1,activation_variance,baseline,27,1.7099511623382568
MNIST,medium,43,10,a1,activation_variance,baseline,28,0.0
MNIST,medium,43,10,a1,activation_variance,baseline,29,1.1870229244232178
MNIST,medium,43,10,a1,activation_variance,baseline,30,2.276050090789795
MNIST,medium,43,10,a1,activation_variance,baseline,31,0.0
MNIST,medium,43,10,a1,activation_variance,baseline,32,2.6285898685455322
MNIST,medium,43,10,a1,activation_variance,baseline,33,0.06323293596506119
MNIST,medium,43,10,a1,activation_variance,baseline,34,0.0
MNIST,medium,43,10,a1,activation_variance,baseline,35,0.5931249856948853
MNIST,medium,43,10,a1,activation_variance,baseline,36,0.9342570304870605
MNIST,medium,43,10,a1,activation_variance,baseline,37,0.0
MNIST,medium,43,10,a1,activation_variance,baseline,38,0.3461691439151764
MNIST,medium,43,10,a1,activation_variance,baseline,39,0.10564588755369186
MNIST,medium,43,10,a1,activation_variance,baseline,40,0.8354495763778687
MNIST,medium,43,10,a1,activation_variance,baseline,41,2.314157009124756
MNIST,medium,43,10,a1,activation_variance,baseline,42,0.0
MNIST,medium,43,10,a1,activation_variance,baseline,43,0.051749397069215775
MNIST,medium,43,10,a1,activation_variance,baseline,44,0.49682435393333435
MNIST,medium,43,10,a1,activation_variance,baseline,45,3.844409465789795
MNIST,medium,43,10,a1,activation_variance,baseline,46,0.795677125453949
MNIST,medium,43,10,a1,activation_variance,baseline,47,6.859257698059082
MNIST,medium,43,10,a1,activation_variance,baseline,48,3.8052377700805664
MNIST,medium,43,10,a1,activation_variance,baseline,49,0.007422934286296368
MNIST,medium,43,10,a1,activation_variance,baseline,50,0.0
MNIST,medium,43,10,a1,activation_variance,baseline,51,5.908271789550781
MNIST,medium,43,10,a1,activation_variance,baseline,52,0.6296504139900208
MNIST,medium,43,10,a1,activation_variance,baseline,53,0.0
MNIST,medium,43,10,a1,activation_variance,baseline,54,1.7155439853668213
MNIST,medium,43,10,a1,activation_variance,baseline,55,0.0
MNIST,medium,43,10,a1,activation_variance,baseline,56,8.936007499694824
MNIST,medium,43,10,a1,activation_variance,baseline,57,1.1747581958770752
MNIST,medium,43,10,a1,activation_variance,baseline,58,0.1733185350894928
MNIST,medium,43,10,a1,activation_variance,baseline,59,3.6780643463134766
MNIST,medium,43,10,a1,activation_variance,baseline,60,4.423027038574219
MNIST,medium,43,10,a1,activation_variance,baseline,61,1.082031488418579
MNIST,medium,43,10,a1,activation_variance,baseline,62,0.0
MNIST,medium,43,10,a1,activation_variance,baseline,63,1.4882478713989258
MNIST,medium,43,10,a1,activation_variance,baseline,64,4.084150314331055
MNIST,medium,43,10,a1,activation_variance,baseline,65,3.357353687286377
MNIST,medium,43,10,a1,activation_variance,baseline,66,0.8071648478507996
MNIST,medium,43,10,a1,activation_variance,baseline,67,0.43723899126052856
MNIST,medium,43,10,a1,activation_variance,baseline,68,0.7043164968490601
MNIST,medium,43,10,a1,activation_variance,baseline,69,1.1478842496871948
MNIST,medium,43,10,a1,activation_variance,baseline,70,1.561956763267517
MNIST,medium,43,10,a1,activation_variance,baseline,71,1.754414439201355
MNIST,medium,43,10,a1,activation_variance,baseline,72,0.8561164140701294
MNIST,medium,43,10,a1,activation_variance,baseline,73,3.5018162727355957
MNIST,medium,43,10,a1,activation_variance,baseline,74,1.4389234781265259
MNIST,medium,43,10,a1,activation_variance,baseline,75,1.030347466468811
MNIST,medium,43,10,a1,activation_variance,baseline,76,0.5204745531082153
MNIST,medium,43,10,a1,activation_variance,baseline,77,0.939800500869751
MNIST,medium,43,10,a1,activation_variance,baseline,78,1.3384004831314087
MNIST,medium,43,10,a1,activation_variance,baseline,79,0.0
MNIST,medium,43,10,a1,activation_variance,baseline,80,0.8648369312286377
MNIST,medium,43,10,a1,activation_variance,baseline,81,0.6544782519340515
MNIST,medium,43,10,a1,activation_variance,baseline,82,0.24301113188266754
MNIST,medium,43,10,a1,activation_variance,baseline,83,1.2320383787155151
MNIST,medium,43,10,a1,activation_variance,baseline,84,0.0024460169952362776
MNIST,medium,43,10,a1,activation_variance,baseline,85,0.0
MNIST,medium,43,10,a1,activation_variance,baseline,86,3.1177115440368652
MNIST,medium,43,10,a1,activation_variance,baseline,87,1.373854637145996
MNIST,medium,43,10,a1,activation_variance,baseline,88,1.6671820878982544
MNIST,medium,43,10,a1,activation_variance,baseline,89,3.7446701526641846
MNIST,medium,43,10,a1,activation_variance,baseline,90,0.0
MNIST,medium,43,10,a1,activation_variance,baseline,91,0.4609335660934448
MNIST,medium,43,10,a1,activation_variance,baseline,92,2.2251992225646973
MNIST,medium,43,10,a1,activation_variance,baseline,93,0.36896324157714844
MNIST,medium,43,10,a1,activation_variance,baseline,94,1.909741759300232
MNIST,medium,43,10,a1,activation_variance,baseline,95,1.3985248804092407
MNIST,medium,43,10,a1,activation_variance,baseline,96,0.928412914276123
MNIST,medium,43,10,a1,activation_variance,baseline,97,3.717278242111206
MNIST,medium,43,10,a1,activation_variance,baseline,98,3.2447028160095215
MNIST,medium,43,10,a1,activation_variance,baseline,99,1.693158745765686
MNIST,medium,43,10,a1,activation_variance,baseline,100,3.6251847743988037
MNIST,medium,43,10,a1,activation_variance,baseline,101,0.9112820625305176
MNIST,medium,43,10,a1,activation_variance,baseline,102,0.4762405455112457
MNIST,medium,43,10,a1,activation_variance,baseline,103,0.0
MNIST,medium,43,10,a1,activation_variance,baseline,104,0.7867833971977234
MNIST,medium,43,10,a1,activation_variance,baseline,105,1.3531376123428345
MNIST,medium,43,10,a1,activation_variance,baseline,106,4.21947717666626
MNIST,medium,43,10,a1,activation_variance,baseline,107,2.3745601177215576
MNIST,medium,43,10,a1,activation_variance,baseline,108,0.13709966838359833
MNIST,medium,43,10,a1,activation_variance,baseline,109,2.3592677116394043
MNIST,medium,43,10,a1,activation_variance,baseline,110,2.7298314571380615
MNIST,medium,43,10,a1,activation_variance,baseline,111,0.3731432855129242
MNIST,medium,43,10,a1,activation_variance,baseline,112,6.2571001052856445
MNIST,medium,43,10,a1,activation_variance,baseline,113,1.6770962476730347
MNIST,medium,43,10,a1,activation_variance,baseline,114,1.0022261142730713
MNIST,medium,43,10,a1,activation_variance,baseline,115,6.235777854919434
MNIST,medium,43,10,a1,activation_variance,baseline,116,0.9760415554046631
MNIST,medium,43,10,a1,activation_variance,baseline,117,1.0790919065475464
MNIST,medium,43,10,a1,activation_variance,baseline,118,0.9595447778701782
MNIST,medium,43,10,a1,activation_variance,baseline,119,1.6825008392333984
MNIST,medium,43,10,a1,activation_variance,baseline,120,0.5625539422035217
MNIST,medium,43,10,a1,activation_variance,baseline,121,0.36782968044281006
MNIST,medium,43,10,a1,activation_variance,baseline,122,1.4137341976165771
MNIST,medium,43,10,a1,activation_variance,baseline,123,1.549155831336975
MNIST,medium,43,10,a1,activation_variance,baseline,124,0.0
MNIST,medium,43,10,a1,activation_variance,baseline,125,3.1065316200256348
MNIST,medium,43,10,a1,activation_variance,baseline,126,2.9258663654327393
MNIST,medium,43,10,a1,activation_variance,baseline,127,0.22203972935676575
MNIST,medium,43,10,a1,activation_variance,baseline,128,1.6335039138793945
MNIST,medium,43,10,a1,activation_variance,baseline,129,0.027992364019155502
MNIST,medium,43,10,a1,activation_variance,baseline,130,4.199863910675049
MNIST,medium,43,10,a1,activation_variance,baseline,131,1.1624668836593628
MNIST,medium,43,10,a1,activation_variance,baseline,132,2.156831979751587
MNIST,medium,43,10,a1,activation_variance,baseline,133,2.107408046722412
MNIST,medium,43,10,a1,activation_variance,baseline,134,1.2242828607559204
MNIST,medium,43,10,a1,activation_variance,baseline,135,0.634941041469574
MNIST,medium,43,10,a1,activation_variance,baseline,136,2.434572458267212
MNIST,medium,43,10,a1,activation_variance,baseline,137,0.6807165741920471
MNIST,medium,43,10,a1,activation_variance,baseline,138,0.8979911804199219
MNIST,medium,43,10,a1,activation_variance,baseline,139,4.5271830558776855
MNIST,medium,43,10,a1,activation_variance,baseline,140,0.0
MNIST,medium,43,10,a1,activation_variance,baseline,141,0.33453133702278137
MNIST,medium,43,10,a1,activation_variance,baseline,142,3.8051624298095703
MNIST,medium,43,10,a1,activation_variance,baseline,143,1.4492954015731812
MNIST,medium,43,10,a1,activation_variance,baseline,144,0.0
MNIST,medium,43,10,a1,activation_variance,baseline,145,1.0842299461364746
MNIST,medium,43,10,a1,activation_variance,baseline,146,0.8628408908843994
MNIST,medium,43,10,a1,activation_variance,baseline,147,0.23322689533233643
MNIST,medium,43,10,a1,activation_variance,baseline,148,0.3370140492916107
MNIST,medium,43,10,a1,activation_variance,baseline,149,0.08732742071151733
MNIST,medium,43,10,a1,activation_variance,baseline,150,0.0
MNIST,medium,43,10,a1,activation_variance,baseline,151,1.0794241428375244
MNIST,medium,43,10,a1,activation_variance,baseline,152,0.7469215393066406
MNIST,medium,43,10,a1,activation_variance,baseline,153,0.0
MNIST,medium,43,10,a1,activation_variance,baseline,154,0.0
MNIST,medium,43,10,a1,activation_variance,baseline,155,3.0442311763763428
MNIST,medium,43,10,a1,activation_variance,baseline,156,1.2882918119430542
MNIST,medium,43,10,a1,activation_variance,baseline,157,2.1218810081481934
MNIST,medium,43,10,a1,activation_variance,baseline,158,1.9242088794708252
MNIST,medium,43,10,a1,activation_variance,baseline,159,0.07140304893255234
MNIST,medium,43,10,a1,activation_variance,baseline,160,4.406426429748535
MNIST,medium,43,10,a1,activation_variance,baseline,161,0.0015376163646578789
MNIST,medium,43,10,a1,activation_variance,baseline,162,3.414889097213745
MNIST,medium,43,10,a1,activation_variance,baseline,163,0.23164315521717072
MNIST,medium,43,10,a1,activation_variance,baseline,164,3.5625247955322266
MNIST,medium,43,10,a1,activation_variance,baseline,165,4.253849983215332
MNIST,medium,43,10,a1,activation_variance,baseline,166,2.5125536918640137
MNIST,medium,43,10,a1,activation_variance,baseline,167,0.7267712950706482
MNIST,medium,43,10,a1,activation_variance,baseline,168,1.3074320554733276
MNIST,medium,43,10,a1,activation_variance,baseline,169,2.60532283782959
MNIST,medium,43,10,a1,activation_variance,baseline,170,0.00923354085534811
MNIST,medium,43,10,a1,activation_variance,baseline,171,1.3548827171325684
MNIST,medium,43,10,a1,activation_variance,baseline,172,0.7808828353881836
MNIST,medium,43,10,a1,activation_variance,baseline,173,0.3737671673297882
MNIST,medium,43,10,a1,activation_variance,baseline,174,2.2588586807250977
MNIST,medium,43,10,a1,activation_variance,baseline,175,0.5693841576576233
MNIST,medium,43,10,a1,activation_variance,baseline,176,1.3437362909317017
MNIST,medium,43,10,a1,activation_variance,baseline,177,3.4956002235412598
MNIST,medium,43,10,a1,activation_variance,baseline,178,0.7573513984680176
MNIST,medium,43,10,a1,activation_variance,baseline,179,0.5710983276367188
MNIST,medium,43,10,a1,activation_variance,baseline,180,0.08634478598833084
MNIST,medium,43,10,a1,activation_variance,baseline,181,0.6309016346931458
MNIST,medium,43,10,a1,activation_variance,baseline,182,1.1584153175354004
MNIST,medium,43,10,a1,activation_variance,baseline,183,0.6561887860298157
MNIST,medium,43,10,a1,activation_variance,baseline,184,1.3794424533843994
MNIST,medium,43,10,a1,activation_variance,baseline,185,0.17005287110805511
MNIST,medium,43,10,a1,activation_variance,baseline,186,2.232879161834717
MNIST,medium,43,10,a1,activation_variance,baseline,187,0.4391663074493408
MNIST,medium,43,10,a1,activation_variance,baseline,188,2.5801761150360107
MNIST,medium,43,10,a1,activation_variance,baseline,189,1.7196509838104248
MNIST,medium,43,10,a1,activation_variance,baseline,190,0.5920828580856323
MNIST,medium,43,10,a1,activation_variance,baseline,191,0.08829503506422043
MNIST,medium,43,10,a1,activation_variance,baseline,192,1.366754174232483
MNIST,medium,43,10,a1,activation_variance,baseline,193,0.31968992948532104
MNIST,medium,43,10,a1,activation_variance,baseline,194,0.012651889584958553
MNIST,medium,43,10,a1,activation_variance,baseline,195,1.9359078407287598
MNIST,medium,43,10,a1,activation_variance,baseline,196,2.8748176097869873
MNIST,medium,43,10,a1,activation_variance,baseline,197,0.7100257873535156
MNIST,medium,43,10,a1,activation_variance,baseline,198,2.111264228820801
MNIST,medium,43,10,a1,activation_variance,baseline,199,0.4516977369785309
MNIST,medium,43,10,a1,activation_variance,baseline,200,0.36621177196502686
MNIST,medium,43,10,a1,activation_variance,baseline,201,2.25572530325735e-05
MNIST,medium,43,10,a1,activation_variance,baseline,202,0.2564207911491394
MNIST,medium,43,10,a1,activation_variance,baseline,203,1.410832405090332
MNIST,medium,43,10,a1,activation_variance,baseline,204,2.654736042022705
MNIST,medium,43,10,a1,activation_variance,baseline,205,1.7847614288330078
MNIST,medium,43,10,a1,activation_variance,baseline,206,3.5597596168518066
MNIST,medium,43,10,a1,activation_variance,baseline,207,2.017470359802246
MNIST,medium,43,10,a1,activation_variance,baseline,208,4.26949405670166
MNIST,medium,43,10,a1,activation_variance,baseline,209,2.3658437728881836
MNIST,medium,43,10,a1,activation_variance,baseline,210,0.4767102599143982
MNIST,medium,43,10,a1,activation_variance,baseline,211,2.355836868286133
MNIST,medium,43,10,a1,activation_variance,baseline,212,3.901918888092041
MNIST,medium,43,10,a1,activation_variance,baseline,213,0.0
MNIST,medium,43,10,a1,activation_variance,baseline,214,1.8109266757965088
MNIST,medium,43,10,a1,activation_variance,baseline,215,7.441827619913965e-05
MNIST,medium,43,10,a1,activation_variance,baseline,216,2.525027275085449
MNIST,medium,43,10,a1,activation_variance,baseline,217,2.512970447540283
MNIST,medium,43,10,a1,activation_variance,baseline,218,0.0
MNIST,medium,43,10,a1,activation_variance,baseline,219,0.0
MNIST,medium,43,10,a1,activation_variance,baseline,220,0.8994258642196655
MNIST,medium,43,10,a1,activation_variance,baseline,221,1.007302165031433
MNIST,medium,43,10,a1,activation_variance,baseline,222,0.11678646504878998
MNIST,medium,43,10,a1,activation_variance,baseline,223,0.4884105920791626
MNIST,medium,43,10,a1,activation_variance,baseline,224,2.2320778369903564
MNIST,medium,43,10,a1,activation_variance,baseline,225,0.5500625371932983
MNIST,medium,43,10,a1,activation_variance,baseline,226,1.3289060592651367
MNIST,medium,43,10,a1,activation_variance,baseline,227,0.21614757180213928
MNIST,medium,43,10,a1,activation_variance,baseline,228,1.7519724369049072
MNIST,medium,43,10,a1,activation_variance,baseline,229,1.9576088190078735
MNIST,medium,43,10,a1,activation_variance,baseline,230,0.1599346250295639
MNIST,medium,43,10,a1,activation_variance,baseline,231,1.9968369007110596
MNIST,medium,43,10,a1,activation_variance,baseline,232,2.203946828842163
MNIST,medium,43,10,a1,activation_variance,baseline,233,2.1364567279815674
MNIST,medium,43,10,a1,activation_variance,baseline,234,2.2679288387298584
MNIST,medium,43,10,a1,activation_variance,baseline,235,2.332104206085205
MNIST,medium,43,10,a1,activation_variance,baseline,236,1.6730942726135254
MNIST,medium,43,10,a1,activation_variance,baseline,237,5.200425148010254
MNIST,medium,43,10,a1,activation_variance,baseline,238,0.661838173866272
MNIST,medium,43,10,a1,activation_variance,baseline,239,0.14619672298431396
MNIST,medium,43,10,a1,activation_variance,baseline,240,0.0062916032038629055
MNIST,medium,43,10,a1,activation_variance,baseline,241,3.2383625507354736
MNIST,medium,43,10,a1,activation_variance,baseline,242,2.800868272781372
MNIST,medium,43,10,a1,activation_variance,baseline,243,7.216061931103468e-05
MNIST,medium,43,10,a1,activation_variance,baseline,244,2.800151824951172
MNIST,medium,43,10,a1,activation_variance,baseline,245,0.0
MNIST,medium,43,10,a1,activation_variance,baseline,246,2.265568733215332
MNIST,medium,43,10,a1,activation_variance,baseline,247,3.08667254447937
MNIST,medium,43,10,a1,activation_variance,baseline,248,2.0886683464050293
MNIST,medium,43,10,a1,activation_variance,baseline,249,4.800768852233887
MNIST,medium,43,10,a1,activation_variance,baseline,250,0.4395587742328644
MNIST,medium,43,10,a1,activation_variance,baseline,251,3.3898308277130127
MNIST,medium,43,10,a1,activation_variance,baseline,252,1.3745628595352173
MNIST,medium,43,10,a1,activation_variance,baseline,253,3.518643856048584
MNIST,medium,43,10,a1,activation_variance,baseline,254,4.5107011795043945
MNIST,medium,43,10,a1,activation_variance,baseline,255,0.15707257390022278
MNIST,medium,43,10,a1,activation_variance,baseline,256,2.909376621246338
MNIST,medium,43,10,a1,activation_variance,baseline,257,2.6781575679779053
MNIST,medium,43,10,a1,activation_variance,baseline,258,0.0
MNIST,medium,43,10,a1,activation_variance,baseline,259,3.034377336502075
MNIST,medium,43,10,a1,activation_variance,baseline,260,4.95436954498291
MNIST,medium,43,10,a1,activation_variance,baseline,261,1.5752202272415161
MNIST,medium,43,10,a1,activation_variance,baseline,262,2.5388147830963135
MNIST,medium,43,10,a1,activation_variance,baseline,263,1.7620155811309814
MNIST,medium,43,10,a1,activation_variance,baseline,264,2.391681671142578
MNIST,medium,43,10,a1,activation_variance,baseline,265,3.6439452171325684
MNIST,medium,43,10,a1,activation_variance,baseline,266,0.5342541337013245
MNIST,medium,43,10,a1,activation_variance,baseline,267,0.0009621814242564142
MNIST,medium,43,10,a1,activation_variance,baseline,268,0.93351811170578
MNIST,medium,43,10,a1,activation_variance,baseline,269,0.047067537903785706
MNIST,medium,43,10,a1,activation_variance,baseline,270,1.5753004550933838
MNIST,medium,43,10,a1,activation_variance,baseline,271,1.2085638046264648
MNIST,medium,43,10,a1,activation_variance,baseline,272,0.10738491266965866
MNIST,medium,43,10,a1,activation_variance,baseline,273,1.8414082527160645
MNIST,medium,43,10,a1,activation_variance,baseline,274,0.0
MNIST,medium,43,10,a1,activation_variance,baseline,275,0.0
MNIST,medium,43,10,a1,activation_variance,baseline,276,2.6485958099365234
MNIST,medium,43,10,a1,activation_variance,baseline,277,0.0003526269574649632
MNIST,medium,43,10,a1,activation_variance,baseline,278,1.4042489528656006
MNIST,medium,43,10,a1,activation_variance,baseline,279,0.8703310489654541
MNIST,medium,43,10,a1,activation_variance,baseline,280,3.6274147033691406
MNIST,medium,43,10,a1,activation_variance,baseline,281,0.9031286239624023
MNIST,medium,43,10,a1,activation_variance,baseline,282,0.03941226005554199
MNIST,medium,43,10,a1,activation_variance,baseline,283,3.6259493827819824
MNIST,medium,43,10,a1,activation_variance,baseline,284,1.1819430589675903
MNIST,medium,43,10,a1,activation_variance,baseline,285,0.6722030639648438
MNIST,medium,43,10,a1,activation_variance,baseline,286,2.5577754974365234
MNIST,medium,43,10,a1,activation_variance,baseline,287,1.7762683629989624
MNIST,medium,43,10,a1,activation_variance,baseline,288,0.10658042877912521
MNIST,medium,43,10,a1,activation_variance,baseline,289,3.0543437004089355
MNIST,medium,43,10,a1,activation_variance,baseline,290,3.185025215148926
MNIST,medium,43,10,a1,activation_variance,baseline,291,2.5965769290924072
MNIST,medium,43,10,a1,activation_variance,baseline,292,3.8264858722686768
MNIST,medium,43,10,a1,activation_variance,baseline,293,7.443349838256836
MNIST,medium,43,10,a1,activation_variance,baseline,294,2.5859999656677246
MNIST,medium,43,10,a1,activation_variance,baseline,295,0.0
MNIST,medium,43,10,a1,activation_variance,baseline,296,0.9294131994247437
MNIST,medium,43,10,a1,activation_variance,baseline,297,0.0
MNIST,medium,43,10,a1,activation_variance,baseline,298,2.058751106262207
MNIST,medium,43,10,a1,activation_variance,baseline,299,1.9149954319000244
MNIST,medium,43,10,a1,activation_variance,baseline,300,0.8628199696540833
MNIST,medium,43,10,a1,activation_variance,baseline,301,0.7393015027046204
MNIST,medium,43,10,a1,activation_variance,baseline,302,1.1870687007904053
MNIST,medium,43,10,a1,activation_variance,baseline,303,2.2812623977661133
MNIST,medium,43,10,a1,activation_variance,baseline,304,2.1214499473571777
MNIST,medium,43,10,a1,activation_variance,baseline,305,3.667112350463867
MNIST,medium,43,10,a1,activation_variance,baseline,306,3.49033260345459
MNIST,medium,43,10,a1,activation_variance,baseline,307,2.836413621902466
MNIST,medium,43,10,a1,activation_variance,baseline,308,0.5889763832092285
MNIST,medium,43,10,a1,activation_variance,baseline,309,1.3564428091049194
MNIST,medium,43,10,a1,activation_variance,baseline,310,0.9692440629005432
MNIST,medium,43,10,a1,activation_variance,baseline,311,0.3502885699272156
MNIST,medium,43,10,a1,activation_variance,baseline,312,0.4760773181915283
MNIST,medium,43,10,a1,activation_variance,baseline,313,1.2324175834655762
MNIST,medium,43,10,a1,activation_variance,baseline,314,7.000082015991211
MNIST,medium,43,10,a1,activation_variance,baseline,315,0.12003747373819351
MNIST,medium,43,10,a1,activation_variance,baseline,316,0.40988418459892273
MNIST,medium,43,10,a1,activation_variance,baseline,317,1.5459235906600952
MNIST,medium,43,10,a1,activation_variance,baseline,318,0.0
MNIST,medium,43,10,a1,activation_variance,baseline,319,13.126199722290039
MNIST,medium,43,10,a1,activation_variance,baseline,320,0.9313396215438843
MNIST,medium,43,10,a1,activation_variance,baseline,321,3.7296202182769775
MNIST,medium,43,10,a1,activation_variance,baseline,322,2.184321880340576
MNIST,medium,43,10,a1,activation_variance,baseline,323,0.8110038042068481
MNIST,medium,43,10,a1,activation_variance,baseline,324,4.863566875457764
MNIST,medium,43,10,a1,activation_variance,baseline,325,1.2409636974334717
MNIST,medium,43,10,a1,activation_variance,baseline,326,0.726015031337738
MNIST,medium,43,10,a1,activation_variance,baseline,327,2.721583604812622
MNIST,medium,43,10,a1,activation_variance,baseline,328,0.5968561172485352
MNIST,medium,43,10,a1,activation_variance,baseline,329,0.8126086592674255
MNIST,medium,43,10,a1,activation_variance,baseline,330,0.7062391638755798
MNIST,medium,43,10,a1,activation_variance,baseline,331,0.10468820482492447
MNIST,medium,43,10,a1,activation_variance,baseline,332,0.09008848667144775
MNIST,medium,43,10,a1,activation_variance,baseline,333,1.2613773345947266
MNIST,medium,43,10,a1,activation_variance,baseline,334,3.243168354034424
MNIST,medium,43,10,a1,activation_variance,baseline,335,3.7777342796325684
MNIST,medium,43,10,a1,activation_variance,baseline,336,3.27022123336792
MNIST,medium,43,10,a1,activation_variance,baseline,337,3.9340014457702637
MNIST,medium,43,10,a1,activation_variance,baseline,338,0.9223179817199707
MNIST,medium,43,10,a1,activation_variance,baseline,339,4.720000267028809
MNIST,medium,43,10,a1,activation_variance,baseline,340,0.0
MNIST,medium,43,10,a1,activation_variance,baseline,341,0.4023043215274811
MNIST,medium,43,10,a1,activation_variance,baseline,342,1.4157856702804565
MNIST,medium,43,10,a1,activation_variance,baseline,343,3.919741153717041
MNIST,medium,43,10,a1,activation_variance,baseline,344,0.5192802548408508
MNIST,medium,43,10,a1,activation_variance,baseline,345,0.08086038380861282
MNIST,medium,43,10,a1,activation_variance,baseline,346,1.8833273649215698
MNIST,medium,43,10,a1,activation_variance,baseline,347,4.156099319458008
MNIST,medium,43,10,a1,activation_variance,baseline,348,0.029705174267292023
MNIST,medium,43,10,a1,activation_variance,baseline,349,0.04201138764619827
MNIST,medium,43,10,a1,activation_variance,baseline,350,4.64592170715332
MNIST,medium,43,10,a1,activation_variance,baseline,351,0.026914624497294426
MNIST,medium,43,10,a1,activation_variance,baseline,352,0.015682274475693703
MNIST,medium,43,10,a1,activation_variance,baseline,353,0.2629932463169098
MNIST,medium,43,10,a1,activation_variance,baseline,354,2.809147596359253
MNIST,medium,43,10,a1,activation_variance,baseline,355,0.2826235890388489
MNIST,medium,43,10,a1,activation_variance,baseline,356,2.6006665229797363
MNIST,medium,43,10,a1,activation_variance,baseline,357,4.522238731384277
MNIST,medium,43,10,a1,activation_variance,baseline,358,1.137037754058838
MNIST,medium,43,10,a1,activation_variance,baseline,359,0.6043347716331482
MNIST,medium,43,10,a1,activation_variance,baseline,360,2.1761388778686523
MNIST,medium,43,10,a1,activation_variance,baseline,361,0.7603353261947632
MNIST,medium,43,10,a1,activation_variance,baseline,362,8.667825698852539
MNIST,medium,43,10,a1,activation_variance,baseline,363,0.2055017054080963
MNIST,medium,43,10,a1,activation_variance,baseline,364,4.926587104797363
MNIST,medium,43,10,a1,activation_variance,baseline,365,1.3608572483062744
MNIST,medium,43,10,a1,activation_variance,baseline,366,2.1240787506103516
MNIST,medium,43,10,a1,activation_variance,baseline,367,1.4050644636154175
MNIST,medium,43,10,a1,activation_variance,baseline,368,0.10937908291816711
MNIST,medium,43,10,a1,activation_variance,baseline,369,1.2468618154525757
MNIST,medium,43,10,a1,activation_variance,baseline,370,0.0
MNIST,medium,43,10,a1,activation_variance,baseline,371,1.9207262992858887
MNIST,medium,43,10,a1,activation_variance,baseline,372,0.6796138882637024
MNIST,medium,43,10,a1,activation_variance,baseline,373,1.512033224105835
MNIST,medium,43,10,a1,activation_variance,baseline,374,0.5121299624443054
MNIST,medium,43,10,a1,activation_variance,baseline,375,0.8070042729377747
MNIST,medium,43,10,a1,activation_variance,baseline,376,0.47505709528923035
MNIST,medium,43,10,a1,activation_variance,baseline,377,0.9735288023948669
MNIST,medium,43,10,a1,activation_variance,baseline,378,1.1555917263031006
MNIST,medium,43,10,a1,activation_variance,baseline,379,1.3168197870254517
MNIST,medium,43,10,a1,activation_variance,baseline,380,3.124356269836426
MNIST,medium,43,10,a1,activation_variance,baseline,381,0.38934725522994995
MNIST,medium,43,10,a1,activation_variance,baseline,382,3.347149133682251
MNIST,medium,43,10,a1,activation_variance,baseline,383,0.06719619780778885
MNIST,medium,43,10,a1,activation_variance,baseline,384,0.92471843957901
MNIST,medium,43,10,a1,activation_variance,baseline,385,4.355895042419434
MNIST,medium,43,10,a1,activation_variance,baseline,386,1.4851226806640625
MNIST,medium,43,10,a1,activation_variance,baseline,387,1.2639883756637573
MNIST,medium,43,10,a1,activation_variance,baseline,388,4.445324897766113
MNIST,medium,43,10,a1,activation_variance,baseline,389,2.439152717590332
MNIST,medium,43,10,a1,activation_variance,baseline,390,2.3076653480529785
MNIST,medium,43,10,a1,activation_variance,baseline,391,8.072815895080566
MNIST,medium,43,10,a1,activation_variance,baseline,392,0.7556828856468201
MNIST,medium,43,10,a1,activation_variance,baseline,393,1.1317908763885498
MNIST,medium,43,10,a1,activation_variance,baseline,394,1.5787184238433838
MNIST,medium,43,10,a1,activation_variance,baseline,395,0.46805939078330994
MNIST,medium,43,10,a1,activation_variance,baseline,396,0.5220552086830139
MNIST,medium,43,10,a1,activation_variance,baseline,397,2.556582450866699
MNIST,medium,43,10,a1,activation_variance,baseline,398,3.6059982776641846
MNIST,medium,43,10,a1,activation_variance,baseline,399,0.0028007577639073133
MNIST,medium,43,10,a1,activation_variance,baseline,400,0.5167649984359741
MNIST,medium,43,10,a1,activation_variance,baseline,401,2.772085666656494
MNIST,medium,43,10,a1,activation_variance,baseline,402,3.0974535942077637
MNIST,medium,43,10,a1,activation_variance,baseline,403,1.0784516334533691
MNIST,medium,43,10,a1,activation_variance,baseline,404,3.4537715911865234
MNIST,medium,43,10,a1,activation_variance,baseline,405,2.774561882019043
MNIST,medium,43,10,a1,activation_variance,baseline,406,0.2985799014568329
MNIST,medium,43,10,a1,activation_variance,baseline,407,0.008824216201901436
MNIST,medium,43,10,a1,activation_variance,baseline,408,1.4434176683425903
MNIST,medium,43,10,a1,activation_variance,baseline,409,2.180572032928467
MNIST,medium,43,10,a1,activation_variance,baseline,410,0.0
MNIST,medium,43,10,a1,activation_variance,baseline,411,0.7451931834220886
MNIST,medium,43,10,a1,activation_variance,baseline,412,1.6505495309829712
MNIST,medium,43,10,a1,activation_variance,baseline,413,3.560065746307373
MNIST,medium,43,10,a1,activation_variance,baseline,414,1.4045345783233643
MNIST,medium,43,10,a1,activation_variance,baseline,415,0.07987120747566223
MNIST,medium,43,10,a1,activation_variance,baseline,416,0.6498756408691406
MNIST,medium,43,10,a1,activation_variance,baseline,417,1.1900883913040161
MNIST,medium,43,10,a1,activation_variance,baseline,418,1.824411153793335
MNIST,medium,43,10,a1,activation_variance,baseline,419,1.2904906272888184
MNIST,medium,43,10,a1,activation_variance,baseline,420,1.6319594383239746
MNIST,medium,43,10,a1,activation_variance,baseline,421,4.828366756439209
MNIST,medium,43,10,a1,activation_variance,baseline,422,5.684276103973389
MNIST,medium,43,10,a1,activation_variance,baseline,423,1.4198527336120605
MNIST,medium,43,10,a1,activation_variance,baseline,424,0.00044636265374720097
MNIST,medium,43,10,a1,activation_variance,baseline,425,1.8317221403121948
MNIST,medium,43,10,a1,activation_variance,baseline,426,0.607108473777771
MNIST,medium,43,10,a1,activation_variance,baseline,427,0.953197717666626
MNIST,medium,43,10,a1,activation_variance,baseline,428,2.9363110065460205
MNIST,medium,43,10,a1,activation_variance,baseline,429,4.85406494140625
MNIST,medium,43,10,a1,activation_variance,baseline,430,0.0
MNIST,medium,43,10,a1,activation_variance,baseline,431,2.289567470550537
MNIST,medium,43,10,a1,activation_variance,baseline,432,2.713782787322998
MNIST,medium,43,10,a1,activation_variance,baseline,433,1.1370588541030884
MNIST,medium,43,10,a1,activation_variance,baseline,434,0.40061676502227783
MNIST,medium,43,10,a1,activation_variance,baseline,435,1.6083825826644897
MNIST,medium,43,10,a1,activation_variance,baseline,436,0.026035821065306664
MNIST,medium,43,10,a1,activation_variance,baseline,437,2.5678796768188477
MNIST,medium,43,10,a1,activation_variance,baseline,438,1.808683156967163
MNIST,medium,43,10,a1,activation_variance,baseline,439,3.738852024078369
MNIST,medium,43,10,a1,activation_variance,baseline,440,1.7843523025512695
MNIST,medium,43,10,a1,activation_variance,baseline,441,3.378574848175049
MNIST,medium,43,10,a1,activation_variance,baseline,442,0.30035531520843506
MNIST,medium,43,10,a1,activation_variance,baseline,443,0.4023974537849426
MNIST,medium,43,10,a1,activation_variance,baseline,444,0.9749500751495361
MNIST,medium,43,10,a1,activation_variance,baseline,445,4.097864151000977
MNIST,medium,43,10,a1,activation_variance,baseline,446,1.3639929294586182
MNIST,medium,43,10,a1,activation_variance,baseline,447,1.018375039100647
MNIST,medium,43,10,a1,activation_variance,baseline,448,2.0198895931243896
MNIST,medium,43,10,a1,activation_variance,baseline,449,0.6219823360443115
MNIST,medium,43,10,a1,activation_variance,baseline,450,4.520870685577393
MNIST,medium,43,10,a1,activation_variance,baseline,451,0.2650982141494751
MNIST,medium,43,10,a1,activation_variance,baseline,452,1.0024257898330688
MNIST,medium,43,10,a1,activation_variance,baseline,453,0.0005577717674896121
MNIST,medium,43,10,a1,activation_variance,baseline,454,2.0299901962280273
MNIST,medium,43,10,a1,activation_variance,baseline,455,0.25680121779441833
MNIST,medium,43,10,a1,activation_variance,baseline,456,3.1441333293914795
MNIST,medium,43,10,a1,activation_variance,baseline,457,0.4491117596626282
MNIST,medium,43,10,a1,activation_variance,baseline,458,1.206754446029663
MNIST,medium,43,10,a1,activation_variance,baseline,459,7.305193901062012
MNIST,medium,43,10,a1,activation_variance,baseline,460,0.004236425273120403
MNIST,medium,43,10,a1,activation_variance,baseline,461,0.8042124509811401
MNIST,medium,43,10,a1,activation_variance,baseline,462,4.226579189300537
MNIST,medium,43,10,a1,activation_variance,baseline,463,1.838038682937622
MNIST,medium,43,10,a1,activation_variance,baseline,464,2.911003589630127
MNIST,medium,43,10,a1,activation_variance,baseline,465,6.064108848571777
MNIST,medium,43,10,a1,activation_variance,baseline,466,2.249220848083496
MNIST,medium,43,10,a1,activation_variance,baseline,467,3.1119296550750732
MNIST,medium,43,10,a1,activation_variance,baseline,468,0.0
MNIST,medium,43,10,a1,activation_variance,baseline,469,1.6220362186431885
MNIST,medium,43,10,a1,activation_variance,baseline,470,1.0442001819610596
MNIST,medium,43,10,a1,activation_variance,baseline,471,0.5090740919113159
MNIST,medium,43,10,a1,activation_variance,baseline,472,0.7565402984619141
MNIST,medium,43,10,a1,activation_variance,baseline,473,0.940740704536438
MNIST,medium,43,10,a1,activation_variance,baseline,474,1.4346462488174438
MNIST,medium,43,10,a1,activation_variance,baseline,475,2.047267198562622
MNIST,medium,43,10,a1,activation_variance,baseline,476,1.847455620765686
MNIST,medium,43,10,a1,activation_variance,baseline,477,0.9350360631942749
MNIST,medium,43,10,a1,activation_variance,baseline,478,0.7096384763717651
MNIST,medium,43,10,a1,activation_variance,baseline,479,0.5641671419143677
MNIST,medium,43,10,a1,activation_variance,baseline,480,0.0
MNIST,medium,43,10,a1,activation_variance,baseline,481,2.9064929485321045
MNIST,medium,43,10,a1,activation_variance,baseline,482,1.2624232769012451
MNIST,medium,43,10,a1,activation_variance,baseline,483,0.3960663080215454
MNIST,medium,43,10,a1,activation_variance,baseline,484,4.225580215454102
MNIST,medium,43,10,a1,activation_variance,baseline,485,0.29920968413352966
MNIST,medium,43,10,a1,activation_variance,baseline,486,0.8716882467269897
MNIST,medium,43,10,a1,activation_variance,baseline,487,0.08835598826408386
MNIST,medium,43,10,a1,activation_variance,baseline,488,1.3599601984024048
MNIST,medium,43,10,a1,activation_variance,baseline,489,0.5997540950775146
MNIST,medium,43,10,a1,activation_variance,baseline,490,1.064491868019104
MNIST,medium,43,10,a1,activation_variance,baseline,491,0.3661288022994995
MNIST,medium,43,10,a1,activation_variance,baseline,492,0.5475232005119324
MNIST,medium,43,10,a1,activation_variance,baseline,493,0.0
MNIST,medium,43,10,a1,activation_variance,baseline,494,1.2392085790634155
MNIST,medium,43,10,a1,activation_variance,baseline,495,1.4439665079116821
MNIST,medium,43,10,a1,activation_variance,baseline,496,0.7536023259162903
MNIST,medium,43,10,a1,activation_variance,baseline,497,1.330975890159607
MNIST,medium,43,10,a1,activation_variance,baseline,498,2.280809164047241
MNIST,medium,43,10,a1,activation_variance,baseline,499,4.044726848602295
MNIST,medium,43,10,a1,activation_variance,baseline,500,0.5142537951469421
MNIST,medium,43,10,a1,activation_variance,baseline,501,0.7493853569030762
MNIST,medium,43,10,a1,activation_variance,baseline,502,1.0141055583953857
MNIST,medium,43,10,a1,activation_variance,baseline,503,0.44474712014198303
MNIST,medium,43,10,a1,activation_variance,baseline,504,3.3662140369415283
MNIST,medium,43,10,a1,activation_variance,baseline,505,0.765192449092865
MNIST,medium,43,10,a1,activation_variance,baseline,506,3.3255910873413086
MNIST,medium,43,10,a1,activation_variance,baseline,507,0.46273645758628845
MNIST,medium,43,10,a1,activation_variance,baseline,508,1.462894320487976
MNIST,medium,43,10,a1,activation_variance,baseline,509,0.47972339391708374
MNIST,medium,43,10,a1,activation_variance,baseline,510,2.783116340637207
MNIST,medium,43,10,a1,activation_variance,baseline,511,0.06526903063058853
MNIST,medium,43,10,a2,activation_variance,baseline,0,6.089441299438477
MNIST,medium,43,10,a2,activation_variance,baseline,1,3.480149745941162
MNIST,medium,43,10,a2,activation_variance,baseline,2,0.3507378101348877
MNIST,medium,43,10,a2,activation_variance,baseline,3,4.435702800750732
MNIST,medium,43,10,a2,activation_variance,baseline,4,4.775698661804199
MNIST,medium,43,10,a2,activation_variance,baseline,5,10.27688980102539
MNIST,medium,43,10,a2,activation_variance,baseline,6,6.553642749786377
MNIST,medium,43,10,a2,activation_variance,baseline,7,5.112639427185059
MNIST,medium,43,10,a2,activation_variance,baseline,8,0.0
MNIST,medium,43,10,a2,activation_variance,baseline,9,8.443896293640137
MNIST,medium,43,10,a2,activation_variance,baseline,10,7.296688556671143
MNIST,medium,43,10,a2,activation_variance,baseline,11,2.7937140464782715
MNIST,medium,43,10,a2,activation_variance,baseline,12,3.8686652183532715
MNIST,medium,43,10,a2,activation_variance,baseline,13,2.1491100788116455
MNIST,medium,43,10,a2,activation_variance,baseline,14,12.807391166687012
MNIST,medium,43,10,a2,activation_variance,baseline,15,6.176474094390869
MNIST,medium,43,10,a2,activation_variance,baseline,16,3.6355977058410645
MNIST,medium,43,10,a2,activation_variance,baseline,17,2.433159589767456
MNIST,medium,43,10,a2,activation_variance,baseline,18,1.476896047592163
MNIST,medium,43,10,a2,activation_variance,baseline,19,4.858976364135742
MNIST,medium,43,10,a2,activation_variance,baseline,20,2.8534393310546875
MNIST,medium,43,10,a2,activation_variance,baseline,21,4.9947285652160645
MNIST,medium,43,10,a2,activation_variance,baseline,22,4.276697158813477
MNIST,medium,43,10,a2,activation_variance,baseline,23,8.002096176147461
MNIST,medium,43,10,a2,activation_variance,baseline,24,3.9047646522521973
MNIST,medium,43,10,a2,activation_variance,baseline,25,2.4275403022766113
MNIST,medium,43,10,a2,activation_variance,baseline,26,1.8574795722961426
MNIST,medium,43,10,a2,activation_variance,baseline,27,3.488853931427002
MNIST,medium,43,10,a2,activation_variance,baseline,28,3.425809860229492
MNIST,medium,43,10,a2,activation_variance,baseline,29,8.992684364318848
MNIST,medium,43,10,a2,activation_variance,baseline,30,7.923569679260254
MNIST,medium,43,10,a2,activation_variance,baseline,31,4.602972507476807
MNIST,medium,43,10,a2,activation_variance,baseline,32,1.9554601907730103
MNIST,medium,43,10,a2,activation_variance,baseline,33,4.030641078948975
MNIST,medium,43,10,a2,activation_variance,baseline,34,1.310080885887146
MNIST,medium,43,10,a2,activation_variance,baseline,35,3.2883858680725098
MNIST,medium,43,10,a2,activation_variance,baseline,36,3.169649600982666
MNIST,medium,43,10,a2,activation_variance,baseline,37,5.362658500671387
MNIST,medium,43,10,a2,activation_variance,baseline,38,3.7171401977539062
MNIST,medium,43,10,a2,activation_variance,baseline,39,12.159884452819824
MNIST,medium,43,10,a2,activation_variance,baseline,40,0.0
MNIST,medium,43,10,a2,activation_variance,baseline,41,6.863086700439453
MNIST,medium,43,10,a2,activation_variance,baseline,42,10.912408828735352
MNIST,medium,43,10,a2,activation_variance,baseline,43,3.2239596843719482
MNIST,medium,43,10,a2,activation_variance,baseline,44,2.5627946853637695
MNIST,medium,43,10,a2,activation_variance,baseline,45,4.015174865722656
MNIST,medium,43,10,a2,activation_variance,baseline,46,5.055926322937012
MNIST,medium,43,10,a2,activation_variance,baseline,47,6.139880180358887
MNIST,medium,43,10,a2,activation_variance,baseline,48,1.4940216541290283
MNIST,medium,43,10,a2,activation_variance,baseline,49,0.9310617446899414
MNIST,medium,43,10,a2,activation_variance,baseline,50,6.677037715911865
MNIST,medium,43,10,a2,activation_variance,baseline,51,0.5136159658432007
MNIST,medium,43,10,a2,activation_variance,baseline,52,3.6764938831329346
MNIST,medium,43,10,a2,activation_variance,baseline,53,5.017719268798828
MNIST,medium,43,10,a2,activation_variance,baseline,54,6.300961971282959
MNIST,medium,43,10,a2,activation_variance,baseline,55,2.8873798847198486
MNIST,medium,43,10,a2,activation_variance,baseline,56,3.6251792907714844
MNIST,medium,43,10,a2,activation_variance,baseline,57,7.216692924499512
MNIST,medium,43,10,a2,activation_variance,baseline,58,3.831467390060425
MNIST,medium,43,10,a2,activation_variance,baseline,59,4.817384243011475
MNIST,medium,43,10,a2,activation_variance,baseline,60,5.1777143478393555
MNIST,medium,43,10,a2,activation_variance,baseline,61,2.736686944961548
MNIST,medium,43,10,a2,activation_variance,baseline,62,1.7694053649902344
MNIST,medium,43,10,a2,activation_variance,baseline,63,6.632808685302734
MNIST,medium,43,10,a2,activation_variance,baseline,64,0.0003145766968373209
MNIST,medium,43,10,a2,activation_variance,baseline,65,1.8729112148284912
MNIST,medium,43,10,a2,activation_variance,baseline,66,3.6570281982421875
MNIST,medium,43,10,a2,activation_variance,baseline,67,2.145585060119629
MNIST,medium,43,10,a2,activation_variance,baseline,68,5.152894020080566
MNIST,medium,43,10,a2,activation_variance,baseline,69,2.3944990634918213
MNIST,medium,43,10,a2,activation_variance,baseline,70,2.2542479038238525
MNIST,medium,43,10,a2,activation_variance,baseline,71,5.839939117431641
MNIST,medium,43,10,a2,activation_variance,baseline,72,2.064082145690918
MNIST,medium,43,10,a2,activation_variance,baseline,73,7.006852149963379
MNIST,medium,43,10,a2,activation_variance,baseline,74,5.545337677001953
MNIST,medium,43,10,a2,activation_variance,baseline,75,13.837287902832031
MNIST,medium,43,10,a2,activation_variance,baseline,76,1.688037395477295
MNIST,medium,43,10,a2,activation_variance,baseline,77,8.603031158447266
MNIST,medium,43,10,a2,activation_variance,baseline,78,4.457948207855225
MNIST,medium,43,10,a2,activation_variance,baseline,79,3.9698870182037354
MNIST,medium,43,10,a2,activation_variance,baseline,80,1.736345648765564
MNIST,medium,43,10,a2,activation_variance,baseline,81,3.4290995597839355
MNIST,medium,43,10,a2,activation_variance,baseline,82,5.203186988830566
MNIST,medium,43,10,a2,activation_variance,baseline,83,3.8019304275512695
MNIST,medium,43,10,a2,activation_variance,baseline,84,7.387746810913086
MNIST,medium,43,10,a2,activation_variance,baseline,85,6.158438682556152
MNIST,medium,43,10,a2,activation_variance,baseline,86,4.835542678833008
MNIST,medium,43,10,a2,activation_variance,baseline,87,1.8252239227294922
MNIST,medium,43,10,a2,activation_variance,baseline,88,1.7341923713684082
MNIST,medium,43,10,a2,activation_variance,baseline,89,3.810239315032959
MNIST,medium,43,10,a2,activation_variance,baseline,90,2.227644920349121
MNIST,medium,43,10,a2,activation_variance,baseline,91,3.334804058074951
MNIST,medium,43,10,a2,activation_variance,baseline,92,4.2876434326171875
MNIST,medium,43,10,a2,activation_variance,baseline,93,6.084592819213867
MNIST,medium,43,10,a2,activation_variance,baseline,94,5.271823883056641
MNIST,medium,43,10,a2,activation_variance,baseline,95,3.822742462158203
MNIST,medium,43,10,a2,activation_variance,baseline,96,10.38726806640625
MNIST,medium,43,10,a2,activation_variance,baseline,97,0.0
MNIST,medium,43,10,a2,activation_variance,baseline,98,6.099308490753174
MNIST,medium,43,10,a2,activation_variance,baseline,99,1.6985975503921509
MNIST,medium,43,10,a2,activation_variance,baseline,100,0.8720008730888367
MNIST,medium,43,10,a2,activation_variance,baseline,101,5.8936686515808105
MNIST,medium,43,10,a2,activation_variance,baseline,102,5.799824237823486
MNIST,medium,43,10,a2,activation_variance,baseline,103,4.3778462409973145
MNIST,medium,43,10,a2,activation_variance,baseline,104,9.4562406539917
MNIST,medium,43,10,a2,activation_variance,baseline,105,4.345399856567383
MNIST,medium,43,10,a2,activation_variance,baseline,106,4.122108459472656
MNIST,medium,43,10,a2,activation_variance,baseline,107,7.114696502685547
MNIST,medium,43,10,a2,activation_variance,baseline,108,0.4447573125362396
MNIST,medium,43,10,a2,activation_variance,baseline,109,7.140441417694092
MNIST,medium,43,10,a2,activation_variance,baseline,110,0.002954657655209303
MNIST,medium,43,10,a2,activation_variance,baseline,111,2.4608240127563477
MNIST,medium,43,10,a2,activation_variance,baseline,112,4.893065929412842
MNIST,medium,43,10,a2,activation_variance,baseline,113,5.780623435974121
MNIST,medium,43,10,a2,activation_variance,baseline,114,0.6401808857917786
MNIST,medium,43,10,a2,activation_variance,baseline,115,3.2612740993499756
MNIST,medium,43,10,a2,activation_variance,baseline,116,9.165754318237305
MNIST,medium,43,10,a2,activation_variance,baseline,117,1.6773297786712646
MNIST,medium,43,10,a2,activation_variance,baseline,118,8.71176815032959
MNIST,medium,43,10,a2,activation_variance,baseline,119,3.413206100463867
MNIST,medium,43,10,a2,activation_variance,baseline,120,4.473125457763672
MNIST,medium,43,10,a2,activation_variance,baseline,121,0.0
MNIST,medium,43,10,a2,activation_variance,baseline,122,5.347246170043945
MNIST,medium,43,10,a2,activation_variance,baseline,123,5.805022239685059
MNIST,medium,43,10,a2,activation_variance,baseline,124,3.895507335662842
MNIST,medium,43,10,a2,activation_variance,baseline,125,4.785040855407715
MNIST,medium,43,10,a2,activation_variance,baseline,126,3.102975845336914
MNIST,medium,43,10,a2,activation_variance,baseline,127,15.947669982910156
MNIST,medium,43,10,a2,activation_variance,baseline,128,1.5116591453552246
MNIST,medium,43,10,a2,activation_variance,baseline,129,7.63248348236084
MNIST,medium,43,10,a2,activation_variance,baseline,130,1.6086647510528564
MNIST,medium,43,10,a2,activation_variance,baseline,131,1.043514370918274
MNIST,medium,43,10,a2,activation_variance,baseline,132,5.609777927398682
MNIST,medium,43,10,a2,activation_variance,baseline,133,2.408428907394409
MNIST,medium,43,10,a2,activation_variance,baseline,134,5.687812805175781
MNIST,medium,43,10,a2,activation_variance,baseline,135,1.3410691022872925
MNIST,medium,43,10,a2,activation_variance,baseline,136,1.1360896825790405
MNIST,medium,43,10,a2,activation_variance,baseline,137,3.1285059452056885
MNIST,medium,43,10,a2,activation_variance,baseline,138,3.760928153991699
MNIST,medium,43,10,a2,activation_variance,baseline,139,0.11267653107643127
MNIST,medium,43,10,a2,activation_variance,baseline,140,2.2626023292541504
MNIST,medium,43,10,a2,activation_variance,baseline,141,6.237154483795166
MNIST,medium,43,10,a2,activation_variance,baseline,142,4.707566261291504
MNIST,medium,43,10,a2,activation_variance,baseline,143,4.861825466156006
MNIST,medium,43,10,a2,activation_variance,baseline,144,2.80203914642334
MNIST,medium,43,10,a2,activation_variance,baseline,145,5.816202163696289
MNIST,medium,43,10,a2,activation_variance,baseline,146,7.350812911987305
MNIST,medium,43,10,a2,activation_variance,baseline,147,3.990142345428467
MNIST,medium,43,10,a2,activation_variance,baseline,148,2.2284996509552
MNIST,medium,43,10,a2,activation_variance,baseline,149,2.6518023014068604
MNIST,medium,43,10,a2,activation_variance,baseline,150,9.026151657104492
MNIST,medium,43,10,a2,activation_variance,baseline,151,5.028812885284424
MNIST,medium,43,10,a2,activation_variance,baseline,152,6.951903343200684
MNIST,medium,43,10,a2,activation_variance,baseline,153,4.153388977050781
MNIST,medium,43,10,a2,activation_variance,baseline,154,8.247093200683594
MNIST,medium,43,10,a2,activation_variance,baseline,155,1.0411391258239746
MNIST,medium,43,10,a2,activation_variance,baseline,156,0.9382932186126709
MNIST,medium,43,10,a2,activation_variance,baseline,157,6.474091529846191
MNIST,medium,43,10,a2,activation_variance,baseline,158,0.3116517663002014
MNIST,medium,43,10,a2,activation_variance,baseline,159,3.9008963108062744
MNIST,medium,43,10,a2,activation_variance,baseline,160,4.10479736328125
MNIST,medium,43,10,a2,activation_variance,baseline,161,6.040848255157471
MNIST,medium,43,10,a2,activation_variance,baseline,162,3.757906436920166
MNIST,medium,43,10,a2,activation_variance,baseline,163,3.356642246246338
MNIST,medium,43,10,a2,activation_variance,baseline,164,1.8713191747665405
MNIST,medium,43,10,a2,activation_variance,baseline,165,3.6600470542907715
MNIST,medium,43,10,a2,activation_variance,baseline,166,4.046369552612305
MNIST,medium,43,10,a2,activation_variance,baseline,167,2.344625473022461
MNIST,medium,43,10,a2,activation_variance,baseline,168,2.5940988063812256
MNIST,medium,43,10,a2,activation_variance,baseline,169,7.835811614990234
MNIST,medium,43,10,a2,activation_variance,baseline,170,4.56221866607666
MNIST,medium,43,10,a2,activation_variance,baseline,171,7.722846984863281
MNIST,medium,43,10,a2,activation_variance,baseline,172,4.39047908782959
MNIST,medium,43,10,a2,activation_variance,baseline,173,0.0
MNIST,medium,43,10,a2,activation_variance,baseline,174,3.3994011878967285
MNIST,medium,43,10,a2,activation_variance,baseline,175,7.923944473266602
MNIST,medium,43,10,a2,activation_variance,baseline,176,3.5203375816345215
MNIST,medium,43,10,a2,activation_variance,baseline,177,9.54473876953125
MNIST,medium,43,10,a2,activation_variance,baseline,178,1.9548324346542358
MNIST,medium,43,10,a2,activation_variance,baseline,179,11.281332015991211
MNIST,medium,43,10,a2,activation_variance,baseline,180,4.348794460296631
MNIST,medium,43,10,a2,activation_variance,baseline,181,3.9372172355651855
MNIST,medium,43,10,a2,activation_variance,baseline,182,3.393799066543579
MNIST,medium,43,10,a2,activation_variance,baseline,183,0.9876835346221924
MNIST,medium,43,10,a2,activation_variance,baseline,184,3.9306583404541016
MNIST,medium,43,10,a2,activation_variance,baseline,185,0.0
MNIST,medium,43,10,a2,activation_variance,baseline,186,1.4537677764892578
MNIST,medium,43,10,a2,activation_variance,baseline,187,5.202333927154541
MNIST,medium,43,10,a2,activation_variance,baseline,188,2.7881574630737305
MNIST,medium,43,10,a2,activation_variance,baseline,189,0.7703786492347717
MNIST,medium,43,10,a2,activation_variance,baseline,190,6.010369300842285
MNIST,medium,43,10,a2,activation_variance,baseline,191,7.030743598937988
MNIST,medium,43,10,a2,activation_variance,baseline,192,0.0
MNIST,medium,43,10,a2,activation_variance,baseline,193,7.056694984436035
MNIST,medium,43,10,a2,activation_variance,baseline,194,8.000845909118652
MNIST,medium,43,10,a2,activation_variance,baseline,195,2.7032310962677
MNIST,medium,43,10,a2,activation_variance,baseline,196,4.29892110824585
MNIST,medium,43,10,a2,activation_variance,baseline,197,1.7499220371246338
MNIST,medium,43,10,a2,activation_variance,baseline,198,0.004117884207516909
MNIST,medium,43,10,a2,activation_variance,baseline,199,0.09687268733978271
MNIST,medium,43,10,a2,activation_variance,baseline,200,2.020686626434326
MNIST,medium,43,10,a2,activation_variance,baseline,201,0.009152478538453579
MNIST,medium,43,10,a2,activation_variance,baseline,202,2.5123958587646484
MNIST,medium,43,10,a2,activation_variance,baseline,203,0.4095693528652191
MNIST,medium,43,10,a2,activation_variance,baseline,204,1.5666736364364624
MNIST,medium,43,10,a2,activation_variance,baseline,205,4.448507308959961
MNIST,medium,43,10,a2,activation_variance,baseline,206,2.7800939083099365
MNIST,medium,43,10,a2,activation_variance,baseline,207,0.01892310194671154
MNIST,medium,43,10,a2,activation_variance,baseline,208,1.8584997653961182
MNIST,medium,43,10,a2,activation_variance,baseline,209,5.843235969543457
MNIST,medium,43,10,a2,activation_variance,baseline,210,4.1798553466796875
MNIST,medium,43,10,a2,activation_variance,baseline,211,1.1117125749588013
MNIST,medium,43,10,a2,activation_variance,baseline,212,2.9648303985595703
MNIST,medium,43,10,a2,activation_variance,baseline,213,11.12928581237793
MNIST,medium,43,10,a2,activation_variance,baseline,214,5.575986862182617
MNIST,medium,43,10,a2,activation_variance,baseline,215,2.8844990730285645
MNIST,medium,43,10,a2,activation_variance,baseline,216,3.489701509475708
MNIST,medium,43,10,a2,activation_variance,baseline,217,6.673263072967529
MNIST,medium,43,10,a2,activation_variance,baseline,218,2.458465576171875
MNIST,medium,43,10,a2,activation_variance,baseline,219,3.624192953109741
MNIST,medium,43,10,a2,activation_variance,baseline,220,13.154576301574707
MNIST,medium,43,10,a2,activation_variance,baseline,221,0.4073960781097412
MNIST,medium,43,10,a2,activation_variance,baseline,222,3.3880257606506348
MNIST,medium,43,10,a2,activation_variance,baseline,223,2.317518711090088
MNIST,medium,43,10,a2,activation_variance,baseline,224,4.713032245635986
MNIST,medium,43,10,a2,activation_variance,baseline,225,4.680904388427734
MNIST,medium,43,10,a2,activation_variance,baseline,226,2.1217410564422607
MNIST,medium,43,10,a2,activation_variance,baseline,227,8.511824607849121
MNIST,medium,43,10,a2,activation_variance,baseline,228,5.267719268798828
MNIST,medium,43,10,a2,activation_variance,baseline,229,5.6152496337890625
MNIST,medium,43,10,a2,activation_variance,baseline,230,8.309685707092285
MNIST,medium,43,10,a2,activation_variance,baseline,231,1.888619065284729
MNIST,medium,43,10,a2,activation_variance,baseline,232,5.957901477813721
MNIST,medium,43,10,a2,activation_variance,baseline,233,2.1092185974121094
MNIST,medium,43,10,a2,activation_variance,baseline,234,6.621821880340576
MNIST,medium,43,10,a2,activation_variance,baseline,235,6.641666889190674
MNIST,medium,43,10,a2,activation_variance,baseline,236,2.0197181701660156
MNIST,medium,43,10,a2,activation_variance,baseline,237,6.555368900299072
MNIST,medium,43,10,a2,activation_variance,baseline,238,8.036970138549805
MNIST,medium,43,10,a2,activation_variance,baseline,239,1.7634005546569824
MNIST,medium,43,10,a2,activation_variance,baseline,240,7.5427093505859375
MNIST,medium,43,10,a2,activation_variance,baseline,241,9.255908966064453
MNIST,medium,43,10,a2,activation_variance,baseline,242,7.6569013595581055
MNIST,medium,43,10,a2,activation_variance,baseline,243,5.994378089904785
MNIST,medium,43,10,a2,activation_variance,baseline,244,3.5067696571350098
MNIST,medium,43,10,a2,activation_variance,baseline,245,5.065192222595215
MNIST,medium,43,10,a2,activation_variance,baseline,246,2.141282558441162
MNIST,medium,43,10,a2,activation_variance,baseline,247,5.2000603675842285
MNIST,medium,43,10,a2,activation_variance,baseline,248,3.711250066757202
MNIST,medium,43,10,a2,activation_variance,baseline,249,11.903392791748047
MNIST,medium,43,10,a2,activation_variance,baseline,250,5.732329368591309
MNIST,medium,43,10,a2,activation_variance,baseline,251,3.988281726837158
MNIST,medium,43,10,a2,activation_variance,baseline,252,1.6755106449127197
MNIST,medium,43,10,a2,activation_variance,baseline,253,3.8015336990356445
MNIST,medium,43,10,a2,activation_variance,baseline,254,2.0137109756469727
MNIST,medium,43,10,a2,activation_variance,baseline,255,2.5220835208892822
MNIST,medium,43,10,a3,activation_variance,baseline,0,24.965293884277344
MNIST,medium,43,10,a3,activation_variance,baseline,1,8.004509925842285
MNIST,medium,43,10,a3,activation_variance,baseline,2,6.66416072845459
MNIST,medium,43,10,a3,activation_variance,baseline,3,7.33729887008667
MNIST,medium,43,10,a3,activation_variance,baseline,4,3.8673019409179688
MNIST,medium,43,10,a3,activation_variance,baseline,5,26.540142059326172
MNIST,medium,43,10,a3,activation_variance,baseline,6,7.0843987464904785
MNIST,medium,43,10,a3,activation_variance,baseline,7,11.586852073669434
MNIST,medium,43,10,a3,activation_variance,baseline,8,9.172005653381348
MNIST,medium,43,10,a3,activation_variance,baseline,9,8.258899688720703
MNIST,medium,43,10,a3,activation_variance,baseline,10,16.695466995239258
MNIST,medium,43,10,a3,activation_variance,baseline,11,13.079732894897461
MNIST,medium,43,10,a3,activation_variance,baseline,12,16.736202239990234
MNIST,medium,43,10,a3,activation_variance,baseline,13,15.586381912231445
MNIST,medium,43,10,a3,activation_variance,baseline,14,30.526573181152344
MNIST,medium,43,10,a3,activation_variance,baseline,15,7.870658874511719
MNIST,medium,43,10,a3,activation_variance,baseline,16,7.196763038635254
MNIST,medium,43,10,a3,activation_variance,baseline,17,6.769411087036133
MNIST,medium,43,10,a3,activation_variance,baseline,18,16.188106536865234
MNIST,medium,43,10,a3,activation_variance,baseline,19,6.245966911315918
MNIST,medium,43,10,a3,activation_variance,baseline,20,11.380334854125977
MNIST,medium,43,10,a3,activation_variance,baseline,21,21.930212020874023
MNIST,medium,43,10,a3,activation_variance,baseline,22,17.388572692871094
MNIST,medium,43,10,a3,activation_variance,baseline,23,24.254901885986328
MNIST,medium,43,10,a3,activation_variance,baseline,24,13.460739135742188
MNIST,medium,43,10,a3,activation_variance,baseline,25,13.814654350280762
MNIST,medium,43,10,a3,activation_variance,baseline,26,8.072826385498047
MNIST,medium,43,10,a3,activation_variance,baseline,27,16.83354949951172
MNIST,medium,43,10,a3,activation_variance,baseline,28,6.611200332641602
MNIST,medium,43,10,a3,activation_variance,baseline,29,8.796104431152344
MNIST,medium,43,10,a3,activation_variance,baseline,30,15.765861511230469
MNIST,medium,43,10,a3,activation_variance,baseline,31,6.072564125061035
MNIST,medium,43,10,a3,activation_variance,baseline,32,12.593567848205566
MNIST,medium,43,10,a3,activation_variance,baseline,33,13.294097900390625
MNIST,medium,43,10,a3,activation_variance,baseline,34,43.0806884765625
MNIST,medium,43,10,a3,activation_variance,baseline,35,11.047914505004883
MNIST,medium,43,10,a3,activation_variance,baseline,36,12.55888557434082
MNIST,medium,43,10,a3,activation_variance,baseline,37,5.91245698928833
MNIST,medium,43,10,a3,activation_variance,baseline,38,11.044108390808105
MNIST,medium,43,10,a3,activation_variance,baseline,39,5.115045547485352
MNIST,medium,43,10,a3,activation_variance,baseline,40,24.07653045654297
MNIST,medium,43,10,a3,activation_variance,baseline,41,14.904688835144043
MNIST,medium,43,10,a3,activation_variance,baseline,42,16.812091827392578
MNIST,medium,43,10,a3,activation_variance,baseline,43,8.429412841796875
MNIST,medium,43,10,a3,activation_variance,baseline,44,12.09813117980957
MNIST,medium,43,10,a3,activation_variance,baseline,45,9.785589218139648
MNIST,medium,43,10,a3,activation_variance,baseline,46,31.841617584228516
MNIST,medium,43,10,a3,activation_variance,baseline,47,4.926115989685059
MNIST,medium,43,10,a3,activation_variance,baseline,48,10.050374984741211
MNIST,medium,43,10,a3,activation_variance,baseline,49,21.31621551513672
MNIST,medium,43,10,a3,activation_variance,baseline,50,3.828523635864258
MNIST,medium,43,10,a3,activation_variance,baseline,51,4.54387092590332
MNIST,medium,43,10,a3,activation_variance,baseline,52,6.302304744720459
MNIST,medium,43,10,a3,activation_variance,baseline,53,12.476412773132324
MNIST,medium,43,10,a3,activation_variance,baseline,54,4.001673698425293
MNIST,medium,43,10,a3,activation_variance,baseline,55,19.90565299987793
MNIST,medium,43,10,a3,activation_variance,baseline,56,6.9146599769592285
MNIST,medium,43,10,a3,activation_variance,baseline,57,17.796926498413086
MNIST,medium,43,10,a3,activation_variance,baseline,58,17.362455368041992
MNIST,medium,43,10,a3,activation_variance,baseline,59,0.0
MNIST,medium,43,10,a3,activation_variance,baseline,60,26.296520233154297
MNIST,medium,43,10,a3,activation_variance,baseline,61,11.330769538879395
MNIST,medium,43,10,a3,activation_variance,baseline,62,14.591682434082031
MNIST,medium,43,10,a3,activation_variance,baseline,63,10.335298538208008
MNIST,medium,43,10,a3,activation_variance,baseline,64,8.178070068359375
MNIST,medium,43,10,a3,activation_variance,baseline,65,8.855881690979004
MNIST,medium,43,10,a3,activation_variance,baseline,66,22.776363372802734
MNIST,medium,43,10,a3,activation_variance,baseline,67,10.092358589172363
MNIST,medium,43,10,a3,activation_variance,baseline,68,7.954944610595703
MNIST,medium,43,10,a3,activation_variance,baseline,69,37.21041488647461
MNIST,medium,43,10,a3,activation_variance,baseline,70,13.36539077758789
MNIST,medium,43,10,a3,activation_variance,baseline,71,7.965435981750488
MNIST,medium,43,10,a3,activation_variance,baseline,72,21.446060180664062
MNIST,medium,43,10,a3,activation_variance,baseline,73,13.094508171081543
MNIST,medium,43,10,a3,activation_variance,baseline,74,4.751828193664551
MNIST,medium,43,10,a3,activation_variance,baseline,75,10.497905731201172
MNIST,medium,43,10,a3,activation_variance,baseline,76,8.75822639465332
MNIST,medium,43,10,a3,activation_variance,baseline,77,8.336209297180176
MNIST,medium,43,10,a3,activation_variance,baseline,78,0.0
MNIST,medium,43,10,a3,activation_variance,baseline,79,3.3622217178344727
MNIST,medium,43,10,a3,activation_variance,baseline,80,10.503642082214355
MNIST,medium,43,10,a3,activation_variance,baseline,81,10.781814575195312
MNIST,medium,43,10,a3,activation_variance,baseline,82,12.52018928527832
MNIST,medium,43,10,a3,activation_variance,baseline,83,8.024528503417969
MNIST,medium,43,10,a3,activation_variance,baseline,84,4.110799789428711
MNIST,medium,43,10,a3,activation_variance,baseline,85,8.471327781677246
MNIST,medium,43,10,a3,activation_variance,baseline,86,10.171347618103027
MNIST,medium,43,10,a3,activation_variance,baseline,87,33.64997863769531
MNIST,medium,43,10,a3,activation_variance,baseline,88,5.408320903778076
MNIST,medium,43,10,a3,activation_variance,baseline,89,0.0
MNIST,medium,43,10,a3,activation_variance,baseline,90,18.989423751831055
MNIST,medium,43,10,a3,activation_variance,baseline,91,17.98387336730957
MNIST,medium,43,10,a3,activation_variance,baseline,92,7.016770362854004
MNIST,medium,43,10,a3,activation_variance,baseline,93,4.919402122497559
MNIST,medium,43,10,a3,activation_variance,baseline,94,8.680724143981934
MNIST,medium,43,10,a3,activation_variance,baseline,95,1.235391616821289
MNIST,medium,43,10,a3,activation_variance,baseline,96,10.202346801757812
MNIST,medium,43,10,a3,activation_variance,baseline,97,6.102453708648682
MNIST,medium,43,10,a3,activation_variance,baseline,98,12.503747940063477
MNIST,medium,43,10,a3,activation_variance,baseline,99,6.518492698669434
MNIST,medium,43,10,a3,activation_variance,baseline,100,10.29857063293457
MNIST,medium,43,10,a3,activation_variance,baseline,101,9.271916389465332
MNIST,medium,43,10,a3,activation_variance,baseline,102,6.366521835327148
MNIST,medium,43,10,a3,activation_variance,baseline,103,29.34160614013672
MNIST,medium,43,10,a3,activation_variance,baseline,104,7.994873046875
MNIST,medium,43,10,a3,activation_variance,baseline,105,15.264750480651855
MNIST,medium,43,10,a3,activation_variance,baseline,106,19.382230758666992
MNIST,medium,43,10,a3,activation_variance,baseline,107,2.151139259338379
MNIST,medium,43,10,a3,activation_variance,baseline,108,12.083650588989258
MNIST,medium,43,10,a3,activation_variance,baseline,109,12.367488861083984
MNIST,medium,43,10,a3,activation_variance,baseline,110,11.260948181152344
MNIST,medium,43,10,a3,activation_variance,baseline,111,13.597047805786133
MNIST,medium,43,10,a3,activation_variance,baseline,112,6.682592391967773
MNIST,medium,43,10,a3,activation_variance,baseline,113,15.383833885192871
MNIST,medium,43,10,a3,activation_variance,baseline,114,5.06843376159668
MNIST,medium,43,10,a3,activation_variance,baseline,115,38.16575622558594
MNIST,medium,43,10,a3,activation_variance,baseline,116,4.3063764572143555
MNIST,medium,43,10,a3,activation_variance,baseline,117,8.062018394470215
MNIST,medium,43,10,a3,activation_variance,baseline,118,9.882672309875488
MNIST,medium,43,10,a3,activation_variance,baseline,119,7.92680549621582
MNIST,medium,43,10,a3,activation_variance,baseline,120,37.068084716796875
MNIST,medium,43,10,a3,activation_variance,baseline,121,12.745277404785156
MNIST,medium,43,10,a3,activation_variance,baseline,122,8.812865257263184
MNIST,medium,43,10,a3,activation_variance,baseline,123,13.183182716369629
MNIST,medium,43,10,a3,activation_variance,baseline,124,10.976439476013184
MNIST,medium,43,10,a3,activation_variance,baseline,125,3.955336809158325
MNIST,medium,43,10,a3,activation_variance,baseline,126,13.115987777709961
MNIST,medium,43,10,a3,activation_variance,baseline,127,7.626469612121582
MNIST,medium,43,10,a4,activation_variance,baseline,0,15.806291580200195
MNIST,medium,43,10,a4,activation_variance,baseline,1,29.521018981933594
MNIST,medium,43,10,a4,activation_variance,baseline,2,12.303192138671875
MNIST,medium,43,10,a4,activation_variance,baseline,3,19.85496711730957
MNIST,medium,43,10,a4,activation_variance,baseline,4,15.535635948181152
MNIST,medium,43,10,a4,activation_variance,baseline,5,28.482078552246094
MNIST,medium,43,10,a4,activation_variance,baseline,6,17.96322250366211
MNIST,medium,43,10,a4,activation_variance,baseline,7,12.033729553222656
MNIST,medium,43,10,a4,activation_variance,baseline,8,5.758393287658691
MNIST,medium,43,10,a4,activation_variance,baseline,9,13.949706077575684
MNIST,medium,43,10,a4,activation_variance,baseline,10,7.163527488708496
MNIST,medium,43,10,a4,activation_variance,baseline,11,22.316112518310547
MNIST,medium,43,10,a4,activation_variance,baseline,12,16.05544662475586
MNIST,medium,43,10,a4,activation_variance,baseline,13,20.233352661132812
MNIST,medium,43,10,a4,activation_variance,baseline,14,17.853614807128906
MNIST,medium,43,10,a4,activation_variance,baseline,15,12.715941429138184
MNIST,medium,43,10,a4,activation_variance,baseline,16,8.260916709899902
MNIST,medium,43,10,a4,activation_variance,baseline,17,5.0957794189453125
MNIST,medium,43,10,a4,activation_variance,baseline,18,9.353195190429688
MNIST,medium,43,10,a4,activation_variance,baseline,19,31.524532318115234
MNIST,medium,43,10,a4,activation_variance,baseline,20,7.689348220825195
MNIST,medium,43,10,a4,activation_variance,baseline,21,15.619580268859863
MNIST,medium,43,10,a4,activation_variance,baseline,22,34.27122497558594
MNIST,medium,43,10,a4,activation_variance,baseline,23,10.623514175415039
MNIST,medium,43,10,a4,activation_variance,baseline,24,9.309710502624512
MNIST,medium,43,10,a4,activation_variance,baseline,25,11.365427017211914
MNIST,medium,43,10,a4,activation_variance,baseline,26,6.852315425872803
MNIST,medium,43,10,a4,activation_variance,baseline,27,24.842281341552734
MNIST,medium,43,10,a4,activation_variance,baseline,28,22.841814041137695
MNIST,medium,43,10,a4,activation_variance,baseline,29,3.4323325157165527
MNIST,medium,43,10,a4,activation_variance,baseline,30,20.114540100097656
MNIST,medium,43,10,a4,activation_variance,baseline,31,38.032379150390625
MNIST,medium,43,10,a4,activation_variance,baseline,32,7.094340801239014
MNIST,medium,43,10,a4,activation_variance,baseline,33,11.239784240722656
MNIST,medium,43,10,a4,activation_variance,baseline,34,18.109668731689453
MNIST,medium,43,10,a4,activation_variance,baseline,35,12.048576354980469
MNIST,medium,43,10,a4,activation_variance,baseline,36,10.73036003112793
MNIST,medium,43,10,a4,activation_variance,baseline,37,18.934871673583984
MNIST,medium,43,10,a4,activation_variance,baseline,38,29.797122955322266
MNIST,medium,43,10,a4,activation_variance,baseline,39,10.672344207763672
MNIST,medium,43,10,a4,activation_variance,baseline,40,14.407978057861328
MNIST,medium,43,10,a4,activation_variance,baseline,41,10.525153160095215
MNIST,medium,43,10,a4,activation_variance,baseline,42,13.794702529907227
MNIST,medium,43,10,a4,activation_variance,baseline,43,13.530881881713867
MNIST,medium,43,10,a4,activation_variance,baseline,44,19.586196899414062
MNIST,medium,43,10,a4,activation_variance,baseline,45,26.243284225463867
MNIST,medium,43,10,a4,activation_variance,baseline,46,20.73288345336914
MNIST,medium,43,10,a4,activation_variance,baseline,47,21.532440185546875
MNIST,medium,43,10,a4,activation_variance,baseline,48,16.408370971679688
MNIST,medium,43,10,a4,activation_variance,baseline,49,11.885714530944824
MNIST,medium,43,10,a4,activation_variance,baseline,50,7.270826816558838
MNIST,medium,43,10,a4,activation_variance,baseline,51,12.394055366516113
MNIST,medium,43,10,a4,activation_variance,baseline,52,24.775360107421875
MNIST,medium,43,10,a4,activation_variance,baseline,53,18.403778076171875
MNIST,medium,43,10,a4,activation_variance,baseline,54,15.5260009765625
MNIST,medium,43,10,a4,activation_variance,baseline,55,3.3598599433898926
MNIST,medium,43,10,a4,activation_variance,baseline,56,17.549072265625
MNIST,medium,43,10,a4,activation_variance,baseline,57,17.014873504638672
MNIST,medium,43,10,a4,activation_variance,baseline,58,13.130794525146484
MNIST,medium,43,10,a4,activation_variance,baseline,59,47.4628791809082
MNIST,medium,43,10,a4,activation_variance,baseline,60,7.434622764587402
MNIST,medium,43,10,a4,activation_variance,baseline,61,15.45676040649414
MNIST,medium,43,10,a4,activation_variance,baseline,62,21.1135311126709
MNIST,medium,43,10,a4,activation_variance,baseline,63,12.928871154785156
MNIST,medium,43,10,a1,class_selectivity,loss_free,0,2.6819207668304443
MNIST,medium,43,10,a1,class_selectivity,loss_free,1,1.522674560546875
MNIST,medium,43,10,a1,class_selectivity,loss_free,2,0.8247316479682922
MNIST,medium,43,10,a1,class_selectivity,loss_free,3,0.0
MNIST,medium,43,10,a1,class_selectivity,loss_free,4,0.4016636908054352
MNIST,medium,43,10,a1,class_selectivity,loss_free,5,1.9961563348770142
MNIST,medium,43,10,a1,class_selectivity,loss_free,6,0.7848116159439087
MNIST,medium,43,10,a1,class_selectivity,loss_free,7,0.0
MNIST,medium,43,10,a1,class_selectivity,loss_free,8,1.6637095212936401
MNIST,medium,43,10,a1,class_selectivity,loss_free,9,0.9890042543411255
MNIST,medium,43,10,a1,class_selectivity,loss_free,10,2.3525021076202393
MNIST,medium,43,10,a1,class_selectivity,loss_free,11,2.0289177894592285
MNIST,medium,43,10,a1,class_selectivity,loss_free,12,1.0997494459152222
MNIST,medium,43,10,a1,class_selectivity,loss_free,13,0.3015316128730774
MNIST,medium,43,10,a1,class_selectivity,loss_free,14,1.2327076196670532
MNIST,medium,43,10,a1,class_selectivity,loss_free,15,1.2216503620147705
MNIST,medium,43,10,a1,class_selectivity,loss_free,16,1.6333959102630615
MNIST,medium,43,10,a1,class_selectivity,loss_free,17,4.133775234222412
MNIST,medium,43,10,a1,class_selectivity,loss_free,18,1.6880416870117188
MNIST,medium,43,10,a1,class_selectivity,loss_free,19,0.16790509223937988
MNIST,medium,43,10,a1,class_selectivity,loss_free,20,2.3119916915893555
MNIST,medium,43,10,a1,class_selectivity,loss_free,21,0.4493110477924347
MNIST,medium,43,10,a1,class_selectivity,loss_free,22,0.9074695110321045
MNIST,medium,43,10,a1,class_selectivity,loss_free,23,0.0
MNIST,medium,43,10,a1,class_selectivity,loss_free,24,0.7386360764503479
MNIST,medium,43,10,a1,class_selectivity,loss_free,25,1.7708271741867065
MNIST,medium,43,10,a1,class_selectivity,loss_free,26,1.9963860511779785
MNIST,medium,43,10,a1,class_selectivity,loss_free,27,2.5361204147338867
MNIST,medium,43,10,a1,class_selectivity,loss_free,28,0.0
MNIST,medium,43,10,a1,class_selectivity,loss_free,29,0.6895706057548523
MNIST,medium,43,10,a1,class_selectivity,loss_free,30,2.658627986907959
MNIST,medium,43,10,a1,class_selectivity,loss_free,31,0.0
MNIST,medium,43,10,a1,class_selectivity,loss_free,32,2.596278190612793
MNIST,medium,43,10,a1,class_selectivity,loss_free,33,0.22997725009918213
MNIST,medium,43,10,a1,class_selectivity,loss_free,34,0.0
MNIST,medium,43,10,a1,class_selectivity,loss_free,35,0.33648520708084106
MNIST,medium,43,10,a1,class_selectivity,loss_free,36,1.1391947269439697
MNIST,medium,43,10,a1,class_selectivity,loss_free,37,0.0
MNIST,medium,43,10,a1,class_selectivity,loss_free,38,0.9945691823959351
MNIST,medium,43,10,a1,class_selectivity,loss_free,39,0.2597050964832306
MNIST,medium,43,10,a1,class_selectivity,loss_free,40,1.122183084487915
MNIST,medium,43,10,a1,class_selectivity,loss_free,41,2.5602712631225586
MNIST,medium,43,10,a1,class_selectivity,loss_free,42,0.0
MNIST,medium,43,10,a1,class_selectivity,loss_free,43,0.11608663946390152
MNIST,medium,43,10,a1,class_selectivity,loss_free,44,0.4104476869106293
MNIST,medium,43,10,a1,class_selectivity,loss_free,45,3.031254529953003
MNIST,medium,43,10,a1,class_selectivity,loss_free,46,1.1846667528152466
MNIST,medium,43,10,a1,class_selectivity,loss_free,47,3.766852378845215
MNIST,medium,43,10,a1,class_selectivity,loss_free,48,1.561733365058899
MNIST,medium,43,10,a1,class_selectivity,loss_free,49,0.04704286903142929
MNIST,medium,43,10,a1,class_selectivity,loss_free,50,0.0
MNIST,medium,43,10,a1,class_selectivity,loss_free,51,2.6075596809387207
MNIST,medium,43,10,a1,class_selectivity,loss_free,52,1.1380828619003296
MNIST,medium,43,10,a1,class_selectivity,loss_free,53,0.0
MNIST,medium,43,10,a1,class_selectivity,loss_free,54,1.8648325204849243
MNIST,medium,43,10,a1,class_selectivity,loss_free,55,0.0
MNIST,medium,43,10,a1,class_selectivity,loss_free,56,7.313720226287842
MNIST,medium,43,10,a1,class_selectivity,loss_free,57,0.7109680771827698
MNIST,medium,43,10,a1,class_selectivity,loss_free,58,0.5114154815673828
MNIST,medium,43,10,a1,class_selectivity,loss_free,59,2.257492780685425
MNIST,medium,43,10,a1,class_selectivity,loss_free,60,1.5555968284606934
MNIST,medium,43,10,a1,class_selectivity,loss_free,61,0.8969737887382507
MNIST,medium,43,10,a1,class_selectivity,loss_free,62,0.0
MNIST,medium,43,10,a1,class_selectivity,loss_free,63,1.1633460521697998
MNIST,medium,43,10,a1,class_selectivity,loss_free,64,4.158236503601074
MNIST,medium,43,10,a1,class_selectivity,loss_free,65,2.193554401397705
MNIST,medium,43,10,a1,class_selectivity,loss_free,66,1.1929302215576172
MNIST,medium,43,10,a1,class_selectivity,loss_free,67,1.0657057762145996
MNIST,medium,43,10,a1,class_selectivity,loss_free,68,1.193697214126587
MNIST,medium,43,10,a1,class_selectivity,loss_free,69,2.136305570602417
MNIST,medium,43,10,a1,class_selectivity,loss_free,70,1.2322745323181152
MNIST,medium,43,10,a1,class_selectivity,loss_free,71,1.5239553451538086
MNIST,medium,43,10,a1,class_selectivity,loss_free,72,1.5684938430786133
MNIST,medium,43,10,a1,class_selectivity,loss_free,73,2.1515095233917236
MNIST,medium,43,10,a1,class_selectivity,loss_free,74,2.2112934589385986
MNIST,medium,43,10,a1,class_selectivity,loss_free,75,0.8132798671722412
MNIST,medium,43,10,a1,class_selectivity,loss_free,76,0.42240121960639954
MNIST,medium,43,10,a1,class_selectivity,loss_free,77,0.8995282053947449
MNIST,medium,43,10,a1,class_selectivity,loss_free,78,0.856558620929718
MNIST,medium,43,10,a1,class_selectivity,loss_free,79,0.0
MNIST,medium,43,10,a1,class_selectivity,loss_free,80,0.9004353284835815
MNIST,medium,43,10,a1,class_selectivity,loss_free,81,0.7266998291015625
MNIST,medium,43,10,a1,class_selectivity,loss_free,82,0.38286516070365906
MNIST,medium,43,10,a1,class_selectivity,loss_free,83,1.2959078550338745
MNIST,medium,43,10,a1,class_selectivity,loss_free,84,0.010941071435809135
MNIST,medium,43,10,a1,class_selectivity,loss_free,85,0.0
MNIST,medium,43,10,a1,class_selectivity,loss_free,86,2.2747817039489746
MNIST,medium,43,10,a1,class_selectivity,loss_free,87,1.0135546922683716
MNIST,medium,43,10,a1,class_selectivity,loss_free,88,2.0693774223327637
MNIST,medium,43,10,a1,class_selectivity,loss_free,89,2.989881753921509
MNIST,medium,43,10,a1,class_selectivity,loss_free,90,0.0
MNIST,medium,43,10,a1,class_selectivity,loss_free,91,0.6291570663452148
MNIST,medium,43,10,a1,class_selectivity,loss_free,92,1.8845031261444092
MNIST,medium,43,10,a1,class_selectivity,loss_free,93,0.9134661555290222
MNIST,medium,43,10,a1,class_selectivity,loss_free,94,2.527174234390259
MNIST,medium,43,10,a1,class_selectivity,loss_free,95,1.0428872108459473
MNIST,medium,43,10,a1,class_selectivity,loss_free,96,2.017137289047241
MNIST,medium,43,10,a1,class_selectivity,loss_free,97,2.9350173473358154
MNIST,medium,43,10,a1,class_selectivity,loss_free,98,2.21075177192688
MNIST,medium,43,10,a1,class_selectivity,loss_free,99,0.9242147207260132
MNIST,medium,43,10,a1,class_selectivity,loss_free,100,2.1993446350097656
MNIST,medium,43,10,a1,class_selectivity,loss_free,101,0.9972671270370483
MNIST,medium,43,10,a1,class_selectivity,loss_free,102,0.4878327250480652
MNIST,medium,43,10,a1,class_selectivity,loss_free,103,0.0
MNIST,medium,43,10,a1,class_selectivity,loss_free,104,0.9559741020202637
MNIST,medium,43,10,a1,class_selectivity,loss_free,105,2.456698179244995
MNIST,medium,43,10,a1,class_selectivity,loss_free,106,3.3952765464782715
MNIST,medium,43,10,a1,class_selectivity,loss_free,107,1.5986734628677368
MNIST,medium,43,10,a1,class_selectivity,loss_free,108,0.22121714055538177
MNIST,medium,43,10,a1,class_selectivity,loss_free,109,1.8622863292694092
MNIST,medium,43,10,a1,class_selectivity,loss_free,110,2.150216579437256
MNIST,medium,43,10,a1,class_selectivity,loss_free,111,0.9759343862533569
MNIST,medium,43,10,a1,class_selectivity,loss_free,112,3.232966661453247
MNIST,medium,43,10,a1,class_selectivity,loss_free,113,1.5748074054718018
MNIST,medium,43,10,a1,class_selectivity,loss_free,114,1.086817741394043
MNIST,medium,43,10,a1,class_selectivity,loss_free,115,2.792377233505249
MNIST,medium,43,10,a1,class_selectivity,loss_free,116,1.8645857572555542
MNIST,medium,43,10,a1,class_selectivity,loss_free,117,1.1467162370681763
MNIST,medium,43,10,a1,class_selectivity,loss_free,118,1.1914258003234863
MNIST,medium,43,10,a1,class_selectivity,loss_free,119,0.8355160355567932
MNIST,medium,43,10,a1,class_selectivity,loss_free,120,0.40689709782600403
MNIST,medium,43,10,a1,class_selectivity,loss_free,121,0.32236695289611816
MNIST,medium,43,10,a1,class_selectivity,loss_free,122,0.9945946931838989
MNIST,medium,43,10,a1,class_selectivity,loss_free,123,2.2586863040924072
MNIST,medium,43,10,a1,class_selectivity,loss_free,124,0.0
MNIST,medium,43,10,a1,class_selectivity,loss_free,125,2.3414080142974854
MNIST,medium,43,10,a1,class_selectivity,loss_free,126,2.4468607902526855
MNIST,medium,43,10,a1,class_selectivity,loss_free,127,0.741612434387207
MNIST,medium,43,10,a1,class_selectivity,loss_free,128,1.3917466402053833
MNIST,medium,43,10,a1,class_selectivity,loss_free,129,0.15998531877994537
MNIST,medium,43,10,a1,class_selectivity,loss_free,130,2.3713598251342773
MNIST,medium,43,10,a1,class_selectivity,loss_free,131,0.6811471581459045
MNIST,medium,43,10,a1,class_selectivity,loss_free,132,1.9172873497009277
MNIST,medium,43,10,a1,class_selectivity,loss_free,133,1.2823457717895508
MNIST,medium,43,10,a1,class_selectivity,loss_free,134,2.1076622009277344
MNIST,medium,43,10,a1,class_selectivity,loss_free,135,0.8826971650123596
MNIST,medium,43,10,a1,class_selectivity,loss_free,136,1.7746797800064087
MNIST,medium,43,10,a1,class_selectivity,loss_free,137,0.8655738830566406
MNIST,medium,43,10,a1,class_selectivity,loss_free,138,1.3349151611328125
MNIST,medium,43,10,a1,class_selectivity,loss_free,139,3.2597124576568604
MNIST,medium,43,10,a1,class_selectivity,loss_free,140,0.0
MNIST,medium,43,10,a1,class_selectivity,loss_free,141,0.4190661609172821
MNIST,medium,43,10,a1,class_selectivity,loss_free,142,2.2537879943847656
MNIST,medium,43,10,a1,class_selectivity,loss_free,143,1.1810824871063232
MNIST,medium,43,10,a1,class_selectivity,loss_free,144,0.0
MNIST,medium,43,10,a1,class_selectivity,loss_free,145,1.2432703971862793
MNIST,medium,43,10,a1,class_selectivity,loss_free,146,0.5186290740966797
MNIST,medium,43,10,a1,class_selectivity,loss_free,147,0.2026025801897049
MNIST,medium,43,10,a1,class_selectivity,loss_free,148,0.3841482996940613
MNIST,medium,43,10,a1,class_selectivity,loss_free,149,0.2474520206451416
MNIST,medium,43,10,a1,class_selectivity,loss_free,150,0.0
MNIST,medium,43,10,a1,class_selectivity,loss_free,151,1.2320294380187988
MNIST,medium,43,10,a1,class_selectivity,loss_free,152,0.9865958094596863
MNIST,medium,43,10,a1,class_selectivity,loss_free,153,0.0
MNIST,medium,43,10,a1,class_selectivity,loss_free,154,0.0
MNIST,medium,43,10,a1,class_selectivity,loss_free,155,2.243439197540283
MNIST,medium,43,10,a1,class_selectivity,loss_free,156,1.241243839263916
MNIST,medium,43,10,a1,class_selectivity,loss_free,157,1.3145561218261719
MNIST,medium,43,10,a1,class_selectivity,loss_free,158,0.6606816053390503
MNIST,medium,43,10,a1,class_selectivity,loss_free,159,0.13194048404693604
MNIST,medium,43,10,a1,class_selectivity,loss_free,160,2.7056989669799805
MNIST,medium,43,10,a1,class_selectivity,loss_free,161,0.009689705446362495
MNIST,medium,43,10,a1,class_selectivity,loss_free,162,2.5547399520874023
MNIST,medium,43,10,a1,class_selectivity,loss_free,163,0.571398913860321
MNIST,medium,43,10,a1,class_selectivity,loss_free,164,3.2311534881591797
MNIST,medium,43,10,a1,class_selectivity,loss_free,165,2.6258327960968018
MNIST,medium,43,10,a1,class_selectivity,loss_free,166,2.7208144664764404
MNIST,medium,43,10,a1,class_selectivity,loss_free,167,0.6891103982925415
MNIST,medium,43,10,a1,class_selectivity,loss_free,168,0.9537624716758728
MNIST,medium,43,10,a1,class_selectivity,loss_free,169,2.8217198848724365
MNIST,medium,43,10,a1,class_selectivity,loss_free,170,0.036287736147642136
MNIST,medium,43,10,a1,class_selectivity,loss_free,171,1.5966726541519165
MNIST,medium,43,10,a1,class_selectivity,loss_free,172,1.1476991176605225
MNIST,medium,43,10,a1,class_selectivity,loss_free,173,0.37297555804252625
MNIST,medium,43,10,a1,class_selectivity,loss_free,174,1.7309696674346924
MNIST,medium,43,10,a1,class_selectivity,loss_free,175,0.6230111122131348
MNIST,medium,43,10,a1,class_selectivity,loss_free,176,1.6083693504333496
MNIST,medium,43,10,a1,class_selectivity,loss_free,177,3.101201057434082
MNIST,medium,43,10,a1,class_selectivity,loss_free,178,1.517514944076538
MNIST,medium,43,10,a1,class_selectivity,loss_free,179,0.5756658315658569
MNIST,medium,43,10,a1,class_selectivity,loss_free,180,0.06986560672521591
MNIST,medium,43,10,a1,class_selectivity,loss_free,181,0.6065942049026489
MNIST,medium,43,10,a1,class_selectivity,loss_free,182,1.1740530729293823
MNIST,medium,43,10,a1,class_selectivity,loss_free,183,1.180273175239563
MNIST,medium,43,10,a1,class_selectivity,loss_free,184,0.8664814233779907
MNIST,medium,43,10,a1,class_selectivity,loss_free,185,0.4320635497570038
MNIST,medium,43,10,a1,class_selectivity,loss_free,186,1.8364588022232056
MNIST,medium,43,10,a1,class_selectivity,loss_free,187,0.8040454387664795
MNIST,medium,43,10,a1,class_selectivity,loss_free,188,1.7011216878890991
MNIST,medium,43,10,a1,class_selectivity,loss_free,189,1.0545427799224854
MNIST,medium,43,10,a1,class_selectivity,loss_free,190,1.3322724103927612
MNIST,medium,43,10,a1,class_selectivity,loss_free,191,0.3125080466270447
MNIST,medium,43,10,a1,class_selectivity,loss_free,192,1.286218523979187
MNIST,medium,43,10,a1,class_selectivity,loss_free,193,0.7268575429916382
MNIST,medium,43,10,a1,class_selectivity,loss_free,194,0.056464895606040955
MNIST,medium,43,10,a1,class_selectivity,loss_free,195,0.9281837344169617
MNIST,medium,43,10,a1,class_selectivity,loss_free,196,1.7673743963241577
MNIST,medium,43,10,a1,class_selectivity,loss_free,197,1.1427499055862427
MNIST,medium,43,10,a1,class_selectivity,loss_free,198,2.8558671474456787
MNIST,medium,43,10,a1,class_selectivity,loss_free,199,0.6870619058609009
MNIST,medium,43,10,a1,class_selectivity,loss_free,200,0.8039146661758423
MNIST,medium,43,10,a1,class_selectivity,loss_free,201,0.0012540671741589904
MNIST,medium,43,10,a1,class_selectivity,loss_free,202,0.7492923140525818
MNIST,medium,43,10,a1,class_selectivity,loss_free,203,1.8491404056549072
MNIST,medium,43,10,a1,class_selectivity,loss_free,204,2.4146366119384766
MNIST,medium,43,10,a1,class_selectivity,loss_free,205,0.7678231000900269
MNIST,medium,43,10,a1,class_selectivity,loss_free,206,3.2976763248443604
MNIST,medium,43,10,a1,class_selectivity,loss_free,207,2.1807961463928223
MNIST,medium,43,10,a1,class_selectivity,loss_free,208,3.752562999725342
MNIST,medium,43,10,a1,class_selectivity,loss_free,209,1.5505261421203613
MNIST,medium,43,10,a1,class_selectivity,loss_free,210,0.7714495658874512
MNIST,medium,43,10,a1,class_selectivity,loss_free,211,2.419821262359619
MNIST,medium,43,10,a1,class_selectivity,loss_free,212,3.9396815299987793
MNIST,medium,43,10,a1,class_selectivity,loss_free,213,0.0
MNIST,medium,43,10,a1,class_selectivity,loss_free,214,2.3381710052490234
MNIST,medium,43,10,a1,class_selectivity,loss_free,215,0.002265569753944874
MNIST,medium,43,10,a1,class_selectivity,loss_free,216,2.122664451599121
MNIST,medium,43,10,a1,class_selectivity,loss_free,217,2.449538230895996
MNIST,medium,43,10,a1,class_selectivity,loss_free,218,0.0
MNIST,medium,43,10,a1,class_selectivity,loss_free,219,0.0
MNIST,medium,43,10,a1,class_selectivity,loss_free,220,1.5081490278244019
MNIST,medium,43,10,a1,class_selectivity,loss_free,221,1.1560168266296387
MNIST,medium,43,10,a1,class_selectivity,loss_free,222,0.23343190550804138
MNIST,medium,43,10,a1,class_selectivity,loss_free,223,0.6416448354721069
MNIST,medium,43,10,a1,class_selectivity,loss_free,224,2.6462149620056152
MNIST,medium,43,10,a1,class_selectivity,loss_free,225,0.6794517040252686
MNIST,medium,43,10,a1,class_selectivity,loss_free,226,1.2814068794250488
MNIST,medium,43,10,a1,class_selectivity,loss_free,227,0.5128788948059082
MNIST,medium,43,10,a1,class_selectivity,loss_free,228,0.9423220753669739
MNIST,medium,43,10,a1,class_selectivity,loss_free,229,1.6819006204605103
MNIST,medium,43,10,a1,class_selectivity,loss_free,230,0.38009387254714966
MNIST,medium,43,10,a1,class_selectivity,loss_free,231,1.8870912790298462
MNIST,medium,43,10,a1,class_selectivity,loss_free,232,1.085594654083252
MNIST,medium,43,10,a1,class_selectivity,loss_free,233,1.3899842500686646
MNIST,medium,43,10,a1,class_selectivity,loss_free,234,1.725449562072754
MNIST,medium,43,10,a1,class_selectivity,loss_free,235,1.6032936573028564
MNIST,medium,43,10,a1,class_selectivity,loss_free,236,1.9236313104629517
MNIST,medium,43,10,a1,class_selectivity,loss_free,237,2.8005056381225586
MNIST,medium,43,10,a1,class_selectivity,loss_free,238,0.6628310680389404
MNIST,medium,43,10,a1,class_selectivity,loss_free,239,0.3172987103462219
MNIST,medium,43,10,a1,class_selectivity,loss_free,240,0.0360717736184597
MNIST,medium,43,10,a1,class_selectivity,loss_free,241,2.696457624435425
MNIST,medium,43,10,a1,class_selectivity,loss_free,242,2.895819664001465
MNIST,medium,43,10,a1,class_selectivity,loss_free,243,0.0015659264754503965
MNIST,medium,43,10,a1,class_selectivity,loss_free,244,2.2764766216278076
MNIST,medium,43,10,a1,class_selectivity,loss_free,245,0.0
MNIST,medium,43,10,a1,class_selectivity,loss_free,246,2.090437412261963
MNIST,medium,43,10,a1,class_selectivity,loss_free,247,2.5853142738342285
MNIST,medium,43,10,a1,class_selectivity,loss_free,248,2.5410523414611816
MNIST,medium,43,10,a1,class_selectivity,loss_free,249,4.485123634338379
MNIST,medium,43,10,a1,class_selectivity,loss_free,250,0.8710511922836304
MNIST,medium,43,10,a1,class_selectivity,loss_free,251,2.5366992950439453
MNIST,medium,43,10,a1,class_selectivity,loss_free,252,1.2440814971923828
MNIST,medium,43,10,a1,class_selectivity,loss_free,253,2.3794143199920654
MNIST,medium,43,10,a1,class_selectivity,loss_free,254,4.138009071350098
MNIST,medium,43,10,a1,class_selectivity,loss_free,255,0.2894049882888794
MNIST,medium,43,10,a1,class_selectivity,loss_free,256,1.4960062503814697
MNIST,medium,43,10,a1,class_selectivity,loss_free,257,2.0987801551818848
MNIST,medium,43,10,a1,class_selectivity,loss_free,258,0.0
MNIST,medium,43,10,a1,class_selectivity,loss_free,259,1.2560865879058838
MNIST,medium,43,10,a1,class_selectivity,loss_free,260,2.1433258056640625
MNIST,medium,43,10,a1,class_selectivity,loss_free,261,2.0447425842285156
MNIST,medium,43,10,a1,class_selectivity,loss_free,262,1.7346508502960205
MNIST,medium,43,10,a1,class_selectivity,loss_free,263,1.6097087860107422
MNIST,medium,43,10,a1,class_selectivity,loss_free,264,2.237943649291992
MNIST,medium,43,10,a1,class_selectivity,loss_free,265,2.273099899291992
MNIST,medium,43,10,a1,class_selectivity,loss_free,266,1.114849328994751
MNIST,medium,43,10,a1,class_selectivity,loss_free,267,0.007280931808054447
MNIST,medium,43,10,a1,class_selectivity,loss_free,268,0.4481704533100128
MNIST,medium,43,10,a1,class_selectivity,loss_free,269,0.05341033637523651
MNIST,medium,43,10,a1,class_selectivity,loss_free,270,0.8313632011413574
MNIST,medium,43,10,a1,class_selectivity,loss_free,271,1.172001838684082
MNIST,medium,43,10,a1,class_selectivity,loss_free,272,0.1828581690788269
MNIST,medium,43,10,a1,class_selectivity,loss_free,273,2.0593063831329346
MNIST,medium,43,10,a1,class_selectivity,loss_free,274,0.0
MNIST,medium,43,10,a1,class_selectivity,loss_free,275,0.0
MNIST,medium,43,10,a1,class_selectivity,loss_free,276,2.014425277709961
MNIST,medium,43,10,a1,class_selectivity,loss_free,277,0.005231666378676891
MNIST,medium,43,10,a1,class_selectivity,loss_free,278,1.199991226196289
MNIST,medium,43,10,a1,class_selectivity,loss_free,279,1.236040472984314
MNIST,medium,43,10,a1,class_selectivity,loss_free,280,2.4630818367004395
MNIST,medium,43,10,a1,class_selectivity,loss_free,281,0.5695128440856934
MNIST,medium,43,10,a1,class_selectivity,loss_free,282,0.20231932401657104
MNIST,medium,43,10,a1,class_selectivity,loss_free,283,2.1294827461242676
MNIST,medium,43,10,a1,class_selectivity,loss_free,284,0.9957786798477173
MNIST,medium,43,10,a1,class_selectivity,loss_free,285,1.2448540925979614
MNIST,medium,43,10,a1,class_selectivity,loss_free,286,0.937593400478363
MNIST,medium,43,10,a1,class_selectivity,loss_free,287,1.3188238143920898
MNIST,medium,43,10,a1,class_selectivity,loss_free,288,0.28917747735977173
MNIST,medium,43,10,a1,class_selectivity,loss_free,289,2.38504695892334
MNIST,medium,43,10,a1,class_selectivity,loss_free,290,3.502885341644287
MNIST,medium,43,10,a1,class_selectivity,loss_free,291,1.7850172519683838
MNIST,medium,43,10,a1,class_selectivity,loss_free,292,3.280189037322998
MNIST,medium,43,10,a1,class_selectivity,loss_free,293,6.517172336578369
MNIST,medium,43,10,a1,class_selectivity,loss_free,294,1.947471022605896
MNIST,medium,43,10,a1,class_selectivity,loss_free,295,0.0
MNIST,medium,43,10,a1,class_selectivity,loss_free,296,1.1506741046905518
MNIST,medium,43,10,a1,class_selectivity,loss_free,297,0.0
MNIST,medium,43,10,a1,class_selectivity,loss_free,298,2.2652440071105957
MNIST,medium,43,10,a1,class_selectivity,loss_free,299,2.4751062393188477
MNIST,medium,43,10,a1,class_selectivity,loss_free,300,0.8434447050094604
MNIST,medium,43,10,a1,class_selectivity,loss_free,301,0.6481627821922302
MNIST,medium,43,10,a1,class_selectivity,loss_free,302,1.2065494060516357
MNIST,medium,43,10,a1,class_selectivity,loss_free,303,1.7845004796981812
MNIST,medium,43,10,a1,class_selectivity,loss_free,304,1.4727303981781006
MNIST,medium,43,10,a1,class_selectivity,loss_free,305,2.1283888816833496
MNIST,medium,43,10,a1,class_selectivity,loss_free,306,1.8122813701629639
MNIST,medium,43,10,a1,class_selectivity,loss_free,307,2.2635040283203125
MNIST,medium,43,10,a1,class_selectivity,loss_free,308,1.2024401426315308
MNIST,medium,43,10,a1,class_selectivity,loss_free,309,1.3297889232635498
MNIST,medium,43,10,a1,class_selectivity,loss_free,310,2.0046494007110596
MNIST,medium,43,10,a1,class_selectivity,loss_free,311,0.7736042737960815
MNIST,medium,43,10,a1,class_selectivity,loss_free,312,0.35791170597076416
MNIST,medium,43,10,a1,class_selectivity,loss_free,313,2.5582633018493652
MNIST,medium,43,10,a1,class_selectivity,loss_free,314,3.2418313026428223
MNIST,medium,43,10,a1,class_selectivity,loss_free,315,0.1630379557609558
MNIST,medium,43,10,a1,class_selectivity,loss_free,316,0.5457655787467957
MNIST,medium,43,10,a1,class_selectivity,loss_free,317,0.9329560399055481
MNIST,medium,43,10,a1,class_selectivity,loss_free,318,0.0
MNIST,medium,43,10,a1,class_selectivity,loss_free,319,3.0208253860473633
MNIST,medium,43,10,a1,class_selectivity,loss_free,320,1.0920227766036987
MNIST,medium,43,10,a1,class_selectivity,loss_free,321,2.2960045337677
MNIST,medium,43,10,a1,class_selectivity,loss_free,322,1.7424328327178955
MNIST,medium,43,10,a1,class_selectivity,loss_free,323,0.6062341928482056
MNIST,medium,43,10,a1,class_selectivity,loss_free,324,2.4397122859954834
MNIST,medium,43,10,a1,class_selectivity,loss_free,325,0.9350368976593018
MNIST,medium,43,10,a1,class_selectivity,loss_free,326,0.8287233114242554
MNIST,medium,43,10,a1,class_selectivity,loss_free,327,1.280213713645935
MNIST,medium,43,10,a1,class_selectivity,loss_free,328,0.6126439571380615
MNIST,medium,43,10,a1,class_selectivity,loss_free,329,0.8721584677696228
MNIST,medium,43,10,a1,class_selectivity,loss_free,330,0.4976712465286255
MNIST,medium,43,10,a1,class_selectivity,loss_free,331,0.37044858932495117
MNIST,medium,43,10,a1,class_selectivity,loss_free,332,0.12123063951730728
MNIST,medium,43,10,a1,class_selectivity,loss_free,333,2.006119966506958
MNIST,medium,43,10,a1,class_selectivity,loss_free,334,2.982593059539795
MNIST,medium,43,10,a1,class_selectivity,loss_free,335,2.392364978790283
MNIST,medium,43,10,a1,class_selectivity,loss_free,336,3.4747209548950195
MNIST,medium,43,10,a1,class_selectivity,loss_free,337,1.8946306705474854
MNIST,medium,43,10,a1,class_selectivity,loss_free,338,1.0966066122055054
MNIST,medium,43,10,a1,class_selectivity,loss_free,339,2.2420578002929688
MNIST,medium,43,10,a1,class_selectivity,loss_free,340,0.0
MNIST,medium,43,10,a1,class_selectivity,loss_free,341,0.8774242401123047
MNIST,medium,43,10,a1,class_selectivity,loss_free,342,1.0385854244232178
MNIST,medium,43,10,a1,class_selectivity,loss_free,343,3.6497931480407715
MNIST,medium,43,10,a1,class_selectivity,loss_free,344,0.941369891166687
MNIST,medium,43,10,a1,class_selectivity,loss_free,345,0.15987297892570496
MNIST,medium,43,10,a1,class_selectivity,loss_free,346,1.2502505779266357
MNIST,medium,43,10,a1,class_selectivity,loss_free,347,4.194484710693359
MNIST,medium,43,10,a1,class_selectivity,loss_free,348,0.1299191266298294
MNIST,medium,43,10,a1,class_selectivity,loss_free,349,0.186761736869812
MNIST,medium,43,10,a1,class_selectivity,loss_free,350,2.837610960006714
MNIST,medium,43,10,a1,class_selectivity,loss_free,351,0.05624619126319885
MNIST,medium,43,10,a1,class_selectivity,loss_free,352,0.09910929948091507
MNIST,medium,43,10,a1,class_selectivity,loss_free,353,0.2080090045928955
MNIST,medium,43,10,a1,class_selectivity,loss_free,354,2.0461509227752686
MNIST,medium,43,10,a1,class_selectivity,loss_free,355,0.5342644453048706
MNIST,medium,43,10,a1,class_selectivity,loss_free,356,2.5333797931671143
MNIST,medium,43,10,a1,class_selectivity,loss_free,357,2.334541082382202
MNIST,medium,43,10,a1,class_selectivity,loss_free,358,1.8407915830612183
MNIST,medium,43,10,a1,class_selectivity,loss_free,359,0.8065692782402039
MNIST,medium,43,10,a1,class_selectivity,loss_free,360,1.1643692255020142
MNIST,medium,43,10,a1,class_selectivity,loss_free,361,1.6587446928024292
MNIST,medium,43,10,a1,class_selectivity,loss_free,362,4.956751346588135
MNIST,medium,43,10,a1,class_selectivity,loss_free,363,0.2872912883758545
MNIST,medium,43,10,a1,class_selectivity,loss_free,364,3.7597157955169678
MNIST,medium,43,10,a1,class_selectivity,loss_free,365,1.7930545806884766
MNIST,medium,43,10,a1,class_selectivity,loss_free,366,3.1476807594299316
MNIST,medium,43,10,a1,class_selectivity,loss_free,367,1.570239782333374
MNIST,medium,43,10,a1,class_selectivity,loss_free,368,0.40252140164375305
MNIST,medium,43,10,a1,class_selectivity,loss_free,369,1.7867625951766968
MNIST,medium,43,10,a1,class_selectivity,loss_free,370,0.0
MNIST,medium,43,10,a1,class_selectivity,loss_free,371,1.4427908658981323
MNIST,medium,43,10,a1,class_selectivity,loss_free,372,0.7981001138687134
MNIST,medium,43,10,a1,class_selectivity,loss_free,373,2.206813097000122
MNIST,medium,43,10,a1,class_selectivity,loss_free,374,0.3527196943759918
MNIST,medium,43,10,a1,class_selectivity,loss_free,375,1.3916717767715454
MNIST,medium,43,10,a1,class_selectivity,loss_free,376,1.2339425086975098
MNIST,medium,43,10,a1,class_selectivity,loss_free,377,1.9922044277191162
MNIST,medium,43,10,a1,class_selectivity,loss_free,378,0.8212640285491943
MNIST,medium,43,10,a1,class_selectivity,loss_free,379,1.4129899740219116
MNIST,medium,43,10,a1,class_selectivity,loss_free,380,1.98454749584198
MNIST,medium,43,10,a1,class_selectivity,loss_free,381,0.3280532956123352
MNIST,medium,43,10,a1,class_selectivity,loss_free,382,3.6181511878967285
MNIST,medium,43,10,a1,class_selectivity,loss_free,383,0.1931023895740509
MNIST,medium,43,10,a1,class_selectivity,loss_free,384,1.4572839736938477
MNIST,medium,43,10,a1,class_selectivity,loss_free,385,4.4076619148254395
MNIST,medium,43,10,a1,class_selectivity,loss_free,386,1.251622200012207
MNIST,medium,43,10,a1,class_selectivity,loss_free,387,1.8886364698410034
MNIST,medium,43,10,a1,class_selectivity,loss_free,388,2.6537773609161377
MNIST,medium,43,10,a1,class_selectivity,loss_free,389,1.9701920747756958
MNIST,medium,43,10,a1,class_selectivity,loss_free,390,2.7302846908569336
MNIST,medium,43,10,a1,class_selectivity,loss_free,391,4.445555686950684
MNIST,medium,43,10,a1,class_selectivity,loss_free,392,0.7714508175849915
MNIST,medium,43,10,a1,class_selectivity,loss_free,393,1.1133921146392822
MNIST,medium,43,10,a1,class_selectivity,loss_free,394,1.5071650743484497
MNIST,medium,43,10,a1,class_selectivity,loss_free,395,0.5512768030166626
MNIST,medium,43,10,a1,class_selectivity,loss_free,396,0.48628902435302734
MNIST,medium,43,10,a1,class_selectivity,loss_free,397,1.5175426006317139
MNIST,medium,43,10,a1,class_selectivity,loss_free,398,3.2445380687713623
MNIST,medium,43,10,a1,class_selectivity,loss_free,399,0.007548362948000431
MNIST,medium,43,10,a1,class_selectivity,loss_free,400,1.049950361251831
MNIST,medium,43,10,a1,class_selectivity,loss_free,401,0.9448957443237305
MNIST,medium,43,10,a1,class_selectivity,loss_free,402,1.859107255935669
MNIST,medium,43,10,a1,class_selectivity,loss_free,403,0.8690296411514282
MNIST,medium,43,10,a1,class_selectivity,loss_free,404,1.8943793773651123
MNIST,medium,43,10,a1,class_selectivity,loss_free,405,2.738828182220459
MNIST,medium,43,10,a1,class_selectivity,loss_free,406,0.2103177011013031
MNIST,medium,43,10,a1,class_selectivity,loss_free,407,0.04197966307401657
MNIST,medium,43,10,a1,class_selectivity,loss_free,408,2.3749895095825195
MNIST,medium,43,10,a1,class_selectivity,loss_free,409,1.9245495796203613
MNIST,medium,43,10,a1,class_selectivity,loss_free,410,0.0
MNIST,medium,43,10,a1,class_selectivity,loss_free,411,0.9257417917251587
MNIST,medium,43,10,a1,class_selectivity,loss_free,412,1.559973955154419
MNIST,medium,43,10,a1,class_selectivity,loss_free,413,1.5762375593185425
MNIST,medium,43,10,a1,class_selectivity,loss_free,414,1.2511413097381592
MNIST,medium,43,10,a1,class_selectivity,loss_free,415,0.2766890227794647
MNIST,medium,43,10,a1,class_selectivity,loss_free,416,1.1527159214019775
MNIST,medium,43,10,a1,class_selectivity,loss_free,417,0.93479323387146
MNIST,medium,43,10,a1,class_selectivity,loss_free,418,1.3162734508514404
MNIST,medium,43,10,a1,class_selectivity,loss_free,419,0.9502676129341125
MNIST,medium,43,10,a1,class_selectivity,loss_free,420,2.1066534519195557
MNIST,medium,43,10,a1,class_selectivity,loss_free,421,2.747603416442871
MNIST,medium,43,10,a1,class_selectivity,loss_free,422,5.6448564529418945
MNIST,medium,43,10,a1,class_selectivity,loss_free,423,1.9623512029647827
MNIST,medium,43,10,a1,class_selectivity,loss_free,424,0.005433795042335987
MNIST,medium,43,10,a1,class_selectivity,loss_free,425,1.889458417892456
MNIST,medium,43,10,a1,class_selectivity,loss_free,426,1.2827104330062866
MNIST,medium,43,10,a1,class_selectivity,loss_free,427,0.7834681272506714
MNIST,medium,43,10,a1,class_selectivity,loss_free,428,2.7814769744873047
MNIST,medium,43,10,a1,class_selectivity,loss_free,429,2.6891279220581055
MNIST,medium,43,10,a1,class_selectivity,loss_free,430,0.0
MNIST,medium,43,10,a1,class_selectivity,loss_free,431,1.1677722930908203
MNIST,medium,43,10,a1,class_selectivity,loss_free,432,1.4193873405456543
MNIST,medium,43,10,a1,class_selectivity,loss_free,433,1.4455513954162598
MNIST,medium,43,10,a1,class_selectivity,loss_free,434,0.49603307247161865
MNIST,medium,43,10,a1,class_selectivity,loss_free,435,1.5407345294952393
MNIST,medium,43,10,a1,class_selectivity,loss_free,436,0.08457627147436142
MNIST,medium,43,10,a1,class_selectivity,loss_free,437,1.3651626110076904
MNIST,medium,43,10,a1,class_selectivity,loss_free,438,1.437438726425171
MNIST,medium,43,10,a1,class_selectivity,loss_free,439,1.6091861724853516
MNIST,medium,43,10,a1,class_selectivity,loss_free,440,0.9051717519760132
MNIST,medium,43,10,a1,class_selectivity,loss_free,441,1.7627826929092407
MNIST,medium,43,10,a1,class_selectivity,loss_free,442,0.2089834213256836
MNIST,medium,43,10,a1,class_selectivity,loss_free,443,0.650307834148407
MNIST,medium,43,10,a1,class_selectivity,loss_free,444,1.048494577407837
MNIST,medium,43,10,a1,class_selectivity,loss_free,445,1.8738254308700562
MNIST,medium,43,10,a1,class_selectivity,loss_free,446,1.3720329999923706
MNIST,medium,43,10,a1,class_selectivity,loss_free,447,0.7683254480361938
MNIST,medium,43,10,a1,class_selectivity,loss_free,448,1.0402216911315918
MNIST,medium,43,10,a1,class_selectivity,loss_free,449,0.5636420845985413
MNIST,medium,43,10,a1,class_selectivity,loss_free,450,2.8025245666503906
MNIST,medium,43,10,a1,class_selectivity,loss_free,451,0.21931572258472443
MNIST,medium,43,10,a1,class_selectivity,loss_free,452,0.5419788956642151
MNIST,medium,43,10,a1,class_selectivity,loss_free,453,0.0050133406184613705
MNIST,medium,43,10,a1,class_selectivity,loss_free,454,1.507441759109497
MNIST,medium,43,10,a1,class_selectivity,loss_free,455,0.46199971437454224
MNIST,medium,43,10,a1,class_selectivity,loss_free,456,3.4935879707336426
MNIST,medium,43,10,a1,class_selectivity,loss_free,457,0.2498762011528015
MNIST,medium,43,10,a1,class_selectivity,loss_free,458,0.9651938676834106
MNIST,medium,43,10,a1,class_selectivity,loss_free,459,3.8188304901123047
MNIST,medium,43,10,a1,class_selectivity,loss_free,460,0.02121296152472496
MNIST,medium,43,10,a1,class_selectivity,loss_free,461,0.8887109756469727
MNIST,medium,43,10,a1,class_selectivity,loss_free,462,4.367001533508301
MNIST,medium,43,10,a1,class_selectivity,loss_free,463,1.9387035369873047
MNIST,medium,43,10,a1,class_selectivity,loss_free,464,2.9038355350494385
MNIST,medium,43,10,a1,class_selectivity,loss_free,465,3.351198673248291
MNIST,medium,43,10,a1,class_selectivity,loss_free,466,2.738154411315918
MNIST,medium,43,10,a1,class_selectivity,loss_free,467,2.3322644233703613
MNIST,medium,43,10,a1,class_selectivity,loss_free,468,0.0
MNIST,medium,43,10,a1,class_selectivity,loss_free,469,2.024340867996216
MNIST,medium,43,10,a1,class_selectivity,loss_free,470,1.1230922937393188
MNIST,medium,43,10,a1,class_selectivity,loss_free,471,0.8296310901641846
MNIST,medium,43,10,a1,class_selectivity,loss_free,472,1.6928578615188599
MNIST,medium,43,10,a1,class_selectivity,loss_free,473,1.3624087572097778
MNIST,medium,43,10,a1,class_selectivity,loss_free,474,1.9450805187225342
MNIST,medium,43,10,a1,class_selectivity,loss_free,475,1.0112465620040894
MNIST,medium,43,10,a1,class_selectivity,loss_free,476,2.7286853790283203
MNIST,medium,43,10,a1,class_selectivity,loss_free,477,1.859683632850647
MNIST,medium,43,10,a1,class_selectivity,loss_free,478,0.7025321125984192
MNIST,medium,43,10,a1,class_selectivity,loss_free,479,0.7360111474990845
MNIST,medium,43,10,a1,class_selectivity,loss_free,480,0.0
MNIST,medium,43,10,a1,class_selectivity,loss_free,481,0.5071948766708374
MNIST,medium,43,10,a1,class_selectivity,loss_free,482,1.5385407209396362
MNIST,medium,43,10,a1,class_selectivity,loss_free,483,0.4093027710914612
MNIST,medium,43,10,a1,class_selectivity,loss_free,484,3.3487026691436768
MNIST,medium,43,10,a1,class_selectivity,loss_free,485,0.7970505356788635
MNIST,medium,43,10,a1,class_selectivity,loss_free,486,0.7641583681106567
MNIST,medium,43,10,a1,class_selectivity,loss_free,487,0.2799582779407501
MNIST,medium,43,10,a1,class_selectivity,loss_free,488,1.4488581418991089
MNIST,medium,43,10,a1,class_selectivity,loss_free,489,0.9136935472488403
MNIST,medium,43,10,a1,class_selectivity,loss_free,490,0.9411758780479431
MNIST,medium,43,10,a1,class_selectivity,loss_free,491,0.6804459095001221
MNIST,medium,43,10,a1,class_selectivity,loss_free,492,0.30149680376052856
MNIST,medium,43,10,a1,class_selectivity,loss_free,493,0.0
MNIST,medium,43,10,a1,class_selectivity,loss_free,494,1.386368751525879
MNIST,medium,43,10,a1,class_selectivity,loss_free,495,1.202196717262268
MNIST,medium,43,10,a1,class_selectivity,loss_free,496,0.8648996353149414
MNIST,medium,43,10,a1,class_selectivity,loss_free,497,1.2393548488616943
MNIST,medium,43,10,a1,class_selectivity,loss_free,498,3.0001220703125
MNIST,medium,43,10,a1,class_selectivity,loss_free,499,1.486541509628296
MNIST,medium,43,10,a1,class_selectivity,loss_free,500,1.088318109512329
MNIST,medium,43,10,a1,class_selectivity,loss_free,501,1.0808812379837036
MNIST,medium,43,10,a1,class_selectivity,loss_free,502,1.0374996662139893
MNIST,medium,43,10,a1,class_selectivity,loss_free,503,0.8582381010055542
MNIST,medium,43,10,a1,class_selectivity,loss_free,504,3.975874900817871
MNIST,medium,43,10,a1,class_selectivity,loss_free,505,0.5275598764419556
MNIST,medium,43,10,a1,class_selectivity,loss_free,506,2.323193311691284
MNIST,medium,43,10,a1,class_selectivity,loss_free,507,0.4320642352104187
MNIST,medium,43,10,a1,class_selectivity,loss_free,508,1.8273582458496094
MNIST,medium,43,10,a1,class_selectivity,loss_free,509,0.647786557674408
MNIST,medium,43,10,a1,class_selectivity,loss_free,510,2.2157301902770996
MNIST,medium,43,10,a1,class_selectivity,loss_free,511,0.06186944991350174
MNIST,medium,43,10,a2,class_selectivity,loss_free,0,4.6628289222717285
MNIST,medium,43,10,a2,class_selectivity,loss_free,1,4.137718200683594
MNIST,medium,43,10,a2,class_selectivity,loss_free,2,0.5774699449539185
MNIST,medium,43,10,a2,class_selectivity,loss_free,3,2.774935245513916
MNIST,medium,43,10,a2,class_selectivity,loss_free,4,3.2880234718322754
MNIST,medium,43,10,a2,class_selectivity,loss_free,5,8.568315505981445
MNIST,medium,43,10,a2,class_selectivity,loss_free,6,4.345767498016357
MNIST,medium,43,10,a2,class_selectivity,loss_free,7,5.1082072257995605
MNIST,medium,43,10,a2,class_selectivity,loss_free,8,0.0
MNIST,medium,43,10,a2,class_selectivity,loss_free,9,6.219669342041016
MNIST,medium,43,10,a2,class_selectivity,loss_free,10,6.146645545959473
MNIST,medium,43,10,a2,class_selectivity,loss_free,11,2.5690627098083496
MNIST,medium,43,10,a2,class_selectivity,loss_free,12,5.066476821899414
MNIST,medium,43,10,a2,class_selectivity,loss_free,13,2.522886037826538
MNIST,medium,43,10,a2,class_selectivity,loss_free,14,6.719674110412598
MNIST,medium,43,10,a2,class_selectivity,loss_free,15,4.491161346435547
MNIST,medium,43,10,a2,class_selectivity,loss_free,16,5.059758186340332
MNIST,medium,43,10,a2,class_selectivity,loss_free,17,3.8757596015930176
MNIST,medium,43,10,a2,class_selectivity,loss_free,18,1.912280797958374
MNIST,medium,43,10,a2,class_selectivity,loss_free,19,3.9715633392333984
MNIST,medium,43,10,a2,class_selectivity,loss_free,20,2.2167835235595703
MNIST,medium,43,10,a2,class_selectivity,loss_free,21,3.333240509033203
MNIST,medium,43,10,a2,class_selectivity,loss_free,22,4.5309224128723145
MNIST,medium,43,10,a2,class_selectivity,loss_free,23,5.96032190322876
MNIST,medium,43,10,a2,class_selectivity,loss_free,24,4.3513336181640625
MNIST,medium,43,10,a2,class_selectivity,loss_free,25,2.6276447772979736
MNIST,medium,43,10,a2,class_selectivity,loss_free,26,2.5282680988311768
MNIST,medium,43,10,a2,class_selectivity,loss_free,27,3.5042755603790283
MNIST,medium,43,10,a2,class_selectivity,loss_free,28,3.3946194648742676
MNIST,medium,43,10,a2,class_selectivity,loss_free,29,7.0656538009643555
MNIST,medium,43,10,a2,class_selectivity,loss_free,30,4.748293876647949
MNIST,medium,43,10,a2,class_selectivity,loss_free,31,4.374689102172852
MNIST,medium,43,10,a2,class_selectivity,loss_free,32,1.7999508380889893
MNIST,medium,43,10,a2,class_selectivity,loss_free,33,4.808526039123535
MNIST,medium,43,10,a2,class_selectivity,loss_free,34,1.9190880060195923
MNIST,medium,43,10,a2,class_selectivity,loss_free,35,2.951589822769165
MNIST,medium,43,10,a2,class_selectivity,loss_free,36,2.6491076946258545
MNIST,medium,43,10,a2,class_selectivity,loss_free,37,3.744304656982422
MNIST,medium,43,10,a2,class_selectivity,loss_free,38,3.67608642578125
MNIST,medium,43,10,a2,class_selectivity,loss_free,39,6.199892044067383
MNIST,medium,43,10,a2,class_selectivity,loss_free,40,0.0
MNIST,medium,43,10,a2,class_selectivity,loss_free,41,4.800670623779297
MNIST,medium,43,10,a2,class_selectivity,loss_free,42,8.46803092956543
MNIST,medium,43,10,a2,class_selectivity,loss_free,43,3.6929774284362793
MNIST,medium,43,10,a2,class_selectivity,loss_free,44,2.8937196731567383
MNIST,medium,43,10,a2,class_selectivity,loss_free,45,3.877023458480835
MNIST,medium,43,10,a2,class_selectivity,loss_free,46,5.149077892303467
MNIST,medium,43,10,a2,class_selectivity,loss_free,47,3.8300704956054688
MNIST,medium,43,10,a2,class_selectivity,loss_free,48,2.3637847900390625
MNIST,medium,43,10,a2,class_selectivity,loss_free,49,1.1499831676483154
MNIST,medium,43,10,a2,class_selectivity,loss_free,50,5.573519706726074
MNIST,medium,43,10,a2,class_selectivity,loss_free,51,1.1421012878417969
MNIST,medium,43,10,a2,class_selectivity,loss_free,52,4.331479549407959
MNIST,medium,43,10,a2,class_selectivity,loss_free,53,5.2431416511535645
MNIST,medium,43,10,a2,class_selectivity,loss_free,54,5.567173957824707
MNIST,medium,43,10,a2,class_selectivity,loss_free,55,4.158855438232422
MNIST,medium,43,10,a2,class_selectivity,loss_free,56,3.452580451965332
MNIST,medium,43,10,a2,class_selectivity,loss_free,57,5.331355571746826
MNIST,medium,43,10,a2,class_selectivity,loss_free,58,3.632199287414551
MNIST,medium,43,10,a2,class_selectivity,loss_free,59,3.7561826705932617
MNIST,medium,43,10,a2,class_selectivity,loss_free,60,3.3315653800964355
MNIST,medium,43,10,a2,class_selectivity,loss_free,61,4.0592546463012695
MNIST,medium,43,10,a2,class_selectivity,loss_free,62,2.8718068599700928
MNIST,medium,43,10,a2,class_selectivity,loss_free,63,4.949234962463379
MNIST,medium,43,10,a2,class_selectivity,loss_free,64,0.002891768701374531
MNIST,medium,43,10,a2,class_selectivity,loss_free,65,3.4807207584381104
MNIST,medium,43,10,a2,class_selectivity,loss_free,66,3.0830576419830322
MNIST,medium,43,10,a2,class_selectivity,loss_free,67,2.7469873428344727
MNIST,medium,43,10,a2,class_selectivity,loss_free,68,4.563217639923096
MNIST,medium,43,10,a2,class_selectivity,loss_free,69,3.6130213737487793
MNIST,medium,43,10,a2,class_selectivity,loss_free,70,3.0866410732269287
MNIST,medium,43,10,a2,class_selectivity,loss_free,71,6.125852584838867
MNIST,medium,43,10,a2,class_selectivity,loss_free,72,2.4185304641723633
MNIST,medium,43,10,a2,class_selectivity,loss_free,73,3.49049711227417
MNIST,medium,43,10,a2,class_selectivity,loss_free,74,4.077249526977539
MNIST,medium,43,10,a2,class_selectivity,loss_free,75,7.44906759262085
MNIST,medium,43,10,a2,class_selectivity,loss_free,76,3.137676239013672
MNIST,medium,43,10,a2,class_selectivity,loss_free,77,7.082063674926758
MNIST,medium,43,10,a2,class_selectivity,loss_free,78,4.9232258796691895
MNIST,medium,43,10,a2,class_selectivity,loss_free,79,3.83211088180542
MNIST,medium,43,10,a2,class_selectivity,loss_free,80,2.2166037559509277
MNIST,medium,43,10,a2,class_selectivity,loss_free,81,3.2276577949523926
MNIST,medium,43,10,a2,class_selectivity,loss_free,82,4.199246406555176
MNIST,medium,43,10,a2,class_selectivity,loss_free,83,3.5599656105041504
MNIST,medium,43,10,a2,class_selectivity,loss_free,84,5.324037551879883
MNIST,medium,43,10,a2,class_selectivity,loss_free,85,2.9453399181365967
MNIST,medium,43,10,a2,class_selectivity,loss_free,86,5.68928861618042
MNIST,medium,43,10,a2,class_selectivity,loss_free,87,1.8440297842025757
MNIST,medium,43,10,a2,class_selectivity,loss_free,88,2.7543792724609375
MNIST,medium,43,10,a2,class_selectivity,loss_free,89,5.4503021240234375
MNIST,medium,43,10,a2,class_selectivity,loss_free,90,2.567401170730591
MNIST,medium,43,10,a2,class_selectivity,loss_free,91,3.1314034461975098
MNIST,medium,43,10,a2,class_selectivity,loss_free,92,5.605496406555176
MNIST,medium,43,10,a2,class_selectivity,loss_free,93,3.979874849319458
MNIST,medium,43,10,a2,class_selectivity,loss_free,94,4.839790344238281
MNIST,medium,43,10,a2,class_selectivity,loss_free,95,4.262482643127441
MNIST,medium,43,10,a2,class_selectivity,loss_free,96,6.156129837036133
MNIST,medium,43,10,a2,class_selectivity,loss_free,97,0.0
MNIST,medium,43,10,a2,class_selectivity,loss_free,98,5.436164379119873
MNIST,medium,43,10,a2,class_selectivity,loss_free,99,3.3935372829437256
MNIST,medium,43,10,a2,class_selectivity,loss_free,100,1.1900328397750854
MNIST,medium,43,10,a2,class_selectivity,loss_free,101,4.0843424797058105
MNIST,medium,43,10,a2,class_selectivity,loss_free,102,5.637821197509766
MNIST,medium,43,10,a2,class_selectivity,loss_free,103,3.485360860824585
MNIST,medium,43,10,a2,class_selectivity,loss_free,104,5.839170455932617
MNIST,medium,43,10,a2,class_selectivity,loss_free,105,3.7409896850585938
MNIST,medium,43,10,a2,class_selectivity,loss_free,106,4.414182186126709
MNIST,medium,43,10,a2,class_selectivity,loss_free,107,4.560545444488525
MNIST,medium,43,10,a2,class_selectivity,loss_free,108,1.0221339464187622
MNIST,medium,43,10,a2,class_selectivity,loss_free,109,5.961962699890137
MNIST,medium,43,10,a2,class_selectivity,loss_free,110,0.00874162558466196
MNIST,medium,43,10,a2,class_selectivity,loss_free,111,2.706118583679199
MNIST,medium,43,10,a2,class_selectivity,loss_free,112,4.794458866119385
MNIST,medium,43,10,a2,class_selectivity,loss_free,113,5.080494403839111
MNIST,medium,43,10,a2,class_selectivity,loss_free,114,1.2256584167480469
MNIST,medium,43,10,a2,class_selectivity,loss_free,115,3.580204486846924
MNIST,medium,43,10,a2,class_selectivity,loss_free,116,5.629703044891357
MNIST,medium,43,10,a2,class_selectivity,loss_free,117,3.4057960510253906
MNIST,medium,43,10,a2,class_selectivity,loss_free,118,5.242555618286133
MNIST,medium,43,10,a2,class_selectivity,loss_free,119,2.9215924739837646
MNIST,medium,43,10,a2,class_selectivity,loss_free,120,3.9040510654449463
MNIST,medium,43,10,a2,class_selectivity,loss_free,121,0.0
MNIST,medium,43,10,a2,class_selectivity,loss_free,122,5.1208086013793945
MNIST,medium,43,10,a2,class_selectivity,loss_free,123,6.13004732131958
MNIST,medium,43,10,a2,class_selectivity,loss_free,124,3.92330265045166
MNIST,medium,43,10,a2,class_selectivity,loss_free,125,3.9021081924438477
MNIST,medium,43,10,a2,class_selectivity,loss_free,126,2.8071088790893555
MNIST,medium,43,10,a2,class_selectivity,loss_free,127,7.495162010192871
MNIST,medium,43,10,a2,class_selectivity,loss_free,128,1.3844964504241943
MNIST,medium,43,10,a2,class_selectivity,loss_free,129,3.6455159187316895
MNIST,medium,43,10,a2,class_selectivity,loss_free,130,2.6185600757598877
MNIST,medium,43,10,a2,class_selectivity,loss_free,131,1.8127297163009644
MNIST,medium,43,10,a2,class_selectivity,loss_free,132,4.68031644821167
MNIST,medium,43,10,a2,class_selectivity,loss_free,133,4.271169185638428
MNIST,medium,43,10,a2,class_selectivity,loss_free,134,5.455089092254639
MNIST,medium,43,10,a2,class_selectivity,loss_free,135,2.81585955619812
MNIST,medium,43,10,a2,class_selectivity,loss_free,136,2.020453929901123
MNIST,medium,43,10,a2,class_selectivity,loss_free,137,4.390621662139893
MNIST,medium,43,10,a2,class_selectivity,loss_free,138,4.817530632019043
MNIST,medium,43,10,a2,class_selectivity,loss_free,139,0.19284147024154663
MNIST,medium,43,10,a2,class_selectivity,loss_free,140,3.363816738128662
MNIST,medium,43,10,a2,class_selectivity,loss_free,141,5.348102569580078
MNIST,medium,43,10,a2,class_selectivity,loss_free,142,4.572131633758545
MNIST,medium,43,10,a2,class_selectivity,loss_free,143,4.306088447570801
MNIST,medium,43,10,a2,class_selectivity,loss_free,144,4.028267860412598
MNIST,medium,43,10,a2,class_selectivity,loss_free,145,6.451100826263428
MNIST,medium,43,10,a2,class_selectivity,loss_free,146,4.975888729095459
MNIST,medium,43,10,a2,class_selectivity,loss_free,147,3.8693718910217285
MNIST,medium,43,10,a2,class_selectivity,loss_free,148,3.770991325378418
MNIST,medium,43,10,a2,class_selectivity,loss_free,149,2.063570737838745
MNIST,medium,43,10,a2,class_selectivity,loss_free,150,5.82708740234375
MNIST,medium,43,10,a2,class_selectivity,loss_free,151,4.343243598937988
MNIST,medium,43,10,a2,class_selectivity,loss_free,152,5.173964023590088
MNIST,medium,43,10,a2,class_selectivity,loss_free,153,3.7842938899993896
MNIST,medium,43,10,a2,class_selectivity,loss_free,154,7.633981227874756
MNIST,medium,43,10,a2,class_selectivity,loss_free,155,1.810237169265747
MNIST,medium,43,10,a2,class_selectivity,loss_free,156,1.5864943265914917
MNIST,medium,43,10,a2,class_selectivity,loss_free,157,4.224822521209717
MNIST,medium,43,10,a2,class_selectivity,loss_free,158,0.4488551616668701
MNIST,medium,43,10,a2,class_selectivity,loss_free,159,4.140533447265625
MNIST,medium,43,10,a2,class_selectivity,loss_free,160,5.576200485229492
MNIST,medium,43,10,a2,class_selectivity,loss_free,161,4.270366668701172
MNIST,medium,43,10,a2,class_selectivity,loss_free,162,3.7631168365478516
MNIST,medium,43,10,a2,class_selectivity,loss_free,163,3.2127552032470703
MNIST,medium,43,10,a2,class_selectivity,loss_free,164,1.9982560873031616
MNIST,medium,43,10,a2,class_selectivity,loss_free,165,4.811967849731445
MNIST,medium,43,10,a2,class_selectivity,loss_free,166,4.350703716278076
MNIST,medium,43,10,a2,class_selectivity,loss_free,167,2.866326093673706
MNIST,medium,43,10,a2,class_selectivity,loss_free,168,3.852982997894287
MNIST,medium,43,10,a2,class_selectivity,loss_free,169,6.670652389526367
MNIST,medium,43,10,a2,class_selectivity,loss_free,170,5.625951290130615
MNIST,medium,43,10,a2,class_selectivity,loss_free,171,4.577320575714111
MNIST,medium,43,10,a2,class_selectivity,loss_free,172,3.7257142066955566
MNIST,medium,43,10,a2,class_selectivity,loss_free,173,0.0
MNIST,medium,43,10,a2,class_selectivity,loss_free,174,3.8384199142456055
MNIST,medium,43,10,a2,class_selectivity,loss_free,175,4.5723419189453125
MNIST,medium,43,10,a2,class_selectivity,loss_free,176,5.03594446182251
MNIST,medium,43,10,a2,class_selectivity,loss_free,177,5.4021525382995605
MNIST,medium,43,10,a2,class_selectivity,loss_free,178,2.5288569927215576
MNIST,medium,43,10,a2,class_selectivity,loss_free,179,8.276946067810059
MNIST,medium,43,10,a2,class_selectivity,loss_free,180,5.751783847808838
MNIST,medium,43,10,a2,class_selectivity,loss_free,181,3.5922513008117676
MNIST,medium,43,10,a2,class_selectivity,loss_free,182,4.235936641693115
MNIST,medium,43,10,a2,class_selectivity,loss_free,183,1.0785259008407593
MNIST,medium,43,10,a2,class_selectivity,loss_free,184,3.9054336547851562
MNIST,medium,43,10,a2,class_selectivity,loss_free,185,0.0
MNIST,medium,43,10,a2,class_selectivity,loss_free,186,2.5917019844055176
MNIST,medium,43,10,a2,class_selectivity,loss_free,187,4.176667213439941
MNIST,medium,43,10,a2,class_selectivity,loss_free,188,2.385220527648926
MNIST,medium,43,10,a2,class_selectivity,loss_free,189,0.9215317964553833
MNIST,medium,43,10,a2,class_selectivity,loss_free,190,3.9034337997436523
MNIST,medium,43,10,a2,class_selectivity,loss_free,191,6.264939308166504
MNIST,medium,43,10,a2,class_selectivity,loss_free,192,0.0
MNIST,medium,43,10,a2,class_selectivity,loss_free,193,7.261265277862549
MNIST,medium,43,10,a2,class_selectivity,loss_free,194,5.591244697570801
MNIST,medium,43,10,a2,class_selectivity,loss_free,195,2.8449978828430176
MNIST,medium,43,10,a2,class_selectivity,loss_free,196,5.62873649597168
MNIST,medium,43,10,a2,class_selectivity,loss_free,197,2.1660690307617188
MNIST,medium,43,10,a2,class_selectivity,loss_free,198,0.018615562468767166
MNIST,medium,43,10,a2,class_selectivity,loss_free,199,0.23703359067440033
MNIST,medium,43,10,a2,class_selectivity,loss_free,200,3.6517996788024902
MNIST,medium,43,10,a2,class_selectivity,loss_free,201,0.03381771594285965
MNIST,medium,43,10,a2,class_selectivity,loss_free,202,3.77512264251709
MNIST,medium,43,10,a2,class_selectivity,loss_free,203,0.6085558533668518
MNIST,medium,43,10,a2,class_selectivity,loss_free,204,2.4437332153320312
MNIST,medium,43,10,a2,class_selectivity,loss_free,205,5.424445629119873
MNIST,medium,43,10,a2,class_selectivity,loss_free,206,4.267930030822754
MNIST,medium,43,10,a2,class_selectivity,loss_free,207,0.1432914137840271
MNIST,medium,43,10,a2,class_selectivity,loss_free,208,3.0015883445739746
MNIST,medium,43,10,a2,class_selectivity,loss_free,209,6.359856128692627
MNIST,medium,43,10,a2,class_selectivity,loss_free,210,4.540909767150879
MNIST,medium,43,10,a2,class_selectivity,loss_free,211,2.2700212001800537
MNIST,medium,43,10,a2,class_selectivity,loss_free,212,2.993762493133545
MNIST,medium,43,10,a2,class_selectivity,loss_free,213,5.562781810760498
MNIST,medium,43,10,a2,class_selectivity,loss_free,214,4.5734052658081055
MNIST,medium,43,10,a2,class_selectivity,loss_free,215,2.7337453365325928
MNIST,medium,43,10,a2,class_selectivity,loss_free,216,3.5596837997436523
MNIST,medium,43,10,a2,class_selectivity,loss_free,217,4.852068901062012
MNIST,medium,43,10,a2,class_selectivity,loss_free,218,2.3407464027404785
MNIST,medium,43,10,a2,class_selectivity,loss_free,219,2.0644659996032715
MNIST,medium,43,10,a2,class_selectivity,loss_free,220,6.241765022277832
MNIST,medium,43,10,a2,class_selectivity,loss_free,221,0.6127399802207947
MNIST,medium,43,10,a2,class_selectivity,loss_free,222,3.1876308917999268
MNIST,medium,43,10,a2,class_selectivity,loss_free,223,2.8843448162078857
MNIST,medium,43,10,a2,class_selectivity,loss_free,224,5.918426990509033
MNIST,medium,43,10,a2,class_selectivity,loss_free,225,3.1897082328796387
MNIST,medium,43,10,a2,class_selectivity,loss_free,226,1.8023912906646729
MNIST,medium,43,10,a2,class_selectivity,loss_free,227,5.308693885803223
MNIST,medium,43,10,a2,class_selectivity,loss_free,228,4.854430198669434
MNIST,medium,43,10,a2,class_selectivity,loss_free,229,3.9895617961883545
MNIST,medium,43,10,a2,class_selectivity,loss_free,230,7.582722187042236
MNIST,medium,43,10,a2,class_selectivity,loss_free,231,2.5465922355651855
MNIST,medium,43,10,a2,class_selectivity,loss_free,232,4.6921539306640625
MNIST,medium,43,10,a2,class_selectivity,loss_free,233,1.8282299041748047
MNIST,medium,43,10,a2,class_selectivity,loss_free,234,4.433656692504883
MNIST,medium,43,10,a2,class_selectivity,loss_free,235,5.3041181564331055
MNIST,medium,43,10,a2,class_selectivity,loss_free,236,2.3934426307678223
MNIST,medium,43,10,a2,class_selectivity,loss_free,237,5.225464344024658
MNIST,medium,43,10,a2,class_selectivity,loss_free,238,6.049735069274902
MNIST,medium,43,10,a2,class_selectivity,loss_free,239,1.804858922958374
MNIST,medium,43,10,a2,class_selectivity,loss_free,240,4.3386359214782715
MNIST,medium,43,10,a2,class_selectivity,loss_free,241,7.767056941986084
MNIST,medium,43,10,a2,class_selectivity,loss_free,242,5.749741554260254
MNIST,medium,43,10,a2,class_selectivity,loss_free,243,6.087628364562988
MNIST,medium,43,10,a2,class_selectivity,loss_free,244,3.3183205127716064
MNIST,medium,43,10,a2,class_selectivity,loss_free,245,3.8447461128234863
MNIST,medium,43,10,a2,class_selectivity,loss_free,246,3.8781778812408447
MNIST,medium,43,10,a2,class_selectivity,loss_free,247,3.2835795879364014
MNIST,medium,43,10,a2,class_selectivity,loss_free,248,2.714531183242798
MNIST,medium,43,10,a2,class_selectivity,loss_free,249,7.844347953796387
MNIST,medium,43,10,a2,class_selectivity,loss_free,250,4.3964972496032715
MNIST,medium,43,10,a2,class_selectivity,loss_free,251,4.437434196472168
MNIST,medium,43,10,a2,class_selectivity,loss_free,252,2.107774496078491
MNIST,medium,43,10,a2,class_selectivity,loss_free,253,2.689974784851074
MNIST,medium,43,10,a2,class_selectivity,loss_free,254,1.2311162948608398
MNIST,medium,43,10,a2,class_selectivity,loss_free,255,3.888150453567505
MNIST,medium,43,10,a3,class_selectivity,loss_free,0,9.75381088256836
MNIST,medium,43,10,a3,class_selectivity,loss_free,1,6.498884201049805
MNIST,medium,43,10,a3,class_selectivity,loss_free,2,5.352770805358887
MNIST,medium,43,10,a3,class_selectivity,loss_free,3,3.6578876972198486
MNIST,medium,43,10,a3,class_selectivity,loss_free,4,2.7350966930389404
MNIST,medium,43,10,a3,class_selectivity,loss_free,5,13.974342346191406
MNIST,medium,43,10,a3,class_selectivity,loss_free,6,4.620935440063477
MNIST,medium,43,10,a3,class_selectivity,loss_free,7,8.502628326416016
MNIST,medium,43,10,a3,class_selectivity,loss_free,8,8.477633476257324
MNIST,medium,43,10,a3,class_selectivity,loss_free,9,5.757047176361084
MNIST,medium,43,10,a3,class_selectivity,loss_free,10,8.178635597229004
MNIST,medium,43,10,a3,class_selectivity,loss_free,11,9.064285278320312
MNIST,medium,43,10,a3,class_selectivity,loss_free,12,8.294050216674805
MNIST,medium,43,10,a3,class_selectivity,loss_free,13,7.148700714111328
MNIST,medium,43,10,a3,class_selectivity,loss_free,14,9.752141952514648
MNIST,medium,43,10,a3,class_selectivity,loss_free,15,4.091439723968506
MNIST,medium,43,10,a3,class_selectivity,loss_free,16,4.342449188232422
MNIST,medium,43,10,a3,class_selectivity,loss_free,17,4.037487030029297
MNIST,medium,43,10,a3,class_selectivity,loss_free,18,8.937950134277344
MNIST,medium,43,10,a3,class_selectivity,loss_free,19,4.564157485961914
MNIST,medium,43,10,a3,class_selectivity,loss_free,20,7.549277305603027
MNIST,medium,43,10,a3,class_selectivity,loss_free,21,9.704761505126953
MNIST,medium,43,10,a3,class_selectivity,loss_free,22,9.322797775268555
MNIST,medium,43,10,a3,class_selectivity,loss_free,23,10.23603630065918
MNIST,medium,43,10,a3,class_selectivity,loss_free,24,8.659244537353516
MNIST,medium,43,10,a3,class_selectivity,loss_free,25,7.218282222747803
MNIST,medium,43,10,a3,class_selectivity,loss_free,26,4.493145942687988
MNIST,medium,43,10,a3,class_selectivity,loss_free,27,8.477872848510742
MNIST,medium,43,10,a3,class_selectivity,loss_free,28,4.052063941955566
MNIST,medium,43,10,a3,class_selectivity,loss_free,29,5.067383766174316
MNIST,medium,43,10,a3,class_selectivity,loss_free,30,7.196401596069336
MNIST,medium,43,10,a3,class_selectivity,loss_free,31,5.72296142578125
MNIST,medium,43,10,a3,class_selectivity,loss_free,32,6.914260387420654
MNIST,medium,43,10,a3,class_selectivity,loss_free,33,10.489121437072754
MNIST,medium,43,10,a3,class_selectivity,loss_free,34,14.14124870300293
MNIST,medium,43,10,a3,class_selectivity,loss_free,35,8.857806205749512
MNIST,medium,43,10,a3,class_selectivity,loss_free,36,8.27462387084961
MNIST,medium,43,10,a3,class_selectivity,loss_free,37,5.538280487060547
MNIST,medium,43,10,a3,class_selectivity,loss_free,38,6.099212646484375
MNIST,medium,43,10,a3,class_selectivity,loss_free,39,3.8332459926605225
MNIST,medium,43,10,a3,class_selectivity,loss_free,40,9.486440658569336
MNIST,medium,43,10,a3,class_selectivity,loss_free,41,5.631821632385254
MNIST,medium,43,10,a3,class_selectivity,loss_free,42,11.827701568603516
MNIST,medium,43,10,a3,class_selectivity,loss_free,43,7.13199520111084
MNIST,medium,43,10,a3,class_selectivity,loss_free,44,5.594807147979736
MNIST,medium,43,10,a3,class_selectivity,loss_free,45,5.782362937927246
MNIST,medium,43,10,a3,class_selectivity,loss_free,46,9.512075424194336
MNIST,medium,43,10,a3,class_selectivity,loss_free,47,3.0638480186462402
MNIST,medium,43,10,a3,class_selectivity,loss_free,48,3.6895205974578857
MNIST,medium,43,10,a3,class_selectivity,loss_free,49,11.957805633544922
MNIST,medium,43,10,a3,class_selectivity,loss_free,50,3.8059847354888916
MNIST,medium,43,10,a3,class_selectivity,loss_free,51,4.643706321716309
MNIST,medium,43,10,a3,class_selectivity,loss_free,52,4.0670013427734375
MNIST,medium,43,10,a3,class_selectivity,loss_free,53,6.595620155334473
MNIST,medium,43,10,a3,class_selectivity,loss_free,54,5.642914772033691
MNIST,medium,43,10,a3,class_selectivity,loss_free,55,8.557130813598633
MNIST,medium,43,10,a3,class_selectivity,loss_free,56,4.413496971130371
MNIST,medium,43,10,a3,class_selectivity,loss_free,57,8.056087493896484
MNIST,medium,43,10,a3,class_selectivity,loss_free,58,8.918220520019531
MNIST,medium,43,10,a3,class_selectivity,loss_free,59,0.0
MNIST,medium,43,10,a3,class_selectivity,loss_free,60,11.172532081604004
MNIST,medium,43,10,a3,class_selectivity,loss_free,61,8.35600471496582
MNIST,medium,43,10,a3,class_selectivity,loss_free,62,7.208872318267822
MNIST,medium,43,10,a3,class_selectivity,loss_free,63,4.905078887939453
MNIST,medium,43,10,a3,class_selectivity,loss_free,64,8.260367393493652
MNIST,medium,43,10,a3,class_selectivity,loss_free,65,6.85200834274292
MNIST,medium,43,10,a3,class_selectivity,loss_free,66,10.235494613647461
MNIST,medium,43,10,a3,class_selectivity,loss_free,67,8.908974647521973
MNIST,medium,43,10,a3,class_selectivity,loss_free,68,5.210438251495361
MNIST,medium,43,10,a3,class_selectivity,loss_free,69,12.416566848754883
MNIST,medium,43,10,a3,class_selectivity,loss_free,70,6.054477691650391
MNIST,medium,43,10,a3,class_selectivity,loss_free,71,4.975296974182129
MNIST,medium,43,10,a3,class_selectivity,loss_free,72,9.373921394348145
MNIST,medium,43,10,a3,class_selectivity,loss_free,73,7.311817169189453
MNIST,medium,43,10,a3,class_selectivity,loss_free,74,3.5391733646392822
MNIST,medium,43,10,a3,class_selectivity,loss_free,75,6.631927490234375
MNIST,medium,43,10,a3,class_selectivity,loss_free,76,7.9208831787109375
MNIST,medium,43,10,a3,class_selectivity,loss_free,77,4.549578666687012
MNIST,medium,43,10,a3,class_selectivity,loss_free,78,0.0
MNIST,medium,43,10,a3,class_selectivity,loss_free,79,3.129610538482666
MNIST,medium,43,10,a3,class_selectivity,loss_free,80,7.423600196838379
MNIST,medium,43,10,a3,class_selectivity,loss_free,81,6.674171447753906
MNIST,medium,43,10,a3,class_selectivity,loss_free,82,8.659029006958008
MNIST,medium,43,10,a3,class_selectivity,loss_free,83,4.398065567016602
MNIST,medium,43,10,a3,class_selectivity,loss_free,84,4.6932525634765625
MNIST,medium,43,10,a3,class_selectivity,loss_free,85,5.31748104095459
MNIST,medium,43,10,a3,class_selectivity,loss_free,86,4.949361324310303
MNIST,medium,43,10,a3,class_selectivity,loss_free,87,15.101692199707031
MNIST,medium,43,10,a3,class_selectivity,loss_free,88,6.4416728019714355
MNIST,medium,43,10,a3,class_selectivity,loss_free,89,0.0
MNIST,medium,43,10,a3,class_selectivity,loss_free,90,10.954418182373047
MNIST,medium,43,10,a3,class_selectivity,loss_free,91,8.694535255432129
MNIST,medium,43,10,a3,class_selectivity,loss_free,92,5.463082313537598
MNIST,medium,43,10,a3,class_selectivity,loss_free,93,4.985131740570068
MNIST,medium,43,10,a3,class_selectivity,loss_free,94,6.560527801513672
MNIST,medium,43,10,a3,class_selectivity,loss_free,95,1.9554660320281982
MNIST,medium,43,10,a3,class_selectivity,loss_free,96,7.904300212860107
MNIST,medium,43,10,a3,class_selectivity,loss_free,97,4.130882263183594
MNIST,medium,43,10,a3,class_selectivity,loss_free,98,9.596452713012695
MNIST,medium,43,10,a3,class_selectivity,loss_free,99,7.084535598754883
MNIST,medium,43,10,a3,class_selectivity,loss_free,100,7.595451354980469
MNIST,medium,43,10,a3,class_selectivity,loss_free,101,3.9831714630126953
MNIST,medium,43,10,a3,class_selectivity,loss_free,102,4.413494110107422
MNIST,medium,43,10,a3,class_selectivity,loss_free,103,7.9258952140808105
MNIST,medium,43,10,a3,class_selectivity,loss_free,104,7.644651889801025
MNIST,medium,43,10,a3,class_selectivity,loss_free,105,10.923882484436035
MNIST,medium,43,10,a3,class_selectivity,loss_free,106,12.204919815063477
MNIST,medium,43,10,a3,class_selectivity,loss_free,107,3.744389295578003
MNIST,medium,43,10,a3,class_selectivity,loss_free,108,7.461545944213867
MNIST,medium,43,10,a3,class_selectivity,loss_free,109,4.565742492675781
MNIST,medium,43,10,a3,class_selectivity,loss_free,110,8.41930103302002
MNIST,medium,43,10,a3,class_selectivity,loss_free,111,9.764442443847656
MNIST,medium,43,10,a3,class_selectivity,loss_free,112,4.705818176269531
MNIST,medium,43,10,a3,class_selectivity,loss_free,113,8.585126876831055
MNIST,medium,43,10,a3,class_selectivity,loss_free,114,6.20977258682251
MNIST,medium,43,10,a3,class_selectivity,loss_free,115,13.493526458740234
MNIST,medium,43,10,a3,class_selectivity,loss_free,116,3.399012565612793
MNIST,medium,43,10,a3,class_selectivity,loss_free,117,7.7698893547058105
MNIST,medium,43,10,a3,class_selectivity,loss_free,118,7.363461017608643
MNIST,medium,43,10,a3,class_selectivity,loss_free,119,5.113663673400879
MNIST,medium,43,10,a3,class_selectivity,loss_free,120,13.353628158569336
MNIST,medium,43,10,a3,class_selectivity,loss_free,121,7.077298164367676
MNIST,medium,43,10,a3,class_selectivity,loss_free,122,7.928629398345947
MNIST,medium,43,10,a3,class_selectivity,loss_free,123,7.529461860656738
MNIST,medium,43,10,a3,class_selectivity,loss_free,124,6.673222541809082
MNIST,medium,43,10,a3,class_selectivity,loss_free,125,4.067011833190918
MNIST,medium,43,10,a3,class_selectivity,loss_free,126,7.085435390472412
MNIST,medium,43,10,a3,class_selectivity,loss_free,127,4.177778244018555
MNIST,medium,43,10,a4,class_selectivity,loss_free,0,8.898482322692871
MNIST,medium,43,10,a4,class_selectivity,loss_free,1,9.686788558959961
MNIST,medium,43,10,a4,class_selectivity,loss_free,2,6.7744951248168945
MNIST,medium,43,10,a4,class_selectivity,loss_free,3,6.487831115722656
MNIST,medium,43,10,a4,class_selectivity,loss_free,4,6.026086807250977
MNIST,medium,43,10,a4,class_selectivity,loss_free,5,9.491844177246094
MNIST,medium,43,10,a4,class_selectivity,loss_free,6,4.789736747741699
MNIST,medium,43,10,a4,class_selectivity,loss_free,7,6.360888481140137
MNIST,medium,43,10,a4,class_selectivity,loss_free,8,4.269190788269043
MNIST,medium,43,10,a4,class_selectivity,loss_free,9,6.69014835357666
MNIST,medium,43,10,a4,class_selectivity,loss_free,10,5.491135120391846
MNIST,medium,43,10,a4,class_selectivity,loss_free,11,6.118978500366211
MNIST,medium,43,10,a4,class_selectivity,loss_free,12,8.39411735534668
MNIST,medium,43,10,a4,class_selectivity,loss_free,13,8.683700561523438
MNIST,medium,43,10,a4,class_selectivity,loss_free,14,7.59666633605957
MNIST,medium,43,10,a4,class_selectivity,loss_free,15,5.432971477508545
MNIST,medium,43,10,a4,class_selectivity,loss_free,16,6.344162940979004
MNIST,medium,43,10,a4,class_selectivity,loss_free,17,4.8790669441223145
MNIST,medium,43,10,a4,class_selectivity,loss_free,18,4.544449806213379
MNIST,medium,43,10,a4,class_selectivity,loss_free,19,12.986289024353027
MNIST,medium,43,10,a4,class_selectivity,loss_free,20,5.620830059051514
MNIST,medium,43,10,a4,class_selectivity,loss_free,21,5.530431270599365
MNIST,medium,43,10,a4,class_selectivity,loss_free,22,12.796363830566406
MNIST,medium,43,10,a4,class_selectivity,loss_free,23,6.615182876586914
MNIST,medium,43,10,a4,class_selectivity,loss_free,24,5.645280838012695
MNIST,medium,43,10,a4,class_selectivity,loss_free,25,5.049022674560547
MNIST,medium,43,10,a4,class_selectivity,loss_free,26,6.1621294021606445
MNIST,medium,43,10,a4,class_selectivity,loss_free,27,9.059078216552734
MNIST,medium,43,10,a4,class_selectivity,loss_free,28,6.9755635261535645
MNIST,medium,43,10,a4,class_selectivity,loss_free,29,4.342592239379883
MNIST,medium,43,10,a4,class_selectivity,loss_free,30,7.621020317077637
MNIST,medium,43,10,a4,class_selectivity,loss_free,31,9.56052017211914
MNIST,medium,43,10,a4,class_selectivity,loss_free,32,6.210255146026611
MNIST,medium,43,10,a4,class_selectivity,loss_free,33,5.321448802947998
MNIST,medium,43,10,a4,class_selectivity,loss_free,34,6.856918811798096
MNIST,medium,43,10,a4,class_selectivity,loss_free,35,5.774311542510986
MNIST,medium,43,10,a4,class_selectivity,loss_free,36,4.773693561553955
MNIST,medium,43,10,a4,class_selectivity,loss_free,37,6.5159993171691895
MNIST,medium,43,10,a4,class_selectivity,loss_free,38,10.635736465454102
MNIST,medium,43,10,a4,class_selectivity,loss_free,39,6.591612339019775
MNIST,medium,43,10,a4,class_selectivity,loss_free,40,5.5470733642578125
MNIST,medium,43,10,a4,class_selectivity,loss_free,41,4.704237461090088
MNIST,medium,43,10,a4,class_selectivity,loss_free,42,5.240066051483154
MNIST,medium,43,10,a4,class_selectivity,loss_free,43,8.202157020568848
MNIST,medium,43,10,a4,class_selectivity,loss_free,44,7.798943996429443
MNIST,medium,43,10,a4,class_selectivity,loss_free,45,9.647693634033203
MNIST,medium,43,10,a4,class_selectivity,loss_free,46,6.307441234588623
MNIST,medium,43,10,a4,class_selectivity,loss_free,47,7.112905502319336
MNIST,medium,43,10,a4,class_selectivity,loss_free,48,6.236828804016113
MNIST,medium,43,10,a4,class_selectivity,loss_free,49,4.857098579406738
MNIST,medium,43,10,a4,class_selectivity,loss_free,50,4.958703517913818
MNIST,medium,43,10,a4,class_selectivity,loss_free,51,6.764060974121094
MNIST,medium,43,10,a4,class_selectivity,loss_free,52,8.828056335449219
MNIST,medium,43,10,a4,class_selectivity,loss_free,53,6.853664875030518
MNIST,medium,43,10,a4,class_selectivity,loss_free,54,7.309074878692627
MNIST,medium,43,10,a4,class_selectivity,loss_free,55,3.634613275527954
MNIST,medium,43,10,a4,class_selectivity,loss_free,56,5.432032585144043
MNIST,medium,43,10,a4,class_selectivity,loss_free,57,5.236429214477539
MNIST,medium,43,10,a4,class_selectivity,loss_free,58,7.2347869873046875
MNIST,medium,43,10,a4,class_selectivity,loss_free,59,12.059479713439941
MNIST,medium,43,10,a4,class_selectivity,loss_free,60,6.033358573913574
MNIST,medium,43,10,a4,class_selectivity,loss_free,61,6.323158264160156
MNIST,medium,43,10,a4,class_selectivity,loss_free,62,8.875024795532227
MNIST,medium,43,10,a4,class_selectivity,loss_free,63,6.589648723602295
MNIST,medium,43,10,a1,redundancy,loss_free,0,-0.7106696367263794
MNIST,medium,43,10,a1,redundancy,loss_free,1,-0.6070606112480164
MNIST,medium,43,10,a1,redundancy,loss_free,2,-0.4369308054447174
MNIST,medium,43,10,a1,redundancy,loss_free,3,-0.0
MNIST,medium,43,10,a1,redundancy,loss_free,4,-0.5207651257514954
MNIST,medium,43,10,a1,redundancy,loss_free,5,-0.575869083404541
MNIST,medium,43,10,a1,redundancy,loss_free,6,-0.5613481998443604
MNIST,medium,43,10,a1,redundancy,loss_free,7,-0.0
MNIST,medium,43,10,a1,redundancy,loss_free,8,-0.5776875019073486
MNIST,medium,43,10,a1,redundancy,loss_free,9,-0.5823590755462646
MNIST,medium,43,10,a1,redundancy,loss_free,10,-0.6286383271217346
MNIST,medium,43,10,a1,redundancy,loss_free,11,-0.8461936712265015
MNIST,medium,43,10,a1,redundancy,loss_free,12,-0.5206549167633057
MNIST,medium,43,10,a1,redundancy,loss_free,13,-0.43741747736930847
MNIST,medium,43,10,a1,redundancy,loss_free,14,-0.6903568506240845
MNIST,medium,43,10,a1,redundancy,loss_free,15,-0.6970455050468445
MNIST,medium,43,10,a1,redundancy,loss_free,16,-0.4880468249320984
MNIST,medium,43,10,a1,redundancy,loss_free,17,-0.8081767559051514
MNIST,medium,43,10,a1,redundancy,loss_free,18,-0.6598089337348938
MNIST,medium,43,10,a1,redundancy,loss_free,19,-0.33847776055336
MNIST,medium,43,10,a1,redundancy,loss_free,20,-0.6067401170730591
MNIST,medium,43,10,a1,redundancy,loss_free,21,-0.585959792137146
MNIST,medium,43,10,a1,redundancy,loss_free,22,-0.6968669891357422
MNIST,medium,43,10,a1,redundancy,loss_free,23,-0.0
MNIST,medium,43,10,a1,redundancy,loss_free,24,-0.5537785887718201
MNIST,medium,43,10,a1,redundancy,loss_free,25,-0.8461936712265015
MNIST,medium,43,10,a1,redundancy,loss_free,26,-0.7095579504966736
MNIST,medium,43,10,a1,redundancy,loss_free,27,-0.6819607615470886
MNIST,medium,43,10,a1,redundancy,loss_free,28,-0.0
MNIST,medium,43,10,a1,redundancy,loss_free,29,-0.45536717772483826
MNIST,medium,43,10,a1,redundancy,loss_free,30,-0.897258996963501
MNIST,medium,43,10,a1,redundancy,loss_free,31,-0.0
MNIST,medium,43,10,a1,redundancy,loss_free,32,-0.5846875905990601
MNIST,medium,43,10,a1,redundancy,loss_free,33,-0.6477084755897522
MNIST,medium,43,10,a1,redundancy,loss_free,34,-0.0
MNIST,medium,43,10,a1,redundancy,loss_free,35,-0.35753417015075684
MNIST,medium,43,10,a1,redundancy,loss_free,36,-0.7034491896629333
MNIST,medium,43,10,a1,redundancy,loss_free,37,-0.0
MNIST,medium,43,10,a1,redundancy,loss_free,38,-0.8010042309761047
MNIST,medium,43,10,a1,redundancy,loss_free,39,-0.5204833149909973
MNIST,medium,43,10,a1,redundancy,loss_free,40,-0.7804516553878784
MNIST,medium,43,10,a1,redundancy,loss_free,41,-0.7217762470245361
MNIST,medium,43,10,a1,redundancy,loss_free,42,-0.0
MNIST,medium,43,10,a1,redundancy,loss_free,43,-0.4898439943790436
MNIST,medium,43,10,a1,redundancy,loss_free,44,-0.5146846175193787
MNIST,medium,43,10,a1,redundancy,loss_free,45,-0.8128393888473511
MNIST,medium,43,10,a1,redundancy,loss_free,46,-0.703166663646698
MNIST,medium,43,10,a1,redundancy,loss_free,47,-0.7381513714790344
MNIST,medium,43,10,a1,redundancy,loss_free,48,-0.6896334290504456
MNIST,medium,43,10,a1,redundancy,loss_free,49,-0.3247983157634735
MNIST,medium,43,10,a1,redundancy,loss_free,50,-0.0
MNIST,medium,43,10,a1,redundancy,loss_free,51,-0.6821528077125549
MNIST,medium,43,10,a1,redundancy,loss_free,52,-0.5883743762969971
MNIST,medium,43,10,a1,redundancy,loss_free,53,-0.0
MNIST,medium,43,10,a1,redundancy,loss_free,54,-0.897258996963501
MNIST,medium,43,10,a1,redundancy,loss_free,55,-0.0
MNIST,medium,43,10,a1,redundancy,loss_free,56,-0.8981579542160034
MNIST,medium,43,10,a1,redundancy,loss_free,57,-0.5289481282234192
MNIST,medium,43,10,a1,redundancy,loss_free,58,-0.5728946924209595
MNIST,medium,43,10,a1,redundancy,loss_free,59,-0.6363403797149658
MNIST,medium,43,10,a1,redundancy,loss_free,60,-0.42569276690483093
MNIST,medium,43,10,a1,redundancy,loss_free,61,-0.6089370846748352
MNIST,medium,43,10,a1,redundancy,loss_free,62,-0.0
MNIST,medium,43,10,a1,redundancy,loss_free,63,-0.7050771713256836
MNIST,medium,43,10,a1,redundancy,loss_free,64,-0.8286051154136658
MNIST,medium,43,10,a1,redundancy,loss_free,65,-0.5884631872177124
MNIST,medium,43,10,a1,redundancy,loss_free,66,-0.5517295598983765
MNIST,medium,43,10,a1,redundancy,loss_free,67,-0.6023778915405273
MNIST,medium,43,10,a1,redundancy,loss_free,68,-0.6461865901947021
MNIST,medium,43,10,a1,redundancy,loss_free,69,-0.6340253949165344
MNIST,medium,43,10,a1,redundancy,loss_free,70,-0.6857693195343018
MNIST,medium,43,10,a1,redundancy,loss_free,71,-0.6860231757164001
MNIST,medium,43,10,a1,redundancy,loss_free,72,-0.7527417540550232
MNIST,medium,43,10,a1,redundancy,loss_free,73,-0.696532130241394
MNIST,medium,43,10,a1,redundancy,loss_free,74,-0.8931266665458679
MNIST,medium,43,10,a1,redundancy,loss_free,75,-0.5633278489112854
MNIST,medium,43,10,a1,redundancy,loss_free,76,-0.48668840527534485
MNIST,medium,43,10,a1,redundancy,loss_free,77,-0.865253210067749
MNIST,medium,43,10,a1,redundancy,loss_free,78,-0.7057814002037048
MNIST,medium,43,10,a1,redundancy,loss_free,79,-0.0
MNIST,medium,43,10,a1,redundancy,loss_free,80,-0.5785454511642456
MNIST,medium,43,10,a1,redundancy,loss_free,81,-0.4373917281627655
MNIST,medium,43,10,a1,redundancy,loss_free,82,-0.5947034955024719
MNIST,medium,43,10,a1,redundancy,loss_free,83,-0.6837216019630432
MNIST,medium,43,10,a1,redundancy,loss_free,84,-0.11480867117643356
MNIST,medium,43,10,a1,redundancy,loss_free,85,-0.0
MNIST,medium,43,10,a1,redundancy,loss_free,86,-0.6221783757209778
MNIST,medium,43,10,a1,redundancy,loss_free,87,-0.5566604137420654
MNIST,medium,43,10,a1,redundancy,loss_free,88,-0.7211129665374756
MNIST,medium,43,10,a1,redundancy,loss_free,89,-0.8128393888473511
MNIST,medium,43,10,a1,redundancy,loss_free,90,-0.0
MNIST,medium,43,10,a1,redundancy,loss_free,91,-0.5796079635620117
MNIST,medium,43,10,a1,redundancy,loss_free,92,-0.748663604259491
MNIST,medium,43,10,a1,redundancy,loss_free,93,-0.6988604664802551
MNIST,medium,43,10,a1,redundancy,loss_free,94,-0.6390458345413208
MNIST,medium,43,10,a1,redundancy,loss_free,95,-0.7588961124420166
MNIST,medium,43,10,a1,redundancy,loss_free,96,-0.8010042309761047
MNIST,medium,43,10,a1,redundancy,loss_free,97,-0.6184223294258118
MNIST,medium,43,10,a1,redundancy,loss_free,98,-0.7407746911048889
MNIST,medium,43,10,a1,redundancy,loss_free,99,-0.5619213581085205
MNIST,medium,43,10,a1,redundancy,loss_free,100,-0.7768695950508118
MNIST,medium,43,10,a1,redundancy,loss_free,101,-0.5451210141181946
MNIST,medium,43,10,a1,redundancy,loss_free,102,-0.4477561116218567
MNIST,medium,43,10,a1,redundancy,loss_free,103,-0.0
MNIST,medium,43,10,a1,redundancy,loss_free,104,-0.6351429224014282
MNIST,medium,43,10,a1,redundancy,loss_free,105,-0.7693307995796204
MNIST,medium,43,10,a1,redundancy,loss_free,106,-0.6135762333869934
MNIST,medium,43,10,a1,redundancy,loss_free,107,-0.5714214444160461
MNIST,medium,43,10,a1,redundancy,loss_free,108,-0.3412974178791046
MNIST,medium,43,10,a1,redundancy,loss_free,109,-0.753038763999939
MNIST,medium,43,10,a1,redundancy,loss_free,110,-0.5953534841537476
MNIST,medium,43,10,a1,redundancy,loss_free,111,-0.698260486125946
MNIST,medium,43,10,a1,redundancy,loss_free,112,-0.7407746911048889
MNIST,medium,43,10,a1,redundancy,loss_free,113,-0.6462756395339966
MNIST,medium,43,10,a1,redundancy,loss_free,114,-0.47206875681877136
MNIST,medium,43,10,a1,redundancy,loss_free,115,-0.696532130241394
MNIST,medium,43,10,a1,redundancy,loss_free,116,-0.8532891273498535
MNIST,medium,43,10,a1,redundancy,loss_free,117,-0.5938546061515808
MNIST,medium,43,10,a1,redundancy,loss_free,118,-0.6863377094268799
MNIST,medium,43,10,a1,redundancy,loss_free,119,-0.7172409296035767
MNIST,medium,43,10,a1,redundancy,loss_free,120,-0.43020033836364746
MNIST,medium,43,10,a1,redundancy,loss_free,121,-0.4489440619945526
MNIST,medium,43,10,a1,redundancy,loss_free,122,-0.6653423309326172
MNIST,medium,43,10,a1,redundancy,loss_free,123,-0.6658244132995605
MNIST,medium,43,10,a1,redundancy,loss_free,124,-0.0
MNIST,medium,43,10,a1,redundancy,loss_free,125,-0.6822167634963989
MNIST,medium,43,10,a1,redundancy,loss_free,126,-0.6023778915405273
MNIST,medium,43,10,a1,redundancy,loss_free,127,-0.840507984161377
MNIST,medium,43,10,a1,redundancy,loss_free,128,-0.6169949173927307
MNIST,medium,43,10,a1,redundancy,loss_free,129,-0.6299875974655151
MNIST,medium,43,10,a1,redundancy,loss_free,130,-0.5210394859313965
MNIST,medium,43,10,a1,redundancy,loss_free,131,-0.4701749384403229
MNIST,medium,43,10,a1,redundancy,loss_free,132,-0.5261463522911072
MNIST,medium,43,10,a1,redundancy,loss_free,133,-0.6447910070419312
MNIST,medium,43,10,a1,redundancy,loss_free,134,-0.7964332103729248
MNIST,medium,43,10,a1,redundancy,loss_free,135,-0.5119922161102295
MNIST,medium,43,10,a1,redundancy,loss_free,136,-0.5316740274429321
MNIST,medium,43,10,a1,redundancy,loss_free,137,-0.5953534841537476
MNIST,medium,43,10,a1,redundancy,loss_free,138,-0.5913477540016174
MNIST,medium,43,10,a1,redundancy,loss_free,139,-0.8766632080078125
MNIST,medium,43,10,a1,redundancy,loss_free,140,-0.0
MNIST,medium,43,10,a1,redundancy,loss_free,141,-0.5241799354553223
MNIST,medium,43,10,a1,redundancy,loss_free,142,-0.6837216019630432
MNIST,medium,43,10,a1,redundancy,loss_free,143,-0.5590519905090332
MNIST,medium,43,10,a1,redundancy,loss_free,144,-0.0
MNIST,medium,43,10,a1,redundancy,loss_free,145,-0.5431275367736816
MNIST,medium,43,10,a1,redundancy,loss_free,146,-0.4904325008392334
MNIST,medium,43,10,a1,redundancy,loss_free,147,-0.6020204424858093
MNIST,medium,43,10,a1,redundancy,loss_free,148,-0.4122638404369354
MNIST,medium,43,10,a1,redundancy,loss_free,149,-0.3639972507953644
MNIST,medium,43,10,a1,redundancy,loss_free,150,-0.0
MNIST,medium,43,10,a1,redundancy,loss_free,151,-0.5989567637443542
MNIST,medium,43,10,a1,redundancy,loss_free,152,-0.6066491007804871
MNIST,medium,43,10,a1,redundancy,loss_free,153,-0.0
MNIST,medium,43,10,a1,redundancy,loss_free,154,-0.0
MNIST,medium,43,10,a1,redundancy,loss_free,155,-0.6475816965103149
MNIST,medium,43,10,a1,redundancy,loss_free,156,-0.6282709836959839
MNIST,medium,43,10,a1,redundancy,loss_free,157,-0.6658519506454468
MNIST,medium,43,10,a1,redundancy,loss_free,158,-0.516335129737854
MNIST,medium,43,10,a1,redundancy,loss_free,159,-0.4898439943790436
MNIST,medium,43,10,a1,redundancy,loss_free,160,-0.598490297794342
MNIST,medium,43,10,a1,redundancy,loss_free,161,-0.23305737972259521
MNIST,medium,43,10,a1,redundancy,loss_free,162,-0.6260606646537781
MNIST,medium,43,10,a1,redundancy,loss_free,163,-0.6189807653427124
MNIST,medium,43,10,a1,redundancy,loss_free,164,-0.7964332103729248
MNIST,medium,43,10,a1,redundancy,loss_free,165,-0.6853427290916443
MNIST,medium,43,10,a1,redundancy,loss_free,166,-0.7206297516822815
MNIST,medium,43,10,a1,redundancy,loss_free,167,-0.35959920287132263
MNIST,medium,43,10,a1,redundancy,loss_free,168,-0.4341692328453064
MNIST,medium,43,10,a1,redundancy,loss_free,169,-0.8286051154136658
MNIST,medium,43,10,a1,redundancy,loss_free,170,-0.17102153599262238
MNIST,medium,43,10,a1,redundancy,loss_free,171,-0.6166083216667175
MNIST,medium,43,10,a1,redundancy,loss_free,172,-0.6066491007804871
MNIST,medium,43,10,a1,redundancy,loss_free,173,-0.35218119621276855
MNIST,medium,43,10,a1,redundancy,loss_free,174,-0.5632162690162659
MNIST,medium,43,10,a1,redundancy,loss_free,175,-0.47599726915359497
MNIST,medium,43,10,a1,redundancy,loss_free,176,-0.865253210067749
MNIST,medium,43,10,a1,redundancy,loss_free,177,-0.708204984664917
MNIST,medium,43,10,a1,redundancy,loss_free,178,-0.8656912446022034
MNIST,medium,43,10,a1,redundancy,loss_free,179,-0.5525198578834534
MNIST,medium,43,10,a1,redundancy,loss_free,180,-0.3430405557155609
MNIST,medium,43,10,a1,redundancy,loss_free,181,-0.46789929270744324
MNIST,medium,43,10,a1,redundancy,loss_free,182,-0.6166083216667175
MNIST,medium,43,10,a1,redundancy,loss_free,183,-0.5379772186279297
MNIST,medium,43,10,a1,redundancy,loss_free,184,-0.49218249320983887
MNIST,medium,43,10,a1,redundancy,loss_free,185,-0.7260254621505737
MNIST,medium,43,10,a1,redundancy,loss_free,186,-0.6435574293136597
MNIST,medium,43,10,a1,redundancy,loss_free,187,-0.5256332755088806
MNIST,medium,43,10,a1,redundancy,loss_free,188,-0.7384787201881409
MNIST,medium,43,10,a1,redundancy,loss_free,189,-0.4337400496006012
MNIST,medium,43,10,a1,redundancy,loss_free,190,-0.7419438362121582
MNIST,medium,43,10,a1,redundancy,loss_free,191,-0.6501744985580444
MNIST,medium,43,10,a1,redundancy,loss_free,192,-0.704627275466919
MNIST,medium,43,10,a1,redundancy,loss_free,193,-0.47523096203804016
MNIST,medium,43,10,a1,redundancy,loss_free,194,-0.4147774279117584
MNIST,medium,43,10,a1,redundancy,loss_free,195,-0.6090520024299622
MNIST,medium,43,10,a1,redundancy,loss_free,196,-0.5585334300994873
MNIST,medium,43,10,a1,redundancy,loss_free,197,-0.6638761758804321
MNIST,medium,43,10,a1,redundancy,loss_free,198,-0.652400016784668
MNIST,medium,43,10,a1,redundancy,loss_free,199,-0.4561402201652527
MNIST,medium,43,10,a1,redundancy,loss_free,200,-0.7153522968292236
MNIST,medium,43,10,a1,redundancy,loss_free,201,-0.2555067539215088
MNIST,medium,43,10,a1,redundancy,loss_free,202,-0.6644294857978821
MNIST,medium,43,10,a1,redundancy,loss_free,203,-0.700852632522583
MNIST,medium,43,10,a1,redundancy,loss_free,204,-0.7166631817817688
MNIST,medium,43,10,a1,redundancy,loss_free,205,-0.5061882138252258
MNIST,medium,43,10,a1,redundancy,loss_free,206,-0.7319865226745605
MNIST,medium,43,10,a1,redundancy,loss_free,207,-0.8335148692131042
MNIST,medium,43,10,a1,redundancy,loss_free,208,-0.7129762768745422
MNIST,medium,43,10,a1,redundancy,loss_free,209,-0.7290468811988831
MNIST,medium,43,10,a1,redundancy,loss_free,210,-0.4887767732143402
MNIST,medium,43,10,a1,redundancy,loss_free,211,-0.6305850148200989
MNIST,medium,43,10,a1,redundancy,loss_free,212,-0.8125624656677246
MNIST,medium,43,10,a1,redundancy,loss_free,213,-0.0
MNIST,medium,43,10,a1,redundancy,loss_free,214,-0.7015361189842224
MNIST,medium,43,10,a1,redundancy,loss_free,215,-0.18926717340946198
MNIST,medium,43,10,a1,redundancy,loss_free,216,-0.6086084246635437
MNIST,medium,43,10,a1,redundancy,loss_free,217,-0.8766632080078125
MNIST,medium,43,10,a1,redundancy,loss_free,218,-0.0
MNIST,medium,43,10,a1,redundancy,loss_free,219,-0.0
MNIST,medium,43,10,a1,redundancy,loss_free,220,-0.7153522968292236
MNIST,medium,43,10,a1,redundancy,loss_free,221,-0.5805473923683167
MNIST,medium,43,10,a1,redundancy,loss_free,222,-0.5276049375534058
MNIST,medium,43,10,a1,redundancy,loss_free,223,-0.6145949363708496
MNIST,medium,43,10,a1,redundancy,loss_free,224,-0.6881554126739502
MNIST,medium,43,10,a1,redundancy,loss_free,225,-0.6398282051086426
MNIST,medium,43,10,a1,redundancy,loss_free,226,-0.5266319513320923
MNIST,medium,43,10,a1,redundancy,loss_free,227,-0.6501744985580444
MNIST,medium,43,10,a1,redundancy,loss_free,228,-0.6130616664886475
MNIST,medium,43,10,a1,redundancy,loss_free,229,-0.6380815505981445
MNIST,medium,43,10,a1,redundancy,loss_free,230,-0.6358147859573364
MNIST,medium,43,10,a1,redundancy,loss_free,231,-0.5599558353424072
MNIST,medium,43,10,a1,redundancy,loss_free,232,-0.35975873470306396
MNIST,medium,43,10,a1,redundancy,loss_free,233,-0.6750251650810242
MNIST,medium,43,10,a1,redundancy,loss_free,234,-0.7172409296035767
MNIST,medium,43,10,a1,redundancy,loss_free,235,-0.5822081565856934
MNIST,medium,43,10,a1,redundancy,loss_free,236,-0.6509144902229309
MNIST,medium,43,10,a1,redundancy,loss_free,237,-0.704627275466919
MNIST,medium,43,10,a1,redundancy,loss_free,238,-0.48870694637298584
MNIST,medium,43,10,a1,redundancy,loss_free,239,-0.5146846175193787
MNIST,medium,43,10,a1,redundancy,loss_free,240,-0.42592164874076843
MNIST,medium,43,10,a1,redundancy,loss_free,241,-0.6674816608428955
MNIST,medium,43,10,a1,redundancy,loss_free,242,-0.6219943165779114
MNIST,medium,43,10,a1,redundancy,loss_free,243,-0.39300239086151123
MNIST,medium,43,10,a1,redundancy,loss_free,244,-0.6636661887168884
MNIST,medium,43,10,a1,redundancy,loss_free,245,-0.0
MNIST,medium,43,10,a1,redundancy,loss_free,246,-0.7206297516822815
MNIST,medium,43,10,a1,redundancy,loss_free,247,-0.7217762470245361
MNIST,medium,43,10,a1,redundancy,loss_free,248,-0.7693307995796204
MNIST,medium,43,10,a1,redundancy,loss_free,249,-0.9451069831848145
MNIST,medium,43,10,a1,redundancy,loss_free,250,-0.5489157438278198
MNIST,medium,43,10,a1,redundancy,loss_free,251,-0.7588961124420166
MNIST,medium,43,10,a1,redundancy,loss_free,252,-0.47073638439178467
MNIST,medium,43,10,a1,redundancy,loss_free,253,-0.6271649599075317
MNIST,medium,43,10,a1,redundancy,loss_free,254,-0.758377194404602
MNIST,medium,43,10,a1,redundancy,loss_free,255,-0.5832317471504211
MNIST,medium,43,10,a1,redundancy,loss_free,256,-0.4695069193840027
MNIST,medium,43,10,a1,redundancy,loss_free,257,-0.6771811246871948
MNIST,medium,43,10,a1,redundancy,loss_free,258,-0.0
MNIST,medium,43,10,a1,redundancy,loss_free,259,-0.703416109085083
MNIST,medium,43,10,a1,redundancy,loss_free,260,-0.6689053177833557
MNIST,medium,43,10,a1,redundancy,loss_free,261,-0.6881554126739502
MNIST,medium,43,10,a1,redundancy,loss_free,262,-0.6940727233886719
MNIST,medium,43,10,a1,redundancy,loss_free,263,-0.6997613310813904
MNIST,medium,43,10,a1,redundancy,loss_free,264,-0.6097411513328552
MNIST,medium,43,10,a1,redundancy,loss_free,265,-0.708204984664917
MNIST,medium,43,10,a1,redundancy,loss_free,266,-0.8830971717834473
MNIST,medium,43,10,a1,redundancy,loss_free,267,-0.25669577717781067
MNIST,medium,43,10,a1,redundancy,loss_free,268,-0.4626242518424988
MNIST,medium,43,10,a1,redundancy,loss_free,269,-0.4096505641937256
MNIST,medium,43,10,a1,redundancy,loss_free,270,-0.636374831199646
MNIST,medium,43,10,a1,redundancy,loss_free,271,-0.4843505620956421
MNIST,medium,43,10,a1,redundancy,loss_free,272,-0.46615150570869446
MNIST,medium,43,10,a1,redundancy,loss_free,273,-0.652400016784668
MNIST,medium,43,10,a1,redundancy,loss_free,274,-0.0
MNIST,medium,43,10,a1,redundancy,loss_free,275,-0.0
MNIST,medium,43,10,a1,redundancy,loss_free,276,-0.7491095662117004
MNIST,medium,43,10,a1,redundancy,loss_free,277,-0.17342296242713928
MNIST,medium,43,10,a1,redundancy,loss_free,278,-0.6377465128898621
MNIST,medium,43,10,a1,redundancy,loss_free,279,-0.6119934916496277
MNIST,medium,43,10,a1,redundancy,loss_free,280,-0.6519812345504761
MNIST,medium,43,10,a1,redundancy,loss_free,281,-0.45017582178115845
MNIST,medium,43,10,a1,redundancy,loss_free,282,-0.3797354996204376
MNIST,medium,43,10,a1,redundancy,loss_free,283,-0.506091833114624
MNIST,medium,43,10,a1,redundancy,loss_free,284,-0.5131606459617615
MNIST,medium,43,10,a1,redundancy,loss_free,285,-0.7768613696098328
MNIST,medium,43,10,a1,redundancy,loss_free,286,-0.5206798315048218
MNIST,medium,43,10,a1,redundancy,loss_free,287,-0.5078655481338501
MNIST,medium,43,10,a1,redundancy,loss_free,288,-0.5470959544181824
MNIST,medium,43,10,a1,redundancy,loss_free,289,-0.6747859120368958
MNIST,medium,43,10,a1,redundancy,loss_free,290,-0.6531724333763123
MNIST,medium,43,10,a1,redundancy,loss_free,291,-0.6199979782104492
MNIST,medium,43,10,a1,redundancy,loss_free,292,-0.7017903923988342
MNIST,medium,43,10,a1,redundancy,loss_free,293,-0.8981579542160034
MNIST,medium,43,10,a1,redundancy,loss_free,294,-0.6810575127601624
MNIST,medium,43,10,a1,redundancy,loss_free,295,-0.0
MNIST,medium,43,10,a1,redundancy,loss_free,296,-0.5955133438110352
MNIST,medium,43,10,a1,redundancy,loss_free,297,-0.0
MNIST,medium,43,10,a1,redundancy,loss_free,298,-0.6026097536087036
MNIST,medium,43,10,a1,redundancy,loss_free,299,-0.7804516553878784
MNIST,medium,43,10,a1,redundancy,loss_free,300,-0.47164735198020935
MNIST,medium,43,10,a1,redundancy,loss_free,301,-0.34230467677116394
MNIST,medium,43,10,a1,redundancy,loss_free,302,-0.5210831165313721
MNIST,medium,43,10,a1,redundancy,loss_free,303,-0.6822167634963989
MNIST,medium,43,10,a1,redundancy,loss_free,304,-0.6158149242401123
MNIST,medium,43,10,a1,redundancy,loss_free,305,-0.6221783757209778
MNIST,medium,43,10,a1,redundancy,loss_free,306,-0.5639440417289734
MNIST,medium,43,10,a1,redundancy,loss_free,307,-0.6995730400085449
MNIST,medium,43,10,a1,redundancy,loss_free,308,-0.7007913589477539
MNIST,medium,43,10,a1,redundancy,loss_free,309,-0.7848502993583679
MNIST,medium,43,10,a1,redundancy,loss_free,310,-0.7527417540550232
MNIST,medium,43,10,a1,redundancy,loss_free,311,-0.6227580308914185
MNIST,medium,43,10,a1,redundancy,loss_free,312,-0.4190279543399811
MNIST,medium,43,10,a1,redundancy,loss_free,313,-0.7855443954467773
MNIST,medium,43,10,a1,redundancy,loss_free,314,-0.6410555839538574
MNIST,medium,43,10,a1,redundancy,loss_free,315,-0.24232372641563416
MNIST,medium,43,10,a1,redundancy,loss_free,316,-0.5498186349868774
MNIST,medium,43,10,a1,redundancy,loss_free,317,-0.41384756565093994
MNIST,medium,43,10,a1,redundancy,loss_free,318,-0.0
MNIST,medium,43,10,a1,redundancy,loss_free,319,-0.5840709209442139
MNIST,medium,43,10,a1,redundancy,loss_free,320,-0.5496060252189636
MNIST,medium,43,10,a1,redundancy,loss_free,321,-0.7946198582649231
MNIST,medium,43,10,a1,redundancy,loss_free,322,-0.5103762745857239
MNIST,medium,43,10,a1,redundancy,loss_free,323,-0.5822943449020386
MNIST,medium,43,10,a1,redundancy,loss_free,324,-0.753038763999939
MNIST,medium,43,10,a1,redundancy,loss_free,325,-0.5822943449020386
MNIST,medium,43,10,a1,redundancy,loss_free,326,-0.6658039093017578
MNIST,medium,43,10,a1,redundancy,loss_free,327,-0.6361457705497742
MNIST,medium,43,10,a1,redundancy,loss_free,328,-0.5040457248687744
MNIST,medium,43,10,a1,redundancy,loss_free,329,-0.5943928360939026
MNIST,medium,43,10,a1,redundancy,loss_free,330,-0.5026029348373413
MNIST,medium,43,10,a1,redundancy,loss_free,331,-0.5388014912605286
MNIST,medium,43,10,a1,redundancy,loss_free,332,-0.30640652775764465
MNIST,medium,43,10,a1,redundancy,loss_free,333,-0.7043566703796387
MNIST,medium,43,10,a1,redundancy,loss_free,334,-0.8335148692131042
MNIST,medium,43,10,a1,redundancy,loss_free,335,-0.646190345287323
MNIST,medium,43,10,a1,redundancy,loss_free,336,-0.7338272929191589
MNIST,medium,43,10,a1,redundancy,loss_free,337,-0.6461142897605896
MNIST,medium,43,10,a1,redundancy,loss_free,338,-0.7064031958580017
MNIST,medium,43,10,a1,redundancy,loss_free,339,-0.7290468811988831
MNIST,medium,43,10,a1,redundancy,loss_free,340,-0.0
MNIST,medium,43,10,a1,redundancy,loss_free,341,-0.6766044497489929
MNIST,medium,43,10,a1,redundancy,loss_free,342,-0.45603010058403015
MNIST,medium,43,10,a1,redundancy,loss_free,343,-0.7016317248344421
MNIST,medium,43,10,a1,redundancy,loss_free,344,-0.5903071165084839
MNIST,medium,43,10,a1,redundancy,loss_free,345,-0.4552285671234131
MNIST,medium,43,10,a1,redundancy,loss_free,346,-0.7253488302230835
MNIST,medium,43,10,a1,redundancy,loss_free,347,-0.9451069831848145
MNIST,medium,43,10,a1,redundancy,loss_free,348,-0.3694576323032379
MNIST,medium,43,10,a1,redundancy,loss_free,349,-0.44090890884399414
MNIST,medium,43,10,a1,redundancy,loss_free,350,-0.5078655481338501
MNIST,medium,43,10,a1,redundancy,loss_free,351,-0.3456798493862152
MNIST,medium,43,10,a1,redundancy,loss_free,352,-0.5179558992385864
MNIST,medium,43,10,a1,redundancy,loss_free,353,-0.46244820952415466
MNIST,medium,43,10,a1,redundancy,loss_free,354,-0.7946198582649231
MNIST,medium,43,10,a1,redundancy,loss_free,355,-0.43752703070640564
MNIST,medium,43,10,a1,redundancy,loss_free,356,-0.7369258999824524
MNIST,medium,43,10,a1,redundancy,loss_free,357,-0.7017903923988342
MNIST,medium,43,10,a1,redundancy,loss_free,358,-0.6119934916496277
MNIST,medium,43,10,a1,redundancy,loss_free,359,-0.7057814002037048
MNIST,medium,43,10,a1,redundancy,loss_free,360,-0.5757412314414978
MNIST,medium,43,10,a1,redundancy,loss_free,361,-0.7748453617095947
MNIST,medium,43,10,a1,redundancy,loss_free,362,-0.6911181211471558
MNIST,medium,43,10,a1,redundancy,loss_free,363,-0.5121665596961975
MNIST,medium,43,10,a1,redundancy,loss_free,364,-0.6607770323753357
MNIST,medium,43,10,a1,redundancy,loss_free,365,-0.7338272929191589
MNIST,medium,43,10,a1,redundancy,loss_free,366,-0.7314330339431763
MNIST,medium,43,10,a1,redundancy,loss_free,367,-0.69356769323349
MNIST,medium,43,10,a1,redundancy,loss_free,368,-0.5119737386703491
MNIST,medium,43,10,a1,redundancy,loss_free,369,-0.759403645992279
MNIST,medium,43,10,a1,redundancy,loss_free,370,-0.0
MNIST,medium,43,10,a1,redundancy,loss_free,371,-0.6475816965103149
MNIST,medium,43,10,a1,redundancy,loss_free,372,-0.6351429224014282
MNIST,medium,43,10,a1,redundancy,loss_free,373,-0.7383514046669006
MNIST,medium,43,10,a1,redundancy,loss_free,374,-0.3989359736442566
MNIST,medium,43,10,a1,redundancy,loss_free,375,-0.5853438377380371
MNIST,medium,43,10,a1,redundancy,loss_free,376,-0.7912469506263733
MNIST,medium,43,10,a1,redundancy,loss_free,377,-0.8931266665458679
MNIST,medium,43,10,a1,redundancy,loss_free,378,-0.5052242279052734
MNIST,medium,43,10,a1,redundancy,loss_free,379,-0.797457754611969
MNIST,medium,43,10,a1,redundancy,loss_free,380,-0.5358378291130066
MNIST,medium,43,10,a1,redundancy,loss_free,381,-0.5473998785018921
MNIST,medium,43,10,a1,redundancy,loss_free,382,-0.7419438362121582
MNIST,medium,43,10,a1,redundancy,loss_free,383,-0.49212533235549927
MNIST,medium,43,10,a1,redundancy,loss_free,384,-0.5834449529647827
MNIST,medium,43,10,a1,redundancy,loss_free,385,-0.7463154792785645
MNIST,medium,43,10,a1,redundancy,loss_free,386,-0.6750251650810242
MNIST,medium,43,10,a1,redundancy,loss_free,387,-0.7702398896217346
MNIST,medium,43,10,a1,redundancy,loss_free,388,-0.6554496884346008
MNIST,medium,43,10,a1,redundancy,loss_free,389,-0.620488166809082
MNIST,medium,43,10,a1,redundancy,loss_free,390,-0.7255055904388428
MNIST,medium,43,10,a1,redundancy,loss_free,391,-0.7491095662117004
MNIST,medium,43,10,a1,redundancy,loss_free,392,-0.7106696367263794
MNIST,medium,43,10,a1,redundancy,loss_free,393,-0.7912670373916626
MNIST,medium,43,10,a1,redundancy,loss_free,394,-0.735767662525177
MNIST,medium,43,10,a1,redundancy,loss_free,395,-0.47377851605415344
MNIST,medium,43,10,a1,redundancy,loss_free,396,-0.45048096776008606
MNIST,medium,43,10,a1,redundancy,loss_free,397,-0.5915597081184387
MNIST,medium,43,10,a1,redundancy,loss_free,398,-0.6328529119491577
MNIST,medium,43,10,a1,redundancy,loss_free,399,-0.27025356888771057
MNIST,medium,43,10,a1,redundancy,loss_free,400,-0.6107860207557678
MNIST,medium,43,10,a1,redundancy,loss_free,401,-0.636374831199646
MNIST,medium,43,10,a1,redundancy,loss_free,402,-0.592963457107544
MNIST,medium,43,10,a1,redundancy,loss_free,403,-0.7912670373916626
MNIST,medium,43,10,a1,redundancy,loss_free,404,-0.6821528077125549
MNIST,medium,43,10,a1,redundancy,loss_free,405,-0.6409045457839966
MNIST,medium,43,10,a1,redundancy,loss_free,406,-0.5202058553695679
MNIST,medium,43,10,a1,redundancy,loss_free,407,-0.341964453458786
MNIST,medium,43,10,a1,redundancy,loss_free,408,-0.6942822933197021
MNIST,medium,43,10,a1,redundancy,loss_free,409,-0.6449970602989197
MNIST,medium,43,10,a1,redundancy,loss_free,410,-0.0
MNIST,medium,43,10,a1,redundancy,loss_free,411,-0.48339954018592834
MNIST,medium,43,10,a1,redundancy,loss_free,412,-0.6930198669433594
MNIST,medium,43,10,a1,redundancy,loss_free,413,-0.6109620928764343
MNIST,medium,43,10,a1,redundancy,loss_free,414,-0.7848502993583679
MNIST,medium,43,10,a1,redundancy,loss_free,415,-0.7007913589477539
MNIST,medium,43,10,a1,redundancy,loss_free,416,-0.47221288084983826
MNIST,medium,43,10,a1,redundancy,loss_free,417,-0.5382716655731201
MNIST,medium,43,10,a1,redundancy,loss_free,418,-0.6265074610710144
MNIST,medium,43,10,a1,redundancy,loss_free,419,-0.43006017804145813
MNIST,medium,43,10,a1,redundancy,loss_free,420,-0.7166631817817688
MNIST,medium,43,10,a1,redundancy,loss_free,421,-0.6447910070419312
MNIST,medium,43,10,a1,redundancy,loss_free,422,-0.8606810569763184
MNIST,medium,43,10,a1,redundancy,loss_free,423,-0.6102412939071655
MNIST,medium,43,10,a1,redundancy,loss_free,424,-0.32885754108428955
MNIST,medium,43,10,a1,redundancy,loss_free,425,-0.6118466258049011
MNIST,medium,43,10,a1,redundancy,loss_free,426,-0.589613676071167
MNIST,medium,43,10,a1,redundancy,loss_free,427,-0.5025508403778076
MNIST,medium,43,10,a1,redundancy,loss_free,428,-0.656208872795105
MNIST,medium,43,10,a1,redundancy,loss_free,429,-0.7768695950508118
MNIST,medium,43,10,a1,redundancy,loss_free,430,-0.0
MNIST,medium,43,10,a1,redundancy,loss_free,431,-0.6586422324180603
MNIST,medium,43,10,a1,redundancy,loss_free,432,-0.5853438377380371
MNIST,medium,43,10,a1,redundancy,loss_free,433,-0.7095579504966736
MNIST,medium,43,10,a1,redundancy,loss_free,434,-0.5659605860710144
MNIST,medium,43,10,a1,redundancy,loss_free,435,-0.703416109085083
MNIST,medium,43,10,a1,redundancy,loss_free,436,-0.37391752004623413
MNIST,medium,43,10,a1,redundancy,loss_free,437,-0.5184164643287659
MNIST,medium,43,10,a1,redundancy,loss_free,438,-0.5546607375144958
MNIST,medium,43,10,a1,redundancy,loss_free,439,-0.6681086421012878
MNIST,medium,43,10,a1,redundancy,loss_free,440,-0.6088093519210815
MNIST,medium,43,10,a1,redundancy,loss_free,441,-0.6940727233886719
MNIST,medium,43,10,a1,redundancy,loss_free,442,-0.4432834982872009
MNIST,medium,43,10,a1,redundancy,loss_free,443,-0.5082857608795166
MNIST,medium,43,10,a1,redundancy,loss_free,444,-0.6896334290504456
MNIST,medium,43,10,a1,redundancy,loss_free,445,-0.6201842427253723
MNIST,medium,43,10,a1,redundancy,loss_free,446,-0.5842025279998779
MNIST,medium,43,10,a1,redundancy,loss_free,447,-0.4117572009563446
MNIST,medium,43,10,a1,redundancy,loss_free,448,-0.5291324853897095
MNIST,medium,43,10,a1,redundancy,loss_free,449,-0.6593149900436401
MNIST,medium,43,10,a1,redundancy,loss_free,450,-0.6882660388946533
MNIST,medium,43,10,a1,redundancy,loss_free,451,-0.43310850858688354
MNIST,medium,43,10,a1,redundancy,loss_free,452,-0.6090520024299622
MNIST,medium,43,10,a1,redundancy,loss_free,453,-0.3079420030117035
MNIST,medium,43,10,a1,redundancy,loss_free,454,-0.6041837334632874
MNIST,medium,43,10,a1,redundancy,loss_free,455,-0.5510642528533936
MNIST,medium,43,10,a1,redundancy,loss_free,456,-0.7433272004127502
MNIST,medium,43,10,a1,redundancy,loss_free,457,-0.47445306181907654
MNIST,medium,43,10,a1,redundancy,loss_free,458,-0.48185548186302185
MNIST,medium,43,10,a1,redundancy,loss_free,459,-0.6823851466178894
MNIST,medium,43,10,a1,redundancy,loss_free,460,-0.39300239086151123
MNIST,medium,43,10,a1,redundancy,loss_free,461,-0.47447022795677185
MNIST,medium,43,10,a1,redundancy,loss_free,462,-0.8081767559051514
MNIST,medium,43,10,a1,redundancy,loss_free,463,-0.7064031958580017
MNIST,medium,43,10,a1,redundancy,loss_free,464,-0.7309165596961975
MNIST,medium,43,10,a1,redundancy,loss_free,465,-0.46314337849617004
MNIST,medium,43,10,a1,redundancy,loss_free,466,-0.6914650201797485
MNIST,medium,43,10,a1,redundancy,loss_free,467,-0.5582172274589539
MNIST,medium,43,10,a1,redundancy,loss_free,468,-0.0
MNIST,medium,43,10,a1,redundancy,loss_free,469,-0.6380815505981445
MNIST,medium,43,10,a1,redundancy,loss_free,470,-0.4591592848300934
MNIST,medium,43,10,a1,redundancy,loss_free,471,-0.5334282517433167
MNIST,medium,43,10,a1,redundancy,loss_free,472,-0.7656024694442749
MNIST,medium,43,10,a1,redundancy,loss_free,473,-0.7093544602394104
MNIST,medium,43,10,a1,redundancy,loss_free,474,-0.7084138989448547
MNIST,medium,43,10,a1,redundancy,loss_free,475,-0.6158149242401123
MNIST,medium,43,10,a1,redundancy,loss_free,476,-0.7383514046669006
MNIST,medium,43,10,a1,redundancy,loss_free,477,-0.689663290977478
MNIST,medium,43,10,a1,redundancy,loss_free,478,-0.38745811581611633
MNIST,medium,43,10,a1,redundancy,loss_free,479,-0.6824458837509155
MNIST,medium,43,10,a1,redundancy,loss_free,480,-0.0
MNIST,medium,43,10,a1,redundancy,loss_free,481,-0.5446029305458069
MNIST,medium,43,10,a1,redundancy,loss_free,482,-0.6159789562225342
MNIST,medium,43,10,a1,redundancy,loss_free,483,-0.585959792137146
MNIST,medium,43,10,a1,redundancy,loss_free,484,-0.6970455050468445
MNIST,medium,43,10,a1,redundancy,loss_free,485,-0.6730805039405823
MNIST,medium,43,10,a1,redundancy,loss_free,486,-0.6622040867805481
MNIST,medium,43,10,a1,redundancy,loss_free,487,-0.4409211277961731
MNIST,medium,43,10,a1,redundancy,loss_free,488,-0.797457754611969
MNIST,medium,43,10,a1,redundancy,loss_free,489,-0.6997613310813904
MNIST,medium,43,10,a1,redundancy,loss_free,490,-0.5877430438995361
MNIST,medium,43,10,a1,redundancy,loss_free,491,-0.7255055904388428
MNIST,medium,43,10,a1,redundancy,loss_free,492,-0.49676695466041565
MNIST,medium,43,10,a1,redundancy,loss_free,493,-0.0
MNIST,medium,43,10,a1,redundancy,loss_free,494,-0.6903568506240845
MNIST,medium,43,10,a1,redundancy,loss_free,495,-0.663744330406189
MNIST,medium,43,10,a1,redundancy,loss_free,496,-0.6863377094268799
MNIST,medium,43,10,a1,redundancy,loss_free,497,-0.5739757418632507
MNIST,medium,43,10,a1,redundancy,loss_free,498,-0.758377194404602
MNIST,medium,43,10,a1,redundancy,loss_free,499,-0.4694644510746002
MNIST,medium,43,10,a1,redundancy,loss_free,500,-0.6982226371765137
MNIST,medium,43,10,a1,redundancy,loss_free,501,-0.595857560634613
MNIST,medium,43,10,a1,redundancy,loss_free,502,-0.6824458837509155
MNIST,medium,43,10,a1,redundancy,loss_free,503,-0.6067401170730591
MNIST,medium,43,10,a1,redundancy,loss_free,504,-0.7053519487380981
MNIST,medium,43,10,a1,redundancy,loss_free,505,-0.5619213581085205
MNIST,medium,43,10,a1,redundancy,loss_free,506,-0.6554498076438904
MNIST,medium,43,10,a1,redundancy,loss_free,507,-0.4275595247745514
MNIST,medium,43,10,a1,redundancy,loss_free,508,-0.6942355036735535
MNIST,medium,43,10,a1,redundancy,loss_free,509,-0.4818553924560547
MNIST,medium,43,10,a1,redundancy,loss_free,510,-0.6930198073387146
MNIST,medium,43,10,a1,redundancy,loss_free,511,-0.43310850858688354
MNIST,medium,43,10,a2,redundancy,loss_free,0,-0.9445796608924866
MNIST,medium,43,10,a2,redundancy,loss_free,1,-0.8541446924209595
MNIST,medium,43,10,a2,redundancy,loss_free,2,-0.6716064810752869
MNIST,medium,43,10,a2,redundancy,loss_free,3,-0.6718887686729431
MNIST,medium,43,10,a2,redundancy,loss_free,4,-0.7278078198432922
MNIST,medium,43,10,a2,redundancy,loss_free,5,-0.9713262319564819
MNIST,medium,43,10,a2,redundancy,loss_free,6,-0.7662726640701294
MNIST,medium,43,10,a2,redundancy,loss_free,7,-0.8663440942764282
MNIST,medium,43,10,a2,redundancy,loss_free,8,-0.0
MNIST,medium,43,10,a2,redundancy,loss_free,9,-0.9028498530387878
MNIST,medium,43,10,a2,redundancy,loss_free,10,-0.7974937558174133
MNIST,medium,43,10,a2,redundancy,loss_free,11,-0.6737030148506165
MNIST,medium,43,10,a2,redundancy,loss_free,12,-0.9418756365776062
MNIST,medium,43,10,a2,redundancy,loss_free,13,-0.7412147521972656
MNIST,medium,43,10,a2,redundancy,loss_free,14,-0.9445796608924866
MNIST,medium,43,10,a2,redundancy,loss_free,15,-0.7976076006889343
MNIST,medium,43,10,a2,redundancy,loss_free,16,-0.9502506852149963
MNIST,medium,43,10,a2,redundancy,loss_free,17,-0.886146068572998
MNIST,medium,43,10,a2,redundancy,loss_free,18,-0.7091382741928101
MNIST,medium,43,10,a2,redundancy,loss_free,19,-0.7261586785316467
MNIST,medium,43,10,a2,redundancy,loss_free,20,-0.7091382741928101
MNIST,medium,43,10,a2,redundancy,loss_free,21,-0.7195960879325867
MNIST,medium,43,10,a2,redundancy,loss_free,22,-0.8523430228233337
MNIST,medium,43,10,a2,redundancy,loss_free,23,-0.9255282878875732
MNIST,medium,43,10,a2,redundancy,loss_free,24,-0.8256191611289978
MNIST,medium,43,10,a2,redundancy,loss_free,25,-0.6869629621505737
MNIST,medium,43,10,a2,redundancy,loss_free,26,-0.6810970902442932
MNIST,medium,43,10,a2,redundancy,loss_free,27,-0.9197397232055664
MNIST,medium,43,10,a2,redundancy,loss_free,28,-0.7824745178222656
MNIST,medium,43,10,a2,redundancy,loss_free,29,-0.8723154664039612
MNIST,medium,43,10,a2,redundancy,loss_free,30,-0.6761359572410583
MNIST,medium,43,10,a2,redundancy,loss_free,31,-0.9241281151771545
MNIST,medium,43,10,a2,redundancy,loss_free,32,-0.5422531962394714
MNIST,medium,43,10,a2,redundancy,loss_free,33,-0.8663440942764282
MNIST,medium,43,10,a2,redundancy,loss_free,34,-0.8728992938995361
MNIST,medium,43,10,a2,redundancy,loss_free,35,-0.7793002724647522
MNIST,medium,43,10,a2,redundancy,loss_free,36,-0.6632091403007507
MNIST,medium,43,10,a2,redundancy,loss_free,37,-0.8687363862991333
MNIST,medium,43,10,a2,redundancy,loss_free,38,-0.9098722338676453
MNIST,medium,43,10,a2,redundancy,loss_free,39,-0.9339467287063599
MNIST,medium,43,10,a2,redundancy,loss_free,40,-0.0
MNIST,medium,43,10,a2,redundancy,loss_free,41,-0.7786202430725098
MNIST,medium,43,10,a2,redundancy,loss_free,42,-0.9712236523628235
MNIST,medium,43,10,a2,redundancy,loss_free,43,-0.6787503361701965
MNIST,medium,43,10,a2,redundancy,loss_free,44,-0.8676043152809143
MNIST,medium,43,10,a2,redundancy,loss_free,45,-0.6875918507575989
MNIST,medium,43,10,a2,redundancy,loss_free,46,-0.8654131293296814
MNIST,medium,43,10,a2,redundancy,loss_free,47,-0.8277899026870728
MNIST,medium,43,10,a2,redundancy,loss_free,48,-0.7660892605781555
MNIST,medium,43,10,a2,redundancy,loss_free,49,-0.6148288249969482
MNIST,medium,43,10,a2,redundancy,loss_free,50,-0.9241281151771545
MNIST,medium,43,10,a2,redundancy,loss_free,51,-0.7362717986106873
MNIST,medium,43,10,a2,redundancy,loss_free,52,-0.8609510660171509
MNIST,medium,43,10,a2,redundancy,loss_free,53,-0.8927317261695862
MNIST,medium,43,10,a2,redundancy,loss_free,54,-0.9063905477523804
MNIST,medium,43,10,a2,redundancy,loss_free,55,-0.8717149496078491
MNIST,medium,43,10,a2,redundancy,loss_free,56,-0.8269714713096619
MNIST,medium,43,10,a2,redundancy,loss_free,57,-0.9496960639953613
MNIST,medium,43,10,a2,redundancy,loss_free,58,-0.9118800759315491
MNIST,medium,43,10,a2,redundancy,loss_free,59,-0.8354904651641846
MNIST,medium,43,10,a2,redundancy,loss_free,60,-0.7640449404716492
MNIST,medium,43,10,a2,redundancy,loss_free,61,-0.913119375705719
MNIST,medium,43,10,a2,redundancy,loss_free,62,-0.7981786131858826
MNIST,medium,43,10,a2,redundancy,loss_free,63,-0.7515208721160889
MNIST,medium,43,10,a2,redundancy,loss_free,64,-0.09973710030317307
MNIST,medium,43,10,a2,redundancy,loss_free,65,-0.8827889561653137
MNIST,medium,43,10,a2,redundancy,loss_free,66,-0.8269714713096619
MNIST,medium,43,10,a2,redundancy,loss_free,67,-0.6874670386314392
MNIST,medium,43,10,a2,redundancy,loss_free,68,-0.8523430228233337
MNIST,medium,43,10,a2,redundancy,loss_free,69,-0.7986453771591187
MNIST,medium,43,10,a2,redundancy,loss_free,70,-0.7609013319015503
MNIST,medium,43,10,a2,redundancy,loss_free,71,-0.9149636626243591
MNIST,medium,43,10,a2,redundancy,loss_free,72,-0.85595703125
MNIST,medium,43,10,a2,redundancy,loss_free,73,-0.7945274114608765
MNIST,medium,43,10,a2,redundancy,loss_free,74,-0.7632646560668945
MNIST,medium,43,10,a2,redundancy,loss_free,75,-0.8611850738525391
MNIST,medium,43,10,a2,redundancy,loss_free,76,-0.8496434688568115
MNIST,medium,43,10,a2,redundancy,loss_free,77,-0.894157350063324
MNIST,medium,43,10,a2,redundancy,loss_free,78,-0.9287247657775879
MNIST,medium,43,10,a2,redundancy,loss_free,79,-0.8543437719345093
MNIST,medium,43,10,a2,redundancy,loss_free,80,-0.5566981434822083
MNIST,medium,43,10,a2,redundancy,loss_free,81,-0.8861697316169739
MNIST,medium,43,10,a2,redundancy,loss_free,82,-0.7157160043716431
MNIST,medium,43,10,a2,redundancy,loss_free,83,-0.9197397232055664
MNIST,medium,43,10,a2,redundancy,loss_free,84,-0.8374888300895691
MNIST,medium,43,10,a2,redundancy,loss_free,85,-0.7278078198432922
MNIST,medium,43,10,a2,redundancy,loss_free,86,-0.9660971164703369
MNIST,medium,43,10,a2,redundancy,loss_free,87,-0.7865047454833984
MNIST,medium,43,10,a2,redundancy,loss_free,88,-0.8624070286750793
MNIST,medium,43,10,a2,redundancy,loss_free,89,-0.9795453548431396
MNIST,medium,43,10,a2,redundancy,loss_free,90,-0.85595703125
MNIST,medium,43,10,a2,redundancy,loss_free,91,-0.7419467568397522
MNIST,medium,43,10,a2,redundancy,loss_free,92,-0.9095303416252136
MNIST,medium,43,10,a2,redundancy,loss_free,93,-0.8220310807228088
MNIST,medium,43,10,a2,redundancy,loss_free,94,-0.8054332137107849
MNIST,medium,43,10,a2,redundancy,loss_free,95,-0.8705504536628723
MNIST,medium,43,10,a2,redundancy,loss_free,96,-0.957234799861908
MNIST,medium,43,10,a2,redundancy,loss_free,97,-0.0
MNIST,medium,43,10,a2,redundancy,loss_free,98,-0.9170325994491577
MNIST,medium,43,10,a2,redundancy,loss_free,99,-0.913761556148529
MNIST,medium,43,10,a2,redundancy,loss_free,100,-0.5117044448852539
MNIST,medium,43,10,a2,redundancy,loss_free,101,-0.8944770693778992
MNIST,medium,43,10,a2,redundancy,loss_free,102,-0.8916438817977905
MNIST,medium,43,10,a2,redundancy,loss_free,103,-0.767781138420105
MNIST,medium,43,10,a2,redundancy,loss_free,104,-0.9028498530387878
MNIST,medium,43,10,a2,redundancy,loss_free,105,-0.8124972581863403
MNIST,medium,43,10,a2,redundancy,loss_free,106,-0.8483873605728149
MNIST,medium,43,10,a2,redundancy,loss_free,107,-0.7930750846862793
MNIST,medium,43,10,a2,redundancy,loss_free,108,-0.7660892605781555
MNIST,medium,43,10,a2,redundancy,loss_free,109,-0.8895522356033325
MNIST,medium,43,10,a2,redundancy,loss_free,110,-0.07614658772945404
MNIST,medium,43,10,a2,redundancy,loss_free,111,-0.8638299703598022
MNIST,medium,43,10,a2,redundancy,loss_free,112,-0.8028702139854431
MNIST,medium,43,10,a2,redundancy,loss_free,113,-0.9328423142433167
MNIST,medium,43,10,a2,redundancy,loss_free,114,-0.7169469594955444
MNIST,medium,43,10,a2,redundancy,loss_free,115,-0.8354904651641846
MNIST,medium,43,10,a2,redundancy,loss_free,116,-0.8806723952293396
MNIST,medium,43,10,a2,redundancy,loss_free,117,-0.8491615056991577
MNIST,medium,43,10,a2,redundancy,loss_free,118,-0.957234799861908
MNIST,medium,43,10,a2,redundancy,loss_free,119,-0.7198362946510315
MNIST,medium,43,10,a2,redundancy,loss_free,120,-0.7933326363563538
MNIST,medium,43,10,a2,redundancy,loss_free,121,-0.0
MNIST,medium,43,10,a2,redundancy,loss_free,122,-0.8683755993843079
MNIST,medium,43,10,a2,redundancy,loss_free,123,-0.913119375705719
MNIST,medium,43,10,a2,redundancy,loss_free,124,-0.8220310807228088
MNIST,medium,43,10,a2,redundancy,loss_free,125,-0.7709834575653076
MNIST,medium,43,10,a2,redundancy,loss_free,126,-0.7212667465209961
MNIST,medium,43,10,a2,redundancy,loss_free,127,-0.8806723952293396
MNIST,medium,43,10,a2,redundancy,loss_free,128,-0.5883510112762451
MNIST,medium,43,10,a2,redundancy,loss_free,129,-0.6752539873123169
MNIST,medium,43,10,a2,redundancy,loss_free,130,-0.8647717833518982
MNIST,medium,43,10,a2,redundancy,loss_free,131,-0.7784008979797363
MNIST,medium,43,10,a2,redundancy,loss_free,132,-0.8293710350990295
MNIST,medium,43,10,a2,redundancy,loss_free,133,-0.9554034471511841
MNIST,medium,43,10,a2,redundancy,loss_free,134,-0.7972058057785034
MNIST,medium,43,10,a2,redundancy,loss_free,135,-0.8827889561653137
MNIST,medium,43,10,a2,redundancy,loss_free,136,-0.658463716506958
MNIST,medium,43,10,a2,redundancy,loss_free,137,-0.946229100227356
MNIST,medium,43,10,a2,redundancy,loss_free,138,-0.8371275663375854
MNIST,medium,43,10,a2,redundancy,loss_free,139,-0.36215853691101074
MNIST,medium,43,10,a2,redundancy,loss_free,140,-0.8606169819831848
MNIST,medium,43,10,a2,redundancy,loss_free,141,-0.8602020144462585
MNIST,medium,43,10,a2,redundancy,loss_free,142,-0.8194732666015625
MNIST,medium,43,10,a2,redundancy,loss_free,143,-0.9178195595741272
MNIST,medium,43,10,a2,redundancy,loss_free,144,-0.8085437417030334
MNIST,medium,43,10,a2,redundancy,loss_free,145,-0.9318270683288574
MNIST,medium,43,10,a2,redundancy,loss_free,146,-0.8130401372909546
MNIST,medium,43,10,a2,redundancy,loss_free,147,-0.8130401372909546
MNIST,medium,43,10,a2,redundancy,loss_free,148,-0.8624070286750793
MNIST,medium,43,10,a2,redundancy,loss_free,149,-0.7111560702323914
MNIST,medium,43,10,a2,redundancy,loss_free,150,-0.9452520608901978
MNIST,medium,43,10,a2,redundancy,loss_free,151,-0.9181615114212036
MNIST,medium,43,10,a2,redundancy,loss_free,152,-0.8293710350990295
MNIST,medium,43,10,a2,redundancy,loss_free,153,-0.7045183181762695
MNIST,medium,43,10,a2,redundancy,loss_free,154,-0.9713262319564819
MNIST,medium,43,10,a2,redundancy,loss_free,155,-0.7129273414611816
MNIST,medium,43,10,a2,redundancy,loss_free,156,-0.5922957062721252
MNIST,medium,43,10,a2,redundancy,loss_free,157,-0.8950197696685791
MNIST,medium,43,10,a2,redundancy,loss_free,158,-0.36114537715911865
MNIST,medium,43,10,a2,redundancy,loss_free,159,-0.6752539873123169
MNIST,medium,43,10,a2,redundancy,loss_free,160,-0.8661295771598816
MNIST,medium,43,10,a2,redundancy,loss_free,161,-0.8633778691291809
MNIST,medium,43,10,a2,redundancy,loss_free,162,-0.7825781106948853
MNIST,medium,43,10,a2,redundancy,loss_free,163,-0.7375245094299316
MNIST,medium,43,10,a2,redundancy,loss_free,164,-0.8212377429008484
MNIST,medium,43,10,a2,redundancy,loss_free,165,-0.9059401750564575
MNIST,medium,43,10,a2,redundancy,loss_free,166,-0.8609510660171509
MNIST,medium,43,10,a2,redundancy,loss_free,167,-0.6833029985427856
MNIST,medium,43,10,a2,redundancy,loss_free,168,-0.8897234797477722
MNIST,medium,43,10,a2,redundancy,loss_free,169,-0.9281110167503357
MNIST,medium,43,10,a2,redundancy,loss_free,170,-0.9318270683288574
MNIST,medium,43,10,a2,redundancy,loss_free,171,-0.8944770693778992
MNIST,medium,43,10,a2,redundancy,loss_free,172,-0.9037761092185974
MNIST,medium,43,10,a2,redundancy,loss_free,173,-0.0
MNIST,medium,43,10,a2,redundancy,loss_free,174,-0.848455548286438
MNIST,medium,43,10,a2,redundancy,loss_free,175,-0.8543437719345093
MNIST,medium,43,10,a2,redundancy,loss_free,176,-0.936910092830658
MNIST,medium,43,10,a2,redundancy,loss_free,177,-0.7945274114608765
MNIST,medium,43,10,a2,redundancy,loss_free,178,-0.7027497887611389
MNIST,medium,43,10,a2,redundancy,loss_free,179,-0.9367180466651917
MNIST,medium,43,10,a2,redundancy,loss_free,180,-0.936910092830658
MNIST,medium,43,10,a2,redundancy,loss_free,181,-0.8728992938995361
MNIST,medium,43,10,a2,redundancy,loss_free,182,-0.8843123912811279
MNIST,medium,43,10,a2,redundancy,loss_free,183,-0.5788037776947021
MNIST,medium,43,10,a2,redundancy,loss_free,184,-0.8676043152809143
MNIST,medium,43,10,a2,redundancy,loss_free,185,-0.0
MNIST,medium,43,10,a2,redundancy,loss_free,186,-0.8098559975624084
MNIST,medium,43,10,a2,redundancy,loss_free,187,-0.9278578758239746
MNIST,medium,43,10,a2,redundancy,loss_free,188,-0.7763937711715698
MNIST,medium,43,10,a2,redundancy,loss_free,189,-0.7016288042068481
MNIST,medium,43,10,a2,redundancy,loss_free,190,-0.7463460564613342
MNIST,medium,43,10,a2,redundancy,loss_free,191,-0.9295418858528137
MNIST,medium,43,10,a2,redundancy,loss_free,192,-0.0
MNIST,medium,43,10,a2,redundancy,loss_free,193,-0.9473072290420532
MNIST,medium,43,10,a2,redundancy,loss_free,194,-0.7632646560668945
MNIST,medium,43,10,a2,redundancy,loss_free,195,-0.6646063923835754
MNIST,medium,43,10,a2,redundancy,loss_free,196,-0.9554034471511841
MNIST,medium,43,10,a2,redundancy,loss_free,197,-0.7578293681144714
MNIST,medium,43,10,a2,redundancy,loss_free,198,-0.164957195520401
MNIST,medium,43,10,a2,redundancy,loss_free,199,-0.3700760006904602
MNIST,medium,43,10,a2,redundancy,loss_free,200,-0.9066060781478882
MNIST,medium,43,10,a2,redundancy,loss_free,201,-0.22720550000667572
MNIST,medium,43,10,a2,redundancy,loss_free,202,-0.9063905477523804
MNIST,medium,43,10,a2,redundancy,loss_free,203,-0.4822252094745636
MNIST,medium,43,10,a2,redundancy,loss_free,204,-0.667464554309845
MNIST,medium,43,10,a2,redundancy,loss_free,205,-0.9170325994491577
MNIST,medium,43,10,a2,redundancy,loss_free,206,-0.9277938604354858
MNIST,medium,43,10,a2,redundancy,loss_free,207,-0.3929307758808136
MNIST,medium,43,10,a2,redundancy,loss_free,208,-0.817936360836029
MNIST,medium,43,10,a2,redundancy,loss_free,209,-0.9473072290420532
MNIST,medium,43,10,a2,redundancy,loss_free,210,-0.8611850738525391
MNIST,medium,43,10,a2,redundancy,loss_free,211,-0.7670947313308716
MNIST,medium,43,10,a2,redundancy,loss_free,212,-0.7058846950531006
MNIST,medium,43,10,a2,redundancy,loss_free,213,-0.8162260055541992
MNIST,medium,43,10,a2,redundancy,loss_free,214,-0.9496960639953613
MNIST,medium,43,10,a2,redundancy,loss_free,215,-0.7865047454833984
MNIST,medium,43,10,a2,redundancy,loss_free,216,-0.8415842652320862
MNIST,medium,43,10,a2,redundancy,loss_free,217,-0.8890100121498108
MNIST,medium,43,10,a2,redundancy,loss_free,218,-0.712321400642395
MNIST,medium,43,10,a2,redundancy,loss_free,219,-0.5725706815719604
MNIST,medium,43,10,a2,redundancy,loss_free,220,-0.8412188291549683
MNIST,medium,43,10,a2,redundancy,loss_free,221,-0.516787588596344
MNIST,medium,43,10,a2,redundancy,loss_free,222,-0.7930750846862793
MNIST,medium,43,10,a2,redundancy,loss_free,223,-0.8741241097450256
MNIST,medium,43,10,a2,redundancy,loss_free,224,-0.9795453548431396
MNIST,medium,43,10,a2,redundancy,loss_free,225,-0.6738677024841309
MNIST,medium,43,10,a2,redundancy,loss_free,226,-0.6160853505134583
MNIST,medium,43,10,a2,redundancy,loss_free,227,-0.8651062250137329
MNIST,medium,43,10,a2,redundancy,loss_free,228,-0.9118800759315491
MNIST,medium,43,10,a2,redundancy,loss_free,229,-0.8804746866226196
MNIST,medium,43,10,a2,redundancy,loss_free,230,-0.9663795232772827
MNIST,medium,43,10,a2,redundancy,loss_free,231,-0.6806896328926086
MNIST,medium,43,10,a2,redundancy,loss_free,232,-0.7947776913642883
MNIST,medium,43,10,a2,redundancy,loss_free,233,-0.8174663782119751
MNIST,medium,43,10,a2,redundancy,loss_free,234,-0.8950197696685791
MNIST,medium,43,10,a2,redundancy,loss_free,235,-0.9181615114212036
MNIST,medium,43,10,a2,redundancy,loss_free,236,-0.7603476643562317
MNIST,medium,43,10,a2,redundancy,loss_free,237,-0.9328423142433167
MNIST,medium,43,10,a2,redundancy,loss_free,238,-0.8641517758369446
MNIST,medium,43,10,a2,redundancy,loss_free,239,-0.6547871232032776
MNIST,medium,43,10,a2,redundancy,loss_free,240,-0.7974156737327576
MNIST,medium,43,10,a2,redundancy,loss_free,241,-0.9277938604354858
MNIST,medium,43,10,a2,redundancy,loss_free,242,-0.8865202069282532
MNIST,medium,43,10,a2,redundancy,loss_free,243,-0.8909967541694641
MNIST,medium,43,10,a2,redundancy,loss_free,244,-0.798658549785614
MNIST,medium,43,10,a2,redundancy,loss_free,245,-0.7419467568397522
MNIST,medium,43,10,a2,redundancy,loss_free,246,-0.8848603367805481
MNIST,medium,43,10,a2,redundancy,loss_free,247,-0.703871488571167
MNIST,medium,43,10,a2,redundancy,loss_free,248,-0.6111723780632019
MNIST,medium,43,10,a2,redundancy,loss_free,249,-0.9452520608901978
MNIST,medium,43,10,a2,redundancy,loss_free,250,-0.7986453771591187
MNIST,medium,43,10,a2,redundancy,loss_free,251,-0.9147701859474182
MNIST,medium,43,10,a2,redundancy,loss_free,252,-0.712321400642395
MNIST,medium,43,10,a2,redundancy,loss_free,253,-0.7786202430725098
MNIST,medium,43,10,a2,redundancy,loss_free,254,-0.41113412380218506
MNIST,medium,43,10,a2,redundancy,loss_free,255,-0.9166615009307861
MNIST,medium,43,10,a3,redundancy,loss_free,0,-0.8552150726318359
MNIST,medium,43,10,a3,redundancy,loss_free,1,-0.8367465138435364
MNIST,medium,43,10,a3,redundancy,loss_free,2,-0.8995136022567749
MNIST,medium,43,10,a3,redundancy,loss_free,3,-0.9378340244293213
MNIST,medium,43,10,a3,redundancy,loss_free,4,-0.8085496425628662
MNIST,medium,43,10,a3,redundancy,loss_free,5,-0.9739702343940735
MNIST,medium,43,10,a3,redundancy,loss_free,6,-0.6976380348205566
MNIST,medium,43,10,a3,redundancy,loss_free,7,-0.878595769405365
MNIST,medium,43,10,a3,redundancy,loss_free,8,-0.9962067604064941
MNIST,medium,43,10,a3,redundancy,loss_free,9,-0.9667900800704956
MNIST,medium,43,10,a3,redundancy,loss_free,10,-0.8120348453521729
MNIST,medium,43,10,a3,redundancy,loss_free,11,-0.8322275876998901
MNIST,medium,43,10,a3,redundancy,loss_free,12,-0.9649884700775146
MNIST,medium,43,10,a3,redundancy,loss_free,13,-0.8977311253547668
MNIST,medium,43,10,a3,redundancy,loss_free,14,-0.9016406536102295
MNIST,medium,43,10,a3,redundancy,loss_free,15,-0.7412856817245483
MNIST,medium,43,10,a3,redundancy,loss_free,16,-0.7617400288581848
MNIST,medium,43,10,a3,redundancy,loss_free,17,-0.8066682815551758
MNIST,medium,43,10,a3,redundancy,loss_free,18,-0.835737943649292
MNIST,medium,43,10,a3,redundancy,loss_free,19,-0.8462231159210205
MNIST,medium,43,10,a3,redundancy,loss_free,20,-0.885704517364502
MNIST,medium,43,10,a3,redundancy,loss_free,21,-0.9309419989585876
MNIST,medium,43,10,a3,redundancy,loss_free,22,-0.9008118510246277
MNIST,medium,43,10,a3,redundancy,loss_free,23,-0.9793277978897095
MNIST,medium,43,10,a3,redundancy,loss_free,24,-0.8481360077857971
MNIST,medium,43,10,a3,redundancy,loss_free,25,-0.7789496183395386
MNIST,medium,43,10,a3,redundancy,loss_free,26,-0.6739082336425781
MNIST,medium,43,10,a3,redundancy,loss_free,27,-0.9273304343223572
MNIST,medium,43,10,a3,redundancy,loss_free,28,-0.8310829401016235
MNIST,medium,43,10,a3,redundancy,loss_free,29,-0.8615736961364746
MNIST,medium,43,10,a3,redundancy,loss_free,30,-0.7452403903007507
MNIST,medium,43,10,a3,redundancy,loss_free,31,-0.861193835735321
MNIST,medium,43,10,a3,redundancy,loss_free,32,-0.8090443015098572
MNIST,medium,43,10,a3,redundancy,loss_free,33,-0.9947625398635864
MNIST,medium,43,10,a3,redundancy,loss_free,34,-0.9946832656860352
MNIST,medium,43,10,a3,redundancy,loss_free,35,-0.9465010762214661
MNIST,medium,43,10,a3,redundancy,loss_free,36,-0.863968551158905
MNIST,medium,43,10,a3,redundancy,loss_free,37,-0.7705174684524536
MNIST,medium,43,10,a3,redundancy,loss_free,38,-0.9793277978897095
MNIST,medium,43,10,a3,redundancy,loss_free,39,-0.8995136022567749
MNIST,medium,43,10,a3,redundancy,loss_free,40,-0.8909903764724731
MNIST,medium,43,10,a3,redundancy,loss_free,41,-0.7162632942199707
MNIST,medium,43,10,a3,redundancy,loss_free,42,-0.9553331136703491
MNIST,medium,43,10,a3,redundancy,loss_free,43,-0.9273304343223572
MNIST,medium,43,10,a3,redundancy,loss_free,44,-0.8473278880119324
MNIST,medium,43,10,a3,redundancy,loss_free,45,-0.9667900800704956
MNIST,medium,43,10,a3,redundancy,loss_free,46,-0.8640490174293518
MNIST,medium,43,10,a3,redundancy,loss_free,47,-0.671574592590332
MNIST,medium,43,10,a3,redundancy,loss_free,48,-0.8352519273757935
MNIST,medium,43,10,a3,redundancy,loss_free,49,-0.9690924286842346
MNIST,medium,43,10,a3,redundancy,loss_free,50,-0.8753687143325806
MNIST,medium,43,10,a3,redundancy,loss_free,51,-0.8232699036598206
MNIST,medium,43,10,a3,redundancy,loss_free,52,-0.7498167753219604
MNIST,medium,43,10,a3,redundancy,loss_free,53,-0.8826028108596802
MNIST,medium,43,10,a3,redundancy,loss_free,54,-0.9843500852584839
MNIST,medium,43,10,a3,redundancy,loss_free,55,-0.9488462209701538
MNIST,medium,43,10,a3,redundancy,loss_free,56,-0.7437752485275269
MNIST,medium,43,10,a3,redundancy,loss_free,57,-0.834095299243927
MNIST,medium,43,10,a3,redundancy,loss_free,58,-0.90755295753479
MNIST,medium,43,10,a3,redundancy,loss_free,59,-0.0
MNIST,medium,43,10,a3,redundancy,loss_free,60,-0.9072433114051819
MNIST,medium,43,10,a3,redundancy,loss_free,61,-0.9465010762214661
MNIST,medium,43,10,a3,redundancy,loss_free,62,-0.8265076279640198
MNIST,medium,43,10,a3,redundancy,loss_free,63,-0.8473278880119324
MNIST,medium,43,10,a3,redundancy,loss_free,64,-0.9947625398635864
MNIST,medium,43,10,a3,redundancy,loss_free,65,-0.9478950500488281
MNIST,medium,43,10,a3,redundancy,loss_free,66,-0.8715020418167114
MNIST,medium,43,10,a3,redundancy,loss_free,67,-0.845057487487793
MNIST,medium,43,10,a3,redundancy,loss_free,68,-0.8865019083023071
MNIST,medium,43,10,a3,redundancy,loss_free,69,-0.986151933670044
MNIST,medium,43,10,a3,redundancy,loss_free,70,-0.8687015175819397
MNIST,medium,43,10,a3,redundancy,loss_free,71,-0.7385688424110413
MNIST,medium,43,10,a3,redundancy,loss_free,72,-0.9630001187324524
MNIST,medium,43,10,a3,redundancy,loss_free,73,-0.9462482929229736
MNIST,medium,43,10,a3,redundancy,loss_free,74,-0.9378340244293213
MNIST,medium,43,10,a3,redundancy,loss_free,75,-0.8091762065887451
MNIST,medium,43,10,a3,redundancy,loss_free,76,-0.9273277521133423
MNIST,medium,43,10,a3,redundancy,loss_free,77,-0.7328897714614868
MNIST,medium,43,10,a3,redundancy,loss_free,78,-0.0
MNIST,medium,43,10,a3,redundancy,loss_free,79,-0.7601634860038757
MNIST,medium,43,10,a3,redundancy,loss_free,80,-0.8174005746841431
MNIST,medium,43,10,a3,redundancy,loss_free,81,-0.9630001187324524
MNIST,medium,43,10,a3,redundancy,loss_free,82,-0.8610531091690063
MNIST,medium,43,10,a3,redundancy,loss_free,83,-0.90755295753479
MNIST,medium,43,10,a3,redundancy,loss_free,84,-0.8787124752998352
MNIST,medium,43,10,a3,redundancy,loss_free,85,-0.6984525322914124
MNIST,medium,43,10,a3,redundancy,loss_free,86,-0.8952568769454956
MNIST,medium,43,10,a3,redundancy,loss_free,87,-0.9616369605064392
MNIST,medium,43,10,a3,redundancy,loss_free,88,-0.9962067604064941
MNIST,medium,43,10,a3,redundancy,loss_free,89,-0.0
MNIST,medium,43,10,a3,redundancy,loss_free,90,-0.8174005746841431
MNIST,medium,43,10,a3,redundancy,loss_free,91,-0.9649884700775146
MNIST,medium,43,10,a3,redundancy,loss_free,92,-0.878595769405365
MNIST,medium,43,10,a3,redundancy,loss_free,93,-0.8615736961364746
MNIST,medium,43,10,a3,redundancy,loss_free,94,-0.9335947036743164
MNIST,medium,43,10,a3,redundancy,loss_free,95,-0.8753687143325806
MNIST,medium,43,10,a3,redundancy,loss_free,96,-0.9009278416633606
MNIST,medium,43,10,a3,redundancy,loss_free,97,-0.6894311904907227
MNIST,medium,43,10,a3,redundancy,loss_free,98,-0.990571916103363
MNIST,medium,43,10,a3,redundancy,loss_free,99,-0.9553331136703491
MNIST,medium,43,10,a3,redundancy,loss_free,100,-0.9309419989585876
MNIST,medium,43,10,a3,redundancy,loss_free,101,-0.6650329232215881
MNIST,medium,43,10,a3,redundancy,loss_free,102,-0.8697327375411987
MNIST,medium,43,10,a3,redundancy,loss_free,103,-0.8370866775512695
MNIST,medium,43,10,a3,redundancy,loss_free,104,-0.9258862733840942
MNIST,medium,43,10,a3,redundancy,loss_free,105,-0.9807494282722473
MNIST,medium,43,10,a3,redundancy,loss_free,106,-0.990571916103363
MNIST,medium,43,10,a3,redundancy,loss_free,107,-0.9189327359199524
MNIST,medium,43,10,a3,redundancy,loss_free,108,-0.9778460264205933
MNIST,medium,43,10,a3,redundancy,loss_free,109,-0.8130463361740112
MNIST,medium,43,10,a3,redundancy,loss_free,110,-0.9258862733840942
MNIST,medium,43,10,a3,redundancy,loss_free,111,-0.9739702343940735
MNIST,medium,43,10,a3,redundancy,loss_free,112,-0.9335945844650269
MNIST,medium,43,10,a3,redundancy,loss_free,113,-0.8580987453460693
MNIST,medium,43,10,a3,redundancy,loss_free,114,-0.6705955862998962
MNIST,medium,43,10,a3,redundancy,loss_free,115,-0.9946832656860352
MNIST,medium,43,10,a3,redundancy,loss_free,116,-0.7617400288581848
MNIST,medium,43,10,a3,redundancy,loss_free,117,-0.9960981607437134
MNIST,medium,43,10,a3,redundancy,loss_free,118,-0.8853262066841125
MNIST,medium,43,10,a3,redundancy,loss_free,119,-0.8952568769454956
MNIST,medium,43,10,a3,redundancy,loss_free,120,-0.9016406536102295
MNIST,medium,43,10,a3,redundancy,loss_free,121,-0.9256932735443115
MNIST,medium,43,10,a3,redundancy,loss_free,122,-0.9649168848991394
MNIST,medium,43,10,a3,redundancy,loss_free,123,-0.8005620837211609
MNIST,medium,43,10,a3,redundancy,loss_free,124,-0.9488462209701538
MNIST,medium,43,10,a3,redundancy,loss_free,125,-0.725341796875
MNIST,medium,43,10,a3,redundancy,loss_free,126,-0.807649552822113
MNIST,medium,43,10,a3,redundancy,loss_free,127,-0.772241473197937
MNIST,medium,43,10,a4,redundancy,loss_free,0,-0.7148051857948303
MNIST,medium,43,10,a4,redundancy,loss_free,1,-0.9175094962120056
MNIST,medium,43,10,a4,redundancy,loss_free,2,-0.8667216897010803
MNIST,medium,43,10,a4,redundancy,loss_free,3,-0.6686437726020813
MNIST,medium,43,10,a4,redundancy,loss_free,4,-0.7220916748046875
MNIST,medium,43,10,a4,redundancy,loss_free,5,-0.9649525284767151
MNIST,medium,43,10,a4,redundancy,loss_free,6,-0.9010956883430481
MNIST,medium,43,10,a4,redundancy,loss_free,7,-0.6020440459251404
MNIST,medium,43,10,a4,redundancy,loss_free,8,-0.9085246324539185
MNIST,medium,43,10,a4,redundancy,loss_free,9,-0.5216690301895142
MNIST,medium,43,10,a4,redundancy,loss_free,10,-0.731641411781311
MNIST,medium,43,10,a4,redundancy,loss_free,11,-0.7980614304542542
MNIST,medium,43,10,a4,redundancy,loss_free,12,-0.9061846137046814
MNIST,medium,43,10,a4,redundancy,loss_free,13,-0.5984461903572083
MNIST,medium,43,10,a4,redundancy,loss_free,14,-0.8504495024681091
MNIST,medium,43,10,a4,redundancy,loss_free,15,-0.7762215733528137
MNIST,medium,43,10,a4,redundancy,loss_free,16,-0.8164234757423401
MNIST,medium,43,10,a4,redundancy,loss_free,17,-0.6628229022026062
MNIST,medium,43,10,a4,redundancy,loss_free,18,-0.8554760217666626
MNIST,medium,43,10,a4,redundancy,loss_free,19,-0.8274192810058594
MNIST,medium,43,10,a4,redundancy,loss_free,20,-0.8554760217666626
MNIST,medium,43,10,a4,redundancy,loss_free,21,-0.6505183577537537
MNIST,medium,43,10,a4,redundancy,loss_free,22,-0.9061846137046814
MNIST,medium,43,10,a4,redundancy,loss_free,23,-0.9175094962120056
MNIST,medium,43,10,a4,redundancy,loss_free,24,-0.6759615540504456
MNIST,medium,43,10,a4,redundancy,loss_free,25,-0.8164234757423401
MNIST,medium,43,10,a4,redundancy,loss_free,26,-0.8667216897010803
MNIST,medium,43,10,a4,redundancy,loss_free,27,-0.9386447072029114
MNIST,medium,43,10,a4,redundancy,loss_free,28,-0.7762215733528137
MNIST,medium,43,10,a4,redundancy,loss_free,29,-0.6220158934593201
MNIST,medium,43,10,a4,redundancy,loss_free,30,-0.8087469935417175
MNIST,medium,43,10,a4,redundancy,loss_free,31,-0.8918672800064087
MNIST,medium,43,10,a4,redundancy,loss_free,32,-0.7774018049240112
MNIST,medium,43,10,a4,redundancy,loss_free,33,-0.7207311391830444
MNIST,medium,43,10,a4,redundancy,loss_free,34,-0.7668805122375488
MNIST,medium,43,10,a4,redundancy,loss_free,35,-0.73454749584198
MNIST,medium,43,10,a4,redundancy,loss_free,36,-0.9085246324539185
MNIST,medium,43,10,a4,redundancy,loss_free,37,-0.6542207598686218
MNIST,medium,43,10,a4,redundancy,loss_free,38,-0.8198718428611755
MNIST,medium,43,10,a4,redundancy,loss_free,39,-0.73454749584198
MNIST,medium,43,10,a4,redundancy,loss_free,40,-0.7774018049240112
MNIST,medium,43,10,a4,redundancy,loss_free,41,-0.6571589708328247
MNIST,medium,43,10,a4,redundancy,loss_free,42,-0.8504495024681091
MNIST,medium,43,10,a4,redundancy,loss_free,43,-0.6876338720321655
MNIST,medium,43,10,a4,redundancy,loss_free,44,-0.9238471984863281
MNIST,medium,43,10,a4,redundancy,loss_free,45,-0.9386447072029114
MNIST,medium,43,10,a4,redundancy,loss_free,46,-0.6566535234451294
MNIST,medium,43,10,a4,redundancy,loss_free,47,-0.8567606806755066
MNIST,medium,43,10,a4,redundancy,loss_free,48,-0.695547878742218
MNIST,medium,43,10,a4,redundancy,loss_free,49,-0.9523297548294067
MNIST,medium,43,10,a4,redundancy,loss_free,50,-0.7207311391830444
MNIST,medium,43,10,a4,redundancy,loss_free,51,-0.6542207598686218
MNIST,medium,43,10,a4,redundancy,loss_free,52,-0.9265769720077515
MNIST,medium,43,10,a4,redundancy,loss_free,53,-0.7220916748046875
MNIST,medium,43,10,a4,redundancy,loss_free,54,-0.7910844087600708
MNIST,medium,43,10,a4,redundancy,loss_free,55,-0.7205924391746521
MNIST,medium,43,10,a4,redundancy,loss_free,56,-0.9523297548294067
MNIST,medium,43,10,a4,redundancy,loss_free,57,-0.8350834846496582
MNIST,medium,43,10,a4,redundancy,loss_free,58,-0.754852831363678
MNIST,medium,43,10,a4,redundancy,loss_free,59,-0.9649525284767151
MNIST,medium,43,10,a4,redundancy,loss_free,60,-0.8435270190238953
MNIST,medium,43,10,a4,redundancy,loss_free,61,-0.6686437726020813
MNIST,medium,43,10,a4,redundancy,loss_free,62,-0.8435270190238953
MNIST,medium,43,10,a4,redundancy,loss_free,63,-0.7082622051239014
MNIST,medium,43,10,a1,hebbian,loss_free,0,0.04161623492836952
MNIST,medium,43,10,a1,hebbian,loss_free,1,0.03427096828818321
MNIST,medium,43,10,a1,hebbian,loss_free,2,0.11651691049337387
MNIST,medium,43,10,a1,hebbian,loss_free,3,0.0
MNIST,medium,43,10,a1,hebbian,loss_free,4,0.026634491980075836
MNIST,medium,43,10,a1,hebbian,loss_free,5,0.3442498445510864
MNIST,medium,43,10,a1,hebbian,loss_free,6,0.02479168027639389
MNIST,medium,43,10,a1,hebbian,loss_free,7,0.0
MNIST,medium,43,10,a1,hebbian,loss_free,8,0.04537971690297127
MNIST,medium,43,10,a1,hebbian,loss_free,9,0.00787240732461214
MNIST,medium,43,10,a1,hebbian,loss_free,10,0.4032650589942932
MNIST,medium,43,10,a1,hebbian,loss_free,11,0.05619976297020912
MNIST,medium,43,10,a1,hebbian,loss_free,12,0.015965329483151436
MNIST,medium,43,10,a1,hebbian,loss_free,13,0.0014949082396924496
MNIST,medium,43,10,a1,hebbian,loss_free,14,0.05959870666265488
MNIST,medium,43,10,a1,hebbian,loss_free,15,0.02766079641878605
MNIST,medium,43,10,a1,hebbian,loss_free,16,0.03464020416140556
MNIST,medium,43,10,a1,hebbian,loss_free,17,0.12146111577749252
MNIST,medium,43,10,a1,hebbian,loss_free,18,0.024011995643377304
MNIST,medium,43,10,a1,hebbian,loss_free,19,0.001423802925273776
MNIST,medium,43,10,a1,hebbian,loss_free,20,0.04004162549972534
MNIST,medium,43,10,a1,hebbian,loss_free,21,0.005239448975771666
MNIST,medium,43,10,a1,hebbian,loss_free,22,0.052114952355623245
MNIST,medium,43,10,a1,hebbian,loss_free,23,0.0
MNIST,medium,43,10,a1,hebbian,loss_free,24,0.00959813129156828
MNIST,medium,43,10,a1,hebbian,loss_free,25,0.03594624251127243
MNIST,medium,43,10,a1,hebbian,loss_free,26,0.08288368582725525
MNIST,medium,43,10,a1,hebbian,loss_free,27,0.07379654049873352
MNIST,medium,43,10,a1,hebbian,loss_free,28,0.0
MNIST,medium,43,10,a1,hebbian,loss_free,29,0.0770651251077652
MNIST,medium,43,10,a1,hebbian,loss_free,30,0.014444878324866295
MNIST,medium,43,10,a1,hebbian,loss_free,31,0.0
MNIST,medium,43,10,a1,hebbian,loss_free,32,0.061522938311100006
MNIST,medium,43,10,a1,hebbian,loss_free,33,0.0001823765633162111
MNIST,medium,43,10,a1,hebbian,loss_free,34,0.0
MNIST,medium,43,10,a1,hebbian,loss_free,35,0.02518741972744465
MNIST,medium,43,10,a1,hebbian,loss_free,36,0.014584126882255077
MNIST,medium,43,10,a1,hebbian,loss_free,37,0.0
MNIST,medium,43,10,a1,hebbian,loss_free,38,0.0024822684936225414
MNIST,medium,43,10,a1,hebbian,loss_free,39,0.0010628480231389403
MNIST,medium,43,10,a1,hebbian,loss_free,40,0.021669205278158188
MNIST,medium,43,10,a1,hebbian,loss_free,41,0.05424011871218681
MNIST,medium,43,10,a1,hebbian,loss_free,42,0.0
MNIST,medium,43,10,a1,hebbian,loss_free,43,9.946100908564404e-05
MNIST,medium,43,10,a1,hebbian,loss_free,44,0.011182009242475033
MNIST,medium,43,10,a1,hebbian,loss_free,45,0.24613136053085327
MNIST,medium,43,10,a1,hebbian,loss_free,46,0.012274683453142643
MNIST,medium,43,10,a1,hebbian,loss_free,47,0.1906253844499588
MNIST,medium,43,10,a1,hebbian,loss_free,48,0.30344510078430176
MNIST,medium,43,10,a1,hebbian,loss_free,49,6.507246871478856e-05
MNIST,medium,43,10,a1,hebbian,loss_free,50,0.0
MNIST,medium,43,10,a1,hebbian,loss_free,51,0.2806295156478882
MNIST,medium,43,10,a1,hebbian,loss_free,52,0.010065611451864243
MNIST,medium,43,10,a1,hebbian,loss_free,53,0.0
MNIST,medium,43,10,a1,hebbian,loss_free,54,0.01010055560618639
MNIST,medium,43,10,a1,hebbian,loss_free,55,0.0
MNIST,medium,43,10,a1,hebbian,loss_free,56,0.10540051758289337
MNIST,medium,43,10,a1,hebbian,loss_free,57,0.03556286543607712
MNIST,medium,43,10,a1,hebbian,loss_free,58,0.0015591367846354842
MNIST,medium,43,10,a1,hebbian,loss_free,59,0.17872120440006256
MNIST,medium,43,10,a1,hebbian,loss_free,60,0.605800211429596
MNIST,medium,43,10,a1,hebbian,loss_free,61,0.027849994599819183
MNIST,medium,43,10,a1,hebbian,loss_free,62,0.0
MNIST,medium,43,10,a1,hebbian,loss_free,63,0.061119139194488525
MNIST,medium,43,10,a1,hebbian,loss_free,64,0.062015730887651443
MNIST,medium,43,10,a1,hebbian,loss_free,65,0.2631152868270874
MNIST,medium,43,10,a1,hebbian,loss_free,66,0.03225051984190941
MNIST,medium,43,10,a1,hebbian,loss_free,67,0.004210240673273802
MNIST,medium,43,10,a1,hebbian,loss_free,68,0.010794293135404587
MNIST,medium,43,10,a1,hebbian,loss_free,69,0.052610840648412704
MNIST,medium,43,10,a1,hebbian,loss_free,70,0.08988131582736969
MNIST,medium,43,10,a1,hebbian,loss_free,71,0.05983507260680199
MNIST,medium,43,10,a1,hebbian,loss_free,72,0.014461537823081017
MNIST,medium,43,10,a1,hebbian,loss_free,73,0.2641940712928772
MNIST,medium,43,10,a1,hebbian,loss_free,74,0.018063046038150787
MNIST,medium,43,10,a1,hebbian,loss_free,75,0.0448174849152565
MNIST,medium,43,10,a1,hebbian,loss_free,76,0.01112148817628622
MNIST,medium,43,10,a1,hebbian,loss_free,77,0.023299649357795715
MNIST,medium,43,10,a1,hebbian,loss_free,78,0.02720751240849495
MNIST,medium,43,10,a1,hebbian,loss_free,79,0.0
MNIST,medium,43,10,a1,hebbian,loss_free,80,0.02022809162735939
MNIST,medium,43,10,a1,hebbian,loss_free,81,0.027155132964253426
MNIST,medium,43,10,a1,hebbian,loss_free,82,0.0063143097795546055
MNIST,medium,43,10,a1,hebbian,loss_free,83,0.03277072310447693
MNIST,medium,43,10,a1,hebbian,loss_free,84,8.276564585685264e-06
MNIST,medium,43,10,a1,hebbian,loss_free,85,0.0
MNIST,medium,43,10,a1,hebbian,loss_free,86,0.12813128530979156
MNIST,medium,43,10,a1,hebbian,loss_free,87,0.08120039105415344
MNIST,medium,43,10,a1,hebbian,loss_free,88,0.019221106544137
MNIST,medium,43,10,a1,hebbian,loss_free,89,0.19250263273715973
MNIST,medium,43,10,a1,hebbian,loss_free,90,0.0
MNIST,medium,43,10,a1,hebbian,loss_free,91,0.006826709024608135
MNIST,medium,43,10,a1,hebbian,loss_free,92,0.08631143718957901
MNIST,medium,43,10,a1,hebbian,loss_free,93,0.003898890921846032
MNIST,medium,43,10,a1,hebbian,loss_free,94,0.08148849755525589
MNIST,medium,43,10,a1,hebbian,loss_free,95,0.036153655499219894
MNIST,medium,43,10,a1,hebbian,loss_free,96,0.0081113176420331
MNIST,medium,43,10,a1,hebbian,loss_free,97,0.1380414366722107
MNIST,medium,43,10,a1,hebbian,loss_free,98,0.10517458617687225
MNIST,medium,43,10,a1,hebbian,loss_free,99,0.0628681480884552
MNIST,medium,43,10,a1,hebbian,loss_free,100,0.2263108640909195
MNIST,medium,43,10,a1,hebbian,loss_free,101,0.012563291005790234
MNIST,medium,43,10,a1,hebbian,loss_free,102,0.019186956807971
MNIST,medium,43,10,a1,hebbian,loss_free,103,0.0
MNIST,medium,43,10,a1,hebbian,loss_free,104,0.012908057309687138
MNIST,medium,43,10,a1,hebbian,loss_free,105,0.04346436634659767
MNIST,medium,43,10,a1,hebbian,loss_free,106,0.16179852187633514
MNIST,medium,43,10,a1,hebbian,loss_free,107,0.09935011714696884
MNIST,medium,43,10,a1,hebbian,loss_free,108,0.003140056971460581
MNIST,medium,43,10,a1,hebbian,loss_free,109,0.06912907212972641
MNIST,medium,43,10,a1,hebbian,loss_free,110,0.1475684493780136
MNIST,medium,43,10,a1,hebbian,loss_free,111,0.0102614127099514
MNIST,medium,43,10,a1,hebbian,loss_free,112,0.20390817523002625
MNIST,medium,43,10,a1,hebbian,loss_free,113,0.04732212796807289
MNIST,medium,43,10,a1,hebbian,loss_free,114,0.025937510654330254
MNIST,medium,43,10,a1,hebbian,loss_free,115,0.7025688886642456
MNIST,medium,43,10,a1,hebbian,loss_free,116,0.012452859431505203
MNIST,medium,43,10,a1,hebbian,loss_free,117,0.03214540332555771
MNIST,medium,43,10,a1,hebbian,loss_free,118,0.02100335620343685
MNIST,medium,43,10,a1,hebbian,loss_free,119,0.023798080161213875
MNIST,medium,43,10,a1,hebbian,loss_free,120,0.024840960279107094
MNIST,medium,43,10,a1,hebbian,loss_free,121,0.01303288247436285
MNIST,medium,43,10,a1,hebbian,loss_free,122,0.03418615832924843
MNIST,medium,43,10,a1,hebbian,loss_free,123,0.025140387937426567
MNIST,medium,43,10,a1,hebbian,loss_free,124,0.0
MNIST,medium,43,10,a1,hebbian,loss_free,125,0.11535495519638062
MNIST,medium,43,10,a1,hebbian,loss_free,126,0.13107408583164215
MNIST,medium,43,10,a1,hebbian,loss_free,127,0.004179823212325573
MNIST,medium,43,10,a1,hebbian,loss_free,128,0.0789278969168663
MNIST,medium,43,10,a1,hebbian,loss_free,129,0.0001910865248646587
MNIST,medium,43,10,a1,hebbian,loss_free,130,0.2976393401622772
MNIST,medium,43,10,a1,hebbian,loss_free,131,0.09600963443517685
MNIST,medium,43,10,a1,hebbian,loss_free,132,0.07774221152067184
MNIST,medium,43,10,a1,hebbian,loss_free,133,0.10761750489473343
MNIST,medium,43,10,a1,hebbian,loss_free,134,0.028249574825167656
MNIST,medium,43,10,a1,hebbian,loss_free,135,0.0069922697730362415
MNIST,medium,43,10,a1,hebbian,loss_free,136,0.11218804121017456
MNIST,medium,43,10,a1,hebbian,loss_free,137,0.017338484525680542
MNIST,medium,43,10,a1,hebbian,loss_free,138,0.03142735734581947
MNIST,medium,43,10,a1,hebbian,loss_free,139,0.05810119956731796
MNIST,medium,43,10,a1,hebbian,loss_free,140,0.0
MNIST,medium,43,10,a1,hebbian,loss_free,141,0.0112500861287117
MNIST,medium,43,10,a1,hebbian,loss_free,142,0.20186471939086914
MNIST,medium,43,10,a1,hebbian,loss_free,143,0.08179347217082977
MNIST,medium,43,10,a1,hebbian,loss_free,144,0.0
MNIST,medium,43,10,a1,hebbian,loss_free,145,0.05173725262284279
MNIST,medium,43,10,a1,hebbian,loss_free,146,0.025635497644543648
MNIST,medium,43,10,a1,hebbian,loss_free,147,0.0007529162103310227
MNIST,medium,43,10,a1,hebbian,loss_free,148,0.006455546710640192
MNIST,medium,43,10,a1,hebbian,loss_free,149,0.0014705413486808538
MNIST,medium,43,10,a1,hebbian,loss_free,150,0.0
MNIST,medium,43,10,a1,hebbian,loss_free,151,0.02266640029847622
MNIST,medium,43,10,a1,hebbian,loss_free,152,0.015787439420819283
MNIST,medium,43,10,a1,hebbian,loss_free,153,0.0
MNIST,medium,43,10,a1,hebbian,loss_free,154,0.0
MNIST,medium,43,10,a1,hebbian,loss_free,155,0.10512194037437439
MNIST,medium,43,10,a1,hebbian,loss_free,156,0.037350427359342575
MNIST,medium,43,10,a1,hebbian,loss_free,157,0.014380007050931454
MNIST,medium,43,10,a1,hebbian,loss_free,158,0.05234503000974655
MNIST,medium,43,10,a1,hebbian,loss_free,159,0.0005231235409155488
MNIST,medium,43,10,a1,hebbian,loss_free,160,0.41020137071609497
MNIST,medium,43,10,a1,hebbian,loss_free,161,1.0343335816287436e-05
MNIST,medium,43,10,a1,hebbian,loss_free,162,0.13523292541503906
MNIST,medium,43,10,a1,hebbian,loss_free,163,0.0017813609447330236
MNIST,medium,43,10,a1,hebbian,loss_free,164,0.04383871331810951
MNIST,medium,43,10,a1,hebbian,loss_free,165,0.4390239715576172
MNIST,medium,43,10,a1,hebbian,loss_free,166,0.10835806280374527
MNIST,medium,43,10,a1,hebbian,loss_free,167,0.02888895943760872
MNIST,medium,43,10,a1,hebbian,loss_free,168,0.07336509227752686
MNIST,medium,43,10,a1,hebbian,loss_free,169,0.044505275785923004
MNIST,medium,43,10,a1,hebbian,loss_free,170,4.474029265111312e-05
MNIST,medium,43,10,a1,hebbian,loss_free,171,0.0286546777933836
MNIST,medium,43,10,a1,hebbian,loss_free,172,0.017917785793542862
MNIST,medium,43,10,a1,hebbian,loss_free,173,0.00683041475713253
MNIST,medium,43,10,a1,hebbian,loss_free,174,0.145188570022583
MNIST,medium,43,10,a1,hebbian,loss_free,175,0.014206170104444027
MNIST,medium,43,10,a1,hebbian,loss_free,176,0.020781204104423523
MNIST,medium,43,10,a1,hebbian,loss_free,177,0.15320874750614166
MNIST,medium,43,10,a1,hebbian,loss_free,178,0.00538420956581831
MNIST,medium,43,10,a1,hebbian,loss_free,179,0.013991817831993103
MNIST,medium,43,10,a1,hebbian,loss_free,180,0.0005539859412238002
MNIST,medium,43,10,a1,hebbian,loss_free,181,0.018803376704454422
MNIST,medium,43,10,a1,hebbian,loss_free,182,0.0179926548153162
MNIST,medium,43,10,a1,hebbian,loss_free,183,0.01400669664144516
MNIST,medium,43,10,a1,hebbian,loss_free,184,0.06170842796564102
MNIST,medium,43,10,a1,hebbian,loss_free,185,0.001802973449230194
MNIST,medium,43,10,a1,hebbian,loss_free,186,0.036691244691610336
MNIST,medium,43,10,a1,hebbian,loss_free,187,0.025741741061210632
MNIST,medium,43,10,a1,hebbian,loss_free,188,0.09238148480653763
MNIST,medium,43,10,a1,hebbian,loss_free,189,0.14003990590572357
MNIST,medium,43,10,a1,hebbian,loss_free,190,0.006124682258814573
MNIST,medium,43,10,a1,hebbian,loss_free,191,0.0010078644845634699
MNIST,medium,43,10,a1,hebbian,loss_free,192,0.04014885053038597
MNIST,medium,43,10,a1,hebbian,loss_free,193,0.004498802591115236
MNIST,medium,43,10,a1,hebbian,loss_free,194,5.836769560119137e-05
MNIST,medium,43,10,a1,hebbian,loss_free,195,0.07020779699087143
MNIST,medium,43,10,a1,hebbian,loss_free,196,0.15882056951522827
MNIST,medium,43,10,a1,hebbian,loss_free,197,0.011536525562405586
MNIST,medium,43,10,a1,hebbian,loss_free,198,0.09952152520418167
MNIST,medium,43,10,a1,hebbian,loss_free,199,0.024277519434690475
MNIST,medium,43,10,a1,hebbian,loss_free,200,0.002467404818162322
MNIST,medium,43,10,a1,hebbian,loss_free,201,4.82898094844586e-08
MNIST,medium,43,10,a1,hebbian,loss_free,202,0.0028251123148947954
MNIST,medium,43,10,a1,hebbian,loss_free,203,0.021421100944280624
MNIST,medium,43,10,a1,hebbian,loss_free,204,0.14439080655574799
MNIST,medium,43,10,a1,hebbian,loss_free,205,0.06866614520549774
MNIST,medium,43,10,a1,hebbian,loss_free,206,0.23853829503059387
MNIST,medium,43,10,a1,hebbian,loss_free,207,0.05467088147997856
MNIST,medium,43,10,a1,hebbian,loss_free,208,0.13908584415912628
MNIST,medium,43,10,a1,hebbian,loss_free,209,0.0837213397026062
MNIST,medium,43,10,a1,hebbian,loss_free,210,0.014435741119086742
MNIST,medium,43,10,a1,hebbian,loss_free,211,0.05353006348013878
MNIST,medium,43,10,a1,hebbian,loss_free,212,0.08405566960573196
MNIST,medium,43,10,a1,hebbian,loss_free,213,0.0
MNIST,medium,43,10,a1,hebbian,loss_free,214,0.032489776611328125
MNIST,medium,43,10,a1,hebbian,loss_free,215,1.6897509169666591e-07
MNIST,medium,43,10,a1,hebbian,loss_free,216,0.10322564095258713
MNIST,medium,43,10,a1,hebbian,loss_free,217,0.03807227686047554
MNIST,medium,43,10,a1,hebbian,loss_free,218,0.0
MNIST,medium,43,10,a1,hebbian,loss_free,219,0.0
MNIST,medium,43,10,a1,hebbian,loss_free,220,0.011891186237335205
MNIST,medium,43,10,a1,hebbian,loss_free,221,0.06478404253721237
MNIST,medium,43,10,a1,hebbian,loss_free,222,0.0006285145645961165
MNIST,medium,43,10,a1,hebbian,loss_free,223,0.009469464421272278
MNIST,medium,43,10,a1,hebbian,loss_free,224,0.1269955337047577
MNIST,medium,43,10,a1,hebbian,loss_free,225,0.004081215709447861
MNIST,medium,43,10,a1,hebbian,loss_free,226,0.06250866502523422
MNIST,medium,43,10,a1,hebbian,loss_free,227,0.003976024221628904
MNIST,medium,43,10,a1,hebbian,loss_free,228,0.08548945933580399
MNIST,medium,43,10,a1,hebbian,loss_free,229,0.044864848256111145
MNIST,medium,43,10,a1,hebbian,loss_free,230,0.0032550569158047438
MNIST,medium,43,10,a1,hebbian,loss_free,231,0.07446896284818649
MNIST,medium,43,10,a1,hebbian,loss_free,232,0.11607864499092102
MNIST,medium,43,10,a1,hebbian,loss_free,233,0.13296183943748474
MNIST,medium,43,10,a1,hebbian,loss_free,234,0.0230735931545496
MNIST,medium,43,10,a1,hebbian,loss_free,235,0.15322880446910858
MNIST,medium,43,10,a1,hebbian,loss_free,236,0.021232575178146362
MNIST,medium,43,10,a1,hebbian,loss_free,237,0.22001135349273682
MNIST,medium,43,10,a1,hebbian,loss_free,238,0.020746657624840736
MNIST,medium,43,10,a1,hebbian,loss_free,239,0.0016188756562769413
MNIST,medium,43,10,a1,hebbian,loss_free,240,4.016052116639912e-06
MNIST,medium,43,10,a1,hebbian,loss_free,241,0.16315998136997223
MNIST,medium,43,10,a1,hebbian,loss_free,242,0.10190407931804657
MNIST,medium,43,10,a1,hebbian,loss_free,243,3.975383933152443e-08
MNIST,medium,43,10,a1,hebbian,loss_free,244,0.06564867496490479
MNIST,medium,43,10,a1,hebbian,loss_free,245,0.0
MNIST,medium,43,10,a1,hebbian,loss_free,246,0.08467219769954681
MNIST,medium,43,10,a1,hebbian,loss_free,247,0.05495277792215347
MNIST,medium,43,10,a1,hebbian,loss_free,248,0.05890422314405441
MNIST,medium,43,10,a1,hebbian,loss_free,249,0.038024891167879105
MNIST,medium,43,10,a1,hebbian,loss_free,250,0.006512208376079798
MNIST,medium,43,10,a1,hebbian,loss_free,251,0.10929103940725327
MNIST,medium,43,10,a1,hebbian,loss_free,252,0.08240333944559097
MNIST,medium,43,10,a1,hebbian,loss_free,253,0.29140833020210266
MNIST,medium,43,10,a1,hebbian,loss_free,254,0.12372852116823196
MNIST,medium,43,10,a1,hebbian,loss_free,255,0.003419562242925167
MNIST,medium,43,10,a1,hebbian,loss_free,256,0.2683512568473816
MNIST,medium,43,10,a1,hebbian,loss_free,257,0.14594650268554688
MNIST,medium,43,10,a1,hebbian,loss_free,258,0.0
MNIST,medium,43,10,a1,hebbian,loss_free,259,0.0776268020272255
MNIST,medium,43,10,a1,hebbian,loss_free,260,0.22711685299873352
MNIST,medium,43,10,a1,hebbian,loss_free,261,0.03447756543755531
MNIST,medium,43,10,a1,hebbian,loss_free,262,0.09636233747005463
MNIST,medium,43,10,a1,hebbian,loss_free,263,0.06924548745155334
MNIST,medium,43,10,a1,hebbian,loss_free,264,0.11966081708669662
MNIST,medium,43,10,a1,hebbian,loss_free,265,0.1984814703464508
MNIST,medium,43,10,a1,hebbian,loss_free,266,0.0031839918810874224
MNIST,medium,43,10,a1,hebbian,loss_free,267,1.042066401168995e-06
MNIST,medium,43,10,a1,hebbian,loss_free,268,0.023004570975899696
MNIST,medium,43,10,a1,hebbian,loss_free,269,6.802562711527571e-05
MNIST,medium,43,10,a1,hebbian,loss_free,270,0.033603716641664505
MNIST,medium,43,10,a1,hebbian,loss_free,271,0.021218400448560715
MNIST,medium,43,10,a1,hebbian,loss_free,272,0.0015272096497938037
MNIST,medium,43,10,a1,hebbian,loss_free,273,0.10803341120481491
MNIST,medium,43,10,a1,hebbian,loss_free,274,0.0
MNIST,medium,43,10,a1,hebbian,loss_free,275,0.0
MNIST,medium,43,10,a1,hebbian,loss_free,276,0.12105376273393631
MNIST,medium,43,10,a1,hebbian,loss_free,277,1.1600768630160019e-06
MNIST,medium,43,10,a1,hebbian,loss_free,278,0.032095495611429214
MNIST,medium,43,10,a1,hebbian,loss_free,279,0.038351211696863174
MNIST,medium,43,10,a1,hebbian,loss_free,280,0.1528814733028412
MNIST,medium,43,10,a1,hebbian,loss_free,281,0.03810693323612213
MNIST,medium,43,10,a1,hebbian,loss_free,282,0.0007785252528265119
MNIST,medium,43,10,a1,hebbian,loss_free,283,0.3582873046398163
MNIST,medium,43,10,a1,hebbian,loss_free,284,0.018100785091519356
MNIST,medium,43,10,a1,hebbian,loss_free,285,0.014324621297419071
MNIST,medium,43,10,a1,hebbian,loss_free,286,0.15550659596920013
MNIST,medium,43,10,a1,hebbian,loss_free,287,0.06574416905641556
MNIST,medium,43,10,a1,hebbian,loss_free,288,0.0004294141544960439
MNIST,medium,43,10,a1,hebbian,loss_free,289,0.07175367325544357
MNIST,medium,43,10,a1,hebbian,loss_free,290,0.08179451525211334
MNIST,medium,43,10,a1,hebbian,loss_free,291,0.07487265765666962
MNIST,medium,43,10,a1,hebbian,loss_free,292,0.12944002449512482
MNIST,medium,43,10,a1,hebbian,loss_free,293,0.08629779517650604
MNIST,medium,43,10,a1,hebbian,loss_free,294,0.052610769867897034
MNIST,medium,43,10,a1,hebbian,loss_free,295,0.0
MNIST,medium,43,10,a1,hebbian,loss_free,296,0.040059227496385574
MNIST,medium,43,10,a1,hebbian,loss_free,297,0.0
MNIST,medium,43,10,a1,hebbian,loss_free,298,0.08397513628005981
MNIST,medium,43,10,a1,hebbian,loss_free,299,0.054385047405958176
MNIST,medium,43,10,a1,hebbian,loss_free,300,0.05597371235489845
MNIST,medium,43,10,a1,hebbian,loss_free,301,0.03476022928953171
MNIST,medium,43,10,a1,hebbian,loss_free,302,0.03927718102931976
MNIST,medium,43,10,a1,hebbian,loss_free,303,0.042069271206855774
MNIST,medium,43,10,a1,hebbian,loss_free,304,0.196707621216774
MNIST,medium,43,10,a1,hebbian,loss_free,305,0.11090576648712158
MNIST,medium,43,10,a1,hebbian,loss_free,306,0.325523316860199
MNIST,medium,43,10,a1,hebbian,loss_free,307,0.10852263122797012
MNIST,medium,43,10,a1,hebbian,loss_free,308,0.005867570172995329
MNIST,medium,43,10,a1,hebbian,loss_free,309,0.03004821389913559
MNIST,medium,43,10,a1,hebbian,loss_free,310,0.012676270678639412
MNIST,medium,43,10,a1,hebbian,loss_free,311,0.012264569289982319
MNIST,medium,43,10,a1,hebbian,loss_free,312,0.020102426409721375
MNIST,medium,43,10,a1,hebbian,loss_free,313,0.018794167786836624
MNIST,medium,43,10,a1,hebbian,loss_free,314,0.6956419944763184
MNIST,medium,43,10,a1,hebbian,loss_free,315,0.0011623217724263668
MNIST,medium,43,10,a1,hebbian,loss_free,316,0.004261830821633339
MNIST,medium,43,10,a1,hebbian,loss_free,317,0.10110295563936234
MNIST,medium,43,10,a1,hebbian,loss_free,318,0.0
MNIST,medium,43,10,a1,hebbian,loss_free,319,2.529487133026123
MNIST,medium,43,10,a1,hebbian,loss_free,320,0.010916859842836857
MNIST,medium,43,10,a1,hebbian,loss_free,321,0.0645856186747551
MNIST,medium,43,10,a1,hebbian,loss_free,322,0.157135471701622
MNIST,medium,43,10,a1,hebbian,loss_free,323,0.0328502357006073
MNIST,medium,43,10,a1,hebbian,loss_free,324,0.1732652336359024
MNIST,medium,43,10,a1,hebbian,loss_free,325,0.04337918013334274
MNIST,medium,43,10,a1,hebbian,loss_free,326,0.0028731483034789562
MNIST,medium,43,10,a1,hebbian,loss_free,327,0.02230353094637394
MNIST,medium,43,10,a1,hebbian,loss_free,328,0.02800070494413376
MNIST,medium,43,10,a1,hebbian,loss_free,329,0.028389660641551018
MNIST,medium,43,10,a1,hebbian,loss_free,330,0.020000243559479713
MNIST,medium,43,10,a1,hebbian,loss_free,331,0.000538885360583663
MNIST,medium,43,10,a1,hebbian,loss_free,332,0.0008357142796739936
MNIST,medium,43,10,a1,hebbian,loss_free,333,0.05059516429901123
MNIST,medium,43,10,a1,hebbian,loss_free,334,0.11057333648204803
MNIST,medium,43,10,a1,hebbian,loss_free,335,0.15043474733829498
MNIST,medium,43,10,a1,hebbian,loss_free,336,0.10430841892957687
MNIST,medium,43,10,a1,hebbian,loss_free,337,0.3022756278514862
MNIST,medium,43,10,a1,hebbian,loss_free,338,0.03094659000635147
MNIST,medium,43,10,a1,hebbian,loss_free,339,0.15619321167469025
MNIST,medium,43,10,a1,hebbian,loss_free,340,0.0
MNIST,medium,43,10,a1,hebbian,loss_free,341,0.006823503412306309
MNIST,medium,43,10,a1,hebbian,loss_free,342,0.11992134898900986
MNIST,medium,43,10,a1,hebbian,loss_free,343,0.12280675768852234
MNIST,medium,43,10,a1,hebbian,loss_free,344,0.0116620734333992
MNIST,medium,43,10,a1,hebbian,loss_free,345,0.0002709520922508091
MNIST,medium,43,10,a1,hebbian,loss_free,346,0.026759587228298187
MNIST,medium,43,10,a1,hebbian,loss_free,347,0.03449481353163719
MNIST,medium,43,10,a1,hebbian,loss_free,348,0.0001497113989898935
MNIST,medium,43,10,a1,hebbian,loss_free,349,0.00023339639301411808
MNIST,medium,43,10,a1,hebbian,loss_free,350,0.3022242486476898
MNIST,medium,43,10,a1,hebbian,loss_free,351,0.0003052132669836283
MNIST,medium,43,10,a1,hebbian,loss_free,352,4.605609501595609e-05
MNIST,medium,43,10,a1,hebbian,loss_free,353,0.0032835896126925945
MNIST,medium,43,10,a1,hebbian,loss_free,354,0.040613070130348206
MNIST,medium,43,10,a1,hebbian,loss_free,355,0.002587636699900031
MNIST,medium,43,10,a1,hebbian,loss_free,356,0.17125304043293
MNIST,medium,43,10,a1,hebbian,loss_free,357,0.4366208612918854
MNIST,medium,43,10,a1,hebbian,loss_free,358,0.0608774870634079
MNIST,medium,43,10,a1,hebbian,loss_free,359,0.0073142158798873425
MNIST,medium,43,10,a1,hebbian,loss_free,360,0.18296976387500763
MNIST,medium,43,10,a1,hebbian,loss_free,361,0.01292099617421627
MNIST,medium,43,10,a1,hebbian,loss_free,362,0.43052807450294495
MNIST,medium,43,10,a1,hebbian,loss_free,363,0.0021853484213352203
MNIST,medium,43,10,a1,hebbian,loss_free,364,0.2854819893836975
MNIST,medium,43,10,a1,hebbian,loss_free,365,0.0202974583953619
MNIST,medium,43,10,a1,hebbian,loss_free,366,0.0588020421564579
MNIST,medium,43,10,a1,hebbian,loss_free,367,0.05737955495715141
MNIST,medium,43,10,a1,hebbian,loss_free,368,0.0008466933504678309
MNIST,medium,43,10,a1,hebbian,loss_free,369,0.010291644372045994
MNIST,medium,43,10,a1,hebbian,loss_free,370,0.0
MNIST,medium,43,10,a1,hebbian,loss_free,371,0.1144590824842453
MNIST,medium,43,10,a1,hebbian,loss_free,372,0.008373665623366833
MNIST,medium,43,10,a1,hebbian,loss_free,373,0.04445671662688255
MNIST,medium,43,10,a1,hebbian,loss_free,374,0.017880547791719437
MNIST,medium,43,10,a1,hebbian,loss_free,375,0.010249407961964607
MNIST,medium,43,10,a1,hebbian,loss_free,376,0.009507290087640285
MNIST,medium,43,10,a1,hebbian,loss_free,377,0.010906253941357136
MNIST,medium,43,10,a1,hebbian,loss_free,378,0.06993303447961807
MNIST,medium,43,10,a1,hebbian,loss_free,379,0.0276008453220129
MNIST,medium,43,10,a1,hebbian,loss_free,380,0.11125735193490982
MNIST,medium,43,10,a1,hebbian,loss_free,381,0.019792644307017326
MNIST,medium,43,10,a1,hebbian,loss_free,382,0.07008956372737885
MNIST,medium,43,10,a1,hebbian,loss_free,383,0.0006480878219008446
MNIST,medium,43,10,a1,hebbian,loss_free,384,0.024933066219091415
MNIST,medium,43,10,a1,hebbian,loss_free,385,0.13629302382469177
MNIST,medium,43,10,a1,hebbian,loss_free,386,0.07055752724409103
MNIST,medium,43,10,a1,hebbian,loss_free,387,0.01391338650137186
MNIST,medium,43,10,a1,hebbian,loss_free,388,0.26895174384117126
MNIST,medium,43,10,a1,hebbian,loss_free,389,0.09688889235258102
MNIST,medium,43,10,a1,hebbian,loss_free,390,0.0509241446852684
MNIST,medium,43,10,a1,hebbian,loss_free,391,0.3082897365093231
MNIST,medium,43,10,a1,hebbian,loss_free,392,0.01036548800766468
MNIST,medium,43,10,a1,hebbian,loss_free,393,0.021884720772504807
MNIST,medium,43,10,a1,hebbian,loss_free,394,0.013824750669300556
MNIST,medium,43,10,a1,hebbian,loss_free,395,0.015211453661322594
MNIST,medium,43,10,a1,hebbian,loss_free,396,0.012593651190400124
MNIST,medium,43,10,a1,hebbian,loss_free,397,0.21390175819396973
MNIST,medium,43,10,a1,hebbian,loss_free,398,0.17114487290382385
MNIST,medium,43,10,a1,hebbian,loss_free,399,1.5549339877907187e-06
MNIST,medium,43,10,a1,hebbian,loss_free,400,0.008015607483685017
MNIST,medium,43,10,a1,hebbian,loss_free,401,0.08420326560735703
MNIST,medium,43,10,a1,hebbian,loss_free,402,0.1621720790863037
MNIST,medium,43,10,a1,hebbian,loss_free,403,0.025522321462631226
MNIST,medium,43,10,a1,hebbian,loss_free,404,0.13920152187347412
MNIST,medium,43,10,a1,hebbian,loss_free,405,0.09077068418264389
MNIST,medium,43,10,a1,hebbian,loss_free,406,0.0017932731425389647
MNIST,medium,43,10,a1,hebbian,loss_free,407,2.112056245096028e-05
MNIST,medium,43,10,a1,hebbian,loss_free,408,0.03163875639438629
MNIST,medium,43,10,a1,hebbian,loss_free,409,0.084424689412117
MNIST,medium,43,10,a1,hebbian,loss_free,410,0.0
MNIST,medium,43,10,a1,hebbian,loss_free,411,0.022158438339829445
MNIST,medium,43,10,a1,hebbian,loss_free,412,0.051858916878700256
MNIST,medium,43,10,a1,hebbian,loss_free,413,0.15887413918972015
MNIST,medium,43,10,a1,hebbian,loss_free,414,0.024078771471977234
MNIST,medium,43,10,a1,hebbian,loss_free,415,0.0003984749491792172
MNIST,medium,43,10,a1,hebbian,loss_free,416,0.010969911701977253
MNIST,medium,43,10,a1,hebbian,loss_free,417,0.07364441454410553
MNIST,medium,43,10,a1,hebbian,loss_free,418,0.03709735721349716
MNIST,medium,43,10,a1,hebbian,loss_free,419,0.13075542449951172
MNIST,medium,43,10,a1,hebbian,loss_free,420,0.051824651658535004
MNIST,medium,43,10,a1,hebbian,loss_free,421,0.4805411696434021
MNIST,medium,43,10,a1,hebbian,loss_free,422,0.07707185298204422
MNIST,medium,43,10,a1,hebbian,loss_free,423,0.0474841445684433
MNIST,medium,43,10,a1,hebbian,loss_free,424,4.131212563152076e-07
MNIST,medium,43,10,a1,hebbian,loss_free,425,0.14056313037872314
MNIST,medium,43,10,a1,hebbian,loss_free,426,0.0205583143979311
MNIST,medium,43,10,a1,hebbian,loss_free,427,0.05998263508081436
MNIST,medium,43,10,a1,hebbian,loss_free,428,0.10284382104873657
MNIST,medium,43,10,a1,hebbian,loss_free,429,0.21532873809337616
MNIST,medium,43,10,a1,hebbian,loss_free,430,0.0
MNIST,medium,43,10,a1,hebbian,loss_free,431,0.08971519023180008
MNIST,medium,43,10,a1,hebbian,loss_free,432,0.1022925078868866
MNIST,medium,43,10,a1,hebbian,loss_free,433,0.03666558116674423
MNIST,medium,43,10,a1,hebbian,loss_free,434,0.00385579583235085
MNIST,medium,43,10,a1,hebbian,loss_free,435,0.0507773794233799
MNIST,medium,43,10,a1,hebbian,loss_free,436,5.6845859944587573e-05
MNIST,medium,43,10,a1,hebbian,loss_free,437,0.19195950031280518
MNIST,medium,43,10,a1,hebbian,loss_free,438,0.056605156511068344
MNIST,medium,43,10,a1,hebbian,loss_free,439,0.16023971140384674
MNIST,medium,43,10,a1,hebbian,loss_free,440,0.07194988429546356
MNIST,medium,43,10,a1,hebbian,loss_free,441,0.2679503560066223
MNIST,medium,43,10,a1,hebbian,loss_free,442,0.003612485248595476
MNIST,medium,43,10,a1,hebbian,loss_free,443,0.004659900441765785
MNIST,medium,43,10,a1,hebbian,loss_free,444,0.037239402532577515
MNIST,medium,43,10,a1,hebbian,loss_free,445,0.20934851467609406
MNIST,medium,43,10,a1,hebbian,loss_free,446,0.08214959502220154
MNIST,medium,43,10,a1,hebbian,loss_free,447,0.04512181133031845
MNIST,medium,43,10,a1,hebbian,loss_free,448,0.059931330382823944
MNIST,medium,43,10,a1,hebbian,loss_free,449,0.017719976603984833
MNIST,medium,43,10,a1,hebbian,loss_free,450,0.28351670503616333
MNIST,medium,43,10,a1,hebbian,loss_free,451,0.0017099733231589198
MNIST,medium,43,10,a1,hebbian,loss_free,452,0.017057960852980614
MNIST,medium,43,10,a1,hebbian,loss_free,453,2.5644720835771295e-07
MNIST,medium,43,10,a1,hebbian,loss_free,454,0.11755771934986115
MNIST,medium,43,10,a1,hebbian,loss_free,455,0.0024186538066715
MNIST,medium,43,10,a1,hebbian,loss_free,456,0.07939273118972778
MNIST,medium,43,10,a1,hebbian,loss_free,457,0.005074596963822842
MNIST,medium,43,10,a1,hebbian,loss_free,458,0.07632476091384888
MNIST,medium,43,10,a1,hebbian,loss_free,459,0.3885050415992737
MNIST,medium,43,10,a1,hebbian,loss_free,460,8.526515557605308e-06
MNIST,medium,43,10,a1,hebbian,loss_free,461,0.037048064172267914
MNIST,medium,43,10,a1,hebbian,loss_free,462,0.1056794673204422
MNIST,medium,43,10,a1,hebbian,loss_free,463,0.07232055068016052
MNIST,medium,43,10,a1,hebbian,loss_free,464,0.056627534329891205
MNIST,medium,43,10,a1,hebbian,loss_free,465,0.8431180119514465
MNIST,medium,43,10,a1,hebbian,loss_free,466,0.06407351791858673
MNIST,medium,43,10,a1,hebbian,loss_free,467,0.20360837876796722
MNIST,medium,43,10,a1,hebbian,loss_free,468,0.0
MNIST,medium,43,10,a1,hebbian,loss_free,469,0.06644552946090698
MNIST,medium,43,10,a1,hebbian,loss_free,470,0.023956025019288063
MNIST,medium,43,10,a1,hebbian,loss_free,471,0.006854240316897631
MNIST,medium,43,10,a1,hebbian,loss_free,472,0.010013097897171974
MNIST,medium,43,10,a1,hebbian,loss_free,473,0.01898040995001793
MNIST,medium,43,10,a1,hebbian,loss_free,474,0.05889356881380081
MNIST,medium,43,10,a1,hebbian,loss_free,475,0.1382017582654953
MNIST,medium,43,10,a1,hebbian,loss_free,476,0.06909997761249542
MNIST,medium,43,10,a1,hebbian,loss_free,477,0.020892782136797905
MNIST,medium,43,10,a1,hebbian,loss_free,478,0.0366039015352726
MNIST,medium,43,10,a1,hebbian,loss_free,479,0.012588650919497013
MNIST,medium,43,10,a1,hebbian,loss_free,480,0.0
MNIST,medium,43,10,a1,hebbian,loss_free,481,0.14711152017116547
MNIST,medium,43,10,a1,hebbian,loss_free,482,0.008233156055212021
MNIST,medium,43,10,a1,hebbian,loss_free,483,0.0036379778757691383
MNIST,medium,43,10,a1,hebbian,loss_free,484,0.10047668218612671
MNIST,medium,43,10,a1,hebbian,loss_free,485,0.0028982677031308413
MNIST,medium,43,10,a1,hebbian,loss_free,486,0.018575219437479973
MNIST,medium,43,10,a1,hebbian,loss_free,487,0.0012695627519860864
MNIST,medium,43,10,a1,hebbian,loss_free,488,0.02278180979192257
MNIST,medium,43,10,a1,hebbian,loss_free,489,0.02097572200000286
MNIST,medium,43,10,a1,hebbian,loss_free,490,0.02437092363834381
MNIST,medium,43,10,a1,hebbian,loss_free,491,0.0052046929486095905
MNIST,medium,43,10,a1,hebbian,loss_free,492,0.009275976568460464
MNIST,medium,43,10,a1,hebbian,loss_free,493,0.0
MNIST,medium,43,10,a1,hebbian,loss_free,494,0.08565949648618698
MNIST,medium,43,10,a1,hebbian,loss_free,495,0.0503210574388504
MNIST,medium,43,10,a1,hebbian,loss_free,496,0.021472254768013954
MNIST,medium,43,10,a1,hebbian,loss_free,497,0.08992207050323486
MNIST,medium,43,10,a1,hebbian,loss_free,498,0.041036006063222885
MNIST,medium,43,10,a1,hebbian,loss_free,499,0.9103178977966309
MNIST,medium,43,10,a1,hebbian,loss_free,500,0.007751363795250654
MNIST,medium,43,10,a1,hebbian,loss_free,501,0.01433565467596054
MNIST,medium,43,10,a1,hebbian,loss_free,502,0.029657557606697083
MNIST,medium,43,10,a1,hebbian,loss_free,503,0.00524692889302969
MNIST,medium,43,10,a1,hebbian,loss_free,504,0.09035935252904892
MNIST,medium,43,10,a1,hebbian,loss_free,505,0.018386155366897583
MNIST,medium,43,10,a1,hebbian,loss_free,506,0.16946975886821747
MNIST,medium,43,10,a1,hebbian,loss_free,507,0.011489331722259521
MNIST,medium,43,10,a1,hebbian,loss_free,508,0.10244715213775635
MNIST,medium,43,10,a1,hebbian,loss_free,509,0.014855551533401012
MNIST,medium,43,10,a1,hebbian,loss_free,510,0.10579338669776917
MNIST,medium,43,10,a1,hebbian,loss_free,511,0.000572416465729475
MNIST,medium,43,10,a2,hebbian,loss_free,0,0.16772139072418213
MNIST,medium,43,10,a2,hebbian,loss_free,1,0.04472150653600693
MNIST,medium,43,10,a2,hebbian,loss_free,2,0.004138334654271603
MNIST,medium,43,10,a2,hebbian,loss_free,3,0.2020421326160431
MNIST,medium,43,10,a2,hebbian,loss_free,4,0.229196235537529
MNIST,medium,43,10,a2,hebbian,loss_free,5,0.06447695940732956
MNIST,medium,43,10,a2,hebbian,loss_free,6,0.3237612843513489
MNIST,medium,43,10,a2,hebbian,loss_free,7,0.09111068397760391
MNIST,medium,43,10,a2,hebbian,loss_free,8,0.0
MNIST,medium,43,10,a2,hebbian,loss_free,9,0.17983487248420715
MNIST,medium,43,10,a2,hebbian,loss_free,10,0.10505850613117218
MNIST,medium,43,10,a2,hebbian,loss_free,11,0.17472971975803375
MNIST,medium,43,10,a2,hebbian,loss_free,12,0.05102735385298729
MNIST,medium,43,10,a2,hebbian,loss_free,13,0.0713830292224884
MNIST,medium,43,10,a2,hebbian,loss_free,14,0.3223739266395569
MNIST,medium,43,10,a2,hebbian,loss_free,15,0.15803980827331543
MNIST,medium,43,10,a2,hebbian,loss_free,16,0.024298129603266716
MNIST,medium,43,10,a2,hebbian,loss_free,17,0.05047711357474327
MNIST,medium,43,10,a2,hebbian,loss_free,18,0.05048603191971779
MNIST,medium,43,10,a2,hebbian,loss_free,19,0.19373443722724915
MNIST,medium,43,10,a2,hebbian,loss_free,20,0.13988906145095825
MNIST,medium,43,10,a2,hebbian,loss_free,21,0.18585532903671265
MNIST,medium,43,10,a2,hebbian,loss_free,22,0.07139959931373596
MNIST,medium,43,10,a2,hebbian,loss_free,23,0.13435494899749756
MNIST,medium,43,10,a2,hebbian,loss_free,24,0.09529096633195877
MNIST,medium,43,10,a2,hebbian,loss_free,25,0.08699021488428116
MNIST,medium,43,10,a2,hebbian,loss_free,26,0.06407874822616577
MNIST,medium,43,10,a2,hebbian,loss_free,27,0.0948358029127121
MNIST,medium,43,10,a2,hebbian,loss_free,28,0.13678281009197235
MNIST,medium,43,10,a2,hebbian,loss_free,29,0.1738550364971161
MNIST,medium,43,10,a2,hebbian,loss_free,30,0.2398989051580429
MNIST,medium,43,10,a2,hebbian,loss_free,31,0.08339011669158936
MNIST,medium,43,10,a2,hebbian,loss_free,32,0.11933648586273193
MNIST,medium,43,10,a2,hebbian,loss_free,33,0.05923064798116684
MNIST,medium,43,10,a2,hebbian,loss_free,34,0.006903289817273617
MNIST,medium,43,10,a2,hebbian,loss_free,35,0.07442975789308548
MNIST,medium,43,10,a2,hebbian,loss_free,36,0.1613931953907013
MNIST,medium,43,10,a2,hebbian,loss_free,37,0.17625728249549866
MNIST,medium,43,10,a2,hebbian,loss_free,38,0.08988682925701141
MNIST,medium,43,10,a2,hebbian,loss_free,39,0.24740546941757202
MNIST,medium,43,10,a2,hebbian,loss_free,40,0.0
MNIST,medium,43,10,a2,hebbian,loss_free,41,0.18310217559337616
MNIST,medium,43,10,a2,hebbian,loss_free,42,0.05307101458311081
MNIST,medium,43,10,a2,hebbian,loss_free,43,0.11500212550163269
MNIST,medium,43,10,a2,hebbian,loss_free,44,0.11527474969625473
MNIST,medium,43,10,a2,hebbian,loss_free,45,0.09721129387617111
MNIST,medium,43,10,a2,hebbian,loss_free,46,0.08313703536987305
MNIST,medium,43,10,a2,hebbian,loss_free,47,0.16462181508541107
MNIST,medium,43,10,a2,hebbian,loss_free,48,0.011731327511370182
MNIST,medium,43,10,a2,hebbian,loss_free,49,0.030124815180897713
MNIST,medium,43,10,a2,hebbian,loss_free,50,0.1044069305062294
MNIST,medium,43,10,a2,hebbian,loss_free,51,0.0045503429137170315
MNIST,medium,43,10,a2,hebbian,loss_free,52,0.10487543046474457
MNIST,medium,43,10,a2,hebbian,loss_free,53,0.04339030757546425
MNIST,medium,43,10,a2,hebbian,loss_free,54,0.1537725180387497
MNIST,medium,43,10,a2,hebbian,loss_free,55,0.05762914568185806
MNIST,medium,43,10,a2,hebbian,loss_free,56,0.1780232936143875
MNIST,medium,43,10,a2,hebbian,loss_free,57,0.09673788398504257
MNIST,medium,43,10,a2,hebbian,loss_free,58,0.10390980541706085
MNIST,medium,43,10,a2,hebbian,loss_free,59,0.21196959912776947
MNIST,medium,43,10,a2,hebbian,loss_free,60,0.2853483557701111
MNIST,medium,43,10,a2,hebbian,loss_free,61,0.04552725702524185
MNIST,medium,43,10,a2,hebbian,loss_free,62,0.05447646230459213
MNIST,medium,43,10,a2,hebbian,loss_free,63,0.2348480224609375
MNIST,medium,43,10,a2,hebbian,loss_free,64,7.496635134884855e-07
MNIST,medium,43,10,a2,hebbian,loss_free,65,0.039198629558086395
MNIST,medium,43,10,a2,hebbian,loss_free,66,0.12187052518129349
MNIST,medium,43,10,a2,hebbian,loss_free,67,0.08422807604074478
MNIST,medium,43,10,a2,hebbian,loss_free,68,0.15176960825920105
MNIST,medium,43,10,a2,hebbian,loss_free,69,0.05049550160765648
MNIST,medium,43,10,a2,hebbian,loss_free,70,0.09423187375068665
MNIST,medium,43,10,a2,hebbian,loss_free,71,0.09589029848575592
MNIST,medium,43,10,a2,hebbian,loss_free,72,0.09894097596406937
MNIST,medium,43,10,a2,hebbian,loss_free,73,0.3745936155319214
MNIST,medium,43,10,a2,hebbian,loss_free,74,0.16840924322605133
MNIST,medium,43,10,a2,hebbian,loss_free,75,0.3202534317970276
MNIST,medium,43,10,a2,hebbian,loss_free,76,0.02673385664820671
MNIST,medium,43,10,a2,hebbian,loss_free,77,0.39601773023605347
MNIST,medium,43,10,a2,hebbian,loss_free,78,0.07684807479381561
MNIST,medium,43,10,a2,hebbian,loss_free,79,0.10346883535385132
MNIST,medium,43,10,a2,hebbian,loss_free,80,0.09168724715709686
MNIST,medium,43,10,a2,hebbian,loss_free,81,0.07287801057100296
MNIST,medium,43,10,a2,hebbian,loss_free,82,0.30683740973472595
MNIST,medium,43,10,a2,hebbian,loss_free,83,0.08024430274963379
MNIST,medium,43,10,a2,hebbian,loss_free,84,0.35132017731666565
MNIST,medium,43,10,a2,hebbian,loss_free,85,0.3344934582710266
MNIST,medium,43,10,a2,hebbian,loss_free,86,0.045955222100019455
MNIST,medium,43,10,a2,hebbian,loss_free,87,0.06809967011213303
MNIST,medium,43,10,a2,hebbian,loss_free,88,0.04342931509017944
MNIST,medium,43,10,a2,hebbian,loss_free,89,0.03295896202325821
MNIST,medium,43,10,a2,hebbian,loss_free,90,0.08110862970352173
MNIST,medium,43,10,a2,hebbian,loss_free,91,0.1339166909456253
MNIST,medium,43,10,a2,hebbian,loss_free,92,0.04709874466061592
MNIST,medium,43,10,a2,hebbian,loss_free,93,0.24207237362861633
MNIST,medium,43,10,a2,hebbian,loss_free,94,0.2137056142091751
MNIST,medium,43,10,a2,hebbian,loss_free,95,0.07786302268505096
MNIST,medium,43,10,a2,hebbian,loss_free,96,0.13496026396751404
MNIST,medium,43,10,a2,hebbian,loss_free,97,0.0
MNIST,medium,43,10,a2,hebbian,loss_free,98,0.15053193271160126
MNIST,medium,43,10,a2,hebbian,loss_free,99,0.021510394290089607
MNIST,medium,43,10,a2,hebbian,loss_free,100,0.04838673025369644
MNIST,medium,43,10,a2,hebbian,loss_free,101,0.13716484606266022
MNIST,medium,43,10,a2,hebbian,loss_free,102,0.0882960706949234
MNIST,medium,43,10,a2,hebbian,loss_free,103,0.13322235643863678
MNIST,medium,43,10,a2,hebbian,loss_free,104,0.12404527515172958
MNIST,medium,43,10,a2,hebbian,loss_free,105,0.2794996201992035
MNIST,medium,43,10,a2,hebbian,loss_free,106,0.07405638694763184
MNIST,medium,43,10,a2,hebbian,loss_free,107,0.16240690648555756
MNIST,medium,43,10,a2,hebbian,loss_free,108,0.003154162550345063
MNIST,medium,43,10,a2,hebbian,loss_free,109,0.0809471607208252
MNIST,medium,43,10,a2,hebbian,loss_free,110,4.58706017525401e-06
MNIST,medium,43,10,a2,hebbian,loss_free,111,0.08376169204711914
MNIST,medium,43,10,a2,hebbian,loss_free,112,0.14449675381183624
MNIST,medium,43,10,a2,hebbian,loss_free,113,0.08752050250768661
MNIST,medium,43,10,a2,hebbian,loss_free,114,0.036168236285448074
MNIST,medium,43,10,a2,hebbian,loss_free,115,0.12753503024578094
MNIST,medium,43,10,a2,hebbian,loss_free,116,0.3387891948223114
MNIST,medium,43,10,a2,hebbian,loss_free,117,0.025541864335536957
MNIST,medium,43,10,a2,hebbian,loss_free,118,0.12716686725616455
MNIST,medium,43,10,a2,hebbian,loss_free,119,0.12281715124845505
MNIST,medium,43,10,a2,hebbian,loss_free,120,0.06782443076372147
MNIST,medium,43,10,a2,hebbian,loss_free,121,0.0
MNIST,medium,43,10,a2,hebbian,loss_free,122,0.14869099855422974
MNIST,medium,43,10,a2,hebbian,loss_free,123,0.053298238664865494
MNIST,medium,43,10,a2,hebbian,loss_free,124,0.12076087296009064
MNIST,medium,43,10,a2,hebbian,loss_free,125,0.1725400984287262
MNIST,medium,43,10,a2,hebbian,loss_free,126,0.10916298627853394
MNIST,medium,43,10,a2,hebbian,loss_free,127,0.3892483711242676
MNIST,medium,43,10,a2,hebbian,loss_free,128,0.049771521240472794
MNIST,medium,43,10,a2,hebbian,loss_free,129,0.3985315263271332
MNIST,medium,43,10,a2,hebbian,loss_free,130,0.014922485686838627
MNIST,medium,43,10,a2,hebbian,loss_free,131,0.05474834889173508
MNIST,medium,43,10,a2,hebbian,loss_free,132,0.13805751502513885
MNIST,medium,43,10,a2,hebbian,loss_free,133,0.017598938196897507
MNIST,medium,43,10,a2,hebbian,loss_free,134,0.1840461790561676
MNIST,medium,43,10,a2,hebbian,loss_free,135,0.023749474436044693
MNIST,medium,43,10,a2,hebbian,loss_free,136,0.03241337090730667
MNIST,medium,43,10,a2,hebbian,loss_free,137,0.021363548934459686
MNIST,medium,43,10,a2,hebbian,loss_free,138,0.07068033516407013
MNIST,medium,43,10,a2,hebbian,loss_free,139,0.00033411983167752624
MNIST,medium,43,10,a2,hebbian,loss_free,140,0.040560655295848846
MNIST,medium,43,10,a2,hebbian,loss_free,141,0.1344393789768219
MNIST,medium,43,10,a2,hebbian,loss_free,142,0.1641428917646408
MNIST,medium,43,10,a2,hebbian,loss_free,143,0.11978839337825775
MNIST,medium,43,10,a2,hebbian,loss_free,144,0.03342537581920624
MNIST,medium,43,10,a2,hebbian,loss_free,145,0.0809236466884613
MNIST,medium,43,10,a2,hebbian,loss_free,146,0.12055357545614243
MNIST,medium,43,10,a2,hebbian,loss_free,147,0.05458926409482956
MNIST,medium,43,10,a2,hebbian,loss_free,148,0.05111289769411087
MNIST,medium,43,10,a2,hebbian,loss_free,149,0.08783163875341415
MNIST,medium,43,10,a2,hebbian,loss_free,150,0.17918851971626282
MNIST,medium,43,10,a2,hebbian,loss_free,151,0.1381588727235794
MNIST,medium,43,10,a2,hebbian,loss_free,152,0.2261735498905182
MNIST,medium,43,10,a2,hebbian,loss_free,153,0.26470816135406494
MNIST,medium,43,10,a2,hebbian,loss_free,154,0.06271776556968689
MNIST,medium,43,10,a2,hebbian,loss_free,155,0.029300056397914886
MNIST,medium,43,10,a2,hebbian,loss_free,156,0.020252671092748642
MNIST,medium,43,10,a2,hebbian,loss_free,157,0.19554902613162994
MNIST,medium,43,10,a2,hebbian,loss_free,158,0.0028446537908166647
MNIST,medium,43,10,a2,hebbian,loss_free,159,0.1237787976861
MNIST,medium,43,10,a2,hebbian,loss_free,160,0.04186958074569702
MNIST,medium,43,10,a2,hebbian,loss_free,161,0.17191974818706512
MNIST,medium,43,10,a2,hebbian,loss_free,162,0.16611561179161072
MNIST,medium,43,10,a2,hebbian,loss_free,163,0.12796151638031006
MNIST,medium,43,10,a2,hebbian,loss_free,164,0.036330461502075195
MNIST,medium,43,10,a2,hebbian,loss_free,165,0.04045962169766426
MNIST,medium,43,10,a2,hebbian,loss_free,166,0.07122203707695007
MNIST,medium,43,10,a2,hebbian,loss_free,167,0.1536250114440918
MNIST,medium,43,10,a2,hebbian,loss_free,168,0.03602683171629906
MNIST,medium,43,10,a2,hebbian,loss_free,169,0.0756492018699646
MNIST,medium,43,10,a2,hebbian,loss_free,170,0.0895531177520752
MNIST,medium,43,10,a2,hebbian,loss_free,171,0.1820857971906662
MNIST,medium,43,10,a2,hebbian,loss_free,172,0.10068194568157196
MNIST,medium,43,10,a2,hebbian,loss_free,173,0.0
MNIST,medium,43,10,a2,hebbian,loss_free,174,0.09554287046194077
MNIST,medium,43,10,a2,hebbian,loss_free,175,0.22945931553840637
MNIST,medium,43,10,a2,hebbian,loss_free,176,0.028326522558927536
MNIST,medium,43,10,a2,hebbian,loss_free,177,0.37983012199401855
MNIST,medium,43,10,a2,hebbian,loss_free,178,0.06613705307245255
MNIST,medium,43,10,a2,hebbian,loss_free,179,0.16734324395656586
MNIST,medium,43,10,a2,hebbian,loss_free,180,0.03874737396836281
MNIST,medium,43,10,a2,hebbian,loss_free,181,0.042768340557813644
MNIST,medium,43,10,a2,hebbian,loss_free,182,0.04615936428308487
MNIST,medium,43,10,a2,hebbian,loss_free,183,0.013625582680106163
MNIST,medium,43,10,a2,hebbian,loss_free,184,0.1508886069059372
MNIST,medium,43,10,a2,hebbian,loss_free,185,0.0
MNIST,medium,43,10,a2,hebbian,loss_free,186,0.043874528259038925
MNIST,medium,43,10,a2,hebbian,loss_free,187,0.11360219120979309
MNIST,medium,43,10,a2,hebbian,loss_free,188,0.11423590034246445
MNIST,medium,43,10,a2,hebbian,loss_free,189,0.005241647828370333
MNIST,medium,43,10,a2,hebbian,loss_free,190,0.197450652718544
MNIST,medium,43,10,a2,hebbian,loss_free,191,0.038888391107320786
MNIST,medium,43,10,a2,hebbian,loss_free,192,0.0
MNIST,medium,43,10,a2,hebbian,loss_free,193,0.05959509313106537
MNIST,medium,43,10,a2,hebbian,loss_free,194,0.17643022537231445
MNIST,medium,43,10,a2,hebbian,loss_free,195,0.10606526583433151
MNIST,medium,43,10,a2,hebbian,loss_free,196,0.02968539670109749
MNIST,medium,43,10,a2,hebbian,loss_free,197,0.0712960958480835
MNIST,medium,43,10,a2,hebbian,loss_free,198,2.0537079308269313e-06
MNIST,medium,43,10,a2,hebbian,loss_free,199,0.0003835520474240184
MNIST,medium,43,10,a2,hebbian,loss_free,200,0.014728205278515816
MNIST,medium,43,10,a2,hebbian,loss_free,201,3.6521432775771245e-05
MNIST,medium,43,10,a2,hebbian,loss_free,202,0.05546595901250839
MNIST,medium,43,10,a2,hebbian,loss_free,203,0.009750350378453732
MNIST,medium,43,10,a2,hebbian,loss_free,204,0.04075879603624344
MNIST,medium,43,10,a2,hebbian,loss_free,205,0.07892267405986786
MNIST,medium,43,10,a2,hebbian,loss_free,206,0.029204588383436203
MNIST,medium,43,10,a2,hebbian,loss_free,207,0.0001366131764370948
MNIST,medium,43,10,a2,hebbian,loss_free,208,0.0393848791718483
MNIST,medium,43,10,a2,hebbian,loss_free,209,0.07403885573148727
MNIST,medium,43,10,a2,hebbian,loss_free,210,0.13156668841838837
MNIST,medium,43,10,a2,hebbian,loss_free,211,0.03929312899708748
MNIST,medium,43,10,a2,hebbian,loss_free,212,0.14467917382717133
MNIST,medium,43,10,a2,hebbian,loss_free,213,0.49754154682159424
MNIST,medium,43,10,a2,hebbian,loss_free,214,0.11954815685749054
MNIST,medium,43,10,a2,hebbian,loss_free,215,0.09007285535335541
MNIST,medium,43,10,a2,hebbian,loss_free,216,0.1109800785779953
MNIST,medium,43,10,a2,hebbian,loss_free,217,0.2464858442544937
MNIST,medium,43,10,a2,hebbian,loss_free,218,0.049811623990535736
MNIST,medium,43,10,a2,hebbian,loss_free,219,0.15243566036224365
MNIST,medium,43,10,a2,hebbian,loss_free,220,0.31102439761161804
MNIST,medium,43,10,a2,hebbian,loss_free,221,0.0030994568951427937
MNIST,medium,43,10,a2,hebbian,loss_free,222,0.11073245108127594
MNIST,medium,43,10,a2,hebbian,loss_free,223,0.05944512411952019
MNIST,medium,43,10,a2,hebbian,loss_free,224,0.04440094530582428
MNIST,medium,43,10,a2,hebbian,loss_free,225,0.20667606592178345
MNIST,medium,43,10,a2,hebbian,loss_free,226,0.08510495722293854
MNIST,medium,43,10,a2,hebbian,loss_free,227,0.2642965614795685
MNIST,medium,43,10,a2,hebbian,loss_free,228,0.14326460659503937
MNIST,medium,43,10,a2,hebbian,loss_free,229,0.1497497707605362
MNIST,medium,43,10,a2,hebbian,loss_free,230,0.0794801115989685
MNIST,medium,43,10,a2,hebbian,loss_free,231,0.10875754803419113
MNIST,medium,43,10,a2,hebbian,loss_free,232,0.1946040838956833
MNIST,medium,43,10,a2,hebbian,loss_free,233,0.0901312530040741
MNIST,medium,43,10,a2,hebbian,loss_free,234,0.21896414458751678
MNIST,medium,43,10,a2,hebbian,loss_free,235,0.16452330350875854
MNIST,medium,43,10,a2,hebbian,loss_free,236,0.06440011411905289
MNIST,medium,43,10,a2,hebbian,loss_free,237,0.12741820514202118
MNIST,medium,43,10,a2,hebbian,loss_free,238,0.28751662373542786
MNIST,medium,43,10,a2,hebbian,loss_free,239,0.03075411170721054
MNIST,medium,43,10,a2,hebbian,loss_free,240,0.35879552364349365
MNIST,medium,43,10,a2,hebbian,loss_free,241,0.16673536598682404
MNIST,medium,43,10,a2,hebbian,loss_free,242,0.1418694406747818
MNIST,medium,43,10,a2,hebbian,loss_free,243,0.12243510782718658
MNIST,medium,43,10,a2,hebbian,loss_free,244,0.11211016774177551
MNIST,medium,43,10,a2,hebbian,loss_free,245,0.2427016794681549
MNIST,medium,43,10,a2,hebbian,loss_free,246,0.02666272036731243
MNIST,medium,43,10,a2,hebbian,loss_free,247,0.3151824474334717
MNIST,medium,43,10,a2,hebbian,loss_free,248,0.17744144797325134
MNIST,medium,43,10,a2,hebbian,loss_free,249,0.2311866581439972
MNIST,medium,43,10,a2,hebbian,loss_free,250,0.14937470853328705
MNIST,medium,43,10,a2,hebbian,loss_free,251,0.027104150503873825
MNIST,medium,43,10,a2,hebbian,loss_free,252,0.08709648251533508
MNIST,medium,43,10,a2,hebbian,loss_free,253,0.15993981063365936
MNIST,medium,43,10,a2,hebbian,loss_free,254,0.14043425023555756
MNIST,medium,43,10,a2,hebbian,loss_free,255,0.031805552542209625
MNIST,medium,43,10,a3,hebbian,loss_free,0,0.39187127351760864
MNIST,medium,43,10,a3,hebbian,loss_free,1,0.10628095269203186
MNIST,medium,43,10,a3,hebbian,loss_free,2,0.1787542998790741
MNIST,medium,43,10,a3,hebbian,loss_free,3,0.24539713561534882
MNIST,medium,43,10,a3,hebbian,loss_free,4,0.1563849002122879
MNIST,medium,43,10,a3,hebbian,loss_free,5,0.08934007585048676
MNIST,medium,43,10,a3,hebbian,loss_free,6,0.2269877791404724
MNIST,medium,43,10,a3,hebbian,loss_free,7,0.2311651110649109
MNIST,medium,43,10,a3,hebbian,loss_free,8,0.03932414948940277
MNIST,medium,43,10,a3,hebbian,loss_free,9,0.08596143126487732
MNIST,medium,43,10,a3,hebbian,loss_free,10,0.2421933114528656
MNIST,medium,43,10,a3,hebbian,loss_free,11,0.17028626799583435
MNIST,medium,43,10,a3,hebbian,loss_free,12,0.18487432599067688
MNIST,medium,43,10,a3,hebbian,loss_free,13,0.2162814438343048
MNIST,medium,43,10,a3,hebbian,loss_free,14,0.35512638092041016
MNIST,medium,43,10,a3,hebbian,loss_free,15,0.2184045910835266
MNIST,medium,43,10,a3,hebbian,loss_free,16,0.21543391048908234
MNIST,medium,43,10,a3,hebbian,loss_free,17,0.35842251777648926
MNIST,medium,43,10,a3,hebbian,loss_free,18,0.20959191024303436
MNIST,medium,43,10,a3,hebbian,loss_free,19,0.1383408010005951
MNIST,medium,43,10,a3,hebbian,loss_free,20,0.23428411781787872
MNIST,medium,43,10,a3,hebbian,loss_free,21,0.2456786036491394
MNIST,medium,43,10,a3,hebbian,loss_free,22,0.2526852786540985
MNIST,medium,43,10,a3,hebbian,loss_free,23,0.2685621976852417
MNIST,medium,43,10,a3,hebbian,loss_free,24,0.3026449978351593
MNIST,medium,43,10,a3,hebbian,loss_free,25,0.5358002185821533
MNIST,medium,43,10,a3,hebbian,loss_free,26,0.2512904107570648
MNIST,medium,43,10,a3,hebbian,loss_free,27,0.21926330029964447
MNIST,medium,43,10,a3,hebbian,loss_free,28,0.21023686230182648
MNIST,medium,43,10,a3,hebbian,loss_free,29,0.2691628932952881
MNIST,medium,43,10,a3,hebbian,loss_free,30,0.4593864381313324
MNIST,medium,43,10,a3,hebbian,loss_free,31,0.12124797701835632
MNIST,medium,43,10,a3,hebbian,loss_free,32,0.29234597086906433
MNIST,medium,43,10,a3,hebbian,loss_free,33,0.0407591387629509
MNIST,medium,43,10,a3,hebbian,loss_free,34,0.2575073838233948
MNIST,medium,43,10,a3,hebbian,loss_free,35,0.12465721368789673
MNIST,medium,43,10,a3,hebbian,loss_free,36,0.22668038308620453
MNIST,medium,43,10,a3,hebbian,loss_free,37,0.09339865297079086
MNIST,medium,43,10,a3,hebbian,loss_free,38,0.10134232044219971
MNIST,medium,43,10,a3,hebbian,loss_free,39,0.12365573644638062
MNIST,medium,43,10,a3,hebbian,loss_free,40,0.27527886629104614
MNIST,medium,43,10,a3,hebbian,loss_free,41,0.36959031224250793
MNIST,medium,43,10,a3,hebbian,loss_free,42,0.04335976019501686
MNIST,medium,43,10,a3,hebbian,loss_free,43,0.09908612817525864
MNIST,medium,43,10,a3,hebbian,loss_free,44,0.23007434606552124
MNIST,medium,43,10,a3,hebbian,loss_free,45,0.15440310537815094
MNIST,medium,43,10,a3,hebbian,loss_free,46,0.6733828783035278
MNIST,medium,43,10,a3,hebbian,loss_free,47,0.3048742115497589
MNIST,medium,43,10,a3,hebbian,loss_free,48,0.4533606767654419
MNIST,medium,43,10,a3,hebbian,loss_free,49,0.24540939927101135
MNIST,medium,43,10,a3,hebbian,loss_free,50,0.06275901198387146
MNIST,medium,43,10,a3,hebbian,loss_free,51,0.06264334172010422
MNIST,medium,43,10,a3,hebbian,loss_free,52,0.22196274995803833
MNIST,medium,43,10,a3,hebbian,loss_free,53,0.2806568443775177
MNIST,medium,43,10,a3,hebbian,loss_free,54,0.02322748862206936
MNIST,medium,43,10,a3,hebbian,loss_free,55,0.33340203762054443
MNIST,medium,43,10,a3,hebbian,loss_free,56,0.23739072680473328
MNIST,medium,43,10,a3,hebbian,loss_free,57,0.2889222204685211
MNIST,medium,43,10,a3,hebbian,loss_free,58,0.4746772050857544
MNIST,medium,43,10,a3,hebbian,loss_free,59,0.0
MNIST,medium,43,10,a3,hebbian,loss_free,60,0.6148861646652222
MNIST,medium,43,10,a3,hebbian,loss_free,61,0.15361139178276062
MNIST,medium,43,10,a3,hebbian,loss_free,62,0.13386103510856628
MNIST,medium,43,10,a3,hebbian,loss_free,63,0.30145707726478577
MNIST,medium,43,10,a3,hebbian,loss_free,64,0.026218973100185394
MNIST,medium,43,10,a3,hebbian,loss_free,65,0.08823945373296738
MNIST,medium,43,10,a3,hebbian,loss_free,66,0.5842080116271973
MNIST,medium,43,10,a3,hebbian,loss_free,67,0.06106313690543175
MNIST,medium,43,10,a3,hebbian,loss_free,68,0.2139207422733307
MNIST,medium,43,10,a3,hebbian,loss_free,69,0.39675256609916687
MNIST,medium,43,10,a3,hebbian,loss_free,70,0.2974230647087097
MNIST,medium,43,10,a3,hebbian,loss_free,71,0.18983809649944305
MNIST,medium,43,10,a3,hebbian,loss_free,72,0.22707900404930115
MNIST,medium,43,10,a3,hebbian,loss_free,73,0.17781496047973633
MNIST,medium,43,10,a3,hebbian,loss_free,74,0.16344013810157776
MNIST,medium,43,10,a3,hebbian,loss_free,75,0.2597562074661255
MNIST,medium,43,10,a3,hebbian,loss_free,76,0.1272302269935608
MNIST,medium,43,10,a3,hebbian,loss_free,77,0.24342218041419983
MNIST,medium,43,10,a3,hebbian,loss_free,78,0.0
MNIST,medium,43,10,a3,hebbian,loss_free,79,0.07945472002029419
MNIST,medium,43,10,a3,hebbian,loss_free,80,0.12327069044113159
MNIST,medium,43,10,a3,hebbian,loss_free,81,0.11785141378641129
MNIST,medium,43,10,a3,hebbian,loss_free,82,0.14988064765930176
MNIST,medium,43,10,a3,hebbian,loss_free,83,0.28275951743125916
MNIST,medium,43,10,a3,hebbian,loss_free,84,0.09952155500650406
MNIST,medium,43,10,a3,hebbian,loss_free,85,0.25861427187919617
MNIST,medium,43,10,a3,hebbian,loss_free,86,0.295910120010376
MNIST,medium,43,10,a3,hebbian,loss_free,87,0.21660076081752777
MNIST,medium,43,10,a3,hebbian,loss_free,88,0.029961057007312775
MNIST,medium,43,10,a3,hebbian,loss_free,89,0.0
MNIST,medium,43,10,a3,hebbian,loss_free,90,0.2787889540195465
MNIST,medium,43,10,a3,hebbian,loss_free,91,0.13934552669525146
MNIST,medium,43,10,a3,hebbian,loss_free,92,0.12294488400220871
MNIST,medium,43,10,a3,hebbian,loss_free,93,0.13559481501579285
MNIST,medium,43,10,a3,hebbian,loss_free,94,0.14358669519424438
MNIST,medium,43,10,a3,hebbian,loss_free,95,0.017246408388018608
MNIST,medium,43,10,a3,hebbian,loss_free,96,0.12758837640285492
MNIST,medium,43,10,a3,hebbian,loss_free,97,0.1251363456249237
MNIST,medium,43,10,a3,hebbian,loss_free,98,0.07202364504337311
MNIST,medium,43,10,a3,hebbian,loss_free,99,0.03858347237110138
MNIST,medium,43,10,a3,hebbian,loss_free,100,0.10756725072860718
MNIST,medium,43,10,a3,hebbian,loss_free,101,0.4004945755004883
MNIST,medium,43,10,a3,hebbian,loss_free,102,0.15426026284694672
MNIST,medium,43,10,a3,hebbian,loss_free,103,0.458682119846344
MNIST,medium,43,10,a3,hebbian,loss_free,104,0.031491562724113464
MNIST,medium,43,10,a3,hebbian,loss_free,105,0.06571061909198761
MNIST,medium,43,10,a3,hebbian,loss_free,106,0.1049567386507988
MNIST,medium,43,10,a3,hebbian,loss_free,107,0.03788420185446739
MNIST,medium,43,10,a3,hebbian,loss_free,108,0.09589570015668869
MNIST,medium,43,10,a3,hebbian,loss_free,109,0.332483172416687
MNIST,medium,43,10,a3,hebbian,loss_free,110,0.10673613101243973
MNIST,medium,43,10,a3,hebbian,loss_free,111,0.1402137130498886
MNIST,medium,43,10,a3,hebbian,loss_free,112,0.13079342246055603
MNIST,medium,43,10,a3,hebbian,loss_free,113,0.3013283312320709
MNIST,medium,43,10,a3,hebbian,loss_free,114,0.03084936924278736
MNIST,medium,43,10,a3,hebbian,loss_free,115,0.2196582704782486
MNIST,medium,43,10,a3,hebbian,loss_free,116,0.20850738883018494
MNIST,medium,43,10,a3,hebbian,loss_free,117,0.038509733974933624
MNIST,medium,43,10,a3,hebbian,loss_free,118,0.14666734635829926
MNIST,medium,43,10,a3,hebbian,loss_free,119,0.16428163647651672
MNIST,medium,43,10,a3,hebbian,loss_free,120,0.5187923908233643
MNIST,medium,43,10,a3,hebbian,loss_free,121,0.28714388608932495
MNIST,medium,43,10,a3,hebbian,loss_free,122,0.05429910495877266
MNIST,medium,43,10,a3,hebbian,loss_free,123,0.21560460329055786
MNIST,medium,43,10,a3,hebbian,loss_free,124,0.25585705041885376
MNIST,medium,43,10,a3,hebbian,loss_free,125,0.08977625519037247
MNIST,medium,43,10,a3,hebbian,loss_free,126,0.41620373725891113
MNIST,medium,43,10,a3,hebbian,loss_free,127,0.28137853741645813
MNIST,medium,43,10,a4,hebbian,loss_free,0,0.17479410767555237
MNIST,medium,43,10,a4,hebbian,loss_free,1,0.32548579573631287
MNIST,medium,43,10,a4,hebbian,loss_free,2,0.09283188730478287
MNIST,medium,43,10,a4,hebbian,loss_free,3,0.3420540392398834
MNIST,medium,43,10,a4,hebbian,loss_free,4,0.18059180676937103
MNIST,medium,43,10,a4,hebbian,loss_free,5,0.18442745506763458
MNIST,medium,43,10,a4,hebbian,loss_free,6,0.43741151690483093
MNIST,medium,43,10,a4,hebbian,loss_free,7,0.1294780671596527
MNIST,medium,43,10,a4,hebbian,loss_free,8,0.05322558805346489
MNIST,medium,43,10,a4,hebbian,loss_free,9,0.09046843647956848
MNIST,medium,43,10,a4,hebbian,loss_free,10,0.08666712790727615
MNIST,medium,43,10,a4,hebbian,loss_free,11,0.5703110098838806
MNIST,medium,43,10,a4,hebbian,loss_free,12,0.3939306139945984
MNIST,medium,43,10,a4,hebbian,loss_free,13,0.29795193672180176
MNIST,medium,43,10,a4,hebbian,loss_free,14,0.24073979258537292
MNIST,medium,43,10,a4,hebbian,loss_free,15,0.3123403489589691
MNIST,medium,43,10,a4,hebbian,loss_free,16,0.07798510789871216
MNIST,medium,43,10,a4,hebbian,loss_free,17,0.06730147451162338
MNIST,medium,43,10,a4,hebbian,loss_free,18,0.21990349888801575
MNIST,medium,43,10,a4,hebbian,loss_free,19,0.4055168330669403
MNIST,medium,43,10,a4,hebbian,loss_free,20,0.14171653985977173
MNIST,medium,43,10,a4,hebbian,loss_free,21,0.32247406244277954
MNIST,medium,43,10,a4,hebbian,loss_free,22,0.49229252338409424
MNIST,medium,43,10,a4,hebbian,loss_free,23,0.10008630901575089
MNIST,medium,43,10,a4,hebbian,loss_free,24,0.14556702971458435
MNIST,medium,43,10,a4,hebbian,loss_free,25,0.2558029592037201
MNIST,medium,43,10,a4,hebbian,loss_free,26,0.037908464670181274
MNIST,medium,43,10,a4,hebbian,loss_free,27,0.3708193004131317
MNIST,medium,43,10,a4,hebbian,loss_free,28,0.21034204959869385
MNIST,medium,43,10,a4,hebbian,loss_free,29,0.03939655423164368
MNIST,medium,43,10,a4,hebbian,loss_free,30,0.2760269045829773
MNIST,medium,43,10,a4,hebbian,loss_free,31,0.3517933487892151
MNIST,medium,43,10,a4,hebbian,loss_free,32,0.09817232191562653
MNIST,medium,43,10,a4,hebbian,loss_free,33,0.1633153259754181
MNIST,medium,43,10,a4,hebbian,loss_free,34,0.35882654786109924
MNIST,medium,43,10,a4,hebbian,loss_free,35,0.26423224806785583
MNIST,medium,43,10,a4,hebbian,loss_free,36,0.15755361318588257
MNIST,medium,43,10,a4,hebbian,loss_free,37,0.2681681513786316
MNIST,medium,43,10,a4,hebbian,loss_free,38,0.2815667986869812
MNIST,medium,43,10,a4,hebbian,loss_free,39,0.16715125739574432
MNIST,medium,43,10,a4,hebbian,loss_free,40,0.257548987865448
MNIST,medium,43,10,a4,hebbian,loss_free,41,0.19339030981063843
MNIST,medium,43,10,a4,hebbian,loss_free,42,0.389413058757782
MNIST,medium,43,10,a4,hebbian,loss_free,43,0.09649620950222015
MNIST,medium,43,10,a4,hebbian,loss_free,44,0.2178201824426651
MNIST,medium,43,10,a4,hebbian,loss_free,45,0.20105299353599548
MNIST,medium,43,10,a4,hebbian,loss_free,46,0.6903762817382812
MNIST,medium,43,10,a4,hebbian,loss_free,47,0.2744804620742798
MNIST,medium,43,10,a4,hebbian,loss_free,48,0.242850661277771
MNIST,medium,43,10,a4,hebbian,loss_free,49,0.19866004586219788
MNIST,medium,43,10,a4,hebbian,loss_free,50,0.1529444456100464
MNIST,medium,43,10,a4,hebbian,loss_free,51,0.12683266401290894
MNIST,medium,43,10,a4,hebbian,loss_free,52,0.4593941569328308
MNIST,medium,43,10,a4,hebbian,loss_free,53,0.2100866585969925
MNIST,medium,43,10,a4,hebbian,loss_free,54,0.24529944360256195
MNIST,medium,43,10,a4,hebbian,loss_free,55,0.052762024104595184
MNIST,medium,43,10,a4,hebbian,loss_free,56,0.20467939972877502
MNIST,medium,43,10,a4,hebbian,loss_free,57,0.4669211208820343
MNIST,medium,43,10,a4,hebbian,loss_free,58,0.2456630915403366
MNIST,medium,43,10,a4,hebbian,loss_free,59,0.4025475084781647
MNIST,medium,43,10,a4,hebbian,loss_free,60,0.18684475123882294
MNIST,medium,43,10,a4,hebbian,loss_free,61,0.3526760935783386
MNIST,medium,43,10,a4,hebbian,loss_free,62,0.14872269332408905
MNIST,medium,43,10,a4,hebbian,loss_free,63,0.23885828256607056
MNIST,medium,43,10,a1,activation_fisher,loss_aware,0,0.0004915869212709367
MNIST,medium,43,10,a1,activation_fisher,loss_aware,1,0.0001559579250169918
MNIST,medium,43,10,a1,activation_fisher,loss_aware,2,0.001554143731482327
MNIST,medium,43,10,a1,activation_fisher,loss_aware,3,0.0
MNIST,medium,43,10,a1,activation_fisher,loss_aware,4,2.2780484869144857e-05
MNIST,medium,43,10,a1,activation_fisher,loss_aware,5,0.0019082013750448823
MNIST,medium,43,10,a1,activation_fisher,loss_aware,6,0.0005359877832233906
MNIST,medium,43,10,a1,activation_fisher,loss_aware,7,0.0
MNIST,medium,43,10,a1,activation_fisher,loss_aware,8,0.0007303598104044795
MNIST,medium,43,10,a1,activation_fisher,loss_aware,9,2.39381535038774e-07
MNIST,medium,43,10,a1,activation_fisher,loss_aware,10,0.00017852550081443042
MNIST,medium,43,10,a1,activation_fisher,loss_aware,11,0.001242167316377163
MNIST,medium,43,10,a1,activation_fisher,loss_aware,12,0.00014180366997607052
MNIST,medium,43,10,a1,activation_fisher,loss_aware,13,0.0006626800168305635
MNIST,medium,43,10,a1,activation_fisher,loss_aware,14,2.778743873932399e-05
MNIST,medium,43,10,a1,activation_fisher,loss_aware,15,0.00023457739735022187
MNIST,medium,43,10,a1,activation_fisher,loss_aware,16,0.00015196092135738581
MNIST,medium,43,10,a1,activation_fisher,loss_aware,17,0.0017053387127816677
MNIST,medium,43,10,a1,activation_fisher,loss_aware,18,1.9440103642409667e-06
MNIST,medium,43,10,a1,activation_fisher,loss_aware,19,3.8166535887285136e-06
MNIST,medium,43,10,a1,activation_fisher,loss_aware,20,0.00032527136499993503
MNIST,medium,43,10,a1,activation_fisher,loss_aware,21,7.207810995168984e-05
MNIST,medium,43,10,a1,activation_fisher,loss_aware,22,0.0006114185671322048
MNIST,medium,43,10,a1,activation_fisher,loss_aware,23,0.0
MNIST,medium,43,10,a1,activation_fisher,loss_aware,24,8.769829037191812e-06
MNIST,medium,43,10,a1,activation_fisher,loss_aware,25,2.860190943465568e-05
MNIST,medium,43,10,a1,activation_fisher,loss_aware,26,0.0018964395858347416
MNIST,medium,43,10,a1,activation_fisher,loss_aware,27,5.6838391174096614e-05
MNIST,medium,43,10,a1,activation_fisher,loss_aware,28,0.0
MNIST,medium,43,10,a1,activation_fisher,loss_aware,29,0.00017965456936508417
MNIST,medium,43,10,a1,activation_fisher,loss_aware,30,0.0007571091991849244
MNIST,medium,43,10,a1,activation_fisher,loss_aware,31,0.0
MNIST,medium,43,10,a1,activation_fisher,loss_aware,32,0.0005488239112310112
MNIST,medium,43,10,a1,activation_fisher,loss_aware,33,2.5937221259653143e-09
MNIST,medium,43,10,a1,activation_fisher,loss_aware,34,0.0
MNIST,medium,43,10,a1,activation_fisher,loss_aware,35,8.43940579215996e-05
MNIST,medium,43,10,a1,activation_fisher,loss_aware,36,0.00014180353900883347
MNIST,medium,43,10,a1,activation_fisher,loss_aware,37,0.0
MNIST,medium,43,10,a1,activation_fisher,loss_aware,38,4.178727522230474e-06
MNIST,medium,43,10,a1,activation_fisher,loss_aware,39,3.1171853720479703e-07
MNIST,medium,43,10,a1,activation_fisher,loss_aware,40,4.067171539645642e-05
MNIST,medium,43,10,a1,activation_fisher,loss_aware,41,0.0004749822255689651
MNIST,medium,43,10,a1,activation_fisher,loss_aware,42,0.0
MNIST,medium,43,10,a1,activation_fisher,loss_aware,43,2.068339739480507e-07
MNIST,medium,43,10,a1,activation_fisher,loss_aware,44,6.52765083941631e-05
MNIST,medium,43,10,a1,activation_fisher,loss_aware,45,0.0006352724740281701
MNIST,medium,43,10,a1,activation_fisher,loss_aware,46,0.00027615154976956546
MNIST,medium,43,10,a1,activation_fisher,loss_aware,47,0.000785576761700213
MNIST,medium,43,10,a1,activation_fisher,loss_aware,48,0.0016051874263212085
MNIST,medium,43,10,a1,activation_fisher,loss_aware,49,3.541432391784838e-08
MNIST,medium,43,10,a1,activation_fisher,loss_aware,50,0.0
MNIST,medium,43,10,a1,activation_fisher,loss_aware,51,0.0018567541847005486
MNIST,medium,43,10,a1,activation_fisher,loss_aware,52,5.198849248699844e-05
MNIST,medium,43,10,a1,activation_fisher,loss_aware,53,0.0
MNIST,medium,43,10,a1,activation_fisher,loss_aware,54,0.000786518445238471
MNIST,medium,43,10,a1,activation_fisher,loss_aware,55,0.0
MNIST,medium,43,10,a1,activation_fisher,loss_aware,56,0.000621144485194236
MNIST,medium,43,10,a1,activation_fisher,loss_aware,57,0.0001542946556583047
MNIST,medium,43,10,a1,activation_fisher,loss_aware,58,1.1424850754337967e-06
MNIST,medium,43,10,a1,activation_fisher,loss_aware,59,0.00039761699736118317
MNIST,medium,43,10,a1,activation_fisher,loss_aware,60,0.001538226380944252
MNIST,medium,43,10,a1,activation_fisher,loss_aware,61,2.1007839677622542e-05
MNIST,medium,43,10,a1,activation_fisher,loss_aware,62,0.0
MNIST,medium,43,10,a1,activation_fisher,loss_aware,63,5.0228216423420236e-05
MNIST,medium,43,10,a1,activation_fisher,loss_aware,64,0.001952705904841423
MNIST,medium,43,10,a1,activation_fisher,loss_aware,65,0.0004271717625670135
MNIST,medium,43,10,a1,activation_fisher,loss_aware,66,7.434251165250316e-05
MNIST,medium,43,10,a1,activation_fisher,loss_aware,67,7.373559492407367e-05
MNIST,medium,43,10,a1,activation_fisher,loss_aware,68,0.0012114187702536583
MNIST,medium,43,10,a1,activation_fisher,loss_aware,69,0.00022105441894382238
MNIST,medium,43,10,a1,activation_fisher,loss_aware,70,0.0003801081038545817
MNIST,medium,43,10,a1,activation_fisher,loss_aware,71,8.511739724781364e-05
MNIST,medium,43,10,a1,activation_fisher,loss_aware,72,0.00035662672598846257
MNIST,medium,43,10,a1,activation_fisher,loss_aware,73,0.0004673183721024543
MNIST,medium,43,10,a1,activation_fisher,loss_aware,74,1.6262863482552348e-06
MNIST,medium,43,10,a1,activation_fisher,loss_aware,75,0.0007313730893656611
MNIST,medium,43,10,a1,activation_fisher,loss_aware,76,7.735181497992016e-06
MNIST,medium,43,10,a1,activation_fisher,loss_aware,77,0.0015504455659538507
MNIST,medium,43,10,a1,activation_fisher,loss_aware,78,0.00022075670131016523
MNIST,medium,43,10,a1,activation_fisher,loss_aware,79,0.0
MNIST,medium,43,10,a1,activation_fisher,loss_aware,80,0.00010830701648956165
MNIST,medium,43,10,a1,activation_fisher,loss_aware,81,0.0002411698515061289
MNIST,medium,43,10,a1,activation_fisher,loss_aware,82,1.3956524526292924e-05
MNIST,medium,43,10,a1,activation_fisher,loss_aware,83,4.22870580223389e-05
MNIST,medium,43,10,a1,activation_fisher,loss_aware,84,4.7783469889206565e-12
MNIST,medium,43,10,a1,activation_fisher,loss_aware,85,0.0
MNIST,medium,43,10,a1,activation_fisher,loss_aware,86,0.0006601291825063527
MNIST,medium,43,10,a1,activation_fisher,loss_aware,87,3.0372159017133527e-05
MNIST,medium,43,10,a1,activation_fisher,loss_aware,88,2.9511418688343838e-05
MNIST,medium,43,10,a1,activation_fisher,loss_aware,89,0.000679350458085537
MNIST,medium,43,10,a1,activation_fisher,loss_aware,90,0.0
MNIST,medium,43,10,a1,activation_fisher,loss_aware,91,0.00019291283388156444
MNIST,medium,43,10,a1,activation_fisher,loss_aware,92,7.014336733845994e-05
MNIST,medium,43,10,a1,activation_fisher,loss_aware,93,5.283352644269712e-10
MNIST,medium,43,10,a1,activation_fisher,loss_aware,94,0.0001872118591563776
MNIST,medium,43,10,a1,activation_fisher,loss_aware,95,0.00010386664507677779
MNIST,medium,43,10,a1,activation_fisher,loss_aware,96,1.6114858226501383e-05
MNIST,medium,43,10,a1,activation_fisher,loss_aware,97,0.0009105298668146133
MNIST,medium,43,10,a1,activation_fisher,loss_aware,98,0.00012469192733988166
MNIST,medium,43,10,a1,activation_fisher,loss_aware,99,0.00016951942234300077
MNIST,medium,43,10,a1,activation_fisher,loss_aware,100,0.0003995814186055213
MNIST,medium,43,10,a1,activation_fisher,loss_aware,101,0.00025460252072662115
MNIST,medium,43,10,a1,activation_fisher,loss_aware,102,1.4274218301579822e-05
MNIST,medium,43,10,a1,activation_fisher,loss_aware,103,0.0
MNIST,medium,43,10,a1,activation_fisher,loss_aware,104,1.2251730368006974e-05
MNIST,medium,43,10,a1,activation_fisher,loss_aware,105,9.754582424648106e-05
MNIST,medium,43,10,a1,activation_fisher,loss_aware,106,0.00034042849438264966
MNIST,medium,43,10,a1,activation_fisher,loss_aware,107,9.715834312373772e-05
MNIST,medium,43,10,a1,activation_fisher,loss_aware,108,9.181660971080419e-06
MNIST,medium,43,10,a1,activation_fisher,loss_aware,109,0.00040667192661203444
MNIST,medium,43,10,a1,activation_fisher,loss_aware,110,0.00032895413460209966
MNIST,medium,43,10,a1,activation_fisher,loss_aware,111,2.4243687221314758e-05
MNIST,medium,43,10,a1,activation_fisher,loss_aware,112,0.00018810394976753742
MNIST,medium,43,10,a1,activation_fisher,loss_aware,113,0.00014264135097619146
MNIST,medium,43,10,a1,activation_fisher,loss_aware,114,4.811138933291659e-05
MNIST,medium,43,10,a1,activation_fisher,loss_aware,115,0.0003231960581615567
MNIST,medium,43,10,a1,activation_fisher,loss_aware,116,1.897326910693664e-05
MNIST,medium,43,10,a1,activation_fisher,loss_aware,117,6.933725671842694e-05
MNIST,medium,43,10,a1,activation_fisher,loss_aware,118,3.616762478486635e-05
MNIST,medium,43,10,a1,activation_fisher,loss_aware,119,3.933528932975605e-05
MNIST,medium,43,10,a1,activation_fisher,loss_aware,120,3.397919044800801e-06
MNIST,medium,43,10,a1,activation_fisher,loss_aware,121,7.308746717171744e-05
MNIST,medium,43,10,a1,activation_fisher,loss_aware,122,0.0012821038253605366
MNIST,medium,43,10,a1,activation_fisher,loss_aware,123,7.140175512176938e-06
MNIST,medium,43,10,a1,activation_fisher,loss_aware,124,0.0
MNIST,medium,43,10,a1,activation_fisher,loss_aware,125,0.0003608113038353622
MNIST,medium,43,10,a1,activation_fisher,loss_aware,126,0.0024132011458277702
MNIST,medium,43,10,a1,activation_fisher,loss_aware,127,1.664383671595715e-05
MNIST,medium,43,10,a1,activation_fisher,loss_aware,128,1.6426911315647885e-05
MNIST,medium,43,10,a1,activation_fisher,loss_aware,129,1.5729476748882476e-11
MNIST,medium,43,10,a1,activation_fisher,loss_aware,130,0.000744603865314275
MNIST,medium,43,10,a1,activation_fisher,loss_aware,131,9.211921860696748e-05
MNIST,medium,43,10,a1,activation_fisher,loss_aware,132,0.0006337874801829457
MNIST,medium,43,10,a1,activation_fisher,loss_aware,133,0.00030029076151549816
MNIST,medium,43,10,a1,activation_fisher,loss_aware,134,0.00023430293367709965
MNIST,medium,43,10,a1,activation_fisher,loss_aware,135,0.00011271944822510704
MNIST,medium,43,10,a1,activation_fisher,loss_aware,136,0.0004063314408995211
MNIST,medium,43,10,a1,activation_fisher,loss_aware,137,0.00010630413453327492
MNIST,medium,43,10,a1,activation_fisher,loss_aware,138,5.4246611398411915e-05
MNIST,medium,43,10,a1,activation_fisher,loss_aware,139,0.0014030694728717208
MNIST,medium,43,10,a1,activation_fisher,loss_aware,140,0.0
MNIST,medium,43,10,a1,activation_fisher,loss_aware,141,8.45740141812712e-05
MNIST,medium,43,10,a1,activation_fisher,loss_aware,142,0.0004950991715304554
MNIST,medium,43,10,a1,activation_fisher,loss_aware,143,0.00015368008462246507
MNIST,medium,43,10,a1,activation_fisher,loss_aware,144,0.0
MNIST,medium,43,10,a1,activation_fisher,loss_aware,145,7.680270209675655e-05
MNIST,medium,43,10,a1,activation_fisher,loss_aware,146,0.0014616325497627258
MNIST,medium,43,10,a1,activation_fisher,loss_aware,147,0.000106136838439852
MNIST,medium,43,10,a1,activation_fisher,loss_aware,148,3.950853715650737e-05
MNIST,medium,43,10,a1,activation_fisher,loss_aware,149,5.4254465794656426e-05
MNIST,medium,43,10,a1,activation_fisher,loss_aware,150,0.0
MNIST,medium,43,10,a1,activation_fisher,loss_aware,151,0.00021976916468702257
MNIST,medium,43,10,a1,activation_fisher,loss_aware,152,0.0001959656219696626
MNIST,medium,43,10,a1,activation_fisher,loss_aware,153,0.0
MNIST,medium,43,10,a1,activation_fisher,loss_aware,154,0.0
MNIST,medium,43,10,a1,activation_fisher,loss_aware,155,0.0003960392496082932
MNIST,medium,43,10,a1,activation_fisher,loss_aware,156,0.00037598126800730824
MNIST,medium,43,10,a1,activation_fisher,loss_aware,157,1.9522780348779634e-05
MNIST,medium,43,10,a1,activation_fisher,loss_aware,158,9.85865481197834e-05
MNIST,medium,43,10,a1,activation_fisher,loss_aware,159,1.2386654202334313e-10
MNIST,medium,43,10,a1,activation_fisher,loss_aware,160,0.001292679226025939
MNIST,medium,43,10,a1,activation_fisher,loss_aware,161,7.258700585044409e-11
MNIST,medium,43,10,a1,activation_fisher,loss_aware,162,0.0038350841496139765
MNIST,medium,43,10,a1,activation_fisher,loss_aware,163,1.340622279855097e-09
MNIST,medium,43,10,a1,activation_fisher,loss_aware,164,0.0006495457491837442
MNIST,medium,43,10,a1,activation_fisher,loss_aware,165,0.0010305065661668777
MNIST,medium,43,10,a1,activation_fisher,loss_aware,166,0.00011044347775168717
MNIST,medium,43,10,a1,activation_fisher,loss_aware,167,0.00010581239621387795
MNIST,medium,43,10,a1,activation_fisher,loss_aware,168,0.0002391062444075942
MNIST,medium,43,10,a1,activation_fisher,loss_aware,169,0.004001887049525976
MNIST,medium,43,10,a1,activation_fisher,loss_aware,170,3.905947210114391e-08
MNIST,medium,43,10,a1,activation_fisher,loss_aware,171,7.02210672898218e-05
MNIST,medium,43,10,a1,activation_fisher,loss_aware,172,6.960056907701073e-06
MNIST,medium,43,10,a1,activation_fisher,loss_aware,173,6.101877715991577e-06
MNIST,medium,43,10,a1,activation_fisher,loss_aware,174,0.0003193587763234973
MNIST,medium,43,10,a1,activation_fisher,loss_aware,175,0.0001910933933686465
MNIST,medium,43,10,a1,activation_fisher,loss_aware,176,0.0003521330945659429
MNIST,medium,43,10,a1,activation_fisher,loss_aware,177,0.00010742185986600816
MNIST,medium,43,10,a1,activation_fisher,loss_aware,178,1.0191124601988122e-06
MNIST,medium,43,10,a1,activation_fisher,loss_aware,179,1.5586172594339587e-05
MNIST,medium,43,10,a1,activation_fisher,loss_aware,180,0.0005698544555343688
MNIST,medium,43,10,a1,activation_fisher,loss_aware,181,2.848989788617473e-05
MNIST,medium,43,10,a1,activation_fisher,loss_aware,182,0.0007882493664510548
MNIST,medium,43,10,a1,activation_fisher,loss_aware,183,0.00020936309010721743
MNIST,medium,43,10,a1,activation_fisher,loss_aware,184,0.000302295433357358
MNIST,medium,43,10,a1,activation_fisher,loss_aware,185,1.9258995962445624e-05
MNIST,medium,43,10,a1,activation_fisher,loss_aware,186,2.8665933768934337e-06
MNIST,medium,43,10,a1,activation_fisher,loss_aware,187,1.6099878848763183e-05
MNIST,medium,43,10,a1,activation_fisher,loss_aware,188,0.0007351025124080479
MNIST,medium,43,10,a1,activation_fisher,loss_aware,189,0.0002438203664496541
MNIST,medium,43,10,a1,activation_fisher,loss_aware,190,8.8744011009112e-05
MNIST,medium,43,10,a1,activation_fisher,loss_aware,191,3.128043886135856e-07
MNIST,medium,43,10,a1,activation_fisher,loss_aware,192,0.00026378821348771453
MNIST,medium,43,10,a1,activation_fisher,loss_aware,193,6.401604332495481e-05
MNIST,medium,43,10,a1,activation_fisher,loss_aware,194,2.5292752781069794e-08
MNIST,medium,43,10,a1,activation_fisher,loss_aware,195,0.00032089545857161283
MNIST,medium,43,10,a1,activation_fisher,loss_aware,196,0.0017955832881852984
MNIST,medium,43,10,a1,activation_fisher,loss_aware,197,0.0005260962643660605
MNIST,medium,43,10,a1,activation_fisher,loss_aware,198,6.42378072370775e-05
MNIST,medium,43,10,a1,activation_fisher,loss_aware,199,1.26916838780744e-05
MNIST,medium,43,10,a1,activation_fisher,loss_aware,200,6.277244210650679e-06
MNIST,medium,43,10,a1,activation_fisher,loss_aware,201,8.532941551917012e-22
MNIST,medium,43,10,a1,activation_fisher,loss_aware,202,4.2553043044790684e-07
MNIST,medium,43,10,a1,activation_fisher,loss_aware,203,8.01166424935218e-06
MNIST,medium,43,10,a1,activation_fisher,loss_aware,204,0.0004960154183208942
MNIST,medium,43,10,a1,activation_fisher,loss_aware,205,0.00021571385150309652
MNIST,medium,43,10,a1,activation_fisher,loss_aware,206,0.0021677250042557716
MNIST,medium,43,10,a1,activation_fisher,loss_aware,207,0.000423821882577613
MNIST,medium,43,10,a1,activation_fisher,loss_aware,208,0.00020663527538999915
MNIST,medium,43,10,a1,activation_fisher,loss_aware,209,0.00023794446315150708
MNIST,medium,43,10,a1,activation_fisher,loss_aware,210,0.00017102390120271593
MNIST,medium,43,10,a1,activation_fisher,loss_aware,211,0.0003086211800109595
MNIST,medium,43,10,a1,activation_fisher,loss_aware,212,0.00023013411555439234
MNIST,medium,43,10,a1,activation_fisher,loss_aware,213,0.0
MNIST,medium,43,10,a1,activation_fisher,loss_aware,214,0.00037630245788022876
MNIST,medium,43,10,a1,activation_fisher,loss_aware,215,1.5852562115109027e-14
MNIST,medium,43,10,a1,activation_fisher,loss_aware,216,0.0008037218358367682
MNIST,medium,43,10,a1,activation_fisher,loss_aware,217,0.00016758158744778484
MNIST,medium,43,10,a1,activation_fisher,loss_aware,218,0.0
MNIST,medium,43,10,a1,activation_fisher,loss_aware,219,0.0
MNIST,medium,43,10,a1,activation_fisher,loss_aware,220,3.26494118780829e-05
MNIST,medium,43,10,a1,activation_fisher,loss_aware,221,1.348091427644249e-05
MNIST,medium,43,10,a1,activation_fisher,loss_aware,222,2.425032107566949e-05
MNIST,medium,43,10,a1,activation_fisher,loss_aware,223,0.00010023114737123251
MNIST,medium,43,10,a1,activation_fisher,loss_aware,224,5.198434882913716e-05
MNIST,medium,43,10,a1,activation_fisher,loss_aware,225,7.418198947561905e-05
MNIST,medium,43,10,a1,activation_fisher,loss_aware,226,0.0010238131508231163
MNIST,medium,43,10,a1,activation_fisher,loss_aware,227,1.7253400073968805e-05
MNIST,medium,43,10,a1,activation_fisher,loss_aware,228,0.0003494719276204705
MNIST,medium,43,10,a1,activation_fisher,loss_aware,229,0.000547059637028724
MNIST,medium,43,10,a1,activation_fisher,loss_aware,230,0.0001051981671480462
MNIST,medium,43,10,a1,activation_fisher,loss_aware,231,2.1094583644298837e-05
MNIST,medium,43,10,a1,activation_fisher,loss_aware,232,0.0007853907882235944
MNIST,medium,43,10,a1,activation_fisher,loss_aware,233,0.00042808573925867677
MNIST,medium,43,10,a1,activation_fisher,loss_aware,234,3.786371962632984e-05
MNIST,medium,43,10,a1,activation_fisher,loss_aware,235,0.00020706526993308216
MNIST,medium,43,10,a1,activation_fisher,loss_aware,236,0.0008883943082764745
MNIST,medium,43,10,a1,activation_fisher,loss_aware,237,0.0007554202456958592
MNIST,medium,43,10,a1,activation_fisher,loss_aware,238,1.0059265150630381e-05
MNIST,medium,43,10,a1,activation_fisher,loss_aware,239,4.923882102048083e-07
MNIST,medium,43,10,a1,activation_fisher,loss_aware,240,1.1005028417906582e-17
MNIST,medium,43,10,a1,activation_fisher,loss_aware,241,0.000350003014318645
MNIST,medium,43,10,a1,activation_fisher,loss_aware,242,0.00013898541510570794
MNIST,medium,43,10,a1,activation_fisher,loss_aware,243,3.03057307376996e-21
MNIST,medium,43,10,a1,activation_fisher,loss_aware,244,0.00033969501964747906
MNIST,medium,43,10,a1,activation_fisher,loss_aware,245,0.0
MNIST,medium,43,10,a1,activation_fisher,loss_aware,246,0.0013753549428656697
MNIST,medium,43,10,a1,activation_fisher,loss_aware,247,0.000908956746570766
MNIST,medium,43,10,a1,activation_fisher,loss_aware,248,0.0001616049703443423
MNIST,medium,43,10,a1,activation_fisher,loss_aware,249,2.1105372070451267e-05
MNIST,medium,43,10,a1,activation_fisher,loss_aware,250,9.368666360387579e-05
MNIST,medium,43,10,a1,activation_fisher,loss_aware,251,0.0010424291249364614
MNIST,medium,43,10,a1,activation_fisher,loss_aware,252,0.000142419507028535
MNIST,medium,43,10,a1,activation_fisher,loss_aware,253,0.0008489986648783088
MNIST,medium,43,10,a1,activation_fisher,loss_aware,254,0.0003548190288711339
MNIST,medium,43,10,a1,activation_fisher,loss_aware,255,8.797653572401032e-05
MNIST,medium,43,10,a1,activation_fisher,loss_aware,256,0.0003646734112408012
MNIST,medium,43,10,a1,activation_fisher,loss_aware,257,0.00014281136100180447
MNIST,medium,43,10,a1,activation_fisher,loss_aware,258,0.0
MNIST,medium,43,10,a1,activation_fisher,loss_aware,259,0.0004540237132459879
MNIST,medium,43,10,a1,activation_fisher,loss_aware,260,0.0013026720844209194
MNIST,medium,43,10,a1,activation_fisher,loss_aware,261,1.760639679559972e-05
MNIST,medium,43,10,a1,activation_fisher,loss_aware,262,0.0001609093596925959
MNIST,medium,43,10,a1,activation_fisher,loss_aware,263,0.0025471874978393316
MNIST,medium,43,10,a1,activation_fisher,loss_aware,264,7.549448491772637e-05
MNIST,medium,43,10,a1,activation_fisher,loss_aware,265,0.0004922297084704041
MNIST,medium,43,10,a1,activation_fisher,loss_aware,266,3.3318619898636825e-06
MNIST,medium,43,10,a1,activation_fisher,loss_aware,267,2.494230349775201e-23
MNIST,medium,43,10,a1,activation_fisher,loss_aware,268,0.002774237422272563
MNIST,medium,43,10,a1,activation_fisher,loss_aware,269,1.1659915255535225e-09
MNIST,medium,43,10,a1,activation_fisher,loss_aware,270,0.0006168075487948954
MNIST,medium,43,10,a1,activation_fisher,loss_aware,271,0.0001543365215184167
MNIST,medium,43,10,a1,activation_fisher,loss_aware,272,5.3140538511797786e-06
MNIST,medium,43,10,a1,activation_fisher,loss_aware,273,0.00010556275810813531
MNIST,medium,43,10,a1,activation_fisher,loss_aware,274,0.0
MNIST,medium,43,10,a1,activation_fisher,loss_aware,275,0.0
MNIST,medium,43,10,a1,activation_fisher,loss_aware,276,0.0001542836253065616
MNIST,medium,43,10,a1,activation_fisher,loss_aware,277,1.92895067188106e-15
MNIST,medium,43,10,a1,activation_fisher,loss_aware,278,0.0008089962066151202
MNIST,medium,43,10,a1,activation_fisher,loss_aware,279,0.0001794587733456865
MNIST,medium,43,10,a1,activation_fisher,loss_aware,280,0.0014032692415639758
MNIST,medium,43,10,a1,activation_fisher,loss_aware,281,0.0019702445715665817
MNIST,medium,43,10,a1,activation_fisher,loss_aware,282,5.450359026326623e-07
MNIST,medium,43,10,a1,activation_fisher,loss_aware,283,0.0009037679410539567
MNIST,medium,43,10,a1,activation_fisher,loss_aware,284,0.00013006248627789319
MNIST,medium,43,10,a1,activation_fisher,loss_aware,285,2.1728494175476953e-05
MNIST,medium,43,10,a1,activation_fisher,loss_aware,286,0.001279704854823649
MNIST,medium,43,10,a1,activation_fisher,loss_aware,287,0.00010046034003607929
MNIST,medium,43,10,a1,activation_fisher,loss_aware,288,3.9143935282481834e-05
MNIST,medium,43,10,a1,activation_fisher,loss_aware,289,0.00014450099843088537
MNIST,medium,43,10,a1,activation_fisher,loss_aware,290,0.0014525385340675712
MNIST,medium,43,10,a1,activation_fisher,loss_aware,291,0.0005603934405371547
MNIST,medium,43,10,a1,activation_fisher,loss_aware,292,0.0011845325352624059
MNIST,medium,43,10,a1,activation_fisher,loss_aware,293,0.00017052283510565758
MNIST,medium,43,10,a1,activation_fisher,loss_aware,294,0.0006880430155433714
MNIST,medium,43,10,a1,activation_fisher,loss_aware,295,0.0
MNIST,medium,43,10,a1,activation_fisher,loss_aware,296,0.0019114033784717321
MNIST,medium,43,10,a1,activation_fisher,loss_aware,297,0.0
MNIST,medium,43,10,a1,activation_fisher,loss_aware,298,0.00013783606118522584
MNIST,medium,43,10,a1,activation_fisher,loss_aware,299,0.003323855111375451
MNIST,medium,43,10,a1,activation_fisher,loss_aware,300,0.0002022705302806571
MNIST,medium,43,10,a1,activation_fisher,loss_aware,301,4.166638609603979e-05
MNIST,medium,43,10,a1,activation_fisher,loss_aware,302,0.000613753276411444
MNIST,medium,43,10,a1,activation_fisher,loss_aware,303,0.0002760615316219628
MNIST,medium,43,10,a1,activation_fisher,loss_aware,304,0.00020782682986464351
MNIST,medium,43,10,a1,activation_fisher,loss_aware,305,4.0016238926909864e-05
MNIST,medium,43,10,a1,activation_fisher,loss_aware,306,0.0014703936176374555
MNIST,medium,43,10,a1,activation_fisher,loss_aware,307,0.0004789960221387446
MNIST,medium,43,10,a1,activation_fisher,loss_aware,308,0.00042307120747864246
MNIST,medium,43,10,a1,activation_fisher,loss_aware,309,0.00030743249226361513
MNIST,medium,43,10,a1,activation_fisher,loss_aware,310,0.000103752150607761
MNIST,medium,43,10,a1,activation_fisher,loss_aware,311,0.00039714114973321557
MNIST,medium,43,10,a1,activation_fisher,loss_aware,312,0.00014605227624997497
MNIST,medium,43,10,a1,activation_fisher,loss_aware,313,3.5220607969677076e-05
MNIST,medium,43,10,a1,activation_fisher,loss_aware,314,0.0002857526415027678
MNIST,medium,43,10,a1,activation_fisher,loss_aware,315,2.5791607640712755e-06
MNIST,medium,43,10,a1,activation_fisher,loss_aware,316,9.1765343768202e-07
MNIST,medium,43,10,a1,activation_fisher,loss_aware,317,0.0008331394637934864
MNIST,medium,43,10,a1,activation_fisher,loss_aware,318,0.0
MNIST,medium,43,10,a1,activation_fisher,loss_aware,319,0.002372516319155693
MNIST,medium,43,10,a1,activation_fisher,loss_aware,320,0.00026455207262188196
MNIST,medium,43,10,a1,activation_fisher,loss_aware,321,0.0001907791302073747
MNIST,medium,43,10,a1,activation_fisher,loss_aware,322,0.0007922493387013674
MNIST,medium,43,10,a1,activation_fisher,loss_aware,323,2.787420089589432e-05
MNIST,medium,43,10,a1,activation_fisher,loss_aware,324,0.001478677848353982
MNIST,medium,43,10,a1,activation_fisher,loss_aware,325,0.0003847297339234501
MNIST,medium,43,10,a1,activation_fisher,loss_aware,326,2.1918685888522305e-06
MNIST,medium,43,10,a1,activation_fisher,loss_aware,327,0.0010888914112001657
MNIST,medium,43,10,a1,activation_fisher,loss_aware,328,1.180987965199165e-05
MNIST,medium,43,10,a1,activation_fisher,loss_aware,329,2.5406463464605622e-05
MNIST,medium,43,10,a1,activation_fisher,loss_aware,330,0.00018067077326122671
MNIST,medium,43,10,a1,activation_fisher,loss_aware,331,6.280554316617781e-07
MNIST,medium,43,10,a1,activation_fisher,loss_aware,332,1.840571371758415e-06
MNIST,medium,43,10,a1,activation_fisher,loss_aware,333,7.81527633080259e-05
MNIST,medium,43,10,a1,activation_fisher,loss_aware,334,0.0020196593832224607
MNIST,medium,43,10,a1,activation_fisher,loss_aware,335,0.001472592237405479
MNIST,medium,43,10,a1,activation_fisher,loss_aware,336,0.0013586542336270213
MNIST,medium,43,10,a1,activation_fisher,loss_aware,337,0.0004715579270850867
MNIST,medium,43,10,a1,activation_fisher,loss_aware,338,2.006826616707258e-05
MNIST,medium,43,10,a1,activation_fisher,loss_aware,339,0.00018148768867831677
MNIST,medium,43,10,a1,activation_fisher,loss_aware,340,0.0
MNIST,medium,43,10,a1,activation_fisher,loss_aware,341,3.206984956705128e-06
MNIST,medium,43,10,a1,activation_fisher,loss_aware,342,0.0007126429118216038
MNIST,medium,43,10,a1,activation_fisher,loss_aware,343,0.002091422211378813
MNIST,medium,43,10,a1,activation_fisher,loss_aware,344,1.002344743028516e-05
MNIST,medium,43,10,a1,activation_fisher,loss_aware,345,7.41568385365099e-07
MNIST,medium,43,10,a1,activation_fisher,loss_aware,346,0.006876665633171797
MNIST,medium,43,10,a1,activation_fisher,loss_aware,347,4.2878917838606867e-07
MNIST,medium,43,10,a1,activation_fisher,loss_aware,348,8.824682140584628e-08
MNIST,medium,43,10,a1,activation_fisher,loss_aware,349,5.3074023753652e-07
MNIST,medium,43,10,a1,activation_fisher,loss_aware,350,0.0006081151659600437
MNIST,medium,43,10,a1,activation_fisher,loss_aware,351,3.921847167021042e-07
MNIST,medium,43,10,a1,activation_fisher,loss_aware,352,7.986299621620674e-09
MNIST,medium,43,10,a1,activation_fisher,loss_aware,353,7.145509698602837e-06
MNIST,medium,43,10,a1,activation_fisher,loss_aware,354,0.0003139655163977295
MNIST,medium,43,10,a1,activation_fisher,loss_aware,355,1.355269205305376e-06
MNIST,medium,43,10,a1,activation_fisher,loss_aware,356,0.00019930150301661342
MNIST,medium,43,10,a1,activation_fisher,loss_aware,357,0.0009331853943876922
MNIST,medium,43,10,a1,activation_fisher,loss_aware,358,7.195821672212332e-05
MNIST,medium,43,10,a1,activation_fisher,loss_aware,359,0.0004944551619701087
MNIST,medium,43,10,a1,activation_fisher,loss_aware,360,0.0006719920784235001
MNIST,medium,43,10,a1,activation_fisher,loss_aware,361,8.174176764441654e-05
MNIST,medium,43,10,a1,activation_fisher,loss_aware,362,0.0017329403199255466
MNIST,medium,43,10,a1,activation_fisher,loss_aware,363,1.7787668184610084e-05
MNIST,medium,43,10,a1,activation_fisher,loss_aware,364,0.0015142371412366629
MNIST,medium,43,10,a1,activation_fisher,loss_aware,365,0.00023722111654933542
MNIST,medium,43,10,a1,activation_fisher,loss_aware,366,0.00030680419877171516
MNIST,medium,43,10,a1,activation_fisher,loss_aware,367,0.00044847975368611515
MNIST,medium,43,10,a1,activation_fisher,loss_aware,368,4.958582522363031e-08
MNIST,medium,43,10,a1,activation_fisher,loss_aware,369,0.00011352596629876643
MNIST,medium,43,10,a1,activation_fisher,loss_aware,370,0.0
MNIST,medium,43,10,a1,activation_fisher,loss_aware,371,6.833728548372164e-05
MNIST,medium,43,10,a1,activation_fisher,loss_aware,372,0.00027541344752535224
MNIST,medium,43,10,a1,activation_fisher,loss_aware,373,0.00014820325304754078
MNIST,medium,43,10,a1,activation_fisher,loss_aware,374,1.1560931852727663e-05
MNIST,medium,43,10,a1,activation_fisher,loss_aware,375,5.964496449450962e-05
MNIST,medium,43,10,a1,activation_fisher,loss_aware,376,0.0001291963126277551
MNIST,medium,43,10,a1,activation_fisher,loss_aware,377,1.2834901497171813e-07
MNIST,medium,43,10,a1,activation_fisher,loss_aware,378,0.000160318857524544
MNIST,medium,43,10,a1,activation_fisher,loss_aware,379,0.0002330457209609449
MNIST,medium,43,10,a1,activation_fisher,loss_aware,380,0.0007143169059418142
MNIST,medium,43,10,a1,activation_fisher,loss_aware,381,0.0002028098242590204
MNIST,medium,43,10,a1,activation_fisher,loss_aware,382,0.0006971267284825444
MNIST,medium,43,10,a1,activation_fisher,loss_aware,383,4.6048244257690385e-06
MNIST,medium,43,10,a1,activation_fisher,loss_aware,384,0.00014018530782777816
MNIST,medium,43,10,a1,activation_fisher,loss_aware,385,0.000406562234275043
MNIST,medium,43,10,a1,activation_fisher,loss_aware,386,0.00045464024879038334
MNIST,medium,43,10,a1,activation_fisher,loss_aware,387,0.001170596806332469
MNIST,medium,43,10,a1,activation_fisher,loss_aware,388,0.0011420457158237696
MNIST,medium,43,10,a1,activation_fisher,loss_aware,389,0.0005849336157552898
MNIST,medium,43,10,a1,activation_fisher,loss_aware,390,0.00033526576589792967
MNIST,medium,43,10,a1,activation_fisher,loss_aware,391,0.0013893216382712126
MNIST,medium,43,10,a1,activation_fisher,loss_aware,392,0.0001982919784495607
MNIST,medium,43,10,a1,activation_fisher,loss_aware,393,0.0008672767435200512
MNIST,medium,43,10,a1,activation_fisher,loss_aware,394,7.28372615412809e-05
MNIST,medium,43,10,a1,activation_fisher,loss_aware,395,5.88289913139306e-05
MNIST,medium,43,10,a1,activation_fisher,loss_aware,396,0.0003960155590903014
MNIST,medium,43,10,a1,activation_fisher,loss_aware,397,0.000229988872888498
MNIST,medium,43,10,a1,activation_fisher,loss_aware,398,0.004406889900565147
MNIST,medium,43,10,a1,activation_fisher,loss_aware,399,8.823299140203744e-07
MNIST,medium,43,10,a1,activation_fisher,loss_aware,400,4.016116690763738e-06
MNIST,medium,43,10,a1,activation_fisher,loss_aware,401,0.0003832444199360907
MNIST,medium,43,10,a1,activation_fisher,loss_aware,402,0.000339216465363279
MNIST,medium,43,10,a1,activation_fisher,loss_aware,403,0.002094507683068514
MNIST,medium,43,10,a1,activation_fisher,loss_aware,404,0.0009904520120471716
MNIST,medium,43,10,a1,activation_fisher,loss_aware,405,0.00037384600727818906
MNIST,medium,43,10,a1,activation_fisher,loss_aware,406,0.0005536052631214261
MNIST,medium,43,10,a1,activation_fisher,loss_aware,407,5.628026798938646e-13
MNIST,medium,43,10,a1,activation_fisher,loss_aware,408,5.93224867770914e-05
MNIST,medium,43,10,a1,activation_fisher,loss_aware,409,0.0013441058108583093
MNIST,medium,43,10,a1,activation_fisher,loss_aware,410,0.0
MNIST,medium,43,10,a1,activation_fisher,loss_aware,411,7.236925739562139e-05
MNIST,medium,43,10,a1,activation_fisher,loss_aware,412,0.0006739572854712605
MNIST,medium,43,10,a1,activation_fisher,loss_aware,413,0.0008667748770676553
MNIST,medium,43,10,a1,activation_fisher,loss_aware,414,1.6838579540490173e-05
MNIST,medium,43,10,a1,activation_fisher,loss_aware,415,5.332472241548203e-09
MNIST,medium,43,10,a1,activation_fisher,loss_aware,416,0.0006158907781355083
MNIST,medium,43,10,a1,activation_fisher,loss_aware,417,2.0939700334565714e-05
MNIST,medium,43,10,a1,activation_fisher,loss_aware,418,0.000915127748157829
MNIST,medium,43,10,a1,activation_fisher,loss_aware,419,0.0002645754429977387
MNIST,medium,43,10,a1,activation_fisher,loss_aware,420,0.0010647986782714725
MNIST,medium,43,10,a1,activation_fisher,loss_aware,421,0.0012027506018057466
MNIST,medium,43,10,a1,activation_fisher,loss_aware,422,0.00043263283441774547
MNIST,medium,43,10,a1,activation_fisher,loss_aware,423,0.0002293759025633335
MNIST,medium,43,10,a1,activation_fisher,loss_aware,424,2.3514850067130055e-09
MNIST,medium,43,10,a1,activation_fisher,loss_aware,425,0.00043037801515311003
MNIST,medium,43,10,a1,activation_fisher,loss_aware,426,0.00013682222925126553
MNIST,medium,43,10,a1,activation_fisher,loss_aware,427,0.00013756647240370512
MNIST,medium,43,10,a1,activation_fisher,loss_aware,428,0.002582676475867629
MNIST,medium,43,10,a1,activation_fisher,loss_aware,429,0.0005336034810170531
MNIST,medium,43,10,a1,activation_fisher,loss_aware,430,0.0
MNIST,medium,43,10,a1,activation_fisher,loss_aware,431,8.529268234269693e-05
MNIST,medium,43,10,a1,activation_fisher,loss_aware,432,0.00013987325655762106
MNIST,medium,43,10,a1,activation_fisher,loss_aware,433,4.612176780938171e-05
MNIST,medium,43,10,a1,activation_fisher,loss_aware,434,3.6896910842187935e-06
MNIST,medium,43,10,a1,activation_fisher,loss_aware,435,0.0001449899427825585
MNIST,medium,43,10,a1,activation_fisher,loss_aware,436,7.75048021638483e-15
MNIST,medium,43,10,a1,activation_fisher,loss_aware,437,0.00015067668573465198
MNIST,medium,43,10,a1,activation_fisher,loss_aware,438,0.0009288500878028572
MNIST,medium,43,10,a1,activation_fisher,loss_aware,439,0.00027705030515789986
MNIST,medium,43,10,a1,activation_fisher,loss_aware,440,6.6493266785983e-05
MNIST,medium,43,10,a1,activation_fisher,loss_aware,441,0.00038639060221612453
MNIST,medium,43,10,a1,activation_fisher,loss_aware,442,1.2716510582322371e-06
MNIST,medium,43,10,a1,activation_fisher,loss_aware,443,4.0502287447452545e-05
MNIST,medium,43,10,a1,activation_fisher,loss_aware,444,2.2116095351520926e-05
MNIST,medium,43,10,a1,activation_fisher,loss_aware,445,0.00027401780243963003
MNIST,medium,43,10,a1,activation_fisher,loss_aware,446,6.0053305787732825e-05
MNIST,medium,43,10,a1,activation_fisher,loss_aware,447,0.0002581147418823093
MNIST,medium,43,10,a1,activation_fisher,loss_aware,448,0.0007755333208478987
MNIST,medium,43,10,a1,activation_fisher,loss_aware,449,0.0001999353989958763
MNIST,medium,43,10,a1,activation_fisher,loss_aware,450,0.0003964625939261168
MNIST,medium,43,10,a1,activation_fisher,loss_aware,451,2.859257506315771e-07
MNIST,medium,43,10,a1,activation_fisher,loss_aware,452,0.0003576267627067864
MNIST,medium,43,10,a1,activation_fisher,loss_aware,453,2.5253956450141943e-16
MNIST,medium,43,10,a1,activation_fisher,loss_aware,454,0.0003032903478015214
MNIST,medium,43,10,a1,activation_fisher,loss_aware,455,2.2669539248454385e-05
MNIST,medium,43,10,a1,activation_fisher,loss_aware,456,0.0004083888197783381
MNIST,medium,43,10,a1,activation_fisher,loss_aware,457,0.0002625107008498162
MNIST,medium,43,10,a1,activation_fisher,loss_aware,458,0.0001724388712318614
MNIST,medium,43,10,a1,activation_fisher,loss_aware,459,0.0015800464898347855
MNIST,medium,43,10,a1,activation_fisher,loss_aware,460,5.667386912278907e-15
MNIST,medium,43,10,a1,activation_fisher,loss_aware,461,0.00017988802574109286
MNIST,medium,43,10,a1,activation_fisher,loss_aware,462,0.000907489622477442
MNIST,medium,43,10,a1,activation_fisher,loss_aware,463,0.0005268545937724411
MNIST,medium,43,10,a1,activation_fisher,loss_aware,464,0.0003037581336684525
MNIST,medium,43,10,a1,activation_fisher,loss_aware,465,0.004191874526441097
MNIST,medium,43,10,a1,activation_fisher,loss_aware,466,0.0010259731207042933
MNIST,medium,43,10,a1,activation_fisher,loss_aware,467,0.0001526230335002765
MNIST,medium,43,10,a1,activation_fisher,loss_aware,468,0.0
MNIST,medium,43,10,a1,activation_fisher,loss_aware,469,0.0002030052273767069
MNIST,medium,43,10,a1,activation_fisher,loss_aware,470,0.0004867869720328599
MNIST,medium,43,10,a1,activation_fisher,loss_aware,471,1.5789577446412295e-05
MNIST,medium,43,10,a1,activation_fisher,loss_aware,472,0.0006307322182692587
MNIST,medium,43,10,a1,activation_fisher,loss_aware,473,1.797916593204718e-05
MNIST,medium,43,10,a1,activation_fisher,loss_aware,474,0.0002804913674481213
MNIST,medium,43,10,a1,activation_fisher,loss_aware,475,0.0002927526948042214
MNIST,medium,43,10,a1,activation_fisher,loss_aware,476,0.0010542365489527583
MNIST,medium,43,10,a1,activation_fisher,loss_aware,477,0.0003143580979667604
MNIST,medium,43,10,a1,activation_fisher,loss_aware,478,0.0005832199822179973
MNIST,medium,43,10,a1,activation_fisher,loss_aware,479,2.8967479011043906e-05
MNIST,medium,43,10,a1,activation_fisher,loss_aware,480,0.0
MNIST,medium,43,10,a1,activation_fisher,loss_aware,481,0.00032285883207805455
MNIST,medium,43,10,a1,activation_fisher,loss_aware,482,0.0002787783741950989
MNIST,medium,43,10,a1,activation_fisher,loss_aware,483,3.0002651328686625e-05
MNIST,medium,43,10,a1,activation_fisher,loss_aware,484,0.0005868583102710545
MNIST,medium,43,10,a1,activation_fisher,loss_aware,485,5.3942208069202024e-06
MNIST,medium,43,10,a1,activation_fisher,loss_aware,486,0.00022659842215944082
MNIST,medium,43,10,a1,activation_fisher,loss_aware,487,5.093484560347861e-06
MNIST,medium,43,10,a1,activation_fisher,loss_aware,488,0.00016094734019134194
MNIST,medium,43,10,a1,activation_fisher,loss_aware,489,4.278709639038425e-06
MNIST,medium,43,10,a1,activation_fisher,loss_aware,490,0.0008954720688052475
MNIST,medium,43,10,a1,activation_fisher,loss_aware,491,4.090846050530672e-05
MNIST,medium,43,10,a1,activation_fisher,loss_aware,492,0.0009345496655441821
MNIST,medium,43,10,a1,activation_fisher,loss_aware,493,0.0
MNIST,medium,43,10,a1,activation_fisher,loss_aware,494,0.00014293794811237603
MNIST,medium,43,10,a1,activation_fisher,loss_aware,495,0.0015027852496132255
MNIST,medium,43,10,a1,activation_fisher,loss_aware,496,7.429857942042872e-05
MNIST,medium,43,10,a1,activation_fisher,loss_aware,497,0.00023526724544353783
MNIST,medium,43,10,a1,activation_fisher,loss_aware,498,0.0019857333973050117
MNIST,medium,43,10,a1,activation_fisher,loss_aware,499,0.000875845376867801
MNIST,medium,43,10,a1,activation_fisher,loss_aware,500,1.0803561281136354e-06
MNIST,medium,43,10,a1,activation_fisher,loss_aware,501,0.00014414131874218583
MNIST,medium,43,10,a1,activation_fisher,loss_aware,502,1.8092878235620447e-05
MNIST,medium,43,10,a1,activation_fisher,loss_aware,503,1.2000104106846265e-05
MNIST,medium,43,10,a1,activation_fisher,loss_aware,504,0.0003804423613473773
MNIST,medium,43,10,a1,activation_fisher,loss_aware,505,4.626585905498359e-06
MNIST,medium,43,10,a1,activation_fisher,loss_aware,506,0.0010635348735377192
MNIST,medium,43,10,a1,activation_fisher,loss_aware,507,0.0013145540142431855
MNIST,medium,43,10,a1,activation_fisher,loss_aware,508,0.0015136071015149355
MNIST,medium,43,10,a1,activation_fisher,loss_aware,509,4.951280789100565e-05
MNIST,medium,43,10,a1,activation_fisher,loss_aware,510,0.004380008205771446
MNIST,medium,43,10,a1,activation_fisher,loss_aware,511,2.311362301554709e-08
MNIST,medium,43,10,a2,activation_fisher,loss_aware,0,0.00022105393873061985
MNIST,medium,43,10,a2,activation_fisher,loss_aware,1,0.00018816946248989552
MNIST,medium,43,10,a2,activation_fisher,loss_aware,2,3.972346348746214e-06
MNIST,medium,43,10,a2,activation_fisher,loss_aware,3,0.00022246183652896434
MNIST,medium,43,10,a2,activation_fisher,loss_aware,4,0.0001563608238939196
MNIST,medium,43,10,a2,activation_fisher,loss_aware,5,0.00035693845711648464
MNIST,medium,43,10,a2,activation_fisher,loss_aware,6,0.0003191538853570819
MNIST,medium,43,10,a2,activation_fisher,loss_aware,7,0.0001689543860265985
MNIST,medium,43,10,a2,activation_fisher,loss_aware,8,0.0
MNIST,medium,43,10,a2,activation_fisher,loss_aware,9,0.00029692950192838907
MNIST,medium,43,10,a2,activation_fisher,loss_aware,10,0.001895307912491262
MNIST,medium,43,10,a2,activation_fisher,loss_aware,11,9.965510253096e-05
MNIST,medium,43,10,a2,activation_fisher,loss_aware,12,0.00016483310901094228
MNIST,medium,43,10,a2,activation_fisher,loss_aware,13,2.304714325873647e-05
MNIST,medium,43,10,a2,activation_fisher,loss_aware,14,0.0006124470965005457
MNIST,medium,43,10,a2,activation_fisher,loss_aware,15,0.00019878293096553534
MNIST,medium,43,10,a2,activation_fisher,loss_aware,16,0.0002540347049944103
MNIST,medium,43,10,a2,activation_fisher,loss_aware,17,3.2146934245247394e-05
MNIST,medium,43,10,a2,activation_fisher,loss_aware,18,2.5020779048645636e-06
MNIST,medium,43,10,a2,activation_fisher,loss_aware,19,0.00031213273177854717
MNIST,medium,43,10,a2,activation_fisher,loss_aware,20,2.1676574760931544e-05
MNIST,medium,43,10,a2,activation_fisher,loss_aware,21,7.938475755508989e-05
MNIST,medium,43,10,a2,activation_fisher,loss_aware,22,2.385220432188362e-05
MNIST,medium,43,10,a2,activation_fisher,loss_aware,23,0.0002524003793951124
MNIST,medium,43,10,a2,activation_fisher,loss_aware,24,2.0410740035003982e-05
MNIST,medium,43,10,a2,activation_fisher,loss_aware,25,0.0003053430700674653
MNIST,medium,43,10,a2,activation_fisher,loss_aware,26,0.00030939391581341624
MNIST,medium,43,10,a2,activation_fisher,loss_aware,27,0.00017842678062152117
MNIST,medium,43,10,a2,activation_fisher,loss_aware,28,0.00014864029071759433
MNIST,medium,43,10,a2,activation_fisher,loss_aware,29,0.00023418909404426813
MNIST,medium,43,10,a2,activation_fisher,loss_aware,30,0.000373544346075505
MNIST,medium,43,10,a2,activation_fisher,loss_aware,31,0.00013308027700986713
MNIST,medium,43,10,a2,activation_fisher,loss_aware,32,0.00012879632413387299
MNIST,medium,43,10,a2,activation_fisher,loss_aware,33,0.0002000332751777023
MNIST,medium,43,10,a2,activation_fisher,loss_aware,34,3.4047137887682766e-05
MNIST,medium,43,10,a2,activation_fisher,loss_aware,35,0.0002151100488845259
MNIST,medium,43,10,a2,activation_fisher,loss_aware,36,0.00013629432942252606
MNIST,medium,43,10,a2,activation_fisher,loss_aware,37,0.00024811417097225785
MNIST,medium,43,10,a2,activation_fisher,loss_aware,38,0.00018352741608396173
MNIST,medium,43,10,a2,activation_fisher,loss_aware,39,0.0002538944536354393
MNIST,medium,43,10,a2,activation_fisher,loss_aware,40,0.0
MNIST,medium,43,10,a2,activation_fisher,loss_aware,41,7.789459777995944e-05
MNIST,medium,43,10,a2,activation_fisher,loss_aware,42,6.654093158431351e-05
MNIST,medium,43,10,a2,activation_fisher,loss_aware,43,0.00031345177558250725
MNIST,medium,43,10,a2,activation_fisher,loss_aware,44,0.0002057364326901734
MNIST,medium,43,10,a2,activation_fisher,loss_aware,45,0.00010777104034787044
MNIST,medium,43,10,a2,activation_fisher,loss_aware,46,0.0001522957463748753
MNIST,medium,43,10,a2,activation_fisher,loss_aware,47,0.00022373803949449211
MNIST,medium,43,10,a2,activation_fisher,loss_aware,48,1.9846005670842715e-05
MNIST,medium,43,10,a2,activation_fisher,loss_aware,49,1.3068788575765211e-05
MNIST,medium,43,10,a2,activation_fisher,loss_aware,50,0.0002766360412351787
MNIST,medium,43,10,a2,activation_fisher,loss_aware,51,5.066579547019501e-07
MNIST,medium,43,10,a2,activation_fisher,loss_aware,52,0.00043871416710317135
MNIST,medium,43,10,a2,activation_fisher,loss_aware,53,0.00015625964442733675
MNIST,medium,43,10,a2,activation_fisher,loss_aware,54,0.0001422946370439604
MNIST,medium,43,10,a2,activation_fisher,loss_aware,55,0.00015205389354377985
MNIST,medium,43,10,a2,activation_fisher,loss_aware,56,0.00011408537102397531
MNIST,medium,43,10,a2,activation_fisher,loss_aware,57,6.68475404381752e-05
MNIST,medium,43,10,a2,activation_fisher,loss_aware,58,0.0005187820643186569
MNIST,medium,43,10,a2,activation_fisher,loss_aware,59,0.00027638900792226195
MNIST,medium,43,10,a2,activation_fisher,loss_aware,60,8.287580567412078e-05
MNIST,medium,43,10,a2,activation_fisher,loss_aware,61,1.7370268324157223e-05
MNIST,medium,43,10,a2,activation_fisher,loss_aware,62,7.652811473235488e-05
MNIST,medium,43,10,a2,activation_fisher,loss_aware,63,0.0007306262850761414
MNIST,medium,43,10,a2,activation_fisher,loss_aware,64,1.6036207751919706e-16
MNIST,medium,43,10,a2,activation_fisher,loss_aware,65,0.00019419552700128406
MNIST,medium,43,10,a2,activation_fisher,loss_aware,66,0.00026993933715857565
MNIST,medium,43,10,a2,activation_fisher,loss_aware,67,9.94746915239375e-06
MNIST,medium,43,10,a2,activation_fisher,loss_aware,68,0.00013298857084009796
MNIST,medium,43,10,a2,activation_fisher,loss_aware,69,0.00017666912754066288
MNIST,medium,43,10,a2,activation_fisher,loss_aware,70,0.0001453332370147109
MNIST,medium,43,10,a2,activation_fisher,loss_aware,71,0.00021852368081454188
MNIST,medium,43,10,a2,activation_fisher,loss_aware,72,0.00016656247316859663
MNIST,medium,43,10,a2,activation_fisher,loss_aware,73,0.00015712807362433523
MNIST,medium,43,10,a2,activation_fisher,loss_aware,74,0.0001393761922372505
MNIST,medium,43,10,a2,activation_fisher,loss_aware,75,0.000315358949592337
MNIST,medium,43,10,a2,activation_fisher,loss_aware,76,3.07904883811716e-05
MNIST,medium,43,10,a2,activation_fisher,loss_aware,77,0.00020830557332374156
MNIST,medium,43,10,a2,activation_fisher,loss_aware,78,0.0001712721714284271
MNIST,medium,43,10,a2,activation_fisher,loss_aware,79,0.00011937219824176282
MNIST,medium,43,10,a2,activation_fisher,loss_aware,80,0.00020574903464876115
MNIST,medium,43,10,a2,activation_fisher,loss_aware,81,6.010547804180533e-05
MNIST,medium,43,10,a2,activation_fisher,loss_aware,82,0.0005536634125746787
MNIST,medium,43,10,a2,activation_fisher,loss_aware,83,0.0002943846338894218
MNIST,medium,43,10,a2,activation_fisher,loss_aware,84,0.0007353299879468977
MNIST,medium,43,10,a2,activation_fisher,loss_aware,85,0.00022152936435304582
MNIST,medium,43,10,a2,activation_fisher,loss_aware,86,0.00010963191743940115
MNIST,medium,43,10,a2,activation_fisher,loss_aware,87,0.00015814643120393157
MNIST,medium,43,10,a2,activation_fisher,loss_aware,88,0.00015974027337506413
MNIST,medium,43,10,a2,activation_fisher,loss_aware,89,0.0001082616945495829
MNIST,medium,43,10,a2,activation_fisher,loss_aware,90,8.719447941984981e-05
MNIST,medium,43,10,a2,activation_fisher,loss_aware,91,0.00011421398085076362
MNIST,medium,43,10,a2,activation_fisher,loss_aware,92,0.00025750481290742755
MNIST,medium,43,10,a2,activation_fisher,loss_aware,93,0.0002556584950070828
MNIST,medium,43,10,a2,activation_fisher,loss_aware,94,0.00022378047287929803
MNIST,medium,43,10,a2,activation_fisher,loss_aware,95,0.00011866961722262204
MNIST,medium,43,10,a2,activation_fisher,loss_aware,96,0.00021347717847675085
MNIST,medium,43,10,a2,activation_fisher,loss_aware,97,0.0
MNIST,medium,43,10,a2,activation_fisher,loss_aware,98,0.00016251057968474925
MNIST,medium,43,10,a2,activation_fisher,loss_aware,99,0.00010924341768259183
MNIST,medium,43,10,a2,activation_fisher,loss_aware,100,2.8343722078716382e-05
MNIST,medium,43,10,a2,activation_fisher,loss_aware,101,0.00011090356565546244
MNIST,medium,43,10,a2,activation_fisher,loss_aware,102,0.0004199084942229092
MNIST,medium,43,10,a2,activation_fisher,loss_aware,103,0.00021363214182201773
MNIST,medium,43,10,a2,activation_fisher,loss_aware,104,0.00037794982199557126
MNIST,medium,43,10,a2,activation_fisher,loss_aware,105,0.00020847567066084594
MNIST,medium,43,10,a2,activation_fisher,loss_aware,106,4.79077389172744e-05
MNIST,medium,43,10,a2,activation_fisher,loss_aware,107,6.653101445408538e-05
MNIST,medium,43,10,a2,activation_fisher,loss_aware,108,2.6589666504150955e-06
MNIST,medium,43,10,a2,activation_fisher,loss_aware,109,0.00048059114487841725
MNIST,medium,43,10,a2,activation_fisher,loss_aware,110,6.915307215749067e-10
MNIST,medium,43,10,a2,activation_fisher,loss_aware,111,0.00012013319792458788
MNIST,medium,43,10,a2,activation_fisher,loss_aware,112,9.260238584829494e-05
MNIST,medium,43,10,a2,activation_fisher,loss_aware,113,0.0002829914737958461
MNIST,medium,43,10,a2,activation_fisher,loss_aware,114,2.0515812138910405e-05
MNIST,medium,43,10,a2,activation_fisher,loss_aware,115,9.434773528482765e-05
MNIST,medium,43,10,a2,activation_fisher,loss_aware,116,0.0005250541144050658
MNIST,medium,43,10,a2,activation_fisher,loss_aware,117,0.0003345759178046137
MNIST,medium,43,10,a2,activation_fisher,loss_aware,118,0.0003117180021945387
MNIST,medium,43,10,a2,activation_fisher,loss_aware,119,4.21889744757209e-05
MNIST,medium,43,10,a2,activation_fisher,loss_aware,120,6.482566823251545e-05
MNIST,medium,43,10,a2,activation_fisher,loss_aware,121,0.0
MNIST,medium,43,10,a2,activation_fisher,loss_aware,122,8.10228448244743e-05
MNIST,medium,43,10,a2,activation_fisher,loss_aware,123,0.00020823052909690887
MNIST,medium,43,10,a2,activation_fisher,loss_aware,124,9.988782403524965e-05
MNIST,medium,43,10,a2,activation_fisher,loss_aware,125,9.79260221356526e-05
MNIST,medium,43,10,a2,activation_fisher,loss_aware,126,0.00013190580648370087
MNIST,medium,43,10,a2,activation_fisher,loss_aware,127,0.0012329636374488473
MNIST,medium,43,10,a2,activation_fisher,loss_aware,128,1.5127626284083817e-05
MNIST,medium,43,10,a2,activation_fisher,loss_aware,129,0.0002221735194325447
MNIST,medium,43,10,a2,activation_fisher,loss_aware,130,1.5401417840621434e-05
MNIST,medium,43,10,a2,activation_fisher,loss_aware,131,8.674031050759368e-06
MNIST,medium,43,10,a2,activation_fisher,loss_aware,132,0.00011622616875683889
MNIST,medium,43,10,a2,activation_fisher,loss_aware,133,1.5094507034518756e-05
MNIST,medium,43,10,a2,activation_fisher,loss_aware,134,0.0002101973950630054
MNIST,medium,43,10,a2,activation_fisher,loss_aware,135,7.498681952711195e-05
MNIST,medium,43,10,a2,activation_fisher,loss_aware,136,5.8567398809827864e-05
MNIST,medium,43,10,a2,activation_fisher,loss_aware,137,0.00023296388098970056
MNIST,medium,43,10,a2,activation_fisher,loss_aware,138,0.00011711704428307712
MNIST,medium,43,10,a2,activation_fisher,loss_aware,139,1.6501049415751368e-08
MNIST,medium,43,10,a2,activation_fisher,loss_aware,140,3.0839164537610486e-05
MNIST,medium,43,10,a2,activation_fisher,loss_aware,141,0.00020254742412362248
MNIST,medium,43,10,a2,activation_fisher,loss_aware,142,8.383128442801535e-05
MNIST,medium,43,10,a2,activation_fisher,loss_aware,143,0.0002481842238921672
MNIST,medium,43,10,a2,activation_fisher,loss_aware,144,0.0007313605747185647
MNIST,medium,43,10,a2,activation_fisher,loss_aware,145,0.00017860421212390065
MNIST,medium,43,10,a2,activation_fisher,loss_aware,146,0.0005208705551922321
MNIST,medium,43,10,a2,activation_fisher,loss_aware,147,7.8583114373032e-05
MNIST,medium,43,10,a2,activation_fisher,loss_aware,148,9.775275248102844e-05
MNIST,medium,43,10,a2,activation_fisher,loss_aware,149,3.239590660086833e-05
MNIST,medium,43,10,a2,activation_fisher,loss_aware,150,0.00036031444324180484
MNIST,medium,43,10,a2,activation_fisher,loss_aware,151,0.0001646639284444973
MNIST,medium,43,10,a2,activation_fisher,loss_aware,152,5.6877594033721834e-05
MNIST,medium,43,10,a2,activation_fisher,loss_aware,153,9.065945050679147e-05
MNIST,medium,43,10,a2,activation_fisher,loss_aware,154,0.0005087365861982107
MNIST,medium,43,10,a2,activation_fisher,loss_aware,155,2.2772506781620905e-05
MNIST,medium,43,10,a2,activation_fisher,loss_aware,156,3.351474515511654e-05
MNIST,medium,43,10,a2,activation_fisher,loss_aware,157,0.00016297151159960777
MNIST,medium,43,10,a2,activation_fisher,loss_aware,158,1.3971639418741688e-06
MNIST,medium,43,10,a2,activation_fisher,loss_aware,159,0.0003205391694791615
MNIST,medium,43,10,a2,activation_fisher,loss_aware,160,5.91024654568173e-05
MNIST,medium,43,10,a2,activation_fisher,loss_aware,161,0.00023427096311934292
MNIST,medium,43,10,a2,activation_fisher,loss_aware,162,0.00014566697063855827
MNIST,medium,43,10,a2,activation_fisher,loss_aware,163,0.00025570360594429076
MNIST,medium,43,10,a2,activation_fisher,loss_aware,164,0.0003210499125998467
MNIST,medium,43,10,a2,activation_fisher,loss_aware,165,0.0009871851652860641
MNIST,medium,43,10,a2,activation_fisher,loss_aware,166,0.0001385700306855142
MNIST,medium,43,10,a2,activation_fisher,loss_aware,167,2.8609556466108188e-05
MNIST,medium,43,10,a2,activation_fisher,loss_aware,168,6.900827429490164e-05
MNIST,medium,43,10,a2,activation_fisher,loss_aware,169,0.000163129428983666
MNIST,medium,43,10,a2,activation_fisher,loss_aware,170,0.00034285837318748236
MNIST,medium,43,10,a2,activation_fisher,loss_aware,171,0.00035473660682328045
MNIST,medium,43,10,a2,activation_fisher,loss_aware,172,4.0310049371328205e-05
MNIST,medium,43,10,a2,activation_fisher,loss_aware,173,0.0
MNIST,medium,43,10,a2,activation_fisher,loss_aware,174,0.0004731041262857616
MNIST,medium,43,10,a2,activation_fisher,loss_aware,175,0.000552319164853543
MNIST,medium,43,10,a2,activation_fisher,loss_aware,176,2.04382959054783e-05
MNIST,medium,43,10,a2,activation_fisher,loss_aware,177,0.000376460375264287
MNIST,medium,43,10,a2,activation_fisher,loss_aware,178,5.371461156755686e-05
MNIST,medium,43,10,a2,activation_fisher,loss_aware,179,0.00013330271758604795
MNIST,medium,43,10,a2,activation_fisher,loss_aware,180,0.00014921191905159503
MNIST,medium,43,10,a2,activation_fisher,loss_aware,181,0.0007880432531237602
MNIST,medium,43,10,a2,activation_fisher,loss_aware,182,0.00013713151565752923
MNIST,medium,43,10,a2,activation_fisher,loss_aware,183,8.048611198319122e-05
MNIST,medium,43,10,a2,activation_fisher,loss_aware,184,7.812784315319732e-05
MNIST,medium,43,10,a2,activation_fisher,loss_aware,185,0.0
MNIST,medium,43,10,a2,activation_fisher,loss_aware,186,2.9326309231691994e-05
MNIST,medium,43,10,a2,activation_fisher,loss_aware,187,0.0004511634761001915
MNIST,medium,43,10,a2,activation_fisher,loss_aware,188,3.293629197287373e-05
MNIST,medium,43,10,a2,activation_fisher,loss_aware,189,5.886959479539655e-05
MNIST,medium,43,10,a2,activation_fisher,loss_aware,190,0.000800635723862797
MNIST,medium,43,10,a2,activation_fisher,loss_aware,191,0.00020734606368932873
MNIST,medium,43,10,a2,activation_fisher,loss_aware,192,0.0
MNIST,medium,43,10,a2,activation_fisher,loss_aware,193,0.001057154848240316
MNIST,medium,43,10,a2,activation_fisher,loss_aware,194,0.0004837947490159422
MNIST,medium,43,10,a2,activation_fisher,loss_aware,195,0.00014362581714522094
MNIST,medium,43,10,a2,activation_fisher,loss_aware,196,5.510495975613594e-05
MNIST,medium,43,10,a2,activation_fisher,loss_aware,197,4.271959915058687e-05
MNIST,medium,43,10,a2,activation_fisher,loss_aware,198,6.877953206974041e-10
MNIST,medium,43,10,a2,activation_fisher,loss_aware,199,1.5169516700552776e-05
MNIST,medium,43,10,a2,activation_fisher,loss_aware,200,8.212929060391616e-06
MNIST,medium,43,10,a2,activation_fisher,loss_aware,201,1.2815243310981828e-10
MNIST,medium,43,10,a2,activation_fisher,loss_aware,202,3.2173062209039927e-05
MNIST,medium,43,10,a2,activation_fisher,loss_aware,203,2.3699453777226154e-06
MNIST,medium,43,10,a2,activation_fisher,loss_aware,204,4.9907910579349846e-05
MNIST,medium,43,10,a2,activation_fisher,loss_aware,205,0.000373237970052287
MNIST,medium,43,10,a2,activation_fisher,loss_aware,206,2.222864713985473e-05
MNIST,medium,43,10,a2,activation_fisher,loss_aware,207,1.521700381803756e-13
MNIST,medium,43,10,a2,activation_fisher,loss_aware,208,7.699915840930771e-06
MNIST,medium,43,10,a2,activation_fisher,loss_aware,209,0.0005286015220917761
MNIST,medium,43,10,a2,activation_fisher,loss_aware,210,1.8082941096508875e-05
MNIST,medium,43,10,a2,activation_fisher,loss_aware,211,6.841140566393733e-05
MNIST,medium,43,10,a2,activation_fisher,loss_aware,212,8.546376921003684e-05
MNIST,medium,43,10,a2,activation_fisher,loss_aware,213,0.0004863038193434477
MNIST,medium,43,10,a2,activation_fisher,loss_aware,214,0.00014163913147058338
MNIST,medium,43,10,a2,activation_fisher,loss_aware,215,2.1066067347419448e-05
MNIST,medium,43,10,a2,activation_fisher,loss_aware,216,6.692198803648353e-05
MNIST,medium,43,10,a2,activation_fisher,loss_aware,217,0.0005923204007558525
MNIST,medium,43,10,a2,activation_fisher,loss_aware,218,8.00128182163462e-05
MNIST,medium,43,10,a2,activation_fisher,loss_aware,219,0.0003596781170926988
MNIST,medium,43,10,a2,activation_fisher,loss_aware,220,0.0027007204480469227
MNIST,medium,43,10,a2,activation_fisher,loss_aware,221,6.592757563339546e-05
MNIST,medium,43,10,a2,activation_fisher,loss_aware,222,1.4758035831619054e-05
MNIST,medium,43,10,a2,activation_fisher,loss_aware,223,7.03834812156856e-05
MNIST,medium,43,10,a2,activation_fisher,loss_aware,224,0.0002643518091645092
MNIST,medium,43,10,a2,activation_fisher,loss_aware,225,0.0002718120231293142
MNIST,medium,43,10,a2,activation_fisher,loss_aware,226,3.173083678120747e-05
MNIST,medium,43,10,a2,activation_fisher,loss_aware,227,0.00046279188245534897
MNIST,medium,43,10,a2,activation_fisher,loss_aware,228,0.00029434062889777124
MNIST,medium,43,10,a2,activation_fisher,loss_aware,229,0.0003109112731181085
MNIST,medium,43,10,a2,activation_fisher,loss_aware,230,0.00010675597150111571
MNIST,medium,43,10,a2,activation_fisher,loss_aware,231,2.3041862732497975e-05
MNIST,medium,43,10,a2,activation_fisher,loss_aware,232,0.00047705473843961954
MNIST,medium,43,10,a2,activation_fisher,loss_aware,233,0.0001466653193347156
MNIST,medium,43,10,a2,activation_fisher,loss_aware,234,0.0003207074769306928
MNIST,medium,43,10,a2,activation_fisher,loss_aware,235,0.0007672093342989683
MNIST,medium,43,10,a2,activation_fisher,loss_aware,236,2.6454035833012313e-05
MNIST,medium,43,10,a2,activation_fisher,loss_aware,237,0.0007846658118069172
MNIST,medium,43,10,a2,activation_fisher,loss_aware,238,0.00019841789617203176
MNIST,medium,43,10,a2,activation_fisher,loss_aware,239,6.479908915935084e-05
MNIST,medium,43,10,a2,activation_fisher,loss_aware,240,0.00029540329705923796
MNIST,medium,43,10,a2,activation_fisher,loss_aware,241,0.002350623020902276
MNIST,medium,43,10,a2,activation_fisher,loss_aware,242,0.0003750695032067597
MNIST,medium,43,10,a2,activation_fisher,loss_aware,243,0.00041112970211543143
MNIST,medium,43,10,a2,activation_fisher,loss_aware,244,0.00013871988630853593
MNIST,medium,43,10,a2,activation_fisher,loss_aware,245,0.00015483419701922685
MNIST,medium,43,10,a2,activation_fisher,loss_aware,246,3.693499820656143e-05
MNIST,medium,43,10,a2,activation_fisher,loss_aware,247,0.0006172675057314336
MNIST,medium,43,10,a2,activation_fisher,loss_aware,248,0.0004420870100148022
MNIST,medium,43,10,a2,activation_fisher,loss_aware,249,0.0007603482808917761
MNIST,medium,43,10,a2,activation_fisher,loss_aware,250,0.0005931801861152053
MNIST,medium,43,10,a2,activation_fisher,loss_aware,251,5.3163970733294263e-05
MNIST,medium,43,10,a2,activation_fisher,loss_aware,252,3.925289638573304e-05
MNIST,medium,43,10,a2,activation_fisher,loss_aware,253,5.011002940591425e-05
MNIST,medium,43,10,a2,activation_fisher,loss_aware,254,0.00025790531071834266
MNIST,medium,43,10,a2,activation_fisher,loss_aware,255,0.00010696900426410139
MNIST,medium,43,10,a3,activation_fisher,loss_aware,0,0.0002186470665037632
MNIST,medium,43,10,a3,activation_fisher,loss_aware,1,0.00034907838562503457
MNIST,medium,43,10,a3,activation_fisher,loss_aware,2,0.00026406440883874893
MNIST,medium,43,10,a3,activation_fisher,loss_aware,3,0.00035285705234855413
MNIST,medium,43,10,a3,activation_fisher,loss_aware,4,6.348887836793438e-05
MNIST,medium,43,10,a3,activation_fisher,loss_aware,5,0.0007339747971855104
MNIST,medium,43,10,a3,activation_fisher,loss_aware,6,6.824222509749234e-05
MNIST,medium,43,10,a3,activation_fisher,loss_aware,7,0.0002970860805362463
MNIST,medium,43,10,a3,activation_fisher,loss_aware,8,0.00019186249119229615
MNIST,medium,43,10,a3,activation_fisher,loss_aware,9,0.0001915165048558265
MNIST,medium,43,10,a3,activation_fisher,loss_aware,10,0.0006258654175326228
MNIST,medium,43,10,a3,activation_fisher,loss_aware,11,0.0007198035018518567
MNIST,medium,43,10,a3,activation_fisher,loss_aware,12,0.0004249463090673089
MNIST,medium,43,10,a3,activation_fisher,loss_aware,13,0.0005497947568073869
MNIST,medium,43,10,a3,activation_fisher,loss_aware,14,0.0020963442511856556
MNIST,medium,43,10,a3,activation_fisher,loss_aware,15,0.0002590400108601898
MNIST,medium,43,10,a3,activation_fisher,loss_aware,16,0.00026609611813910306
MNIST,medium,43,10,a3,activation_fisher,loss_aware,17,0.00010676871897885576
MNIST,medium,43,10,a3,activation_fisher,loss_aware,18,0.00042320499778725207
MNIST,medium,43,10,a3,activation_fisher,loss_aware,19,0.0001379629538860172
MNIST,medium,43,10,a3,activation_fisher,loss_aware,20,0.0009752565529197454
MNIST,medium,43,10,a3,activation_fisher,loss_aware,21,0.0007517104386352003
MNIST,medium,43,10,a3,activation_fisher,loss_aware,22,0.0016964019741863012
MNIST,medium,43,10,a3,activation_fisher,loss_aware,23,0.00045187887735664845
MNIST,medium,43,10,a3,activation_fisher,loss_aware,24,0.0001351733080809936
MNIST,medium,43,10,a3,activation_fisher,loss_aware,25,0.0007085411343723536
MNIST,medium,43,10,a3,activation_fisher,loss_aware,26,0.0002953883376903832
MNIST,medium,43,10,a3,activation_fisher,loss_aware,27,0.0003033342945855111
MNIST,medium,43,10,a3,activation_fisher,loss_aware,28,0.00014573702355846763
MNIST,medium,43,10,a3,activation_fisher,loss_aware,29,0.0007820440223440528
MNIST,medium,43,10,a3,activation_fisher,loss_aware,30,0.000920554855838418
MNIST,medium,43,10,a3,activation_fisher,loss_aware,31,4.370372334960848e-05
MNIST,medium,43,10,a3,activation_fisher,loss_aware,32,0.00020975172810722142
MNIST,medium,43,10,a3,activation_fisher,loss_aware,33,0.0003477587888482958
MNIST,medium,43,10,a3,activation_fisher,loss_aware,34,0.001693172031082213
MNIST,medium,43,10,a3,activation_fisher,loss_aware,35,0.0001681561698205769
MNIST,medium,43,10,a3,activation_fisher,loss_aware,36,0.0003095075662713498
MNIST,medium,43,10,a3,activation_fisher,loss_aware,37,5.8260138757759705e-05
MNIST,medium,43,10,a3,activation_fisher,loss_aware,38,0.00011475730570964515
MNIST,medium,43,10,a3,activation_fisher,loss_aware,39,0.00011314680887153372
MNIST,medium,43,10,a3,activation_fisher,loss_aware,40,0.0003615778696257621
MNIST,medium,43,10,a3,activation_fisher,loss_aware,41,0.00017409410793334246
MNIST,medium,43,10,a3,activation_fisher,loss_aware,42,0.00011075750080635771
MNIST,medium,43,10,a3,activation_fisher,loss_aware,43,0.000108715845271945
MNIST,medium,43,10,a3,activation_fisher,loss_aware,44,0.00037800768041051924
MNIST,medium,43,10,a3,activation_fisher,loss_aware,45,0.0005280148470774293
MNIST,medium,43,10,a3,activation_fisher,loss_aware,46,0.0006732937763445079
MNIST,medium,43,10,a3,activation_fisher,loss_aware,47,5.927045640419237e-05
MNIST,medium,43,10,a3,activation_fisher,loss_aware,48,0.0001152349723270163
MNIST,medium,43,10,a3,activation_fisher,loss_aware,49,0.0004290800716262311
MNIST,medium,43,10,a3,activation_fisher,loss_aware,50,0.00011437500506872311
MNIST,medium,43,10,a3,activation_fisher,loss_aware,51,1.6350701116607524e-05
MNIST,medium,43,10,a3,activation_fisher,loss_aware,52,7.62228446546942e-05
MNIST,medium,43,10,a3,activation_fisher,loss_aware,53,0.0010982104577124119
MNIST,medium,43,10,a3,activation_fisher,loss_aware,54,1.0848993042600341e-05
MNIST,medium,43,10,a3,activation_fisher,loss_aware,55,0.0008332266006618738
MNIST,medium,43,10,a3,activation_fisher,loss_aware,56,0.00026727892691269517
MNIST,medium,43,10,a3,activation_fisher,loss_aware,57,0.0008864300325512886
MNIST,medium,43,10,a3,activation_fisher,loss_aware,58,0.0005765528185293078
MNIST,medium,43,10,a3,activation_fisher,loss_aware,59,0.0
MNIST,medium,43,10,a3,activation_fisher,loss_aware,60,0.00020073074847459793
MNIST,medium,43,10,a3,activation_fisher,loss_aware,61,9.59461904130876e-05
MNIST,medium,43,10,a3,activation_fisher,loss_aware,62,9.20471575227566e-05
MNIST,medium,43,10,a3,activation_fisher,loss_aware,63,0.0003042037133127451
MNIST,medium,43,10,a3,activation_fisher,loss_aware,64,0.00013206970470491797
MNIST,medium,43,10,a3,activation_fisher,loss_aware,65,0.0005483455606736243
MNIST,medium,43,10,a3,activation_fisher,loss_aware,66,0.0006256526685319841
MNIST,medium,43,10,a3,activation_fisher,loss_aware,67,0.0007930155843496323
MNIST,medium,43,10,a3,activation_fisher,loss_aware,68,0.000796155130956322
MNIST,medium,43,10,a3,activation_fisher,loss_aware,69,0.0007084524258971214
MNIST,medium,43,10,a3,activation_fisher,loss_aware,70,0.00012147818779340014
MNIST,medium,43,10,a3,activation_fisher,loss_aware,71,0.00045812397729605436
MNIST,medium,43,10,a3,activation_fisher,loss_aware,72,0.00037129884003661573
MNIST,medium,43,10,a3,activation_fisher,loss_aware,73,0.00037319466355256736
MNIST,medium,43,10,a3,activation_fisher,loss_aware,74,0.0001929172722157091
MNIST,medium,43,10,a3,activation_fisher,loss_aware,75,0.00024338028742931783
MNIST,medium,43,10,a3,activation_fisher,loss_aware,76,0.00017196033149957657
MNIST,medium,43,10,a3,activation_fisher,loss_aware,77,0.000299785693641752
MNIST,medium,43,10,a3,activation_fisher,loss_aware,78,0.0
MNIST,medium,43,10,a3,activation_fisher,loss_aware,79,0.00024103060422930866
MNIST,medium,43,10,a3,activation_fisher,loss_aware,80,0.00040812286897562444
MNIST,medium,43,10,a3,activation_fisher,loss_aware,81,9.031578520080075e-05
MNIST,medium,43,10,a3,activation_fisher,loss_aware,82,0.0002109339548042044
MNIST,medium,43,10,a3,activation_fisher,loss_aware,83,6.839070556452498e-05
MNIST,medium,43,10,a3,activation_fisher,loss_aware,84,2.193412001361139e-05
MNIST,medium,43,10,a3,activation_fisher,loss_aware,85,7.775172707624733e-05
MNIST,medium,43,10,a3,activation_fisher,loss_aware,86,0.00018458548584021628
MNIST,medium,43,10,a3,activation_fisher,loss_aware,87,0.0007450051489286125
MNIST,medium,43,10,a3,activation_fisher,loss_aware,88,0.0001746125053614378
MNIST,medium,43,10,a3,activation_fisher,loss_aware,89,0.0
MNIST,medium,43,10,a3,activation_fisher,loss_aware,90,0.0008612423553131521
MNIST,medium,43,10,a3,activation_fisher,loss_aware,91,0.0009294827468693256
MNIST,medium,43,10,a3,activation_fisher,loss_aware,92,0.0001134356643888168
MNIST,medium,43,10,a3,activation_fisher,loss_aware,93,7.518771599279717e-05
MNIST,medium,43,10,a3,activation_fisher,loss_aware,94,0.0004143013502471149
MNIST,medium,43,10,a3,activation_fisher,loss_aware,95,2.9666739465028513e-06
MNIST,medium,43,10,a3,activation_fisher,loss_aware,96,0.00024635682348161936
MNIST,medium,43,10,a3,activation_fisher,loss_aware,97,0.00013777603453490883
MNIST,medium,43,10,a3,activation_fisher,loss_aware,98,0.0005004142876714468
MNIST,medium,43,10,a3,activation_fisher,loss_aware,99,9.412909275852144e-05
MNIST,medium,43,10,a3,activation_fisher,loss_aware,100,0.0008142234291881323
MNIST,medium,43,10,a3,activation_fisher,loss_aware,101,0.00026484212139621377
MNIST,medium,43,10,a3,activation_fisher,loss_aware,102,0.0001023955992422998
MNIST,medium,43,10,a3,activation_fisher,loss_aware,103,0.0006610125419683754
MNIST,medium,43,10,a3,activation_fisher,loss_aware,104,7.148011354729533e-05
MNIST,medium,43,10,a3,activation_fisher,loss_aware,105,0.00046809681225568056
MNIST,medium,43,10,a3,activation_fisher,loss_aware,106,0.0010013144928961992
MNIST,medium,43,10,a3,activation_fisher,loss_aware,107,1.1354961316101253e-05
MNIST,medium,43,10,a3,activation_fisher,loss_aware,108,6.704588304273784e-05
MNIST,medium,43,10,a3,activation_fisher,loss_aware,109,0.00037598644848912954
MNIST,medium,43,10,a3,activation_fisher,loss_aware,110,7.288876076927409e-05
MNIST,medium,43,10,a3,activation_fisher,loss_aware,111,0.00015180744230747223
MNIST,medium,43,10,a3,activation_fisher,loss_aware,112,0.00045049976324662566
MNIST,medium,43,10,a3,activation_fisher,loss_aware,113,0.00023416179465129972
MNIST,medium,43,10,a3,activation_fisher,loss_aware,114,0.0008042906993068755
MNIST,medium,43,10,a3,activation_fisher,loss_aware,115,0.0010088476119562984
MNIST,medium,43,10,a3,activation_fisher,loss_aware,116,0.00015654982416890562
MNIST,medium,43,10,a3,activation_fisher,loss_aware,117,0.0001259074779227376
MNIST,medium,43,10,a3,activation_fisher,loss_aware,118,0.0004465236561372876
MNIST,medium,43,10,a3,activation_fisher,loss_aware,119,2.5309587726951577e-05
MNIST,medium,43,10,a3,activation_fisher,loss_aware,120,0.0015599203761667013
MNIST,medium,43,10,a3,activation_fisher,loss_aware,121,0.00032161237322725356
MNIST,medium,43,10,a3,activation_fisher,loss_aware,122,9.325295104645193e-05
MNIST,medium,43,10,a3,activation_fisher,loss_aware,123,0.00045643921475857496
MNIST,medium,43,10,a3,activation_fisher,loss_aware,124,0.00039210449904203415
MNIST,medium,43,10,a3,activation_fisher,loss_aware,125,3.959555033361539e-05
MNIST,medium,43,10,a3,activation_fisher,loss_aware,126,0.0001801330508897081
MNIST,medium,43,10,a3,activation_fisher,loss_aware,127,0.0003007280465681106
MNIST,medium,43,10,a4,activation_fisher,loss_aware,0,0.0005037779919803143
MNIST,medium,43,10,a4,activation_fisher,loss_aware,1,0.0002210100064985454
MNIST,medium,43,10,a4,activation_fisher,loss_aware,2,0.000716174254193902
MNIST,medium,43,10,a4,activation_fisher,loss_aware,3,0.0004718862473964691
MNIST,medium,43,10,a4,activation_fisher,loss_aware,4,0.0003463209141045809
MNIST,medium,43,10,a4,activation_fisher,loss_aware,5,0.0031715864315629005
MNIST,medium,43,10,a4,activation_fisher,loss_aware,6,0.0003159164043609053
MNIST,medium,43,10,a4,activation_fisher,loss_aware,7,0.00021485470642801374
MNIST,medium,43,10,a4,activation_fisher,loss_aware,8,5.329377017915249e-05
MNIST,medium,43,10,a4,activation_fisher,loss_aware,9,0.0002450885658618063
MNIST,medium,43,10,a4,activation_fisher,loss_aware,10,0.00011144833115395159
MNIST,medium,43,10,a4,activation_fisher,loss_aware,11,0.00159459188580513
MNIST,medium,43,10,a4,activation_fisher,loss_aware,12,0.0015747668221592903
MNIST,medium,43,10,a4,activation_fisher,loss_aware,13,0.001271614572033286
MNIST,medium,43,10,a4,activation_fisher,loss_aware,14,0.00014743348583579063
MNIST,medium,43,10,a4,activation_fisher,loss_aware,15,0.00014316363376565278
MNIST,medium,43,10,a4,activation_fisher,loss_aware,16,0.0003512793919071555
MNIST,medium,43,10,a4,activation_fisher,loss_aware,17,0.0006158319883979857
MNIST,medium,43,10,a4,activation_fisher,loss_aware,18,0.0003157384635414928
MNIST,medium,43,10,a4,activation_fisher,loss_aware,19,0.0011676161084324121
MNIST,medium,43,10,a4,activation_fisher,loss_aware,20,0.0001139159721788019
MNIST,medium,43,10,a4,activation_fisher,loss_aware,21,0.0017458973452448845
MNIST,medium,43,10,a4,activation_fisher,loss_aware,22,0.0018600961193442345
MNIST,medium,43,10,a4,activation_fisher,loss_aware,23,0.00011147314216941595
MNIST,medium,43,10,a4,activation_fisher,loss_aware,24,0.0001819210301619023
MNIST,medium,43,10,a4,activation_fisher,loss_aware,25,0.0010048231342807412
MNIST,medium,43,10,a4,activation_fisher,loss_aware,26,0.00026345314108766615
MNIST,medium,43,10,a4,activation_fisher,loss_aware,27,0.0006665278342552483
MNIST,medium,43,10,a4,activation_fisher,loss_aware,28,0.0004075239412486553
MNIST,medium,43,10,a4,activation_fisher,loss_aware,29,0.00029748192173428833
MNIST,medium,43,10,a4,activation_fisher,loss_aware,30,0.0019514078740030527
MNIST,medium,43,10,a4,activation_fisher,loss_aware,31,0.0027326459530740976
MNIST,medium,43,10,a4,activation_fisher,loss_aware,32,0.000446794816525653
MNIST,medium,43,10,a4,activation_fisher,loss_aware,33,0.0007858531316742301
MNIST,medium,43,10,a4,activation_fisher,loss_aware,34,0.001471680123358965
MNIST,medium,43,10,a4,activation_fisher,loss_aware,35,0.0008158806595019996
MNIST,medium,43,10,a4,activation_fisher,loss_aware,36,0.000199264453840442
MNIST,medium,43,10,a4,activation_fisher,loss_aware,37,0.0026834304444491863
MNIST,medium,43,10,a4,activation_fisher,loss_aware,38,0.00147236417979002
MNIST,medium,43,10,a4,activation_fisher,loss_aware,39,0.0004224633739795536
MNIST,medium,43,10,a4,activation_fisher,loss_aware,40,0.00046728350571356714
MNIST,medium,43,10,a4,activation_fisher,loss_aware,41,0.0004051737196277827
MNIST,medium,43,10,a4,activation_fisher,loss_aware,42,0.00037040936877019703
MNIST,medium,43,10,a4,activation_fisher,loss_aware,43,0.00014268045197241008
MNIST,medium,43,10,a4,activation_fisher,loss_aware,44,0.0004437933093868196
MNIST,medium,43,10,a4,activation_fisher,loss_aware,45,0.0005563035374507308
MNIST,medium,43,10,a4,activation_fisher,loss_aware,46,0.0003006915212608874
MNIST,medium,43,10,a4,activation_fisher,loss_aware,47,0.00037211729795672
MNIST,medium,43,10,a4,activation_fisher,loss_aware,48,0.0005506061716005206
MNIST,medium,43,10,a4,activation_fisher,loss_aware,49,0.0002695171569939703
MNIST,medium,43,10,a4,activation_fisher,loss_aware,50,0.00016882123600225896
MNIST,medium,43,10,a4,activation_fisher,loss_aware,51,0.0006124019855633378
MNIST,medium,43,10,a4,activation_fisher,loss_aware,52,0.0027838745154440403
MNIST,medium,43,10,a4,activation_fisher,loss_aware,53,0.0006598009495064616
MNIST,medium,43,10,a4,activation_fisher,loss_aware,54,0.00024258927442133427
MNIST,medium,43,10,a4,activation_fisher,loss_aware,55,0.0005057219532318413
MNIST,medium,43,10,a4,activation_fisher,loss_aware,56,0.0002370771107962355
MNIST,medium,43,10,a4,activation_fisher,loss_aware,57,0.0012703383108600974
MNIST,medium,43,10,a4,activation_fisher,loss_aware,58,0.00022510936832986772
MNIST,medium,43,10,a4,activation_fisher,loss_aware,59,0.003091059625148773
MNIST,medium,43,10,a4,activation_fisher,loss_aware,60,0.00011377840564819053
MNIST,medium,43,10,a4,activation_fisher,loss_aware,61,0.0006761878612451255
MNIST,medium,43,10,a4,activation_fisher,loss_aware,62,0.0001760321611072868
MNIST,medium,43,10,a4,activation_fisher,loss_aware,63,0.00024469554773531854
MNIST,medium,43,10,a1,weight_fisher,loss_aware,0,1.399922439304646e-06
MNIST,medium,43,10,a1,weight_fisher,loss_aware,1,1.7441391264583217e-06
MNIST,medium,43,10,a1,weight_fisher,loss_aware,2,5.12874703417765e-06
MNIST,medium,43,10,a1,weight_fisher,loss_aware,3,0.0
MNIST,medium,43,10,a1,weight_fisher,loss_aware,4,7.771490686536708e-07
MNIST,medium,43,10,a1,weight_fisher,loss_aware,5,6.343002041830914e-06
MNIST,medium,43,10,a1,weight_fisher,loss_aware,6,1.3268111160869012e-06
MNIST,medium,43,10,a1,weight_fisher,loss_aware,7,0.0
MNIST,medium,43,10,a1,weight_fisher,loss_aware,8,1.5459600035683252e-06
MNIST,medium,43,10,a1,weight_fisher,loss_aware,9,6.598615698294452e-08
MNIST,medium,43,10,a1,weight_fisher,loss_aware,10,1.7197971828863956e-06
MNIST,medium,43,10,a1,weight_fisher,loss_aware,11,5.864074410055764e-06
MNIST,medium,43,10,a1,weight_fisher,loss_aware,12,1.0645420616128831e-06
MNIST,medium,43,10,a1,weight_fisher,loss_aware,13,1.8123819245374762e-06
MNIST,medium,43,10,a1,weight_fisher,loss_aware,14,1.592494754731888e-06
MNIST,medium,43,10,a1,weight_fisher,loss_aware,15,1.1985623586951988e-06
MNIST,medium,43,10,a1,weight_fisher,loss_aware,16,1.2843320291722193e-06
MNIST,medium,43,10,a1,weight_fisher,loss_aware,17,4.195173914922634e-06
MNIST,medium,43,10,a1,weight_fisher,loss_aware,18,8.156733599662402e-08
MNIST,medium,43,10,a1,weight_fisher,loss_aware,19,6.061788582201189e-08
MNIST,medium,43,10,a1,weight_fisher,loss_aware,20,4.4735743358614855e-06
MNIST,medium,43,10,a1,weight_fisher,loss_aware,21,1.0064377420349047e-06
MNIST,medium,43,10,a1,weight_fisher,loss_aware,22,7.3491992225172e-06
MNIST,medium,43,10,a1,weight_fisher,loss_aware,23,0.0
MNIST,medium,43,10,a1,weight_fisher,loss_aware,24,1.1101426622417421e-07
MNIST,medium,43,10,a1,weight_fisher,loss_aware,25,1.174094109046564e-06
MNIST,medium,43,10,a1,weight_fisher,loss_aware,26,9.408135156263597e-06
MNIST,medium,43,10,a1,weight_fisher,loss_aware,27,7.972706725922762e-07
MNIST,medium,43,10,a1,weight_fisher,loss_aware,28,0.0
MNIST,medium,43,10,a1,weight_fisher,loss_aware,29,1.2418904589139856e-06
MNIST,medium,43,10,a1,weight_fisher,loss_aware,30,1.107955540646799e-06
MNIST,medium,43,10,a1,weight_fisher,loss_aware,31,0.0
MNIST,medium,43,10,a1,weight_fisher,loss_aware,32,2.1143603134987643e-06
MNIST,medium,43,10,a1,weight_fisher,loss_aware,33,5.92913079744406e-11
MNIST,medium,43,10,a1,weight_fisher,loss_aware,34,0.0
MNIST,medium,43,10,a1,weight_fisher,loss_aware,35,7.79446963861119e-07
MNIST,medium,43,10,a1,weight_fisher,loss_aware,36,2.01898046725546e-06
MNIST,medium,43,10,a1,weight_fisher,loss_aware,37,0.0
MNIST,medium,43,10,a1,weight_fisher,loss_aware,38,4.661155728058475e-08
MNIST,medium,43,10,a1,weight_fisher,loss_aware,39,8.435566023479169e-09
MNIST,medium,43,10,a1,weight_fisher,loss_aware,40,2.8674201075773453e-06
MNIST,medium,43,10,a1,weight_fisher,loss_aware,41,2.8798442599509144e-06
MNIST,medium,43,10,a1,weight_fisher,loss_aware,42,0.0
MNIST,medium,43,10,a1,weight_fisher,loss_aware,43,5.6739692944063336e-09
MNIST,medium,43,10,a1,weight_fisher,loss_aware,44,3.9553333408548497e-07
MNIST,medium,43,10,a1,weight_fisher,loss_aware,45,6.230653070815606e-06
MNIST,medium,43,10,a1,weight_fisher,loss_aware,46,3.932508718662575e-07
MNIST,medium,43,10,a1,weight_fisher,loss_aware,47,3.172343895130325e-06
MNIST,medium,43,10,a1,weight_fisher,loss_aware,48,6.473674602602841e-06
MNIST,medium,43,10,a1,weight_fisher,loss_aware,49,2.309802127342664e-09
MNIST,medium,43,10,a1,weight_fisher,loss_aware,50,0.0
MNIST,medium,43,10,a1,weight_fisher,loss_aware,51,1.040294773702044e-05
MNIST,medium,43,10,a1,weight_fisher,loss_aware,52,1.2646299296648067e-07
MNIST,medium,43,10,a1,weight_fisher,loss_aware,53,0.0
MNIST,medium,43,10,a1,weight_fisher,loss_aware,54,2.0308389139245264e-06
MNIST,medium,43,10,a1,weight_fisher,loss_aware,55,0.0
MNIST,medium,43,10,a1,weight_fisher,loss_aware,56,1.4254228517529555e-06
MNIST,medium,43,10,a1,weight_fisher,loss_aware,57,1.5571572475892026e-06
MNIST,medium,43,10,a1,weight_fisher,loss_aware,58,5.014468484887402e-08
MNIST,medium,43,10,a1,weight_fisher,loss_aware,59,2.0883933302684454e-06
MNIST,medium,43,10,a1,weight_fisher,loss_aware,60,6.072536962165032e-06
MNIST,medium,43,10,a1,weight_fisher,loss_aware,61,2.139913249266101e-06
MNIST,medium,43,10,a1,weight_fisher,loss_aware,62,0.0
MNIST,medium,43,10,a1,weight_fisher,loss_aware,63,2.6589515300656785e-07
MNIST,medium,43,10,a1,weight_fisher,loss_aware,64,7.394170097541064e-06
MNIST,medium,43,10,a1,weight_fisher,loss_aware,65,2.408054115221603e-06
MNIST,medium,43,10,a1,weight_fisher,loss_aware,66,5.69265694139176e-07
MNIST,medium,43,10,a1,weight_fisher,loss_aware,67,2.6659483864932554e-07
MNIST,medium,43,10,a1,weight_fisher,loss_aware,68,2.2374561012838967e-06
MNIST,medium,43,10,a1,weight_fisher,loss_aware,69,9.17177658266155e-07
MNIST,medium,43,10,a1,weight_fisher,loss_aware,70,1.7334684798697708e-06
MNIST,medium,43,10,a1,weight_fisher,loss_aware,71,1.1510268222991726e-06
MNIST,medium,43,10,a1,weight_fisher,loss_aware,72,1.7884548242363962e-06
MNIST,medium,43,10,a1,weight_fisher,loss_aware,73,1.5510198636548012e-06
MNIST,medium,43,10,a1,weight_fisher,loss_aware,74,2.1989916376696783e-07
MNIST,medium,43,10,a1,weight_fisher,loss_aware,75,3.3318553960270947e-06
MNIST,medium,43,10,a1,weight_fisher,loss_aware,76,3.4419906569382874e-07
MNIST,medium,43,10,a1,weight_fisher,loss_aware,77,1.0091110198118258e-05
MNIST,medium,43,10,a1,weight_fisher,loss_aware,78,4.152564997639274e-06
MNIST,medium,43,10,a1,weight_fisher,loss_aware,79,0.0
MNIST,medium,43,10,a1,weight_fisher,loss_aware,80,2.9661796929758566e-07
MNIST,medium,43,10,a1,weight_fisher,loss_aware,81,9.48894637531339e-07
MNIST,medium,43,10,a1,weight_fisher,loss_aware,82,2.3345465649526886e-07
MNIST,medium,43,10,a1,weight_fisher,loss_aware,83,4.246500679983001e-07
MNIST,medium,43,10,a1,weight_fisher,loss_aware,84,5.309537531861253e-13
MNIST,medium,43,10,a1,weight_fisher,loss_aware,85,0.0
MNIST,medium,43,10,a1,weight_fisher,loss_aware,86,1.4228480722522363e-06
MNIST,medium,43,10,a1,weight_fisher,loss_aware,87,3.249071482969157e-07
MNIST,medium,43,10,a1,weight_fisher,loss_aware,88,2.1906498659518547e-07
MNIST,medium,43,10,a1,weight_fisher,loss_aware,89,2.7465016501082573e-06
MNIST,medium,43,10,a1,weight_fisher,loss_aware,90,0.0
MNIST,medium,43,10,a1,weight_fisher,loss_aware,91,4.137343410093308e-07
MNIST,medium,43,10,a1,weight_fisher,loss_aware,92,8.417298431595555e-07
MNIST,medium,43,10,a1,weight_fisher,loss_aware,93,3.1664213473447944e-09
MNIST,medium,43,10,a1,weight_fisher,loss_aware,94,6.032300348124409e-07
MNIST,medium,43,10,a1,weight_fisher,loss_aware,95,9.655630037741503e-07
MNIST,medium,43,10,a1,weight_fisher,loss_aware,96,2.3141222982303589e-07
MNIST,medium,43,10,a1,weight_fisher,loss_aware,97,3.6574101613950916e-06
MNIST,medium,43,10,a1,weight_fisher,loss_aware,98,5.918929559811659e-07
MNIST,medium,43,10,a1,weight_fisher,loss_aware,99,1.0271900237057707e-06
MNIST,medium,43,10,a1,weight_fisher,loss_aware,100,1.7093018414016115e-06
MNIST,medium,43,10,a1,weight_fisher,loss_aware,101,1.2809889540221775e-06
MNIST,medium,43,10,a1,weight_fisher,loss_aware,102,8.681249710207339e-07
MNIST,medium,43,10,a1,weight_fisher,loss_aware,103,0.0
MNIST,medium,43,10,a1,weight_fisher,loss_aware,104,2.958884124382166e-07
MNIST,medium,43,10,a1,weight_fisher,loss_aware,105,5.463206207423354e-07
MNIST,medium,43,10,a1,weight_fisher,loss_aware,106,2.143563051504316e-06
MNIST,medium,43,10,a1,weight_fisher,loss_aware,107,9.369651365886966e-07
MNIST,medium,43,10,a1,weight_fisher,loss_aware,108,4.248474283485848e-08
MNIST,medium,43,10,a1,weight_fisher,loss_aware,109,3.491993084026035e-06
MNIST,medium,43,10,a1,weight_fisher,loss_aware,110,1.7194040538015543e-06
MNIST,medium,43,10,a1,weight_fisher,loss_aware,111,1.9908227955056645e-07
MNIST,medium,43,10,a1,weight_fisher,loss_aware,112,1.498014853495988e-06
MNIST,medium,43,10,a1,weight_fisher,loss_aware,113,9.855082225840306e-07
MNIST,medium,43,10,a1,weight_fisher,loss_aware,114,1.4037038909009425e-06
MNIST,medium,43,10,a1,weight_fisher,loss_aware,115,2.162143118766835e-06
MNIST,medium,43,10,a1,weight_fisher,loss_aware,116,6.282161848503165e-07
MNIST,medium,43,10,a1,weight_fisher,loss_aware,117,4.536076403383049e-07
MNIST,medium,43,10,a1,weight_fisher,loss_aware,118,5.916190275456756e-07
MNIST,medium,43,10,a1,weight_fisher,loss_aware,119,3.548540803421929e-07
MNIST,medium,43,10,a1,weight_fisher,loss_aware,120,6.682178366190783e-08
MNIST,medium,43,10,a1,weight_fisher,loss_aware,121,7.633149721186783e-07
MNIST,medium,43,10,a1,weight_fisher,loss_aware,122,3.247215772717027e-06
MNIST,medium,43,10,a1,weight_fisher,loss_aware,123,1.378575120725145e-07
MNIST,medium,43,10,a1,weight_fisher,loss_aware,124,0.0
MNIST,medium,43,10,a1,weight_fisher,loss_aware,125,4.530875685304636e-06
MNIST,medium,43,10,a1,weight_fisher,loss_aware,126,1.0719968486228026e-05
MNIST,medium,43,10,a1,weight_fisher,loss_aware,127,9.16895288582964e-08
MNIST,medium,43,10,a1,weight_fisher,loss_aware,128,1.9257812766682036e-07
MNIST,medium,43,10,a1,weight_fisher,loss_aware,129,2.3091435447791797e-13
MNIST,medium,43,10,a1,weight_fisher,loss_aware,130,5.203660293773282e-06
MNIST,medium,43,10,a1,weight_fisher,loss_aware,131,1.3971076668894966e-06
MNIST,medium,43,10,a1,weight_fisher,loss_aware,132,2.5129502319032326e-06
MNIST,medium,43,10,a1,weight_fisher,loss_aware,133,2.2551807887793984e-06
MNIST,medium,43,10,a1,weight_fisher,loss_aware,134,6.693981049465947e-07
MNIST,medium,43,10,a1,weight_fisher,loss_aware,135,1.2511795830505434e-06
MNIST,medium,43,10,a1,weight_fisher,loss_aware,136,1.8128150713891955e-06
MNIST,medium,43,10,a1,weight_fisher,loss_aware,137,2.2843048554932466e-06
MNIST,medium,43,10,a1,weight_fisher,loss_aware,138,6.294200716183695e-07
MNIST,medium,43,10,a1,weight_fisher,loss_aware,139,2.085698952214443e-06
MNIST,medium,43,10,a1,weight_fisher,loss_aware,140,0.0
MNIST,medium,43,10,a1,weight_fisher,loss_aware,141,3.7915287975920364e-07
MNIST,medium,43,10,a1,weight_fisher,loss_aware,142,3.0526307455147617e-06
MNIST,medium,43,10,a1,weight_fisher,loss_aware,143,2.8721135549858445e-06
MNIST,medium,43,10,a1,weight_fisher,loss_aware,144,0.0
MNIST,medium,43,10,a1,weight_fisher,loss_aware,145,8.728080729270005e-07
MNIST,medium,43,10,a1,weight_fisher,loss_aware,146,1.3526687325793318e-05
MNIST,medium,43,10,a1,weight_fisher,loss_aware,147,8.283045644930098e-07
MNIST,medium,43,10,a1,weight_fisher,loss_aware,148,3.607951271078491e-07
MNIST,medium,43,10,a1,weight_fisher,loss_aware,149,1.617511315998854e-07
MNIST,medium,43,10,a1,weight_fisher,loss_aware,150,0.0
MNIST,medium,43,10,a1,weight_fisher,loss_aware,151,1.8799896679411177e-06
MNIST,medium,43,10,a1,weight_fisher,loss_aware,152,3.181737156410236e-06
MNIST,medium,43,10,a1,weight_fisher,loss_aware,153,0.0
MNIST,medium,43,10,a1,weight_fisher,loss_aware,154,0.0
MNIST,medium,43,10,a1,weight_fisher,loss_aware,155,1.7997259647017927e-06
MNIST,medium,43,10,a1,weight_fisher,loss_aware,156,1.1046628287658677e-06
MNIST,medium,43,10,a1,weight_fisher,loss_aware,157,2.4233384010585723e-07
MNIST,medium,43,10,a1,weight_fisher,loss_aware,158,4.1709068909767666e-07
MNIST,medium,43,10,a1,weight_fisher,loss_aware,159,3.4718127678301514e-11
MNIST,medium,43,10,a1,weight_fisher,loss_aware,160,3.0458413675660267e-06
MNIST,medium,43,10,a1,weight_fisher,loss_aware,161,1.6154976661963971e-12
MNIST,medium,43,10,a1,weight_fisher,loss_aware,162,1.0230875886918511e-05
MNIST,medium,43,10,a1,weight_fisher,loss_aware,163,1.4101703138535981e-10
MNIST,medium,43,10,a1,weight_fisher,loss_aware,164,1.0126431106982636e-06
MNIST,medium,43,10,a1,weight_fisher,loss_aware,165,5.318167040968547e-06
MNIST,medium,43,10,a1,weight_fisher,loss_aware,166,1.0782442814161186e-06
MNIST,medium,43,10,a1,weight_fisher,loss_aware,167,1.1042278629247448e-06
MNIST,medium,43,10,a1,weight_fisher,loss_aware,168,2.651205932124867e-06
MNIST,medium,43,10,a1,weight_fisher,loss_aware,169,7.80051232140977e-06
MNIST,medium,43,10,a1,weight_fisher,loss_aware,170,1.3540588650329255e-09
MNIST,medium,43,10,a1,weight_fisher,loss_aware,171,4.830781676901097e-07
MNIST,medium,43,10,a1,weight_fisher,loss_aware,172,1.6123362911457662e-07
MNIST,medium,43,10,a1,weight_fisher,loss_aware,173,1.4334220566070144e-07
MNIST,medium,43,10,a1,weight_fisher,loss_aware,174,1.1388134453227394e-06
MNIST,medium,43,10,a1,weight_fisher,loss_aware,175,1.8052600125884055e-06
MNIST,medium,43,10,a1,weight_fisher,loss_aware,176,2.9831198844476603e-06
MNIST,medium,43,10,a1,weight_fisher,loss_aware,177,2.0661245798692107e-06
MNIST,medium,43,10,a1,weight_fisher,loss_aware,178,1.8534450418883353e-07
MNIST,medium,43,10,a1,weight_fisher,loss_aware,179,3.7052777202006837e-07
MNIST,medium,43,10,a1,weight_fisher,loss_aware,180,1.0994772310368717e-06
MNIST,medium,43,10,a1,weight_fisher,loss_aware,181,2.325812999970367e-07
MNIST,medium,43,10,a1,weight_fisher,loss_aware,182,2.2841313693788834e-06
MNIST,medium,43,10,a1,weight_fisher,loss_aware,183,8.454253475065343e-07
MNIST,medium,43,10,a1,weight_fisher,loss_aware,184,1.294047592637071e-06
MNIST,medium,43,10,a1,weight_fisher,loss_aware,185,9.255943211883277e-08
MNIST,medium,43,10,a1,weight_fisher,loss_aware,186,9.519079213760051e-08
MNIST,medium,43,10,a1,weight_fisher,loss_aware,187,1.272074996450101e-07
MNIST,medium,43,10,a1,weight_fisher,loss_aware,188,2.7191249500901904e-06
MNIST,medium,43,10,a1,weight_fisher,loss_aware,189,1.4622348771808902e-06
MNIST,medium,43,10,a1,weight_fisher,loss_aware,190,6.922248303453671e-07
MNIST,medium,43,10,a1,weight_fisher,loss_aware,191,4.9114965428032065e-09
MNIST,medium,43,10,a1,weight_fisher,loss_aware,192,9.985267297452083e-07
MNIST,medium,43,10,a1,weight_fisher,loss_aware,193,2.1421922724584874e-07
MNIST,medium,43,10,a1,weight_fisher,loss_aware,194,1.204403798915621e-10
MNIST,medium,43,10,a1,weight_fisher,loss_aware,195,1.2806956419808557e-06
MNIST,medium,43,10,a1,weight_fisher,loss_aware,196,4.751532287627924e-06
MNIST,medium,43,10,a1,weight_fisher,loss_aware,197,1.9944213818234857e-06
MNIST,medium,43,10,a1,weight_fisher,loss_aware,198,1.018332113744691e-06
MNIST,medium,43,10,a1,weight_fisher,loss_aware,199,1.4980552975885075e-07
MNIST,medium,43,10,a1,weight_fisher,loss_aware,200,1.103925271195294e-07
MNIST,medium,43,10,a1,weight_fisher,loss_aware,201,1.405213581470548e-22
MNIST,medium,43,10,a1,weight_fisher,loss_aware,202,1.7920550376970823e-08
MNIST,medium,43,10,a1,weight_fisher,loss_aware,203,4.5382358848655713e-07
MNIST,medium,43,10,a1,weight_fisher,loss_aware,204,7.805738277966157e-06
MNIST,medium,43,10,a1,weight_fisher,loss_aware,205,2.5127835669991327e-06
MNIST,medium,43,10,a1,weight_fisher,loss_aware,206,1.2577178495121188e-05
MNIST,medium,43,10,a1,weight_fisher,loss_aware,207,2.6333673304179683e-06
MNIST,medium,43,10,a1,weight_fisher,loss_aware,208,8.336215842064121e-07
MNIST,medium,43,10,a1,weight_fisher,loss_aware,209,3.1993397442420246e-06
MNIST,medium,43,10,a1,weight_fisher,loss_aware,210,1.2466155112633714e-06
MNIST,medium,43,10,a1,weight_fisher,loss_aware,211,3.290551148893428e-06
MNIST,medium,43,10,a1,weight_fisher,loss_aware,212,1.2170150966994697e-06
MNIST,medium,43,10,a1,weight_fisher,loss_aware,213,0.0
MNIST,medium,43,10,a1,weight_fisher,loss_aware,214,2.2973097202338977e-06
MNIST,medium,43,10,a1,weight_fisher,loss_aware,215,7.119447446943955e-15
MNIST,medium,43,10,a1,weight_fisher,loss_aware,216,3.017509470737423e-06
MNIST,medium,43,10,a1,weight_fisher,loss_aware,217,5.639629421239079e-07
MNIST,medium,43,10,a1,weight_fisher,loss_aware,218,0.0
MNIST,medium,43,10,a1,weight_fisher,loss_aware,219,0.0
MNIST,medium,43,10,a1,weight_fisher,loss_aware,220,8.336289170074451e-07
MNIST,medium,43,10,a1,weight_fisher,loss_aware,221,1.750347422557752e-07
MNIST,medium,43,10,a1,weight_fisher,loss_aware,222,3.3025725088009494e-07
MNIST,medium,43,10,a1,weight_fisher,loss_aware,223,1.52018594690162e-06
MNIST,medium,43,10,a1,weight_fisher,loss_aware,224,5.478646016854327e-07
MNIST,medium,43,10,a1,weight_fisher,loss_aware,225,6.049780836292484e-07
MNIST,medium,43,10,a1,weight_fisher,loss_aware,226,4.2444817154319026e-06
MNIST,medium,43,10,a1,weight_fisher,loss_aware,227,1.870817243343481e-07
MNIST,medium,43,10,a1,weight_fisher,loss_aware,228,2.5157812615361763e-06
MNIST,medium,43,10,a1,weight_fisher,loss_aware,229,1.5477417036890984e-06
MNIST,medium,43,10,a1,weight_fisher,loss_aware,230,7.683976264161174e-07
MNIST,medium,43,10,a1,weight_fisher,loss_aware,231,9.904011903927312e-07
MNIST,medium,43,10,a1,weight_fisher,loss_aware,232,6.054885034245672e-06
MNIST,medium,43,10,a1,weight_fisher,loss_aware,233,2.349111127841752e-06
MNIST,medium,43,10,a1,weight_fisher,loss_aware,234,3.2528458859815146e-07
MNIST,medium,43,10,a1,weight_fisher,loss_aware,235,1.2263210464880103e-06
MNIST,medium,43,10,a1,weight_fisher,loss_aware,236,1.391274622619676e-06
MNIST,medium,43,10,a1,weight_fisher,loss_aware,237,4.684824489231687e-06
MNIST,medium,43,10,a1,weight_fisher,loss_aware,238,4.685911960677913e-07
MNIST,medium,43,10,a1,weight_fisher,loss_aware,239,7.443892169334276e-09
MNIST,medium,43,10,a1,weight_fisher,loss_aware,240,7.979316353401233e-20
MNIST,medium,43,10,a1,weight_fisher,loss_aware,241,1.685878487478476e-06
MNIST,medium,43,10,a1,weight_fisher,loss_aware,242,8.652343126414053e-07
MNIST,medium,43,10,a1,weight_fisher,loss_aware,243,1.8953790575789723e-22
MNIST,medium,43,10,a1,weight_fisher,loss_aware,244,1.1507931958476547e-06
MNIST,medium,43,10,a1,weight_fisher,loss_aware,245,0.0
MNIST,medium,43,10,a1,weight_fisher,loss_aware,246,3.158433173666708e-06
MNIST,medium,43,10,a1,weight_fisher,loss_aware,247,3.6646349599323003e-06
MNIST,medium,43,10,a1,weight_fisher,loss_aware,248,2.7426456199464155e-06
MNIST,medium,43,10,a1,weight_fisher,loss_aware,249,2.8834963927693025e-07
MNIST,medium,43,10,a1,weight_fisher,loss_aware,250,9.759619388205465e-07
MNIST,medium,43,10,a1,weight_fisher,loss_aware,251,9.372839485877194e-06
MNIST,medium,43,10,a1,weight_fisher,loss_aware,252,6.974506732149166e-07
MNIST,medium,43,10,a1,weight_fisher,loss_aware,253,3.123132273685769e-06
MNIST,medium,43,10,a1,weight_fisher,loss_aware,254,4.199911472824169e-06
MNIST,medium,43,10,a1,weight_fisher,loss_aware,255,4.628774661341595e-07
MNIST,medium,43,10,a1,weight_fisher,loss_aware,256,3.1090307857084554e-06
MNIST,medium,43,10,a1,weight_fisher,loss_aware,257,1.5185264601313975e-06
MNIST,medium,43,10,a1,weight_fisher,loss_aware,258,0.0
MNIST,medium,43,10,a1,weight_fisher,loss_aware,259,2.1100984213262564e-06
MNIST,medium,43,10,a1,weight_fisher,loss_aware,260,7.5546495281741954e-06
MNIST,medium,43,10,a1,weight_fisher,loss_aware,261,9.453451070839947e-07
MNIST,medium,43,10,a1,weight_fisher,loss_aware,262,1.1516734730321332e-06
MNIST,medium,43,10,a1,weight_fisher,loss_aware,263,7.815181561454665e-06
MNIST,medium,43,10,a1,weight_fisher,loss_aware,264,1.4055506198928924e-06
MNIST,medium,43,10,a1,weight_fisher,loss_aware,265,2.1481187104654964e-06
MNIST,medium,43,10,a1,weight_fisher,loss_aware,266,5.40418056971248e-08
MNIST,medium,43,10,a1,weight_fisher,loss_aware,267,2.1522552030573662e-23
MNIST,medium,43,10,a1,weight_fisher,loss_aware,268,1.1278067177045159e-05
MNIST,medium,43,10,a1,weight_fisher,loss_aware,269,1.7824063405780244e-11
MNIST,medium,43,10,a1,weight_fisher,loss_aware,270,3.025814976354013e-06
MNIST,medium,43,10,a1,weight_fisher,loss_aware,271,1.5831319615244865e-06
MNIST,medium,43,10,a1,weight_fisher,loss_aware,272,9.804524125911485e-08
MNIST,medium,43,10,a1,weight_fisher,loss_aware,273,6.681094646410202e-07
MNIST,medium,43,10,a1,weight_fisher,loss_aware,274,0.0
MNIST,medium,43,10,a1,weight_fisher,loss_aware,275,0.0
MNIST,medium,43,10,a1,weight_fisher,loss_aware,276,9.985751603380777e-07
MNIST,medium,43,10,a1,weight_fisher,loss_aware,277,7.924386297791065e-17
MNIST,medium,43,10,a1,weight_fisher,loss_aware,278,2.383835862929118e-06
MNIST,medium,43,10,a1,weight_fisher,loss_aware,279,7.596415798616363e-07
MNIST,medium,43,10,a1,weight_fisher,loss_aware,280,4.274621460353956e-06
MNIST,medium,43,10,a1,weight_fisher,loss_aware,281,5.31117666469072e-06
MNIST,medium,43,10,a1,weight_fisher,loss_aware,282,1.1029003843532337e-07
MNIST,medium,43,10,a1,weight_fisher,loss_aware,283,2.8477788873715326e-06
MNIST,medium,43,10,a1,weight_fisher,loss_aware,284,2.4371302060899325e-06
MNIST,medium,43,10,a1,weight_fisher,loss_aware,285,1.9422597574703104e-07
MNIST,medium,43,10,a1,weight_fisher,loss_aware,286,1.2791699191438965e-05
MNIST,medium,43,10,a1,weight_fisher,loss_aware,287,2.359136942686746e-06
MNIST,medium,43,10,a1,weight_fisher,loss_aware,288,9.426977243265355e-08
MNIST,medium,43,10,a1,weight_fisher,loss_aware,289,2.0868806132057216e-06
MNIST,medium,43,10,a1,weight_fisher,loss_aware,290,6.253394531086087e-06
MNIST,medium,43,10,a1,weight_fisher,loss_aware,291,3.401106141609489e-06
MNIST,medium,43,10,a1,weight_fisher,loss_aware,292,2.6784725832840195e-06
MNIST,medium,43,10,a1,weight_fisher,loss_aware,293,9.504640843260859e-07
MNIST,medium,43,10,a1,weight_fisher,loss_aware,294,2.3863949536462314e-06
MNIST,medium,43,10,a1,weight_fisher,loss_aware,295,0.0
MNIST,medium,43,10,a1,weight_fisher,loss_aware,296,7.103375537553802e-06
MNIST,medium,43,10,a1,weight_fisher,loss_aware,297,0.0
MNIST,medium,43,10,a1,weight_fisher,loss_aware,298,9.540976861899253e-07
MNIST,medium,43,10,a1,weight_fisher,loss_aware,299,8.073292519839015e-06
MNIST,medium,43,10,a1,weight_fisher,loss_aware,300,7.527452225986053e-07
MNIST,medium,43,10,a1,weight_fisher,loss_aware,301,8.952785037763533e-07
MNIST,medium,43,10,a1,weight_fisher,loss_aware,302,1.9900976440112572e-06
MNIST,medium,43,10,a1,weight_fisher,loss_aware,303,5.34086848347215e-06
MNIST,medium,43,10,a1,weight_fisher,loss_aware,304,1.7111742636188865e-06
MNIST,medium,43,10,a1,weight_fisher,loss_aware,305,9.414245596417459e-07
MNIST,medium,43,10,a1,weight_fisher,loss_aware,306,3.8801263144705445e-06
MNIST,medium,43,10,a1,weight_fisher,loss_aware,307,2.4793098418740556e-06
MNIST,medium,43,10,a1,weight_fisher,loss_aware,308,8.474620472043171e-07
MNIST,medium,43,10,a1,weight_fisher,loss_aware,309,1.1487449000924244e-06
MNIST,medium,43,10,a1,weight_fisher,loss_aware,310,4.617718900590262e-07
MNIST,medium,43,10,a1,weight_fisher,loss_aware,311,2.2086803710408276e-06
MNIST,medium,43,10,a1,weight_fisher,loss_aware,312,6.54202494843048e-07
MNIST,medium,43,10,a1,weight_fisher,loss_aware,313,8.073446338130452e-07
MNIST,medium,43,10,a1,weight_fisher,loss_aware,314,1.862434828581172e-06
MNIST,medium,43,10,a1,weight_fisher,loss_aware,315,2.5142741222339282e-08
MNIST,medium,43,10,a1,weight_fisher,loss_aware,316,3.910784585059446e-08
MNIST,medium,43,10,a1,weight_fisher,loss_aware,317,5.29048247699393e-06
MNIST,medium,43,10,a1,weight_fisher,loss_aware,318,0.0
MNIST,medium,43,10,a1,weight_fisher,loss_aware,319,6.783642675145529e-06
MNIST,medium,43,10,a1,weight_fisher,loss_aware,320,1.247903696821595e-06
MNIST,medium,43,10,a1,weight_fisher,loss_aware,321,1.1745231631721254e-06
MNIST,medium,43,10,a1,weight_fisher,loss_aware,322,3.2045372790889814e-06
MNIST,medium,43,10,a1,weight_fisher,loss_aware,323,2.735345105975284e-07
MNIST,medium,43,10,a1,weight_fisher,loss_aware,324,5.236276592768263e-06
MNIST,medium,43,10,a1,weight_fisher,loss_aware,325,8.887528792911326e-07
MNIST,medium,43,10,a1,weight_fisher,loss_aware,326,3.3449783387595744e-08
MNIST,medium,43,10,a1,weight_fisher,loss_aware,327,3.2643206395732705e-06
MNIST,medium,43,10,a1,weight_fisher,loss_aware,328,7.730719175924605e-08
MNIST,medium,43,10,a1,weight_fisher,loss_aware,329,3.3664531429167255e-07
MNIST,medium,43,10,a1,weight_fisher,loss_aware,330,1.0988414942403324e-06
MNIST,medium,43,10,a1,weight_fisher,loss_aware,331,1.5723726320970854e-08
MNIST,medium,43,10,a1,weight_fisher,loss_aware,332,2.818833877427096e-08
MNIST,medium,43,10,a1,weight_fisher,loss_aware,333,4.197007115180895e-07
MNIST,medium,43,10,a1,weight_fisher,loss_aware,334,1.2878213965450414e-05
MNIST,medium,43,10,a1,weight_fisher,loss_aware,335,4.16539251091308e-06
MNIST,medium,43,10,a1,weight_fisher,loss_aware,336,7.871332854847424e-06
MNIST,medium,43,10,a1,weight_fisher,loss_aware,337,2.063888587144902e-06
MNIST,medium,43,10,a1,weight_fisher,loss_aware,338,2.139350101515447e-07
MNIST,medium,43,10,a1,weight_fisher,loss_aware,339,1.1279767022642773e-06
MNIST,medium,43,10,a1,weight_fisher,loss_aware,340,0.0
MNIST,medium,43,10,a1,weight_fisher,loss_aware,341,1.446387472014976e-07
MNIST,medium,43,10,a1,weight_fisher,loss_aware,342,1.5763801002321998e-06
MNIST,medium,43,10,a1,weight_fisher,loss_aware,343,7.886066669016145e-06
MNIST,medium,43,10,a1,weight_fisher,loss_aware,344,2.329306454385005e-07
MNIST,medium,43,10,a1,weight_fisher,loss_aware,345,2.3399155946179917e-09
MNIST,medium,43,10,a1,weight_fisher,loss_aware,346,3.774368451558985e-05
MNIST,medium,43,10,a1,weight_fisher,loss_aware,347,6.315129326139868e-07
MNIST,medium,43,10,a1,weight_fisher,loss_aware,348,9.849284721141771e-10
MNIST,medium,43,10,a1,weight_fisher,loss_aware,349,2.7996879481406722e-08
MNIST,medium,43,10,a1,weight_fisher,loss_aware,350,3.898921931977384e-06
MNIST,medium,43,10,a1,weight_fisher,loss_aware,351,1.5865778024704014e-08
MNIST,medium,43,10,a1,weight_fisher,loss_aware,352,1.91092941470572e-09
MNIST,medium,43,10,a1,weight_fisher,loss_aware,353,3.857782360228157e-07
MNIST,medium,43,10,a1,weight_fisher,loss_aware,354,4.465765869099414e-06
MNIST,medium,43,10,a1,weight_fisher,loss_aware,355,1.0278964879262276e-07
MNIST,medium,43,10,a1,weight_fisher,loss_aware,356,1.9050957007493707e-06
MNIST,medium,43,10,a1,weight_fisher,loss_aware,357,3.4053466606565053e-06
MNIST,medium,43,10,a1,weight_fisher,loss_aware,358,4.843433316636947e-07
MNIST,medium,43,10,a1,weight_fisher,loss_aware,359,1.0617125099088298e-06
MNIST,medium,43,10,a1,weight_fisher,loss_aware,360,2.7052872155763907e-06
MNIST,medium,43,10,a1,weight_fisher,loss_aware,361,1.5585445680699195e-06
MNIST,medium,43,10,a1,weight_fisher,loss_aware,362,7.711904800089542e-06
MNIST,medium,43,10,a1,weight_fisher,loss_aware,363,3.2503425018148846e-07
MNIST,medium,43,10,a1,weight_fisher,loss_aware,364,8.396532393817324e-06
MNIST,medium,43,10,a1,weight_fisher,loss_aware,365,2.5749600354174618e-06
MNIST,medium,43,10,a1,weight_fisher,loss_aware,366,1.820265424612444e-06
MNIST,medium,43,10,a1,weight_fisher,loss_aware,367,5.080653863842599e-06
MNIST,medium,43,10,a1,weight_fisher,loss_aware,368,5.655683921190757e-09
MNIST,medium,43,10,a1,weight_fisher,loss_aware,369,6.536529326695018e-07
MNIST,medium,43,10,a1,weight_fisher,loss_aware,370,0.0
MNIST,medium,43,10,a1,weight_fisher,loss_aware,371,4.1209614209947176e-07
MNIST,medium,43,10,a1,weight_fisher,loss_aware,372,1.6622910834485083e-06
MNIST,medium,43,10,a1,weight_fisher,loss_aware,373,1.6866880514498916e-06
MNIST,medium,43,10,a1,weight_fisher,loss_aware,374,3.163711141951353e-07
MNIST,medium,43,10,a1,weight_fisher,loss_aware,375,1.518794988442096e-06
MNIST,medium,43,10,a1,weight_fisher,loss_aware,376,3.650706048574648e-07
MNIST,medium,43,10,a1,weight_fisher,loss_aware,377,8.141760599045256e-10
MNIST,medium,43,10,a1,weight_fisher,loss_aware,378,1.4163608739181655e-06
MNIST,medium,43,10,a1,weight_fisher,loss_aware,379,2.6002421691373456e-06
MNIST,medium,43,10,a1,weight_fisher,loss_aware,380,2.454583864164306e-06
MNIST,medium,43,10,a1,weight_fisher,loss_aware,381,6.424004368454916e-07
MNIST,medium,43,10,a1,weight_fisher,loss_aware,382,5.838611286890227e-06
MNIST,medium,43,10,a1,weight_fisher,loss_aware,383,1.8242656096845167e-07
MNIST,medium,43,10,a1,weight_fisher,loss_aware,384,1.11380552425544e-06
MNIST,medium,43,10,a1,weight_fisher,loss_aware,385,1.7070440208044602e-06
MNIST,medium,43,10,a1,weight_fisher,loss_aware,386,2.3456066173821455e-06
MNIST,medium,43,10,a1,weight_fisher,loss_aware,387,4.601709406415466e-06
MNIST,medium,43,10,a1,weight_fisher,loss_aware,388,4.634919150703354e-06
MNIST,medium,43,10,a1,weight_fisher,loss_aware,389,2.0952352315362077e-06
MNIST,medium,43,10,a1,weight_fisher,loss_aware,390,1.8386795090918895e-06
MNIST,medium,43,10,a1,weight_fisher,loss_aware,391,4.0051763789961115e-06
MNIST,medium,43,10,a1,weight_fisher,loss_aware,392,1.0669081120795454e-06
MNIST,medium,43,10,a1,weight_fisher,loss_aware,393,3.5082321119261906e-06
MNIST,medium,43,10,a1,weight_fisher,loss_aware,394,3.341310161886213e-07
MNIST,medium,43,10,a1,weight_fisher,loss_aware,395,2.258567235458031e-07
MNIST,medium,43,10,a1,weight_fisher,loss_aware,396,1.420755211256619e-06
MNIST,medium,43,10,a1,weight_fisher,loss_aware,397,1.765966999300872e-06
MNIST,medium,43,10,a1,weight_fisher,loss_aware,398,9.741490430315025e-06
MNIST,medium,43,10,a1,weight_fisher,loss_aware,399,1.347150568875577e-08
MNIST,medium,43,10,a1,weight_fisher,loss_aware,400,1.820244506234303e-07
MNIST,medium,43,10,a1,weight_fisher,loss_aware,401,3.2480838854098693e-06
MNIST,medium,43,10,a1,weight_fisher,loss_aware,402,1.1473595122879487e-06
MNIST,medium,43,10,a1,weight_fisher,loss_aware,403,1.1583315426832996e-05
MNIST,medium,43,10,a1,weight_fisher,loss_aware,404,7.061637006700039e-06
MNIST,medium,43,10,a1,weight_fisher,loss_aware,405,1.1793857765951543e-06
MNIST,medium,43,10,a1,weight_fisher,loss_aware,406,3.3998132948909188e-06
MNIST,medium,43,10,a1,weight_fisher,loss_aware,407,6.21529195297954e-14
MNIST,medium,43,10,a1,weight_fisher,loss_aware,408,7.373578227998223e-07
MNIST,medium,43,10,a1,weight_fisher,loss_aware,409,3.530949015839724e-06
MNIST,medium,43,10,a1,weight_fisher,loss_aware,410,0.0
MNIST,medium,43,10,a1,weight_fisher,loss_aware,411,8.99870485682186e-07
MNIST,medium,43,10,a1,weight_fisher,loss_aware,412,4.5515935198636726e-06
MNIST,medium,43,10,a1,weight_fisher,loss_aware,413,3.5099869819532614e-06
MNIST,medium,43,10,a1,weight_fisher,loss_aware,414,6.20219452684978e-07
MNIST,medium,43,10,a1,weight_fisher,loss_aware,415,5.91439050512399e-11
MNIST,medium,43,10,a1,weight_fisher,loss_aware,416,3.1225008569890633e-06
MNIST,medium,43,10,a1,weight_fisher,loss_aware,417,2.5928994773494196e-07
MNIST,medium,43,10,a1,weight_fisher,loss_aware,418,1.7338431916869013e-06
MNIST,medium,43,10,a1,weight_fisher,loss_aware,419,2.5648323571658693e-06
MNIST,medium,43,10,a1,weight_fisher,loss_aware,420,2.9578941393992864e-06
MNIST,medium,43,10,a1,weight_fisher,loss_aware,421,7.231707058963366e-06
MNIST,medium,43,10,a1,weight_fisher,loss_aware,422,1.1975132565567037e-06
MNIST,medium,43,10,a1,weight_fisher,loss_aware,423,1.4774436749576125e-06
MNIST,medium,43,10,a1,weight_fisher,loss_aware,424,2.1759889723416137e-10
MNIST,medium,43,10,a1,weight_fisher,loss_aware,425,1.8198362568000448e-06
MNIST,medium,43,10,a1,weight_fisher,loss_aware,426,3.801544607995311e-07
MNIST,medium,43,10,a1,weight_fisher,loss_aware,427,5.410911398939788e-07
MNIST,medium,43,10,a1,weight_fisher,loss_aware,428,8.081960004346911e-06
MNIST,medium,43,10,a1,weight_fisher,loss_aware,429,2.62160779129772e-06
MNIST,medium,43,10,a1,weight_fisher,loss_aware,430,0.0
MNIST,medium,43,10,a1,weight_fisher,loss_aware,431,5.262367039904348e-07
MNIST,medium,43,10,a1,weight_fisher,loss_aware,432,2.427663730486529e-06
MNIST,medium,43,10,a1,weight_fisher,loss_aware,433,1.6943088212428847e-06
MNIST,medium,43,10,a1,weight_fisher,loss_aware,434,4.244231988081992e-08
MNIST,medium,43,10,a1,weight_fisher,loss_aware,435,4.6499064865201944e-07
MNIST,medium,43,10,a1,weight_fisher,loss_aware,436,3.390998730845861e-16
MNIST,medium,43,10,a1,weight_fisher,loss_aware,437,4.102532784600044e-06
MNIST,medium,43,10,a1,weight_fisher,loss_aware,438,1.4606928289140342e-06
MNIST,medium,43,10,a1,weight_fisher,loss_aware,439,3.5033372114412487e-06
MNIST,medium,43,10,a1,weight_fisher,loss_aware,440,5.243987857284083e-07
MNIST,medium,43,10,a1,weight_fisher,loss_aware,441,2.823984459610074e-06
MNIST,medium,43,10,a1,weight_fisher,loss_aware,442,1.617618927696185e-08
MNIST,medium,43,10,a1,weight_fisher,loss_aware,443,6.799940024393436e-07
MNIST,medium,43,10,a1,weight_fisher,loss_aware,444,1.3837241397141042e-07
MNIST,medium,43,10,a1,weight_fisher,loss_aware,445,1.5663896419937373e-06
MNIST,medium,43,10,a1,weight_fisher,loss_aware,446,4.816757268599758e-07
MNIST,medium,43,10,a1,weight_fisher,loss_aware,447,1.1263668966421392e-06
MNIST,medium,43,10,a1,weight_fisher,loss_aware,448,3.0954397516325116e-06
MNIST,medium,43,10,a1,weight_fisher,loss_aware,449,1.255028337254771e-06
MNIST,medium,43,10,a1,weight_fisher,loss_aware,450,2.7905839488084894e-06
MNIST,medium,43,10,a1,weight_fisher,loss_aware,451,9.998591288251646e-09
MNIST,medium,43,10,a1,weight_fisher,loss_aware,452,1.5349035038525471e-06
MNIST,medium,43,10,a1,weight_fisher,loss_aware,453,7.546773715949177e-17
MNIST,medium,43,10,a1,weight_fisher,loss_aware,454,4.297688064980321e-06
MNIST,medium,43,10,a1,weight_fisher,loss_aware,455,1.920477643579943e-07
MNIST,medium,43,10,a1,weight_fisher,loss_aware,456,3.264317911089165e-06
MNIST,medium,43,10,a1,weight_fisher,loss_aware,457,2.0412060166563606e-06
MNIST,medium,43,10,a1,weight_fisher,loss_aware,458,1.487283839196607e-06
MNIST,medium,43,10,a1,weight_fisher,loss_aware,459,2.6940442694467492e-06
MNIST,medium,43,10,a1,weight_fisher,loss_aware,460,2.88117277626705e-16
MNIST,medium,43,10,a1,weight_fisher,loss_aware,461,2.175277131755138e-06
MNIST,medium,43,10,a1,weight_fisher,loss_aware,462,9.899367796606384e-06
MNIST,medium,43,10,a1,weight_fisher,loss_aware,463,3.374286507096258e-06
MNIST,medium,43,10,a1,weight_fisher,loss_aware,464,1.0847560361071373e-06
MNIST,medium,43,10,a1,weight_fisher,loss_aware,465,8.608889402239583e-06
MNIST,medium,43,10,a1,weight_fisher,loss_aware,466,2.4832700091792503e-06
MNIST,medium,43,10,a1,weight_fisher,loss_aware,467,1.6646864651193027e-06
MNIST,medium,43,10,a1,weight_fisher,loss_aware,468,0.0
MNIST,medium,43,10,a1,weight_fisher,loss_aware,469,7.754279067739844e-07
MNIST,medium,43,10,a1,weight_fisher,loss_aware,470,1.3736664641328389e-06
MNIST,medium,43,10,a1,weight_fisher,loss_aware,471,6.263624641178467e-07
MNIST,medium,43,10,a1,weight_fisher,loss_aware,472,3.7962734040775103e-06
MNIST,medium,43,10,a1,weight_fisher,loss_aware,473,3.8676785152347293e-07
MNIST,medium,43,10,a1,weight_fisher,loss_aware,474,1.577581087985891e-06
MNIST,medium,43,10,a1,weight_fisher,loss_aware,475,1.9020924355572788e-06
MNIST,medium,43,10,a1,weight_fisher,loss_aware,476,1.0632745215843897e-05
MNIST,medium,43,10,a1,weight_fisher,loss_aware,477,1.5155496839724947e-06
MNIST,medium,43,10,a1,weight_fisher,loss_aware,478,1.29982981889043e-06
MNIST,medium,43,10,a1,weight_fisher,loss_aware,479,3.2269207395074773e-07
MNIST,medium,43,10,a1,weight_fisher,loss_aware,480,0.0
MNIST,medium,43,10,a1,weight_fisher,loss_aware,481,1.37724259730021e-06
MNIST,medium,43,10,a1,weight_fisher,loss_aware,482,1.3907102811572258e-06
MNIST,medium,43,10,a1,weight_fisher,loss_aware,483,7.722323402958864e-07
MNIST,medium,43,10,a1,weight_fisher,loss_aware,484,2.498093181202421e-06
MNIST,medium,43,10,a1,weight_fisher,loss_aware,485,1.4435250328403981e-08
MNIST,medium,43,10,a1,weight_fisher,loss_aware,486,1.446285637030087e-06
MNIST,medium,43,10,a1,weight_fisher,loss_aware,487,2.091758375399877e-07
MNIST,medium,43,10,a1,weight_fisher,loss_aware,488,3.8110013065306703e-06
MNIST,medium,43,10,a1,weight_fisher,loss_aware,489,1.6160934137587901e-06
MNIST,medium,43,10,a1,weight_fisher,loss_aware,490,2.9668444767594337e-06
MNIST,medium,43,10,a1,weight_fisher,loss_aware,491,2.0489569863002544e-07
MNIST,medium,43,10,a1,weight_fisher,loss_aware,492,1.5580876606691163e-06
MNIST,medium,43,10,a1,weight_fisher,loss_aware,493,0.0
MNIST,medium,43,10,a1,weight_fisher,loss_aware,494,1.8935080561277573e-06
MNIST,medium,43,10,a1,weight_fisher,loss_aware,495,2.09363588510314e-06
MNIST,medium,43,10,a1,weight_fisher,loss_aware,496,1.5716306052127038e-06
MNIST,medium,43,10,a1,weight_fisher,loss_aware,497,8.724827011974412e-07
MNIST,medium,43,10,a1,weight_fisher,loss_aware,498,4.628801889339229e-06
MNIST,medium,43,10,a1,weight_fisher,loss_aware,499,3.5601769923232496e-06
MNIST,medium,43,10,a1,weight_fisher,loss_aware,500,2.2278085154425753e-08
MNIST,medium,43,10,a1,weight_fisher,loss_aware,501,1.0448391094541876e-06
MNIST,medium,43,10,a1,weight_fisher,loss_aware,502,7.870365834605764e-07
MNIST,medium,43,10,a1,weight_fisher,loss_aware,503,1.75980019889721e-07
MNIST,medium,43,10,a1,weight_fisher,loss_aware,504,2.2129479475552216e-06
MNIST,medium,43,10,a1,weight_fisher,loss_aware,505,1.4907732293067966e-07
MNIST,medium,43,10,a1,weight_fisher,loss_aware,506,4.096056272828719e-06
MNIST,medium,43,10,a1,weight_fisher,loss_aware,507,6.1721948441118e-06
MNIST,medium,43,10,a1,weight_fisher,loss_aware,508,1.1180125511600636e-05
MNIST,medium,43,10,a1,weight_fisher,loss_aware,509,5.584225277743826e-07
MNIST,medium,43,10,a1,weight_fisher,loss_aware,510,8.221223652071785e-06
MNIST,medium,43,10,a1,weight_fisher,loss_aware,511,4.5514661484169494e-10
MNIST,medium,43,10,a2,weight_fisher,loss_aware,0,1.4973168163123773e-06
MNIST,medium,43,10,a2,weight_fisher,loss_aware,1,1.0864843034141813e-06
MNIST,medium,43,10,a2,weight_fisher,loss_aware,2,1.0610695966306594e-07
MNIST,medium,43,10,a2,weight_fisher,loss_aware,3,1.7690294953354169e-06
MNIST,medium,43,10,a2,weight_fisher,loss_aware,4,6.465138540079352e-07
MNIST,medium,43,10,a2,weight_fisher,loss_aware,5,1.8903544969361974e-06
MNIST,medium,43,10,a2,weight_fisher,loss_aware,6,1.6359006167476764e-06
MNIST,medium,43,10,a2,weight_fisher,loss_aware,7,1.957671884156298e-06
MNIST,medium,43,10,a2,weight_fisher,loss_aware,8,0.0
MNIST,medium,43,10,a2,weight_fisher,loss_aware,9,1.541970618745836e-06
MNIST,medium,43,10,a2,weight_fisher,loss_aware,10,7.1413683144783136e-06
MNIST,medium,43,10,a2,weight_fisher,loss_aware,11,1.0490441582078347e-06
MNIST,medium,43,10,a2,weight_fisher,loss_aware,12,1.0229819054075051e-06
MNIST,medium,43,10,a2,weight_fisher,loss_aware,13,3.3953031675082457e-07
MNIST,medium,43,10,a2,weight_fisher,loss_aware,14,2.7838755158882122e-06
MNIST,medium,43,10,a2,weight_fisher,loss_aware,15,1.0218647048532148e-06
MNIST,medium,43,10,a2,weight_fisher,loss_aware,16,9.13859594220412e-07
MNIST,medium,43,10,a2,weight_fisher,loss_aware,17,7.43020962090668e-07
MNIST,medium,43,10,a2,weight_fisher,loss_aware,18,1.2695029738551966e-07
MNIST,medium,43,10,a2,weight_fisher,loss_aware,19,1.9106801119050942e-06
MNIST,medium,43,10,a2,weight_fisher,loss_aware,20,5.529121835934347e-07
MNIST,medium,43,10,a2,weight_fisher,loss_aware,21,6.12043663750228e-07
MNIST,medium,43,10,a2,weight_fisher,loss_aware,22,3.0075165113885305e-07
MNIST,medium,43,10,a2,weight_fisher,loss_aware,23,1.1451090813352494e-06
MNIST,medium,43,10,a2,weight_fisher,loss_aware,24,3.865186783968966e-07
MNIST,medium,43,10,a2,weight_fisher,loss_aware,25,1.1751869806175819e-06
MNIST,medium,43,10,a2,weight_fisher,loss_aware,26,1.4179913705447689e-06
MNIST,medium,43,10,a2,weight_fisher,loss_aware,27,1.286084511775698e-06
MNIST,medium,43,10,a2,weight_fisher,loss_aware,28,1.6820573591758148e-06
MNIST,medium,43,10,a2,weight_fisher,loss_aware,29,1.990278178709559e-06
MNIST,medium,43,10,a2,weight_fisher,loss_aware,30,1.8423149867885513e-06
MNIST,medium,43,10,a2,weight_fisher,loss_aware,31,8.099145816231612e-07
MNIST,medium,43,10,a2,weight_fisher,loss_aware,32,5.89335627410037e-07
MNIST,medium,43,10,a2,weight_fisher,loss_aware,33,1.511892946837179e-06
MNIST,medium,43,10,a2,weight_fisher,loss_aware,34,5.816635280098126e-07
MNIST,medium,43,10,a2,weight_fisher,loss_aware,35,1.71988028796477e-06
MNIST,medium,43,10,a2,weight_fisher,loss_aware,36,9.464841923545464e-07
MNIST,medium,43,10,a2,weight_fisher,loss_aware,37,2.08597703021951e-06
MNIST,medium,43,10,a2,weight_fisher,loss_aware,38,1.4243090618037968e-06
MNIST,medium,43,10,a2,weight_fisher,loss_aware,39,1.9699048152688192e-06
MNIST,medium,43,10,a2,weight_fisher,loss_aware,40,0.0
MNIST,medium,43,10,a2,weight_fisher,loss_aware,41,1.6350418263755273e-06
MNIST,medium,43,10,a2,weight_fisher,loss_aware,42,2.9391460998340335e-07
MNIST,medium,43,10,a2,weight_fisher,loss_aware,43,1.265651576431992e-06
MNIST,medium,43,10,a2,weight_fisher,loss_aware,44,7.71240934227535e-07
MNIST,medium,43,10,a2,weight_fisher,loss_aware,45,1.1818123084594845e-06
MNIST,medium,43,10,a2,weight_fisher,loss_aware,46,1.0978144473483553e-06
MNIST,medium,43,10,a2,weight_fisher,loss_aware,47,1.328962525803945e-06
MNIST,medium,43,10,a2,weight_fisher,loss_aware,48,4.985976715943252e-07
MNIST,medium,43,10,a2,weight_fisher,loss_aware,49,1.8153157554934296e-07
MNIST,medium,43,10,a2,weight_fisher,loss_aware,50,1.0919185342572746e-06
MNIST,medium,43,10,a2,weight_fisher,loss_aware,51,1.1741802197207107e-08
MNIST,medium,43,10,a2,weight_fisher,loss_aware,52,2.709900172703783e-06
MNIST,medium,43,10,a2,weight_fisher,loss_aware,53,7.944141771076829e-07
MNIST,medium,43,10,a2,weight_fisher,loss_aware,54,1.281025106436573e-06
MNIST,medium,43,10,a2,weight_fisher,loss_aware,55,7.609419299114961e-07
MNIST,medium,43,10,a2,weight_fisher,loss_aware,56,9.526380608804175e-07
MNIST,medium,43,10,a2,weight_fisher,loss_aware,57,7.298930313481833e-07
MNIST,medium,43,10,a2,weight_fisher,loss_aware,58,1.719246938591823e-06
MNIST,medium,43,10,a2,weight_fisher,loss_aware,59,1.0349693866373855e-06
MNIST,medium,43,10,a2,weight_fisher,loss_aware,60,1.012392658594763e-06
MNIST,medium,43,10,a2,weight_fisher,loss_aware,61,2.1149958229216281e-07
MNIST,medium,43,10,a2,weight_fisher,loss_aware,62,5.285135102894856e-07
MNIST,medium,43,10,a2,weight_fisher,loss_aware,63,4.322858330851886e-06
MNIST,medium,43,10,a2,weight_fisher,loss_aware,64,4.131857735979448e-18
MNIST,medium,43,10,a2,weight_fisher,loss_aware,65,7.795723604431259e-07
MNIST,medium,43,10,a2,weight_fisher,loss_aware,66,9.296375083067687e-07
MNIST,medium,43,10,a2,weight_fisher,loss_aware,67,3.733125595317688e-07
MNIST,medium,43,10,a2,weight_fisher,loss_aware,68,1.2175194115116028e-06
MNIST,medium,43,10,a2,weight_fisher,loss_aware,69,1.6619912912574364e-06
MNIST,medium,43,10,a2,weight_fisher,loss_aware,70,8.488087814839673e-07
MNIST,medium,43,10,a2,weight_fisher,loss_aware,71,8.175426273737685e-07
MNIST,medium,43,10,a2,weight_fisher,loss_aware,72,1.089029069589742e-06
MNIST,medium,43,10,a2,weight_fisher,loss_aware,73,1.5917180462565739e-06
MNIST,medium,43,10,a2,weight_fisher,loss_aware,74,1.1527097285579657e-06
MNIST,medium,43,10,a2,weight_fisher,loss_aware,75,3.239853867853526e-06
MNIST,medium,43,10,a2,weight_fisher,loss_aware,76,1.8789822320286476e-07
MNIST,medium,43,10,a2,weight_fisher,loss_aware,77,8.839201655064244e-07
MNIST,medium,43,10,a2,weight_fisher,loss_aware,78,7.922239433355571e-07
MNIST,medium,43,10,a2,weight_fisher,loss_aware,79,6.946708595023665e-07
MNIST,medium,43,10,a2,weight_fisher,loss_aware,80,1.0325958328394336e-06
MNIST,medium,43,10,a2,weight_fisher,loss_aware,81,3.121681402262766e-07
MNIST,medium,43,10,a2,weight_fisher,loss_aware,82,2.9417446967272554e-06
MNIST,medium,43,10,a2,weight_fisher,loss_aware,83,1.751187255649711e-06
MNIST,medium,43,10,a2,weight_fisher,loss_aware,84,3.2600839858787367e-06
MNIST,medium,43,10,a2,weight_fisher,loss_aware,85,2.01841862690344e-06
MNIST,medium,43,10,a2,weight_fisher,loss_aware,86,8.606502888142131e-07
MNIST,medium,43,10,a2,weight_fisher,loss_aware,87,5.997213747832575e-07
MNIST,medium,43,10,a2,weight_fisher,loss_aware,88,9.857001259661047e-07
MNIST,medium,43,10,a2,weight_fisher,loss_aware,89,5.817432793264743e-07
MNIST,medium,43,10,a2,weight_fisher,loss_aware,90,4.746466402139049e-07
MNIST,medium,43,10,a2,weight_fisher,loss_aware,91,6.505836154246936e-07
MNIST,medium,43,10,a2,weight_fisher,loss_aware,92,9.116253636420879e-07
MNIST,medium,43,10,a2,weight_fisher,loss_aware,93,1.2692444215645082e-06
MNIST,medium,43,10,a2,weight_fisher,loss_aware,94,1.6319002043019282e-06
MNIST,medium,43,10,a2,weight_fisher,loss_aware,95,9.635394917495432e-07
MNIST,medium,43,10,a2,weight_fisher,loss_aware,96,1.25822884911031e-06
MNIST,medium,43,10,a2,weight_fisher,loss_aware,97,0.0
MNIST,medium,43,10,a2,weight_fisher,loss_aware,98,1.22978099170723e-06
MNIST,medium,43,10,a2,weight_fisher,loss_aware,99,6.3994303900472e-07
MNIST,medium,43,10,a2,weight_fisher,loss_aware,100,2.5036126771738054e-07
MNIST,medium,43,10,a2,weight_fisher,loss_aware,101,1.691885358923173e-06
MNIST,medium,43,10,a2,weight_fisher,loss_aware,102,1.7281910231758957e-06
MNIST,medium,43,10,a2,weight_fisher,loss_aware,103,8.496353416376223e-07
MNIST,medium,43,10,a2,weight_fisher,loss_aware,104,1.2002581115666544e-06
MNIST,medium,43,10,a2,weight_fisher,loss_aware,105,1.3095002486807061e-06
MNIST,medium,43,10,a2,weight_fisher,loss_aware,106,2.8520199180093186e-07
MNIST,medium,43,10,a2,weight_fisher,loss_aware,107,1.2965349469595822e-06
MNIST,medium,43,10,a2,weight_fisher,loss_aware,108,7.965529391640302e-08
MNIST,medium,43,10,a2,weight_fisher,loss_aware,109,1.9914455151592847e-06
MNIST,medium,43,10,a2,weight_fisher,loss_aware,110,1.541030150709055e-11
MNIST,medium,43,10,a2,weight_fisher,loss_aware,111,1.081820755644003e-06
MNIST,medium,43,10,a2,weight_fisher,loss_aware,112,8.938861810747767e-07
MNIST,medium,43,10,a2,weight_fisher,loss_aware,113,1.2689024515566416e-06
MNIST,medium,43,10,a2,weight_fisher,loss_aware,114,1.2630417245418357e-07
MNIST,medium,43,10,a2,weight_fisher,loss_aware,115,5.364111075323308e-07
MNIST,medium,43,10,a2,weight_fisher,loss_aware,116,1.9558106032491196e-06
MNIST,medium,43,10,a2,weight_fisher,loss_aware,117,1.347743591395556e-06
MNIST,medium,43,10,a2,weight_fisher,loss_aware,118,1.3392675555223832e-06
MNIST,medium,43,10,a2,weight_fisher,loss_aware,119,4.2801158883776225e-07
MNIST,medium,43,10,a2,weight_fisher,loss_aware,120,8.914345812627289e-07
MNIST,medium,43,10,a2,weight_fisher,loss_aware,121,0.0
MNIST,medium,43,10,a2,weight_fisher,loss_aware,122,7.152021908041206e-07
MNIST,medium,43,10,a2,weight_fisher,loss_aware,123,6.98037354140979e-07
MNIST,medium,43,10,a2,weight_fisher,loss_aware,124,1.0873026212721015e-06
MNIST,medium,43,10,a2,weight_fisher,loss_aware,125,8.219568030654045e-07
MNIST,medium,43,10,a2,weight_fisher,loss_aware,126,6.74672207878757e-07
MNIST,medium,43,10,a2,weight_fisher,loss_aware,127,4.124964561924571e-06
MNIST,medium,43,10,a2,weight_fisher,loss_aware,128,5.262792228677426e-07
MNIST,medium,43,10,a2,weight_fisher,loss_aware,129,1.598044605088944e-06
MNIST,medium,43,10,a2,weight_fisher,loss_aware,130,5.1680238755125174e-08
MNIST,medium,43,10,a2,weight_fisher,loss_aware,131,7.164636883771891e-08
MNIST,medium,43,10,a2,weight_fisher,loss_aware,132,8.060103482421255e-07
MNIST,medium,43,10,a2,weight_fisher,loss_aware,133,1.9396043171582278e-07
MNIST,medium,43,10,a2,weight_fisher,loss_aware,134,1.0956639471260132e-06
MNIST,medium,43,10,a2,weight_fisher,loss_aware,135,8.088231879810337e-07
MNIST,medium,43,10,a2,weight_fisher,loss_aware,136,5.644679959004861e-07
MNIST,medium,43,10,a2,weight_fisher,loss_aware,137,5.380189236348087e-07
MNIST,medium,43,10,a2,weight_fisher,loss_aware,138,8.249668326243409e-07
MNIST,medium,43,10,a2,weight_fisher,loss_aware,139,1.6761424193045826e-10
MNIST,medium,43,10,a2,weight_fisher,loss_aware,140,3.0332012102007866e-07
MNIST,medium,43,10,a2,weight_fisher,loss_aware,141,8.012821126612835e-07
MNIST,medium,43,10,a2,weight_fisher,loss_aware,142,8.833962965582032e-07
MNIST,medium,43,10,a2,weight_fisher,loss_aware,143,1.7772665614756988e-06
MNIST,medium,43,10,a2,weight_fisher,loss_aware,144,2.345926986890845e-06
MNIST,medium,43,10,a2,weight_fisher,loss_aware,145,8.963862114796939e-07
MNIST,medium,43,10,a2,weight_fisher,loss_aware,146,1.5902239738352364e-06
MNIST,medium,43,10,a2,weight_fisher,loss_aware,147,1.2225303862578585e-06
MNIST,medium,43,10,a2,weight_fisher,loss_aware,148,7.629000720044132e-07
MNIST,medium,43,10,a2,weight_fisher,loss_aware,149,5.623872425530863e-07
MNIST,medium,43,10,a2,weight_fisher,loss_aware,150,1.1094782621512422e-06
MNIST,medium,43,10,a2,weight_fisher,loss_aware,151,1.3574240256275516e-06
MNIST,medium,43,10,a2,weight_fisher,loss_aware,152,9.234319691131532e-07
MNIST,medium,43,10,a2,weight_fisher,loss_aware,153,6.731740995746804e-07
MNIST,medium,43,10,a2,weight_fisher,loss_aware,154,2.8903396014356986e-06
MNIST,medium,43,10,a2,weight_fisher,loss_aware,155,2.0188920757391315e-07
MNIST,medium,43,10,a2,weight_fisher,loss_aware,156,5.119931074659689e-07
MNIST,medium,43,10,a2,weight_fisher,loss_aware,157,1.7413226487406064e-06
MNIST,medium,43,10,a2,weight_fisher,loss_aware,158,1.3053383440819744e-07
MNIST,medium,43,10,a2,weight_fisher,loss_aware,159,1.6902297375054331e-06
MNIST,medium,43,10,a2,weight_fisher,loss_aware,160,7.254222396113619e-07
MNIST,medium,43,10,a2,weight_fisher,loss_aware,161,8.510679663231713e-07
MNIST,medium,43,10,a2,weight_fisher,loss_aware,162,9.136772405327065e-07
MNIST,medium,43,10,a2,weight_fisher,loss_aware,163,1.661091800997383e-06
MNIST,medium,43,10,a2,weight_fisher,loss_aware,164,1.3666256108990638e-06
MNIST,medium,43,10,a2,weight_fisher,loss_aware,165,4.270850695320405e-06
MNIST,medium,43,10,a2,weight_fisher,loss_aware,166,1.2228995274199406e-06
MNIST,medium,43,10,a2,weight_fisher,loss_aware,167,3.1930241561894945e-07
MNIST,medium,43,10,a2,weight_fisher,loss_aware,168,5.508279627974844e-07
MNIST,medium,43,10,a2,weight_fisher,loss_aware,169,2.352289584450773e-06
MNIST,medium,43,10,a2,weight_fisher,loss_aware,170,1.899867470456229e-06
MNIST,medium,43,10,a2,weight_fisher,loss_aware,171,2.2388055640476523e-06
MNIST,medium,43,10,a2,weight_fisher,loss_aware,172,5.653349717249512e-07
MNIST,medium,43,10,a2,weight_fisher,loss_aware,173,0.0
MNIST,medium,43,10,a2,weight_fisher,loss_aware,174,1.9464514480205253e-06
MNIST,medium,43,10,a2,weight_fisher,loss_aware,175,2.49771051130665e-06
MNIST,medium,43,10,a2,weight_fisher,loss_aware,176,1.3050289737748244e-07
MNIST,medium,43,10,a2,weight_fisher,loss_aware,177,2.5377835299877916e-06
MNIST,medium,43,10,a2,weight_fisher,loss_aware,178,4.913333100375894e-07
MNIST,medium,43,10,a2,weight_fisher,loss_aware,179,8.663404855724366e-07
MNIST,medium,43,10,a2,weight_fisher,loss_aware,180,7.059499580464035e-07
MNIST,medium,43,10,a2,weight_fisher,loss_aware,181,3.1303416108130477e-06
MNIST,medium,43,10,a2,weight_fisher,loss_aware,182,9.352697247777542e-07
MNIST,medium,43,10,a2,weight_fisher,loss_aware,183,5.760592785009067e-07
MNIST,medium,43,10,a2,weight_fisher,loss_aware,184,8.188143283405225e-07
MNIST,medium,43,10,a2,weight_fisher,loss_aware,185,0.0
MNIST,medium,43,10,a2,weight_fisher,loss_aware,186,4.251793654930225e-07
MNIST,medium,43,10,a2,weight_fisher,loss_aware,187,1.5165312561293831e-06
MNIST,medium,43,10,a2,weight_fisher,loss_aware,188,3.634376071204315e-07
MNIST,medium,43,10,a2,weight_fisher,loss_aware,189,3.518392475143628e-07
MNIST,medium,43,10,a2,weight_fisher,loss_aware,190,1.9309911749587627e-06
MNIST,medium,43,10,a2,weight_fisher,loss_aware,191,4.5294666506379144e-07
MNIST,medium,43,10,a2,weight_fisher,loss_aware,192,0.0
MNIST,medium,43,10,a2,weight_fisher,loss_aware,193,5.607789717032574e-06
MNIST,medium,43,10,a2,weight_fisher,loss_aware,194,1.605875354471209e-06
MNIST,medium,43,10,a2,weight_fisher,loss_aware,195,6.874768700981804e-07
MNIST,medium,43,10,a2,weight_fisher,loss_aware,196,4.381538758480019e-07
MNIST,medium,43,10,a2,weight_fisher,loss_aware,197,6.988960308262904e-07
MNIST,medium,43,10,a2,weight_fisher,loss_aware,198,9.380954901772043e-10
MNIST,medium,43,10,a2,weight_fisher,loss_aware,199,2.627074309202726e-07
MNIST,medium,43,10,a2,weight_fisher,loss_aware,200,3.0695622399434797e-07
MNIST,medium,43,10,a2,weight_fisher,loss_aware,201,5.11374796674513e-12
MNIST,medium,43,10,a2,weight_fisher,loss_aware,202,6.112266532909416e-07
MNIST,medium,43,10,a2,weight_fisher,loss_aware,203,3.267223291913979e-08
MNIST,medium,43,10,a2,weight_fisher,loss_aware,204,2.394144473782944e-07
MNIST,medium,43,10,a2,weight_fisher,loss_aware,205,1.1595702744671144e-06
MNIST,medium,43,10,a2,weight_fisher,loss_aware,206,2.0800187883196486e-07
MNIST,medium,43,10,a2,weight_fisher,loss_aware,207,4.0070763818612215e-14
MNIST,medium,43,10,a2,weight_fisher,loss_aware,208,5.96381823925185e-08
MNIST,medium,43,10,a2,weight_fisher,loss_aware,209,1.5535924831056036e-06
MNIST,medium,43,10,a2,weight_fisher,loss_aware,210,2.5351903332193615e-07
MNIST,medium,43,10,a2,weight_fisher,loss_aware,211,6.345333076751558e-07
MNIST,medium,43,10,a2,weight_fisher,loss_aware,212,5.386128805184853e-07
MNIST,medium,43,10,a2,weight_fisher,loss_aware,213,2.4134096747729927e-06
MNIST,medium,43,10,a2,weight_fisher,loss_aware,214,1.1739888350348338e-06
MNIST,medium,43,10,a2,weight_fisher,loss_aware,215,1.864202516799196e-07
MNIST,medium,43,10,a2,weight_fisher,loss_aware,216,4.1725681398929737e-07
MNIST,medium,43,10,a2,weight_fisher,loss_aware,217,3.451378688623663e-06
MNIST,medium,43,10,a2,weight_fisher,loss_aware,218,2.8160542342448025e-07
MNIST,medium,43,10,a2,weight_fisher,loss_aware,219,1.3988180853630183e-06
MNIST,medium,43,10,a2,weight_fisher,loss_aware,220,8.104590961011127e-06
MNIST,medium,43,10,a2,weight_fisher,loss_aware,221,1.7135987491201377e-06
MNIST,medium,43,10,a2,weight_fisher,loss_aware,222,1.721006697152916e-07
MNIST,medium,43,10,a2,weight_fisher,loss_aware,223,6.917245514159731e-07
MNIST,medium,43,10,a2,weight_fisher,loss_aware,224,1.1970962532359408e-06
MNIST,medium,43,10,a2,weight_fisher,loss_aware,225,1.708100171526894e-06
MNIST,medium,43,10,a2,weight_fisher,loss_aware,226,4.558045247904374e-07
MNIST,medium,43,10,a2,weight_fisher,loss_aware,227,1.8154773897549603e-06
MNIST,medium,43,10,a2,weight_fisher,loss_aware,228,1.1803711004176876e-06
MNIST,medium,43,10,a2,weight_fisher,loss_aware,229,1.7588347418495687e-06
MNIST,medium,43,10,a2,weight_fisher,loss_aware,230,9.815817065828014e-07
MNIST,medium,43,10,a2,weight_fisher,loss_aware,231,2.709186333049729e-07
MNIST,medium,43,10,a2,weight_fisher,loss_aware,232,1.7689121705188882e-06
MNIST,medium,43,10,a2,weight_fisher,loss_aware,233,6.40950929664541e-07
MNIST,medium,43,10,a2,weight_fisher,loss_aware,234,1.6794973589639994e-06
MNIST,medium,43,10,a2,weight_fisher,loss_aware,235,3.8382468119380064e-06
MNIST,medium,43,10,a2,weight_fisher,loss_aware,236,5.117708496982232e-07
MNIST,medium,43,10,a2,weight_fisher,loss_aware,237,2.361571205256041e-06
MNIST,medium,43,10,a2,weight_fisher,loss_aware,238,1.6500354149684426e-06
MNIST,medium,43,10,a2,weight_fisher,loss_aware,239,5.513517749022867e-07
MNIST,medium,43,10,a2,weight_fisher,loss_aware,240,1.692483238002751e-06
MNIST,medium,43,10,a2,weight_fisher,loss_aware,241,4.798003374162363e-06
MNIST,medium,43,10,a2,weight_fisher,loss_aware,242,1.713875917630503e-06
MNIST,medium,43,10,a2,weight_fisher,loss_aware,243,1.249127649316506e-06
MNIST,medium,43,10,a2,weight_fisher,loss_aware,244,1.411749622093339e-06
MNIST,medium,43,10,a2,weight_fisher,loss_aware,245,6.974381108193484e-07
MNIST,medium,43,10,a2,weight_fisher,loss_aware,246,5.250158210401423e-07
MNIST,medium,43,10,a2,weight_fisher,loss_aware,247,4.0588274714536965e-06
MNIST,medium,43,10,a2,weight_fisher,loss_aware,248,2.733944938881905e-06
MNIST,medium,43,10,a2,weight_fisher,loss_aware,249,4.182787051831838e-06
MNIST,medium,43,10,a2,weight_fisher,loss_aware,250,2.57292776950635e-06
MNIST,medium,43,10,a2,weight_fisher,loss_aware,251,5.832251872561756e-07
MNIST,medium,43,10,a2,weight_fisher,loss_aware,252,2.9504479925890337e-07
MNIST,medium,43,10,a2,weight_fisher,loss_aware,253,6.619980013056193e-07
MNIST,medium,43,10,a2,weight_fisher,loss_aware,254,1.6607216366537614e-06
MNIST,medium,43,10,a2,weight_fisher,loss_aware,255,7.509094643864955e-07
MNIST,medium,43,10,a3,weight_fisher,loss_aware,0,1.2240966498211492e-06
MNIST,medium,43,10,a3,weight_fisher,loss_aware,1,2.0373072402435355e-06
MNIST,medium,43,10,a3,weight_fisher,loss_aware,2,1.0407999297967763e-06
MNIST,medium,43,10,a3,weight_fisher,loss_aware,3,1.5051535910970415e-06
MNIST,medium,43,10,a3,weight_fisher,loss_aware,4,4.4550239408636116e-07
MNIST,medium,43,10,a3,weight_fisher,loss_aware,5,1.8159469163947506e-06
MNIST,medium,43,10,a3,weight_fisher,loss_aware,6,6.353150752147485e-07
MNIST,medium,43,10,a3,weight_fisher,loss_aware,7,1.1859553978865733e-06
MNIST,medium,43,10,a3,weight_fisher,loss_aware,8,8.980045436146611e-07
MNIST,medium,43,10,a3,weight_fisher,loss_aware,9,8.748169193495414e-07
MNIST,medium,43,10,a3,weight_fisher,loss_aware,10,1.8077930690196808e-06
MNIST,medium,43,10,a3,weight_fisher,loss_aware,11,2.7178625714441296e-06
MNIST,medium,43,10,a3,weight_fisher,loss_aware,12,2.9539960451074876e-06
MNIST,medium,43,10,a3,weight_fisher,loss_aware,13,2.2827643988421187e-06
MNIST,medium,43,10,a3,weight_fisher,loss_aware,14,7.620527867402416e-06
MNIST,medium,43,10,a3,weight_fisher,loss_aware,15,2.056575340247946e-06
MNIST,medium,43,10,a3,weight_fisher,loss_aware,16,1.3963287983642658e-06
MNIST,medium,43,10,a3,weight_fisher,loss_aware,17,8.384198508792906e-07
MNIST,medium,43,10,a3,weight_fisher,loss_aware,18,1.421363322151592e-06
MNIST,medium,43,10,a3,weight_fisher,loss_aware,19,8.274103038274916e-07
MNIST,medium,43,10,a3,weight_fisher,loss_aware,20,4.336577148933429e-06
MNIST,medium,43,10,a3,weight_fisher,loss_aware,21,4.621796051651472e-06
MNIST,medium,43,10,a3,weight_fisher,loss_aware,22,5.7587803894421086e-06
MNIST,medium,43,10,a3,weight_fisher,loss_aware,23,2.3584502741869073e-06
MNIST,medium,43,10,a3,weight_fisher,loss_aware,24,8.36738365705969e-07
MNIST,medium,43,10,a3,weight_fisher,loss_aware,25,3.634746917668963e-06
MNIST,medium,43,10,a3,weight_fisher,loss_aware,26,1.6165662373168743e-06
MNIST,medium,43,10,a3,weight_fisher,loss_aware,27,1.8609744074638002e-06
MNIST,medium,43,10,a3,weight_fisher,loss_aware,28,1.1596980584727135e-06
MNIST,medium,43,10,a3,weight_fisher,loss_aware,29,1.792276179912733e-06
MNIST,medium,43,10,a3,weight_fisher,loss_aware,30,5.274274826660985e-06
MNIST,medium,43,10,a3,weight_fisher,loss_aware,31,3.9715621369396104e-07
MNIST,medium,43,10,a3,weight_fisher,loss_aware,32,1.23882500702166e-06
MNIST,medium,43,10,a3,weight_fisher,loss_aware,33,1.2449206678866176e-06
MNIST,medium,43,10,a3,weight_fisher,loss_aware,34,5.149592197994934e-06
MNIST,medium,43,10,a3,weight_fisher,loss_aware,35,1.1348192856530659e-06
MNIST,medium,43,10,a3,weight_fisher,loss_aware,36,2.074754775094334e-06
MNIST,medium,43,10,a3,weight_fisher,loss_aware,37,4.936841833114158e-07
MNIST,medium,43,10,a3,weight_fisher,loss_aware,38,1.2722239262075163e-06
MNIST,medium,43,10,a3,weight_fisher,loss_aware,39,5.19021341460757e-07
MNIST,medium,43,10,a3,weight_fisher,loss_aware,40,1.4218502428775537e-06
MNIST,medium,43,10,a3,weight_fisher,loss_aware,41,1.48584513226524e-06
MNIST,medium,43,10,a3,weight_fisher,loss_aware,42,7.582756325064111e-07
MNIST,medium,43,10,a3,weight_fisher,loss_aware,43,3.803378945121949e-07
MNIST,medium,43,10,a3,weight_fisher,loss_aware,44,2.100665824400494e-06
MNIST,medium,43,10,a3,weight_fisher,loss_aware,45,2.276715804327978e-06
MNIST,medium,43,10,a3,weight_fisher,loss_aware,46,2.4760236101428745e-06
MNIST,medium,43,10,a3,weight_fisher,loss_aware,47,5.180038442631485e-07
MNIST,medium,43,10,a3,weight_fisher,loss_aware,48,1.4424136907109641e-06
MNIST,medium,43,10,a3,weight_fisher,loss_aware,49,1.5867299225647002e-06
MNIST,medium,43,10,a3,weight_fisher,loss_aware,50,4.58866537655922e-07
MNIST,medium,43,10,a3,weight_fisher,loss_aware,51,1.7656149964295764e-07
MNIST,medium,43,10,a3,weight_fisher,loss_aware,52,5.431902536656708e-07
MNIST,medium,43,10,a3,weight_fisher,loss_aware,53,3.955896772822598e-06
MNIST,medium,43,10,a3,weight_fisher,loss_aware,54,3.622700432970305e-07
MNIST,medium,43,10,a3,weight_fisher,loss_aware,55,3.4587337722769007e-06
MNIST,medium,43,10,a3,weight_fisher,loss_aware,56,9.55139967118157e-07
MNIST,medium,43,10,a3,weight_fisher,loss_aware,57,2.7211822271056008e-06
MNIST,medium,43,10,a3,weight_fisher,loss_aware,58,2.343980668229051e-06
MNIST,medium,43,10,a3,weight_fisher,loss_aware,59,0.0
MNIST,medium,43,10,a3,weight_fisher,loss_aware,60,2.560652774263872e-06
MNIST,medium,43,10,a3,weight_fisher,loss_aware,61,7.530715038228664e-07
MNIST,medium,43,10,a3,weight_fisher,loss_aware,62,6.763613669136248e-07
MNIST,medium,43,10,a3,weight_fisher,loss_aware,63,2.3264053652383154e-06
MNIST,medium,43,10,a3,weight_fisher,loss_aware,64,5.27229360614001e-07
MNIST,medium,43,10,a3,weight_fisher,loss_aware,65,1.3015587683185004e-06
MNIST,medium,43,10,a3,weight_fisher,loss_aware,66,4.821281891054241e-06
MNIST,medium,43,10,a3,weight_fisher,loss_aware,67,3.192169970134273e-06
MNIST,medium,43,10,a3,weight_fisher,loss_aware,68,3.3239552976738196e-06
MNIST,medium,43,10,a3,weight_fisher,loss_aware,69,3.88142188967322e-06
MNIST,medium,43,10,a3,weight_fisher,loss_aware,70,1.4856575489829993e-06
MNIST,medium,43,10,a3,weight_fisher,loss_aware,71,2.0472207324928604e-06
MNIST,medium,43,10,a3,weight_fisher,loss_aware,72,1.2657545767069678e-06
MNIST,medium,43,10,a3,weight_fisher,loss_aware,73,1.371984694742423e-06
MNIST,medium,43,10,a3,weight_fisher,loss_aware,74,8.135403959386167e-07
MNIST,medium,43,10,a3,weight_fisher,loss_aware,75,1.3112355645716889e-06
MNIST,medium,43,10,a3,weight_fisher,loss_aware,76,8.489155334245879e-07
MNIST,medium,43,10,a3,weight_fisher,loss_aware,77,2.3456695998902433e-06
MNIST,medium,43,10,a3,weight_fisher,loss_aware,78,0.0
MNIST,medium,43,10,a3,weight_fisher,loss_aware,79,1.0600649602565682e-06
MNIST,medium,43,10,a3,weight_fisher,loss_aware,80,1.0766239029180724e-06
MNIST,medium,43,10,a3,weight_fisher,loss_aware,81,5.929194912823732e-07
MNIST,medium,43,10,a3,weight_fisher,loss_aware,82,7.29775536001398e-07
MNIST,medium,43,10,a3,weight_fisher,loss_aware,83,1.230758243764285e-06
MNIST,medium,43,10,a3,weight_fisher,loss_aware,84,2.870725666070939e-07
MNIST,medium,43,10,a3,weight_fisher,loss_aware,85,8.193569556169678e-07
MNIST,medium,43,10,a3,weight_fisher,loss_aware,86,1.1387232916604262e-06
MNIST,medium,43,10,a3,weight_fisher,loss_aware,87,1.7273368939640932e-06
MNIST,medium,43,10,a3,weight_fisher,loss_aware,88,5.471475219565036e-07
MNIST,medium,43,10,a3,weight_fisher,loss_aware,89,0.0
MNIST,medium,43,10,a3,weight_fisher,loss_aware,90,2.3717855128779775e-06
MNIST,medium,43,10,a3,weight_fisher,loss_aware,91,3.4412366858305177e-06
MNIST,medium,43,10,a3,weight_fisher,loss_aware,92,8.732142191547609e-07
MNIST,medium,43,10,a3,weight_fisher,loss_aware,93,4.0304223603016e-07
MNIST,medium,43,10,a3,weight_fisher,loss_aware,94,1.8432322121952893e-06
MNIST,medium,43,10,a3,weight_fisher,loss_aware,95,1.5055675817166048e-07
MNIST,medium,43,10,a3,weight_fisher,loss_aware,96,1.7512537624497782e-06
MNIST,medium,43,10,a3,weight_fisher,loss_aware,97,1.1026336323993746e-06
MNIST,medium,43,10,a3,weight_fisher,loss_aware,98,3.068145360884955e-06
MNIST,medium,43,10,a3,weight_fisher,loss_aware,99,4.3619382950055297e-07
MNIST,medium,43,10,a3,weight_fisher,loss_aware,100,2.6820703169505578e-06
MNIST,medium,43,10,a3,weight_fisher,loss_aware,101,1.1515772939674207e-06
MNIST,medium,43,10,a3,weight_fisher,loss_aware,102,7.185667527664918e-07
MNIST,medium,43,10,a3,weight_fisher,loss_aware,103,5.366498953662813e-06
MNIST,medium,43,10,a3,weight_fisher,loss_aware,104,2.790792450468871e-07
MNIST,medium,43,10,a3,weight_fisher,loss_aware,105,1.8238088159705512e-06
MNIST,medium,43,10,a3,weight_fisher,loss_aware,106,4.5908695938123856e-06
MNIST,medium,43,10,a3,weight_fisher,loss_aware,107,1.2318351139128936e-07
MNIST,medium,43,10,a3,weight_fisher,loss_aware,108,8.375669153792842e-07
MNIST,medium,43,10,a3,weight_fisher,loss_aware,109,1.925332981045358e-06
MNIST,medium,43,10,a3,weight_fisher,loss_aware,110,5.892005674468237e-07
MNIST,medium,43,10,a3,weight_fisher,loss_aware,111,6.725031198584475e-07
MNIST,medium,43,10,a3,weight_fisher,loss_aware,112,1.68362589647586e-06
MNIST,medium,43,10,a3,weight_fisher,loss_aware,113,1.7721129097481025e-06
MNIST,medium,43,10,a3,weight_fisher,loss_aware,114,1.5681597460570629e-06
MNIST,medium,43,10,a3,weight_fisher,loss_aware,115,3.08889320876915e-06
MNIST,medium,43,10,a3,weight_fisher,loss_aware,116,8.916242677514674e-07
MNIST,medium,43,10,a3,weight_fisher,loss_aware,117,4.381954568088986e-07
MNIST,medium,43,10,a3,weight_fisher,loss_aware,118,1.3451592622004682e-06
MNIST,medium,43,10,a3,weight_fisher,loss_aware,119,4.855613155996252e-07
MNIST,medium,43,10,a3,weight_fisher,loss_aware,120,5.2819677875959314e-06
MNIST,medium,43,10,a3,weight_fisher,loss_aware,121,2.5527285743009998e-06
MNIST,medium,43,10,a3,weight_fisher,loss_aware,122,6.154938887448225e-07
MNIST,medium,43,10,a3,weight_fisher,loss_aware,123,1.67635425896151e-06
MNIST,medium,43,10,a3,weight_fisher,loss_aware,124,2.0553875401674304e-06
MNIST,medium,43,10,a3,weight_fisher,loss_aware,125,3.18748419658732e-07
MNIST,medium,43,10,a3,weight_fisher,loss_aware,126,2.140724291166407e-06
MNIST,medium,43,10,a3,weight_fisher,loss_aware,127,1.0792273315018974e-06
MNIST,medium,43,10,a4,weight_fisher,loss_aware,0,9.581114682077896e-06
MNIST,medium,43,10,a4,weight_fisher,loss_aware,1,9.7507627287996e-06
MNIST,medium,43,10,a4,weight_fisher,loss_aware,2,1.1628990250756033e-05
MNIST,medium,43,10,a4,weight_fisher,loss_aware,3,1.4302034287538845e-05
MNIST,medium,43,10,a4,weight_fisher,loss_aware,4,9.026758561958559e-06
MNIST,medium,43,10,a4,weight_fisher,loss_aware,5,3.004363679792732e-05
MNIST,medium,43,10,a4,weight_fisher,loss_aware,6,8.239838280132972e-06
MNIST,medium,43,10,a4,weight_fisher,loss_aware,7,3.730937805812573e-06
MNIST,medium,43,10,a4,weight_fisher,loss_aware,8,8.497812814312056e-06
MNIST,medium,43,10,a4,weight_fisher,loss_aware,9,2.2508772872242844e-06
MNIST,medium,43,10,a4,weight_fisher,loss_aware,10,3.269777153036557e-06
MNIST,medium,43,10,a4,weight_fisher,loss_aware,11,2.6935958885587752e-05
MNIST,medium,43,10,a4,weight_fisher,loss_aware,12,3.3137410355266184e-05
MNIST,medium,43,10,a4,weight_fisher,loss_aware,13,3.42301391356159e-05
MNIST,medium,43,10,a4,weight_fisher,loss_aware,14,1.7662658137851395e-05
MNIST,medium,43,10,a4,weight_fisher,loss_aware,15,1.4908035154803656e-05
MNIST,medium,43,10,a4,weight_fisher,loss_aware,16,6.679338639514754e-06
MNIST,medium,43,10,a4,weight_fisher,loss_aware,17,4.7407984311576e-06
MNIST,medium,43,10,a4,weight_fisher,loss_aware,18,1.0798531548061874e-05
MNIST,medium,43,10,a4,weight_fisher,loss_aware,19,2.2260803234530613e-05
MNIST,medium,43,10,a4,weight_fisher,loss_aware,20,7.993214239832014e-06
MNIST,medium,43,10,a4,weight_fisher,loss_aware,21,1.457374673918821e-05
MNIST,medium,43,10,a4,weight_fisher,loss_aware,22,2.6274738047504798e-05
MNIST,medium,43,10,a4,weight_fisher,loss_aware,23,4.487555997911841e-06
MNIST,medium,43,10,a4,weight_fisher,loss_aware,24,4.159338459430728e-06
MNIST,medium,43,10,a4,weight_fisher,loss_aware,25,1.3810913515044376e-05
MNIST,medium,43,10,a4,weight_fisher,loss_aware,26,6.911739092174685e-06
MNIST,medium,43,10,a4,weight_fisher,loss_aware,27,5.119524576002732e-05
MNIST,medium,43,10,a4,weight_fisher,loss_aware,28,5.045979833084857e-06
MNIST,medium,43,10,a4,weight_fisher,loss_aware,29,4.4629878175328486e-06
MNIST,medium,43,10,a4,weight_fisher,loss_aware,30,4.3937048758380115e-05
MNIST,medium,43,10,a4,weight_fisher,loss_aware,31,1.9181017705705017e-05
MNIST,medium,43,10,a4,weight_fisher,loss_aware,32,5.619242983812001e-06
MNIST,medium,43,10,a4,weight_fisher,loss_aware,33,9.645109457778744e-06
MNIST,medium,43,10,a4,weight_fisher,loss_aware,34,3.127540185232647e-05
MNIST,medium,43,10,a4,weight_fisher,loss_aware,35,8.063036148087122e-06
MNIST,medium,43,10,a4,weight_fisher,loss_aware,36,1.6741640138207003e-05
MNIST,medium,43,10,a4,weight_fisher,loss_aware,37,3.5628127079689875e-05
MNIST,medium,43,10,a4,weight_fisher,loss_aware,38,1.7430687876185402e-05
MNIST,medium,43,10,a4,weight_fisher,loss_aware,39,4.3621339500532486e-06
MNIST,medium,43,10,a4,weight_fisher,loss_aware,40,7.630836989847012e-06
MNIST,medium,43,10,a4,weight_fisher,loss_aware,41,5.58902229386149e-06
MNIST,medium,43,10,a4,weight_fisher,loss_aware,42,1.01237064882298e-05
MNIST,medium,43,10,a4,weight_fisher,loss_aware,43,1.9596473066485487e-06
MNIST,medium,43,10,a4,weight_fisher,loss_aware,44,6.164405931485817e-06
MNIST,medium,43,10,a4,weight_fisher,loss_aware,45,1.425980735803023e-05
MNIST,medium,43,10,a4,weight_fisher,loss_aware,46,7.880727935116738e-06
MNIST,medium,43,10,a4,weight_fisher,loss_aware,47,1.9778541172854602e-05
MNIST,medium,43,10,a4,weight_fisher,loss_aware,48,1.9180874005542137e-05
MNIST,medium,43,10,a4,weight_fisher,loss_aware,49,7.950714461912867e-06
MNIST,medium,43,10,a4,weight_fisher,loss_aware,50,7.242704668897204e-06
MNIST,medium,43,10,a4,weight_fisher,loss_aware,51,8.116252502077259e-06
MNIST,medium,43,10,a4,weight_fisher,loss_aware,52,4.926131805405021e-05
MNIST,medium,43,10,a4,weight_fisher,loss_aware,53,1.3044676052231807e-05
MNIST,medium,43,10,a4,weight_fisher,loss_aware,54,8.993988558358978e-06
MNIST,medium,43,10,a4,weight_fisher,loss_aware,55,5.0111079872294795e-06
MNIST,medium,43,10,a4,weight_fisher,loss_aware,56,4.0620238905830774e-06
MNIST,medium,43,10,a4,weight_fisher,loss_aware,57,2.110923196596559e-05
MNIST,medium,43,10,a4,weight_fisher,loss_aware,58,1.3614596355182584e-05
MNIST,medium,43,10,a4,weight_fisher,loss_aware,59,3.012867455254309e-05
MNIST,medium,43,10,a4,weight_fisher,loss_aware,60,6.448571184591856e-06
MNIST,medium,43,10,a4,weight_fisher,loss_aware,61,1.5476894986932166e-05
MNIST,medium,43,10,a4,weight_fisher,loss_aware,62,4.406469543027924e-06
MNIST,medium,43,10,a4,weight_fisher,loss_aware,63,1.4793152331549209e-05
