dataset,architecture,seed,epoch,layer,prune_scope,criterion,criterion_group,random_draw,pruning_percentage,fine_tune_epochs,validation_accuracy,test_accuracy,validation_loss,test_loss,parameter_count,parameter_reduction,estimated_macs,mac_reduction,scoring_time_seconds,scoring_memory_mb,num_forward_passes,num_backward_passes,calibration_size,compact_inference_time_seconds,compact_test_accuracy,compact_test_loss,masked_inference_time_seconds,original_macs,original_parameter_count,test_per_class_accuracy_json,validation_per_class_accuracy_json,weight_fisher_mode,weight_fisher_parts
FashionMNIST,small,42,10,all,all,random,baseline,0,0.05,0,0.8894,0.8814,0.3038458580970764,0.3294105007171631,222660,0.05309892577377462,222284,0.05311136859323884,0.0,0.0,0,0,0,0.32282843301072717,0.8814,0.3294104980587959,0.3205627199495211,234752,235146,"[0.885, 0.971, 0.713, 0.873, 0.868, 0.966, 0.663, 0.963, 0.97, 0.942]","[0.8967495219885278, 0.9788867562380038, 0.7238883143743536, 0.8869936034115139, 0.8902077151335311, 0.9671314741035857, 0.6889106967615309, 0.9665970772442589, 0.9538152610441767, 0.9371933267909716]",batch,both
FashionMNIST,small,42,10,all,all,random,baseline,0,0.05,1,0.897,0.891,0.28847045907974245,0.31327374655008317,222660,0.05309892577377462,222284,0.05311136859323884,0.0,0.0,0,0,0,0.320479103946127,0.891,0.31327374477386477,0.3307749870000407,234752,235146,"[0.825, 0.976, 0.821, 0.908, 0.821, 0.962, 0.708, 0.959, 0.976, 0.954]","[0.8346080305927343, 0.9817658349328215, 0.8241985522233712, 0.9317697228144989, 0.8427299703264095, 0.9621513944223108, 0.7222767419038273, 0.964509394572025, 0.9628514056224899, 0.9479882237487733]",batch,both
FashionMNIST,small,42,10,all,all,random,baseline,0,0.05,3,0.898,0.8934,0.2869621819496155,0.31238023918867114,222660,0.05309892577377462,222284,0.05311136859323884,0.0,0.0,0,0,0,0.32780636195093393,0.8934,0.31238023574352264,0.3436076419893652,234752,235146,"[0.865, 0.974, 0.826, 0.909, 0.816, 0.959, 0.685, 0.972, 0.977, 0.951]","[0.8671128107074569, 0.9817658349328215, 0.8314374353671148, 0.9381663113006397, 0.8466864490603363, 0.953187250996016, 0.6820412168792934, 0.9718162839248434, 0.9658634538152611, 0.9470068694798822]",batch,both
FashionMNIST,small,42,10,all,all,random,baseline,0,0.05,5,0.9,0.895,0.2856250710487366,0.3105889385342598,222660,0.05309892577377462,222284,0.05311136859323884,0.0,0.0,0,0,0,0.3254970679990947,0.895,0.3105889400243759,0.3622247709427029,234752,235146,"[0.874, 0.977, 0.819, 0.919, 0.822, 0.967, 0.68, 0.963, 0.975, 0.954]","[0.875717017208413, 0.982725527831094, 0.828335056876939, 0.9424307036247335, 0.8496538081107814, 0.9701195219123506, 0.6790971540726202, 0.9572025052192067, 0.9678714859437751, 0.9509322865554465]",batch,both
FashionMNIST,small,42,10,all,all,random,baseline,0,0.1,0,0.8901,0.88,0.3031270312309265,0.3280393282771111,209417,0.10941712808212767,209060,0.10944315703380592,0.0,0.0,0,0,0,0.31629862601403147,0.88,0.32803933135271074,0.3195910700596869,234752,235146,"[0.882, 0.974, 0.724, 0.875, 0.869, 0.959, 0.638, 0.967, 0.968, 0.944]","[0.8977055449330784, 0.980806142034549, 0.7435367114788004, 0.8891257995735607, 0.8892185954500494, 0.9561752988047809, 0.676153091265947, 0.9728601252609603, 0.9558232931726908, 0.9371933267909716]",batch,both
FashionMNIST,small,42,10,all,all,random,baseline,0,0.1,1,0.8985,0.8881,0.28725599060058593,0.3119632623553276,209417,0.10941712808212767,209060,0.10944315703380592,0.0,0.0,0,0,0,0.3188910799799487,0.8881,0.31196326484680176,0.32394831406418234,234752,235146,"[0.807, 0.974, 0.8, 0.909, 0.826, 0.956, 0.719, 0.963, 0.976, 0.951]","[0.8288718929254302, 0.9817658349328215, 0.8097207859358841, 0.9402985074626866, 0.8536102868447082, 0.9591633466135459, 0.732090284592738, 0.9697286012526096, 0.964859437751004, 0.9499509322865555]",batch,both
FashionMNIST,small,42,10,all,all,random,baseline,0,0.1,3,0.8988,0.8917,0.2844094362258911,0.3118745456635952,209417,0.10941712808212767,209060,0.10944315703380592,0.0,0.0,0,0,0,0.32980187295470387,0.8917,0.3118745505928993,0.3189187339739874,234752,235146,"[0.853, 0.973, 0.814, 0.904, 0.83, 0.954, 0.693, 0.963, 0.975, 0.958]","[0.8565965583173997, 0.9836852207293666, 0.8159255429162358, 0.9349680170575693, 0.8555885262116716, 0.9571713147410359, 0.704612365063788, 0.965553235908142, 0.964859437751004, 0.9528949950932286]",batch,both
FashionMNIST,small,42,10,all,all,random,baseline,0,0.1,5,0.901,0.8929,0.28321442375183103,0.3087499455034733,209417,0.10941712808212767,209060,0.10944315703380592,0.0,0.0,0,0,0,0.3211579950293526,0.8929,0.30874994371533393,0.33668502198997885,234752,235146,"[0.843, 0.972, 0.796, 0.91, 0.84, 0.963, 0.711, 0.957, 0.975, 0.962]","[0.8556405353728489, 0.9817658349328215, 0.811789038262668, 0.9392324093816631, 0.8615232443125618, 0.9631474103585658, 0.719332679097154, 0.9613778705636743, 0.964859437751004, 0.9548577036310107]",batch,both
FashionMNIST,small,42,10,all,all,random,baseline,0,0.2,0,0.8869,0.8787,0.332685085773468,0.3581483851194382,183183,0.2209818580796612,182865,0.22102900081788446,0.0,0.0,0,0,0,0.3185223829932511,0.8787,0.3581483811378479,0.3235510350205004,234752,235146,"[0.862, 0.975, 0.719, 0.886, 0.843, 0.95, 0.668, 0.964, 0.971, 0.949]","[0.878585086042065, 0.9817658349328215, 0.7321613236814891, 0.9051172707889126, 0.8654797230464887, 0.950199203187251, 0.6859666339548577, 0.9676409185803758, 0.9608433734939759, 0.9401373895976447]",batch,both
FashionMNIST,small,42,10,all,all,random,baseline,0,0.2,1,0.8958,0.8891,0.2874514935493469,0.31251377811431885,183183,0.2209818580796612,182865,0.22102900081788446,0.0,0.0,0,0,0,0.32108951290138066,0.8891,0.3125137811779976,0.33624469698406756,234752,235146,"[0.868, 0.973, 0.804, 0.906, 0.815, 0.964, 0.676, 0.962, 0.973, 0.95]","[0.8632887189292543, 0.9817658349328215, 0.8190279214064116, 0.9371002132196162, 0.8466864490603363, 0.9661354581673307, 0.6820412168792934, 0.9592901878914405, 0.9608433734939759, 0.9460255152109912]",batch,both
FashionMNIST,small,42,10,all,all,random,baseline,0,0.2,3,0.8993,0.8924,0.28572262210845945,0.312034475427866,183183,0.2209818580796612,182865,0.22102900081788446,0.0,0.0,0,0,0,0.3361914550187066,0.8924,0.3120344732105732,0.37647168803960085,234752,235146,"[0.859, 0.971, 0.818, 0.905, 0.824, 0.962, 0.691, 0.962, 0.975, 0.957]","[0.8556405353728489, 0.9817658349328215, 0.828335056876939, 0.9392324093816631, 0.8545994065281899, 0.9651394422310757, 0.6947988223748773, 0.9634655532359081, 0.963855421686747, 0.9509322865554465]",batch,both
FashionMNIST,small,42,10,all,all,random,baseline,0,0.2,5,0.9002,0.8901,0.2855550948143005,0.3132682923495769,183183,0.2209818580796612,182865,0.22102900081788446,0.0,0.0,0,0,0,0.3145959870889783,0.8901,0.313268286049366,0.3441075950395316,234752,235146,"[0.839, 0.972, 0.834, 0.91, 0.811, 0.96, 0.679, 0.966, 0.975, 0.955]","[0.844168260038241, 0.9836852207293666, 0.8490175801447777, 0.9445628997867804, 0.8486646884272997, 0.9621513944223108, 0.6928361138370952, 0.9707724425887265, 0.9658634538152611, 0.9470068694798822]",batch,both
FashionMNIST,small,42,10,all,all,random,baseline,0,0.3,0,0.8819,0.8708,0.39105721740722654,0.4169463825941086,158500,0.32595068595680976,158220,0.3260121319520175,0.0,0.0,0,0,0,0.3337770040379837,0.8708,0.41694637684822083,0.3382039610296488,234752,235146,"[0.868, 0.967, 0.696, 0.871, 0.836, 0.93, 0.672, 0.975, 0.966, 0.927]","[0.8776290630975143, 0.980806142034549, 0.7052740434332989, 0.8955223880597015, 0.8664688427299704, 0.9292828685258964, 0.6947988223748773, 0.9780793319415448, 0.9588353413654619, 0.930323846908734]",batch,both
FashionMNIST,small,42,10,all,all,random,baseline,0,0.3,1,0.895,0.8859,0.2884523633003235,0.3144787062287331,158500,0.32595068595680976,158220,0.3260121319520175,0.0,0.0,0,0,0,0.3210027850000188,0.8859,0.3144787044882774,0.315155359916389,234752,235146,"[0.858, 0.971, 0.813, 0.901, 0.833, 0.957, 0.649, 0.951, 0.973, 0.953]","[0.864244741873805, 0.9817658349328215, 0.827300930713547, 0.9360341151385928, 0.8625123639960435, 0.950199203187251, 0.6594700686947988, 0.9613778705636743, 0.9628514056224899, 0.9489695780176644]",batch,both
FashionMNIST,small,42,10,all,all,random,baseline,0,0.3,3,0.8964,0.8861,0.28450755014419554,0.31238111414909364,158500,0.32595068595680976,158220,0.3260121319520175,0.0,0.0,0,0,0,0.3248120070202276,0.8861,0.3123811177492142,0.32772965799085796,234752,235146,"[0.844, 0.971, 0.782, 0.902, 0.839, 0.958, 0.677, 0.954, 0.975, 0.959]","[0.8594646271510517, 0.9817658349328215, 0.796277145811789, 0.9402985074626866, 0.8674579624134521, 0.952191235059761, 0.6957801766437685, 0.9561586638830898, 0.964859437751004, 0.9528949950932286]",batch,both
FashionMNIST,small,42,10,all,all,random,baseline,0,0.3,5,0.8977,0.89,0.28521722383499143,0.31174662269353864,158500,0.32595068595680976,158220,0.3260121319520175,0.0,0.0,0,0,0,0.3128911580424756,0.89,0.3117466216683388,0.30991095304489136,234752,235146,"[0.848, 0.97, 0.813, 0.912, 0.826, 0.961, 0.674, 0.963, 0.976, 0.957]","[0.858508604206501, 0.9846449136276392, 0.8179937952430196, 0.94136460554371, 0.857566765578635, 0.9571713147410359, 0.6840039254170756, 0.9613778705636743, 0.9668674698795181, 0.9519136408243376]",batch,both
FashionMNIST,small,42,10,all,all,random,baseline,0,0.4,0,0.8712,0.8599,0.5039968240737915,0.5299044184684754,133605,0.43182108137072284,133364,0.4318940839694656,0.0,0.0,0,0,0,0.31170754600316286,0.8599,0.5299044177055359,0.31832765508443117,234752,235146,"[0.802, 0.96, 0.664, 0.823, 0.855, 0.921, 0.735, 0.974, 0.949, 0.916]","[0.8279158699808795, 0.9788867562380038, 0.6794208893485005, 0.8454157782515992, 0.8852621167161226, 0.899402390438247, 0.7497546614327772, 0.9780793319415448, 0.9417670682730924, 0.9214916584887144]",batch,both
FashionMNIST,small,42,10,all,all,random,baseline,0,0.4,1,0.894,0.8845,0.2986608945846558,0.32447536705732344,133605,0.43182108137072284,133364,0.4318940839694656,0.0,0.0,0,0,0,0.3140914550749585,0.8845,0.3244753585100174,0.3295037819771096,234752,235146,"[0.86, 0.97, 0.812, 0.903, 0.797, 0.952, 0.666, 0.968, 0.973, 0.944]","[0.858508604206501, 0.9788867562380038, 0.8355739400206825, 0.9349680170575693, 0.8338278931750742, 0.9482071713147411, 0.6820412168792934, 0.9697286012526096, 0.9618473895582329, 0.9421000981354269]",batch,both
FashionMNIST,small,42,10,all,all,random,baseline,0,0.4,3,0.8945,0.8854,0.2901314692497253,0.3182360881447792,133605,0.43182108137072284,133364,0.4318940839694656,0.0,0.0,0,0,0,0.31969947705511004,0.8854,0.3182360896229744,0.3328226919984445,234752,235146,"[0.852, 0.97, 0.793, 0.904, 0.824, 0.953, 0.666, 0.963, 0.973, 0.956]","[0.8623326959847036, 0.9788867562380038, 0.81282316442606, 0.9328358208955224, 0.8625123639960435, 0.9472111553784861, 0.6741903827281649, 0.9665970772442589, 0.9658634538152611, 0.9460255152109912]",batch,both
FashionMNIST,small,42,10,all,all,random,baseline,0,0.4,5,0.8965,0.8872,0.29026276788711547,0.3172293483376503,133605,0.43182108137072284,133364,0.4318940839694656,0.0,0.0,0,0,0,0.34528212004806846,0.8872,0.3172293458580971,0.359901939984411,234752,235146,"[0.836, 0.97, 0.82, 0.912, 0.812, 0.96, 0.674, 0.954, 0.975, 0.959]","[0.8460803059273423, 0.9788867562380038, 0.8366080661840745, 0.9466950959488273, 0.8466864490603363, 0.9551792828685259, 0.6840039254170756, 0.9592901878914405, 0.9658634538152611, 0.9519136408243376]",batch,both
FashionMNIST,small,42,10,all,all,random,baseline,0,0.5,0,0.8513,0.8423,0.6636095566749572,0.6858083304405213,109386,0.5348166670919343,109184,0.534896401308615,0.0,0.0,0,0,0,0.32142129400745034,0.8423,0.6858083417892457,0.32909385894890875,234752,235146,"[0.798, 0.951, 0.637, 0.756, 0.919, 0.901, 0.604, 0.953, 0.957, 0.947]","[0.8135755258126195, 0.9577735124760077, 0.6690796277145812, 0.7867803837953091, 0.9327398615232443, 0.8774900398406374, 0.6368989205103042, 0.9436325678496869, 0.9508032128514057, 0.9371933267909716]",batch,both
FashionMNIST,small,42,10,all,all,random,baseline,0,0.5,1,0.8866,0.8784,0.3100287702560425,0.33495093467235565,109386,0.5348166670919343,109184,0.534896401308615,0.0,0.0,0,0,0,0.3129100159276277,0.8784,0.33495093879699706,0.32894875295460224,234752,235146,"[0.859, 0.967, 0.795, 0.887, 0.819, 0.949, 0.625, 0.95, 0.977, 0.956]","[0.8594646271510517, 0.9798464491362764, 0.8148914167528438, 0.9285714285714286, 0.8466864490603363, 0.9362549800796812, 0.6329735034347399, 0.9551148225469729, 0.9678714859437751, 0.9489695780176644]",batch,both
FashionMNIST,small,42,10,all,all,random,baseline,0,0.5,3,0.8918,0.8814,0.29765116262435914,0.32287813766002654,109386,0.5348166670919343,109184,0.534896401308615,0.0,0.0,0,0,0,0.3059243040625006,0.8814,0.3228781409263611,0.3134289690060541,234752,235146,"[0.839, 0.969, 0.808, 0.899, 0.821, 0.958, 0.644, 0.948, 0.977, 0.951]","[0.844168260038241, 0.980806142034549, 0.8262668045501551, 0.9349680170575693, 0.8536102868447082, 0.9452191235059761, 0.6663395485770363, 0.9582463465553236, 0.9658634538152611, 0.9479882237487733]",batch,both
FashionMNIST,small,42,10,all,all,random,baseline,0,0.5,5,0.8943,0.8847,0.29407745237350463,0.31850334241390227,109386,0.5348166670919343,109184,0.534896401308615,0.0,0.0,0,0,0,0.32325482298620045,0.8847,0.31850334049463275,0.317421794985421,234752,235146,"[0.856, 0.97, 0.809, 0.904, 0.824, 0.96, 0.642, 0.95, 0.974, 0.958]","[0.8623326959847036, 0.980806142034549, 0.8262668045501551, 0.9339019189765458, 0.857566765578635, 0.950199203187251, 0.6633954857703631, 0.9530271398747391, 0.9678714859437751, 0.9519136408243376]",batch,both
FashionMNIST,small,42,10,all,all,random,baseline,0,0.7,0,0.7315,0.7169,1.364268459892273,1.3807479553222657,63887,0.728309220654402,63761,0.7283899604689203,0.0,0.0,0,0,0,0.32692757598124444,0.7169,1.3807479583740234,0.3213032919447869,234752,235146,"[0.596, 0.906, 0.647, 0.813, 0.876, 0.489, 0.593, 0.413, 0.943, 0.893]","[0.6137667304015296, 0.9107485604606526, 0.6804550155118925, 0.8486140724946695, 0.8783382789317508, 0.5119521912350598, 0.6221786064769381, 0.40083507306889354, 0.9357429718875502, 0.900883218842002]",batch,both
FashionMNIST,small,42,10,all,all,random,baseline,0,0.7,1,0.8648,0.8573,0.3931891537666321,0.4144803702116013,63887,0.728309220654402,63761,0.7283899604689203,0.0,0.0,0,0,0,0.3176723439246416,0.8573,0.4144803705453873,0.3619211290497333,234752,235146,"[0.838, 0.948, 0.795, 0.883, 0.752, 0.916, 0.59, 0.939, 0.964, 0.948]","[0.8652007648183556, 0.9587332053742802, 0.8138572905894519, 0.9221748400852878, 0.7912957467853611, 0.8844621513944223, 0.5996074582924436, 0.941544885177453, 0.9508032128514057, 0.9263984298331698]",batch,both
FashionMNIST,small,42,10,all,all,random,baseline,0,0.7,3,0.875,0.8653,0.3431682524681091,0.3684796929836273,63887,0.728309220654402,63761,0.7283899604689203,0.0,0.0,0,0,0,0.32604738301597536,0.8653,0.36847969546318055,0.3464295230805874,234752,235146,"[0.827, 0.958, 0.795, 0.883, 0.802, 0.931, 0.602, 0.945, 0.967, 0.943]","[0.8508604206500956, 0.9702495201535508, 0.8138572905894519, 0.9253731343283582, 0.8308605341246291, 0.9103585657370518, 0.6123650637880275, 0.9519832985386222, 0.9558232931726908, 0.9342492639842983]",batch,both
FashionMNIST,small,42,10,all,all,random,baseline,0,0.7,5,0.8804,0.8692,0.3298774638175964,0.35718404808044435,63887,0.728309220654402,63761,0.7283899604689203,0.0,0.0,0,0,0,0.3279232339700684,0.8692,0.3571840526342392,0.3446701900102198,234752,235146,"[0.82, 0.961, 0.817, 0.894, 0.772, 0.928, 0.636, 0.951, 0.969, 0.944]","[0.8374760994263862, 0.9712092130518234, 0.843846949327818, 0.9285714285714286, 0.8130563798219584, 0.9113545816733067, 0.6584887144259077, 0.9582463465553236, 0.9558232931726908, 0.9332679097154073]",batch,both
FashionMNIST,small,42,10,a1,layerwise,random,baseline,0,0.05,0,0.89,0.8816,0.3021513773918152,0.3280707766532898,224190,0.04659232987165418,223808,0.04661941112322787,0.0,0.0,0,0,0,0.30595362302847207,0.8816,0.3280707721233368,0.34776680008508265,234752,235146,"[0.897, 0.972, 0.728, 0.877, 0.866, 0.964, 0.637, 0.959, 0.971, 0.945]","[0.9053537284894837, 0.9788867562380038, 0.7383660806618407, 0.8912579957356077, 0.887240356083086, 0.9621513944223108, 0.6683022571148185, 0.9665970772442589, 0.9568273092369478, 0.9421000981354269]",batch,both
FashionMNIST,small,42,10,a1,layerwise,random,baseline,0,0.05,1,0.8973,0.891,0.28718675260543824,0.3109317416727543,224190,0.04659232987165418,223808,0.04661941112322787,0.0,0.0,0,0,0,0.3296523180324584,0.891,0.3109317426264286,0.3155911830253899,234752,235146,"[0.853, 0.977, 0.814, 0.91, 0.83, 0.961, 0.679, 0.952, 0.975, 0.959]","[0.8604206500956023, 0.982725527831094, 0.8200620475698035, 0.9317697228144989, 0.8526211671612265, 0.9611553784860558, 0.6908734052993131, 0.9592901878914405, 0.9618473895582329, 0.9558390578999019]",batch,both
FashionMNIST,small,42,10,a1,layerwise,random,baseline,0,0.05,3,0.8996,0.8908,0.2890529857635498,0.3148621436715126,224190,0.04659232987165418,223808,0.04661941112322787,0.0,0.0,0,0,0,0.31549061997793615,0.8908,0.31486214270591734,0.32131509692408144,234752,235146,"[0.853, 0.973, 0.826, 0.915, 0.808, 0.963, 0.683, 0.965, 0.975, 0.947]","[0.8632887189292543, 0.9817658349328215, 0.8304033092037229, 0.9445628997867804, 0.8387734915924827, 0.9631474103585658, 0.7016683022571149, 0.9665970772442589, 0.9628514056224899, 0.9479882237487733]",batch,both
FashionMNIST,small,42,10,a1,layerwise,random,baseline,0,0.05,5,0.8996,0.8936,0.28752991542816164,0.3135088704645634,224190,0.04659232987165418,223808,0.04661941112322787,0.0,0.0,0,0,0,0.324779415037483,0.8936,0.3135088687360287,0.3441766839241609,234752,235146,"[0.857, 0.973, 0.827, 0.913, 0.832, 0.963, 0.678, 0.967, 0.975, 0.951]","[0.861376673040153, 0.9856046065259118, 0.8314374353671148, 0.9371002132196162, 0.8526211671612265, 0.9611553784860558, 0.6918547595682041, 0.964509394572025, 0.963855421686747, 0.9509322865554465]",batch,both
FashionMNIST,small,42,10,a1,layerwise,random,baseline,0,0.1,0,0.8912,0.881,0.3045759848594666,0.329641938829422,212321,0.09706735389927956,211952,0.09712377317339149,0.0,0.0,0,0,0,0.32160076103173196,0.881,0.32964194242954253,0.3278523590415716,234752,235146,"[0.901, 0.972, 0.738, 0.884, 0.857, 0.96, 0.619, 0.968, 0.968, 0.943]","[0.9149139579349904, 0.980806142034549, 0.7538779731127198, 0.8997867803837953, 0.8803165182987142, 0.9601593625498008, 0.6565260058881256, 0.9718162839248434, 0.9568273092369478, 0.9352306182531894]",batch,both
FashionMNIST,small,42,10,a1,layerwise,random,baseline,0,0.1,1,0.8979,0.8905,0.28766162214279173,0.3134351321399212,212321,0.09706735389927956,211952,0.09712377317339149,0.0,0.0,0,0,0,0.3389030440011993,0.8905,0.31343513235449794,0.34649571403861046,234752,235146,"[0.838, 0.977, 0.823, 0.904, 0.82, 0.957, 0.69, 0.965, 0.976, 0.955]","[0.8537284894837476, 0.9817658349328215, 0.828335056876939, 0.9221748400852878, 0.8496538081107814, 0.9581673306772909, 0.7065750736015701, 0.9665970772442589, 0.963855421686747, 0.9519136408243376]",batch,both
FashionMNIST,small,42,10,a1,layerwise,random,baseline,0,0.1,3,0.8987,0.8922,0.28645374174118043,0.31314871147871015,212321,0.09706735389927956,211952,0.09712377317339149,0.0,0.0,0,0,0,0.31874064600560814,0.8922,0.3131487086772919,0.33771760493982583,234752,235146,"[0.872, 0.971, 0.821, 0.904, 0.819, 0.966, 0.682, 0.955, 0.975, 0.957]","[0.8766730401529637, 0.982725527831094, 0.8314374353671148, 0.9285714285714286, 0.8427299703264095, 0.9651394422310757, 0.6908734052993131, 0.9551148225469729, 0.963855421686747, 0.9528949950932286]",batch,both
FashionMNIST,small,42,10,a1,layerwise,random,baseline,0,0.1,5,0.8986,0.8937,0.2858543495178223,0.3144473352432251,212321,0.09706735389927956,211952,0.09712377317339149,0.0,0.0,0,0,0,0.326233541010879,0.8937,0.31444733446240425,0.33206319401506335,234752,235146,"[0.868, 0.975, 0.82, 0.903, 0.854, 0.961, 0.659, 0.96, 0.976, 0.961]","[0.8690248565965584, 0.9856046065259118, 0.8252326783867632, 0.9264392324093816, 0.8664688427299704, 0.9601593625498008, 0.6722276741903828, 0.9665970772442589, 0.963855421686747, 0.9538763493621197]",batch,both
FashionMNIST,small,42,10,a1,layerwise,random,baseline,0,0.2,0,0.8869,0.8766,0.31540388746261594,0.3404757278561592,188583,0.19801740195453033,188240,0.19813249727371862,0.0,0.0,0,0,0,0.3231148960767314,0.8766,0.34047572460174563,0.33443673595320433,234752,235146,"[0.893, 0.976, 0.716, 0.898, 0.839, 0.952, 0.616, 0.964, 0.965, 0.947]","[0.8938814531548758, 0.9817658349328215, 0.7311271975180972, 0.9221748400852878, 0.8625123639960435, 0.9601593625498008, 0.6555446516192346, 0.9697286012526096, 0.9538152610441767, 0.9381746810598626]",batch,both
FashionMNIST,small,42,10,a1,layerwise,random,baseline,0,0.2,1,0.8964,0.8895,0.2901616223335266,0.31483580790162086,188583,0.19801740195453033,188240,0.19813249727371862,0.0,0.0,0,0,0,0.32140033005271107,0.8895,0.31483580034971237,0.32965234003495425,234752,235146,"[0.842, 0.974, 0.807, 0.905, 0.814, 0.957, 0.705, 0.969, 0.973, 0.949]","[0.8546845124282982, 0.9817658349328215, 0.8179937952430196, 0.9328358208955224, 0.847675568743818, 0.9561752988047809, 0.7075564278704612, 0.965553235908142, 0.9598393574297188, 0.9440628066732091]",batch,both
FashionMNIST,small,42,10,a1,layerwise,random,baseline,0,0.2,3,0.897,0.8904,0.28805615949630736,0.31400265249013903,188583,0.19801740195453033,188240,0.19813249727371862,0.0,0.0,0,0,0,0.3334799719741568,0.8904,0.31400264793634414,0.32123830600176007,234752,235146,"[0.82, 0.971, 0.815, 0.914, 0.829, 0.962, 0.703, 0.955, 0.973, 0.962]","[0.8307839388145315, 0.980806142034549, 0.8200620475698035, 0.9392324093816631, 0.8555885262116716, 0.9601593625498008, 0.7212953876349362, 0.9498956158663883, 0.9618473895582329, 0.9548577036310107]",batch,both
FashionMNIST,small,42,10,a1,layerwise,random,baseline,0,0.2,5,0.8987,0.8922,0.2867341366767883,0.31563931255340577,188583,0.19801740195453033,188240,0.19813249727371862,0.0,0.0,0,0,0,0.3333891339134425,0.8922,0.31563931591510774,0.3262680600164458,234752,235146,"[0.85, 0.975, 0.824, 0.896, 0.818, 0.961, 0.708, 0.969, 0.972, 0.949]","[0.858508604206501, 0.9856046065259118, 0.8293691830403309, 0.920042643923241, 0.847675568743818, 0.9571713147410359, 0.7154072620215898, 0.9686847599164927, 0.9578313253012049, 0.9499509322865555]",batch,both
FashionMNIST,small,42,10,a1,layerwise,random,baseline,0,0.3,0,0.88,0.8708,0.34163583793640134,0.3668357408285141,165758,0.29508475585381,165440,0.2952562704471101,0.0,0.0,0,0,0,0.3309790639905259,0.8708,0.36683574504852295,0.32803526311181486,234752,235146,"[0.879, 0.97, 0.681, 0.895, 0.826, 0.927, 0.663, 0.982, 0.961, 0.924]","[0.884321223709369, 0.980806142034549, 0.688728024819028, 0.9136460554371002, 0.8585558852621167, 0.9243027888446215, 0.6908734052993131, 0.9780793319415448, 0.9558232931726908, 0.9234543670264965]",batch,both
FashionMNIST,small,42,10,a1,layerwise,random,baseline,0,0.3,1,0.8962,0.8896,0.2907790590286255,0.3157142183661461,165758,0.29508475585381,165440,0.2952562704471101,0.0,0.0,0,0,0,0.32228247297462076,0.8896,0.3157142202854156,0.3270381420152262,234752,235146,"[0.826, 0.971, 0.799, 0.912, 0.814, 0.959, 0.725, 0.96, 0.976, 0.954]","[0.8298279158699808, 0.9817658349328215, 0.8066184074457083, 0.9434968017057569, 0.8447082096933729, 0.9611553784860558, 0.7301275760549558, 0.9634655532359081, 0.9608433734939759, 0.9450441609421001]",batch,both
FashionMNIST,small,42,10,a1,layerwise,random,baseline,0,0.3,3,0.8974,0.8878,0.28933853082656863,0.31686928740143777,165758,0.29508475585381,165440,0.2952562704471101,0.0,0.0,0,0,0,0.31824663595762104,0.8878,0.31686928528547287,0.32913875801023096,234752,235146,"[0.849, 0.968, 0.813, 0.905, 0.839, 0.964, 0.655, 0.968, 0.971, 0.946]","[0.8527724665391969, 0.9817658349328215, 0.8241985522233712, 0.9371002132196162, 0.8664688427299704, 0.9611553784860558, 0.6810598626104023, 0.9686847599164927, 0.9618473895582329, 0.9440628066732091]",batch,both
FashionMNIST,small,42,10,a1,layerwise,random,baseline,0,0.3,5,0.8991,0.8913,0.28447504024505615,0.3126493035197258,165758,0.29508475585381,165440,0.2952562704471101,0.0,0.0,0,0,0,0.31919633504003286,0.8913,0.3126492975354195,0.3232406269526109,234752,235146,"[0.861, 0.971, 0.815, 0.907, 0.821, 0.962, 0.68, 0.967, 0.976, 0.953]","[0.8604206500956023, 0.9846449136276392, 0.8231644260599793, 0.9402985074626866, 0.8565776458951533, 0.9551792828685259, 0.6928361138370952, 0.9676409185803758, 0.9658634538152611, 0.9489695780176644]",batch,both
FashionMNIST,small,42,10,a1,layerwise,random,baseline,0,0.4,0,0.8706,0.8582,0.3842415358543396,0.4097559703350067,142020,0.39603480390906076,141728,0.39626499454743724,0.0,0.0,0,0,0,0.3296740590594709,0.8582,0.40975596902370454,0.32074747898150235,234752,235146,"[0.84, 0.961, 0.659, 0.898, 0.81, 0.886, 0.706, 0.982, 0.93, 0.91]","[0.8565965583173997, 0.9769673704414588, 0.6649431230610134, 0.920042643923241, 0.8526211671612265, 0.8764940239043825, 0.732090284592738, 0.9822546972860126, 0.928714859437751, 0.914622178606477]",batch,both
FashionMNIST,small,42,10,a1,layerwise,random,baseline,0,0.4,1,0.893,0.8858,0.2953198941230774,0.3197179745197296,142020,0.39603480390906076,141728,0.39626499454743724,0.0,0.0,0,0,0,0.3176971540087834,0.8858,0.3197179783463478,0.335235598962754,234752,235146,"[0.85, 0.968, 0.795, 0.914, 0.823, 0.953, 0.674, 0.964, 0.972, 0.945]","[0.847036328871893, 0.9779270633397313, 0.8190279214064116, 0.9424307036247335, 0.847675568743818, 0.9482071713147411, 0.6722276741903828, 0.9697286012526096, 0.964859437751004, 0.9470068694798822]",batch,both
FashionMNIST,small,42,10,a1,layerwise,random,baseline,0,0.4,3,0.8965,0.886,0.2881349970817566,0.3177128651738167,142020,0.39603480390906076,141728,0.39626499454743724,0.0,0.0,0,0,0,0.31987972604110837,0.886,0.31771286776065827,0.33072154002729803,234752,235146,"[0.852, 0.969, 0.802, 0.901, 0.831, 0.96, 0.658, 0.96, 0.971, 0.956]","[0.8632887189292543, 0.9798464491362764, 0.8231644260599793, 0.9402985074626866, 0.857566765578635, 0.9551792828685259, 0.677134445534838, 0.9613778705636743, 0.963855421686747, 0.9479882237487733]",batch,both
FashionMNIST,small,42,10,a1,layerwise,random,baseline,0,0.4,5,0.8963,0.888,0.28600478343963626,0.3166988406300545,142020,0.39603480390906076,141728,0.39626499454743724,0.0,0.0,0,0,0,0.33954030694440007,0.888,0.31669884029626844,0.3293145589996129,234752,235146,"[0.848, 0.97, 0.798, 0.897, 0.827, 0.963, 0.692, 0.96, 0.97, 0.955]","[0.8546845124282982, 0.9798464491362764, 0.811789038262668, 0.9317697228144989, 0.8526211671612265, 0.9611553784860558, 0.703631010794897, 0.9603340292275574, 0.963855421686747, 0.9470068694798822]",batch,both
FashionMNIST,small,42,10,a1,layerwise,random,baseline,0,0.5,0,0.8668,0.8591,0.41318389596939087,0.4373271318435669,118282,0.4969848519643115,118016,0.4972737186477645,0.0,0.0,0,0,0,0.3205757199320942,0.8591,0.4373271299123764,0.3296481530414894,234752,235146,"[0.855, 0.956, 0.665, 0.869, 0.85, 0.904, 0.646, 0.967, 0.959, 0.92]","[0.872848948374761, 0.9644913627639156, 0.6835573940020683, 0.8805970149253731, 0.8714144411473789, 0.9033864541832669, 0.6702649656526006, 0.9624217118997912, 0.9437751004016064, 0.9126594700686947]",batch,both
FashionMNIST,small,42,10,a1,layerwise,random,baseline,0,0.5,1,0.8916,0.8836,0.2990432322502136,0.32485649470090866,118282,0.4969848519643115,118016,0.4972737186477645,0.0,0.0,0,0,0,0.32053320796694607,0.8836,0.32485649995803834,0.33187782298773527,234752,235146,"[0.847, 0.968, 0.811, 0.894, 0.812, 0.95, 0.667, 0.959, 0.977, 0.951]","[0.8546845124282982, 0.9788867562380038, 0.8293691830403309, 0.9221748400852878, 0.8348170128585559, 0.9452191235059761, 0.676153091265947, 0.965553235908142, 0.9658634538152611, 0.9479882237487733]",batch,both
FashionMNIST,small,42,10,a1,layerwise,random,baseline,0,0.5,3,0.8952,0.8855,0.2939990439414978,0.3204407231211662,118282,0.4969848519643115,118016,0.4972737186477645,0.0,0.0,0,0,0,0.32361619698349386,0.8855,0.3204407199978828,0.32243801990989596,234752,235146,"[0.843, 0.97, 0.821, 0.906, 0.8, 0.957, 0.674, 0.96, 0.971, 0.953]","[0.847036328871893, 0.9788867562380038, 0.8386763185108583, 0.9402985074626866, 0.8358061325420376, 0.9462151394422311, 0.6918547595682041, 0.9634655532359081, 0.9678714859437751, 0.9479882237487733]",batch,both
FashionMNIST,small,42,10,a1,layerwise,random,baseline,0,0.5,5,0.8946,0.8875,0.29167557487487794,0.31872937713861466,118282,0.4969848519643115,118016,0.4972737186477645,0.0,0.0,0,0,0,0.3273596919607371,0.8875,0.31872937623262404,0.3280567820183933,234752,235146,"[0.862, 0.973, 0.824, 0.903, 0.814, 0.962, 0.656, 0.949, 0.973, 0.959]","[0.8594646271510517, 0.9817658349328215, 0.8417786970010341, 0.9371002132196162, 0.8466864490603363, 0.9581673306772909, 0.6633954857703631, 0.9478079331941545, 0.9658634538152611, 0.9489695780176644]",batch,both
FashionMNIST,small,42,10,a1,layerwise,random,baseline,0,0.7,0,0.8072,0.8043,0.6521543139457703,0.6737392819404602,71719,0.6950022539188419,71504,0.6954062159214831,0.0,0.0,0,0,0,0.3217270500026643,0.8043,0.6737392919540405,0.33000131393782794,234752,235146,"[0.73, 0.938, 0.623, 0.911, 0.837, 0.688, 0.529, 0.939, 0.965, 0.883]","[0.7380497131931166, 0.9366602687140115, 0.6318510858324715, 0.9275053304904051, 0.8348170128585559, 0.6703187250996016, 0.5750736015701668, 0.930062630480167, 0.9538152610441767, 0.8822374877330716]",batch,both
FashionMNIST,small,42,10,a1,layerwise,random,baseline,0,0.7,1,0.8807,0.8758,0.32561738929748535,0.34804297821521757,71719,0.6950022539188419,71504,0.6954062159214831,0.0,0.0,0,0,0,0.32931629102677107,0.8758,0.34804297821521757,0.32218193891458213,234752,235146,"[0.862, 0.962, 0.786, 0.894, 0.841, 0.941, 0.602, 0.943, 0.969, 0.958]","[0.872848948374761, 0.9712092130518234, 0.8024819027921406, 0.9264392324093816, 0.8595450049455984, 0.9163346613545816, 0.6231599607458292, 0.9373695198329853, 0.9508032128514057, 0.9499509322865555]",batch,both
FashionMNIST,small,42,10,a1,layerwise,random,baseline,0,0.7,3,0.8856,0.8769,0.31072769107818604,0.33748646886348727,71719,0.6950022539188419,71504,0.6954062159214831,0.0,0.0,0,0,0,0.33228844194673,0.8769,0.33748646714687347,0.34962959901895374,234752,235146,"[0.852, 0.963, 0.804, 0.898, 0.799, 0.949, 0.632, 0.945, 0.972, 0.955]","[0.861376673040153, 0.9750479846449136, 0.8241985522233712, 0.9307036247334755, 0.8427299703264095, 0.9322709163346613, 0.6378802747791953, 0.9519832985386222, 0.9618473895582329, 0.943081452404318]",batch,both
FashionMNIST,small,42,10,a1,layerwise,random,baseline,0,0.7,5,0.8881,0.8792,0.30292351026535036,0.3312791605234146,71719,0.6950022539188419,71504,0.6954062159214831,0.0,0.0,0,0,0,0.35275383095722646,0.8792,0.3312791576623917,0.3263386159669608,234752,235146,"[0.832, 0.964, 0.801, 0.89, 0.814, 0.951, 0.669, 0.944, 0.968, 0.959]","[0.8365200764818356, 0.9760076775431862, 0.8179937952430196, 0.9221748400852878, 0.8526211671612265, 0.9412350597609562, 0.6830225711481845, 0.9498956158663883, 0.9578313253012049, 0.9479882237487733]",batch,both
FashionMNIST,small,42,10,a2,layerwise,random,baseline,0,0.05,0,0.8884,0.8782,0.3035366035461426,0.3323616892695427,233544,0.006812788650455426,233156,0.006798664122137366,0.0,0.0,0,0,0,0.3089923639781773,0.8782,0.33236169041395186,0.3202539070043713,234752,235146,"[0.894, 0.968, 0.691, 0.861, 0.886, 0.964, 0.639, 0.959, 0.969, 0.951]","[0.9015296367112811, 0.9788867562380038, 0.7166494312306101, 0.8773987206823027, 0.9070227497527201, 0.9661354581673307, 0.6732090284592738, 0.9603340292275574, 0.9528112449799196, 0.9450441609421001]",batch,both
FashionMNIST,small,42,10,a2,layerwise,random,baseline,0,0.05,1,0.8977,0.8925,0.2864679678916931,0.31228106951713563,233544,0.006812788650455426,233156,0.006798664122137366,0.0,0.0,0,0,0,0.3328630269970745,0.8925,0.3122810696542263,0.3161821160465479,234752,235146,"[0.838, 0.975, 0.794, 0.914, 0.838, 0.96, 0.715, 0.967, 0.975, 0.949]","[0.8489483747609943, 0.9817658349328215, 0.8004136504653567, 0.9456289978678039, 0.8605341246290801, 0.9561752988047809, 0.7085377821393523, 0.9697286012526096, 0.963855421686747, 0.9460255152109912]",batch,both
FashionMNIST,small,42,10,a2,layerwise,random,baseline,0,0.05,3,0.8997,0.8939,0.28258058319091794,0.31027919491529465,233544,0.006812788650455426,233156,0.006798664122137366,0.0,0.0,0,0,0,0.33127439592499286,0.8939,0.31027919326424597,0.32156672002747655,234752,235146,"[0.846, 0.974, 0.809, 0.903, 0.834, 0.961, 0.717, 0.954, 0.98, 0.961]","[0.847036328871893, 0.9836852207293666, 0.8169596690796277, 0.9349680170575693, 0.8526211671612265, 0.9601593625498008, 0.7222767419038273, 0.9624217118997912, 0.9668674698795181, 0.9538763493621197]",batch,both
FashionMNIST,small,42,10,a2,layerwise,random,baseline,0,0.05,5,0.8976,0.895,0.2834358967781067,0.31202030737400055,233544,0.006812788650455426,233156,0.006798664122137366,0.0,0.0,0,0,0,0.3204042309662327,0.895,0.31202031189799306,0.3354767120908946,234752,235146,"[0.846, 0.975, 0.82, 0.905, 0.838, 0.958, 0.705, 0.97, 0.977, 0.956]","[0.8413001912045889, 0.982725527831094, 0.8210961737331954, 0.9243070362473348, 0.8536102868447082, 0.954183266932271, 0.7173699705593719, 0.9707724425887265, 0.964859437751004, 0.9499509322865555]",batch,both
FashionMNIST,small,42,10,a2,layerwise,random,baseline,0,0.1,0,0.8904,0.8784,0.30077394075393676,0.32920629848241806,231942,0.013625577300910963,231560,0.013597328244274842,0.0,0.0,0,0,0,0.3352955450536683,0.8784,0.32920629884004593,0.31952272402122617,234752,235146,"[0.882, 0.969, 0.699, 0.858, 0.894, 0.96, 0.642, 0.957, 0.969, 0.954]","[0.9005736137667304, 0.9788867562380038, 0.7259565667011375, 0.8763326226012793, 0.9149357072205737, 0.9591633466135459, 0.6751717369970559, 0.9634655532359081, 0.9568273092369478, 0.9479882237487733]",batch,both
FashionMNIST,small,42,10,a2,layerwise,random,baseline,0,0.1,1,0.8968,0.8907,0.2864526421546936,0.31057641026973726,231942,0.013625577300910963,231560,0.013597328244274842,0.0,0.0,0,0,0,0.3255851869471371,0.8907,0.310576408624649,0.3358360640704632,234752,235146,"[0.852, 0.97, 0.824, 0.914, 0.806, 0.963, 0.695, 0.958, 0.969, 0.956]","[0.8594646271510517, 0.9798464491362764, 0.8293691830403309, 0.94136460554371, 0.837784371909001, 0.9571713147410359, 0.6947988223748773, 0.9603340292275574, 0.9598393574297188, 0.9528949950932286]",batch,both
FashionMNIST,small,42,10,a2,layerwise,random,baseline,0,0.1,3,0.8988,0.8908,0.28431217412948606,0.31128501583337786,231942,0.013625577300910963,231560,0.013597328244274842,0.0,0.0,0,0,0,0.3088879520073533,0.8908,0.31128501682281495,0.32523739093448967,234752,235146,"[0.846, 0.972, 0.788, 0.91, 0.835, 0.963, 0.71, 0.945, 0.972, 0.967]","[0.847036328871893, 0.982725527831094, 0.8045501551189245, 0.94136460554371, 0.8595450049455984, 0.9601593625498008, 0.7252208047105005, 0.9519832985386222, 0.9608433734939759, 0.957801766437684]",batch,both
FashionMNIST,small,42,10,a2,layerwise,random,baseline,0,0.1,5,0.9005,0.8932,0.2821654956817627,0.3105527790427208,231942,0.013625577300910963,231560,0.013597328244274842,0.0,0.0,0,0,0,0.3282773318933323,0.8932,0.3105527776837349,0.3202906169462949,234752,235146,"[0.842, 0.973, 0.817, 0.905, 0.826, 0.961, 0.707, 0.962, 0.975, 0.964]","[0.844168260038241, 0.9836852207293666, 0.8304033092037229, 0.9307036247334755, 0.8456973293768546, 0.9571713147410359, 0.7291462217860648, 0.964509394572025, 0.9658634538152611, 0.957801766437684]",batch,both
FashionMNIST,small,42,10,a2,layerwise,random,baseline,0,0.2,0,0.8916,0.8798,0.3038867817878723,0.33290952242612837,228471,0.028386619376897793,228102,0.028327767175572505,0.0,0.0,0,0,0,0.32034948200453073,0.8798,0.3329095237493515,0.329341427073814,234752,235146,"[0.892, 0.964, 0.711, 0.858, 0.879, 0.957, 0.652, 0.954, 0.976, 0.955]","[0.9053537284894837, 0.9779270633397313, 0.7425025853154085, 0.8710021321961621, 0.9090009891196835, 0.9551792828685259, 0.6781157998037292, 0.9603340292275574, 0.9628514056224899, 0.9489695780176644]",batch,both
FashionMNIST,small,42,10,a2,layerwise,random,baseline,0,0.2,1,0.8967,0.8905,0.28395994539260866,0.31087832129597665,228471,0.028386619376897793,228102,0.028327767175572505,0.0,0.0,0,0,0,0.3165867179632187,0.8905,0.3108783162713051,0.3311371559975669,234752,235146,"[0.849, 0.969, 0.793, 0.908, 0.846, 0.96, 0.694, 0.949, 0.976, 0.961]","[0.8537284894837476, 0.9817658349328215, 0.796277145811789, 0.9381663113006397, 0.8625123639960435, 0.9591633466135459, 0.704612365063788, 0.9561586638830898, 0.9628514056224899, 0.9548577036310107]",batch,both
FashionMNIST,small,42,10,a2,layerwise,random,baseline,0,0.2,3,0.8993,0.8918,0.2843480690002441,0.3097698527216911,228471,0.028386619376897793,228102,0.028327767175572505,0.0,0.0,0,0,0,0.3089591630268842,0.8918,0.3097698497593403,0.3400415990035981,234752,235146,"[0.848, 0.971, 0.806, 0.912, 0.82, 0.964, 0.706, 0.969, 0.976, 0.946]","[0.8565965583173997, 0.982725527831094, 0.8159255429162358, 0.9445628997867804, 0.8456973293768546, 0.9601593625498008, 0.7154072620215898, 0.964509394572025, 0.964859437751004, 0.9470068694798822]",batch,both
FashionMNIST,small,42,10,a2,layerwise,random,baseline,0,0.2,5,0.8995,0.8906,0.283898085975647,0.312169061756134,228471,0.028386619376897793,228102,0.028327767175572505,0.0,0.0,0,0,0,0.3232902829768136,0.8906,0.3121690677642822,0.3378966299351305,234752,235146,"[0.854, 0.97, 0.789, 0.911, 0.842, 0.962, 0.695, 0.959, 0.972, 0.952]","[0.8604206500956023, 0.982725527831094, 0.8138572905894519, 0.9402985074626866, 0.857566765578635, 0.9611553784860558, 0.7055937193326791, 0.965553235908142, 0.9628514056224899, 0.9489695780176644]",batch,both
FashionMNIST,small,42,10,a2,layerwise,random,baseline,0,0.3,0,0.8875,0.8774,0.3169237853050232,0.34553831572532656,225000,0.04314766145288462,224644,0.04305820610687028,0.0,0.0,0,0,0,0.341236699023284,0.8774,0.34553831572532656,0.3619631160981953,234752,235146,"[0.893, 0.963, 0.72, 0.844, 0.883, 0.96, 0.628, 0.958, 0.974, 0.951]","[0.9015296367112811, 0.9769673704414588, 0.7466390899689762, 0.8539445628997868, 0.9149357072205737, 0.9551792828685259, 0.6555446516192346, 0.9624217118997912, 0.9608433734939759, 0.9421000981354269]",batch,both
FashionMNIST,small,42,10,a2,layerwise,random,baseline,0,0.3,1,0.8986,0.8909,0.28211509141922,0.3071782945871353,225000,0.04314766145288462,224644,0.04305820610687028,0.0,0.0,0,0,0,0.3486601290060207,0.8909,0.3071782925486565,0.3173166230553761,234752,235146,"[0.854, 0.969, 0.804, 0.902, 0.835, 0.959, 0.695, 0.961, 0.975, 0.955]","[0.858508604206501, 0.9788867562380038, 0.8200620475698035, 0.9339019189765458, 0.8565776458951533, 0.9561752988047809, 0.7095191364082434, 0.9624217118997912, 0.964859437751004, 0.9489695780176644]",batch,both
FashionMNIST,small,42,10,a2,layerwise,random,baseline,0,0.3,3,0.8997,0.8918,0.28102282152175906,0.3104574318468571,225000,0.04314766145288462,224644,0.04305820610687028,0.0,0.0,0,0,0,0.3266716789221391,0.8918,0.31045743349194527,0.32826421700883657,234752,235146,"[0.862, 0.969, 0.803, 0.91, 0.825, 0.962, 0.692, 0.968, 0.977, 0.95]","[0.864244741873805, 0.982725527831094, 0.8231644260599793, 0.9371002132196162, 0.8536102868447082, 0.9551792828685259, 0.6987242394504416, 0.9718162839248434, 0.9668674698795181, 0.9479882237487733]",batch,both
FashionMNIST,small,42,10,a2,layerwise,random,baseline,0,0.3,5,0.8993,0.8929,0.2834820098876953,0.3112828391134739,225000,0.04314766145288462,224644,0.04305820610687028,0.0,0.0,0,0,0,0.32768591796047986,0.8929,0.3112828442752361,0.3195098569849506,234752,235146,"[0.852, 0.971, 0.825, 0.913, 0.812, 0.957, 0.703, 0.971, 0.976, 0.949]","[0.8518164435946463, 0.9846449136276392, 0.8376421923474664, 0.9445628997867804, 0.837784371909001, 0.953187250996016, 0.7075564278704612, 0.9739039665970772, 0.9628514056224899, 0.9450441609421001]",batch,both
FashionMNIST,small,42,10,a2,layerwise,random,baseline,0,0.4,0,0.8855,0.8735,0.34917373294830323,0.37892307879924775,221529,0.05790870352887145,221186,0.05778864503816794,0.0,0.0,0,0,0,0.33467614895198494,0.8735,0.3789230759382248,0.34396062104497105,234752,235146,"[0.88, 0.967, 0.714, 0.793, 0.895, 0.962, 0.642, 0.957, 0.974, 0.951]","[0.8919694072657743, 0.980806142034549, 0.7518097207859359, 0.8176972281449894, 0.9179030662710188, 0.9571713147410359, 0.661432777232581, 0.964509394572025, 0.9608433734939759, 0.9440628066732091]",batch,both
FashionMNIST,small,42,10,a2,layerwise,random,baseline,0,0.4,1,0.8957,0.8891,0.28342410888671876,0.3103517457962036,221529,0.05790870352887145,221186,0.05778864503816794,0.0,0.0,0,0,0,0.31698288093321025,0.8891,0.3103517402648926,0.3329108889447525,234752,235146,"[0.845, 0.966, 0.8, 0.912, 0.832, 0.957, 0.684, 0.954, 0.978, 0.963]","[0.8546845124282982, 0.9769673704414588, 0.8148914167528438, 0.9402985074626866, 0.8466864490603363, 0.950199203187251, 0.6987242394504416, 0.9613778705636743, 0.963855421686747, 0.9538763493621197]",batch,both
FashionMNIST,small,42,10,a2,layerwise,random,baseline,0,0.4,3,0.8976,0.8923,0.28173622121810915,0.30793297671675685,221529,0.05790870352887145,221186,0.05778864503816794,0.0,0.0,0,0,0,0.3219871890032664,0.8923,0.30793297339081765,0.31977403711061925,234752,235146,"[0.843, 0.971, 0.809, 0.903, 0.824, 0.964, 0.719, 0.968, 0.974, 0.948]","[0.8432122370936902, 0.9846449136276392, 0.8293691830403309, 0.929637526652452, 0.8466864490603363, 0.954183266932271, 0.7222767419038273, 0.965553235908142, 0.9598393574297188, 0.9450441609421001]",batch,both
FashionMNIST,small,42,10,a2,layerwise,random,baseline,0,0.4,5,0.8996,0.8909,0.2829394783973694,0.30970715889334677,221529,0.05790870352887145,221186,0.05778864503816794,0.0,0.0,0,0,0,0.32161582401022315,0.8909,0.30970715381503106,0.31935781706124544,234752,235146,"[0.839, 0.968, 0.802, 0.913, 0.841, 0.961, 0.687, 0.961, 0.975, 0.962]","[0.8508604206500956, 0.9798464491362764, 0.8252326783867632, 0.9445628997867804, 0.8605341246290801, 0.9581673306772909, 0.6977428851815506, 0.965553235908142, 0.9658634538152611, 0.9528949950932286]",batch,both
FashionMNIST,small,42,10,a2,layerwise,random,baseline,0,0.5,0,0.8797,0.8691,0.38611952991485593,0.4120128361940384,218058,0.07266974560485828,217728,0.0725190839694656,0.0,0.0,0,0,0,0.321191860944964,0.8691,0.4120128331422806,0.3224837789312005,234752,235146,"[0.879, 0.966, 0.715, 0.784, 0.907, 0.941, 0.612, 0.958, 0.971, 0.958]","[0.8862332695984704, 0.9798464491362764, 0.7476732161323681, 0.8123667377398721, 0.923837784371909, 0.9282868525896414, 0.634936211972522, 0.9665970772442589, 0.9578313253012049, 0.9528949950932286]",batch,both
FashionMNIST,small,42,10,a2,layerwise,random,baseline,0,0.5,1,0.8962,0.8853,0.28479343404769897,0.309961602973938,218058,0.07266974560485828,217728,0.0725190839694656,0.0,0.0,0,0,0,0.33449842501431704,0.8853,0.30996160719394683,0.33265771996229887,234752,235146,"[0.837, 0.964, 0.808, 0.916, 0.801, 0.957, 0.682, 0.951, 0.977, 0.96]","[0.8537284894837476, 0.9788867562380038, 0.8252326783867632, 0.9434968017057569, 0.8367952522255193, 0.951195219123506, 0.6967615309126595, 0.9603340292275574, 0.9658634538152611, 0.9548577036310107]",batch,both
FashionMNIST,small,42,10,a2,layerwise,random,baseline,0,0.5,3,0.8972,0.8884,0.2813157793045044,0.3072276043176651,218058,0.07266974560485828,217728,0.0725190839694656,0.0,0.0,0,0,0,0.3266641970258206,0.8884,0.30722760530114174,0.33105102297849953,234752,235146,"[0.848, 0.969, 0.804, 0.911, 0.81, 0.96, 0.693, 0.956, 0.974, 0.959]","[0.8537284894837476, 0.9817658349328215, 0.8179937952430196, 0.9424307036247335, 0.8397626112759644, 0.952191235059761, 0.7065750736015701, 0.9613778705636743, 0.9658634538152611, 0.9548577036310107]",batch,both
FashionMNIST,small,42,10,a2,layerwise,random,baseline,0,0.5,5,0.8984,0.8899,0.28266304082870486,0.3067753389000893,218058,0.07266974560485828,217728,0.0725190839694656,0.0,0.0,0,0,0,0.32966584200039506,0.8899,0.3067753388881683,0.3297881439793855,234752,235146,"[0.862, 0.97, 0.825, 0.908, 0.806, 0.96, 0.674, 0.959, 0.973, 0.962]","[0.8661567877629063, 0.9856046065259118, 0.8407445708376422, 0.9402985074626866, 0.8328387734915925, 0.951195219123506, 0.6928361138370952, 0.9665970772442589, 0.9598393574297188, 0.9528949950932286]",batch,both
FashionMNIST,small,42,10,a2,layerwise,random,baseline,0,0.7,0,0.8787,0.8625,0.5829933841705323,0.6057035225868225,211383,0.10105636498175596,211078,0.10084685114503822,0.0,0.0,0,0,0,0.3450959239853546,0.8625,0.605703523683548,0.3272735020145774,234752,235146,"[0.827, 0.97, 0.699, 0.794, 0.893, 0.957, 0.66, 0.915, 0.968, 0.942]","[0.8432122370936902, 0.9836852207293666, 0.733195449844881, 0.8294243070362474, 0.9198813056379822, 0.9601593625498008, 0.6957801766437685, 0.9112734864300627, 0.9477911646586346, 0.9548577036310107]",batch,both
FashionMNIST,small,42,10,a2,layerwise,random,baseline,0,0.7,1,0.8919,0.8861,0.3005304579734802,0.3217292821884155,211383,0.10105636498175596,211078,0.10084685114503822,0.0,0.0,0,0,0,0.32297626708168536,0.8861,0.3217292821884155,0.3361282750265673,234752,235146,"[0.846, 0.965, 0.817, 0.907, 0.826, 0.952, 0.662, 0.966, 0.973, 0.947]","[0.8499043977055449, 0.9779270633397313, 0.8304033092037229, 0.9434968017057569, 0.8496538081107814, 0.9352589641434262, 0.6673209028459274, 0.9707724425887265, 0.9608433734939759, 0.9401373895976447]",batch,both
FashionMNIST,small,42,10,a2,layerwise,random,baseline,0,0.7,3,0.8944,0.888,0.28919679927825925,0.3119678855895996,211383,0.10105636498175596,211078,0.10084685114503822,0.0,0.0,0,0,0,0.32739226799458265,0.888,0.3119678836584091,0.32910008006729186,234752,235146,"[0.848, 0.968, 0.788, 0.906, 0.846, 0.959, 0.679, 0.954, 0.976, 0.956]","[0.8527724665391969, 0.9779270633397313, 0.7973112719751809, 0.9339019189765458, 0.8684470820969338, 0.951195219123506, 0.6987242394504416, 0.954070981210856, 0.9658634538152611, 0.9470068694798822]",batch,both
FashionMNIST,small,42,10,a2,layerwise,random,baseline,0,0.7,5,0.8949,0.8883,0.28902715673446655,0.3109650925993919,211383,0.10105636498175596,211078,0.10084685114503822,0.0,0.0,0,0,0,0.34949993900954723,0.8883,0.31096509858369825,0.33611342404037714,234752,235146,"[0.855, 0.967, 0.809, 0.915, 0.844, 0.954, 0.653, 0.951, 0.975, 0.96]","[0.8623326959847036, 0.980806142034549, 0.8159255429162358, 0.9445628997867804, 0.8684470820969338, 0.9392430278884463, 0.662414131501472, 0.9634655532359081, 0.9628514056224899, 0.9538763493621197]",batch,both
FashionMNIST,small,42,10,all,all,random,baseline,1,0.05,0,0.8897,0.8789,0.300901208114624,0.3302948080301285,222660,0.05309892577377462,222284,0.05311136859323884,0.0,0.0,0,0,0,0.3217323230346665,0.8789,0.3302948098063469,0.3316829780815169,234752,235146,"[0.897, 0.965, 0.73, 0.865, 0.857, 0.963, 0.64, 0.954, 0.972, 0.946]","[0.9053537284894837, 0.9798464491362764, 0.7600827300930714, 0.8816631130063965, 0.8724035608308606, 0.9681274900398407, 0.6643768400392541, 0.9624217118997912, 0.9548192771084337, 0.9450441609421001]",batch,both
FashionMNIST,small,42,10,all,all,random,baseline,1,0.05,1,0.8983,0.8917,0.2861258127212524,0.311927929097414,222660,0.05309892577377462,222284,0.05311136859323884,0.0,0.0,0,0,0,0.3362547119613737,0.8917,0.3119279332101345,0.3303213029867038,234752,235146,"[0.841, 0.974, 0.792, 0.902, 0.842, 0.96, 0.711, 0.957, 0.976, 0.962]","[0.8518164435946463, 0.9836852207293666, 0.7983453981385729, 0.9307036247334755, 0.857566765578635, 0.9561752988047809, 0.7281648675171737, 0.9572025052192067, 0.963855421686747, 0.957801766437684]",batch,both
FashionMNIST,small,42,10,all,all,random,baseline,1,0.05,3,0.8995,0.8915,0.2856468070983887,0.3109410978972912,222660,0.05309892577377462,222284,0.05311136859323884,0.0,0.0,0,0,0,0.31729700800497085,0.8915,0.3109411008477211,0.3264631909551099,234752,235146,"[0.827, 0.973, 0.786, 0.906, 0.829, 0.964, 0.74, 0.965, 0.971, 0.954]","[0.8307839388145315, 0.9817658349328215, 0.8107549120992761, 0.9371002132196162, 0.8526211671612265, 0.9601593625498008, 0.7419038272816487, 0.9707724425887265, 0.963855421686747, 0.9499509322865555]",batch,both
FashionMNIST,small,42,10,all,all,random,baseline,1,0.05,5,0.9003,0.895,0.28426205949783323,0.31247572783231736,222660,0.05309892577377462,222284,0.05311136859323884,0.0,0.0,0,0,0,0.35976653394754976,0.895,0.31247573400735856,0.33980715996585786,234752,235146,"[0.832, 0.974, 0.809, 0.913, 0.837, 0.963, 0.722, 0.961, 0.976, 0.963]","[0.8384321223709369, 0.9856046065259118, 0.8076525336091003, 0.94136460554371, 0.8555885262116716, 0.9591633466135459, 0.7301275760549558, 0.965553235908142, 0.9678714859437751, 0.9558390578999019]",batch,both
FashionMNIST,small,42,10,all,all,random,baseline,1,0.1,0,0.8885,0.8777,0.3083751619338989,0.33705134544372556,209417,0.10941712808212767,209060,0.10944315703380592,0.0,0.0,0,0,0,0.3371441330527887,0.8777,0.33705134129524233,0.329178046900779,234752,235146,"[0.906, 0.965, 0.745, 0.868, 0.867, 0.964, 0.581, 0.959, 0.976, 0.946]","[0.9120458891013384, 0.980806142034549, 0.766287487073423, 0.8773987206823027, 0.887240356083086, 0.9661354581673307, 0.6211972522080471, 0.965553235908142, 0.9628514056224899, 0.943081452404318]",batch,both
FashionMNIST,small,42,10,all,all,random,baseline,1,0.1,1,0.8963,0.8902,0.2862286901473999,0.310534907746315,209417,0.10941712808212767,209060,0.10944315703380592,0.0,0.0,0,0,0,0.31566987093538046,0.8902,0.31053490616083146,0.3187838849844411,234752,235146,"[0.859, 0.969, 0.834, 0.903, 0.825, 0.96, 0.658, 0.961, 0.975, 0.958]","[0.8661567877629063, 0.9788867562380038, 0.8386763185108583, 0.9307036247334755, 0.847675568743818, 0.9551792828685259, 0.6692836113837095, 0.9634655532359081, 0.9618473895582329, 0.9558390578999019]",batch,both
FashionMNIST,small,42,10,all,all,random,baseline,1,0.1,3,0.8991,0.892,0.2850161747932434,0.31024057515859604,209417,0.10941712808212767,209060,0.10944315703380592,0.0,0.0,0,0,0,0.33118113700766116,0.892,0.31024057151079176,0.32619935402181,234752,235146,"[0.851, 0.974, 0.818, 0.91, 0.832, 0.966, 0.675, 0.964, 0.978, 0.952]","[0.8632887189292543, 0.9856046065259118, 0.8221302998965874, 0.94136460554371, 0.8545994065281899, 0.9671314741035857, 0.6840039254170756, 0.9624217118997912, 0.963855421686747, 0.9509322865554465]",batch,both
FashionMNIST,small,42,10,all,all,random,baseline,1,0.1,5,0.8994,0.8937,0.28488882036209107,0.3104150291800499,209417,0.10941712808212767,209060,0.10944315703380592,0.0,0.0,0,0,0,0.34680300194304436,0.8937,0.31041502898931506,0.3537661919835955,234752,235146,"[0.861, 0.976, 0.841, 0.905, 0.803, 0.964, 0.691, 0.962, 0.977, 0.957]","[0.861376673040153, 0.9846449136276392, 0.843846949327818, 0.9371002132196162, 0.8318496538081108, 0.9571713147410359, 0.6967615309126595, 0.965553235908142, 0.9658634538152611, 0.9548577036310107]",batch,both
FashionMNIST,small,42,10,all,all,random,baseline,1,0.2,0,0.8849,0.8739,0.33618896884918215,0.3618094194889069,183183,0.2209818580796612,182865,0.22102900081788446,0.0,0.0,0,0,0,0.317032188992016,0.8739,0.36180941245555875,0.33844623307231814,234752,235146,"[0.894, 0.961, 0.741, 0.867, 0.871, 0.975, 0.571, 0.944, 0.976, 0.939]","[0.9063097514340345, 0.9779270633397313, 0.7693898655635988, 0.8720682302771855, 0.8892185954500494, 0.9780876494023905, 0.6123650637880275, 0.9436325678496869, 0.9608433734939759, 0.9362119725220804]",batch,both
FashionMNIST,small,42,10,all,all,random,baseline,1,0.2,1,0.8961,0.8907,0.2854378708839416,0.30918376460671426,183183,0.2209818580796612,182865,0.22102900081788446,0.0,0.0,0,0,0,0.3173704349901527,0.8907,0.3091837653696537,0.3375978720141575,234752,235146,"[0.85, 0.968, 0.793, 0.902, 0.839, 0.96, 0.701, 0.962, 0.975, 0.957]","[0.858508604206501, 0.9788867562380038, 0.8035160289555325, 0.9275053304904051, 0.8526211671612265, 0.9571713147410359, 0.7055937193326791, 0.9665970772442589, 0.9658634538152611, 0.9479882237487733]",batch,both
FashionMNIST,small,42,10,all,all,random,baseline,1,0.2,3,0.8978,0.8926,0.2835437829017639,0.30978148130774497,183183,0.2209818580796612,182865,0.22102900081788446,0.0,0.0,0,0,0,0.33028888003900647,0.8926,0.30978147814869883,0.34108444896992296,234752,235146,"[0.87, 0.968, 0.819, 0.906, 0.821, 0.968, 0.679, 0.965, 0.976, 0.954]","[0.8652007648183556, 0.9788867562380038, 0.8262668045501551, 0.9360341151385928, 0.8526211671612265, 0.9631474103585658, 0.6810598626104023, 0.9634655532359081, 0.9658634538152611, 0.9499509322865555]",batch,both
FashionMNIST,small,42,10,all,all,random,baseline,1,0.2,5,0.8971,0.8926,0.2826804968833923,0.30947982597351076,183183,0.2209818580796612,182865,0.22102900081788446,0.0,0.0,0,0,0,0.32521101308520883,0.8926,0.3094798253595829,0.3207752149319276,234752,235146,"[0.856, 0.971, 0.8, 0.902, 0.84, 0.969, 0.693, 0.96, 0.975, 0.96]","[0.844168260038241, 0.9836852207293666, 0.8148914167528438, 0.9328358208955224, 0.8615232443125618, 0.9651394422310757, 0.7026496565260059, 0.9551148225469729, 0.963855421686747, 0.9509322865554465]",batch,both
FashionMNIST,small,42,10,all,all,random,baseline,1,0.3,0,0.8734,0.861,0.4252493510246277,0.45407397367954255,158500,0.32595068595680976,158220,0.3260121319520175,0.0,0.0,0,0,0,0.32767812500242144,0.861,0.4540739737033844,0.3203690299997106,234752,235146,"[0.894, 0.967, 0.679, 0.807, 0.874, 0.961, 0.579, 0.95, 0.973, 0.926]","[0.904397705544933, 0.9798464491362764, 0.7094105480868665, 0.8208955223880597, 0.8921859545004945, 0.9721115537848606, 0.6074582924435721, 0.9572025052192067, 0.9588353413654619, 0.9244357212953876]",batch,both
FashionMNIST,small,42,10,all,all,random,baseline,1,0.3,1,0.8955,0.8867,0.2879279688835144,0.31335560264587403,158500,0.32595068595680976,158220,0.3260121319520175,0.0,0.0,0,0,0,0.319825422950089,0.8867,0.31335560026168824,0.3360919940751046,234752,235146,"[0.863, 0.968, 0.811, 0.9, 0.831, 0.961, 0.646, 0.955, 0.973, 0.959]","[0.8804971319311663, 0.9798464491362764, 0.8252326783867632, 0.9285714285714286, 0.8545994065281899, 0.953187250996016, 0.661432777232581, 0.9613778705636743, 0.9598393574297188, 0.9538763493621197]",batch,both
FashionMNIST,small,42,10,all,all,random,baseline,1,0.3,3,0.8968,0.8892,0.2847415252685547,0.31009705266952514,158500,0.32595068595680976,158220,0.3260121319520175,0.0,0.0,0,0,0,0.31570701906457543,0.8892,0.31009705169200896,0.3438969940179959,234752,235146,"[0.856, 0.97, 0.821, 0.907, 0.821, 0.965, 0.659, 0.969, 0.975, 0.949]","[0.8594646271510517, 0.9798464491362764, 0.8376421923474664, 0.9381663113006397, 0.8516320474777448, 0.9581673306772909, 0.6692836113837095, 0.9707724425887265, 0.9618473895582329, 0.9470068694798822]",batch,both
FashionMNIST,small,42,10,all,all,random,baseline,1,0.3,5,0.8978,0.8916,0.28287471933364866,0.30935991797447204,158500,0.32595068595680976,158220,0.3260121319520175,0.0,0.0,0,0,0,0.3386160939699039,0.8916,0.30935992221832276,0.36690048000309616,234752,235146,"[0.858, 0.971, 0.804, 0.903, 0.827, 0.969, 0.69, 0.961, 0.973, 0.96]","[0.8575525812619503, 0.982725527831094, 0.8304033092037229, 0.929637526652452, 0.8516320474777448, 0.9611553784860558, 0.6947988223748773, 0.9613778705636743, 0.9608433734939759, 0.9519136408243376]",batch,both
FashionMNIST,small,42,10,all,all,random,baseline,1,0.4,0,0.8671,0.8535,0.5582357196807861,0.5806914044857026,133605,0.43182108137072284,133364,0.4318940839694656,0.0,0.0,0,0,0,0.31289811397437006,0.8535,0.5806914087295533,0.33243699301965535,234752,235146,"[0.889, 0.967, 0.702, 0.804, 0.8, 0.964, 0.576, 0.951, 0.965, 0.917]","[0.8967495219885278, 0.980806142034549, 0.7383660806618407, 0.8272921108742004, 0.8249258160237388, 0.9661354581673307, 0.6104023552502453, 0.9498956158663883, 0.9518072289156626, 0.9195289499509323]",batch,both
FashionMNIST,small,42,10,all,all,random,baseline,1,0.4,1,0.8931,0.8834,0.2971538842201233,0.32065859063863755,133605,0.43182108137072284,133364,0.4318940839694656,0.0,0.0,0,0,0,0.3213027570163831,0.8834,0.3206585923910141,0.33331799996085465,234752,235146,"[0.84, 0.971, 0.809, 0.903, 0.794, 0.96, 0.678, 0.956, 0.971, 0.952]","[0.8527724665391969, 0.9798464491362764, 0.8355739400206825, 0.9371002132196162, 0.8288822947576657, 0.951195219123506, 0.677134445534838, 0.9686847599164927, 0.9558232931726908, 0.9499509322865555]",batch,both
FashionMNIST,small,42,10,all,all,random,baseline,1,0.4,3,0.8949,0.887,0.2899514413356781,0.31301091693639754,133605,0.43182108137072284,133364,0.4318940839694656,0.0,0.0,0,0,0,0.33221636596135795,0.887,0.3130109176278114,0.32287928904406726,234752,235146,"[0.852, 0.971, 0.801, 0.896, 0.811, 0.966, 0.684, 0.957, 0.974, 0.958]","[0.8632887189292543, 0.9798464491362764, 0.8304033092037229, 0.9243070362473348, 0.8427299703264095, 0.954183266932271, 0.6840039254170756, 0.9613778705636743, 0.9608433734939759, 0.9519136408243376]",batch,both
FashionMNIST,small,42,10,all,all,random,baseline,1,0.4,5,0.8953,0.8856,0.2922596333503723,0.31539457985162733,133605,0.43182108137072284,133364,0.4318940839694656,0.0,0.0,0,0,0,0.3288051299750805,0.8856,0.3153945795416832,0.3162615450564772,234752,235146,"[0.808, 0.969, 0.802, 0.913, 0.797, 0.964, 0.718, 0.957, 0.972, 0.956]","[0.8260038240917782, 0.9798464491362764, 0.8262668045501551, 0.9371002132196162, 0.8348170128585559, 0.9561752988047809, 0.7252208047105005, 0.9665970772442589, 0.9558232931726908, 0.9509322865554465]",batch,both
FashionMNIST,small,42,10,all,all,random,baseline,1,0.5,0,0.8171,0.8038,0.8624618848800659,0.8852288579940796,109386,0.5348166670919343,109184,0.534896401308615,0.0,0.0,0,0,0,0.3174484010087326,0.8038,0.8852288588523864,0.32020510802976787,234752,235146,"[0.846, 0.969, 0.638, 0.794, 0.794, 0.946, 0.62, 0.551, 0.964, 0.916]","[0.8671128107074569, 0.9788867562380038, 0.6701137538779731, 0.8283582089552238, 0.8170128585558852, 0.9462151394422311, 0.6319921491658489, 0.545929018789144, 0.9487951807228916, 0.9136408243375859]",batch,both
FashionMNIST,small,42,10,all,all,random,baseline,1,0.5,1,0.8862,0.8782,0.31537449493408204,0.3362800588965416,109386,0.5348166670919343,109184,0.534896401308615,0.0,0.0,0,0,0,0.3114202580181882,0.8782,0.3362800665259361,0.3354717850452289,234752,235146,"[0.848, 0.969, 0.793, 0.908, 0.807, 0.96, 0.627, 0.957, 0.968, 0.945]","[0.8680688336520076, 0.9788867562380038, 0.811789038262668, 0.94136460554371, 0.8358061325420376, 0.9412350597609562, 0.6368989205103042, 0.964509394572025, 0.9568273092369478, 0.9322865554465162]",batch,both
FashionMNIST,small,42,10,all,all,random,baseline,1,0.5,3,0.8916,0.8833,0.3012497854232788,0.3241143694281578,109386,0.5348166670919343,109184,0.534896401308615,0.0,0.0,0,0,0,0.33376499998848885,0.8833,0.3241143713116646,0.3257830280344933,234752,235146,"[0.833, 0.97, 0.801, 0.899, 0.818, 0.954, 0.674, 0.968, 0.97, 0.946]","[0.8508604206500956, 0.9798464491362764, 0.8210961737331954, 0.9232409381663113, 0.8387734915924827, 0.9422310756972112, 0.6957801766437685, 0.9718162839248434, 0.9588353413654619, 0.9381746810598626]",batch,both
FashionMNIST,small,42,10,all,all,random,baseline,1,0.5,5,0.895,0.8862,0.29875389881134035,0.32157490278482437,109386,0.5348166670919343,109184,0.534896401308615,0.0,0.0,0,0,0,0.3309556529857218,0.8862,0.3215749016404152,0.3299122310709208,234752,235146,"[0.837, 0.969, 0.812, 0.901, 0.816, 0.955, 0.68, 0.971, 0.971, 0.95]","[0.8508604206500956, 0.9788867562380038, 0.8345398138572906, 0.9264392324093816, 0.8466864490603363, 0.9462151394422311, 0.6967615309126595, 0.9718162839248434, 0.9618473895582329, 0.9411187438665358]",batch,both
FashionMNIST,small,42,10,all,all,random,baseline,1,0.7,0,0.7249,0.7171,1.5322905700683593,1.547471240234375,63887,0.728309220654402,63761,0.7283899604689203,0.0,0.0,0,0,0,0.3302049949998036,0.7171,1.5474712448120118,0.3349283409770578,234752,235146,"[0.778, 0.915, 0.656, 0.638, 0.775, 0.823, 0.44, 0.296, 0.912, 0.938]","[0.7925430210325047, 0.9395393474088292, 0.6804550155118925, 0.6407249466950959, 0.7705242334322453, 0.8167330677290837, 0.43179587831207067, 0.30167014613778703, 0.9106425702811245, 0.929342492639843]",batch,both
FashionMNIST,small,42,10,all,all,random,baseline,1,0.7,1,0.8647,0.8541,0.40801345024108887,0.4216277117729187,63887,0.728309220654402,63761,0.7283899604689203,0.0,0.0,0,0,0,0.3323185589397326,0.8541,0.4216277123451233,0.3215624139411375,234752,235146,"[0.806, 0.96, 0.774, 0.9, 0.804, 0.922, 0.545, 0.926, 0.962, 0.942]","[0.8298279158699808, 0.972168905950096, 0.7807652533609101, 0.9253731343283582, 0.8328387734915925, 0.9133466135458167, 0.5789990186457311, 0.9373695198329853, 0.9487951807228916, 0.9332679097154073]",batch,both
FashionMNIST,small,42,10,all,all,random,baseline,1,0.7,3,0.8785,0.8661,0.3495532418251038,0.36852717213630676,63887,0.728309220654402,63761,0.7283899604689203,0.0,0.0,0,0,0,0.3123000569175929,0.8661,0.36852717123031614,0.32049892703071237,234752,235146,"[0.855, 0.966, 0.812, 0.893, 0.789, 0.937, 0.562, 0.941, 0.965, 0.941]","[0.8776290630975143, 0.9760076775431862, 0.8210961737331954, 0.9221748400852878, 0.8259149357072205, 0.9352589641434262, 0.5888125613346418, 0.9561586638830898, 0.9548192771084337, 0.9322865554465162]",batch,both
FashionMNIST,small,42,10,all,all,random,baseline,1,0.7,5,0.8832,0.8722,0.33478096151351927,0.3562612126350403,63887,0.728309220654402,63761,0.7283899604689203,0.0,0.0,0,0,0,0.33333349297754467,0.8722,0.3562612021446228,0.34056751406751573,234752,235146,"[0.835, 0.968, 0.795, 0.894, 0.796, 0.932, 0.635, 0.958, 0.968, 0.941]","[0.861376673040153, 0.9760076775431862, 0.8107549120992761, 0.9221748400852878, 0.820969337289812, 0.9292828685258964, 0.6584887144259077, 0.9686847599164927, 0.9598393574297188, 0.929342492639843]",batch,both
FashionMNIST,small,42,10,a1,layerwise,random,baseline,1,0.05,0,0.8897,0.8784,0.3028586845397949,0.3317306734800339,224190,0.04659232987165418,223808,0.04661941112322787,0.0,0.0,0,0,0,0.3275811759522185,0.8784,0.3317306694746017,0.3581580970203504,234752,235146,"[0.901, 0.966, 0.727, 0.866, 0.856, 0.96, 0.632, 0.959, 0.97, 0.947]","[0.9120458891013384, 0.9788867562380038, 0.7621509824198552, 0.8837953091684435, 0.8733926805143423, 0.9591633466135459, 0.662414131501472, 0.9665970772442589, 0.9538152610441767, 0.9421000981354269]",batch,both
FashionMNIST,small,42,10,a1,layerwise,random,baseline,1,0.05,1,0.8968,0.8922,0.28661405086517333,0.3127030804157257,224190,0.04659232987165418,223808,0.04661941112322787,0.0,0.0,0,0,0,0.3247847380116582,0.8922,0.31270308032035826,0.3195390620967373,234752,235146,"[0.837, 0.972, 0.817, 0.91, 0.833, 0.966, 0.698, 0.962, 0.974, 0.953]","[0.8451242829827916, 0.9817658349328215, 0.81282316442606, 0.9349680170575693, 0.8506429277942631, 0.9641434262948207, 0.7085377821393523, 0.964509394572025, 0.9618473895582329, 0.9479882237487733]",batch,both
FashionMNIST,small,42,10,a1,layerwise,random,baseline,1,0.05,3,0.8971,0.8932,0.28512597246170046,0.3114631112277508,224190,0.04659232987165418,223808,0.04661941112322787,0.0,0.0,0,0,0,0.31142756703775376,0.8932,0.3114631136953831,0.32004955306183547,234752,235146,"[0.853, 0.976, 0.814, 0.903, 0.831, 0.967, 0.696, 0.971, 0.974, 0.947]","[0.858508604206501, 0.9846449136276392, 0.8190279214064116, 0.9275053304904051, 0.8496538081107814, 0.9641434262948207, 0.6928361138370952, 0.9686847599164927, 0.963855421686747, 0.9460255152109912]",batch,both
FashionMNIST,small,42,10,a1,layerwise,random,baseline,1,0.05,5,0.8987,0.8935,0.2867486927986145,0.31069695674180986,224190,0.04659232987165418,223808,0.04661941112322787,0.0,0.0,0,0,0,0.3138145669363439,0.8935,0.31069696283340453,0.35477795195765793,234752,235146,"[0.842, 0.975, 0.814, 0.907, 0.838, 0.96, 0.701, 0.973, 0.977, 0.948]","[0.8460803059273423, 0.9846449136276392, 0.8200620475698035, 0.9317697228144989, 0.8605341246290801, 0.953187250996016, 0.7154072620215898, 0.9739039665970772, 0.964859437751004, 0.9411187438665358]",batch,both
FashionMNIST,small,42,10,a1,layerwise,random,baseline,1,0.1,0,0.8882,0.8786,0.30715665645599366,0.3356093155741692,212321,0.09706735389927956,211952,0.09712377317339149,0.0,0.0,0,0,0,0.33011146902572364,0.8786,0.33560931595563886,0.3247037340188399,234752,235146,"[0.907, 0.969, 0.744, 0.863, 0.859, 0.961, 0.597, 0.968, 0.974, 0.944]","[0.9168260038240917, 0.980806142034549, 0.7673216132368149, 0.8805970149253731, 0.8753709198813057, 0.9561752988047809, 0.633954857703631, 0.9686847599164927, 0.9608433734939759, 0.9391560353287537]",batch,both
FashionMNIST,small,42,10,a1,layerwise,random,baseline,1,0.1,1,0.8985,0.8903,0.2858206100463867,0.31027997139692304,212321,0.09706735389927956,211952,0.09712377317339149,0.0,0.0,0,0,0,0.31229704001452774,0.8903,0.3102799715876579,0.31601102906279266,234752,235146,"[0.858, 0.972, 0.814, 0.909, 0.815, 0.965, 0.68, 0.965, 0.975, 0.95]","[0.8680688336520076, 0.982725527831094, 0.8231644260599793, 0.9424307036247335, 0.8407517309594461, 0.9611553784860558, 0.6908734052993131, 0.965553235908142, 0.9658634538152611, 0.9489695780176644]",batch,both
FashionMNIST,small,42,10,a1,layerwise,random,baseline,1,0.1,3,0.8993,0.8934,0.284139376449585,0.3095170324325561,212321,0.09706735389927956,211952,0.09712377317339149,0.0,0.0,0,0,0,0.3257373459637165,0.8934,0.3095170330941677,0.3181713790399954,234752,235146,"[0.868, 0.974, 0.801, 0.902, 0.836, 0.965, 0.693, 0.965, 0.976, 0.954]","[0.8671128107074569, 0.9856046065259118, 0.8221302998965874, 0.9307036247334755, 0.8585558852621167, 0.9591633466135459, 0.6908734052993131, 0.965553235908142, 0.963855421686747, 0.9528949950932286]",batch,both
FashionMNIST,small,42,10,a1,layerwise,random,baseline,1,0.1,5,0.8993,0.8944,0.28279128303527834,0.3094698360145092,212321,0.09706735389927956,211952,0.09712377317339149,0.0,0.0,0,0,0,0.32447950495406985,0.8944,0.3094698359429836,0.35885261301882565,234752,235146,"[0.861, 0.975, 0.818, 0.901, 0.841, 0.966, 0.687, 0.966, 0.977, 0.952]","[0.8575525812619503, 0.9856046065259118, 0.8252326783867632, 0.9285714285714286, 0.8615232443125618, 0.9591633466135459, 0.6938174681059862, 0.9676409185803758, 0.9658634538152611, 0.9519136408243376]",batch,both
FashionMNIST,small,42,10,a1,layerwise,random,baseline,1,0.2,0,0.8864,0.8738,0.3226371696472168,0.34830573757886885,188583,0.19801740195453033,188240,0.19813249727371862,0.0,0.0,0,0,0,0.31256512296386063,0.8738,0.3483057310938835,0.33670774393249303,234752,235146,"[0.916, 0.965, 0.731, 0.852, 0.869, 0.969, 0.575, 0.961, 0.965, 0.935]","[0.9187380497131931, 0.980806142034549, 0.765253360910031, 0.8624733475479744, 0.8862512363996043, 0.9731075697211156, 0.6270853778213935, 0.9624217118997912, 0.9528112449799196, 0.9313052011776252]",batch,both
FashionMNIST,small,42,10,a1,layerwise,random,baseline,1,0.2,1,0.8956,0.8907,0.29000498294830324,0.31450374035835266,188583,0.19801740195453033,188240,0.19813249727371862,0.0,0.0,0,0,0,0.3291211239993572,0.8907,0.3145037405312061,0.3251836709678173,234752,235146,"[0.851, 0.97, 0.833, 0.91, 0.815, 0.959, 0.683, 0.971, 0.975, 0.94]","[0.8537284894837476, 0.9817658349328215, 0.8210961737331954, 0.9402985074626866, 0.8387734915924827, 0.9601593625498008, 0.6938174681059862, 0.975991649269311, 0.9608433734939759, 0.9352306182531894]",batch,both
FashionMNIST,small,42,10,a1,layerwise,random,baseline,1,0.2,3,0.8967,0.893,0.2845622929573059,0.31075461478233335,188583,0.19801740195453033,188240,0.19813249727371862,0.0,0.0,0,0,0,0.32365634106099606,0.893,0.3107546085774899,0.3214599210768938,234752,235146,"[0.845, 0.968, 0.822, 0.904, 0.837, 0.962, 0.696, 0.966, 0.976, 0.954]","[0.8460803059273423, 0.980806142034549, 0.8190279214064116, 0.9339019189765458, 0.847675568743818, 0.9581673306772909, 0.7016683022571149, 0.9686847599164927, 0.964859437751004, 0.9509322865554465]",batch,both
FashionMNIST,small,42,10,a1,layerwise,random,baseline,1,0.2,5,0.8988,0.893,0.2845093579292297,0.31058874650597573,188583,0.19801740195453033,188240,0.19813249727371862,0.0,0.0,0,0,0,0.3160618619294837,0.893,0.3105887463867664,0.3436657099518925,234752,235146,"[0.848, 0.969, 0.81, 0.91, 0.846, 0.967, 0.681, 0.962, 0.976, 0.961]","[0.8432122370936902, 0.9846449136276392, 0.8210961737331954, 0.9392324093816631, 0.8664688427299704, 0.9641434262948207, 0.6908734052993131, 0.964509394572025, 0.9658634538152611, 0.9528949950932286]",batch,both
FashionMNIST,small,42,10,a1,layerwise,random,baseline,1,0.3,0,0.8798,0.8673,0.3506239704608917,0.3776258296132088,165758,0.29508475585381,165440,0.2952562704471101,0.0,0.0,0,0,0,0.3157077629584819,0.8673,0.3776258324503899,0.3152251730207354,234752,235146,"[0.915, 0.966, 0.697, 0.837, 0.852, 0.964, 0.58, 0.966, 0.969, 0.927]","[0.9177820267686424, 0.980806142034549, 0.7352637021716649, 0.8454157782515992, 0.8684470820969338, 0.9711155378486056, 0.6231599607458292, 0.965553235908142, 0.9508032128514057, 0.9342492639842983]",batch,both
FashionMNIST,small,42,10,a1,layerwise,random,baseline,1,0.3,1,0.8958,0.8886,0.2893152091026306,0.3145872477173805,165758,0.29508475585381,165440,0.2952562704471101,0.0,0.0,0,0,0,0.3328580120578408,0.8886,0.3145872472345829,0.31685141497291625,234752,235146,"[0.847, 0.97, 0.804, 0.903, 0.826, 0.959, 0.681, 0.965, 0.975, 0.956]","[0.8537284894837476, 0.982725527831094, 0.827300930713547, 0.9264392324093816, 0.8466864490603363, 0.954183266932271, 0.6879293424926398, 0.9728601252609603, 0.9628514056224899, 0.9479882237487733]",batch,both
FashionMNIST,small,42,10,a1,layerwise,random,baseline,1,0.3,3,0.8974,0.8906,0.2844921928405762,0.3123327519416809,165758,0.29508475585381,165440,0.2952562704471101,0.0,0.0,0,0,0,0.3318031969247386,0.8906,0.3123327512204647,0.32869568991009146,234752,235146,"[0.853, 0.97, 0.793, 0.907, 0.828, 0.97, 0.693, 0.961, 0.976, 0.955]","[0.8537284894837476, 0.9836852207293666, 0.8148914167528438, 0.9328358208955224, 0.8536102868447082, 0.9641434262948207, 0.703631010794897, 0.9582463465553236, 0.9628514056224899, 0.9499509322865555]",batch,both
FashionMNIST,small,42,10,a1,layerwise,random,baseline,1,0.3,5,0.8996,0.892,0.2830070286750793,0.3109583480715752,165758,0.29508475585381,165440,0.2952562704471101,0.0,0.0,0,0,0,0.32216087891720235,0.892,0.3109583461403847,0.3304427519906312,234752,235146,"[0.847, 0.968, 0.822, 0.906, 0.817, 0.967, 0.701, 0.969, 0.971, 0.952]","[0.8499043977055449, 0.980806142034549, 0.8417786970010341, 0.9360341151385928, 0.8456973293768546, 0.9631474103585658, 0.7085377821393523, 0.9665970772442589, 0.9618473895582329, 0.9470068694798822]",batch,both
FashionMNIST,small,42,10,a1,layerwise,random,baseline,1,0.4,0,0.8698,0.8589,0.4012799383640289,0.42504431850910185,142020,0.39603480390906076,141728,0.39626499454743724,0.0,0.0,0,0,0,0.3336819449905306,0.8589,0.4250443188428879,0.3363034699577838,234752,235146,"[0.908, 0.971, 0.735, 0.82, 0.753, 0.966, 0.603, 0.965, 0.957, 0.911]","[0.9235181644359465, 0.980806142034549, 0.7580144777662875, 0.8347547974413646, 0.771513353115727, 0.9681274900398407, 0.6359175662414132, 0.9665970772442589, 0.9417670682730924, 0.9126594700686947]",batch,both
FashionMNIST,small,42,10,a1,layerwise,random,baseline,1,0.4,1,0.8951,0.8863,0.2948040245056152,0.31589306683540347,142020,0.39603480390906076,141728,0.39626499454743724,0.0,0.0,0,0,0,0.3228129370836541,0.8863,0.31589307144880296,0.31697557598818094,234752,235146,"[0.829, 0.971, 0.798, 0.903, 0.815, 0.966, 0.693, 0.958, 0.977, 0.953]","[0.8393881453154876, 0.9798464491362764, 0.828335056876939, 0.9307036247334755, 0.8397626112759644, 0.9591633466135459, 0.7016683022571149, 0.9624217118997912, 0.9608433734939759, 0.9538763493621197]",batch,both
FashionMNIST,small,42,10,a1,layerwise,random,baseline,1,0.4,3,0.8948,0.8876,0.2936433887481689,0.31676026055812834,142020,0.39603480390906076,141728,0.39626499454743724,0.0,0.0,0,0,0,0.3230669019976631,0.8876,0.31676026673316954,0.32246037502773106,234752,235146,"[0.833, 0.972, 0.781, 0.896, 0.845, 0.97, 0.687, 0.96, 0.977, 0.955]","[0.8432122370936902, 0.980806142034549, 0.81282316442606, 0.9275053304904051, 0.8674579624134521, 0.9611553784860558, 0.6889106967615309, 0.9582463465553236, 0.9598393574297188, 0.9519136408243376]",batch,both
FashionMNIST,small,42,10,a1,layerwise,random,baseline,1,0.4,5,0.8962,0.8894,0.2890096936225891,0.3127105660676956,142020,0.39603480390906076,141728,0.39626499454743724,0.0,0.0,0,0,0,0.3275752920890227,0.8894,0.3127105681180954,0.3303073230199516,234752,235146,"[0.85, 0.973, 0.798, 0.903, 0.833, 0.969, 0.687, 0.945, 0.975, 0.961]","[0.8565965583173997, 0.980806142034549, 0.8210961737331954, 0.9317697228144989, 0.8565776458951533, 0.9641434262948207, 0.6918547595682041, 0.9446764091858038, 0.9608433734939759, 0.956820412168793]",batch,both
FashionMNIST,small,42,10,a1,layerwise,random,baseline,1,0.5,0,0.8441,0.8358,0.524786537361145,0.5440732650279999,118282,0.4969848519643115,118016,0.4972737186477645,0.0,0.0,0,0,0,0.34975764295086265,0.8358,0.5440732726097107,0.35120018606539816,234752,235146,"[0.859, 0.973, 0.657, 0.844, 0.725, 0.964, 0.69, 0.796, 0.953, 0.897]","[0.8795411089866156, 0.9798464491362764, 0.6690796277145812, 0.8550106609808102, 0.7378832838773491, 0.9631474103585658, 0.7154072620215898, 0.7964509394572025, 0.9357429718875502, 0.8969578017664377]",batch,both
FashionMNIST,small,42,10,a1,layerwise,random,baseline,1,0.5,1,0.8919,0.8854,0.3047317035675049,0.3233648517370224,118282,0.4969848519643115,118016,0.4972737186477645,0.0,0.0,0,0,0,0.32092552608810365,0.8854,0.32336485135555265,0.322382380021736,234752,235146,"[0.855, 0.967, 0.773, 0.902, 0.836, 0.956, 0.678, 0.966, 0.972, 0.949]","[0.8652007648183556, 0.9798464491362764, 0.795243019648397, 0.920042643923241, 0.8536102868447082, 0.9472111553784861, 0.6840039254170756, 0.9739039665970772, 0.9558232931726908, 0.9470068694798822]",batch,both
FashionMNIST,small,42,10,a1,layerwise,random,baseline,1,0.5,3,0.8945,0.8885,0.29613892612457277,0.3176921099305153,118282,0.4969848519643115,118016,0.4972737186477645,0.0,0.0,0,0,0,0.3190307589247823,0.8885,0.31769211678504944,0.3149526099441573,234752,235146,"[0.86, 0.97, 0.817, 0.9, 0.818, 0.963, 0.675, 0.958, 0.97, 0.954]","[0.8766730401529637, 0.980806142034549, 0.8345398138572906, 0.929637526652452, 0.8427299703264095, 0.953187250996016, 0.6565260058881256, 0.9665970772442589, 0.9588353413654619, 0.9499509322865555]",batch,both
FashionMNIST,small,42,10,a1,layerwise,random,baseline,1,0.5,5,0.8957,0.8896,0.2950613917350769,0.3149394210100174,118282,0.4969848519643115,118016,0.4972737186477645,0.0,0.0,0,0,0,0.3087503029964864,0.8896,0.31493942388296126,0.3188341159839183,234752,235146,"[0.859, 0.969, 0.803, 0.912, 0.812, 0.964, 0.686, 0.962, 0.972, 0.957]","[0.872848948374761, 0.9817658349328215, 0.8262668045501551, 0.9371002132196162, 0.8358061325420376, 0.953187250996016, 0.6781157998037292, 0.9665970772442589, 0.9588353413654619, 0.9509322865554465]",batch,both
FashionMNIST,small,42,10,a1,layerwise,random,baseline,1,0.7,0,0.7669,0.7613,0.8407579893112183,0.8638645407676697,71719,0.6950022539188419,71504,0.6954062159214831,0.0,0.0,0,0,0,0.3138166209682822,0.7613,0.8638645445823669,0.32176901202183217,234752,235146,"[0.781, 0.976, 0.731, 0.811, 0.485, 0.847, 0.757, 0.464, 0.888, 0.873]","[0.7887189292543021, 0.9817658349328215, 0.750775594622544, 0.8347547974413646, 0.4896142433234421, 0.8416334661354582, 0.7752698724239451, 0.4561586638830898, 0.8694779116465864, 0.8626104023552502]",batch,both
FashionMNIST,small,42,10,a1,layerwise,random,baseline,1,0.7,1,0.8849,0.873,0.33391401596069337,0.3569622701644897,71719,0.6950022539188419,71504,0.6954062159214831,0.0,0.0,0,0,0,0.3130078259855509,0.873,0.35696227267980574,0.32527877297252417,234752,235146,"[0.846, 0.969, 0.807, 0.897, 0.822, 0.934, 0.594, 0.942, 0.967, 0.952]","[0.8709369024856597, 0.9779270633397313, 0.81282316442606, 0.9243070362473348, 0.8407517309594461, 0.9382470119521913, 0.634936211972522, 0.9572025052192067, 0.9548192771084337, 0.9411187438665358]",batch,both
FashionMNIST,small,42,10,a1,layerwise,random,baseline,1,0.7,3,0.889,0.8777,0.31513931589126587,0.3403931489825249,71719,0.6950022539188419,71504,0.6954062159214831,0.0,0.0,0,0,0,0.3198944350006059,0.8777,0.3403931472659111,0.31499458593316376,234752,235146,"[0.853, 0.971, 0.794, 0.899, 0.818, 0.952, 0.627, 0.937, 0.968, 0.958]","[0.8652007648183556, 0.9788867562380038, 0.8200620475698035, 0.9307036247334755, 0.8417408506429278, 0.9472111553784861, 0.6526005888125613, 0.94258872651357, 0.9588353413654619, 0.9558390578999019]",batch,both
FashionMNIST,small,42,10,a1,layerwise,random,baseline,1,0.7,5,0.8905,0.8792,0.3133083695411682,0.338112626516819,71719,0.6950022539188419,71504,0.6954062159214831,0.0,0.0,0,0,0,0.3168445120099932,0.8792,0.3381126252293587,0.32740172604098916,234752,235146,"[0.821, 0.97, 0.799, 0.907, 0.803, 0.949, 0.661, 0.961, 0.97, 0.951]","[0.8403441682600382, 0.9788867562380038, 0.8231644260599793, 0.9381663113006397, 0.8269040553907022, 0.9492031872509961, 0.6849852796859667, 0.9634655532359081, 0.9608433734939759, 0.9450441609421001]",batch,both
FashionMNIST,small,42,10,a2,layerwise,random,baseline,1,0.05,0,0.8897,0.878,0.3001612950325012,0.329931967830658,233544,0.006812788650455426,233156,0.006798664122137366,0.0,0.0,0,0,0,0.3326950219925493,0.878,0.3299319725871086,0.33264646597672254,234752,235146,"[0.893, 0.968, 0.71, 0.864, 0.884, 0.963, 0.62, 0.952, 0.974, 0.952]","[0.9034416826003824, 0.9798464491362764, 0.7300930713547052, 0.8784648187633263, 0.9109792284866469, 0.9661354581673307, 0.661432777232581, 0.954070981210856, 0.9588353413654619, 0.9489695780176644]",batch,both
FashionMNIST,small,42,10,a2,layerwise,random,baseline,1,0.05,1,0.8976,0.8913,0.28354917306900024,0.3119236155867577,233544,0.006812788650455426,233156,0.006798664122137366,0.0,0.0,0,0,0,0.3203978290548548,0.8913,0.31192361115813255,0.33053866995032877,234752,235146,"[0.841, 0.976, 0.806, 0.901, 0.849, 0.964, 0.685, 0.959, 0.975, 0.957]","[0.8518164435946463, 0.982725527831094, 0.8179937952430196, 0.9285714285714286, 0.8674579624134521, 0.9601593625498008, 0.6918547595682041, 0.9634655532359081, 0.964859437751004, 0.9509322865554465]",batch,both
FashionMNIST,small,42,10,a2,layerwise,random,baseline,1,0.05,3,0.9,0.8917,0.28385057611465453,0.31403439787626264,233544,0.006812788650455426,233156,0.006798664122137366,0.0,0.0,0,0,0,0.3205663840053603,0.8917,0.3140344004154205,0.31283478799741715,234752,235146,"[0.843, 0.977, 0.823, 0.899, 0.823, 0.96, 0.697, 0.967, 0.975, 0.953]","[0.8556405353728489, 0.9884836852207294, 0.8345398138572906, 0.9285714285714286, 0.8506429277942631, 0.950199203187251, 0.7085377821393523, 0.9707724425887265, 0.9668674698795181, 0.9499509322865555]",batch,both
FashionMNIST,small,42,10,a2,layerwise,random,baseline,1,0.05,5,0.8992,0.8945,0.2842560251235962,0.31053684217333793,233544,0.006812788650455426,233156,0.006798664122137366,0.0,0.0,0,0,0,0.3269421620061621,0.8945,0.310536839902401,0.3221938969800249,234752,235146,"[0.847, 0.976, 0.811, 0.916, 0.837, 0.961, 0.706, 0.968, 0.973, 0.95]","[0.8537284894837476, 0.9846449136276392, 0.8231644260599793, 0.9392324093816631, 0.8545994065281899, 0.954183266932271, 0.7075564278704612, 0.9686847599164927, 0.9618473895582329, 0.9489695780176644]",batch,both
FashionMNIST,small,42,10,a2,layerwise,random,baseline,1,0.1,0,0.888,0.8772,0.3020630350112915,0.3310332417488098,231942,0.013625577300910963,231560,0.013597328244274842,0.0,0.0,0,0,0,0.3228196430718526,0.8772,0.33103323773145676,0.3372482140548527,234752,235146,"[0.896, 0.966, 0.702, 0.864, 0.89, 0.963, 0.612, 0.951, 0.973, 0.955]","[0.9024856596558317, 0.9788867562380038, 0.7290589451913133, 0.8784648187633263, 0.9149357072205737, 0.9661354581673307, 0.6486751717369971, 0.9488517745302714, 0.9578313253012049, 0.9499509322865555]",batch,both
FashionMNIST,small,42,10,a2,layerwise,random,baseline,1,0.1,1,0.8964,0.8908,0.2841831060409546,0.3109963134944439,231942,0.013625577300910963,231560,0.013597328244274842,0.0,0.0,0,0,0,0.32460839592386037,0.8908,0.31099631358981134,0.31856886704917997,234752,235146,"[0.84, 0.976, 0.814, 0.893, 0.837, 0.96, 0.696, 0.97, 0.975, 0.947]","[0.8499043977055449, 0.9846449136276392, 0.8159255429162358, 0.917910447761194, 0.8545994065281899, 0.952191235059761, 0.7095191364082434, 0.9707724425887265, 0.963855421686747, 0.9479882237487733]",batch,both
FashionMNIST,small,42,10,a2,layerwise,random,baseline,1,0.1,3,0.8984,0.8925,0.28508925199508667,0.3109891190350056,231942,0.013625577300910963,231560,0.013597328244274842,0.0,0.0,0,0,0,0.3332539899274707,0.8925,0.31098912200331685,0.33963664900511503,234752,235146,"[0.864, 0.976, 0.813, 0.907, 0.837, 0.961, 0.679, 0.97, 0.97, 0.948]","[0.8766730401529637, 0.9846449136276392, 0.8190279214064116, 0.9349680170575693, 0.8585558852621167, 0.9561752988047809, 0.6820412168792934, 0.9718162839248434, 0.9608433734939759, 0.943081452404318]",batch,both
FashionMNIST,small,42,10,a2,layerwise,random,baseline,1,0.1,5,0.8998,0.8934,0.28333683605194093,0.3093720638513565,231942,0.013625577300910963,231560,0.013597328244274842,0.0,0.0,0,0,0,0.3292655950644985,0.8934,0.3093720635354519,0.3328301009023562,234752,235146,"[0.847, 0.976, 0.798, 0.907, 0.841, 0.968, 0.706, 0.964, 0.976, 0.951]","[0.8537284894837476, 0.982725527831094, 0.8066184074457083, 0.9360341151385928, 0.8555885262116716, 0.9701195219123506, 0.7154072620215898, 0.9634655532359081, 0.9668674698795181, 0.9509322865554465]",batch,both
FashionMNIST,small,42,10,a2,layerwise,random,baseline,1,0.2,0,0.8898,0.8785,0.3050346731185913,0.3322487563967705,228471,0.028386619376897793,228102,0.028327767175572505,0.0,0.0,0,0,0,0.3229098869487643,0.8785,0.3322487536907196,0.32384840096347034,234752,235146,"[0.892, 0.966, 0.725, 0.867, 0.886, 0.962, 0.613, 0.944, 0.975, 0.955]","[0.9005736137667304, 0.9769673704414588, 0.7456049638055843, 0.8859275053304904, 0.913946587537092, 0.9661354581673307, 0.6516192345436702, 0.9373695198329853, 0.9628514056224899, 0.9528949950932286]",batch,both
FashionMNIST,small,42,10,a2,layerwise,random,baseline,1,0.2,1,0.8974,0.8913,0.28516484270095827,0.31108635721802713,228471,0.028386619376897793,228102,0.028327767175572505,0.0,0.0,0,0,0,0.3220896340208128,0.8913,0.31108635941147805,0.33396879700012505,234752,235146,"[0.858, 0.971, 0.835, 0.905, 0.828, 0.956, 0.666, 0.956, 0.975, 0.963]","[0.8652007648183556, 0.982725527831094, 0.8469493278179938, 0.9349680170575693, 0.8486646884272997, 0.950199203187251, 0.6673209028459274, 0.964509394572025, 0.9628514056224899, 0.9558390578999019]",batch,both
FashionMNIST,small,42,10,a2,layerwise,random,baseline,1,0.2,3,0.8983,0.8934,0.282428381729126,0.30986115010380744,228471,0.028386619376897793,228102,0.028327767175572505,0.0,0.0,0,0,0,0.32810698298271745,0.8934,0.3098611520349979,0.31484141398686916,234752,235146,"[0.846, 0.971, 0.822, 0.906, 0.831, 0.964, 0.699, 0.968, 0.974, 0.953]","[0.8518164435946463, 0.980806142034549, 0.827300930713547, 0.9285714285714286, 0.8595450049455984, 0.9581673306772909, 0.7016683022571149, 0.9686847599164927, 0.963855421686747, 0.9470068694798822]",batch,both
FashionMNIST,small,42,10,a2,layerwise,random,baseline,1,0.2,5,0.898,0.8926,0.28220507917404175,0.30936769824028015,228471,0.028386619376897793,228102,0.028327767175572505,0.0,0.0,0,0,0,0.32316546398214996,0.8926,0.3093676998615265,0.32923128199763596,234752,235146,"[0.835, 0.974, 0.815, 0.907, 0.823, 0.967, 0.719, 0.947, 0.975, 0.964]","[0.8422562141491395, 0.982725527831094, 0.8231644260599793, 0.929637526652452, 0.8447082096933729, 0.9681274900398407, 0.7212953876349362, 0.9530271398747391, 0.963855421686747, 0.9548577036310107]",batch,both
FashionMNIST,small,42,10,a2,layerwise,random,baseline,1,0.3,0,0.887,0.8755,0.32462847480773926,0.3524351128220558,225000,0.04314766145288462,224644,0.04305820610687028,0.0,0.0,0,0,0,0.3267629789188504,0.8755,0.3524351082324982,0.3395800079451874,234752,235146,"[0.879, 0.966, 0.71, 0.845, 0.899, 0.968, 0.623, 0.946, 0.974, 0.945]","[0.8967495219885278, 0.9769673704414588, 0.7197518097207859, 0.8571428571428571, 0.9248269040553907, 0.9741035856573705, 0.6643768400392541, 0.9384133611691023, 0.9658634538152611, 0.9450441609421001]",batch,both
FashionMNIST,small,42,10,a2,layerwise,random,baseline,1,0.3,1,0.8972,0.8897,0.2846799508094788,0.31040921075344086,225000,0.04314766145288462,224644,0.04305820610687028,0.0,0.0,0,0,0,0.32430228195153177,0.8897,0.3104092103481293,0.3511066349456087,234752,235146,"[0.832, 0.975, 0.795, 0.91, 0.843, 0.963, 0.688, 0.958, 0.976, 0.957]","[0.8432122370936902, 0.9846449136276392, 0.8076525336091003, 0.9381663113006397, 0.8684470820969338, 0.9551792828685259, 0.6987242394504416, 0.9624217118997912, 0.9658634538152611, 0.9519136408243376]",batch,both
FashionMNIST,small,42,10,a2,layerwise,random,baseline,1,0.3,3,0.899,0.8912,0.28254448165893553,0.31029970995783807,225000,0.04314766145288462,224644,0.04305820610687028,0.0,0.0,0,0,0,0.3229542860062793,0.8912,0.31029970700144766,0.31941797700710595,234752,235146,"[0.832, 0.974, 0.795, 0.907, 0.838, 0.962, 0.713, 0.956, 0.974, 0.961]","[0.8432122370936902, 0.982725527831094, 0.8076525336091003, 0.9349680170575693, 0.8625123639960435, 0.9591633466135459, 0.719332679097154, 0.965553235908142, 0.963855421686747, 0.9548577036310107]",batch,both
FashionMNIST,small,42,10,a2,layerwise,random,baseline,1,0.3,5,0.8983,0.8928,0.28177821407318115,0.3079151139557362,225000,0.04314766145288462,224644,0.04305820610687028,0.0,0.0,0,0,0,0.327968942001462,0.8928,0.30791511187553405,0.3210001699626446,234752,235146,"[0.867, 0.976, 0.813, 0.904, 0.831, 0.963, 0.685, 0.96, 0.974, 0.955]","[0.8652007648183556, 0.982725527831094, 0.8314374353671148, 0.9339019189765458, 0.8496538081107814, 0.9591633466135459, 0.6859666339548577, 0.965553235908142, 0.9608433734939759, 0.9528949950932286]",batch,both
FashionMNIST,small,42,10,a2,layerwise,random,baseline,1,0.4,0,0.885,0.876,0.3481683354854584,0.3741865219116211,221529,0.05790870352887145,221186,0.05778864503816794,0.0,0.0,0,0,0,0.34388642001431435,0.876,0.37418652057647706,0.3493361580185592,234752,235146,"[0.876, 0.968, 0.704, 0.848, 0.901, 0.962, 0.626, 0.949, 0.975, 0.951]","[0.890057361376673, 0.9779270633397313, 0.7156153050672182, 0.8646055437100213, 0.9248269040553907, 0.9661354581673307, 0.6437684003925417, 0.9457202505219207, 0.964859437751004, 0.9509322865554465]",batch,both
FashionMNIST,small,42,10,a2,layerwise,random,baseline,1,0.4,1,0.8976,0.8898,0.2824162088394165,0.3076115961372852,221529,0.05790870352887145,221186,0.05778864503816794,0.0,0.0,0,0,0,0.3212046360131353,0.8898,0.3076116011977196,0.31343120604287833,234752,235146,"[0.839, 0.975, 0.814, 0.905, 0.823, 0.967, 0.685, 0.958, 0.976, 0.956]","[0.8432122370936902, 0.982725527831094, 0.8252326783867632, 0.9371002132196162, 0.8545994065281899, 0.9631474103585658, 0.7016683022571149, 0.9603340292275574, 0.963855421686747, 0.9489695780176644]",batch,both
FashionMNIST,small,42,10,a2,layerwise,random,baseline,1,0.4,3,0.8973,0.8913,0.28192455139160155,0.3078824002981186,221529,0.05790870352887145,221186,0.05778864503816794,0.0,0.0,0,0,0,0.3195998939918354,0.8913,0.3078823968708515,0.3431073440006003,234752,235146,"[0.841, 0.978, 0.8, 0.897, 0.837, 0.967, 0.703, 0.97, 0.97, 0.95]","[0.8460803059273423, 0.9846449136276392, 0.8107549120992761, 0.9232409381663113, 0.8664688427299704, 0.9581673306772909, 0.7144259077526988, 0.965553235908142, 0.9618473895582329, 0.9450441609421001]",batch,both
FashionMNIST,small,42,10,a2,layerwise,random,baseline,1,0.4,5,0.8984,0.8927,0.2803235160827637,0.3060261552274227,221529,0.05790870352887145,221186,0.05778864503816794,0.0,0.0,0,0,0,0.3098820090526715,0.8927,0.30602615438103675,0.3261450780555606,234752,235146,"[0.841, 0.976, 0.821, 0.906, 0.81, 0.964, 0.713, 0.965, 0.971, 0.96]","[0.8460803059273423, 0.9836852207293666, 0.8252326783867632, 0.9328358208955224, 0.847675568743818, 0.9561752988047809, 0.7154072620215898, 0.9686847599164927, 0.9608433734939759, 0.9519136408243376]",batch,both
FashionMNIST,small,42,10,a2,layerwise,random,baseline,1,0.5,0,0.8843,0.8763,0.3895101216316223,0.4166539943218231,218058,0.07266974560485828,217728,0.0725190839694656,0.0,0.0,0,0,0,0.3369130711071193,0.8763,0.41665399703979494,0.33965248393360525,234752,235146,"[0.886, 0.967, 0.709, 0.847, 0.907, 0.96, 0.604, 0.951, 0.976, 0.956]","[0.890057361376673, 0.9769673704414588, 0.7156153050672182, 0.8592750533049041, 0.9248269040553907, 0.9631474103585658, 0.6378802747791953, 0.9467640918580376, 0.9688755020080321, 0.9538763493621197]",batch,both
FashionMNIST,small,42,10,a2,layerwise,random,baseline,1,0.5,1,0.8963,0.8899,0.2827810278892517,0.3087156307220459,218058,0.07266974560485828,217728,0.0725190839694656,0.0,0.0,0,0,0,0.32527488097548485,0.8899,0.30871563374996186,0.3204309189459309,234752,235146,"[0.858, 0.972, 0.828, 0.902, 0.798, 0.966, 0.688, 0.959, 0.975, 0.953]","[0.8632887189292543, 0.980806142034549, 0.8355739400206825, 0.9275053304904051, 0.8328387734915925, 0.9551792828685259, 0.6967615309126595, 0.964509394572025, 0.9618473895582329, 0.9489695780176644]",batch,both
FashionMNIST,small,42,10,a2,layerwise,random,baseline,1,0.5,3,0.8979,0.8902,0.28428666133880615,0.3092446804881096,218058,0.07266974560485828,217728,0.0725190839694656,0.0,0.0,0,0,0,0.3303561299107969,0.8902,0.3092446811318397,0.3225217080907896,234752,235146,"[0.866, 0.974, 0.832, 0.908, 0.798, 0.962, 0.675, 0.97, 0.97, 0.947]","[0.8661567877629063, 0.9836852207293666, 0.8397104446742503, 0.9402985074626866, 0.8338278931750742, 0.9482071713147411, 0.6879293424926398, 0.9749478079331941, 0.963855421686747, 0.9460255152109912]",batch,both
FashionMNIST,small,42,10,a2,layerwise,random,baseline,1,0.5,5,0.898,0.8919,0.2819781035423279,0.3091400533735752,218058,0.07266974560485828,217728,0.0725190839694656,0.0,0.0,0,0,0,0.34681087906938046,0.8919,0.30914005404114725,0.3376181140774861,234752,235146,"[0.846, 0.976, 0.83, 0.906, 0.8, 0.961, 0.708, 0.97, 0.973, 0.949]","[0.8499043977055449, 0.9836852207293666, 0.8386763185108583, 0.9381663113006397, 0.8298714144411474, 0.9472111553784861, 0.7154072620215898, 0.9728601252609603, 0.964859437751004, 0.9450441609421001]",batch,both
FashionMNIST,small,42,10,a2,layerwise,random,baseline,1,0.7,0,0.8695,0.8603,0.6038988360404969,0.6222893125534058,211383,0.10105636498175596,211078,0.10084685114503822,0.0,0.0,0,0,0,0.3167109830537811,0.8603,0.6222893056869507,0.330240365001373,234752,235146,"[0.892, 0.949, 0.68, 0.781, 0.908, 0.964, 0.562, 0.953, 0.964, 0.95]","[0.8996175908221797, 0.9539347408829175, 0.6970010341261634, 0.8113006396588486, 0.9258160237388724, 0.9601593625498008, 0.5868498527968596, 0.9478079331941545, 0.9548192771084337, 0.9499509322865555]",batch,both
FashionMNIST,small,42,10,a2,layerwise,random,baseline,1,0.7,1,0.8902,0.8851,0.3017577145576477,0.32443890026807787,211383,0.10105636498175596,211078,0.10084685114503822,0.0,0.0,0,0,0,0.3191578299738467,0.8851,0.32443889679908755,0.3266605050303042,234752,235146,"[0.848, 0.968, 0.789, 0.896, 0.835, 0.953, 0.676, 0.961, 0.972, 0.953]","[0.8565965583173997, 0.982725527831094, 0.8045501551189245, 0.917910447761194, 0.8536102868447082, 0.9442231075697212, 0.676153091265947, 0.9665970772442589, 0.9548192771084337, 0.9479882237487733]",batch,both
FashionMNIST,small,42,10,a2,layerwise,random,baseline,1,0.7,3,0.8947,0.8862,0.2924333067893982,0.3153522437214851,211383,0.10105636498175596,211078,0.10084685114503822,0.0,0.0,0,0,0,0.3379803830757737,0.8862,0.31535224461555483,0.3276109789730981,234752,235146,"[0.841, 0.969, 0.818, 0.906, 0.814, 0.955, 0.669, 0.963, 0.974, 0.953]","[0.8489483747609943, 0.980806142034549, 0.8366080661840745, 0.9466950959488273, 0.8417408506429278, 0.9422310756972112, 0.6781157998037292, 0.9718162839248434, 0.9598393574297188, 0.9470068694798822]",batch,both
FashionMNIST,small,42,10,a2,layerwise,random,baseline,1,0.7,5,0.8967,0.8877,0.2858189087867737,0.31074377237558365,211383,0.10105636498175596,211078,0.10084685114503822,0.0,0.0,0,0,0,0.3309836679836735,0.8877,0.3107437763810158,0.32358903309796005,234752,235146,"[0.833, 0.971, 0.807, 0.902, 0.801, 0.96, 0.714, 0.963, 0.974, 0.952]","[0.844168260038241, 0.982725527831094, 0.8241985522233712, 0.9328358208955224, 0.8358061325420376, 0.9561752988047809, 0.7203140333660452, 0.9686847599164927, 0.9618473895582329, 0.9450441609421001]",batch,both
FashionMNIST,small,42,10,all,all,random,baseline,2,0.05,0,0.889,0.8765,0.3063098161697388,0.33722330906391146,222660,0.05309892577377462,222284,0.05311136859323884,0.0,0.0,0,0,0,0.3212808819953352,0.8765,0.33722331097126007,0.31959252094384283,234752,235146,"[0.891, 0.969, 0.697, 0.861, 0.872, 0.958, 0.638, 0.954, 0.971, 0.954]","[0.9082217973231358, 0.9798464491362764, 0.7300930713547052, 0.8763326226012793, 0.9010880316518298, 0.9601593625498008, 0.6692836113837095, 0.9572025052192067, 0.9538152610441767, 0.9489695780176644]",batch,both
FashionMNIST,small,42,10,all,all,random,baseline,2,0.05,1,0.8967,0.8906,0.2885160870552063,0.31357393109202386,222660,0.05309892577377462,222284,0.05311136859323884,0.0,0.0,0,0,0,0.3112990941153839,0.8906,0.31357392898797987,0.3422985760262236,234752,235146,"[0.833, 0.976, 0.791, 0.912, 0.855, 0.958, 0.688, 0.964, 0.977, 0.952]","[0.8451242829827916, 0.9817658349328215, 0.8024819027921406, 0.9392324093816631, 0.8724035608308606, 0.9561752988047809, 0.6908734052993131, 0.9676409185803758, 0.964859437751004, 0.9509322865554465]",batch,both
FashionMNIST,small,42,10,all,all,random,baseline,2,0.05,3,0.8982,0.8917,0.28290157279968264,0.3123896065175533,222660,0.05309892577377462,222284,0.05311136859323884,0.0,0.0,0,0,0,0.3221274019451812,0.8917,0.31238960446119307,0.3303602150408551,234752,235146,"[0.839, 0.973, 0.807, 0.911, 0.821, 0.959, 0.709, 0.967, 0.977, 0.954]","[0.8460803059273423, 0.9836852207293666, 0.8190279214064116, 0.9360341151385928, 0.847675568743818, 0.952191235059761, 0.718351324828263, 0.9665970772442589, 0.9628514056224899, 0.9538763493621197]",batch,both
FashionMNIST,small,42,10,all,all,random,baseline,2,0.05,5,0.8986,0.8925,0.2877718821525574,0.3154480753302574,222660,0.05309892577377462,222284,0.05311136859323884,0.0,0.0,0,0,0,0.3299651970155537,0.8925,0.3154480747461319,0.32836820906959474,234752,235146,"[0.872, 0.97, 0.816, 0.905, 0.851, 0.956, 0.656, 0.971, 0.976, 0.952]","[0.8814531548757171, 0.9836852207293666, 0.8262668045501551, 0.929637526652452, 0.8654797230464887, 0.9472111553784861, 0.6683022571148185, 0.9707724425887265, 0.964859437751004, 0.9519136408243376]",batch,both
FashionMNIST,small,42,10,all,all,random,baseline,2,0.1,0,0.8911,0.8768,0.308158890914917,0.33612599024772644,209417,0.10941712808212767,209060,0.10944315703380592,0.0,0.0,0,0,0,0.33416310499887913,0.8768,0.3361259892821312,0.3160655120154843,234752,235146,"[0.886, 0.973, 0.736, 0.871, 0.868, 0.949, 0.606, 0.948, 0.972, 0.959]","[0.9015296367112811, 0.9856046065259118, 0.7683557394002068, 0.8923240938166311, 0.8921859545004945, 0.951195219123506, 0.6427870461236507, 0.9634655532359081, 0.9588353413654619, 0.9528949950932286]",batch,both
FashionMNIST,small,42,10,all,all,random,baseline,2,0.1,1,0.8962,0.8902,0.2887490481376648,0.3148283672809601,209417,0.10941712808212767,209060,0.10944315703380592,0.0,0.0,0,0,0,0.3500427670078352,0.8902,0.31482837101221084,0.32874916796572506,234752,235146,"[0.855, 0.971, 0.8, 0.911, 0.822, 0.956, 0.692, 0.965, 0.973, 0.957]","[0.858508604206501, 0.9836852207293666, 0.8055842812823164, 0.94136460554371, 0.8437190900098912, 0.951195219123506, 0.6987242394504416, 0.9686847599164927, 0.9628514056224899, 0.9519136408243376]",batch,both
FashionMNIST,small,42,10,all,all,random,baseline,2,0.1,3,0.8997,0.8921,0.2819568232536316,0.312042066013813,209417,0.10941712808212767,209060,0.10944315703380592,0.0,0.0,0,0,0,0.3373402620200068,0.8921,0.3120420679092407,0.3409171279054135,234752,235146,"[0.863, 0.97, 0.807, 0.899, 0.846, 0.966, 0.682, 0.958, 0.974, 0.956]","[0.864244741873805, 0.9836852207293666, 0.8210961737331954, 0.9243070362473348, 0.8674579624134521, 0.9631474103585658, 0.6947988223748773, 0.965553235908142, 0.9628514056224899, 0.9528949950932286]",batch,both
FashionMNIST,small,42,10,all,all,random,baseline,2,0.1,5,0.8999,0.8926,0.2833961424827576,0.31277236931324004,209417,0.10941712808212767,209060,0.10944315703380592,0.0,0.0,0,0,0,0.3349328009644523,0.8926,0.3127723722100258,0.33343681099358946,234752,235146,"[0.849, 0.972, 0.799, 0.901, 0.854, 0.962, 0.698, 0.967, 0.972, 0.952]","[0.8556405353728489, 0.9846449136276392, 0.8169596690796277, 0.9243070362473348, 0.8733926805143423, 0.954183266932271, 0.7124631992149166, 0.9665970772442589, 0.963855421686747, 0.9499509322865555]",batch,both
FashionMNIST,small,42,10,all,all,random,baseline,2,0.2,0,0.8871,0.8753,0.3393122708320618,0.3639438539981842,183183,0.2209818580796612,182865,0.22102900081788446,0.0,0.0,0,0,0,0.3169745070626959,0.8753,0.36394385244846345,0.3305830470053479,234752,235146,"[0.874, 0.972, 0.724, 0.862, 0.86, 0.952, 0.634, 0.966, 0.97, 0.939]","[0.8919694072657743, 0.9846449136276392, 0.750775594622544, 0.8859275053304904, 0.8813056379821959, 0.952191235059761, 0.6604514229636899, 0.9603340292275574, 0.9618473895582329, 0.9391560353287537]",batch,both
FashionMNIST,small,42,10,all,all,random,baseline,2,0.2,1,0.8943,0.8875,0.29003621578216554,0.3167293989419937,183183,0.2209818580796612,182865,0.22102900081788446,0.0,0.0,0,0,0,0.32453126495238394,0.8875,0.31672940274477007,0.33088196301832795,234752,235146,"[0.846, 0.97, 0.802, 0.905, 0.813, 0.951, 0.693, 0.967, 0.975, 0.953]","[0.8489483747609943, 0.980806142034549, 0.8107549120992761, 0.9381663113006397, 0.8387734915924827, 0.950199203187251, 0.704612365063788, 0.9634655532359081, 0.9608433734939759, 0.9509322865554465]",batch,both
FashionMNIST,small,42,10,all,all,random,baseline,2,0.2,3,0.896,0.8887,0.2881617769241333,0.31641255437135696,183183,0.2209818580796612,182865,0.22102900081788446,0.0,0.0,0,0,0,0.3267738129943609,0.8887,0.31641255053281786,0.3257981240749359,234752,235146,"[0.865, 0.971, 0.799, 0.898, 0.828, 0.957, 0.67, 0.961, 0.978, 0.96]","[0.8709369024856597, 0.980806142034549, 0.8200620475698035, 0.9285714285714286, 0.8555885262116716, 0.953187250996016, 0.677134445534838, 0.9603340292275574, 0.9618473895582329, 0.9548577036310107]",batch,both
FashionMNIST,small,42,10,all,all,random,baseline,2,0.2,5,0.8967,0.89,0.2865904200553894,0.31495305185317995,183183,0.2209818580796612,182865,0.22102900081788446,0.0,0.0,0,0,0,0.31533129198942333,0.89,0.3149530530810356,0.332325165043585,234752,235146,"[0.859, 0.968, 0.817, 0.918, 0.813, 0.961, 0.672, 0.958, 0.975, 0.959]","[0.8680688336520076, 0.980806142034549, 0.8324715615305067, 0.9456289978678039, 0.8318496538081108, 0.9581673306772909, 0.6810598626104023, 0.9592901878914405, 0.9588353413654619, 0.9558390578999019]",batch,both
FashionMNIST,small,42,10,all,all,random,baseline,2,0.3,0,0.8842,0.871,0.3917227798938751,0.4131191041707993,158500,0.32595068595680976,158220,0.3260121319520175,0.0,0.0,0,0,0,0.32392550993245095,0.871,0.413119100356102,0.3382751550525427,234752,235146,"[0.86, 0.963, 0.698, 0.869, 0.823, 0.948, 0.667, 0.971, 0.976, 0.935]","[0.8680688336520076, 0.9769673704414588, 0.7456049638055843, 0.896588486140725, 0.8496538081107814, 0.9492031872509961, 0.6908734052993131, 0.965553235908142, 0.9668674698795181, 0.9322865554465162]",batch,both
FashionMNIST,small,42,10,all,all,random,baseline,2,0.3,1,0.8933,0.8858,0.2947062480926514,0.3207477012991905,158500,0.32595068595680976,158220,0.3260121319520175,0.0,0.0,0,0,0,0.31974532501772046,0.8858,0.3207476972937584,0.3339079669676721,234752,235146,"[0.837, 0.97, 0.804, 0.906, 0.817, 0.951, 0.685, 0.958, 0.975, 0.955]","[0.844168260038241, 0.9817658349328215, 0.8138572905894519, 0.9381663113006397, 0.8387734915924827, 0.951195219123506, 0.6928361138370952, 0.9634655532359081, 0.9628514056224899, 0.9509322865554465]",batch,both
FashionMNIST,small,42,10,all,all,random,baseline,2,0.3,3,0.8952,0.8877,0.2877359802246094,0.3141314561367035,158500,0.32595068595680976,158220,0.3260121319520175,0.0,0.0,0,0,0,0.3332035170169547,0.8877,0.3141314544200897,0.3361572860740125,234752,235146,"[0.852, 0.967, 0.793, 0.902, 0.832, 0.952, 0.684, 0.958, 0.976, 0.961]","[0.847036328871893, 0.9798464491362764, 0.8169596690796277, 0.9328358208955224, 0.8605341246290801, 0.952191235059761, 0.6947988223748773, 0.9551148225469729, 0.9608433734939759, 0.9558390578999019]",batch,both
FashionMNIST,small,42,10,all,all,random,baseline,2,0.3,5,0.8962,0.888,0.2920584488868713,0.3180751706361771,158500,0.32595068595680976,158220,0.3260121319520175,0.0,0.0,0,0,0,0.3193199990782887,0.888,0.3180751732826233,0.32371811603661627,234752,235146,"[0.842, 0.97, 0.807, 0.902, 0.839, 0.946, 0.675, 0.973, 0.972, 0.954]","[0.844168260038241, 0.980806142034549, 0.8241985522233712, 0.9371002132196162, 0.8615232443125618, 0.9412350597609562, 0.6918547595682041, 0.9718162839248434, 0.9628514056224899, 0.9519136408243376]",batch,both
FashionMNIST,small,42,10,all,all,random,baseline,2,0.4,0,0.876,0.8683,0.48415798864364623,0.5059034195899963,133605,0.43182108137072284,133364,0.4318940839694656,0.0,0.0,0,0,0,0.32905489206314087,0.8683,0.5059034108638764,0.32307438692077994,234752,235146,"[0.845, 0.97, 0.691, 0.851, 0.812, 0.924, 0.699, 0.967, 0.979, 0.945]","[0.8384321223709369, 0.9750479846449136, 0.718717683557394, 0.8869936034115139, 0.8387734915924827, 0.9203187250996016, 0.7055937193326791, 0.9686847599164927, 0.9668674698795181, 0.9401373895976447]",batch,both
FashionMNIST,small,42,10,all,all,random,baseline,2,0.4,1,0.8914,0.882,0.3018907976150513,0.3288854779481888,133605,0.43182108137072284,133364,0.4318940839694656,0.0,0.0,0,0,0,0.3152482290752232,0.882,0.3288854768276215,0.32429454603698105,234752,235146,"[0.867, 0.974, 0.817, 0.898, 0.783, 0.942, 0.651, 0.956, 0.971, 0.961]","[0.8718929254302104, 0.982725527831094, 0.8376421923474664, 0.929637526652452, 0.8170128585558852, 0.9432270916334662, 0.6575073601570167, 0.964509394572025, 0.9618473895582329, 0.9528949950932286]",batch,both
FashionMNIST,small,42,10,all,all,random,baseline,2,0.4,3,0.8948,0.8855,0.29459382209777835,0.3215646619915962,133605,0.43182108137072284,133364,0.4318940839694656,0.0,0.0,0,0,0,0.32276172493584454,0.8855,0.32156466467380523,0.32465691899415106,234752,235146,"[0.863, 0.974, 0.794, 0.902, 0.824, 0.954, 0.657, 0.968, 0.971, 0.948]","[0.8575525812619503, 0.9817658349328215, 0.8221302998965874, 0.9381663113006397, 0.8635014836795252, 0.951195219123506, 0.6673209028459274, 0.9624217118997912, 0.9628514056224899, 0.9460255152109912]",batch,both
FashionMNIST,small,42,10,all,all,random,baseline,2,0.4,5,0.8957,0.887,0.2909039782524109,0.317892737197876,133605,0.43182108137072284,133364,0.4318940839694656,0.0,0.0,0,0,0,0.3301875469041988,0.887,0.3178927421927452,0.366551955929026,234752,235146,"[0.849, 0.971, 0.812, 0.899, 0.811, 0.954, 0.68, 0.97, 0.974, 0.95]","[0.8537284894837476, 0.980806142034549, 0.8221302998965874, 0.9392324093816631, 0.8417408506429278, 0.953187250996016, 0.6947988223748773, 0.9634655532359081, 0.9628514056224899, 0.9499509322865555]",batch,both
FashionMNIST,small,42,10,all,all,random,baseline,2,0.5,0,0.8556,0.8473,0.6655629285812378,0.6856669804573059,109386,0.5348166670919343,109184,0.534896401308615,0.0,0.0,0,0,0,0.32173280301503837,0.8473,0.685666978263855,0.339020939078182,234752,235146,"[0.811, 0.963, 0.616, 0.831, 0.71, 0.939, 0.776, 0.975, 0.955, 0.897]","[0.8288718929254302, 0.9760076775431862, 0.6225439503619442, 0.8688699360341151, 0.744807121661721, 0.9272908366533864, 0.774288518155054, 0.9686847599164927, 0.9508032128514057, 0.8900883218842002]",batch,both
FashionMNIST,small,42,10,all,all,random,baseline,2,0.5,1,0.8868,0.8774,0.3147765950202942,0.33956001385450363,109386,0.5348166670919343,109184,0.534896401308615,0.0,0.0,0,0,0,0.3398650729795918,0.8774,0.33956001842021943,0.32783870305866003,234752,235146,"[0.835, 0.967, 0.783, 0.89, 0.84, 0.947, 0.63, 0.954, 0.973, 0.955]","[0.844168260038241, 0.9798464491362764, 0.8148914167528438, 0.9232409381663113, 0.8704253214638972, 0.9422310756972112, 0.6368989205103042, 0.9561586638830898, 0.963855421686747, 0.9411187438665358]",batch,both
FashionMNIST,small,42,10,all,all,random,baseline,2,0.5,3,0.8919,0.8822,0.3005400854110718,0.32668891580104825,109386,0.5348166670919343,109184,0.534896401308615,0.0,0.0,0,0,0,0.32705641200300306,0.8822,0.32668891180753706,0.35269437707029283,234752,235146,"[0.85, 0.971, 0.79, 0.885, 0.836, 0.955, 0.653, 0.956, 0.973, 0.953]","[0.8537284894837476, 0.9798464491362764, 0.8169596690796277, 0.917910447761194, 0.8664688427299704, 0.9551792828685259, 0.6653581943081452, 0.9613778705636743, 0.964859437751004, 0.9411187438665358]",batch,both
FashionMNIST,small,42,10,all,all,random,baseline,2,0.5,5,0.8939,0.885,0.2983593393325806,0.3224410912156105,109386,0.5348166670919343,109184,0.534896401308615,0.0,0.0,0,0,0,0.3252190341008827,0.885,0.3224410910248756,0.32521289493888617,234752,235146,"[0.856, 0.969, 0.814, 0.916, 0.812, 0.951, 0.639, 0.966, 0.975, 0.952]","[0.8661567877629063, 0.9798464491362764, 0.8324715615305067, 0.9445628997867804, 0.8496538081107814, 0.9492031872509961, 0.6486751717369971, 0.965553235908142, 0.963855421686747, 0.9450441609421001]",batch,both
FashionMNIST,small,42,10,all,all,random,baseline,2,0.7,0,0.7583,0.7576,1.345005302619934,1.3515451000213623,63887,0.728309220654402,63761,0.7283899604689203,0.0,0.0,0,0,0,0.32584660104475915,0.7576,1.3515450969696046,0.32935555500444025,234752,235146,"[0.368, 0.949, 0.6, 0.725, 0.792, 0.879, 0.386, 0.939, 0.973, 0.965]","[0.3977055449330784, 0.9491362763915547, 0.6018614270941055, 0.7388059701492538, 0.8160237388724035, 0.8555776892430279, 0.38763493621197254, 0.9321503131524008, 0.9698795180722891, 0.9470068694798822]",batch,both
FashionMNIST,small,42,10,all,all,random,baseline,2,0.7,1,0.8612,0.8529,0.41711568508148195,0.42579124219417575,63887,0.728309220654402,63761,0.7283899604689203,0.0,0.0,0,0,0,0.326130606001243,0.8529,0.4257912406206131,0.32811204600147903,234752,235146,"[0.793, 0.962, 0.736, 0.887, 0.81, 0.933, 0.549, 0.95, 0.963, 0.946]","[0.8250478011472275, 0.9702495201535508, 0.7631851085832472, 0.9211087420042644, 0.8407517309594461, 0.9073705179282868, 0.5672227674190383, 0.9498956158663883, 0.9487951807228916, 0.9244357212953876]",batch,both
FashionMNIST,small,42,10,all,all,random,baseline,2,0.7,3,0.8743,0.8634,0.3586840537071228,0.3747427981853485,63887,0.728309220654402,63761,0.7283899604689203,0.0,0.0,0,0,0,0.33764583710581064,0.8634,0.3747427930355072,0.3353830829728395,234752,235146,"[0.805, 0.965, 0.758, 0.895, 0.816, 0.938, 0.596, 0.939, 0.964, 0.958]","[0.8365200764818356, 0.974088291746641, 0.7859358841778697, 0.9275053304904051, 0.8417408506429278, 0.9342629482071713, 0.6025515210991168, 0.9478079331941545, 0.9548192771084337, 0.943081452404318]",batch,both
FashionMNIST,small,42,10,all,all,random,baseline,2,0.7,5,0.8791,0.8699,0.3399956647872925,0.35860571765899657,63887,0.728309220654402,63761,0.7283899604689203,0.0,0.0,0,0,0,0.3300508540123701,0.8699,0.3586057182192802,0.3360263860085979,234752,235146,"[0.831, 0.965, 0.772, 0.897, 0.828, 0.949, 0.585, 0.956, 0.969, 0.947]","[0.8432122370936902, 0.9750479846449136, 0.8055842812823164, 0.929637526652452, 0.8585558852621167, 0.9412350597609562, 0.5986261040235525, 0.9582463465553236, 0.9558232931726908, 0.9313052011776252]",batch,both
FashionMNIST,small,42,10,a1,layerwise,random,baseline,2,0.05,0,0.8889,0.8767,0.30604992828369143,0.3365846542835236,224190,0.04659232987165418,223808,0.04661941112322787,0.0,0.0,0,0,0,0.33569760201498866,0.8767,0.33658465501070023,0.3290248849662021,234752,235146,"[0.894, 0.97, 0.698, 0.865, 0.878, 0.957, 0.626, 0.956, 0.97, 0.953]","[0.9015296367112811, 0.980806142034549, 0.7311271975180972, 0.8859275053304904, 0.904055390702275, 0.954183266932271, 0.6604514229636899, 0.964509394572025, 0.9538152610441767, 0.9489695780176644]",batch,both
FashionMNIST,small,42,10,a1,layerwise,random,baseline,2,0.05,1,0.8957,0.8913,0.2875196687698364,0.3143798824369907,224190,0.04659232987165418,223808,0.04661941112322787,0.0,0.0,0,0,0,0.3322096560150385,0.8913,0.314379883390665,0.327016604016535,234752,235146,"[0.855, 0.974, 0.814, 0.908, 0.836, 0.959, 0.677, 0.963, 0.974, 0.953]","[0.8632887189292543, 0.9817658349328215, 0.8200620475698035, 0.9307036247334755, 0.8536102868447082, 0.951195219123506, 0.6810598626104023, 0.9676409185803758, 0.9628514056224899, 0.9489695780176644]",batch,both
FashionMNIST,small,42,10,a1,layerwise,random,baseline,2,0.05,3,0.8981,0.8924,0.2860399868965149,0.31522510013580324,224190,0.04659232987165418,223808,0.04661941112322787,0.0,0.0,0,0,0,0.3119375959504396,0.8924,0.31522510131001474,0.31712455896195024,234752,235146,"[0.848, 0.974, 0.798, 0.903, 0.832, 0.964, 0.717, 0.958, 0.972, 0.958]","[0.8556405353728489, 0.9817658349328215, 0.8086866597724922, 0.9317697228144989, 0.8565776458951533, 0.9601593625498008, 0.7163886162904809, 0.9592901878914405, 0.9608433734939759, 0.9528949950932286]",batch,both
FashionMNIST,small,42,10,a1,layerwise,random,baseline,2,0.05,5,0.8992,0.8929,0.2844367262840271,0.314232508790493,224190,0.04659232987165418,223808,0.04661941112322787,0.0,0.0,0,0,0,0.3303947779349983,0.8929,0.31423251080513,0.3220118620665744,234752,235146,"[0.844, 0.976, 0.817, 0.903, 0.822, 0.966, 0.709, 0.963, 0.972, 0.957]","[0.8460803059273423, 0.9856046065259118, 0.8345398138572906, 0.9285714285714286, 0.847675568743818, 0.9661354581673307, 0.7105004906771345, 0.9624217118997912, 0.9618473895582329, 0.9528949950932286]",batch,both
FashionMNIST,small,42,10,a1,layerwise,random,baseline,2,0.1,0,0.8892,0.8747,0.3082449531555176,0.3363457146883011,212321,0.09706735389927956,211952,0.09712377317339149,0.0,0.0,0,0,0,0.32766026409808546,0.8747,0.3363457169651985,0.3541009599575773,234752,235146,"[0.893, 0.97, 0.716, 0.877, 0.875, 0.944, 0.59, 0.96, 0.97, 0.952]","[0.904397705544933, 0.982725527831094, 0.7518097207859359, 0.896588486140725, 0.9000989119683481, 0.9472111553784861, 0.6329735034347399, 0.9739039665970772, 0.9568273092369478, 0.9440628066732091]",batch,both
FashionMNIST,small,42,10,a1,layerwise,random,baseline,2,0.1,1,0.8972,0.8895,0.28683165159225466,0.3165103787064552,212321,0.09706735389927956,211952,0.09712377317339149,0.0,0.0,0,0,0,0.31681482400745153,0.8895,0.31651038204431536,0.3242897689342499,234752,235146,"[0.839, 0.971, 0.803, 0.901, 0.837, 0.96, 0.694, 0.967, 0.973, 0.95]","[0.8518164435946463, 0.9836852207293666, 0.8148914167528438, 0.9264392324093816, 0.8565776458951533, 0.9571713147410359, 0.7085377821393523, 0.965553235908142, 0.9618473895582329, 0.9489695780176644]",batch,both
FashionMNIST,small,42,10,a1,layerwise,random,baseline,2,0.1,3,0.8996,0.8921,0.2849874363899231,0.3152651636838913,212321,0.09706735389927956,211952,0.09712377317339149,0.0,0.0,0,0,0,0.32029387704096735,0.8921,0.31526516234874724,0.3268590410007164,234752,235146,"[0.857, 0.971, 0.834, 0.906, 0.81, 0.965, 0.685, 0.955, 0.975, 0.963]","[0.8604206500956023, 0.9846449136276392, 0.843846949327818, 0.9339019189765458, 0.8417408506429278, 0.9651394422310757, 0.6957801766437685, 0.9561586638830898, 0.964859437751004, 0.9538763493621197]",batch,both
FashionMNIST,small,42,10,a1,layerwise,random,baseline,2,0.1,5,0.9006,0.8914,0.2879152693748474,0.31726085740327836,212321,0.09706735389927956,211952,0.09712377317339149,0.0,0.0,0,0,0,0.3234674819977954,0.8914,0.3172608614563942,0.3310093720210716,234752,235146,"[0.857, 0.965, 0.834, 0.921, 0.818, 0.956, 0.665, 0.966, 0.977, 0.955]","[0.8652007648183556, 0.982725527831094, 0.8541882109617374, 0.9456289978678039, 0.8447082096933729, 0.952191235059761, 0.6790971540726202, 0.9697286012526096, 0.9668674698795181, 0.9519136408243376]",batch,both
FashionMNIST,small,42,10,a1,layerwise,random,baseline,2,0.2,0,0.8875,0.8767,0.31647826290130615,0.34188341066837313,188583,0.19801740195453033,188240,0.19813249727371862,0.0,0.0,0,0,0,0.31618813797831535,0.8767,0.34188340955972674,0.32758532208390534,234752,235146,"[0.903, 0.968, 0.727, 0.886, 0.871, 0.951, 0.576, 0.97, 0.974, 0.941]","[0.9158699808795411, 0.9769673704414588, 0.7600827300930714, 0.8987206823027718, 0.8941641938674579, 0.9482071713147411, 0.6133464180569186, 0.9676409185803758, 0.9588353413654619, 0.9401373895976447]",batch,both
FashionMNIST,small,42,10,a1,layerwise,random,baseline,2,0.2,1,0.8966,0.8886,0.29020974073410033,0.31591992532014845,188583,0.19801740195453033,188240,0.19813249727371862,0.0,0.0,0,0,0,0.3373546340735629,0.8886,0.3159199171543121,0.3238990210229531,234752,235146,"[0.844, 0.971, 0.814, 0.906, 0.83, 0.959, 0.67, 0.966, 0.977, 0.949]","[0.8575525812619503, 0.980806142034549, 0.8200620475698035, 0.9381663113006397, 0.8466864490603363, 0.9601593625498008, 0.689892051030422, 0.964509394572025, 0.9628514056224899, 0.9499509322865555]",batch,both
FashionMNIST,small,42,10,a1,layerwise,random,baseline,2,0.2,3,0.8984,0.8921,0.28989970712661745,0.31669629859924314,188583,0.19801740195453033,188240,0.19813249727371862,0.0,0.0,0,0,0,0.32674031099304557,0.8921,0.3166962984085083,0.3325806329958141,234752,235146,"[0.866, 0.974, 0.791, 0.905, 0.842, 0.956, 0.69, 0.967, 0.977, 0.953]","[0.864244741873805, 0.980806142034549, 0.8097207859358841, 0.9339019189765458, 0.8615232443125618, 0.9581673306772909, 0.6957801766437685, 0.9634655532359081, 0.9668674698795181, 0.9528949950932286]",batch,both
FashionMNIST,small,42,10,a1,layerwise,random,baseline,2,0.2,5,0.8984,0.8888,0.28778048944473267,0.31612240116596224,188583,0.19801740195453033,188240,0.19813249727371862,0.0,0.0,0,0,0,0.32143084390554577,0.8888,0.31612240027189253,0.3274485160363838,234752,235146,"[0.852, 0.962, 0.816, 0.904, 0.816, 0.951, 0.696, 0.955, 0.972, 0.964]","[0.8537284894837476, 0.980806142034549, 0.8335056876938987, 0.9349680170575693, 0.8486646884272997, 0.953187250996016, 0.7006869479882237, 0.9582463465553236, 0.964859437751004, 0.9597644749754661]",batch,both
FashionMNIST,small,42,10,a1,layerwise,random,baseline,2,0.3,0,0.8824,0.8707,0.33214273829460145,0.35303703911304474,165758,0.29508475585381,165440,0.2952562704471101,0.0,0.0,0,0,0,0.32194563501980156,0.8707,0.3530370421886444,0.3214343279832974,234752,235146,"[0.901, 0.965, 0.672, 0.88, 0.868, 0.949, 0.591, 0.974, 0.974, 0.933]","[0.9149139579349904, 0.974088291746641, 0.717683557394002, 0.896588486140725, 0.8892185954500494, 0.9472111553784861, 0.6211972522080471, 0.9697286012526096, 0.9598393574297188, 0.9313052011776252]",batch,both
FashionMNIST,small,42,10,a1,layerwise,random,baseline,2,0.3,1,0.8948,0.8861,0.2947516480445862,0.31790954563617707,165758,0.29508475585381,165440,0.2952562704471101,0.0,0.0,0,0,0,0.3459804990561679,0.8861,0.3179095512032509,0.3325537390774116,234752,235146,"[0.841, 0.974, 0.792, 0.904, 0.832, 0.952, 0.674, 0.973, 0.975, 0.944]","[0.8499043977055449, 0.982725527831094, 0.8076525336091003, 0.9371002132196162, 0.8545994065281899, 0.952191235059761, 0.6947988223748773, 0.9676409185803758, 0.9608433734939759, 0.9450441609421001]",batch,both
FashionMNIST,small,42,10,a1,layerwise,random,baseline,2,0.3,3,0.8977,0.8888,0.2911184807777405,0.31622381392717364,165758,0.29508475585381,165440,0.2952562704471101,0.0,0.0,0,0,0,0.32303184596821666,0.8888,0.31622381411790845,0.3270175770157948,234752,235146,"[0.844, 0.97, 0.811, 0.901, 0.828, 0.958, 0.684, 0.97, 0.976, 0.946]","[0.8451242829827916, 0.9817658349328215, 0.8304033092037229, 0.9445628997867804, 0.8506429277942631, 0.9571713147410359, 0.6957801766437685, 0.964509394572025, 0.964859437751004, 0.9479882237487733]",batch,both
FashionMNIST,small,42,10,a1,layerwise,random,baseline,2,0.3,5,0.8969,0.8911,0.2910603977203369,0.3151191025674343,165758,0.29508475585381,165440,0.2952562704471101,0.0,0.0,0,0,0,0.3176040359539911,0.8911,0.31511910409331323,0.32104291999712586,234752,235146,"[0.846, 0.972, 0.796, 0.905, 0.846, 0.964, 0.69, 0.959, 0.974, 0.959]","[0.847036328871893, 0.982725527831094, 0.8066184074457083, 0.94136460554371, 0.8654797230464887, 0.9551792828685259, 0.7006869479882237, 0.9561586638830898, 0.9608433734939759, 0.956820412168793]",batch,both
FashionMNIST,small,42,10,a1,layerwise,random,baseline,2,0.4,0,0.8788,0.8654,0.34981638889312744,0.37127540271282194,142020,0.39603480390906076,141728,0.39626499454743724,0.0,0.0,0,0,0,0.3299975219415501,0.8654,0.3712753964424133,0.335222088964656,234752,235146,"[0.887, 0.971, 0.661, 0.868, 0.843, 0.913, 0.623, 0.967, 0.97, 0.951]","[0.9005736137667304, 0.9779270633397313, 0.704239917269907, 0.8912579957356077, 0.874381800197824, 0.9113545816733067, 0.6467124631992149, 0.9686847599164927, 0.9618473895582329, 0.9479882237487733]",batch,both
FashionMNIST,small,42,10,a1,layerwise,random,baseline,2,0.4,1,0.895,0.8862,0.2965689994812012,0.3207556605935097,142020,0.39603480390906076,141728,0.39626499454743724,0.0,0.0,0,0,0,0.3244191720150411,0.8862,0.32075565810203555,0.3520909920334816,234752,235146,"[0.836, 0.972, 0.809, 0.908, 0.813, 0.948, 0.679, 0.965, 0.973, 0.959]","[0.8508604206500956, 0.9798464491362764, 0.8241985522233712, 0.9434968017057569, 0.8427299703264095, 0.951195219123506, 0.6859666339548577, 0.9572025052192067, 0.964859437751004, 0.9548577036310107]",batch,both
FashionMNIST,small,42,10,a1,layerwise,random,baseline,2,0.4,3,0.8971,0.8867,0.29440373811721804,0.3205008940219879,142020,0.39603480390906076,141728,0.39626499454743724,0.0,0.0,0,0,0,0.32476194098126143,0.8867,0.32050088471174243,0.3432505609234795,234752,235146,"[0.862, 0.972, 0.804, 0.889, 0.843, 0.95, 0.648, 0.974, 0.978, 0.947]","[0.869980879541109, 0.9817658349328215, 0.8335056876938987, 0.9232409381663113, 0.8635014836795252, 0.9492031872509961, 0.6722276741903828, 0.9676409185803758, 0.9668674698795181, 0.9470068694798822]",batch,both
FashionMNIST,small,42,10,a1,layerwise,random,baseline,2,0.4,5,0.8973,0.8888,0.29277940950393677,0.317707714009285,142020,0.39603480390906076,141728,0.39626499454743724,0.0,0.0,0,0,0,0.32057924196124077,0.8888,0.3177077115058899,0.32152670098003,234752,235146,"[0.852, 0.972, 0.81, 0.913, 0.812, 0.951, 0.681, 0.972, 0.972, 0.953]","[0.8556405353728489, 0.980806142034549, 0.8241985522233712, 0.9456289978678039, 0.8407517309594461, 0.9581673306772909, 0.6947988223748773, 0.9624217118997912, 0.9628514056224899, 0.9528949950932286]",batch,both
FashionMNIST,small,42,10,a1,layerwise,random,baseline,2,0.5,0,0.8635,0.8542,0.4016021327018738,0.42492352106571196,118282,0.4969848519643115,118016,0.4972737186477645,0.0,0.0,0,0,0,0.356646949891001,0.8542,0.42492351422309876,0.32463090505916625,234752,235146,"[0.878, 0.969, 0.604, 0.846, 0.773, 0.924, 0.698, 0.983, 0.955, 0.912]","[0.8852772466539197, 0.9836852207293666, 0.6287487073422957, 0.8688699360341151, 0.80811078140455, 0.9133466135458167, 0.7134445534838076, 0.9749478079331941, 0.9427710843373494, 0.9097154072620216]",batch,both
FashionMNIST,small,42,10,a1,layerwise,random,baseline,2,0.5,1,0.8924,0.8827,0.30127751407623293,0.3267180125236511,118282,0.4969848519643115,118016,0.4972737186477645,0.0,0.0,0,0,0,0.3145850150613114,0.8827,0.32671801084280017,0.3288828289369121,234752,235146,"[0.852, 0.972, 0.808, 0.9, 0.819, 0.944, 0.642, 0.967, 0.973, 0.95]","[0.8575525812619503, 0.9798464491362764, 0.8304033092037229, 0.9328358208955224, 0.8585558852621167, 0.9472111553784861, 0.6496565260058881, 0.964509394572025, 0.964859437751004, 0.9440628066732091]",batch,both
FashionMNIST,small,42,10,a1,layerwise,random,baseline,2,0.5,3,0.8956,0.8852,0.29456953897476196,0.323034728717804,118282,0.4969848519643115,118016,0.4972737186477645,0.0,0.0,0,0,0,0.33420476596802473,0.8852,0.32303473554849627,0.31748743494972587,234752,235146,"[0.829, 0.972, 0.786, 0.895, 0.835, 0.95, 0.692, 0.957, 0.977, 0.959]","[0.8365200764818356, 0.9788867562380038, 0.8004136504653567, 0.9328358208955224, 0.8625123639960435, 0.9581673306772909, 0.7124631992149166, 0.9582463465553236, 0.9668674698795181, 0.9528949950932286]",batch,both
FashionMNIST,small,42,10,a1,layerwise,random,baseline,2,0.5,5,0.896,0.8854,0.2932146421432495,0.32046558363437655,118282,0.4969848519643115,118016,0.4972737186477645,0.0,0.0,0,0,0,0.320863296976313,0.8854,0.32046558380723,0.31460926693398505,234752,235146,"[0.843, 0.972, 0.807, 0.903, 0.826, 0.949, 0.656, 0.971, 0.977, 0.95]","[0.8556405353728489, 0.9817658349328215, 0.8210961737331954, 0.9392324093816631, 0.8526211671612265, 0.950199203187251, 0.689892051030422, 0.9665970772442589, 0.9678714859437751, 0.9401373895976447]",batch,both
FashionMNIST,small,42,10,a1,layerwise,random,baseline,2,0.7,0,0.8279,0.8222,0.5979525278091431,0.6133392046928405,71719,0.6950022539188419,71504,0.6954062159214831,0.0,0.0,0,0,0,0.3371732080122456,0.8222,0.6133392021656037,0.3386620020028204,234752,235146,"[0.609, 0.975, 0.586, 0.77, 0.766, 0.934, 0.728, 0.967, 0.96, 0.927]","[0.6281070745697896, 0.9817658349328215, 0.5863495346432265, 0.7910447761194029, 0.7922848664688428, 0.9143426294820717, 0.7507360157016683, 0.9530271398747391, 0.9528112449799196, 0.9263984298331698]",batch,both
FashionMNIST,small,42,10,a1,layerwise,random,baseline,2,0.7,1,0.8844,0.8743,0.32930508375167844,0.34815046224594115,71719,0.6950022539188419,71504,0.6954062159214831,0.0,0.0,0,0,0,0.3231330389389768,0.8743,0.3481504584789276,0.31869920704048127,234752,235146,"[0.822, 0.969, 0.784, 0.897, 0.807, 0.948, 0.642, 0.955, 0.967, 0.952]","[0.8317399617590823, 0.9779270633397313, 0.811789038262668, 0.9360341151385928, 0.8447082096933729, 0.9442231075697212, 0.6565260058881256, 0.9530271398747391, 0.9608433734939759, 0.9332679097154073]",batch,both
FashionMNIST,small,42,10,a1,layerwise,random,baseline,2,0.7,3,0.8866,0.8781,0.3178255838394165,0.33899535422325133,71719,0.6950022539188419,71504,0.6954062159214831,0.0,0.0,0,0,0,0.3195393620990217,0.8781,0.3389953627824783,0.3209707619389519,234752,235146,"[0.834, 0.968, 0.809, 0.912, 0.786, 0.945, 0.643, 0.964, 0.969, 0.951]","[0.8460803059273423, 0.9769673704414588, 0.8293691830403309, 0.9456289978678039, 0.8189910979228486, 0.9442231075697212, 0.6457311089303238, 0.965553235908142, 0.9628514056224899, 0.9381746810598626]",batch,both
FashionMNIST,small,42,10,a1,layerwise,random,baseline,2,0.7,5,0.8906,0.8789,0.31112208042144773,0.3342938733100891,71719,0.6950022539188419,71504,0.6954062159214831,0.0,0.0,0,0,0,0.32267117605078965,0.8789,0.33429387621879575,0.33187280991114676,234752,235146,"[0.865, 0.968, 0.816, 0.899, 0.777, 0.953, 0.626, 0.957, 0.971, 0.957]","[0.869980879541109, 0.9779270633397313, 0.8428128231644261, 0.9381663113006397, 0.8160237388724035, 0.954183266932271, 0.6408243375858685, 0.9603340292275574, 0.9628514056224899, 0.9489695780176644]",batch,both
FashionMNIST,small,42,10,a2,layerwise,random,baseline,2,0.05,0,0.8895,0.8768,0.302334197807312,0.3324158947110176,233544,0.006812788650455426,233156,0.006798664122137366,0.0,0.0,0,0,0,0.33060796197969466,0.8768,0.3324158969759941,0.31901514797937125,234752,235146,"[0.905, 0.965, 0.703, 0.857, 0.873, 0.962, 0.624, 0.954, 0.972, 0.953]","[0.9139579349904398, 0.9788867562380038, 0.7321613236814891, 0.8710021321961621, 0.9050445103857567, 0.9651394422310757, 0.6633954857703631, 0.9572025052192067, 0.9548192771084337, 0.9479882237487733]",batch,both
FashionMNIST,small,42,10,a2,layerwise,random,baseline,2,0.05,1,0.8979,0.8921,0.2868331093788147,0.3130271405160427,233544,0.006812788650455426,233156,0.006798664122137366,0.0,0.0,0,0,0,0.3091196760069579,0.8921,0.3130271412789822,0.3466517059132457,234752,235146,"[0.846, 0.973, 0.812, 0.907, 0.836, 0.959, 0.688, 0.972, 0.978, 0.95]","[0.858508604206501, 0.9817658349328215, 0.8200620475698035, 0.9328358208955224, 0.8536102868447082, 0.954183266932271, 0.6987242394504416, 0.9697286012526096, 0.9628514056224899, 0.9509322865554465]",batch,both
FashionMNIST,small,42,10,a2,layerwise,random,baseline,2,0.05,3,0.9,0.8956,0.28371527786254885,0.3111462079703808,233544,0.006812788650455426,233156,0.006798664122137366,0.0,0.0,0,0,0,0.32775892899371684,0.8956,0.3111462063729763,0.33268557803239673,234752,235146,"[0.843, 0.978, 0.82, 0.913, 0.831, 0.966, 0.707, 0.963, 0.979, 0.956]","[0.8451242829827916, 0.9865642994241842, 0.8231644260599793, 0.9381663113006397, 0.8486646884272997, 0.9621513944223108, 0.7154072620215898, 0.964509394572025, 0.9678714859437751, 0.9528949950932286]",batch,both
FashionMNIST,small,42,10,a2,layerwise,random,baseline,2,0.05,5,0.9009,0.8944,0.28577737112045287,0.3135340733289719,233544,0.006812788650455426,233156,0.006798664122137366,0.0,0.0,0,0,0,0.3193532199366018,0.8944,0.3135340728282928,0.32269345701206475,234752,235146,"[0.858, 0.972, 0.823, 0.91, 0.818, 0.964, 0.706, 0.969, 0.975, 0.949]","[0.8661567877629063, 0.9846449136276392, 0.8335056876938987, 0.9317697228144989, 0.8407517309594461, 0.9621513944223108, 0.7105004906771345, 0.9707724425887265, 0.963855421686747, 0.9489695780176644]",batch,both
FashionMNIST,small,42,10,a2,layerwise,random,baseline,2,0.1,0,0.8906,0.8788,0.29956748962402346,0.32930960446596147,231942,0.013625577300910963,231560,0.013597328244274842,0.0,0.0,0,0,0,0.322037442936562,0.8788,0.3293096042394638,0.3359385470394045,234752,235146,"[0.897, 0.974, 0.714, 0.855, 0.87, 0.963, 0.635, 0.948, 0.973, 0.959]","[0.9091778202676865, 0.9817658349328215, 0.7445708376421923, 0.8795309168443497, 0.897131552917903, 0.9651394422310757, 0.6653581943081452, 0.9488517745302714, 0.9598393574297188, 0.9499509322865555]",batch,both
FashionMNIST,small,42,10,a2,layerwise,random,baseline,2,0.1,1,0.8976,0.8911,0.2851686044692993,0.31211524025797843,231942,0.013625577300910963,231560,0.013597328244274842,0.0,0.0,0,0,0,0.32523364503867924,0.8911,0.31211524072289465,0.3209249690407887,234752,235146,"[0.834, 0.97, 0.78, 0.907, 0.834, 0.961, 0.733, 0.966, 0.978, 0.948]","[0.8393881453154876, 0.980806142034549, 0.7973112719751809, 0.9381663113006397, 0.8555885262116716, 0.9581673306772909, 0.7350343473994112, 0.9603340292275574, 0.9658634538152611, 0.9489695780176644]",batch,both
FashionMNIST,small,42,10,a2,layerwise,random,baseline,2,0.1,3,0.8981,0.8928,0.2856494567871094,0.3126573380172253,231942,0.013625577300910963,231560,0.013597328244274842,0.0,0.0,0,0,0,0.30702184699475765,0.8928,0.31265733616948127,0.32430099498014897,234752,235146,"[0.836, 0.974, 0.797, 0.903, 0.835, 0.965, 0.729, 0.966, 0.972, 0.951]","[0.8336520076481836, 0.9836852207293666, 0.811789038262668, 0.9317697228144989, 0.8526211671612265, 0.9591633466135459, 0.7350343473994112, 0.9686847599164927, 0.9588353413654619, 0.9499509322865555]",batch,both
FashionMNIST,small,42,10,a2,layerwise,random,baseline,2,0.1,5,0.9007,0.8948,0.28319756231307985,0.3105287397503853,231942,0.013625577300910963,231560,0.013597328244274842,0.0,0.0,0,0,0,0.3107357870321721,0.8948,0.3105287390112877,0.3280841870000586,234752,235146,"[0.856, 0.97, 0.804, 0.913, 0.832, 0.963, 0.71, 0.963, 0.977, 0.96]","[0.8565965583173997, 0.9836852207293666, 0.8210961737331954, 0.9402985074626866, 0.8585558852621167, 0.9601593625498008, 0.7075564278704612, 0.9634655532359081, 0.964859437751004, 0.9548577036310107]",batch,both
FashionMNIST,small,42,10,a2,layerwise,random,baseline,2,0.2,0,0.8901,0.8789,0.3097722946166992,0.3371954571485519,228471,0.028386619376897793,228102,0.028327767175572505,0.0,0.0,0,0,0,0.31524625897873193,0.8789,0.3371954555988312,0.3168159710476175,234752,235146,"[0.888, 0.975, 0.7, 0.848, 0.871, 0.96, 0.669, 0.955, 0.969, 0.954]","[0.9015296367112811, 0.9856046065259118, 0.7238883143743536, 0.8784648187633263, 0.8941641938674579, 0.9681274900398407, 0.6830225711481845, 0.9561586638830898, 0.9578313253012049, 0.9470068694798822]",batch,both
FashionMNIST,small,42,10,a2,layerwise,random,baseline,2,0.2,1,0.8972,0.8898,0.28287846422195434,0.31155245490074157,228471,0.028386619376897793,228102,0.028327767175572505,0.0,0.0,0,0,0,0.32056244695559144,0.8898,0.3115524523973465,0.3220278749940917,234752,235146,"[0.84, 0.974, 0.798, 0.903, 0.823, 0.962, 0.714, 0.955, 0.973, 0.956]","[0.8432122370936902, 0.9817658349328215, 0.811789038262668, 0.9402985074626866, 0.8506429277942631, 0.9581673306772909, 0.7203140333660452, 0.9561586638830898, 0.9598393574297188, 0.9538763493621197]",batch,both
FashionMNIST,small,42,10,a2,layerwise,random,baseline,2,0.2,3,0.8982,0.8919,0.2831374008178711,0.3095102761864662,228471,0.028386619376897793,228102,0.028327767175572505,0.0,0.0,0,0,0,0.3255934320623055,0.8919,0.3095102754175663,0.32893481489736587,234752,235146,"[0.857, 0.971, 0.813, 0.9, 0.833, 0.96, 0.692, 0.958, 0.974, 0.961]","[0.8575525812619503, 0.9817658349328215, 0.8262668045501551, 0.9317697228144989, 0.8565776458951533, 0.950199203187251, 0.6967615309126595, 0.9665970772442589, 0.9628514056224899, 0.9558390578999019]",batch,both
FashionMNIST,small,42,10,a2,layerwise,random,baseline,2,0.2,5,0.8998,0.8934,0.28395115537643434,0.30900561932325366,228471,0.028386619376897793,228102,0.028327767175572505,0.0,0.0,0,0,0,0.3185368780978024,0.8934,0.30900561822652817,0.342448309995234,234752,235146,"[0.848, 0.978, 0.824, 0.919, 0.81, 0.965, 0.701, 0.959, 0.977, 0.953]","[0.8537284894837476, 0.9856046065259118, 0.8428128231644261, 0.9477611940298507, 0.837784371909001, 0.9621513944223108, 0.6987242394504416, 0.9613778705636743, 0.9618473895582329, 0.9519136408243376]",batch,both
FashionMNIST,small,42,10,a2,layerwise,random,baseline,2,0.3,0,0.8904,0.8805,0.3227348582267761,0.34934453794956205,225000,0.04314766145288462,224644,0.04305820610687028,0.0,0.0,0,0,0,0.3177780960686505,0.8805,0.3493445360660553,0.32457091799005866,234752,235146,"[0.869, 0.97, 0.724, 0.863, 0.849, 0.963, 0.687, 0.954, 0.972, 0.954]","[0.8833652007648184, 0.9836852207293666, 0.7435367114788004, 0.8763326226012793, 0.8783382789317508, 0.9691235059760956, 0.7055937193326791, 0.9592901878914405, 0.9568273092369478, 0.9440628066732091]",batch,both
FashionMNIST,small,42,10,a2,layerwise,random,baseline,2,0.3,1,0.8965,0.889,0.28465592164993286,0.3095578588485718,225000,0.04314766145288462,224644,0.04305820610687028,0.0,0.0,0,0,0,0.3137072389945388,0.889,0.3095578622341156,0.3201178560266271,234752,235146,"[0.863, 0.973, 0.805, 0.894, 0.851, 0.958, 0.655, 0.97, 0.976, 0.945]","[0.872848948374761, 0.9817658349328215, 0.8148914167528438, 0.917910447761194, 0.8724035608308606, 0.9561752988047809, 0.676153091265947, 0.9707724425887265, 0.963855421686747, 0.9411187438665358]",batch,both
FashionMNIST,small,42,10,a2,layerwise,random,baseline,2,0.3,3,0.8993,0.8929,0.28125815677642824,0.30759484776258467,225000,0.04314766145288462,224644,0.04305820610687028,0.0,0.0,0,0,0,0.30785142502281815,0.8929,0.3075948481440544,0.3200812389841303,234752,235146,"[0.841, 0.973, 0.805, 0.91, 0.83, 0.962, 0.713, 0.968, 0.975, 0.952]","[0.8432122370936902, 0.9817658349328215, 0.8169596690796277, 0.9381663113006397, 0.8565776458951533, 0.9551792828685259, 0.7173699705593719, 0.9707724425887265, 0.9668674698795181, 0.9509322865554465]",batch,both
FashionMNIST,small,42,10,a2,layerwise,random,baseline,2,0.3,5,0.8993,0.8921,0.2841415040016174,0.30872800199985506,225000,0.04314766145288462,224644,0.04305820610687028,0.0,0.0,0,0,0,0.31048524798825383,0.8921,0.30872799988389016,0.3154408260015771,234752,235146,"[0.837, 0.971, 0.783, 0.915, 0.842, 0.966, 0.717, 0.967, 0.974, 0.949]","[0.8413001912045889, 0.982725527831094, 0.8107549120992761, 0.9434968017057569, 0.8674579624134521, 0.9581673306772909, 0.7173699705593719, 0.9676409185803758, 0.9618473895582329, 0.9470068694798822]",batch,both
FashionMNIST,small,42,10,a2,layerwise,random,baseline,2,0.4,0,0.8902,0.8796,0.34898206253051756,0.37476501388549804,221529,0.05790870352887145,221186,0.05778864503816794,0.0,0.0,0,0,0,0.31650888198055327,0.8796,0.3747650150299072,0.34070643701124936,234752,235146,"[0.866, 0.966, 0.727, 0.864, 0.858, 0.962, 0.672, 0.961, 0.974, 0.946]","[0.8833652007648184, 0.9779270633397313, 0.7456049638055843, 0.8869936034115139, 0.887240356083086, 0.9641434262948207, 0.6879293424926398, 0.9634655532359081, 0.963855421686747, 0.9391560353287537]",batch,both
FashionMNIST,small,42,10,a2,layerwise,random,baseline,2,0.4,1,0.8955,0.8883,0.28601926612854006,0.31007737311720845,221529,0.05790870352887145,221186,0.05778864503816794,0.0,0.0,0,0,0,0.32034075597766787,0.8883,0.31007737511992456,0.3174348269822076,234752,235146,"[0.843, 0.974, 0.791, 0.905, 0.845, 0.961, 0.679, 0.964, 0.971, 0.95]","[0.8565965583173997, 0.980806142034549, 0.8066184074457083, 0.9328358208955224, 0.8644906033630069, 0.9601593625498008, 0.6840039254170756, 0.9624217118997912, 0.9628514056224899, 0.9479882237487733]",batch,both
FashionMNIST,small,42,10,a2,layerwise,random,baseline,2,0.4,3,0.8977,0.8906,0.2801609783172607,0.3057035013198853,221529,0.05790870352887145,221186,0.05778864503816794,0.0,0.0,0,0,0,0.320470348931849,0.8906,0.3057035049438477,0.33122895599808544,234752,235146,"[0.837, 0.975, 0.779, 0.899, 0.846, 0.966, 0.712, 0.96, 0.972, 0.96]","[0.8317399617590823, 0.982725527831094, 0.8055842812823164, 0.9317697228144989, 0.8674579624134521, 0.9661354581673307, 0.7173699705593719, 0.9624217118997912, 0.9618473895582329, 0.9538763493621197]",batch,both
FashionMNIST,small,42,10,a2,layerwise,random,baseline,2,0.4,5,0.8972,0.8919,0.28253196334838865,0.3073684326052666,221529,0.05790870352887145,221186,0.05778864503816794,0.0,0.0,0,0,0,0.3184604480629787,0.8919,0.30736843162178995,0.3284846229944378,234752,235146,"[0.851, 0.974, 0.812, 0.904, 0.839, 0.962, 0.686, 0.957, 0.975, 0.959]","[0.8527724665391969, 0.982725527831094, 0.8262668045501551, 0.9349680170575693, 0.8526211671612265, 0.953187250996016, 0.6918547595682041, 0.9634655532359081, 0.964859437751004, 0.9538763493621197]",batch,both
FashionMNIST,small,42,10,a2,layerwise,random,baseline,2,0.5,0,0.8883,0.8779,0.39429559154510496,0.4174720555305481,218058,0.07266974560485828,217728,0.0725190839694656,0.0,0.0,0,0,0,0.31370281195268035,0.8779,0.41747205283641814,0.31839087093248963,234752,235146,"[0.868, 0.964, 0.719, 0.854, 0.861, 0.961, 0.669, 0.957, 0.97, 0.956]","[0.884321223709369, 0.9769673704414588, 0.7435367114788004, 0.8614072494669509, 0.8931750741839762, 0.9661354581673307, 0.6908734052993131, 0.9572025052192067, 0.9598393574297188, 0.9450441609421001]",batch,both
FashionMNIST,small,42,10,a2,layerwise,random,baseline,2,0.5,1,0.8941,0.8884,0.28718800954818724,0.3103255171537399,218058,0.07266974560485828,217728,0.0725190839694656,0.0,0.0,0,0,0,0.3288470709230751,0.8884,0.31032551543712616,0.3401067880913615,234752,235146,"[0.834, 0.973, 0.79, 0.9, 0.825, 0.957, 0.718, 0.967, 0.971, 0.949]","[0.8365200764818356, 0.980806142034549, 0.81282316442606, 0.9317697228144989, 0.8437190900098912, 0.9492031872509961, 0.7154072620215898, 0.9718162839248434, 0.9628514056224899, 0.9411187438665358]",batch,both
FashionMNIST,small,42,10,a2,layerwise,random,baseline,2,0.5,3,0.8975,0.8899,0.28146075077056887,0.3058771699130535,218058,0.07266974560485828,217728,0.0725190839694656,0.0,0.0,0,0,0,0.3215648760087788,0.8899,0.30587717313766477,0.32868076697923243,234752,235146,"[0.855, 0.973, 0.787, 0.902, 0.826, 0.964, 0.708, 0.954, 0.972, 0.958]","[0.8508604206500956, 0.9817658349328215, 0.8148914167528438, 0.9243070362473348, 0.857566765578635, 0.9651394422310757, 0.7114818449460255, 0.9561586638830898, 0.9618473895582329, 0.9538763493621197]",batch,both
FashionMNIST,small,42,10,a2,layerwise,random,baseline,2,0.5,5,0.8984,0.8906,0.2825030187606812,0.3061798585295677,218058,0.07266974560485828,217728,0.0725190839694656,0.0,0.0,0,0,0,0.33012912899721414,0.8906,0.3061798566102982,0.3243765670340508,234752,235146,"[0.851, 0.974, 0.805, 0.905, 0.832, 0.964, 0.687, 0.971, 0.971, 0.946]","[0.8623326959847036, 0.9846449136276392, 0.8252326783867632, 0.9285714285714286, 0.8595450049455984, 0.9601593625498008, 0.6918547595682041, 0.9665970772442589, 0.963855421686747, 0.9450441609421001]",batch,both
FashionMNIST,small,42,10,a2,layerwise,random,baseline,2,0.7,0,0.8793,0.8702,0.6328665411949158,0.6495321571826935,211383,0.10105636498175596,211078,0.10084685114503822,0.0,0.0,0,0,0,0.31353150494396687,0.8702,0.6495321511745453,0.31581234699115157,234752,235146,"[0.905, 0.958, 0.743, 0.84, 0.869, 0.937, 0.574, 0.936, 0.971, 0.969]","[0.904397705544933, 0.9692898272552783, 0.7580144777662875, 0.8731343283582089, 0.884272997032641, 0.9432270916334662, 0.5907752698724239, 0.9384133611691023, 0.9628514056224899, 0.9656526005888125]",batch,both
FashionMNIST,small,42,10,a2,layerwise,random,baseline,2,0.7,1,0.8918,0.8841,0.30530496044158933,0.3250644245743752,211383,0.10105636498175596,211078,0.10084685114503822,0.0,0.0,0,0,0,0.3282952649751678,0.8841,0.32506442368030547,0.3438742459984496,234752,235146,"[0.837, 0.966, 0.798, 0.904, 0.821, 0.955, 0.679, 0.95, 0.971, 0.96]","[0.8527724665391969, 0.9779270633397313, 0.8138572905894519, 0.929637526652452, 0.8526211671612265, 0.9462151394422311, 0.677134445534838, 0.9582463465553236, 0.963855421686747, 0.9499509322865555]",batch,both
FashionMNIST,small,42,10,a2,layerwise,random,baseline,2,0.7,3,0.8958,0.8863,0.2907683193206787,0.31211671090126036,211383,0.10105636498175596,211078,0.10084685114503822,0.0,0.0,0,0,0,0.33270341507159173,0.8863,0.31211671110391614,0.31107617903035134,234752,235146,"[0.854, 0.967, 0.811, 0.903, 0.829, 0.959, 0.655, 0.96, 0.97, 0.955]","[0.8690248565965584, 0.9798464491362764, 0.8241985522233712, 0.9339019189765458, 0.8496538081107814, 0.953187250996016, 0.6712463199214916, 0.9707724425887265, 0.9618473895582329, 0.9489695780176644]",batch,both
FashionMNIST,small,42,10,a2,layerwise,random,baseline,2,0.7,5,0.8989,0.8884,0.2871945637702942,0.30952943023443225,211383,0.10105636498175596,211078,0.10084685114503822,0.0,0.0,0,0,0,0.3338689749361947,0.8884,0.30952943283319473,0.3242673591012135,234752,235146,"[0.86, 0.968, 0.804, 0.906, 0.812, 0.968, 0.679, 0.958, 0.971, 0.958]","[0.8709369024856597, 0.9788867562380038, 0.8262668045501551, 0.9339019189765458, 0.8427299703264095, 0.9611553784860558, 0.6997055937193327, 0.964509394572025, 0.9628514056224899, 0.9519136408243376]",batch,both
FashionMNIST,small,42,10,all,all,random,baseline,3,0.05,0,0.8893,0.8756,0.3037122910499573,0.3304045707702637,222660,0.05309892577377462,222284,0.05311136859323884,0.0,0.0,0,0,0,0.31994073500391096,0.8756,0.33040457229614256,0.3474722730461508,234752,235146,"[0.896, 0.971, 0.683, 0.862, 0.896, 0.961, 0.609, 0.956, 0.973, 0.949]","[0.9072657743785851, 0.9817658349328215, 0.7135470527404343, 0.8805970149253731, 0.9159248269040554, 0.9651394422310757, 0.6604514229636899, 0.965553235908142, 0.9588353413654619, 0.9391560353287537]",batch,both
FashionMNIST,small,42,10,all,all,random,baseline,3,0.05,1,0.8972,0.8899,0.2879198435783386,0.31381488063335417,222660,0.05309892577377462,222284,0.05311136859323884,0.0,0.0,0,0,0,0.3271582319866866,0.8899,0.3138148832440376,0.3711249059997499,234752,235146,"[0.824, 0.972, 0.814, 0.909, 0.833, 0.959, 0.696, 0.966, 0.974, 0.952]","[0.8317399617590823, 0.982725527831094, 0.8210961737331954, 0.9360341151385928, 0.8605341246290801, 0.953187250996016, 0.7114818449460255, 0.9676409185803758, 0.9618473895582329, 0.9509322865554465]",batch,both
FashionMNIST,small,42,10,all,all,random,baseline,3,0.05,3,0.8996,0.8936,0.2873559829711914,0.3136762658834457,222660,0.05309892577377462,222284,0.05311136859323884,0.0,0.0,0,0,0,0.31921326904557645,0.8936,0.3136762587308884,0.32644878909923136,234752,235146,"[0.869, 0.974, 0.833, 0.902, 0.831, 0.963, 0.667, 0.967, 0.977, 0.953]","[0.8709369024856597, 0.9836852207293666, 0.8469493278179938, 0.9285714285714286, 0.8486646884272997, 0.9561752988047809, 0.6810598626104023, 0.9686847599164927, 0.964859437751004, 0.9509322865554465]",batch,both
FashionMNIST,small,42,10,all,all,random,baseline,3,0.05,5,0.9004,0.8935,0.2838521950721741,0.3125966768026352,222660,0.05309892577377462,222284,0.05311136859323884,0.0,0.0,0,0,0,0.32178862707223743,0.8935,0.3125966733336449,0.35136463097296655,234752,235146,"[0.837, 0.973, 0.805, 0.911, 0.845, 0.966, 0.708, 0.953, 0.972, 0.965]","[0.8489483747609943, 0.9846449136276392, 0.8159255429162358, 0.9392324093816631, 0.857566765578635, 0.9661354581673307, 0.7173699705593719, 0.9551148225469729, 0.964859437751004, 0.957801766437684]",batch,both
FashionMNIST,small,42,10,all,all,random,baseline,3,0.1,0,0.8888,0.8751,0.30567095613479617,0.33138684997558593,209417,0.10941712808212767,209060,0.10944315703380592,0.0,0.0,0,0,0,0.33527993492316455,0.8751,0.33138684675693514,0.3365706019103527,234752,235146,"[0.88, 0.968, 0.705, 0.861, 0.883, 0.966, 0.608, 0.954, 0.974, 0.952]","[0.8948374760994264, 0.980806142034549, 0.7383660806618407, 0.8784648187633263, 0.9090009891196835, 0.9641434262948207, 0.6555446516192346, 0.9582463465553236, 0.9578313253012049, 0.9470068694798822]",batch,both
FashionMNIST,small,42,10,all,all,random,baseline,3,0.1,1,0.8964,0.8901,0.28899125509262086,0.31611110339164733,209417,0.10941712808212767,209060,0.10944315703380592,0.0,0.0,0,0,0,0.31822422496043146,0.8901,0.3161111075282097,0.32126379292458296,234752,235146,"[0.871, 0.972, 0.837, 0.907, 0.833, 0.962, 0.627, 0.963, 0.976, 0.953]","[0.872848948374761, 0.9846449136276392, 0.8469493278179938, 0.9381663113006397, 0.847675568743818, 0.9571713147410359, 0.6437684003925417, 0.9665970772442589, 0.9598393574297188, 0.9519136408243376]",batch,both
FashionMNIST,small,42,10,all,all,random,baseline,3,0.1,3,0.8973,0.8907,0.2855993064880371,0.31329270741939547,209417,0.10941712808212767,209060,0.10944315703380592,0.0,0.0,0,0,0,0.33311010291799903,0.8907,0.3132927083849907,0.3195330039598048,234752,235146,"[0.85, 0.97, 0.834, 0.904, 0.819, 0.962, 0.675, 0.962, 0.976, 0.955]","[0.8594646271510517, 0.9836852207293666, 0.8428128231644261, 0.9381663113006397, 0.8456973293768546, 0.954183266932271, 0.676153091265947, 0.964509394572025, 0.9618473895582329, 0.9519136408243376]",batch,both
FashionMNIST,small,42,10,all,all,random,baseline,3,0.1,5,0.9001,0.8924,0.2842655298233032,0.31287645093202593,209417,0.10941712808212767,209060,0.10944315703380592,0.0,0.0,0,0,0,0.32581015408504754,0.8924,0.3128764522433281,0.3230018140748143,234752,235146,"[0.838, 0.97, 0.828, 0.917, 0.817, 0.972, 0.697, 0.959, 0.974, 0.952]","[0.8422562141491395, 0.982725527831094, 0.8459152016546019, 0.9445628997867804, 0.8387734915924827, 0.9671314741035857, 0.7124631992149166, 0.9572025052192067, 0.964859437751004, 0.9509322865554465]",batch,both
FashionMNIST,small,42,10,all,all,random,baseline,3,0.2,0,0.8869,0.8774,0.3298344178199768,0.3557509685993195,183183,0.2209818580796612,182865,0.22102900081788446,0.0,0.0,0,0,0,0.3214611690491438,0.8774,0.35575096712112425,0.3202657140791416,234752,235146,"[0.882, 0.964, 0.692, 0.892, 0.851, 0.961, 0.655, 0.959, 0.967, 0.951]","[0.890057361376673, 0.9769673704414588, 0.718717683557394, 0.908315565031983, 0.8664688427299704, 0.9591633466135459, 0.6840039254170756, 0.9686847599164927, 0.9497991967871486, 0.9450441609421001]",batch,both
FashionMNIST,small,42,10,all,all,random,baseline,3,0.2,1,0.8965,0.8894,0.28668317041397096,0.31508618307113645,183183,0.2209818580796612,182865,0.22102900081788446,0.0,0.0,0,0,0,0.33511228102725,0.8894,0.3150861848831177,0.3571325569646433,234752,235146,"[0.851, 0.968, 0.83, 0.895, 0.833, 0.962, 0.662, 0.967, 0.977, 0.949]","[0.861376673040153, 0.9817658349328215, 0.843846949327818, 0.9275053304904051, 0.8466864490603363, 0.9551792828685259, 0.6751717369970559, 0.9686847599164927, 0.9608433734939759, 0.9489695780176644]",batch,both
FashionMNIST,small,42,10,all,all,random,baseline,3,0.2,3,0.8961,0.8889,0.2871358501434326,0.31639457852840425,183183,0.2209818580796612,182865,0.22102900081788446,0.0,0.0,0,0,0,0.3440175140276551,0.8889,0.3163945817232132,0.32785340200643986,234752,235146,"[0.842, 0.969, 0.83, 0.903, 0.822, 0.962, 0.675, 0.957, 0.974, 0.955]","[0.8527724665391969, 0.982725527831094, 0.828335056876939, 0.9371002132196162, 0.8447082096933729, 0.953187250996016, 0.6849852796859667, 0.9676409185803758, 0.963855421686747, 0.9509322865554465]",batch,both
FashionMNIST,small,42,10,all,all,random,baseline,3,0.2,5,0.8987,0.8903,0.2853308288574219,0.31313723846673963,183183,0.2209818580796612,182865,0.22102900081788446,0.0,0.0,0,0,0,0.3213902589632198,0.8903,0.3131372352004051,0.34090961201582104,234752,235146,"[0.838, 0.971, 0.811, 0.903, 0.836, 0.964, 0.686, 0.967, 0.978, 0.949]","[0.8546845124282982, 0.982725527831094, 0.8200620475698035, 0.9328358208955224, 0.8605341246290801, 0.9551792828685259, 0.7026496565260059, 0.9665970772442589, 0.9668674698795181, 0.9489695780176644]",batch,both
FashionMNIST,small,42,10,all,all,random,baseline,3,0.3,0,0.8843,0.8688,0.3882495733261108,0.41290245599746705,158500,0.32595068595680976,158220,0.3260121319520175,0.0,0.0,0,0,0,0.3213827770669013,0.8688,0.4129024526357651,0.3186710790032521,234752,235146,"[0.835, 0.959, 0.685, 0.909, 0.853, 0.965, 0.62, 0.948, 0.961, 0.953]","[0.8546845124282982, 0.9769673704414588, 0.7125129265770423, 0.929637526652452, 0.8813056379821959, 0.9591633466135459, 0.6683022571148185, 0.9603340292275574, 0.9467871485943775, 0.9538763493621197]",batch,both
FashionMNIST,small,42,10,all,all,random,baseline,3,0.3,1,0.8921,0.8847,0.2947151657104492,0.32213704800605775,158500,0.32595068595680976,158220,0.3260121319520175,0.0,0.0,0,0,0,0.3135553019819781,0.8847,0.322137052321434,0.3397757150232792,234752,235146,"[0.854, 0.967, 0.817, 0.9, 0.851, 0.962, 0.612, 0.952, 0.974, 0.958]","[0.8718929254302104, 0.9817658349328215, 0.8148914167528438, 0.9402985074626866, 0.8664688427299704, 0.951195219123506, 0.6270853778213935, 0.9613778705636743, 0.9598393574297188, 0.9509322865554465]",batch,both
FashionMNIST,small,42,10,all,all,random,baseline,3,0.3,3,0.895,0.8883,0.287284558391571,0.31422088842391965,158500,0.32595068595680976,158220,0.3260121319520175,0.0,0.0,0,0,0,0.3212580780964345,0.8883,0.31422089009284976,0.3332470830064267,234752,235146,"[0.848, 0.968, 0.814, 0.906, 0.83, 0.962, 0.665, 0.956, 0.976, 0.958]","[0.861376673040153, 0.9798464491362764, 0.8159255429162358, 0.9402985074626866, 0.8516320474777448, 0.951195219123506, 0.677134445534838, 0.9634655532359081, 0.9608433734939759, 0.9528949950932286]",batch,both
FashionMNIST,small,42,10,all,all,random,baseline,3,0.3,5,0.8969,0.889,0.2865414713859558,0.3135568980693817,158500,0.32595068595680976,158220,0.3260121319520175,0.0,0.0,0,0,0,0.32682136399671435,0.889,0.31355689766407013,0.31269995809998363,234752,235146,"[0.835, 0.968, 0.816, 0.909, 0.82, 0.964, 0.692, 0.957, 0.974, 0.955]","[0.8565965583173997, 0.9788867562380038, 0.8138572905894519, 0.9424307036247335, 0.8536102868447082, 0.9571713147410359, 0.6967615309126595, 0.9582463465553236, 0.9618473895582329, 0.9538763493621197]",batch,both
FashionMNIST,small,42,10,all,all,random,baseline,3,0.4,0,0.8806,0.8685,0.4790191883087158,0.5051204426765442,133605,0.43182108137072284,133364,0.4318940839694656,0.0,0.0,0,0,0,0.32163542800117284,0.8685,0.5051204365730285,0.3254643810214475,234752,235146,"[0.833, 0.953, 0.663, 0.892, 0.854, 0.964, 0.649, 0.976, 0.975, 0.926]","[0.8499043977055449, 0.9731285988483686, 0.6918304033092038, 0.9221748400852878, 0.8773491592482691, 0.9571713147410359, 0.677134445534838, 0.9697286012526096, 0.963855421686747, 0.9244357212953876]",batch,both
FashionMNIST,small,42,10,all,all,random,baseline,3,0.4,1,0.8914,0.8829,0.2989456512451172,0.3259765686750412,133605,0.43182108137072284,133364,0.4318940839694656,0.0,0.0,0,0,0,0.3324299779487774,0.8829,0.3259765663385391,0.3387281869072467,234752,235146,"[0.841, 0.965, 0.81, 0.902, 0.825, 0.953, 0.64, 0.963, 0.971, 0.959]","[0.8632887189292543, 0.9798464491362764, 0.8210961737331954, 0.9349680170575693, 0.8516320474777448, 0.9402390438247012, 0.6506378802747792, 0.9739039665970772, 0.9598393574297188, 0.9440628066732091]",batch,both
FashionMNIST,small,42,10,all,all,random,baseline,3,0.4,3,0.8943,0.8863,0.2914665942192078,0.31910902030467986,133605,0.43182108137072284,133364,0.4318940839694656,0.0,0.0,0,0,0,0.32600448199082166,0.8863,0.3191090190887451,0.32791193295270205,234752,235146,"[0.838, 0.967, 0.833, 0.904, 0.807, 0.961, 0.668, 0.959, 0.971, 0.955]","[0.8518164435946463, 0.9798464491362764, 0.8293691830403309, 0.94136460554371, 0.837784371909001, 0.950199203187251, 0.6800785083415113, 0.964509394572025, 0.964859437751004, 0.9489695780176644]",batch,both
FashionMNIST,small,42,10,all,all,random,baseline,3,0.4,5,0.895,0.8878,0.289491450214386,0.31736353974342346,133605,0.43182108137072284,133364,0.4318940839694656,0.0,0.0,0,0,0,0.31669239490292966,0.8878,0.3173635501384735,0.31509952701162547,234752,235146,"[0.829, 0.967, 0.803, 0.895, 0.838, 0.966, 0.69, 0.962, 0.974, 0.954]","[0.8346080305927343, 0.9817658349328215, 0.8148914167528438, 0.9349680170575693, 0.8585558852621167, 0.9611553784860558, 0.7006869479882237, 0.9624217118997912, 0.9588353413654619, 0.9470068694798822]",batch,both
FashionMNIST,small,42,10,all,all,random,baseline,3,0.5,0,0.855,0.8428,0.6693029453277588,0.6887116644859314,109386,0.5348166670919343,109184,0.534896401308615,0.0,0.0,0,0,0,0.3414775909623131,0.8428,0.6887116645336151,0.3335187330376357,234752,235146,"[0.73, 0.91, 0.587, 0.898, 0.718, 0.953, 0.798, 0.91, 0.964, 0.96]","[0.7562141491395793, 0.9203454894433781, 0.6018614270941055, 0.9402985074626866, 0.7497527200791295, 0.9551792828685259, 0.8056918547595682, 0.8987473903966597, 0.9608433734939759, 0.9617271835132483]",batch,both
FashionMNIST,small,42,10,all,all,random,baseline,3,0.5,1,0.8853,0.8776,0.3160997673034668,0.33794074828624726,109386,0.5348166670919343,109184,0.534896401308615,0.0,0.0,0,0,0,0.33175542403478175,0.8776,0.3379407469511032,0.32710763602517545,234752,235146,"[0.838, 0.965, 0.818, 0.89, 0.813, 0.955, 0.615, 0.956, 0.97, 0.956]","[0.8632887189292543, 0.9779270633397313, 0.8304033092037229, 0.9243070362473348, 0.8447082096933729, 0.9452191235059761, 0.6153091265947007, 0.9613778705636743, 0.9548192771084337, 0.9411187438665358]",batch,both
FashionMNIST,small,42,10,all,all,random,baseline,3,0.5,3,0.8904,0.8851,0.29962938032150266,0.32397220687866213,109386,0.5348166670919343,109184,0.534896401308615,0.0,0.0,0,0,0,0.3474751110188663,0.8851,0.3239722130060196,0.3328368739457801,234752,235146,"[0.844, 0.967, 0.83, 0.899, 0.806, 0.96, 0.655, 0.961, 0.977, 0.952]","[0.8661567877629063, 0.9779270633397313, 0.8324715615305067, 0.9264392324093816, 0.8338278931750742, 0.9492031872509961, 0.6584887144259077, 0.965553235908142, 0.9598393574297188, 0.9391560353287537]",batch,both
FashionMNIST,small,42,10,all,all,random,baseline,3,0.5,5,0.8916,0.8833,0.29703859701156615,0.3196979707717896,109386,0.5348166670919343,109184,0.534896401308615,0.0,0.0,0,0,0,0.318037057062611,0.8833,0.3196979690313339,0.33103571797255427,234752,235146,"[0.86, 0.968, 0.816, 0.898, 0.819, 0.956, 0.632, 0.957, 0.973, 0.954]","[0.8776290630975143, 0.980806142034549, 0.8252326783867632, 0.9275053304904051, 0.8427299703264095, 0.9492031872509961, 0.6467124631992149, 0.9634655532359081, 0.9598393574297188, 0.9470068694798822]",batch,both
FashionMNIST,small,42,10,all,all,random,baseline,3,0.7,0,0.7489,0.7436,1.292614048576355,1.302317488670349,63887,0.728309220654402,63761,0.7283899604689203,0.0,0.0,0,0,0,0.31413017702288926,0.7436,1.3023174900054932,0.3217111600097269,234752,235146,"[0.588, 0.773, 0.605, 0.891, 0.3, 0.863, 0.867, 0.964, 0.839, 0.746]","[0.5898661567877629, 0.7965451055662188, 0.6018614270941055, 0.9189765458422174, 0.34817012858555885, 0.8366533864541833, 0.8675171736997056, 0.9582463465553236, 0.8263052208835341, 0.7664376840039254]",batch,both
FashionMNIST,small,42,10,all,all,random,baseline,3,0.7,1,0.8623,0.8555,0.39790849828720093,0.4168094693660736,63887,0.728309220654402,63761,0.7283899604689203,0.0,0.0,0,0,0,0.32349156006239355,0.8555,0.41680946328639984,0.3221030760323629,234752,235146,"[0.843, 0.957, 0.758, 0.898, 0.752, 0.929, 0.575, 0.927, 0.962, 0.954]","[0.8537284894837476, 0.9692898272552783, 0.7859358841778697, 0.9371002132196162, 0.7804154302670623, 0.899402390438247, 0.5897939156035329, 0.9206680584551148, 0.9467871485943775, 0.9450441609421001]",batch,both
FashionMNIST,small,42,10,all,all,random,baseline,3,0.7,3,0.8794,0.8676,0.3432280658721924,0.36763986940383914,63887,0.728309220654402,63761,0.7283899604689203,0.0,0.0,0,0,0,0.31632056401576847,0.8676,0.3676398668050766,0.33911000192165375,234752,235146,"[0.836, 0.964, 0.772, 0.894, 0.79, 0.948, 0.619, 0.924, 0.968, 0.961]","[0.8565965583173997, 0.9731285988483686, 0.8055842812823164, 0.9307036247334755, 0.8308605341246291, 0.9342629482071713, 0.6261040235525025, 0.9290187891440501, 0.9558232931726908, 0.9558390578999019]",batch,both
FashionMNIST,small,42,10,all,all,random,baseline,3,0.7,5,0.8828,0.871,0.32935478172302246,0.354197897195816,63887,0.728309220654402,63761,0.7283899604689203,0.0,0.0,0,0,0,0.321853491012007,0.871,0.35419789853096006,0.33736167405731976,234752,235146,"[0.862, 0.967, 0.781, 0.897, 0.795, 0.954, 0.596, 0.928, 0.972, 0.958]","[0.878585086042065, 0.9750479846449136, 0.8076525336091003, 0.9328358208955224, 0.8318496538081108, 0.9412350597609562, 0.6133464180569186, 0.9384133611691023, 0.9598393574297188, 0.9528949950932286]",batch,both
FashionMNIST,small,42,10,a1,layerwise,random,baseline,3,0.05,0,0.8894,0.8766,0.30211490650177003,0.3285843987464905,224190,0.04659232987165418,223808,0.04661941112322787,0.0,0.0,0,0,0,0.3207789279986173,0.8766,0.3285843947649002,0.31658188498113304,234752,235146,"[0.896, 0.967, 0.694, 0.863, 0.895, 0.959, 0.609, 0.962, 0.973, 0.948]","[0.9024856596558317, 0.980806142034549, 0.7238883143743536, 0.8837953091684435, 0.9149357072205737, 0.9641434262948207, 0.6545632973503435, 0.9686847599164927, 0.9578313253012049, 0.9391560353287537]",batch,both
FashionMNIST,small,42,10,a1,layerwise,random,baseline,3,0.05,1,0.8968,0.8883,0.28481456623077395,0.31325810631513595,224190,0.04659232987165418,223808,0.04661941112322787,0.0,0.0,0,0,0,0.3762233890593052,0.8883,0.3132581086158752,0.359219794976525,234752,235146,"[0.838, 0.971, 0.814, 0.901, 0.8, 0.964, 0.713, 0.948, 0.973, 0.961]","[0.8489483747609943, 0.982725527831094, 0.8210961737331954, 0.9307036247334755, 0.8338278931750742, 0.9581673306772909, 0.7232580961727183, 0.9551148225469729, 0.9608433734939759, 0.956820412168793]",batch,both
FashionMNIST,small,42,10,a1,layerwise,random,baseline,3,0.05,3,0.8991,0.8936,0.28729539470672605,0.31369530798196793,224190,0.04659232987165418,223808,0.04661941112322787,0.0,0.0,0,0,0,0.3407404680037871,0.8936,0.31369531081914903,0.33193890401162207,234752,235146,"[0.841, 0.973, 0.811, 0.911, 0.843, 0.96, 0.695, 0.961, 0.979, 0.962]","[0.847036328871893, 0.9856046065259118, 0.8190279214064116, 0.9371002132196162, 0.8664688427299704, 0.9561752988047809, 0.7006869479882237, 0.9624217118997912, 0.9658634538152611, 0.9548577036310107]",batch,both
FashionMNIST,small,42,10,a1,layerwise,random,baseline,3,0.05,5,0.8999,0.8938,0.28339693412780764,0.31257452719211576,224190,0.04659232987165418,223808,0.04661941112322787,0.0,0.0,0,0,0,0.3119983089854941,0.8938,0.312574532353878,0.3240586710162461,234752,235146,"[0.851, 0.969, 0.818, 0.91, 0.838, 0.964, 0.693, 0.951, 0.978, 0.966]","[0.8604206500956023, 0.9836852207293666, 0.8335056876938987, 0.9360341151385928, 0.8545994065281899, 0.9631474103585658, 0.6918547595682041, 0.9572025052192067, 0.9678714859437751, 0.9548577036310107]",batch,both
FashionMNIST,small,42,10,a1,layerwise,random,baseline,3,0.1,0,0.8875,0.8737,0.3048195029258728,0.3322811461210251,212321,0.09706735389927956,211952,0.09712377317339149,0.0,0.0,0,0,0,0.3116652580210939,0.8737,0.3322811428785324,0.32681393006350845,234752,235146,"[0.894, 0.97, 0.69, 0.856, 0.893, 0.964, 0.591, 0.957, 0.972, 0.95]","[0.9015296367112811, 0.9817658349328215, 0.7218200620475698, 0.8773987206823027, 0.913946587537092, 0.9651394422310757, 0.6506378802747792, 0.9603340292275574, 0.9558232931726908, 0.9421000981354269]",batch,both
FashionMNIST,small,42,10,a1,layerwise,random,baseline,3,0.1,1,0.8959,0.8903,0.28606874141693117,0.31281010366678236,212321,0.09706735389927956,211952,0.09712377317339149,0.0,0.0,0,0,0,0.3250780029920861,0.8903,0.3128101069092751,0.3428315290948376,234752,235146,"[0.842, 0.969, 0.804, 0.91, 0.83, 0.963, 0.696, 0.959, 0.976, 0.954]","[0.8508604206500956, 0.980806142034549, 0.8086866597724922, 0.9392324093816631, 0.8466864490603363, 0.9601593625498008, 0.6987242394504416, 0.9592901878914405, 0.9658634538152611, 0.9528949950932286]",batch,both
FashionMNIST,small,42,10,a1,layerwise,random,baseline,3,0.1,3,0.8965,0.8926,0.2866131690979004,0.31393301022052766,212321,0.09706735389927956,211952,0.09712377317339149,0.0,0.0,0,0,0,0.340897956979461,0.8926,0.31393301168680193,0.3279023919021711,234752,235146,"[0.847, 0.971, 0.822, 0.907, 0.84, 0.963, 0.683, 0.959, 0.975, 0.959]","[0.8479923518164436, 0.9817658349328215, 0.8335056876938987, 0.9360341151385928, 0.8506429277942631, 0.9591633466135459, 0.6869479882237488, 0.9603340292275574, 0.9608433734939759, 0.9528949950932286]",batch,both
FashionMNIST,small,42,10,a1,layerwise,random,baseline,3,0.1,5,0.8991,0.8926,0.2873756607055664,0.3148105964064598,212321,0.09706735389927956,211952,0.09712377317339149,0.0,0.0,0,0,0,0.324524192023091,0.8926,0.31481060161590574,0.3338451039744541,234752,235146,"[0.861, 0.967, 0.797, 0.907, 0.854, 0.964, 0.681, 0.966, 0.976, 0.953]","[0.8680688336520076, 0.9817658349328215, 0.8138572905894519, 0.9253731343283582, 0.8704253214638972, 0.9601593625498008, 0.6957801766437685, 0.9613778705636743, 0.964859437751004, 0.9519136408243376]",batch,both
FashionMNIST,small,42,10,a1,layerwise,random,baseline,3,0.2,0,0.8876,0.8765,0.3078904975891113,0.33591900177001954,188583,0.19801740195453033,188240,0.19813249727371862,0.0,0.0,0,0,0,0.3481974829919636,0.8765,0.3359190025806427,0.32555423700250685,234752,235146,"[0.884, 0.966, 0.689, 0.895, 0.876, 0.961, 0.61, 0.965, 0.972, 0.947]","[0.8919694072657743, 0.9788867562380038, 0.7218200620475698, 0.906183368869936, 0.8961424332344213, 0.9571713147410359, 0.6565260058881256, 0.9718162839248434, 0.9558232931726908, 0.9381746810598626]",batch,both
FashionMNIST,small,42,10,a1,layerwise,random,baseline,3,0.2,1,0.8961,0.8897,0.2893905751228332,0.3167154684782028,188583,0.19801740195453033,188240,0.19813249727371862,0.0,0.0,0,0,0,0.32997596997302026,0.8897,0.3167154624462128,0.34382536297198385,234752,235146,"[0.846, 0.967, 0.835, 0.915, 0.806, 0.963, 0.677, 0.963, 0.972, 0.953]","[0.8565965583173997, 0.9788867562380038, 0.8376421923474664, 0.9477611940298507, 0.8288822947576657, 0.9601593625498008, 0.6830225711481845, 0.964509394572025, 0.9598393574297188, 0.9499509322865555]",batch,both
FashionMNIST,small,42,10,a1,layerwise,random,baseline,3,0.2,3,0.8977,0.8891,0.28595474672317506,0.31601655296087267,188583,0.19801740195453033,188240,0.19813249727371862,0.0,0.0,0,0,0,0.3122168210102245,0.8891,0.3160165536046028,0.32096266304142773,234752,235146,"[0.834, 0.966, 0.823, 0.901, 0.811, 0.969, 0.698, 0.954, 0.977, 0.958]","[0.8403441682600382, 0.9817658349328215, 0.8335056876938987, 0.9402985074626866, 0.8427299703264095, 0.9631474103585658, 0.7075564278704612, 0.954070981210856, 0.963855421686747, 0.9548577036310107]",batch,both
FashionMNIST,small,42,10,a1,layerwise,random,baseline,3,0.2,5,0.898,0.8915,0.28473649816513064,0.3126954548835754,188583,0.19801740195453033,188240,0.19813249727371862,0.0,0.0,0,0,0,0.31631387292873114,0.8915,0.31269545991420744,0.3378836379852146,234752,235146,"[0.852, 0.97, 0.825, 0.902, 0.805, 0.963, 0.707, 0.959, 0.973, 0.959]","[0.8594646271510517, 0.9846449136276392, 0.8293691830403309, 0.9371002132196162, 0.8328387734915925, 0.9581673306772909, 0.703631010794897, 0.9592901878914405, 0.963855421686747, 0.9558390578999019]",batch,both
FashionMNIST,small,42,10,a1,layerwise,random,baseline,3,0.3,0,0.8808,0.8687,0.33164616565704347,0.35726471066474913,165758,0.29508475585381,165440,0.2952562704471101,0.0,0.0,0,0,0,0.32115425693336874,0.8687,0.3572647038459778,0.32504667609464377,234752,235146,"[0.815, 0.957, 0.68, 0.906, 0.873, 0.951, 0.621, 0.968, 0.97, 0.946]","[0.8298279158699808, 0.9760076775431862, 0.7011375387797312, 0.9211087420042644, 0.8961424332344213, 0.950199203187251, 0.6663395485770363, 0.9707724425887265, 0.9558232931726908, 0.9421000981354269]",batch,both
FashionMNIST,small,42,10,a1,layerwise,random,baseline,3,0.3,1,0.8956,0.8868,0.28847804832458496,0.3159668309569359,165758,0.29508475585381,165440,0.2952562704471101,0.0,0.0,0,0,0,0.3234452160540968,0.8868,0.31596683007478715,0.32226729800459,234752,235146,"[0.841, 0.968, 0.818, 0.901, 0.816, 0.961, 0.678, 0.958, 0.972, 0.955]","[0.8546845124282982, 0.9817658349328215, 0.8179937952430196, 0.94136460554371, 0.8447082096933729, 0.954183266932271, 0.6928361138370952, 0.9603340292275574, 0.9608433734939759, 0.9519136408243376]",batch,both
FashionMNIST,small,42,10,a1,layerwise,random,baseline,3,0.3,3,0.8972,0.8894,0.2881244320869446,0.31705407699346544,165758,0.29508475585381,165440,0.2952562704471101,0.0,0.0,0,0,0,0.3216593499528244,0.8894,0.3170540750384331,0.3369482640409842,234752,235146,"[0.844, 0.97, 0.807, 0.904, 0.847, 0.964, 0.668, 0.963, 0.975, 0.952]","[0.8604206500956023, 0.9836852207293666, 0.8148914167528438, 0.9392324093816631, 0.8635014836795252, 0.953187250996016, 0.6790971540726202, 0.964509394572025, 0.9658634538152611, 0.9519136408243376]",batch,both
FashionMNIST,small,42,10,a1,layerwise,random,baseline,3,0.3,5,0.8965,0.8907,0.2843562659263611,0.31423839675188064,165758,0.29508475585381,165440,0.2952562704471101,0.0,0.0,0,0,0,0.3387074099155143,0.8907,0.31423839799165726,0.34642630198504776,234752,235146,"[0.857, 0.968, 0.821, 0.901, 0.821, 0.966, 0.679, 0.96, 0.976, 0.958]","[0.8623326959847036, 0.9798464491362764, 0.8252326783867632, 0.9349680170575693, 0.8496538081107814, 0.9581673306772909, 0.6849852796859667, 0.9582463465553236, 0.964859437751004, 0.9509322865554465]",batch,both
FashionMNIST,small,42,10,a1,layerwise,random,baseline,3,0.4,0,0.879,0.8655,0.34924394187927243,0.375878738284111,142020,0.39603480390906076,141728,0.39626499454743724,0.0,0.0,0,0,0,0.33438956702593714,0.8655,0.37587873792648313,0.3279636080842465,234752,235146,"[0.819, 0.959, 0.701, 0.873, 0.886, 0.954, 0.608, 0.977, 0.968, 0.91]","[0.8336520076481836, 0.9779270633397313, 0.718717683557394, 0.9019189765458422, 0.9090009891196835, 0.950199203187251, 0.6545632973503435, 0.975991649269311, 0.964859437751004, 0.9048086359175662]",batch,both
FashionMNIST,small,42,10,a1,layerwise,random,baseline,3,0.4,1,0.8949,0.8886,0.2900464379310608,0.3187852061510086,142020,0.39603480390906076,141728,0.39626499454743724,0.0,0.0,0,0,0,0.3212336259894073,0.8886,0.3187852065324783,0.3322549109579995,234752,235146,"[0.843, 0.969, 0.827, 0.893, 0.833, 0.964, 0.669, 0.964, 0.975, 0.949]","[0.8575525812619503, 0.982725527831094, 0.8324715615305067, 0.9264392324093816, 0.8545994065281899, 0.952191235059761, 0.6751717369970559, 0.9697286012526096, 0.9618473895582329, 0.9411187438665358]",batch,both
FashionMNIST,small,42,10,a1,layerwise,random,baseline,3,0.4,3,0.8965,0.8887,0.2888091227531433,0.31706225028038026,142020,0.39603480390906076,141728,0.39626499454743724,0.0,0.0,0,0,0,0.3151720960158855,0.8887,0.3170622465133667,0.3179803559323773,234752,235146,"[0.852, 0.97, 0.829, 0.901, 0.81, 0.966, 0.666, 0.965, 0.976, 0.952]","[0.8652007648183556, 0.9817658349328215, 0.8448810754912099, 0.94136460554371, 0.8367952522255193, 0.952191235059761, 0.6732090284592738, 0.9665970772442589, 0.963855421686747, 0.9450441609421001]",batch,both
FashionMNIST,small,42,10,a1,layerwise,random,baseline,3,0.4,5,0.8987,0.8886,0.2862288165092468,0.3191023762583733,142020,0.39603480390906076,141728,0.39626499454743724,0.0,0.0,0,0,0,0.3200007590930909,0.8886,0.31910237210989,0.3178819490130991,234752,235146,"[0.838, 0.97, 0.792, 0.897, 0.843, 0.969, 0.687, 0.956, 0.974, 0.96]","[0.8460803059273423, 0.9836852207293666, 0.8086866597724922, 0.9402985074626866, 0.8644906033630069, 0.9651394422310757, 0.7114818449460255, 0.9551148225469729, 0.963855421686747, 0.9519136408243376]",batch,both
FashionMNIST,small,42,10,a1,layerwise,random,baseline,3,0.5,0,0.87,0.8601,0.385478814125061,0.40620507347583773,118282,0.4969848519643115,118016,0.4972737186477645,0.0,0.0,0,0,0,0.32766626100055873,0.8601,0.40620507788658144,0.3340267660096288,234752,235146,"[0.732, 0.934, 0.686, 0.894, 0.852, 0.95, 0.699, 0.948, 0.963, 0.943]","[0.7418738049713193, 0.9433781190019194, 0.7145811789038262, 0.9253731343283582, 0.8674579624134521, 0.951195219123506, 0.7271835132482827, 0.9457202505219207, 0.9508032128514057, 0.9381746810598626]",batch,both
FashionMNIST,small,42,10,a1,layerwise,random,baseline,3,0.5,1,0.8895,0.883,0.298341533946991,0.32316915960311887,118282,0.4969848519643115,118016,0.4972737186477645,0.0,0.0,0,0,0,0.31544434395618737,0.883,0.3231691596746445,0.3258602969581261,234752,235146,"[0.836, 0.965, 0.818, 0.899, 0.817, 0.96, 0.649, 0.949, 0.977, 0.96]","[0.8556405353728489, 0.9788867562380038, 0.8190279214064116, 0.9317697228144989, 0.8387734915924827, 0.952191235059761, 0.6604514229636899, 0.9488517745302714, 0.963855421686747, 0.9499509322865555]",batch,both
FashionMNIST,small,42,10,a1,layerwise,random,baseline,3,0.5,3,0.8945,0.8846,0.29197282447814943,0.31906554720401764,118282,0.4969848519643115,118016,0.4972737186477645,0.0,0.0,0,0,0,0.3293348579900339,0.8846,0.31906554646492,0.32416349404957145,234752,235146,"[0.847, 0.968, 0.794, 0.89, 0.828, 0.96, 0.676, 0.947, 0.978, 0.958]","[0.861376673040153, 0.982725527831094, 0.81282316442606, 0.9136460554371002, 0.8585558852621167, 0.9591633466135459, 0.6869479882237488, 0.9519832985386222, 0.9628514056224899, 0.956820412168793]",batch,both
FashionMNIST,small,42,10,a1,layerwise,random,baseline,3,0.5,5,0.893,0.8846,0.29324610109329224,0.32140361750125884,118282,0.4969848519643115,118016,0.4972737186477645,0.0,0.0,0,0,0,0.3139682210749015,0.8846,0.3214036180496216,0.354972802917473,234752,235146,"[0.83, 0.967, 0.817, 0.895, 0.837, 0.959, 0.65, 0.962, 0.976, 0.953]","[0.8489483747609943, 0.9836852207293666, 0.8335056876938987, 0.9275053304904051, 0.8555885262116716, 0.9571713147410359, 0.6575073601570167, 0.9624217118997912, 0.9618473895582329, 0.9470068694798822]",batch,both
FashionMNIST,small,42,10,a1,layerwise,random,baseline,3,0.7,0,0.8287,0.821,0.5955292978286744,0.6118388433456421,71719,0.6950022539188419,71504,0.6954062159214831,0.0,0.0,0,0,0,0.3243583260336891,0.821,0.611838851737976,0.34500198694877326,234752,235146,"[0.724, 0.91, 0.786, 0.905, 0.567, 0.908, 0.741, 0.972, 0.875, 0.822]","[0.734225621414914, 0.9155470249520153, 0.7983453981385729, 0.9307036247334755, 0.6073194856577646, 0.8854581673306773, 0.7654563297350343, 0.9592901878914405, 0.8684738955823293, 0.8370951913640824]",batch,both
FashionMNIST,small,42,10,a1,layerwise,random,baseline,3,0.7,1,0.8833,0.875,0.3247216449737549,0.34604328682422636,71719,0.6950022539188419,71504,0.6954062159214831,0.0,0.0,0,0,0,0.31019672902766615,0.875,0.34604328944683077,0.33545053598936647,234752,235146,"[0.826, 0.966, 0.828, 0.905, 0.787, 0.95, 0.618, 0.951, 0.971, 0.948]","[0.847036328871893, 0.9760076775431862, 0.8407445708376422, 0.9339019189765458, 0.8140454995054401, 0.9362549800796812, 0.6290480863591756, 0.9572025052192067, 0.9588353413654619, 0.9470068694798822]",batch,both
FashionMNIST,small,42,10,a1,layerwise,random,baseline,3,0.7,3,0.8862,0.8787,0.3125951941490173,0.33680477929115293,71719,0.6950022539188419,71504,0.6954062159214831,0.0,0.0,0,0,0,0.32603765197563916,0.8787,0.3368047802686691,0.32109424902591854,234752,235146,"[0.837, 0.967, 0.817, 0.891, 0.811, 0.95, 0.638, 0.956, 0.971, 0.949]","[0.8479923518164436, 0.9779270633397313, 0.827300930713547, 0.9221748400852878, 0.8269040553907022, 0.9422310756972112, 0.6506378802747792, 0.9624217118997912, 0.9628514056224899, 0.9470068694798822]",batch,both
FashionMNIST,small,42,10,a1,layerwise,random,baseline,3,0.7,5,0.8881,0.8801,0.3113112825393677,0.33369905099868774,71719,0.6950022539188419,71504,0.6954062159214831,0.0,0.0,0,0,0,0.3410179279744625,0.8801,0.33369905304908754,0.3222047189483419,234752,235146,"[0.835, 0.967, 0.821, 0.895, 0.82, 0.948, 0.627, 0.964, 0.974, 0.95]","[0.8518164435946463, 0.9788867562380038, 0.8324715615305067, 0.929637526652452, 0.837784371909001, 0.9412350597609562, 0.6418056918547596, 0.9624217118997912, 0.9628514056224899, 0.9479882237487733]",batch,both
FashionMNIST,small,42,10,a2,layerwise,random,baseline,3,0.05,0,0.8891,0.8763,0.30317371797561643,0.33301922347545626,233544,0.006812788650455426,233156,0.006798664122137366,0.0,0.0,0,0,0,0.3311163620091975,0.8763,0.3330192242026329,0.3369126709876582,234752,235146,"[0.897, 0.968, 0.695, 0.86, 0.881, 0.961, 0.621, 0.952, 0.972, 0.956]","[0.9110898661567878, 0.9798464491362764, 0.7238883143743536, 0.8763326226012793, 0.9080118694362018, 0.9631474103585658, 0.662414131501472, 0.9561586638830898, 0.9558232931726908, 0.9489695780176644]",batch,both
FashionMNIST,small,42,10,a2,layerwise,random,baseline,3,0.05,1,0.8969,0.8915,0.286611067199707,0.31432395485639575,233544,0.006812788650455426,233156,0.006798664122137366,0.0,0.0,0,0,0,0.31756143900565803,0.8915,0.3143239526033402,0.3256450309418142,234752,235146,"[0.862, 0.974, 0.825, 0.904, 0.827, 0.955, 0.673, 0.971, 0.973, 0.951]","[0.869980879541109, 0.982725527831094, 0.8335056876938987, 0.9264392324093816, 0.8506429277942631, 0.9462151394422311, 0.6810598626104023, 0.9686847599164927, 0.964859437751004, 0.9489695780176644]",batch,both
FashionMNIST,small,42,10,a2,layerwise,random,baseline,3,0.05,3,0.9,0.8926,0.28139531021118164,0.3097234167397022,233544,0.006812788650455426,233156,0.006798664122137366,0.0,0.0,0,0,0,0.3128634679596871,0.8926,0.30972342123389246,0.34708777302876115,234752,235146,"[0.846, 0.974, 0.799, 0.907, 0.824, 0.967, 0.712, 0.963, 0.977, 0.957]","[0.8575525812619503, 0.9836852207293666, 0.8066184074457083, 0.9339019189765458, 0.8526211671612265, 0.9661354581673307, 0.7232580961727183, 0.9603340292275574, 0.9668674698795181, 0.9519136408243376]",batch,both
FashionMNIST,small,42,10,a2,layerwise,random,baseline,3,0.05,5,0.8998,0.8947,0.2846610637664795,0.3132005225419998,233544,0.006812788650455426,233156,0.006798664122137366,0.0,0.0,0,0,0,0.34213193703908473,0.8947,0.31320052243471147,0.32419511501211673,234752,235146,"[0.867, 0.974, 0.831, 0.911, 0.827, 0.967, 0.678, 0.963, 0.973, 0.956]","[0.8718929254302104, 0.9836852207293666, 0.8417786970010341, 0.929637526652452, 0.8447082096933729, 0.9691235059760956, 0.6830225711481845, 0.9613778705636743, 0.9658634538152611, 0.9509322865554465]",batch,both
FashionMNIST,small,42,10,a2,layerwise,random,baseline,3,0.1,0,0.891,0.8784,0.3009324959754944,0.3281127124786377,231942,0.013625577300910963,231560,0.013597328244274842,0.0,0.0,0,0,0,0.34040986793115735,0.8784,0.32811271481513976,0.32208360405638814,234752,235146,"[0.89, 0.966, 0.72, 0.872, 0.865, 0.96, 0.631, 0.949, 0.972, 0.959]","[0.9024856596558317, 0.9798464491362764, 0.7518097207859359, 0.8869936034115139, 0.8941641938674579, 0.9611553784860558, 0.6673209028459274, 0.9530271398747391, 0.9588353413654619, 0.9509322865554465]",batch,both
FashionMNIST,small,42,10,a2,layerwise,random,baseline,3,0.1,1,0.8976,0.8934,0.284993159866333,0.31177711930274965,231942,0.013625577300910963,231560,0.013597328244274842,0.0,0.0,0,0,0,0.3177146149100736,0.8934,0.3117771210610867,0.32461847900412977,234752,235146,"[0.865, 0.971, 0.822, 0.911, 0.833, 0.959, 0.681, 0.969, 0.977, 0.946]","[0.8690248565965584, 0.982725527831094, 0.8304033092037229, 0.9349680170575693, 0.8506429277942631, 0.951195219123506, 0.6732090284592738, 0.9739039665970772, 0.9658634538152611, 0.9489695780176644]",batch,both
FashionMNIST,small,42,10,a2,layerwise,random,baseline,3,0.1,3,0.9006,0.8945,0.28462129497528077,0.31222344722151757,231942,0.013625577300910963,231560,0.013597328244274842,0.0,0.0,0,0,0,0.3238933860557154,0.8945,0.31222344883084296,0.3147490860428661,234752,235146,"[0.857, 0.977, 0.828, 0.907, 0.814, 0.959, 0.705, 0.962, 0.978, 0.958]","[0.8690248565965584, 0.9856046065259118, 0.8314374353671148, 0.9360341151385928, 0.8407517309594461, 0.9571713147410359, 0.703631010794897, 0.9676409185803758, 0.963855421686747, 0.9548577036310107]",batch,both
FashionMNIST,small,42,10,a2,layerwise,random,baseline,3,0.1,5,0.9009,0.8922,0.2819521379470825,0.3105553393781185,231942,0.013625577300910963,231560,0.013597328244274842,0.0,0.0,0,0,0,0.3232112559489906,0.8922,0.3105553362905979,0.3362921739462763,234752,235146,"[0.848, 0.971, 0.814, 0.911, 0.831, 0.963, 0.695, 0.962, 0.975, 0.952]","[0.858508604206501, 0.9836852207293666, 0.8324715615305067, 0.9360341151385928, 0.8565776458951533, 0.9621513944223108, 0.7016683022571149, 0.9665970772442589, 0.964859437751004, 0.9509322865554465]",batch,both
FashionMNIST,small,42,10,a2,layerwise,random,baseline,3,0.2,0,0.8888,0.879,0.31331670656204225,0.34021662632226946,228471,0.028386619376897793,228102,0.028327767175572505,0.0,0.0,0,0,0,0.32001504802610725,0.879,0.34021662729978563,0.3298430370632559,234752,235146,"[0.896, 0.966, 0.707, 0.868, 0.844, 0.962, 0.673, 0.95, 0.967, 0.957]","[0.9091778202676865, 0.9788867562380038, 0.7321613236814891, 0.8816631130063965, 0.8674579624134521, 0.9641434262948207, 0.6947988223748773, 0.954070981210856, 0.9497991967871486, 0.9509322865554465]",batch,both
FashionMNIST,small,42,10,a2,layerwise,random,baseline,3,0.2,1,0.8966,0.892,0.28540646715164186,0.3104013150215149,228471,0.028386619376897793,228102,0.028327767175572505,0.0,0.0,0,0,0,0.3310745930066332,0.892,0.310401319038868,0.32994419301394373,234752,235146,"[0.861, 0.972, 0.828, 0.905, 0.835, 0.956, 0.667, 0.971, 0.978, 0.947]","[0.8690248565965584, 0.980806142034549, 0.8335056876938987, 0.9243070362473348, 0.8506429277942631, 0.952191235059761, 0.6790971540726202, 0.9697286012526096, 0.9628514056224899, 0.9479882237487733]",batch,both
FashionMNIST,small,42,10,a2,layerwise,random,baseline,3,0.2,3,0.8985,0.8929,0.2835083571434021,0.30957072975039485,228471,0.028386619376897793,228102,0.028327767175572505,0.0,0.0,0,0,0,0.3201351650059223,0.8929,0.30957072356939314,0.3205555609893054,234752,235146,"[0.853, 0.97, 0.835, 0.912, 0.814, 0.963, 0.689, 0.963, 0.975, 0.955]","[0.8594646271510517, 0.9836852207293666, 0.8376421923474664, 0.9424307036247335, 0.8358061325420376, 0.9581673306772909, 0.6908734052993131, 0.9697286012526096, 0.9628514056224899, 0.9499509322865555]",batch,both
FashionMNIST,small,42,10,a2,layerwise,random,baseline,3,0.2,5,0.8995,0.8925,0.2838787787437439,0.312872437274456,228471,0.028386619376897793,228102,0.028327767175572505,0.0,0.0,0,0,0,0.3404878650326282,0.8925,0.31287243098020556,0.32580159697681665,234752,235146,"[0.835, 0.969, 0.809, 0.911, 0.824, 0.963, 0.723, 0.97, 0.973, 0.948]","[0.8374760994263862, 0.980806142034549, 0.8210961737331954, 0.9328358208955224, 0.8506429277942631, 0.9631474103585658, 0.732090284592738, 0.9697286012526096, 0.9628514056224899, 0.9489695780176644]",batch,both
FashionMNIST,small,42,10,a2,layerwise,random,baseline,3,0.3,0,0.8876,0.8771,0.32539651012420656,0.35081667162179947,225000,0.04314766145288462,224644,0.04305820610687028,0.0,0.0,0,0,0,0.3211646639974788,0.8771,0.3508166666865349,0.32137836900074035,234752,235146,"[0.912, 0.968, 0.696, 0.87, 0.846, 0.961, 0.651, 0.938, 0.966, 0.963]","[0.9110898661567878, 0.9798464491362764, 0.7311271975180972, 0.8933901918976546, 0.8763600395647874, 0.9701195219123506, 0.6643768400392541, 0.9331941544885177, 0.9477911646586346, 0.9636898920510304]",batch,both
FashionMNIST,small,42,10,a2,layerwise,random,baseline,3,0.3,1,0.8971,0.8906,0.28413892993927004,0.3114181584775448,225000,0.04314766145288462,224644,0.04305820610687028,0.0,0.0,0,0,0,0.32281939196400344,0.8906,0.31141815330386163,0.32075274700764567,234752,235146,"[0.837, 0.975, 0.804, 0.898, 0.839, 0.956, 0.704, 0.968, 0.975, 0.95]","[0.8460803059273423, 0.9817658349328215, 0.8159255429162358, 0.9232409381663113, 0.8565776458951533, 0.9482071713147411, 0.7203140333660452, 0.9686847599164927, 0.963855421686747, 0.9499509322865555]",batch,both
FashionMNIST,small,42,10,a2,layerwise,random,baseline,3,0.3,3,0.8991,0.8913,0.28216745395660403,0.30903139288425446,225000,0.04314766145288462,224644,0.04305820610687028,0.0,0.0,0,0,0,0.3330891210353002,0.8913,0.3090313977479935,0.33988367102574557,234752,235146,"[0.843, 0.975, 0.794, 0.905, 0.837, 0.967, 0.703, 0.965, 0.974, 0.95]","[0.8565965583173997, 0.9836852207293666, 0.8045501551189245, 0.9328358208955224, 0.8526211671612265, 0.9631474103585658, 0.7222767419038273, 0.9665970772442589, 0.9608433734939759, 0.9509322865554465]",batch,both
FashionMNIST,small,42,10,a2,layerwise,random,baseline,3,0.3,5,0.8983,0.8923,0.2836055809020996,0.3109226326584816,225000,0.04314766145288462,224644,0.04305820610687028,0.0,0.0,0,0,0,0.34334010805469006,0.8923,0.3109226304113865,0.325617240043357,234752,235146,"[0.844, 0.97, 0.805, 0.897, 0.849, 0.959, 0.704, 0.97, 0.974, 0.951]","[0.8537284894837476, 0.9788867562380038, 0.8169596690796277, 0.9232409381663113, 0.8644906033630069, 0.950199203187251, 0.7144259077526988, 0.9718162839248434, 0.964859437751004, 0.9479882237487733]",batch,both
FashionMNIST,small,42,10,a2,layerwise,random,baseline,3,0.4,0,0.8861,0.8738,0.3539012740135193,0.3784163948059082,221529,0.05790870352887145,221186,0.05778864503816794,0.0,0.0,0,0,0,0.32506743096746504,0.8738,0.3784163978099823,0.32241707493085414,234752,235146,"[0.909, 0.963, 0.664, 0.87, 0.838, 0.964, 0.663, 0.942, 0.967, 0.958]","[0.9101338432122371, 0.9788867562380038, 0.6928645294725957, 0.896588486140725, 0.8733926805143423, 0.9691235059760956, 0.6859666339548577, 0.9405010438413361, 0.9508032128514057, 0.956820412168793]",batch,both
FashionMNIST,small,42,10,a2,layerwise,random,baseline,3,0.4,1,0.897,0.8886,0.2873516526222229,0.31438258697986604,221529,0.05790870352887145,221186,0.05778864503816794,0.0,0.0,0,0,0,0.3279145659180358,0.8886,0.31438259115219114,0.31895982392597944,234752,235146,"[0.862, 0.971, 0.834, 0.899, 0.833, 0.959, 0.645, 0.953, 0.973, 0.957]","[0.8718929254302104, 0.9817658349328215, 0.8386763185108583, 0.9328358208955224, 0.8526211671612265, 0.952191235059761, 0.6653581943081452, 0.9665970772442589, 0.9618473895582329, 0.9509322865554465]",batch,both
FashionMNIST,small,42,10,a2,layerwise,random,baseline,3,0.4,3,0.8996,0.8904,0.28408688106536867,0.30995215302705764,221529,0.05790870352887145,221186,0.05778864503816794,0.0,0.0,0,0,0,0.31696012197062373,0.8904,0.3099521560907364,0.3231117579853162,234752,235146,"[0.827, 0.971, 0.781, 0.911, 0.836, 0.962, 0.725, 0.966, 0.975, 0.95]","[0.8460803059273423, 0.980806142034549, 0.7921406411582212, 0.9402985074626866, 0.8654797230464887, 0.9571713147410359, 0.7330716388616291, 0.9707724425887265, 0.964859437751004, 0.9489695780176644]",batch,both
FashionMNIST,small,42,10,a2,layerwise,random,baseline,3,0.4,5,0.8994,0.8929,0.2830678711891174,0.30845130810141563,221529,0.05790870352887145,221186,0.05778864503816794,0.0,0.0,0,0,0,0.3132896739989519,0.8929,0.3084513084828854,0.31882860499899834,234752,235146,"[0.844, 0.97, 0.801, 0.914, 0.839, 0.962, 0.708, 0.965, 0.976, 0.95]","[0.8499043977055449, 0.9836852207293666, 0.81282316442606, 0.9371002132196162, 0.8565776458951533, 0.9621513944223108, 0.7134445534838076, 0.9665970772442589, 0.964859437751004, 0.9509322865554465]",batch,both
FashionMNIST,small,42,10,a2,layerwise,random,baseline,3,0.5,0,0.8819,0.871,0.41415641860961916,0.438516371011734,218058,0.07266974560485828,217728,0.0725190839694656,0.0,0.0,0,0,0,0.33231668290682137,0.871,0.4385163710355759,0.31541703699622303,234752,235146,"[0.9, 0.955, 0.646, 0.869, 0.834, 0.962, 0.675, 0.937, 0.975, 0.957]","[0.9110898661567878, 0.9712092130518234, 0.6659772492244054, 0.8869936034115139, 0.8625123639960435, 0.9691235059760956, 0.6928361138370952, 0.9342379958246346, 0.9578313253012049, 0.9597644749754661]",batch,both
FashionMNIST,small,42,10,a2,layerwise,random,baseline,3,0.5,1,0.8948,0.889,0.28944056930541995,0.31355721896886823,218058,0.07266974560485828,217728,0.0725190839694656,0.0,0.0,0,0,0,0.32820341596379876,0.889,0.3135572188615799,0.3538417450617999,234752,235146,"[0.862, 0.967, 0.812, 0.905, 0.839, 0.961, 0.661, 0.964, 0.974, 0.945]","[0.8680688336520076, 0.9779270633397313, 0.8231644260599793, 0.9339019189765458, 0.857566765578635, 0.9571713147410359, 0.6673209028459274, 0.9665970772442589, 0.9608433734939759, 0.9401373895976447]",batch,both
FashionMNIST,small,42,10,a2,layerwise,random,baseline,3,0.5,3,0.898,0.8892,0.28410822525024415,0.310872856593132,218058,0.07266974560485828,217728,0.0725190839694656,0.0,0.0,0,0,0,0.33055191999301314,0.8892,0.3108728600025177,0.35778434900566936,234752,235146,"[0.856, 0.97, 0.799, 0.905, 0.849, 0.964, 0.661, 0.958, 0.978, 0.952]","[0.8690248565965584, 0.982725527831094, 0.8086866597724922, 0.9317697228144989, 0.8694362017804155, 0.9611553784860558, 0.6889106967615309, 0.9592901878914405, 0.963855421686747, 0.9479882237487733]",batch,both
FashionMNIST,small,42,10,a2,layerwise,random,baseline,3,0.5,5,0.8979,0.8895,0.2837369918823242,0.30959385303258896,218058,0.07266974560485828,217728,0.0725190839694656,0.0,0.0,0,0,0,0.3367771140765399,0.8895,0.30959384990930555,0.32975332997739315,234752,235146,"[0.841, 0.969, 0.818, 0.913, 0.826, 0.965, 0.675, 0.963, 0.975, 0.95]","[0.861376673040153, 0.9788867562380038, 0.8221302998965874, 0.9371002132196162, 0.8565776458951533, 0.9601593625498008, 0.6918547595682041, 0.964509394572025, 0.9618473895582329, 0.9489695780176644]",batch,both
FashionMNIST,small,42,10,a2,layerwise,random,baseline,3,0.7,0,0.8757,0.866,0.6352025171279907,0.6556823132514954,211383,0.10105636498175596,211078,0.10084685114503822,0.0,0.0,0,0,0,0.31586868700105697,0.866,0.655682314825058,0.32299470307771116,234752,235146,"[0.82, 0.952, 0.631, 0.862, 0.796, 0.955, 0.766, 0.963, 0.972, 0.943]","[0.8288718929254302, 0.9654510556621881, 0.655635987590486, 0.8795309168443497, 0.8259149357072205, 0.9472111553784861, 0.7782139352306182, 0.9707724425887265, 0.9568273092369478, 0.9450441609421001]",batch,both
FashionMNIST,small,42,10,a2,layerwise,random,baseline,3,0.7,1,0.8919,0.883,0.30565443878173826,0.33133572090864183,211383,0.10105636498175596,211078,0.10084685114503822,0.0,0.0,0,0,0,0.3288865499198437,0.883,0.3313357201695442,0.3359339799499139,234752,235146,"[0.827, 0.959, 0.803, 0.902, 0.801, 0.961, 0.698, 0.956, 0.969, 0.954]","[0.8413001912045889, 0.9769673704414588, 0.8107549120992761, 0.9381663113006397, 0.8318496538081108, 0.9492031872509961, 0.704612365063788, 0.9676409185803758, 0.9548192771084337, 0.9489695780176644]",batch,both
FashionMNIST,small,42,10,a2,layerwise,random,baseline,3,0.7,3,0.8951,0.8857,0.29236302242279055,0.31873569917678835,211383,0.10105636498175596,211078,0.10084685114503822,0.0,0.0,0,0,0,0.3215547220315784,0.8857,0.3187356994271278,0.3464911360060796,234752,235146,"[0.842, 0.962, 0.792, 0.908, 0.815, 0.96, 0.688, 0.959, 0.974, 0.957]","[0.8489483747609943, 0.9798464491362764, 0.8045501551189245, 0.9381663113006397, 0.8486646884272997, 0.9482071713147411, 0.6997055937193327, 0.9728601252609603, 0.9618473895582329, 0.9528949950932286]",batch,both
FashionMNIST,small,42,10,a2,layerwise,random,baseline,3,0.7,5,0.8974,0.8889,0.2872838714599609,0.31418513952493665,211383,0.10105636498175596,211078,0.10084685114503822,0.0,0.0,0,0,0,0.3324904820183292,0.8889,0.31418513948917387,0.33307867404073477,234752,235146,"[0.844, 0.966, 0.821, 0.906, 0.815, 0.965, 0.685, 0.955, 0.974, 0.958]","[0.8594646271510517, 0.9798464491362764, 0.8345398138572906, 0.9307036247334755, 0.8427299703264095, 0.9601593625498008, 0.6918547595682041, 0.9613778705636743, 0.9618473895582329, 0.9558390578999019]",batch,both
FashionMNIST,small,42,10,all,all,random,baseline,4,0.05,0,0.8875,0.8759,0.30501671237945555,0.33215270775556566,222660,0.05309892577377462,222284,0.05311136859323884,0.0,0.0,0,0,0,0.3224694279488176,0.8759,0.3321527096748352,0.34051222598645836,234752,235146,"[0.903, 0.972, 0.673, 0.869, 0.89, 0.964, 0.612, 0.955, 0.974, 0.947]","[0.9149139579349904, 0.980806142034549, 0.6959669079627715, 0.8848614072494669, 0.9080118694362018, 0.9701195219123506, 0.6535819430814525, 0.9561586638830898, 0.9598393574297188, 0.9450441609421001]",batch,both
FashionMNIST,small,42,10,all,all,random,baseline,4,0.05,1,0.8963,0.8902,0.2879704069137573,0.3124684468388557,222660,0.05309892577377462,222284,0.05311136859323884,0.0,0.0,0,0,0,0.3184264689916745,0.8902,0.3124684440016747,0.3363408929435536,234752,235146,"[0.871, 0.972, 0.817, 0.91, 0.823, 0.958, 0.654, 0.967, 0.975, 0.955]","[0.8766730401529637, 0.9817658349328215, 0.8293691830403309, 0.9392324093816631, 0.847675568743818, 0.9452191235059761, 0.6673209028459274, 0.9707724425887265, 0.9598393574297188, 0.9499509322865555]",batch,both
FashionMNIST,small,42,10,all,all,random,baseline,4,0.05,3,0.8978,0.8921,0.2848665905952454,0.3113972698748112,222660,0.05309892577377462,222284,0.05311136859323884,0.0,0.0,0,0,0,0.3116929039824754,0.8921,0.3113972677409649,0.3711106359260157,234752,235146,"[0.845, 0.974, 0.816, 0.904, 0.823, 0.958, 0.706, 0.968, 0.975, 0.952]","[0.8413001912045889, 0.9836852207293666, 0.8241985522233712, 0.9307036247334755, 0.8526211671612265, 0.951195219123506, 0.7144259077526988, 0.9686847599164927, 0.963855421686747, 0.9519136408243376]",batch,both
FashionMNIST,small,42,10,all,all,random,baseline,4,0.05,5,0.8999,0.8933,0.2833789102554321,0.30973493947386743,222660,0.05309892577377462,222284,0.05311136859323884,0.0,0.0,0,0,0,0.3433851150330156,0.8933,0.30973493631482124,0.3312311819754541,234752,235146,"[0.856, 0.977, 0.81, 0.917, 0.822, 0.964, 0.692, 0.969, 0.975, 0.951]","[0.8623326959847036, 0.9846449136276392, 0.8179937952430196, 0.9456289978678039, 0.8387734915924827, 0.9571713147410359, 0.7095191364082434, 0.9686847599164927, 0.9668674698795181, 0.9519136408243376]",batch,both
FashionMNIST,small,42,10,all,all,random,baseline,4,0.1,0,0.8854,0.8727,0.31240703830718997,0.33774019312858583,209417,0.10941712808212767,209060,0.10944315703380592,0.0,0.0,0,0,0,0.32463696599006653,0.8727,0.3377401927113533,0.3312275030184537,234752,235146,"[0.893, 0.97, 0.664, 0.86, 0.897, 0.968, 0.606, 0.951, 0.973, 0.945]","[0.9091778202676865, 0.982725527831094, 0.688728024819028, 0.8816631130063965, 0.9119683481701286, 0.9790836653386454, 0.647693817468106, 0.9478079331941545, 0.9598393574297188, 0.9391560353287537]",batch,both
FashionMNIST,small,42,10,all,all,random,baseline,4,0.1,1,0.8987,0.8913,0.2835447995185852,0.30832940385341645,209417,0.10941712808212767,209060,0.10944315703380592,0.0,0.0,0,0,0,0.34141521400306374,0.8913,0.30832940051555635,0.3682082319865003,234752,235146,"[0.838, 0.976, 0.824, 0.903, 0.817, 0.967, 0.701, 0.959, 0.975, 0.953]","[0.8479923518164436, 0.9817658349328215, 0.8293691830403309, 0.9328358208955224, 0.8447082096933729, 0.9661354581673307, 0.7134445534838076, 0.9613778705636743, 0.963855421686747, 0.9499509322865555]",batch,both
FashionMNIST,small,42,10,all,all,random,baseline,4,0.1,3,0.8992,0.8926,0.2855202025413513,0.3100825891673565,209417,0.10941712808212767,209060,0.10944315703380592,0.0,0.0,0,0,0,0.32419603399466723,0.8926,0.3100825886666775,0.3437289970461279,234752,235146,"[0.828, 0.975, 0.827, 0.899, 0.815, 0.961, 0.731, 0.958, 0.973, 0.959]","[0.8279158699808795, 0.9817658349328215, 0.8345398138572906, 0.9275053304904051, 0.8417408506429278, 0.9551792828685259, 0.7448478900883219, 0.964509394572025, 0.963855421686747, 0.9548577036310107]",batch,both
FashionMNIST,small,42,10,all,all,random,baseline,4,0.1,5,0.9004,0.8933,0.2869349626541138,0.31259006782770155,209417,0.10941712808212767,209060,0.10944315703380592,0.0,0.0,0,0,0,0.31680095207411796,0.8933,0.3125900683760643,0.3123343529878184,234752,235146,"[0.854, 0.975, 0.823, 0.91, 0.831, 0.964, 0.683, 0.966, 0.974, 0.953]","[0.8537284894837476, 0.9817658349328215, 0.8428128231644261, 0.9371002132196162, 0.8555885262116716, 0.9591633466135459, 0.6997055937193327, 0.9634655532359081, 0.9658634538152611, 0.9499509322865555]",batch,both
FashionMNIST,small,42,10,all,all,random,baseline,4,0.2,0,0.8813,0.8682,0.3490859329223633,0.3721673176765442,183183,0.2209818580796612,182865,0.22102900081788446,0.0,0.0,0,0,0,0.3197021869709715,0.8682,0.3721673169374466,0.3212536610662937,234752,235146,"[0.877, 0.975, 0.652, 0.841, 0.884, 0.977, 0.634, 0.932, 0.974, 0.936]","[0.890057361376673, 0.9856046065259118, 0.6742502585315409, 0.8656716417910447, 0.9090009891196835, 0.9810756972111554, 0.6673209028459274, 0.9363256784968684, 0.9628514056224899, 0.9332679097154073]",batch,both
FashionMNIST,small,42,10,all,all,random,baseline,4,0.2,1,0.8964,0.8893,0.2898224097251892,0.3103127617955208,183183,0.2209818580796612,182865,0.22102900081788446,0.0,0.0,0,0,0,0.3182144860038534,0.8893,0.3103127629518509,0.3226919580483809,234752,235146,"[0.844, 0.97, 0.801, 0.912, 0.817, 0.961, 0.702, 0.959, 0.973, 0.954]","[0.8518164435946463, 0.9798464491362764, 0.8014477766287487, 0.94136460554371, 0.8486646884272997, 0.9561752988047809, 0.7124631992149166, 0.9634655532359081, 0.9628514056224899, 0.9499509322865555]",batch,both
FashionMNIST,small,42,10,all,all,random,baseline,4,0.2,3,0.8969,0.8905,0.2838808502197266,0.3083003473043442,183183,0.2209818580796612,182865,0.22102900081788446,0.0,0.0,0,0,0,0.33049530105199665,0.8905,0.3083003466486931,0.3298689619405195,234752,235146,"[0.855, 0.972, 0.798, 0.903, 0.833, 0.962, 0.693, 0.965, 0.974, 0.95]","[0.8537284894837476, 0.9817658349328215, 0.8076525336091003, 0.9264392324093816, 0.8605341246290801, 0.9581673306772909, 0.7055937193326791, 0.965553235908142, 0.964859437751004, 0.9479882237487733]",batch,both
FashionMNIST,small,42,10,all,all,random,baseline,4,0.2,5,0.8987,0.8912,0.28606758975982666,0.3104105111598969,183183,0.2209818580796612,182865,0.22102900081788446,0.0,0.0,0,0,0,0.3111423439113423,0.8912,0.31041050812006,0.33621216600295156,234752,235146,"[0.846, 0.969, 0.819, 0.917, 0.806, 0.967, 0.709, 0.947, 0.971, 0.961]","[0.8432122370936902, 0.9817658349328215, 0.8262668045501551, 0.9477611940298507, 0.8348170128585559, 0.9671314741035857, 0.7271835132482827, 0.9384133611691023, 0.964859437751004, 0.9597644749754661]",batch,both
FashionMNIST,small,42,10,all,all,random,baseline,4,0.3,0,0.868,0.857,0.4219069540023804,0.44406023144721984,158500,0.32595068595680976,158220,0.3260121319520175,0.0,0.0,0,0,0,0.31994574202690274,0.857,0.44406023337841033,0.33117909904103726,234752,235146,"[0.883, 0.972, 0.576, 0.848, 0.864, 0.985, 0.635, 0.911, 0.974, 0.922]","[0.892925430210325, 0.9798464491362764, 0.5925542916235781, 0.8667377398720683, 0.887240356083086, 0.9830677290836654, 0.6722276741903828, 0.9123173277661796, 0.9668674698795181, 0.915603532875368]",batch,both
FashionMNIST,small,42,10,all,all,random,baseline,4,0.3,1,0.8935,0.8879,0.29164591751098634,0.31296399102211,158500,0.32595068595680976,158220,0.3260121319520175,0.0,0.0,0,0,0,0.3342798399971798,0.8879,0.3129639931678772,0.32439186004921794,234752,235146,"[0.855, 0.971, 0.82, 0.911, 0.825, 0.954, 0.657, 0.96, 0.974, 0.952]","[0.8556405353728489, 0.9817658349328215, 0.8293691830403309, 0.9307036247334755, 0.8536102868447082, 0.9482071713147411, 0.662414131501472, 0.9676409185803758, 0.9678714859437751, 0.943081452404318]",batch,both
FashionMNIST,small,42,10,all,all,random,baseline,4,0.3,3,0.8975,0.8904,0.2878036694526672,0.3108994076967239,158500,0.32595068595680976,158220,0.3260121319520175,0.0,0.0,0,0,0,0.31487421900965273,0.8904,0.3108994064629078,0.3324999229516834,234752,235146,"[0.853, 0.975, 0.814, 0.91, 0.837, 0.961, 0.671, 0.957, 0.971, 0.955]","[0.8451242829827916, 0.9856046065259118, 0.8293691830403309, 0.9360341151385928, 0.8595450049455984, 0.9621513944223108, 0.6790971540726202, 0.965553235908142, 0.9668674698795181, 0.9509322865554465]",batch,both
FashionMNIST,small,42,10,all,all,random,baseline,4,0.3,5,0.8975,0.8898,0.2877885419845581,0.31233141805529596,158500,0.32595068595680976,158220,0.3260121319520175,0.0,0.0,0,0,0,0.3064721280243248,0.8898,0.31233141630887984,0.31786461104638875,234752,235146,"[0.83, 0.974, 0.803, 0.906, 0.82, 0.967, 0.713, 0.96, 0.973, 0.952]","[0.8250478011472275, 0.9856046065259118, 0.8200620475698035, 0.9392324093816631, 0.8397626112759644, 0.9691235059760956, 0.7311089303238469, 0.9572025052192067, 0.9658634538152611, 0.9470068694798822]",batch,both
FashionMNIST,small,42,10,all,all,random,baseline,4,0.4,0,0.8585,0.847,0.5158784195899964,0.5338926972150803,133605,0.43182108137072284,133364,0.4318940839694656,0.0,0.0,0,0,0,0.3255713109392673,0.847,0.5338926888465881,0.32594202703330666,234752,235146,"[0.861, 0.964, 0.583, 0.853, 0.861, 0.979, 0.607, 0.886, 0.975, 0.901]","[0.8709369024856597, 0.974088291746641, 0.5997931747673216, 0.8667377398720683, 0.8822947576656776, 0.9770916334661355, 0.6584887144259077, 0.872651356993737, 0.9698795180722891, 0.9028459273797841]",batch,both
FashionMNIST,small,42,10,all,all,random,baseline,4,0.4,1,0.8907,0.8843,0.3032757224082947,0.32210210325717925,133605,0.43182108137072284,133364,0.4318940839694656,0.0,0.0,0,0,0,0.310263465042226,0.8843,0.3221021051645279,0.3249755119904876,234752,235146,"[0.839, 0.968, 0.79, 0.907, 0.835, 0.958, 0.662, 0.959, 0.971, 0.954]","[0.8499043977055449, 0.9760076775431862, 0.7983453981385729, 0.9381663113006397, 0.8585558852621167, 0.9432270916334662, 0.6741903827281649, 0.9624217118997912, 0.9628514056224899, 0.9479882237487733]",batch,both
FashionMNIST,small,42,10,all,all,random,baseline,4,0.4,3,0.8946,0.8873,0.292672887802124,0.31430585243701936,133605,0.43182108137072284,133364,0.4318940839694656,0.0,0.0,0,0,0,0.3045986760407686,0.8873,0.3143058541536331,0.3203868590062484,234752,235146,"[0.832, 0.971, 0.813, 0.912, 0.814, 0.96, 0.683, 0.954, 0.973, 0.961]","[0.8393881453154876, 0.9798464491362764, 0.8210961737331954, 0.9371002132196162, 0.8397626112759644, 0.950199203187251, 0.7055937193326791, 0.9634655532359081, 0.9608433734939759, 0.9538763493621197]",batch,both
FashionMNIST,small,42,10,all,all,random,baseline,4,0.4,5,0.8949,0.8881,0.2910477375984192,0.31220564386844635,133605,0.43182108137072284,133364,0.4318940839694656,0.0,0.0,0,0,0,0.3191681100288406,0.8881,0.3122056434750557,0.32021157909184694,234752,235146,"[0.829, 0.972, 0.832, 0.911, 0.81, 0.955, 0.68, 0.966, 0.973, 0.953]","[0.844168260038241, 0.9788867562380038, 0.8397104446742503, 0.9349680170575693, 0.8447082096933729, 0.950199203187251, 0.6869479882237488, 0.9676409185803758, 0.9628514056224899, 0.9450441609421001]",batch,both
FashionMNIST,small,42,10,all,all,random,baseline,4,0.5,0,0.8358,0.8223,0.7184762333869934,0.7367930579185485,109386,0.5348166670919343,109184,0.534896401308615,0.0,0.0,0,0,0,0.319763241102919,0.8223,0.7367930663108826,0.32103219104465097,234752,235146,"[0.838, 0.964, 0.522, 0.895, 0.661, 0.962, 0.605, 0.891, 0.978, 0.907]","[0.858508604206501, 0.9692898272552783, 0.5274043433298863, 0.9264392324093816, 0.6617210682492581, 0.9641434262948207, 0.6712463199214916, 0.8830897703549061, 0.9748995983935743, 0.915603532875368]",batch,both
FashionMNIST,small,42,10,all,all,random,baseline,4,0.5,1,0.885,0.877,0.3216650644302368,0.34113621637821195,109386,0.5348166670919343,109184,0.534896401308615,0.0,0.0,0,0,0,0.3305497149704024,0.877,0.3411362154483795,0.3395078639732674,234752,235146,"[0.836, 0.962, 0.801, 0.906, 0.816, 0.951, 0.626, 0.958, 0.969, 0.945]","[0.8489483747609943, 0.974088291746641, 0.811789038262668, 0.94136460554371, 0.8516320474777448, 0.9342629482071713, 0.6300294406280668, 0.9676409185803758, 0.9558232931726908, 0.9411187438665358]",batch,both
FashionMNIST,small,42,10,all,all,random,baseline,4,0.5,3,0.8918,0.8836,0.2999109838485718,0.32221266485452654,109386,0.5348166670919343,109184,0.534896401308615,0.0,0.0,0,0,0,0.31450989097356796,0.8836,0.32221266168355944,0.3252175949746743,234752,235146,"[0.852, 0.968, 0.814, 0.91, 0.811, 0.958, 0.65, 0.945, 0.971, 0.957]","[0.858508604206501, 0.9760076775431862, 0.8293691830403309, 0.9381663113006397, 0.8427299703264095, 0.953187250996016, 0.6633954857703631, 0.9498956158663883, 0.9558232931726908, 0.9558390578999019]",batch,both
FashionMNIST,small,42,10,all,all,random,baseline,4,0.5,5,0.8947,0.8849,0.29788271131515504,0.32113756783008574,109386,0.5348166670919343,109184,0.534896401308615,0.0,0.0,0,0,0,0.31937854003626853,0.8849,0.3211375618696213,0.31224861601367593,234752,235146,"[0.872, 0.972, 0.828, 0.907, 0.794, 0.956, 0.635, 0.956, 0.974, 0.955]","[0.8776290630975143, 0.980806142034549, 0.843846949327818, 0.9328358208955224, 0.8387734915924827, 0.9492031872509961, 0.6526005888125613, 0.9665970772442589, 0.9548192771084337, 0.9548577036310107]",batch,both
FashionMNIST,small,42,10,all,all,random,baseline,4,0.7,0,0.6806,0.6748,1.4010442260742189,1.4179856136322022,63887,0.728309220654402,63761,0.7283899604689203,0.0,0.0,0,0,0,0.33562222600448877,0.6748,1.4179856117248535,0.33584124594926834,234752,235146,"[0.699, 0.907, 0.384, 0.707, 0.339, 0.713, 0.84, 0.381, 0.96, 0.818]","[0.6883365200764818, 0.9299424184261037, 0.3784901758014478, 0.7228144989339019, 0.37289812067260136, 0.7420318725099602, 0.8400392541707556, 0.34342379958246344, 0.9548192771084337, 0.7998037291462218]",batch,both
FashionMNIST,small,42,10,all,all,random,baseline,4,0.7,1,0.8628,0.8526,0.4068567326545715,0.41994493379592895,63887,0.728309220654402,63761,0.7283899604689203,0.0,0.0,0,0,0,0.3382644939702004,0.8526,0.41994493460655213,0.3610181559342891,234752,235146,"[0.867, 0.953, 0.79, 0.898, 0.786, 0.903, 0.484, 0.923, 0.97, 0.952]","[0.8766730401529637, 0.9673704414587332, 0.795243019648397, 0.929637526652452, 0.8170128585558852, 0.8934262948207171, 0.535819430814524, 0.918580375782881, 0.9558232931726908, 0.943081452404318]",batch,both
FashionMNIST,small,42,10,all,all,random,baseline,4,0.7,3,0.8764,0.8693,0.34619336681365964,0.36400471045970917,63887,0.728309220654402,63761,0.7283899604689203,0.0,0.0,0,0,0,0.32897441694512963,0.8693,0.3640047131061554,0.3221793710254133,234752,235146,"[0.862, 0.965, 0.797, 0.895, 0.818, 0.927, 0.565, 0.94, 0.971, 0.953]","[0.878585086042065, 0.9760076775431862, 0.8138572905894519, 0.917910447761194, 0.8565776458951533, 0.9103585657370518, 0.5682041216879293, 0.9384133611691023, 0.963855421686747, 0.9440628066732091]",batch,both
FashionMNIST,small,42,10,all,all,random,baseline,4,0.7,5,0.8817,0.8708,0.3312481939315796,0.3505629134893417,63887,0.728309220654402,63761,0.7283899604689203,0.0,0.0,0,0,0,0.3210855870274827,0.8708,0.350562912774086,0.32580438698641956,234752,235146,"[0.87, 0.969, 0.783, 0.902, 0.808, 0.932, 0.582, 0.941, 0.972, 0.949]","[0.884321223709369, 0.9788867562380038, 0.8066184074457083, 0.9264392324093816, 0.8605341246290801, 0.9213147410358565, 0.5878312070657508, 0.9478079331941545, 0.964859437751004, 0.9421000981354269]",batch,both
FashionMNIST,small,42,10,a1,layerwise,random,baseline,4,0.05,0,0.8868,0.8761,0.305268496799469,0.3318236840963364,224190,0.04659232987165418,223808,0.04661941112322787,0.0,0.0,0,0,0,0.3203755230642855,0.8761,0.331823688519001,0.31958218896761537,234752,235146,"[0.905, 0.971, 0.679, 0.874, 0.888, 0.962, 0.604, 0.952, 0.972, 0.954]","[0.9177820267686424, 0.9798464491362764, 0.6990692864529473, 0.894456289978678, 0.9070227497527201, 0.9641434262948207, 0.6427870461236507, 0.9519832985386222, 0.9568273092369478, 0.9489695780176644]",batch,both
FashionMNIST,small,42,10,a1,layerwise,random,baseline,4,0.05,1,0.8963,0.8908,0.2877239604949951,0.3121562375545502,224190,0.04659232987165418,223808,0.04661941112322787,0.0,0.0,0,0,0,0.3209595460211858,0.8908,0.3121562381029129,0.3191468750592321,234752,235146,"[0.844, 0.972, 0.8, 0.909, 0.849, 0.958, 0.687, 0.959, 0.973, 0.957]","[0.858508604206501, 0.9817658349328215, 0.8076525336091003, 0.9307036247334755, 0.8615232443125618, 0.952191235059761, 0.6977428851815506, 0.9634655532359081, 0.9598393574297188, 0.9528949950932286]",batch,both
FashionMNIST,small,42,10,a1,layerwise,random,baseline,4,0.05,3,0.8997,0.8944,0.28696029081344604,0.3121927331984043,224190,0.04659232987165418,223808,0.04661941112322787,0.0,0.0,0,0,0,0.3276399140013382,0.8944,0.3121927293717861,0.3263003120664507,234752,235146,"[0.833, 0.974, 0.814, 0.911, 0.825, 0.967, 0.726, 0.963, 0.977, 0.954]","[0.8384321223709369, 0.9865642994241842, 0.8179937952430196, 0.94136460554371, 0.8486646884272997, 0.9641434262948207, 0.7271835132482827, 0.9603340292275574, 0.963855421686747, 0.9528949950932286]",batch,both
FashionMNIST,small,42,10,a1,layerwise,random,baseline,4,0.05,5,0.8992,0.8948,0.285711240196228,0.31193965489268305,224190,0.04659232987165418,223808,0.04661941112322787,0.0,0.0,0,0,0,0.3322322410531342,0.8948,0.31193965923786166,0.3425904840696603,234752,235146,"[0.854, 0.975, 0.831, 0.902, 0.828, 0.964, 0.701, 0.967, 0.973, 0.953]","[0.8537284894837476, 0.9836852207293666, 0.8324715615305067, 0.9232409381663113, 0.8466864490603363, 0.9591633466135459, 0.7144259077526988, 0.9676409185803758, 0.9618473895582329, 0.9528949950932286]",batch,both
FashionMNIST,small,42,10,a1,layerwise,random,baseline,4,0.1,0,0.8858,0.8732,0.309628684425354,0.33493009729385376,212321,0.09706735389927956,211952,0.09712377317339149,0.0,0.0,0,0,0,0.3314972370862961,0.8732,0.3349300957918167,0.32833767391275615,234752,235146,"[0.91, 0.97, 0.664, 0.871, 0.889, 0.964, 0.59, 0.946, 0.972, 0.956]","[0.9196940726577438, 0.9798464491362764, 0.6949327817993796, 0.8912579957356077, 0.9099901088031652, 0.9651394422310757, 0.633954857703631, 0.9467640918580376, 0.9568273092369478, 0.9538763493621197]",batch,both
FashionMNIST,small,42,10,a1,layerwise,random,baseline,4,0.1,1,0.898,0.8899,0.28523727903366086,0.30894579750299456,212321,0.09706735389927956,211952,0.09712377317339149,0.0,0.0,0,0,0,0.3265739930793643,0.8899,0.3089457985758781,0.32324187899939716,234752,235146,"[0.833, 0.974, 0.783, 0.914, 0.828, 0.959, 0.717, 0.953, 0.975, 0.963]","[0.8317399617590823, 0.980806142034549, 0.8014477766287487, 0.9445628997867804, 0.8536102868447082, 0.9571713147410359, 0.732090284592738, 0.9624217118997912, 0.963855421686747, 0.956820412168793]",batch,both
FashionMNIST,small,42,10,a1,layerwise,random,baseline,4,0.1,3,0.8977,0.892,0.2864304946899414,0.31033452209830287,212321,0.09706735389927956,211952,0.09712377317339149,0.0,0.0,0,0,0,0.32030836096964777,0.892,0.3103345259010792,0.32481988496147096,234752,235146,"[0.842, 0.972, 0.809, 0.91, 0.824, 0.96, 0.716, 0.97, 0.97, 0.947]","[0.8432122370936902, 0.9798464491362764, 0.8159255429162358, 0.929637526652452, 0.8486646884272997, 0.9571713147410359, 0.7281648675171737, 0.9707724425887265, 0.9618473895582329, 0.9460255152109912]",batch,both
FashionMNIST,small,42,10,a1,layerwise,random,baseline,4,0.1,5,0.9005,0.894,0.2843273840904236,0.3101796044409275,212321,0.09706735389927956,211952,0.09712377317339149,0.0,0.0,0,0,0,0.3166938630165532,0.894,0.31017960615754125,0.3293003919534385,234752,235146,"[0.85, 0.975, 0.823, 0.907, 0.822, 0.965, 0.711, 0.964, 0.971, 0.952]","[0.8479923518164436, 0.9836852207293666, 0.8335056876938987, 0.9317697228144989, 0.847675568743818, 0.9621513944223108, 0.7232580961727183, 0.9676409185803758, 0.9608433734939759, 0.9509322865554465]",batch,both
FashionMNIST,small,42,10,a1,layerwise,random,baseline,4,0.2,0,0.8829,0.8717,0.3234445230484009,0.34720426075458527,188583,0.19801740195453033,188240,0.19813249727371862,0.0,0.0,0,0,0,0.3284679800271988,0.8717,0.3472042581319809,0.31346422294154763,234752,235146,"[0.904, 0.975, 0.659, 0.875, 0.87, 0.967, 0.603, 0.937, 0.972, 0.955]","[0.9101338432122371, 0.9836852207293666, 0.6866597724922441, 0.894456289978678, 0.8981206726013847, 0.9741035856573705, 0.6319921491658489, 0.930062630480167, 0.9628514056224899, 0.9509322865554465]",batch,both
FashionMNIST,small,42,10,a1,layerwise,random,baseline,4,0.2,1,0.8961,0.8894,0.28908782081604006,0.3119579518795013,188583,0.19801740195453033,188240,0.19813249727371862,0.0,0.0,0,0,0,0.33313224208541214,0.8894,0.3119579505443573,0.33137694001197815,234752,235146,"[0.839, 0.972, 0.832, 0.91, 0.806, 0.962, 0.688, 0.956, 0.97, 0.959]","[0.8489483747609943, 0.9817658349328215, 0.8366080661840745, 0.9360341151385928, 0.8328387734915925, 0.9601593625498008, 0.6997055937193327, 0.9551148225469729, 0.9598393574297188, 0.9548577036310107]",batch,both
FashionMNIST,small,42,10,a1,layerwise,random,baseline,4,0.2,3,0.8996,0.8899,0.2866409238815308,0.31054350714087486,188583,0.19801740195453033,188240,0.19813249727371862,0.0,0.0,0,0,0,0.3323684569913894,0.8899,0.3105435123801231,0.33182295598089695,234752,235146,"[0.833, 0.968, 0.788, 0.916, 0.83, 0.964, 0.713, 0.957, 0.973, 0.957]","[0.8403441682600382, 0.980806142034549, 0.7993795243019648, 0.94136460554371, 0.8585558852621167, 0.9671314741035857, 0.7281648675171737, 0.9634655532359081, 0.964859437751004, 0.9558390578999019]",batch,both
FashionMNIST,small,42,10,a1,layerwise,random,baseline,4,0.2,5,0.8996,0.8924,0.285296134853363,0.31110616685152054,188583,0.19801740195453033,188240,0.19813249727371862,0.0,0.0,0,0,0,0.3390313850250095,0.8924,0.31110616382360456,0.33083321200683713,234752,235146,"[0.854, 0.973, 0.812, 0.91, 0.813, 0.963, 0.708, 0.964, 0.97, 0.957]","[0.8546845124282982, 0.982725527831094, 0.8262668045501551, 0.9371002132196162, 0.8526211671612265, 0.9581673306772909, 0.7085377821393523, 0.965553235908142, 0.9618473895582329, 0.9528949950932286]",batch,both
FashionMNIST,small,42,10,a1,layerwise,random,baseline,4,0.3,0,0.8741,0.8629,0.3522626401901245,0.37494516946077344,165758,0.29508475585381,165440,0.2952562704471101,0.0,0.0,0,0,0,0.3104696460068226,0.8629,0.37494516887664797,0.33291019999887794,234752,235146,"[0.902, 0.968, 0.596, 0.878, 0.871, 0.977, 0.604, 0.915, 0.972, 0.946]","[0.9015296367112811, 0.9798464491362764, 0.6173733195449845, 0.8987206823027718, 0.8921859545004945, 0.9750996015936255, 0.6398429833169774, 0.9081419624217119, 0.963855421686747, 0.9558390578999019]",batch,both
FashionMNIST,small,42,10,a1,layerwise,random,baseline,4,0.3,1,0.8941,0.8893,0.29187365427017214,0.31397653735876085,165758,0.29508475585381,165440,0.2952562704471101,0.0,0.0,0,0,0,0.32790769706480205,0.8893,0.3139765349388123,0.32833730708807707,234752,235146,"[0.854, 0.969, 0.798, 0.912, 0.843, 0.959, 0.672, 0.959, 0.972, 0.955]","[0.858508604206501, 0.9788867562380038, 0.8066184074457083, 0.9349680170575693, 0.8644906033630069, 0.950199203187251, 0.6741903827281649, 0.9665970772442589, 0.963855421686747, 0.9470068694798822]",batch,both
FashionMNIST,small,42,10,a1,layerwise,random,baseline,4,0.3,3,0.896,0.8908,0.2875105637550354,0.3101493658602238,165758,0.29508475585381,165440,0.2952562704471101,0.0,0.0,0,0,0,0.30985642108134925,0.8908,0.3101493667781353,0.357476752018556,234752,235146,"[0.853, 0.975, 0.809, 0.905, 0.839, 0.961, 0.672, 0.964, 0.973, 0.957]","[0.8527724665391969, 0.9846449136276392, 0.8159255429162358, 0.9275053304904051, 0.8615232443125618, 0.9551792828685259, 0.6849852796859667, 0.9624217118997912, 0.963855421686747, 0.9548577036310107]",batch,both
FashionMNIST,small,42,10,a1,layerwise,random,baseline,4,0.3,5,0.8978,0.8896,0.28878781051635743,0.31240779299139976,165758,0.29508475585381,165440,0.2952562704471101,0.0,0.0,0,0,0,0.34132046811282635,0.8896,0.3124077968239784,0.35351697192527354,234752,235146,"[0.825, 0.974, 0.798, 0.909, 0.831, 0.963, 0.706, 0.966, 0.971, 0.953]","[0.8240917782026769, 0.9836852207293666, 0.8148914167528438, 0.9402985074626866, 0.8536102868447082, 0.9601593625498008, 0.7262021589793916, 0.9603340292275574, 0.9668674698795181, 0.9528949950932286]",batch,both
FashionMNIST,small,42,10,a1,layerwise,random,baseline,4,0.4,0,0.8677,0.8545,0.3810148873329163,0.4025139153242111,142020,0.39603480390906076,141728,0.39626499454743724,0.0,0.0,0,0,0,0.3223490579985082,0.8545,0.4025139141559601,0.32387490395922214,234752,235146,"[0.896, 0.96, 0.603, 0.877, 0.869, 0.965, 0.582, 0.853, 0.975, 0.965]","[0.9053537284894837, 0.974088291746641, 0.6225439503619442, 0.9029850746268657, 0.887240356083086, 0.9591633466135459, 0.6221786064769381, 0.8569937369519833, 0.9658634538152611, 0.9705593719332679]",batch,both
FashionMNIST,small,42,10,a1,layerwise,random,baseline,4,0.4,1,0.8914,0.886,0.2980799511909485,0.3193710302591324,142020,0.39603480390906076,141728,0.39626499454743724,0.0,0.0,0,0,0,0.33895550202578306,0.886,0.31937102664709094,0.3380948189878836,234752,235146,"[0.834, 0.97, 0.826, 0.913, 0.804, 0.954, 0.675, 0.949, 0.974, 0.961]","[0.8374760994263862, 0.9788867562380038, 0.8293691830403309, 0.9392324093816631, 0.8298714144411474, 0.9422310756972112, 0.6849852796859667, 0.954070981210856, 0.9628514056224899, 0.9607458292443573]",batch,both
FashionMNIST,small,42,10,a1,layerwise,random,baseline,4,0.4,3,0.8953,0.8883,0.29073239021301267,0.31436686807870867,142020,0.39603480390906076,141728,0.39626499454743724,0.0,0.0,0,0,0,0.32390479603782296,0.8883,0.31436686977148054,0.3296093409880996,234752,235146,"[0.844, 0.974, 0.814, 0.914, 0.819, 0.958, 0.673, 0.965, 0.971, 0.951]","[0.8422562141491395, 0.9817658349328215, 0.8190279214064116, 0.9424307036247335, 0.8526211671612265, 0.954183266932271, 0.6908734052993131, 0.9676409185803758, 0.9608433734939759, 0.9470068694798822]",batch,both
FashionMNIST,small,42,10,a1,layerwise,random,baseline,4,0.4,5,0.8964,0.888,0.28970019798278807,0.3144089274525642,142020,0.39603480390906076,141728,0.39626499454743724,0.0,0.0,0,0,0,0.33008179208263755,0.888,0.3144089294552803,0.3343864989001304,234752,235146,"[0.856, 0.971, 0.814, 0.908, 0.821, 0.958, 0.661, 0.969, 0.973, 0.949]","[0.8594646271510517, 0.9817658349328215, 0.8252326783867632, 0.9371002132196162, 0.8486646884272997, 0.954183266932271, 0.6869479882237488, 0.9718162839248434, 0.9678714859437751, 0.9362119725220804]",batch,both
FashionMNIST,small,42,10,a1,layerwise,random,baseline,4,0.5,0,0.8563,0.8417,0.4631290434837341,0.48820575041770936,118282,0.4969848519643115,118016,0.4972737186477645,0.0,0.0,0,0,0,0.3465614909073338,0.8417,0.4882057473897934,0.3360444610007107,234752,235146,"[0.895, 0.959, 0.639, 0.9, 0.733, 0.961, 0.537, 0.862, 0.975, 0.956]","[0.9110898661567878, 0.972168905950096, 0.6483971044467425, 0.9221748400852878, 0.7378832838773491, 0.9561752988047809, 0.6094210009813543, 0.8684759916492694, 0.9688755020080321, 0.9627085377821394]",batch,both
FashionMNIST,small,42,10,a1,layerwise,random,baseline,4,0.5,1,0.8916,0.886,0.301138037109375,0.3252063903927803,118282,0.4969848519643115,118016,0.4972737186477645,0.0,0.0,0,0,0,0.3244365620194003,0.886,0.32520638793706896,0.3286267309449613,234752,235146,"[0.85, 0.967, 0.806, 0.906, 0.828, 0.955, 0.661, 0.966, 0.972, 0.949]","[0.858508604206501, 0.9769673704414588, 0.8045501551189245, 0.9317697228144989, 0.857566765578635, 0.9492031872509961, 0.6722276741903828, 0.9697286012526096, 0.9578313253012049, 0.9421000981354269]",batch,both
FashionMNIST,small,42,10,a1,layerwise,random,baseline,4,0.5,3,0.8937,0.8844,0.2962886209487915,0.3221666536569595,118282,0.4969848519643115,118016,0.4972737186477645,0.0,0.0,0,0,0,0.3123986580176279,0.8844,0.3221666590452194,0.34377510100603104,234752,235146,"[0.865, 0.969, 0.831, 0.905, 0.803, 0.954, 0.631, 0.962, 0.971, 0.953]","[0.875717017208413, 0.980806142034549, 0.8448810754912099, 0.9232409381663113, 0.8456973293768546, 0.9462151394422311, 0.6535819430814525, 0.9697286012526096, 0.9558232931726908, 0.9460255152109912]",batch,both
FashionMNIST,small,42,10,a1,layerwise,random,baseline,4,0.5,5,0.8944,0.8867,0.29577714748382566,0.31941778684854505,118282,0.4969848519643115,118016,0.4972737186477645,0.0,0.0,0,0,0,0.338363672955893,0.8867,0.31941778613328936,0.3280833789613098,234752,235146,"[0.852, 0.97, 0.805, 0.918, 0.817, 0.955, 0.662, 0.969, 0.972, 0.947]","[0.8623326959847036, 0.980806142034549, 0.827300930713547, 0.9371002132196162, 0.8526211671612265, 0.9472111553784861, 0.6722276741903828, 0.9697286012526096, 0.9568273092369478, 0.943081452404318]",batch,both
FashionMNIST,small,42,10,a1,layerwise,random,baseline,4,0.7,0,0.7808,0.7715,0.6961034923553466,0.717241372680664,71719,0.6950022539188419,71504,0.6954062159214831,0.0,0.0,0,0,0,0.33259744802489877,0.7715,0.717241377067566,0.34726147004403174,234752,235146,"[0.874, 0.927, 0.455, 0.879, 0.427, 0.856, 0.708, 0.703, 0.96, 0.926]","[0.8718929254302104, 0.946257197696737, 0.46949327817993797, 0.9040511727078892, 0.4579624134520277, 0.849601593625498, 0.7360157016683022, 0.6743215031315241, 0.9447791164658634, 0.9371933267909716]",batch,both
FashionMNIST,small,42,10,a1,layerwise,random,baseline,4,0.7,1,0.8828,0.8723,0.3298228494644165,0.34823599851131437,71719,0.6950022539188419,71504,0.6954062159214831,0.0,0.0,0,0,0,0.3246514609782025,0.8723,0.34823599915504455,0.3524377850117162,234752,235146,"[0.85, 0.965, 0.83, 0.902, 0.768, 0.94, 0.602, 0.941, 0.975, 0.95]","[0.8594646271510517, 0.9788867562380038, 0.8541882109617374, 0.9328358208955224, 0.8259149357072205, 0.9332669322709163, 0.6045142296368989, 0.941544885177453, 0.9558232931726908, 0.9479882237487733]",batch,both
FashionMNIST,small,42,10,a1,layerwise,random,baseline,4,0.7,3,0.8873,0.8779,0.3142295872688293,0.33210260243415834,71719,0.6950022539188419,71504,0.6954062159214831,0.0,0.0,0,0,0,0.31542126496788114,0.8779,0.33210260453224183,0.34206427296157926,234752,235146,"[0.841, 0.967, 0.804, 0.911, 0.811, 0.944, 0.629, 0.955, 0.972, 0.945]","[0.8565965583173997, 0.9798464491362764, 0.8262668045501551, 0.9360341151385928, 0.8545994065281899, 0.9352589641434262, 0.6280667320902846, 0.9582463465553236, 0.9608433734939759, 0.943081452404318]",batch,both
FashionMNIST,small,42,10,a1,layerwise,random,baseline,4,0.7,5,0.8888,0.8795,0.30818408184051516,0.3293746221065521,71719,0.6950022539188419,71504,0.6954062159214831,0.0,0.0,0,0,0,0.328591585974209,0.8795,0.3293746255874634,0.3251887379446998,234752,235146,"[0.849, 0.967, 0.808, 0.898, 0.797, 0.932, 0.664, 0.959, 0.973, 0.948]","[0.861376673040153, 0.982725527831094, 0.8190279214064116, 0.9275053304904051, 0.8447082096933729, 0.9252988047808764, 0.6575073601570167, 0.965553235908142, 0.9618473895582329, 0.9470068694798822]",batch,both
FashionMNIST,small,42,10,a2,layerwise,random,baseline,4,0.05,0,0.889,0.8781,0.30167318983078,0.33163639307022097,233544,0.006812788650455426,233156,0.006798664122137366,0.0,0.0,0,0,0,0.33146353298798203,0.8781,0.3316363890528679,0.32705365598667413,234752,235146,"[0.899, 0.968, 0.699, 0.861, 0.883, 0.963, 0.627, 0.96, 0.972, 0.949]","[0.9063097514340345, 0.9788867562380038, 0.7238883143743536, 0.8752665245202559, 0.9099901088031652, 0.9701195219123506, 0.6633954857703631, 0.9582463465553236, 0.9568273092369478, 0.9421000981354269]",batch,both
FashionMNIST,small,42,10,a2,layerwise,random,baseline,4,0.05,1,0.8965,0.8916,0.28773485536575316,0.314525908267498,233544,0.006812788650455426,233156,0.006798664122137366,0.0,0.0,0,0,0,0.31275698298122734,0.8916,0.31452590891122817,0.3229731759056449,234752,235146,"[0.824, 0.973, 0.808, 0.917, 0.83, 0.957, 0.711, 0.964, 0.978, 0.954]","[0.8279158699808795, 0.9817658349328215, 0.8107549120992761, 0.9456289978678039, 0.8565776458951533, 0.950199203187251, 0.7134445534838076, 0.9697286012526096, 0.964859437751004, 0.9499509322865555]",batch,both
FashionMNIST,small,42,10,a2,layerwise,random,baseline,4,0.05,3,0.8986,0.8934,0.2844450180053711,0.311816167986393,233544,0.006812788650455426,233156,0.006798664122137366,0.0,0.0,0,0,0,0.32096083892975,0.8934,0.3118161643981934,0.3210178909357637,234752,235146,"[0.84, 0.974, 0.828, 0.903, 0.813, 0.965, 0.718, 0.965, 0.972, 0.956]","[0.8527724665391969, 0.982725527831094, 0.8304033092037229, 0.9264392324093816, 0.8358061325420376, 0.9571713147410359, 0.7281648675171737, 0.9613778705636743, 0.963855421686747, 0.9509322865554465]",batch,both
FashionMNIST,small,42,10,a2,layerwise,random,baseline,4,0.05,5,0.8983,0.8931,0.2843273060798645,0.3113199393630028,233544,0.006812788650455426,233156,0.006798664122137366,0.0,0.0,0,0,0,0.324991617933847,0.8931,0.311319936978817,0.3332297180313617,234752,235146,"[0.837, 0.974, 0.792, 0.905, 0.853, 0.965, 0.713, 0.955, 0.976, 0.961]","[0.8346080305927343, 0.9836852207293666, 0.8055842812823164, 0.9317697228144989, 0.8635014836795252, 0.9621513944223108, 0.719332679097154, 0.9624217118997912, 0.9678714859437751, 0.9558390578999019]",batch,both
FashionMNIST,small,42,10,a2,layerwise,random,baseline,4,0.1,0,0.8882,0.877,0.30381201496124266,0.3327507996201515,231942,0.013625577300910963,231560,0.013597328244274842,0.0,0.0,0,0,0,0.325008666026406,0.877,0.3327507990479469,0.32153994601685554,234752,235146,"[0.886, 0.97, 0.697, 0.858, 0.887, 0.967, 0.636, 0.96, 0.972, 0.937]","[0.9015296367112811, 0.9788867562380038, 0.718717683557394, 0.8699360341151386, 0.9119683481701286, 0.9711155378486056, 0.6712463199214916, 0.9592901878914405, 0.9568273092369478, 0.9371933267909716]",batch,both
FashionMNIST,small,42,10,a2,layerwise,random,baseline,4,0.1,1,0.8971,0.8918,0.28354924478530885,0.3119546275675297,231942,0.013625577300910963,231560,0.013597328244274842,0.0,0.0,0,0,0,0.32126836699899286,0.8918,0.31195463299155235,0.33223494491539896,234752,235146,"[0.842, 0.975, 0.811, 0.905, 0.832, 0.96, 0.703, 0.957, 0.976, 0.957]","[0.8518164435946463, 0.982725527831094, 0.811789038262668, 0.929637526652452, 0.8496538081107814, 0.9571713147410359, 0.7105004906771345, 0.9613778705636743, 0.964859437751004, 0.9548577036310107]",batch,both
FashionMNIST,small,42,10,a2,layerwise,random,baseline,4,0.1,3,0.9003,0.8944,0.28415506410598756,0.3116693386554718,231942,0.013625577300910963,231560,0.013597328244274842,0.0,0.0,0,0,0,0.3317236490547657,0.8944,0.31166933830976484,0.3603404980385676,234752,235146,"[0.863, 0.971, 0.83, 0.911, 0.819, 0.961, 0.694, 0.966, 0.977, 0.952]","[0.8594646271510517, 0.980806142034549, 0.8324715615305067, 0.9360341151385928, 0.8506429277942631, 0.9571713147410359, 0.7026496565260059, 0.9686847599164927, 0.9658634538152611, 0.9538763493621197]",batch,both
FashionMNIST,small,42,10,a2,layerwise,random,baseline,4,0.1,5,0.9007,0.8935,0.284962931060791,0.3122186922252178,231942,0.013625577300910963,231560,0.013597328244274842,0.0,0.0,0,0,0,0.33966374793089926,0.8935,0.31221869607567787,0.32895355904474854,234752,235146,"[0.847, 0.974, 0.83, 0.915, 0.811, 0.96, 0.698, 0.967, 0.978, 0.955]","[0.8479923518164436, 0.9846449136276392, 0.843846949327818, 0.9424307036247335, 0.8407517309594461, 0.953187250996016, 0.704612365063788, 0.9728601252609603, 0.9688755020080321, 0.9538763493621197]",batch,both
FashionMNIST,small,42,10,a2,layerwise,random,baseline,4,0.2,0,0.888,0.8753,0.31416585302352906,0.3411757553696632,228471,0.028386619376897793,228102,0.028327767175572505,0.0,0.0,0,0,0,0.3257391160586849,0.8753,0.34117575842142106,0.32487850298639387,234752,235146,"[0.874, 0.973, 0.688, 0.842, 0.892, 0.968, 0.647, 0.961, 0.975, 0.933]","[0.892925430210325, 0.9817658349328215, 0.7114788004136504, 0.8528784648187633, 0.9198813056379822, 0.9721115537848606, 0.6869479882237488, 0.9634655532359081, 0.9588353413654619, 0.9332679097154073]",batch,both
FashionMNIST,small,42,10,a2,layerwise,random,baseline,4,0.2,1,0.8981,0.8911,0.2852664179801941,0.31023361895084384,228471,0.028386619376897793,228102,0.028327767175572505,0.0,0.0,0,0,0,0.34388755809050053,0.8911,0.3102336177945137,0.32633173803333193,234752,235146,"[0.838, 0.969, 0.82, 0.915, 0.82, 0.963, 0.698, 0.962, 0.975, 0.951]","[0.8499043977055449, 0.980806142034549, 0.8262668045501551, 0.9445628997867804, 0.8397626112759644, 0.9591633466135459, 0.7105004906771345, 0.965553235908142, 0.9628514056224899, 0.9470068694798822]",batch,both
FashionMNIST,small,42,10,a2,layerwise,random,baseline,4,0.2,3,0.8999,0.8929,0.28397449989318846,0.311641826915741,228471,0.028386619376897793,228102,0.028327767175572505,0.0,0.0,0,0,0,0.3269610720453784,0.8929,0.3116418250799179,0.3318518130108714,234752,235146,"[0.856, 0.976, 0.827, 0.901, 0.833, 0.96, 0.68, 0.968, 0.975, 0.953]","[0.8652007648183556, 0.9846449136276392, 0.8324715615305067, 0.9264392324093816, 0.8526211671612265, 0.9621513944223108, 0.6938174681059862, 0.9686847599164927, 0.9668674698795181, 0.9499509322865555]",batch,both
FashionMNIST,small,42,10,a2,layerwise,random,baseline,4,0.2,5,0.8995,0.8926,0.2844638897895813,0.31190709971785546,228471,0.028386619376897793,228102,0.028327767175572505,0.0,0.0,0,0,0,0.31903494091238827,0.8926,0.311907092243433,0.3624637429602444,234752,235146,"[0.833, 0.971, 0.826, 0.914, 0.841, 0.964, 0.686, 0.967, 0.973, 0.951]","[0.8365200764818356, 0.980806142034549, 0.8366080661840745, 0.9445628997867804, 0.8545994065281899, 0.9581673306772909, 0.7075564278704612, 0.9665970772442589, 0.964859437751004, 0.9509322865554465]",batch,both
FashionMNIST,small,42,10,a2,layerwise,random,baseline,4,0.3,0,0.8855,0.8743,0.3257639720916748,0.35105998854637144,225000,0.04314766145288462,224644,0.04305820610687028,0.0,0.0,0,0,0,0.33561495295725763,0.8743,0.3510599839568138,0.3455123919993639,234752,235146,"[0.881, 0.973, 0.692, 0.844, 0.87, 0.971, 0.644, 0.962, 0.974, 0.932]","[0.8977055449330784, 0.9798464491362764, 0.7166494312306101, 0.8454157782515992, 0.904055390702275, 0.9741035856573705, 0.6751717369970559, 0.965553235908142, 0.9578313253012049, 0.9322865554465162]",batch,both
FashionMNIST,small,42,10,a2,layerwise,random,baseline,4,0.3,1,0.8979,0.8907,0.28313319816589355,0.3096172455608845,225000,0.04314766145288462,224644,0.04305820610687028,0.0,0.0,0,0,0,0.3163314899429679,0.8907,0.3096172518312931,0.31398118403740227,234752,235146,"[0.838, 0.977, 0.832, 0.898, 0.818, 0.963, 0.695, 0.951, 0.978, 0.957]","[0.8499043977055449, 0.9836852207293666, 0.8324715615305067, 0.929637526652452, 0.8417408506429278, 0.9581673306772909, 0.7124631992149166, 0.954070981210856, 0.9668674698795181, 0.9538763493621197]",batch,both
FashionMNIST,small,42,10,a2,layerwise,random,baseline,4,0.3,3,0.8998,0.8927,0.28203863191604617,0.30823555815815923,225000,0.04314766145288462,224644,0.04305820610687028,0.0,0.0,0,0,0,0.3194671900710091,0.8927,0.30823555683493614,0.3169931109296158,234752,235146,"[0.854, 0.976, 0.838, 0.905, 0.82, 0.964, 0.687, 0.969, 0.975, 0.939]","[0.8537284894837476, 0.9846449136276392, 0.8479834539813857, 0.9381663113006397, 0.8427299703264095, 0.9611553784860558, 0.6947988223748773, 0.9739039665970772, 0.9668674698795181, 0.9401373895976447]",batch,both
FashionMNIST,small,42,10,a2,layerwise,random,baseline,4,0.3,5,0.9011,0.8946,0.2811259614944458,0.3067991101980209,225000,0.04314766145288462,224644,0.04305820610687028,0.0,0.0,0,0,0,0.3224664010340348,0.8946,0.3067991156578064,0.34274838399142027,234752,235146,"[0.861, 0.975, 0.819, 0.911, 0.822, 0.962, 0.703, 0.957, 0.975, 0.961]","[0.8661567877629063, 0.9836852207293666, 0.8304033092037229, 0.9371002132196162, 0.8437190900098912, 0.9661354581673307, 0.6997055937193327, 0.9624217118997912, 0.9698795180722891, 0.9558390578999019]",batch,both
FashionMNIST,small,42,10,a2,layerwise,random,baseline,4,0.4,0,0.8856,0.8752,0.3546557286262512,0.3750901201725006,221529,0.05790870352887145,221186,0.05778864503816794,0.0,0.0,0,0,0,0.3470338019542396,0.8752,0.37509012129306796,0.37001492199487984,234752,235146,"[0.865, 0.973, 0.702, 0.851, 0.886, 0.969, 0.651, 0.968, 0.973, 0.914]","[0.8747609942638623, 0.980806142034549, 0.7249224405377456, 0.8571428571428571, 0.9099901088031652, 0.9770916334661355, 0.6790971540726202, 0.9676409185803758, 0.9598393574297188, 0.9205103042198234]",batch,both
FashionMNIST,small,42,10,a2,layerwise,random,baseline,4,0.4,1,0.8963,0.887,0.2875443223953247,0.3103384187579155,221529,0.05790870352887145,221186,0.05778864503816794,0.0,0.0,0,0,0,0.31405093206558377,0.887,0.31033841881752017,0.31662756099831313,234752,235146,"[0.82, 0.965, 0.813, 0.912, 0.824, 0.951, 0.695, 0.955, 0.975, 0.96]","[0.8326959847036329, 0.9779270633397313, 0.8169596690796277, 0.9509594882729211, 0.8417408506429278, 0.9432270916334662, 0.7203140333660452, 0.9634655532359081, 0.963855421686747, 0.957801766437684]",batch,both
FashionMNIST,small,42,10,a2,layerwise,random,baseline,4,0.4,3,0.8986,0.892,0.28270285596847533,0.30787436084747316,221529,0.05790870352887145,221186,0.05778864503816794,0.0,0.0,0,0,0,0.33431134501006454,0.892,0.307874359858036,0.32675751205533743,234752,235146,"[0.863, 0.975, 0.829, 0.905, 0.828, 0.96, 0.667, 0.964, 0.977, 0.952]","[0.861376673040153, 0.9817658349328215, 0.8407445708376422, 0.9402985074626866, 0.8456973293768546, 0.9551792828685259, 0.6810598626104023, 0.9686847599164927, 0.964859437751004, 0.9519136408243376]",batch,both
FashionMNIST,small,42,10,a2,layerwise,random,baseline,4,0.4,5,0.8997,0.892,0.2820568897247314,0.30691194319725035,221529,0.05790870352887145,221186,0.05778864503816794,0.0,0.0,0,0,0,0.32431869907304645,0.892,0.30691193747520445,0.3335370779968798,234752,235146,"[0.867, 0.972, 0.809, 0.904, 0.84, 0.962, 0.67, 0.961, 0.976, 0.959]","[0.8680688336520076, 0.9836852207293666, 0.827300930713547, 0.9328358208955224, 0.8615232443125618, 0.9611553784860558, 0.6869479882237488, 0.964509394572025, 0.9628514056224899, 0.9519136408243376]",batch,both
FashionMNIST,small,42,10,a2,layerwise,random,baseline,4,0.5,0,0.8809,0.8689,0.3934554777145386,0.4140243396282196,218058,0.07266974560485828,217728,0.0725190839694656,0.0,0.0,0,0,0,0.312596787000075,0.8689,0.4140243388414383,0.347891484037973,234752,235146,"[0.843, 0.973, 0.676, 0.84, 0.888, 0.968, 0.643, 0.972, 0.971, 0.915]","[0.8709369024856597, 0.9817658349328215, 0.703205791106515, 0.8486140724946695, 0.9050445103857567, 0.9661354581673307, 0.6781157998037292, 0.9697286012526096, 0.9608433734939759, 0.9195289499509323]",batch,both
FashionMNIST,small,42,10,a2,layerwise,random,baseline,4,0.5,1,0.8959,0.8879,0.28902859954833987,0.31269028673171995,218058,0.07266974560485828,217728,0.0725190839694656,0.0,0.0,0,0,0,0.33424203901086,0.8879,0.3126902850270271,0.31455575802829117,234752,235146,"[0.833, 0.97, 0.802, 0.903, 0.835, 0.958, 0.691, 0.962, 0.976, 0.949]","[0.8527724665391969, 0.9788867562380038, 0.8169596690796277, 0.9264392324093816, 0.8506429277942631, 0.952191235059761, 0.7055937193326791, 0.9634655532359081, 0.964859437751004, 0.9509322865554465]",batch,both
FashionMNIST,small,42,10,a2,layerwise,random,baseline,4,0.5,3,0.8976,0.8907,0.28613346967697145,0.31023383631706236,218058,0.07266974560485828,217728,0.0725190839694656,0.0,0.0,0,0,0,0.32748689502477646,0.8907,0.3102338374972343,0.3329964110162109,234752,235146,"[0.858, 0.973, 0.788, 0.904, 0.857, 0.962, 0.672, 0.965, 0.977, 0.951]","[0.8623326959847036, 0.9817658349328215, 0.8086866597724922, 0.9275053304904051, 0.8664688427299704, 0.9591633466135459, 0.6908734052993131, 0.965553235908142, 0.9678714859437751, 0.9489695780176644]",batch,both
FashionMNIST,small,42,10,a2,layerwise,random,baseline,4,0.5,5,0.8997,0.8931,0.2829720219612122,0.3071235768914223,218058,0.07266974560485828,217728,0.0725190839694656,0.0,0.0,0,0,0,0.321729946997948,0.8931,0.30712358199357986,0.323582154000178,234752,235146,"[0.857, 0.973, 0.826, 0.902, 0.828, 0.964, 0.688, 0.967, 0.976, 0.95]","[0.8690248565965584, 0.982725527831094, 0.8397104446742503, 0.9317697228144989, 0.8496538081107814, 0.9571713147410359, 0.6918547595682041, 0.965553235908142, 0.9668674698795181, 0.9470068694798822]",batch,both
FashionMNIST,small,42,10,a2,layerwise,random,baseline,4,0.7,0,0.8753,0.8658,0.5998921030044556,0.6170903569221496,211383,0.10105636498175596,211078,0.10084685114503822,0.0,0.0,0,0,0,0.3165353959193453,0.8658,0.6170903573036194,0.3291364749893546,234752,235146,"[0.822, 0.957, 0.734, 0.786, 0.858, 0.966, 0.69, 0.969, 0.962, 0.914]","[0.8346080305927343, 0.9712092130518234, 0.749741468459152, 0.7931769722814499, 0.8882294757665677, 0.9601593625498008, 0.7124631992149166, 0.9697286012526096, 0.9558232931726908, 0.9126594700686947]",batch,both
FashionMNIST,small,42,10,a2,layerwise,random,baseline,4,0.7,1,0.8923,0.8848,0.30081278381347654,0.3233428047299385,211383,0.10105636498175596,211078,0.10084685114503822,0.0,0.0,0,0,0,0.34765867004171014,0.8848,0.32334280836582185,0.3814129959791899,234752,235146,"[0.842, 0.964, 0.816, 0.905, 0.8, 0.952, 0.681, 0.972, 0.974, 0.942]","[0.8565965583173997, 0.9769673704414588, 0.8262668045501551, 0.9285714285714286, 0.8229475766567754, 0.9472111553784861, 0.6967615309126595, 0.9749478079331941, 0.963855421686747, 0.9342492639842983]",batch,both
FashionMNIST,small,42,10,a2,layerwise,random,baseline,4,0.7,3,0.8964,0.8881,0.289518354511261,0.31189895359277725,211383,0.10105636498175596,211078,0.10084685114503822,0.0,0.0,0,0,0,0.3866747940191999,0.8881,0.31189895247220994,0.32537588593550026,234752,235146,"[0.859, 0.967, 0.798, 0.906, 0.813, 0.956, 0.694, 0.964, 0.975, 0.949]","[0.869980879541109, 0.9788867562380038, 0.8148914167528438, 0.9371002132196162, 0.837784371909001, 0.954183266932271, 0.7016683022571149, 0.9676409185803758, 0.9618473895582329, 0.9440628066732091]",batch,both
FashionMNIST,small,42,10,a2,layerwise,random,baseline,4,0.7,5,0.8948,0.8887,0.28850374584197996,0.31002074501514437,211383,0.10105636498175596,211078,0.10084685114503822,0.0,0.0,0,0,0,0.3237903290428221,0.8887,0.31002074919939043,0.34901925700251013,234752,235146,"[0.856, 0.97, 0.822, 0.908, 0.806, 0.961, 0.674, 0.967, 0.974, 0.949]","[0.8680688336520076, 0.9788867562380038, 0.827300930713547, 0.9360341151385928, 0.8328387734915925, 0.951195219123506, 0.6859666339548577, 0.9624217118997912, 0.9628514056224899, 0.9470068694798822]",batch,both
FashionMNIST,small,42,10,all,all,output_weight_norm,baseline,,0.05,0,0.8893,0.8792,0.3034668242454529,0.3318955390095711,222660,0.05309892577377462,222284,0.05311136859323884,0.2807233890052885,21.6025390625,16,0,2048,0.3227171349572018,0.8792,0.3318955370903015,0.33657236699946225,234752,235146,"[0.906, 0.969, 0.711, 0.866, 0.869, 0.961, 0.636, 0.955, 0.966, 0.953]","[0.9101338432122371, 0.980806142034549, 0.7373319544984488, 0.8827292110874201, 0.8991097922848664, 0.9611553784860558, 0.6643768400392541, 0.9582463465553236, 0.9477911646586346, 0.9470068694798822]",batch,both
FashionMNIST,small,42,10,all,all,output_weight_norm,baseline,,0.05,1,0.8971,0.8925,0.2866129011154175,0.3104189850330353,222660,0.05309892577377462,222284,0.05311136859323884,0.2807233890052885,21.6025390625,16,0,2048,0.3356387820094824,0.8925,0.3104189851403236,0.333216424100101,234752,235146,"[0.853, 0.972, 0.83, 0.917, 0.823, 0.962, 0.68, 0.965, 0.974, 0.949]","[0.8575525812619503, 0.9817658349328215, 0.828335056876939, 0.9456289978678039, 0.8447082096933729, 0.9591633466135459, 0.6869479882237488, 0.964509394572025, 0.9598393574297188, 0.9479882237487733]",batch,both
FashionMNIST,small,42,10,all,all,output_weight_norm,baseline,,0.05,3,0.8986,0.8931,0.28378876037597656,0.31205840513706207,222660,0.05309892577377462,222284,0.05311136859323884,0.2807233890052885,21.6025390625,16,0,2048,0.3334037739550695,0.8931,0.3120584093272686,0.33341903996188194,234752,235146,"[0.835, 0.974, 0.832, 0.904, 0.816, 0.964, 0.718, 0.96, 0.974, 0.954]","[0.8346080305927343, 0.9846449136276392, 0.8428128231644261, 0.9285714285714286, 0.8417408506429278, 0.9661354581673307, 0.718351324828263, 0.9592901878914405, 0.9628514056224899, 0.9519136408243376]",batch,both
FashionMNIST,small,42,10,all,all,output_weight_norm,baseline,,0.05,5,0.8986,0.8941,0.28350375623703,0.3107488873362541,222660,0.05309892577377462,222284,0.05311136859323884,0.2807233890052885,21.6025390625,16,0,2048,0.3172944530379027,0.8941,0.31074888583421706,0.32136529695708305,234752,235146,"[0.869, 0.978, 0.82, 0.905, 0.82, 0.962, 0.689, 0.966, 0.972, 0.96]","[0.869980879541109, 0.9865642994241842, 0.828335056876939, 0.9317697228144989, 0.8427299703264095, 0.9591633466135459, 0.6928361138370952, 0.9634655532359081, 0.963855421686747, 0.9509322865554465]",batch,both
FashionMNIST,small,42,10,all,all,output_weight_norm,baseline,,0.1,0,0.8878,0.8761,0.30701441526412965,0.33578820284605027,209417,0.10941712808212767,209060,0.10944315703380592,0.2807233890052885,21.6025390625,16,0,2048,0.31433901097625494,0.8761,0.33578820414543153,0.33922211499884725,234752,235146,"[0.905, 0.97, 0.707, 0.854, 0.865, 0.966, 0.637, 0.954, 0.951, 0.952]","[0.9120458891013384, 0.982725527831094, 0.7311271975180972, 0.8699360341151386, 0.8951533135509396, 0.9701195219123506, 0.6653581943081452, 0.9572025052192067, 0.9427710843373494, 0.9460255152109912]",batch,both
FashionMNIST,small,42,10,all,all,output_weight_norm,baseline,,0.1,1,0.8967,0.8933,0.2840954394340515,0.3110892425835133,209417,0.10941712808212767,209060,0.10944315703380592,0.2807233890052885,21.6025390625,16,0,2048,0.32175160001497716,0.8933,0.3110892438352108,0.3215454190503806,234752,235146,"[0.844, 0.973, 0.803, 0.907, 0.849, 0.964, 0.7, 0.957, 0.975, 0.961]","[0.847036328871893, 0.9817658349328215, 0.8066184074457083, 0.9253731343283582, 0.8684470820969338, 0.9611553784860558, 0.7065750736015701, 0.9582463465553236, 0.9608433734939759, 0.9538763493621197]",batch,both
FashionMNIST,small,42,10,all,all,output_weight_norm,baseline,,0.1,3,0.8985,0.8925,0.28376005840301516,0.3118537148118019,209417,0.10941712808212767,209060,0.10944315703380592,0.2807233890052885,21.6025390625,16,0,2048,0.32218354498036206,0.8925,0.31185371556282043,0.3541131969541311,234752,235146,"[0.848, 0.974, 0.814, 0.902, 0.805, 0.963, 0.724, 0.964, 0.975, 0.956]","[0.8499043977055449, 0.9856046065259118, 0.8200620475698035, 0.9275053304904051, 0.8338278931750742, 0.9601593625498008, 0.732090284592738, 0.9697286012526096, 0.9598393574297188, 0.9499509322865555]",batch,both
FashionMNIST,small,42,10,all,all,output_weight_norm,baseline,,0.1,5,0.8986,0.8946,0.2861874143600464,0.31122637684345245,209417,0.10941712808212767,209060,0.10944315703380592,0.2807233890052885,21.6025390625,16,0,2048,0.322568068979308,0.8946,0.31122637569904327,0.33149071608204395,234752,235146,"[0.857, 0.972, 0.822, 0.91, 0.834, 0.962, 0.695, 0.97, 0.974, 0.95]","[0.8565965583173997, 0.9817658349328215, 0.8304033092037229, 0.9349680170575693, 0.8536102868447082, 0.952191235059761, 0.6977428851815506, 0.9707724425887265, 0.9628514056224899, 0.9499509322865555]",batch,both
FashionMNIST,small,42,10,all,all,output_weight_norm,baseline,,0.2,0,0.8886,0.8729,0.32924243903160094,0.352955984723568,183183,0.2209818580796612,182865,0.22102900081788446,0.2807233890052885,21.6025390625,16,0,2048,0.3177209539571777,0.8729,0.3529559858441353,0.3203212230000645,234752,235146,"[0.908, 0.973, 0.725, 0.881, 0.839, 0.973, 0.594, 0.951, 0.948, 0.937]","[0.9168260038240917, 0.9865642994241842, 0.7569803516028956, 0.9008528784648188, 0.8704253214638972, 0.9810756972111554, 0.6467124631992149, 0.9488517745302714, 0.9417670682730924, 0.9332679097154073]",batch,both
FashionMNIST,small,42,10,all,all,output_weight_norm,baseline,,0.2,1,0.896,0.8892,0.2857467853546143,0.30961038305163385,183183,0.2209818580796612,182865,0.22102900081788446,0.2807233890052885,21.6025390625,16,0,2048,0.33032320300117135,0.8892,0.30961038459539414,0.3306399480206892,234752,235146,"[0.836, 0.969, 0.815, 0.905, 0.836, 0.958, 0.681, 0.956, 0.976, 0.96]","[0.8527724665391969, 0.980806142034549, 0.8231644260599793, 0.9243070362473348, 0.8565776458951533, 0.953187250996016, 0.6918547595682041, 0.9624217118997912, 0.964859437751004, 0.9538763493621197]",batch,both
FashionMNIST,small,42,10,all,all,output_weight_norm,baseline,,0.2,3,0.8974,0.8907,0.2843385273933411,0.30893408610224726,183183,0.2209818580796612,182865,0.22102900081788446,0.2807233890052885,21.6025390625,16,0,2048,0.3273702220758423,0.8907,0.30893408542871476,0.34002096706535667,234752,235146,"[0.861, 0.974, 0.793, 0.89, 0.837, 0.962, 0.694, 0.966, 0.975, 0.955]","[0.8690248565965584, 0.9846449136276392, 0.811789038262668, 0.920042643923241, 0.8605341246290801, 0.954183266932271, 0.6987242394504416, 0.964509394572025, 0.9608433734939759, 0.9519136408243376]",batch,both
FashionMNIST,small,42,10,all,all,output_weight_norm,baseline,,0.2,5,0.8986,0.892,0.2829704585075378,0.31072834342718125,183183,0.2209818580796612,182865,0.22102900081788446,0.2807233890052885,21.6025390625,16,0,2048,0.3141385780181736,0.892,0.3107283441543579,0.3269674340263009,234752,235146,"[0.832, 0.975, 0.809, 0.911, 0.832, 0.962, 0.704, 0.967, 0.974, 0.954]","[0.8422562141491395, 0.9846449136276392, 0.8210961737331954, 0.9349680170575693, 0.8526211671612265, 0.9591633466135459, 0.7114818449460255, 0.9686847599164927, 0.964859437751004, 0.9509322865554465]",batch,both
FashionMNIST,small,42,10,all,all,output_weight_norm,baseline,,0.3,0,0.8749,0.8621,0.4079408490180969,0.4345736526250839,158500,0.32595068595680976,158220,0.3260121319520175,0.2807233890052885,21.6025390625,16,0,2048,0.34621041698846966,0.8621,0.43457365572452544,0.3369836260098964,234752,235146,"[0.928, 0.983, 0.69, 0.864, 0.775, 0.972, 0.602, 0.969, 0.948, 0.89]","[0.9330783938814532, 0.9884836852207294, 0.7269906928645294, 0.8827292110874201, 0.798219584569733, 0.9780876494023905, 0.6329735034347399, 0.9613778705636743, 0.9417670682730924, 0.9018645731108931]",batch,both
FashionMNIST,small,42,10,all,all,output_weight_norm,baseline,,0.3,1,0.8949,0.8886,0.289986243724823,0.31341853477358816,158500,0.32595068595680976,158220,0.3260121319520175,0.2807233890052885,21.6025390625,16,0,2048,0.31540934403892606,0.8886,0.31341853014826776,0.32448060100432485,234752,235146,"[0.842, 0.975, 0.801, 0.909, 0.829, 0.962, 0.686, 0.952, 0.974, 0.956]","[0.8479923518164436, 0.982725527831094, 0.8055842812823164, 0.9360341151385928, 0.8585558852621167, 0.9601593625498008, 0.6918547595682041, 0.9624217118997912, 0.9598393574297188, 0.9479882237487733]",batch,both
FashionMNIST,small,42,10,all,all,output_weight_norm,baseline,,0.3,3,0.8966,0.8906,0.2872195261001587,0.31118206887245176,158500,0.32595068595680976,158220,0.3260121319520175,0.2807233890052885,21.6025390625,16,0,2048,0.32346697500906885,0.8906,0.31118207087516786,0.3228312219725922,234752,235146,"[0.841, 0.97, 0.816, 0.912, 0.817, 0.96, 0.698, 0.967, 0.977, 0.948]","[0.8537284894837476, 0.982725527831094, 0.8262668045501551, 0.9424307036247335, 0.8417408506429278, 0.9581673306772909, 0.6869479882237488, 0.9718162839248434, 0.9628514056224899, 0.9450441609421001]",batch,both
FashionMNIST,small,42,10,all,all,output_weight_norm,baseline,,0.3,5,0.8967,0.8924,0.28662536306381226,0.3118726409494877,158500,0.32595068595680976,158220,0.3260121319520175,0.2807233890052885,21.6025390625,16,0,2048,0.34195992292370647,0.8924,0.3118726415514946,0.3209138959646225,234752,235146,"[0.839, 0.975, 0.808, 0.901, 0.842, 0.964, 0.697, 0.966, 0.977, 0.955]","[0.8384321223709369, 0.9836852207293666, 0.8221302998965874, 0.929637526652452, 0.8615232443125618, 0.9551792828685259, 0.7026496565260059, 0.9665970772442589, 0.9618473895582329, 0.9499509322865555]",batch,both
FashionMNIST,small,42,10,all,all,output_weight_norm,baseline,,0.4,0,0.8596,0.8436,0.5242096939086914,0.5503110562801361,133605,0.43182108137072284,133364,0.4318940839694656,0.2807233890052885,21.6025390625,16,0,2048,0.3184036100283265,0.8436,0.5503110399007797,0.32520374993328005,234752,235146,"[0.907, 0.987, 0.633, 0.834, 0.743, 0.976, 0.628, 0.955, 0.916, 0.857]","[0.9216061185468452, 0.991362763915547, 0.6608066184074457, 0.8710021321961621, 0.7665677546983185, 0.9840637450199203, 0.662414131501472, 0.954070981210856, 0.9036144578313253, 0.8743866535819431]",batch,both
FashionMNIST,small,42,10,all,all,output_weight_norm,baseline,,0.4,1,0.8914,0.8867,0.2993106431007385,0.32020267910957334,133605,0.43182108137072284,133364,0.4318940839694656,0.2807233890052885,21.6025390625,16,0,2048,0.32266030204482377,0.8867,0.3202026804447174,0.3246097700903192,234752,235146,"[0.86, 0.97, 0.812, 0.909, 0.821, 0.96, 0.656, 0.953, 0.972, 0.954]","[0.8652007648183556, 0.980806142034549, 0.8159255429162358, 0.9392324093816631, 0.8447082096933729, 0.950199203187251, 0.6545632973503435, 0.9624217118997912, 0.9588353413654619, 0.9470068694798822]",batch,both
FashionMNIST,small,42,10,all,all,output_weight_norm,baseline,,0.4,3,0.8951,0.8907,0.2894295920372009,0.3137619291603565,133605,0.43182108137072284,133364,0.4318940839694656,0.2807233890052885,21.6025390625,16,0,2048,0.3163555630017072,0.8907,0.31376192793250085,0.33489169005770236,234752,235146,"[0.837, 0.971, 0.814, 0.912, 0.814, 0.967, 0.709, 0.957, 0.974, 0.952]","[0.8422562141491395, 0.982725527831094, 0.8179937952430196, 0.9339019189765458, 0.8407517309594461, 0.9631474103585658, 0.7085377821393523, 0.9624217118997912, 0.9588353413654619, 0.9450441609421001]",batch,both
FashionMNIST,small,42,10,all,all,output_weight_norm,baseline,,0.4,5,0.8957,0.8904,0.2900890089035034,0.31522083340883256,133605,0.43182108137072284,133364,0.4318940839694656,0.2807233890052885,21.6025390625,16,0,2048,0.3153174240142107,0.8904,0.31522083145976065,0.34002034401055425,234752,235146,"[0.823, 0.971, 0.82, 0.913, 0.83, 0.964, 0.693, 0.955, 0.977, 0.958]","[0.8221797323135756, 0.982725527831094, 0.8335056876938987, 0.9381663113006397, 0.8496538081107814, 0.9561752988047809, 0.7026496565260059, 0.9624217118997912, 0.9608433734939759, 0.9548577036310107]",batch,both
FashionMNIST,small,42,10,all,all,output_weight_norm,baseline,,0.5,0,0.8222,0.8079,0.7124705922126771,0.7335640779018402,109386,0.5348166670919343,109184,0.534896401308615,0.2807233890052885,21.6025390625,16,0,2048,0.33848281600512564,0.8079,0.7335640870094299,0.3231322329957038,234752,235146,"[0.842, 0.981, 0.352, 0.857, 0.663, 0.976, 0.658, 0.95, 0.922, 0.878]","[0.8594646271510517, 0.9846449136276392, 0.3485005170630817, 0.8837953091684435, 0.7032640949554896, 0.9830677290836654, 0.6928361138370952, 0.94258872651357, 0.9166666666666666, 0.8940137389597644]",batch,both
FashionMNIST,small,42,10,all,all,output_weight_norm,baseline,,0.5,1,0.8859,0.882,0.317283948802948,0.3379894745707512,109386,0.5348166670919343,109184,0.534896401308615,0.2807233890052885,21.6025390625,16,0,2048,0.33315373805817217,0.882,0.3379894686818123,0.32973207195755094,234752,235146,"[0.866, 0.97, 0.799, 0.909, 0.8, 0.955, 0.638, 0.964, 0.972, 0.947]","[0.8738049713193117, 0.9798464491362764, 0.8221302998965874, 0.9434968017057569, 0.8130563798219584, 0.9492031872509961, 0.619234543670265, 0.9686847599164927, 0.9568273092369478, 0.9391560353287537]",batch,both
FashionMNIST,small,42,10,all,all,output_weight_norm,baseline,,0.5,3,0.892,0.886,0.29672113904953,0.321579125726223,109386,0.5348166670919343,109184,0.534896401308615,0.2807233890052885,21.6025390625,16,0,2048,0.3314662859775126,0.886,0.3215791283965111,0.33891892002429813,234752,235146,"[0.85, 0.971, 0.813, 0.901, 0.812, 0.958, 0.665, 0.961, 0.975, 0.954]","[0.8594646271510517, 0.980806142034549, 0.828335056876939, 0.9264392324093816, 0.8348170128585559, 0.9492031872509961, 0.6702649656526006, 0.9676409185803758, 0.9618473895582329, 0.9460255152109912]",batch,both
FashionMNIST,small,42,10,all,all,output_weight_norm,baseline,,0.5,5,0.8935,0.8864,0.291397465133667,0.31817281166911127,109386,0.5348166670919343,109184,0.534896401308615,0.2807233890052885,21.6025390625,16,0,2048,0.318474035942927,0.8864,0.31817281243801115,0.33145374699961394,234752,235146,"[0.843, 0.971, 0.808, 0.903, 0.811, 0.963, 0.682, 0.955, 0.974, 0.954]","[0.8451242829827916, 0.9788867562380038, 0.8304033092037229, 0.9317697228144989, 0.8387734915924827, 0.9631474103585658, 0.6830225711481845, 0.965553235908142, 0.9558232931726908, 0.9479882237487733]",batch,both
FashionMNIST,small,42,10,all,all,output_weight_norm,baseline,,0.7,0,0.7416,0.7243,1.2833531763076782,1.29326171875,63887,0.728309220654402,63761,0.7283899604689203,0.2807233890052885,21.6025390625,16,0,2048,0.32579992490354925,0.7243,1.293261717414856,0.34263352293055505,234752,235146,"[0.573, 0.966, 0.719, 0.7, 0.561, 0.915, 0.76, 0.871, 0.551, 0.627]","[0.6185468451242829, 0.9702495201535508, 0.750775594622544, 0.7292110874200426, 0.5954500494559841, 0.9272908366533864, 0.7566241413150148, 0.8674321503131524, 0.5542168674698795, 0.6486751717369971]",batch,both
FashionMNIST,small,42,10,all,all,output_weight_norm,baseline,,0.7,1,0.8572,0.8509,0.4263106155395508,0.4371542232275009,63887,0.728309220654402,63761,0.7283899604689203,0.2807233890052885,21.6025390625,16,0,2048,0.32293703698087484,0.8509,0.4371542213201523,0.32615533703938127,234752,235146,"[0.853, 0.965, 0.731, 0.901, 0.775, 0.929, 0.505, 0.941, 0.96, 0.949]","[0.864244741873805, 0.9750479846449136, 0.7538779731127198, 0.9402985074626866, 0.7833827893175074, 0.9153386454183267, 0.5132482826300294, 0.9488517745302714, 0.9477911646586346, 0.9362119725220804]",batch,both
FashionMNIST,small,42,10,all,all,output_weight_norm,baseline,,0.7,3,0.8746,0.8663,0.3549802716255188,0.3741119036078453,63887,0.728309220654402,63761,0.7283899604689203,0.2807233890052885,21.6025390625,16,0,2048,0.32469418307300657,0.8663,0.37411190363168717,0.32007430703379214,234752,235146,"[0.841, 0.971, 0.738, 0.899, 0.782, 0.948, 0.618, 0.954, 0.963, 0.949]","[0.8623326959847036, 0.9769673704414588, 0.7714581178903827, 0.9360341151385928, 0.8130563798219584, 0.9342629482071713, 0.6084396467124632, 0.9572025052192067, 0.9528112449799196, 0.9381746810598626]",batch,both
FashionMNIST,small,42,10,all,all,output_weight_norm,baseline,,0.7,5,0.8813,0.8714,0.3340027275085449,0.3568284288644791,63887,0.728309220654402,63761,0.7283899604689203,0.2807233890052885,21.6025390625,16,0,2048,0.32429449004121125,0.8714,0.3568284336924553,0.31581642001401633,234752,235146,"[0.854, 0.971, 0.772, 0.892, 0.803, 0.953, 0.599, 0.962, 0.966, 0.942]","[0.8671128107074569, 0.9760076775431862, 0.8148914167528438, 0.9349680170575693, 0.8318496538081108, 0.9432270916334662, 0.5986261040235525, 0.9634655532359081, 0.9568273092369478, 0.9322865554465162]",batch,both
FashionMNIST,small,42,10,a1,layerwise,output_weight_norm,baseline,,0.05,0,0.8891,0.8772,0.3030755880355835,0.3326911368727684,224190,0.04659232987165418,223808,0.04661941112322787,0.2807233890052885,21.6025390625,16,0,2048,0.3267132049659267,0.8772,0.3326911359429359,0.3417533290339634,234752,235146,"[0.905, 0.968, 0.709, 0.865, 0.876, 0.961, 0.612, 0.956, 0.967, 0.953]","[0.9082217973231358, 0.9798464491362764, 0.7352637021716649, 0.8848614072494669, 0.9070227497527201, 0.9621513944223108, 0.6526005888125613, 0.9592901878914405, 0.9508032128514057, 0.9470068694798822]",batch,both
FashionMNIST,small,42,10,a1,layerwise,output_weight_norm,baseline,,0.05,1,0.8973,0.8923,0.2877945155143738,0.3118952335655689,224190,0.04659232987165418,223808,0.04661941112322787,0.2807233890052885,21.6025390625,16,0,2048,0.32524308597203344,0.8923,0.31189523216485976,0.3220254579791799,234752,235146,"[0.846, 0.973, 0.825, 0.91, 0.811, 0.959, 0.702, 0.97, 0.975, 0.952]","[0.8565965583173997, 0.9798464491362764, 0.8355739400206825, 0.94136460554371, 0.8367952522255193, 0.952191235059761, 0.6977428851815506, 0.9665970772442589, 0.9608433734939759, 0.9509322865554465]",batch,both
FashionMNIST,small,42,10,a1,layerwise,output_weight_norm,baseline,,0.05,3,0.8994,0.8924,0.28531444711685183,0.31235571583509447,224190,0.04659232987165418,223808,0.04661941112322787,0.2807233890052885,21.6025390625,16,0,2048,0.31979164108633995,0.8924,0.3123557193040848,0.3184386449865997,234752,235146,"[0.86, 0.975, 0.828, 0.9, 0.832, 0.959, 0.672, 0.964, 0.975, 0.959]","[0.8690248565965584, 0.9846449136276392, 0.8417786970010341, 0.9211087420042644, 0.8555885262116716, 0.9571713147410359, 0.6869479882237488, 0.9634655532359081, 0.963855421686747, 0.9538763493621197]",batch,both
FashionMNIST,small,42,10,a1,layerwise,output_weight_norm,baseline,,0.05,5,0.9001,0.8943,0.2863276611328125,0.3126595445275307,224190,0.04659232987165418,223808,0.04661941112322787,0.2807233890052885,21.6025390625,16,0,2048,0.31667865393683314,0.8943,0.3126595442533493,0.32227470609359443,234752,235146,"[0.847, 0.974, 0.809, 0.909, 0.852, 0.969, 0.689, 0.963, 0.973, 0.958]","[0.8508604206500956, 0.9846449136276392, 0.8293691830403309, 0.929637526652452, 0.8714144411473789, 0.9671314741035857, 0.6938174681059862, 0.9582463465553236, 0.9658634538152611, 0.9538763493621197]",batch,both
FashionMNIST,small,42,10,a1,layerwise,output_weight_norm,baseline,,0.1,0,0.8881,0.8769,0.3046040670394897,0.33399670201539994,212321,0.09706735389927956,211952,0.09712377317339149,0.2807233890052885,21.6025390625,16,0,2048,0.3202207140857354,0.8769,0.33399670124053954,0.3246601460268721,234752,235146,"[0.906, 0.966, 0.701, 0.864, 0.874, 0.965, 0.623, 0.953, 0.964, 0.953]","[0.9110898661567878, 0.980806142034549, 0.7300930713547052, 0.8773987206823027, 0.9020771513353115, 0.9681274900398407, 0.6584887144259077, 0.9561586638830898, 0.9447791164658634, 0.9470068694798822]",batch,both
FashionMNIST,small,42,10,a1,layerwise,output_weight_norm,baseline,,0.1,1,0.8975,0.892,0.2860203680038452,0.3121503311574459,212321,0.09706735389927956,211952,0.09712377317339149,0.2807233890052885,21.6025390625,16,0,2048,0.322676184005104,0.892,0.31215032487511635,0.31235806294716895,234752,235146,"[0.846, 0.976, 0.817, 0.905, 0.839, 0.961, 0.687, 0.959, 0.973, 0.957]","[0.858508604206501, 0.9846449136276392, 0.8241985522233712, 0.9307036247334755, 0.8545994065281899, 0.9611553784860558, 0.6947988223748773, 0.9582463465553236, 0.9588353413654619, 0.9528949950932286]",batch,both
FashionMNIST,small,42,10,a1,layerwise,output_weight_norm,baseline,,0.1,3,0.8983,0.8929,0.2843632312774658,0.3118888561427593,212321,0.09706735389927956,211952,0.09712377317339149,0.2807233890052885,21.6025390625,16,0,2048,0.32124996196944267,0.8929,0.3118888533771038,0.3231252169935033,234752,235146,"[0.837, 0.97, 0.802, 0.909, 0.846, 0.962, 0.709, 0.96, 0.977, 0.957]","[0.8413001912045889, 0.9846449136276392, 0.8107549120992761, 0.9307036247334755, 0.8625123639960435, 0.9661354581673307, 0.7134445534838076, 0.9603340292275574, 0.963855421686747, 0.9528949950932286]",batch,both
FashionMNIST,small,42,10,a1,layerwise,output_weight_norm,baseline,,0.1,5,0.8984,0.8923,0.28812851324081423,0.3146864950418472,212321,0.09706735389927956,211952,0.09712377317339149,0.2807233890052885,21.6025390625,16,0,2048,0.3405035309260711,0.8923,0.31468649724125863,0.3399612179491669,234752,235146,"[0.841, 0.97, 0.83, 0.914, 0.818, 0.964, 0.694, 0.971, 0.972, 0.949]","[0.847036328871893, 0.980806142034549, 0.8335056876938987, 0.9381663113006397, 0.847675568743818, 0.9551792828685259, 0.7095191364082434, 0.9686847599164927, 0.9588353413654619, 0.9499509322865555]",batch,both
FashionMNIST,small,42,10,a1,layerwise,output_weight_norm,baseline,,0.2,0,0.8867,0.8746,0.31137251024246215,0.3383146748423576,188583,0.19801740195453033,188240,0.19813249727371862,0.2807233890052885,21.6025390625,16,0,2048,0.3078310639830306,0.8746,0.338314667403698,0.32130690198391676,234752,235146,"[0.918, 0.97, 0.711, 0.879, 0.859, 0.97, 0.579, 0.955, 0.964, 0.941]","[0.9254302103250478, 0.9846449136276392, 0.7321613236814891, 0.8955223880597015, 0.8862512363996043, 0.9770916334661355, 0.6290480863591756, 0.954070981210856, 0.9457831325301205, 0.9332679097154073]",batch,both
FashionMNIST,small,42,10,a1,layerwise,output_weight_norm,baseline,,0.2,1,0.8979,0.8908,0.2849526070594788,0.31112620096206667,188583,0.19801740195453033,188240,0.19813249727371862,0.2807233890052885,21.6025390625,16,0,2048,0.3299370970344171,0.8908,0.31112619410157205,0.333741843001917,234752,235146,"[0.839, 0.972, 0.819, 0.905, 0.821, 0.961, 0.7, 0.965, 0.973, 0.953]","[0.8451242829827916, 0.9846449136276392, 0.8335056876938987, 0.9317697228144989, 0.8456973293768546, 0.9611553784860558, 0.7095191364082434, 0.9624217118997912, 0.9608433734939759, 0.9489695780176644]",batch,both
FashionMNIST,small,42,10,a1,layerwise,output_weight_norm,baseline,,0.2,3,0.8982,0.8928,0.283108780002594,0.31139875806570055,188583,0.19801740195453033,188240,0.19813249727371862,0.2807233890052885,21.6025390625,16,0,2048,0.32103475893381983,0.8928,0.3113987644374371,0.33241913199890405,234752,235146,"[0.843, 0.971, 0.809, 0.907, 0.836, 0.963, 0.7, 0.97, 0.975, 0.954]","[0.8499043977055449, 0.980806142034549, 0.827300930713547, 0.9307036247334755, 0.8536102868447082, 0.9601593625498008, 0.7006869479882237, 0.9686847599164927, 0.963855421686747, 0.9509322865554465]",batch,both
FashionMNIST,small,42,10,a1,layerwise,output_weight_norm,baseline,,0.2,5,0.8972,0.8935,0.28768415927886964,0.31399630488455293,188583,0.19801740195453033,188240,0.19813249727371862,0.2807233890052885,21.6025390625,16,0,2048,0.3162522349739447,0.8935,0.31399630335867407,0.31960774410981685,234752,235146,"[0.84, 0.973, 0.794, 0.906, 0.858, 0.969, 0.705, 0.965, 0.975, 0.95]","[0.8393881453154876, 0.9836852207293666, 0.8035160289555325, 0.9243070362473348, 0.8714144411473789, 0.9691235059760956, 0.7055937193326791, 0.9582463465553236, 0.9678714859437751, 0.9519136408243376]",batch,both
FashionMNIST,small,42,10,a1,layerwise,output_weight_norm,baseline,,0.3,0,0.8808,0.8694,0.3471959101200104,0.37738611593246457,165758,0.29508475585381,165440,0.2952562704471101,0.2807233890052885,21.6025390625,16,0,2048,0.32744994095992297,0.8694,0.3773861100435257,0.3170103740412742,234752,235146,"[0.936, 0.978, 0.731, 0.885, 0.804, 0.972, 0.541, 0.968, 0.96, 0.919]","[0.9349904397705545, 0.9856046065259118, 0.7528438469493278, 0.8987206823027718, 0.8239366963402571, 0.9780876494023905, 0.5996074582924436, 0.9613778705636743, 0.9538152610441767, 0.9175662414131501]",batch,both
FashionMNIST,small,42,10,a1,layerwise,output_weight_norm,baseline,,0.3,1,0.8954,0.89,0.28978363399505613,0.3125259354829788,165758,0.29508475585381,165440,0.2952562704471101,0.2807233890052885,21.6025390625,16,0,2048,0.33102684398181736,0.89,0.3125259368240833,0.33259373693726957,234752,235146,"[0.868, 0.974, 0.818, 0.893, 0.845, 0.957, 0.66, 0.958, 0.971, 0.956]","[0.8690248565965584, 0.982725527831094, 0.828335056876939, 0.9232409381663113, 0.8565776458951533, 0.9561752988047809, 0.6653581943081452, 0.9676409185803758, 0.9558232931726908, 0.9528949950932286]",batch,both
FashionMNIST,small,42,10,a1,layerwise,output_weight_norm,baseline,,0.3,3,0.8968,0.8919,0.28697457818984984,0.31252937338352205,165758,0.29508475585381,165440,0.2952562704471101,0.2807233890052885,21.6025390625,16,0,2048,0.3163342629559338,0.8919,0.3125293690919876,0.32055613200645894,234752,235146,"[0.855, 0.972, 0.825, 0.9, 0.816, 0.964, 0.694, 0.968, 0.973, 0.952]","[0.858508604206501, 0.9817658349328215, 0.8355739400206825, 0.929637526652452, 0.8328387734915925, 0.9631474103585658, 0.6938174681059862, 0.9718162839248434, 0.9578313253012049, 0.9479882237487733]",batch,both
FashionMNIST,small,42,10,a1,layerwise,output_weight_norm,baseline,,0.3,5,0.8967,0.8933,0.28579775619506836,0.3114358505308628,165758,0.29508475585381,165440,0.2952562704471101,0.2807233890052885,21.6025390625,16,0,2048,0.32896652503404766,0.8933,0.3114358489573002,0.34968182200100273,234752,235146,"[0.861, 0.974, 0.815, 0.896, 0.833, 0.964, 0.69, 0.969, 0.976, 0.955]","[0.8623326959847036, 0.9817658349328215, 0.8252326783867632, 0.9189765458422174, 0.8516320474777448, 0.9591633466135459, 0.6918547595682041, 0.9676409185803758, 0.9628514056224899, 0.9489695780176644]",batch,both
FashionMNIST,small,42,10,a1,layerwise,output_weight_norm,baseline,,0.4,0,0.8662,0.8551,0.40325711879730225,0.4370108791351318,142020,0.39603480390906076,141728,0.39626499454743724,0.2807233890052885,21.6025390625,16,0,2048,0.31826434296090156,0.8551,0.43701086695194247,0.3336299689253792,234752,235146,"[0.929, 0.982, 0.708, 0.871, 0.782, 0.98, 0.489, 0.955, 0.947, 0.908]","[0.9359464627151052, 0.9856046065259118, 0.718717683557394, 0.896588486140725, 0.8130563798219584, 0.9820717131474104, 0.5368007850834151, 0.9498956158663883, 0.9357429718875502, 0.9057899901864573]",batch,both
FashionMNIST,small,42,10,a1,layerwise,output_weight_norm,baseline,,0.4,1,0.8932,0.8873,0.29129625282287597,0.3163027548193932,142020,0.39603480390906076,141728,0.39626499454743724,0.2807233890052885,21.6025390625,16,0,2048,0.33140282705426216,0.8873,0.3163027505993843,0.3659094750182703,234752,235146,"[0.851, 0.973, 0.799, 0.892, 0.836, 0.962, 0.677, 0.965, 0.97, 0.948]","[0.8556405353728489, 0.982725527831094, 0.8045501551189245, 0.920042643923241, 0.8654797230464887, 0.9571713147410359, 0.6781157998037292, 0.9728601252609603, 0.9548192771084337, 0.9440628066732091]",batch,both
FashionMNIST,small,42,10,a1,layerwise,output_weight_norm,baseline,,0.4,3,0.8955,0.8912,0.28848113079071047,0.31310962277650833,142020,0.39603480390906076,141728,0.39626499454743724,0.2807233890052885,21.6025390625,16,0,2048,0.31763034709729254,0.8912,0.3131096305310726,0.32338121498469263,234752,235146,"[0.838, 0.972, 0.804, 0.902, 0.835, 0.966, 0.706, 0.961, 0.972, 0.956]","[0.8393881453154876, 0.982725527831094, 0.8169596690796277, 0.9317697228144989, 0.8506429277942631, 0.9641434262948207, 0.704612365063788, 0.9603340292275574, 0.9578313253012049, 0.9509322865554465]",batch,both
FashionMNIST,small,42,10,a1,layerwise,output_weight_norm,baseline,,0.4,5,0.8961,0.8927,0.28586281538009645,0.31261027827262877,142020,0.39603480390906076,141728,0.39626499454743724,0.2807233890052885,21.6025390625,16,0,2048,0.31819839391391724,0.8927,0.31261027892827986,0.33064739499241114,234752,235146,"[0.851, 0.971, 0.809, 0.903, 0.829, 0.969, 0.705, 0.959, 0.974, 0.957]","[0.847036328871893, 0.982725527831094, 0.8221302998965874, 0.9317697228144989, 0.8397626112759644, 0.9631474103585658, 0.7105004906771345, 0.9561586638830898, 0.9598393574297188, 0.9519136408243376]",batch,both
FashionMNIST,small,42,10,a1,layerwise,output_weight_norm,baseline,,0.5,0,0.8387,0.8259,0.5239568140029908,0.5593802419185638,118282,0.4969848519643115,118016,0.4972737186477645,0.2807233890052885,21.6025390625,16,0,2048,0.32305338501464576,0.8259,0.5593802434921264,0.35548724397085607,234752,235146,"[0.919, 0.979, 0.642, 0.85, 0.689, 0.986, 0.437, 0.941, 0.946, 0.87]","[0.9225621414913958, 0.9846449136276392, 0.6359875904860393, 0.8784648187633263, 0.7200791295746786, 0.9850597609561753, 0.49067713444553485, 0.94258872651357, 0.9377510040160643, 0.8861629048086359]",batch,both
FashionMNIST,small,42,10,a1,layerwise,output_weight_norm,baseline,,0.5,1,0.8895,0.8854,0.3008056550979614,0.3252956686139107,118282,0.4969848519643115,118016,0.4972737186477645,0.2807233890052885,21.6025390625,16,0,2048,0.3221040400676429,0.8854,0.32529567453861236,0.33561691304203123,234752,235146,"[0.832, 0.97, 0.784, 0.906, 0.821, 0.961, 0.692, 0.968, 0.973, 0.947]","[0.8221797323135756, 0.9788867562380038, 0.8004136504653567, 0.9360341151385928, 0.8387734915924827, 0.9551792828685259, 0.6977428851815506, 0.9697286012526096, 0.9608433734939759, 0.9411187438665358]",batch,both
FashionMNIST,small,42,10,a1,layerwise,output_weight_norm,baseline,,0.5,3,0.8949,0.8896,0.29278267431259153,0.3191298383116722,118282,0.4969848519643115,118016,0.4972737186477645,0.2807233890052885,21.6025390625,16,0,2048,0.3351704120868817,0.8896,0.3191298409461975,0.3448009650455788,234752,235146,"[0.869, 0.975, 0.82, 0.901, 0.817, 0.96, 0.663, 0.958, 0.974, 0.959]","[0.861376673040153, 0.982725527831094, 0.8428128231644261, 0.9275053304904051, 0.8348170128585559, 0.9551792828685259, 0.6702649656526006, 0.9676409185803758, 0.9608433734939759, 0.9509322865554465]",batch,both
FashionMNIST,small,42,10,a1,layerwise,output_weight_norm,baseline,,0.5,5,0.8944,0.8902,0.2915111255645752,0.31858906248807906,118282,0.4969848519643115,118016,0.4972737186477645,0.2807233890052885,21.6025390625,16,0,2048,0.3299953490495682,0.8902,0.31858906075954435,0.32768014294561,234752,235146,"[0.862, 0.971, 0.806, 0.91, 0.816, 0.966, 0.683, 0.965, 0.973, 0.95]","[0.8499043977055449, 0.980806142034549, 0.8221302998965874, 0.9328358208955224, 0.8437190900098912, 0.9591633466135459, 0.6840039254170756, 0.9676409185803758, 0.9618473895582329, 0.9470068694798822]",batch,both
FashionMNIST,small,42,10,a1,layerwise,output_weight_norm,baseline,,0.7,0,0.7625,0.7548,0.7819037039756775,0.8104622230052948,71719,0.6950022539188419,71504,0.6954062159214831,0.2807233890052885,21.6025390625,16,0,2048,0.3308321690419689,0.7548,0.8104622229576111,0.331072484026663,234752,235146,"[0.894, 0.979, 0.593, 0.754, 0.329, 0.984, 0.449, 0.899, 0.874, 0.793]","[0.890057361376673, 0.9836852207293666, 0.6018614270941055, 0.7953091684434968, 0.3639960435212661, 0.9940239043824701, 0.44062806673209026, 0.8977035490605428, 0.8775100401606426, 0.7772325809617272]",batch,both
FashionMNIST,small,42,10,a1,layerwise,output_weight_norm,baseline,,0.7,1,0.8791,0.8703,0.3418041025161743,0.3723053565382958,71719,0.6950022539188419,71504,0.6954062159214831,0.2807233890052885,21.6025390625,16,0,2048,0.33064420393202454,0.8703,0.37230535846948626,0.31782558106351644,234752,235146,"[0.845, 0.971, 0.769, 0.897, 0.793, 0.956, 0.598, 0.964, 0.959, 0.951]","[0.8632887189292543, 0.9817658349328215, 0.8055842812823164, 0.9371002132196162, 0.8229475766567754, 0.950199203187251, 0.591756624141315, 0.965553235908142, 0.9387550200803213, 0.9401373895976447]",batch,both
FashionMNIST,small,42,10,a1,layerwise,output_weight_norm,baseline,,0.7,3,0.8886,0.8768,0.31621026372909544,0.34826121411323546,71719,0.6950022539188419,71504,0.6954062159214831,0.2807233890052885,21.6025390625,16,0,2048,0.32459868595469743,0.8768,0.3482612135529518,0.32373242697212845,234752,235146,"[0.86, 0.971, 0.791, 0.909, 0.764, 0.96, 0.63, 0.961, 0.964, 0.958]","[0.8747609942638623, 0.980806142034549, 0.8324715615305067, 0.9424307036247335, 0.811078140454995, 0.953187250996016, 0.6251226692836114, 0.964509394572025, 0.9528112449799196, 0.9548577036310107]",batch,both
FashionMNIST,small,42,10,a1,layerwise,output_weight_norm,baseline,,0.7,5,0.8889,0.8779,0.3119811189651489,0.34233331345915796,71719,0.6950022539188419,71504,0.6954062159214831,0.2807233890052885,21.6025390625,16,0,2048,0.33084453409537673,0.8779,0.3423333115041256,0.31606822297908366,234752,235146,"[0.818, 0.973, 0.775, 0.904, 0.801, 0.963, 0.661, 0.961, 0.966, 0.957]","[0.8346080305927343, 0.9817658349328215, 0.8200620475698035, 0.9381663113006397, 0.8328387734915925, 0.9551792828685259, 0.6653581943081452, 0.9624217118997912, 0.9528112449799196, 0.9519136408243376]",batch,both
FashionMNIST,small,42,10,a2,layerwise,output_weight_norm,baseline,,0.05,0,0.8901,0.8794,0.3022581149101257,0.33058606425523757,233544,0.006812788650455426,233156,0.006798664122137366,0.2807233890052885,21.6025390625,16,0,2048,0.33653909794520587,0.8794,0.3305860667109489,0.3462929070228711,234752,235146,"[0.904, 0.969, 0.708, 0.865, 0.872, 0.96, 0.636, 0.955, 0.972, 0.953]","[0.9110898661567878, 0.980806142034549, 0.733195449844881, 0.8805970149253731, 0.9020771513353115, 0.9601593625498008, 0.6663395485770363, 0.9603340292275574, 0.9538152610441767, 0.9479882237487733]",batch,both
FashionMNIST,small,42,10,a2,layerwise,output_weight_norm,baseline,,0.05,1,0.8966,0.8923,0.2871119132041931,0.3112765856862068,233544,0.006812788650455426,233156,0.006798664122137366,0.2807233890052885,21.6025390625,16,0,2048,0.34757552098017186,0.8923,0.31127658427357674,0.3334317540284246,234752,235146,"[0.837, 0.977, 0.822, 0.905, 0.833, 0.962, 0.696, 0.963, 0.973, 0.955]","[0.847036328871893, 0.982725527831094, 0.8262668045501551, 0.9360341151385928, 0.8496538081107814, 0.9601593625498008, 0.6987242394504416, 0.9592901878914405, 0.9598393574297188, 0.9509322865554465]",batch,both
FashionMNIST,small,42,10,a2,layerwise,output_weight_norm,baseline,,0.05,3,0.8992,0.8941,0.28521291275024413,0.3130851794064045,233544,0.006812788650455426,233156,0.006798664122137366,0.2807233890052885,21.6025390625,16,0,2048,0.3777782570105046,0.8941,0.3130851809501648,0.3472382260952145,234752,235146,"[0.847, 0.974, 0.801, 0.898, 0.862, 0.964, 0.695, 0.962, 0.979, 0.959]","[0.8518164435946463, 0.9836852207293666, 0.8107549120992761, 0.9243070362473348, 0.8753709198813057, 0.9651394422310757, 0.7006869479882237, 0.9634655532359081, 0.9668674698795181, 0.9528949950932286]",batch,both
FashionMNIST,small,42,10,a2,layerwise,output_weight_norm,baseline,,0.05,5,0.8988,0.8946,0.28471715087890626,0.3104897663652897,233544,0.006812788650455426,233156,0.006798664122137366,0.2807233890052885,21.6025390625,16,0,2048,0.31881778594106436,0.8946,0.3104897650778294,0.3357312440639362,234752,235146,"[0.85, 0.975, 0.831, 0.916, 0.813, 0.969, 0.704, 0.953, 0.975, 0.96]","[0.8527724665391969, 0.982725527831094, 0.8376421923474664, 0.9434968017057569, 0.8407517309594461, 0.9651394422310757, 0.7026496565260059, 0.9509394572025052, 0.9598393574297188, 0.956820412168793]",batch,both
FashionMNIST,small,42,10,a2,layerwise,output_weight_norm,baseline,,0.1,0,0.8893,0.8795,0.30309173336029055,0.3318523993253708,231942,0.013625577300910963,231560,0.013597328244274842,0.2807233890052885,21.6025390625,16,0,2048,0.32205404702108353,0.8795,0.3318524017453194,0.3188714770367369,234752,235146,"[0.904, 0.971, 0.715, 0.858, 0.873, 0.962, 0.634, 0.954, 0.97, 0.954]","[0.9110898661567878, 0.9817658349328215, 0.7321613236814891, 0.8742004264392325, 0.9060336300692384, 0.9611553784860558, 0.6604514229636899, 0.9603340292275574, 0.9528112449799196, 0.9479882237487733]",batch,both
FashionMNIST,small,42,10,a2,layerwise,output_weight_norm,baseline,,0.1,1,0.8976,0.8912,0.2849952045440674,0.3104431728065014,231942,0.013625577300910963,231560,0.013597328244274842,0.2807233890052885,21.6025390625,16,0,2048,0.32379577797837555,0.8912,0.3104431714475155,0.33660495397634804,234752,235146,"[0.849, 0.974, 0.816, 0.91, 0.814, 0.96, 0.695, 0.964, 0.975, 0.955]","[0.8565965583173997, 0.9817658349328215, 0.8200620475698035, 0.9392324093816631, 0.8466864490603363, 0.9551792828685259, 0.6977428851815506, 0.9697286012526096, 0.964859437751004, 0.9489695780176644]",batch,both
FashionMNIST,small,42,10,a2,layerwise,output_weight_norm,baseline,,0.1,3,0.8985,0.8939,0.2848551653861999,0.30940594129562377,231942,0.013625577300910963,231560,0.013597328244274842,0.2807233890052885,21.6025390625,16,0,2048,0.3328764080069959,0.8939,0.309405937898159,0.3294938310282305,234752,235146,"[0.832, 0.975, 0.811, 0.907, 0.844, 0.967, 0.713, 0.967, 0.978, 0.945]","[0.8384321223709369, 0.9836852207293666, 0.8138572905894519, 0.9307036247334755, 0.8565776458951533, 0.9661354581673307, 0.7212953876349362, 0.964509394572025, 0.964859437751004, 0.9489695780176644]",batch,both
FashionMNIST,small,42,10,a2,layerwise,output_weight_norm,baseline,,0.1,5,0.8988,0.8931,0.2848026980400085,0.3130982012987137,231942,0.013625577300910963,231560,0.013597328244274842,0.2807233890052885,21.6025390625,16,0,2048,0.3191021849634126,0.8931,0.31309819702506064,0.3311217890586704,234752,235146,"[0.835, 0.974, 0.819, 0.913, 0.818, 0.959, 0.716, 0.964, 0.973, 0.96]","[0.8432122370936902, 0.9817658349328215, 0.8293691830403309, 0.9349680170575693, 0.8427299703264095, 0.950199203187251, 0.7252208047105005, 0.9686847599164927, 0.963855421686747, 0.9528949950932286]",batch,both
FashionMNIST,small,42,10,a2,layerwise,output_weight_norm,baseline,,0.2,0,0.8906,0.8797,0.3091872661590576,0.3347705988764763,228471,0.028386619376897793,228102,0.028327767175572505,0.2807233890052885,21.6025390625,16,0,2048,0.3206984670832753,0.8797,0.3347705969929695,0.3201150569366291,234752,235146,"[0.888, 0.97, 0.718, 0.876, 0.864, 0.967, 0.641, 0.954, 0.97, 0.949]","[0.9082217973231358, 0.9817658349328215, 0.7435367114788004, 0.8901918976545842, 0.8911968348170128, 0.9681274900398407, 0.6683022571148185, 0.9561586638830898, 0.9508032128514057, 0.9440628066732091]",batch,both
FashionMNIST,small,42,10,a2,layerwise,output_weight_norm,baseline,,0.2,1,0.8982,0.8911,0.2848817478179932,0.3107186570346355,228471,0.028386619376897793,228102,0.028327767175572505,0.2807233890052885,21.6025390625,16,0,2048,0.32278766203671694,0.8911,0.31071865380406377,0.3450332530774176,234752,235146,"[0.837, 0.975, 0.799, 0.911, 0.823, 0.96, 0.708, 0.965, 0.978, 0.955]","[0.8518164435946463, 0.9817658349328215, 0.8076525336091003, 0.9445628997867804, 0.8536102868447082, 0.954183266932271, 0.7134445534838076, 0.9676409185803758, 0.9628514056224899, 0.9489695780176644]",batch,both
FashionMNIST,small,42,10,a2,layerwise,output_weight_norm,baseline,,0.2,3,0.899,0.8912,0.28271504640579226,0.31021670253872874,228471,0.028386619376897793,228102,0.028327767175572505,0.2807233890052885,21.6025390625,16,0,2048,0.3180303149856627,0.8912,0.3102167010962963,0.3218644190346822,234752,235146,"[0.837, 0.975, 0.8, 0.908, 0.836, 0.962, 0.7, 0.964, 0.975, 0.955]","[0.8413001912045889, 0.9817658349328215, 0.8159255429162358, 0.9360341151385928, 0.8674579624134521, 0.9621513944223108, 0.7075564278704612, 0.9686847599164927, 0.9658634538152611, 0.9479882237487733]",batch,both
FashionMNIST,small,42,10,a2,layerwise,output_weight_norm,baseline,,0.2,5,0.8992,0.8934,0.28226637048721315,0.31039168926477434,228471,0.028386619376897793,228102,0.028327767175572505,0.2807233890052885,21.6025390625,16,0,2048,0.3240289030363783,0.8934,0.3103916858136654,0.3239284580340609,234752,235146,"[0.857, 0.972, 0.817, 0.915, 0.807, 0.964, 0.704, 0.954, 0.976, 0.968]","[0.8575525812619503, 0.9836852207293666, 0.8210961737331954, 0.9456289978678039, 0.8387734915924827, 0.9591633466135459, 0.704612365063788, 0.9603340292275574, 0.9658634538152611, 0.9597644749754661]",batch,both
FashionMNIST,small,42,10,a2,layerwise,output_weight_norm,baseline,,0.3,0,0.8878,0.8765,0.32914951009750365,0.3533766296625137,225000,0.04314766145288462,224644,0.04305820610687028,0.2807233890052885,21.6025390625,16,0,2048,0.3145297080045566,0.8765,0.3533766252279282,0.32814688002690673,234752,235146,"[0.879, 0.97, 0.687, 0.866, 0.865, 0.965, 0.671, 0.958, 0.963, 0.941]","[0.9005736137667304, 0.9817658349328215, 0.7207859358841778, 0.8784648187633263, 0.8902077151335311, 0.9631474103585658, 0.6908734052993131, 0.9603340292275574, 0.9447791164658634, 0.9421000981354269]",batch,both
FashionMNIST,small,42,10,a2,layerwise,output_weight_norm,baseline,,0.3,1,0.8962,0.8908,0.2876985468864441,0.3120843073070049,225000,0.04314766145288462,224644,0.04305820610687028,0.2807233890052885,21.6025390625,16,0,2048,0.3147514070151374,0.8908,0.31208430995345116,0.3318956340663135,234752,235146,"[0.829, 0.975, 0.819, 0.907, 0.836, 0.964, 0.688, 0.956, 0.978, 0.956]","[0.8413001912045889, 0.9798464491362764, 0.828335056876939, 0.9349680170575693, 0.847675568743818, 0.9621513944223108, 0.6987242394504416, 0.9582463465553236, 0.9658634538152611, 0.9499509322865555]",batch,both
FashionMNIST,small,42,10,a2,layerwise,output_weight_norm,baseline,,0.3,3,0.8973,0.89,0.2840521409034729,0.31096291379928587,225000,0.04314766145288462,224644,0.04305820610687028,0.2807233890052885,21.6025390625,16,0,2048,0.32045106403529644,0.89,0.31096291760206224,0.32228606403805315,234752,235146,"[0.858, 0.97, 0.831, 0.898, 0.822, 0.963, 0.669, 0.969, 0.974, 0.946]","[0.8632887189292543, 0.980806142034549, 0.8479834539813857, 0.9264392324093816, 0.8456973293768546, 0.9581673306772909, 0.6810598626104023, 0.9676409185803758, 0.9628514056224899, 0.9440628066732091]",batch,both
FashionMNIST,small,42,10,a2,layerwise,output_weight_norm,baseline,,0.3,5,0.8999,0.8946,0.2828785596847534,0.307936013931036,225000,0.04314766145288462,224644,0.04305820610687028,0.2807233890052885,21.6025390625,16,0,2048,0.3136224750196561,0.8946,0.30793601426482203,0.3510093369986862,234752,235146,"[0.84, 0.974, 0.828, 0.912, 0.816, 0.966, 0.715, 0.965, 0.975, 0.955]","[0.8374760994263862, 0.9846449136276392, 0.8345398138572906, 0.9402985074626866, 0.8456973293768546, 0.9581673306772909, 0.719332679097154, 0.9676409185803758, 0.9658634538152611, 0.9509322865554465]",batch,both
FashionMNIST,small,42,10,a2,layerwise,output_weight_norm,baseline,,0.4,0,0.8844,0.8738,0.36134795999526975,0.3821385909318924,221529,0.05790870352887145,221186,0.05778864503816794,0.2807233890052885,21.6025390625,16,0,2048,0.3404647600837052,0.8738,0.38213858938217166,0.3427973659709096,234752,235146,"[0.862, 0.973, 0.683, 0.866, 0.841, 0.966, 0.709, 0.959, 0.942, 0.937]","[0.884321223709369, 0.9817658349328215, 0.703205791106515, 0.8795309168443497, 0.8714144411473789, 0.9641434262948207, 0.7252208047105005, 0.9634655532359081, 0.927710843373494, 0.9381746810598626]",batch,both
FashionMNIST,small,42,10,a2,layerwise,output_weight_norm,baseline,,0.4,1,0.8957,0.8914,0.2878313621520996,0.31289187905788424,221529,0.05790870352887145,221186,0.05778864503816794,0.2807233890052885,21.6025390625,16,0,2048,0.3126585700083524,0.8914,0.31289188039302823,0.32452919497154653,234752,235146,"[0.842, 0.972, 0.829, 0.906, 0.834, 0.961, 0.684, 0.963, 0.973, 0.95]","[0.8546845124282982, 0.9798464491362764, 0.8335056876938987, 0.929637526652452, 0.8506429277942631, 0.951195219123506, 0.6840039254170756, 0.9676409185803758, 0.9628514056224899, 0.9479882237487733]",batch,both
FashionMNIST,small,42,10,a2,layerwise,output_weight_norm,baseline,,0.4,3,0.8989,0.8905,0.2821290573120117,0.3085487707853317,221529,0.05790870352887145,221186,0.05778864503816794,0.2807233890052885,21.6025390625,16,0,2048,0.31558808498084545,0.8905,0.30854876927137376,0.32221308699809015,234752,235146,"[0.856, 0.969, 0.822, 0.912, 0.808, 0.965, 0.688, 0.943, 0.976, 0.966]","[0.8680688336520076, 0.9798464491362764, 0.8345398138572906, 0.9434968017057569, 0.8338278931750742, 0.9651394422310757, 0.6938174681059862, 0.9467640918580376, 0.9658634538152611, 0.9617271835132483]",batch,both
FashionMNIST,small,42,10,a2,layerwise,output_weight_norm,baseline,,0.4,5,0.8992,0.8933,0.2839912379264832,0.3104955477595329,221529,0.05790870352887145,221186,0.05778864503816794,0.2807233890052885,21.6025390625,16,0,2048,0.3244196930900216,0.8933,0.3104955489873886,0.33629797503817827,234752,235146,"[0.871, 0.97, 0.843, 0.913, 0.816, 0.966, 0.665, 0.961, 0.975, 0.953]","[0.875717017208413, 0.9817658349328215, 0.8531540847983454, 0.9392324093816631, 0.8466864490603363, 0.9571713147410359, 0.6702649656526006, 0.9613778705636743, 0.9608433734939759, 0.9509322865554465]",batch,both
FashionMNIST,small,42,10,a2,layerwise,output_weight_norm,baseline,,0.5,0,0.8788,0.8704,0.39489186220169065,0.41201895439624786,218058,0.07266974560485828,217728,0.0725190839694656,0.2807233890052885,21.6025390625,16,0,2048,0.32073611195664853,0.8704,0.4120189502000809,0.3205185061087832,234752,235146,"[0.838, 0.965, 0.647, 0.87, 0.874, 0.953, 0.707, 0.951, 0.941, 0.958]","[0.8556405353728489, 0.9788867562380038, 0.6608066184074457, 0.8848614072494669, 0.8892185954500494, 0.950199203187251, 0.7311089303238469, 0.9572025052192067, 0.9257028112449799, 0.9489695780176644]",batch,both
FashionMNIST,small,42,10,a2,layerwise,output_weight_norm,baseline,,0.5,1,0.8944,0.8892,0.2904283272743225,0.31035635398626327,218058,0.07266974560485828,217728,0.0725190839694656,0.2807233890052885,21.6025390625,16,0,2048,0.32704739505425096,0.8892,0.3103563507437706,0.34762045403476804,234752,235146,"[0.861, 0.974, 0.82, 0.913, 0.819, 0.964, 0.655, 0.957, 0.977, 0.952]","[0.864244741873805, 0.982725527831094, 0.8241985522233712, 0.9360341151385928, 0.8486646884272997, 0.954183266932271, 0.6663395485770363, 0.9613778705636743, 0.964859437751004, 0.9460255152109912]",batch,both
FashionMNIST,small,42,10,a2,layerwise,output_weight_norm,baseline,,0.5,3,0.8974,0.8903,0.28399455375671384,0.30873845689296725,218058,0.07266974560485828,217728,0.0725190839694656,0.2807233890052885,21.6025390625,16,0,2048,0.32166157697793096,0.8903,0.3087384578347206,0.33787730894982815,234752,235146,"[0.836, 0.971, 0.81, 0.909, 0.829, 0.963, 0.696, 0.96, 0.975, 0.954]","[0.8451242829827916, 0.9817658349328215, 0.8231644260599793, 0.9402985074626866, 0.8506429277942631, 0.9591633466135459, 0.7026496565260059, 0.9634655532359081, 0.964859437751004, 0.9479882237487733]",batch,both
FashionMNIST,small,42,10,a2,layerwise,output_weight_norm,baseline,,0.5,5,0.8984,0.8925,0.28383365497589114,0.3099737265050411,218058,0.07266974560485828,217728,0.0725190839694656,0.2807233890052885,21.6025390625,16,0,2048,0.3345505759352818,0.8925,0.30997372773289683,0.3198660110356286,234752,235146,"[0.835, 0.972, 0.8, 0.906, 0.843, 0.96, 0.719, 0.969, 0.975, 0.946]","[0.8393881453154876, 0.9817658349328215, 0.8138572905894519, 0.9339019189765458, 0.8585558852621167, 0.950199203187251, 0.7369970559371933, 0.9676409185803758, 0.963855421686747, 0.9421000981354269]",batch,both
FashionMNIST,small,42,10,a2,layerwise,output_weight_norm,baseline,,0.7,0,0.8695,0.8589,0.6329246381759643,0.6454433657646179,211383,0.10105636498175596,211078,0.10084685114503822,0.2807233890052885,21.6025390625,16,0,2048,0.3212138708913699,0.8589,0.6454433627605438,0.3389372139936313,234752,235146,"[0.857, 0.949, 0.69, 0.847, 0.862, 0.937, 0.639, 0.968, 0.898, 0.942]","[0.8776290630975143, 0.9558541266794626, 0.7218200620475698, 0.8592750533049041, 0.8862512363996043, 0.9342629482071713, 0.6751717369970559, 0.9676409185803758, 0.8724899598393574, 0.9411187438665358]",batch,both
FashionMNIST,small,42,10,a2,layerwise,output_weight_norm,baseline,,0.7,1,0.8879,0.8829,0.3080441143989563,0.3267733244895935,211383,0.10105636498175596,211078,0.10084685114503822,0.2807233890052885,21.6025390625,16,0,2048,0.3222856749780476,0.8829,0.32677332221269606,0.3456890860106796,234752,235146,"[0.849, 0.969, 0.807, 0.906, 0.825, 0.951, 0.649, 0.945, 0.974, 0.954]","[0.8565965583173997, 0.9788867562380038, 0.8159255429162358, 0.9360341151385928, 0.8397626112759644, 0.9452191235059761, 0.6535819430814525, 0.9478079331941545, 0.963855421686747, 0.9460255152109912]",batch,both
FashionMNIST,small,42,10,a2,layerwise,output_weight_norm,baseline,,0.7,3,0.8935,0.8857,0.2930419014930725,0.3158366950631142,211383,0.10105636498175596,211078,0.10084685114503822,0.2807233890052885,21.6025390625,16,0,2048,0.3163011610740796,0.8857,0.3158366929769516,0.31917260691989213,234752,235146,"[0.865, 0.97, 0.791, 0.904, 0.834, 0.948, 0.661, 0.956, 0.975, 0.953]","[0.8709369024856597, 0.9798464491362764, 0.811789038262668, 0.9371002132196162, 0.8555885262116716, 0.9372509960159362, 0.6683022571148185, 0.9676409185803758, 0.9668674698795181, 0.9440628066732091]",batch,both
FashionMNIST,small,42,10,a2,layerwise,output_weight_norm,baseline,,0.7,5,0.8967,0.8874,0.2867129051208496,0.31160014424324034,211383,0.10105636498175596,211078,0.10084685114503822,0.2807233890052885,21.6025390625,16,0,2048,0.32329615694470704,0.8874,0.31160014199018476,0.3404649260919541,234752,235146,"[0.859, 0.973, 0.8, 0.902, 0.814, 0.962, 0.683, 0.953, 0.974, 0.954]","[0.872848948374761, 0.9817658349328215, 0.8107549120992761, 0.9371002132196162, 0.8397626112759644, 0.9571713147410359, 0.6977428851815506, 0.964509394572025, 0.964859437751004, 0.9440628066732091]",batch,both
FashionMNIST,small,42,10,all,all,mean_activation,baseline,,0.05,0,0.8871,0.8745,0.3075236141204834,0.33728178135156633,222660,0.05309892577377462,222284,0.05311136859323884,0.2807233890052885,21.6025390625,16,0,2048,0.32110972108785063,0.8745,0.33728178057670594,0.32043494505342096,234752,235146,"[0.905, 0.968, 0.708, 0.863, 0.882, 0.961, 0.578, 0.956, 0.971, 0.953]","[0.9130019120458891, 0.9798464491362764, 0.734229576008273, 0.8795309168443497, 0.9119683481701286, 0.9601593625498008, 0.6251226692836114, 0.9603340292275574, 0.9548192771084337, 0.9479882237487733]",batch,both
FashionMNIST,small,42,10,all,all,mean_activation,baseline,,0.05,1,0.8975,0.8908,0.28555543880462647,0.3123186081945896,222660,0.05309892577377462,222284,0.05311136859323884,0.2807233890052885,21.6025390625,16,0,2048,0.33988125005271286,0.8908,0.3123186083614826,0.3216331759467721,234752,235146,"[0.825, 0.976, 0.803, 0.907, 0.829, 0.962, 0.717, 0.953, 0.975, 0.961]","[0.8393881453154876, 0.982725527831094, 0.8159255429162358, 0.9317697228144989, 0.8496538081107814, 0.9611553784860558, 0.7212953876349362, 0.9582463465553236, 0.9628514056224899, 0.9558390578999019]",batch,both
FashionMNIST,small,42,10,all,all,mean_activation,baseline,,0.05,3,0.9002,0.8926,0.2849157217979431,0.31261462866067885,222660,0.05309892577377462,222284,0.05311136859323884,0.2807233890052885,21.6025390625,16,0,2048,0.3343420720193535,0.8926,0.31261463010907176,0.32960336504038423,234752,235146,"[0.844, 0.974, 0.805, 0.914, 0.836, 0.961, 0.697, 0.968, 0.973, 0.954]","[0.8565965583173997, 0.982725527831094, 0.8138572905894519, 0.9392324093816631, 0.8625123639960435, 0.9551792828685259, 0.7075564278704612, 0.9707724425887265, 0.964859437751004, 0.9528949950932286]",batch,both
FashionMNIST,small,42,10,all,all,mean_activation,baseline,,0.05,5,0.9003,0.8925,0.2851385873794556,0.3144031230151653,222660,0.05309892577377462,222284,0.05311136859323884,0.2807233890052885,21.6025390625,16,0,2048,0.3285840960452333,0.8925,0.3144031217992306,0.34078174200840294,234752,235146,"[0.83, 0.973, 0.821, 0.91, 0.829, 0.965, 0.706, 0.965, 0.974, 0.952]","[0.8384321223709369, 0.9846449136276392, 0.8335056876938987, 0.9381663113006397, 0.8536102868447082, 0.9661354581673307, 0.7163886162904809, 0.9634655532359081, 0.964859437751004, 0.9489695780176644]",batch,both
FashionMNIST,small,42,10,all,all,mean_activation,baseline,,0.1,0,0.8843,0.8723,0.3145251569747925,0.34183146812915804,209417,0.10941712808212767,209060,0.10944315703380592,0.2807233890052885,21.6025390625,16,0,2048,0.3590286219259724,0.8723,0.34183146694898603,0.3387682919856161,234752,235146,"[0.907, 0.969, 0.704, 0.856, 0.883, 0.964, 0.564, 0.956, 0.968, 0.952]","[0.9149139579349904, 0.980806142034549, 0.7311271975180972, 0.8699360341151386, 0.9129574678536103, 0.9621513944223108, 0.6074582924435721, 0.9592901878914405, 0.9528112449799196, 0.9470068694798822]",batch,both
FashionMNIST,small,42,10,all,all,mean_activation,baseline,,0.1,1,0.8959,0.8907,0.29037433738708496,0.31522607561945915,209417,0.10941712808212767,209060,0.10944315703380592,0.2807233890052885,21.6025390625,16,0,2048,0.31900098908226937,0.8907,0.31522607823610305,0.3347160608973354,234752,235146,"[0.847, 0.975, 0.807, 0.903, 0.84, 0.959, 0.682, 0.971, 0.975, 0.948]","[0.8594646271510517, 0.9817658349328215, 0.8138572905894519, 0.9253731343283582, 0.8615232443125618, 0.952191235059761, 0.6879293424926398, 0.9739039665970772, 0.964859437751004, 0.9421000981354269]",batch,both
FashionMNIST,small,42,10,all,all,mean_activation,baseline,,0.1,3,0.8999,0.8915,0.2861288497924805,0.31442200704813006,209417,0.10941712808212767,209060,0.10944315703380592,0.2807233890052885,21.6025390625,16,0,2048,0.32313277502544224,0.8915,0.31442201083898547,0.3353329700184986,234752,235146,"[0.832, 0.974, 0.812, 0.91, 0.813, 0.959, 0.72, 0.962, 0.973, 0.96]","[0.8460803059273423, 0.9817658349328215, 0.8221302998965874, 0.9381663113006397, 0.8456973293768546, 0.9581673306772909, 0.7281648675171737, 0.9676409185803758, 0.963855421686747, 0.9519136408243376]",batch,both
FashionMNIST,small,42,10,all,all,mean_activation,baseline,,0.1,5,0.9002,0.8929,0.2879863248825073,0.3153280642569065,209417,0.10941712808212767,209060,0.10944315703380592,0.2807233890052885,21.6025390625,16,0,2048,0.3143092590617016,0.8929,0.31532806311249734,0.321663688053377,234752,235146,"[0.84, 0.973, 0.797, 0.911, 0.834, 0.96, 0.716, 0.961, 0.975, 0.962]","[0.8499043977055449, 0.982725527831094, 0.811789038262668, 0.9360341151385928, 0.8615232443125618, 0.954183266932271, 0.7311089303238469, 0.9603340292275574, 0.964859437751004, 0.9528949950932286]",batch,both
FashionMNIST,small,42,10,all,all,mean_activation,baseline,,0.2,0,0.8813,0.8681,0.32774257669448853,0.35092894356250764,183183,0.2209818580796612,182865,0.22102900081788446,0.2807233890052885,21.6025390625,16,0,2048,0.3132829039823264,0.8681,0.3509289386510849,0.31460994691587985,234752,235146,"[0.914, 0.966, 0.698, 0.858, 0.885, 0.944, 0.545, 0.951, 0.967, 0.953]","[0.9206500956022945, 0.9798464491362764, 0.7321613236814891, 0.8763326226012793, 0.9080118694362018, 0.9492031872509961, 0.57801766437684, 0.9561586638830898, 0.9568273092369478, 0.9519136408243376]",batch,both
FashionMNIST,small,42,10,all,all,mean_activation,baseline,,0.2,1,0.8975,0.8886,0.292547401714325,0.3162567918539047,183183,0.2209818580796612,182865,0.22102900081788446,0.2807233890052885,21.6025390625,16,0,2048,0.31091113097500056,0.8886,0.3162567943036556,0.32026221707928926,234752,235146,"[0.831, 0.974, 0.818, 0.906, 0.824, 0.958, 0.679, 0.968, 0.977, 0.951]","[0.847036328871893, 0.982725527831094, 0.8304033092037229, 0.9328358208955224, 0.8496538081107814, 0.9591633466135459, 0.7026496565260059, 0.9634655532359081, 0.9618473895582329, 0.9499509322865555]",batch,both
FashionMNIST,small,42,10,all,all,mean_activation,baseline,,0.2,3,0.8981,0.8906,0.29012344207763674,0.3148863462626934,183183,0.2209818580796612,182865,0.22102900081788446,0.2807233890052885,21.6025390625,16,0,2048,0.35730726399924606,0.8906,0.3148863441824913,0.34017889900133014,234752,235146,"[0.849, 0.976, 0.827, 0.911, 0.821, 0.959, 0.663, 0.97, 0.977, 0.953]","[0.8661567877629063, 0.9836852207293666, 0.8345398138572906, 0.9434968017057569, 0.8456973293768546, 0.9561752988047809, 0.6732090284592738, 0.965553235908142, 0.9668674698795181, 0.9509322865554465]",batch,both
FashionMNIST,small,42,10,all,all,mean_activation,baseline,,0.2,5,0.8997,0.8903,0.2878813003540039,0.3140802629053593,183183,0.2209818580796612,182865,0.22102900081788446,0.2807233890052885,21.6025390625,16,0,2048,0.337427896913141,0.8903,0.3140802655220032,0.32958097406663,234752,235146,"[0.858, 0.973, 0.792, 0.907, 0.839, 0.96, 0.686, 0.964, 0.97, 0.954]","[0.8680688336520076, 0.9846449136276392, 0.8107549120992761, 0.9317697228144989, 0.857566765578635, 0.9581673306772909, 0.7075564278704612, 0.9634655532359081, 0.9608433734939759, 0.956820412168793]",batch,both
FashionMNIST,small,42,10,all,all,mean_activation,baseline,,0.3,0,0.8661,0.8542,0.3612988508224487,0.3787325781106949,158500,0.32595068595680976,158220,0.3260121319520175,0.2807233890052885,21.6025390625,16,0,2048,0.3283986640162766,0.8542,0.37873257215023043,0.3328547660494223,234752,235146,"[0.944, 0.969, 0.711, 0.848, 0.888, 0.94, 0.376, 0.942, 0.964, 0.96]","[0.9483747609942639, 0.9798464491362764, 0.7445708376421923, 0.8710021321961621, 0.9119683481701286, 0.9382470119521913, 0.41315014720314036, 0.9436325678496869, 0.9528112449799196, 0.9548577036310107]",batch,both
FashionMNIST,small,42,10,all,all,mean_activation,baseline,,0.3,1,0.8941,0.8861,0.2986794487953186,0.32006134687662124,158500,0.32595068595680976,158220,0.3260121319520175,0.2807233890052885,21.6025390625,16,0,2048,0.32256781100295484,0.8861,0.32006134400367736,0.3408491249429062,234752,235146,"[0.847, 0.973, 0.82, 0.905, 0.817, 0.947, 0.663, 0.967, 0.973, 0.949]","[0.8604206500956023, 0.9817658349328215, 0.8262668045501551, 0.9424307036247335, 0.8407517309594461, 0.9472111553784861, 0.677134445534838, 0.964509394572025, 0.9588353413654619, 0.9470068694798822]",batch,both
FashionMNIST,small,42,10,all,all,mean_activation,baseline,,0.3,3,0.8968,0.8881,0.2905672278404236,0.3153990334331989,158500,0.32595068595680976,158220,0.3260121319520175,0.2807233890052885,21.6025390625,16,0,2048,0.33098584704566747,0.8881,0.31539903367161753,0.3324888199567795,234752,235146,"[0.844, 0.974, 0.787, 0.899, 0.825, 0.956, 0.701, 0.959, 0.975, 0.961]","[0.8489483747609943, 0.9817658349328215, 0.7983453981385729, 0.9317697228144989, 0.8526211671612265, 0.953187250996016, 0.7301275760549558, 0.9582463465553236, 0.9618473895582329, 0.9538763493621197]",batch,both
FashionMNIST,small,42,10,all,all,mean_activation,baseline,,0.3,5,0.8986,0.8901,0.28857050914764404,0.31487868609428404,158500,0.32595068595680976,158220,0.3260121319520175,0.2807233890052885,21.6025390625,16,0,2048,0.33225542306900024,0.8901,0.31487868398427965,0.3181623709388077,234752,235146,"[0.842, 0.972, 0.805, 0.897, 0.83, 0.955, 0.704, 0.969, 0.972, 0.955]","[0.8489483747609943, 0.9817658349328215, 0.8138572905894519, 0.929637526652452, 0.8605341246290801, 0.9581673306772909, 0.7222767419038273, 0.9603340292275574, 0.9608433734939759, 0.9528949950932286]",batch,both
FashionMNIST,small,42,10,all,all,mean_activation,baseline,,0.4,0,0.8543,0.8425,0.3999508792877197,0.4151056030750275,133605,0.43182108137072284,133364,0.4318940839694656,0.2807233890052885,21.6025390625,16,0,2048,0.3388944040052593,0.8425,0.41510560579299927,0.32045266905333847,234752,235146,"[0.941, 0.969, 0.71, 0.849, 0.887, 0.906, 0.298, 0.947, 0.954, 0.964]","[0.9464627151051626, 0.9817658349328215, 0.7549120992761117, 0.8667377398720683, 0.9099901088031652, 0.9023904382470119, 0.323846908734053, 0.9551148225469729, 0.9437751004016064, 0.957801766437684]",batch,both
FashionMNIST,small,42,10,all,all,mean_activation,baseline,,0.4,1,0.8924,0.8827,0.3038668179512024,0.32637148897647855,133605,0.43182108137072284,133364,0.4318940839694656,0.2807233890052885,21.6025390625,16,0,2048,0.31901539501268417,0.8827,0.3263714912891388,0.33477625204250216,234752,235146,"[0.828, 0.963, 0.804, 0.897, 0.813, 0.945, 0.698, 0.951, 0.976, 0.952]","[0.8393881453154876, 0.9788867562380038, 0.8148914167528438, 0.929637526652452, 0.8387734915924827, 0.9462151394422311, 0.7075564278704612, 0.9551148225469729, 0.9668674698795181, 0.9509322865554465]",batch,both
FashionMNIST,small,42,10,all,all,mean_activation,baseline,,0.4,3,0.896,0.8851,0.2945423306465149,0.31690754947662353,133605,0.43182108137072284,133364,0.4318940839694656,0.2807233890052885,21.6025390625,16,0,2048,0.3230451970594004,0.8851,0.3169075475513935,0.33427684905473143,234752,235146,"[0.826, 0.964, 0.79, 0.896, 0.837, 0.948, 0.705, 0.962, 0.972, 0.951]","[0.8326959847036329, 0.9798464491362764, 0.8076525336091003, 0.9307036247334755, 0.8644906033630069, 0.9482071713147411, 0.7271835132482827, 0.9582463465553236, 0.963855421686747, 0.9509322865554465]",batch,both
FashionMNIST,small,42,10,all,all,mean_activation,baseline,,0.4,5,0.8977,0.8861,0.29206462593078614,0.31516450029611587,133605,0.43182108137072284,133364,0.4318940839694656,0.2807233890052885,21.6025390625,16,0,2048,0.3130891550099477,0.8861,0.31516450065374374,0.3356170729966834,234752,235146,"[0.842, 0.966, 0.815, 0.908, 0.796, 0.948, 0.693, 0.963, 0.974, 0.956]","[0.8499043977055449, 0.980806142034549, 0.8335056876938987, 0.9434968017057569, 0.8348170128585559, 0.9452191235059761, 0.7124631992149166, 0.9624217118997912, 0.9658634538152611, 0.9538763493621197]",batch,both
FashionMNIST,small,42,10,all,all,mean_activation,baseline,,0.5,0,0.8364,0.8283,0.4860353513717651,0.49743278355598447,109386,0.5348166670919343,109184,0.534896401308615,0.2807233890052885,21.6025390625,16,0,2048,0.32533146697096527,0.8283,0.4974327812671661,0.3177138239843771,234752,235146,"[0.937, 0.956, 0.652, 0.832, 0.913, 0.924, 0.229, 0.934, 0.948, 0.958]","[0.9397705544933078, 0.974088291746641, 0.6649431230610134, 0.8454157782515992, 0.9268051434223541, 0.9193227091633466, 0.25318940137389595, 0.94258872651357, 0.9407630522088354, 0.9538763493621197]",batch,both
FashionMNIST,small,42,10,all,all,mean_activation,baseline,,0.5,1,0.8859,0.8753,0.323300622177124,0.3421136193275452,109386,0.5348166670919343,109184,0.534896401308615,0.2807233890052885,21.6025390625,16,0,2048,0.3141882870113477,0.8753,0.34211362404823303,0.3161183890188113,234752,235146,"[0.836, 0.962, 0.789, 0.9, 0.823, 0.934, 0.641, 0.944, 0.973, 0.951]","[0.8403441682600382, 0.9779270633397313, 0.8107549120992761, 0.9285714285714286, 0.8486646884272997, 0.9292828685258964, 0.661432777232581, 0.9519832985386222, 0.9668674698795181, 0.9479882237487733]",batch,both
FashionMNIST,small,42,10,all,all,mean_activation,baseline,,0.5,3,0.8897,0.8803,0.305812283039093,0.3288844221830368,109386,0.5348166670919343,109184,0.534896401308615,0.2807233890052885,21.6025390625,16,0,2048,0.34576272894628346,0.8803,0.3288844211339951,0.3265184439951554,234752,235146,"[0.811, 0.963, 0.785, 0.909, 0.817, 0.937, 0.698, 0.955, 0.976, 0.952]","[0.8288718929254302, 0.9750479846449136, 0.7921406411582212, 0.9371002132196162, 0.8447082096933729, 0.9382470119521913, 0.7095191364082434, 0.9613778705636743, 0.9678714859437751, 0.9470068694798822]",batch,both
FashionMNIST,small,42,10,all,all,mean_activation,baseline,,0.5,5,0.8905,0.8819,0.30004117908477784,0.3229581203222275,109386,0.5348166670919343,109184,0.534896401308615,0.2807233890052885,21.6025390625,16,0,2048,0.320247130934149,0.8819,0.32295811977386474,0.3548131739953533,234752,235146,"[0.846, 0.963, 0.786, 0.905, 0.828, 0.943, 0.671, 0.938, 0.975, 0.964]","[0.8460803059273423, 0.9769673704414588, 0.8045501551189245, 0.9328358208955224, 0.8545994065281899, 0.9402390438247012, 0.6879293424926398, 0.9373695198329853, 0.963855421686747, 0.9636898920510304]",batch,both
FashionMNIST,small,42,10,all,all,mean_activation,baseline,,0.7,0,0.8014,0.7923,0.9198173925399781,0.9292270636558533,63887,0.728309220654402,63761,0.7283899604689203,0.2807233890052885,21.6025390625,16,0,2048,0.33517686906270683,0.7923,0.9292270638465882,0.33447538991458714,234752,235146,"[0.908, 0.962, 0.592, 0.834, 0.851, 0.896, 0.361, 0.731, 0.823, 0.965]","[0.9130019120458891, 0.9750479846449136, 0.609100310237849, 0.8443496801705757, 0.8595450049455984, 0.8924302788844621, 0.38469087340529934, 0.732776617954071, 0.8152610441767069, 0.97252208047105]",batch,both
FashionMNIST,small,42,10,all,all,mean_activation,baseline,,0.7,1,0.8608,0.8539,0.4219431849479675,0.4336375451564789,63887,0.728309220654402,63761,0.7283899604689203,0.2807233890052885,21.6025390625,16,0,2048,0.3147709050681442,0.8539,0.43363754472732546,0.33019756607245654,234752,235146,"[0.837, 0.943, 0.735, 0.878, 0.813, 0.909, 0.591, 0.926, 0.971, 0.936]","[0.8518164435946463, 0.9568138195777351, 0.750775594622544, 0.8976545842217484, 0.8348170128585559, 0.8844621513944223, 0.6153091265947007, 0.9269311064718163, 0.963855421686747, 0.9273797841020608]",batch,both
FashionMNIST,small,42,10,all,all,mean_activation,baseline,,0.7,3,0.8764,0.868,0.3528924759864807,0.37299984335899355,63887,0.728309220654402,63761,0.7283899604689203,0.2807233890052885,21.6025390625,16,0,2048,0.34420827904250473,0.868,0.3729998471736908,0.33913254900835454,234752,235146,"[0.843, 0.958, 0.776, 0.881, 0.801, 0.921, 0.646, 0.927, 0.974, 0.953]","[0.844168260038241, 0.9683301343570058, 0.8024819027921406, 0.9040511727078892, 0.8407517309594461, 0.9103585657370518, 0.6506378802747792, 0.9342379958246346, 0.9678714859437751, 0.9440628066732091]",batch,both
FashionMNIST,small,42,10,all,all,mean_activation,baseline,,0.7,5,0.8804,0.8717,0.33757788333892824,0.357906507897377,63887,0.728309220654402,63761,0.7283899604689203,0.2807233890052885,21.6025390625,16,0,2048,0.32263212697580457,0.8717,0.35790650775432586,0.31900387804489583,234752,235146,"[0.827, 0.958, 0.788, 0.889, 0.797, 0.925, 0.672, 0.951, 0.972, 0.938]","[0.8307839388145315, 0.9702495201535508, 0.8076525336091003, 0.9051172707889126, 0.8387734915924827, 0.9143426294820717, 0.6810598626104023, 0.9603340292275574, 0.9678714859437751, 0.9322865554465162]",batch,both
FashionMNIST,small,42,10,a1,layerwise,mean_activation,baseline,,0.05,0,0.8897,0.8778,0.3023168308258057,0.3316237380027771,224190,0.04659232987165418,223808,0.04661941112322787,0.2807233890052885,21.6025390625,16,0,2048,0.32524897705297917,0.8778,0.3316237376332283,0.33409797493368387,234752,235146,"[0.904, 0.968, 0.706, 0.865, 0.879, 0.96, 0.616, 0.956, 0.971, 0.953]","[0.9101338432122371, 0.9798464491362764, 0.733195449844881, 0.8816631130063965, 0.9070227497527201, 0.9601593625498008, 0.6565260058881256, 0.9613778705636743, 0.9548192771084337, 0.9479882237487733]",batch,both
FashionMNIST,small,42,10,a1,layerwise,mean_activation,baseline,,0.05,1,0.8981,0.8911,0.28928595848083494,0.31434421760439873,224190,0.04659232987165418,223808,0.04661941112322787,0.2807233890052885,21.6025390625,16,0,2048,0.3175626799929887,0.8911,0.31434421760439873,0.3136992820072919,234752,235146,"[0.84, 0.977, 0.819, 0.913, 0.837, 0.958, 0.67, 0.964, 0.977, 0.956]","[0.8546845124282982, 0.9817658349328215, 0.8335056876938987, 0.9349680170575693, 0.8555885262116716, 0.950199203187251, 0.6859666339548577, 0.9697286012526096, 0.9658634538152611, 0.9538763493621197]",batch,both
FashionMNIST,small,42,10,a1,layerwise,mean_activation,baseline,,0.05,3,0.8985,0.894,0.28491121015548704,0.31102057141661643,224190,0.04659232987165418,223808,0.04661941112322787,0.2807233890052885,21.6025390625,16,0,2048,0.32247883500531316,0.894,0.31102057082057,0.3278522619511932,234752,235146,"[0.846, 0.975, 0.816, 0.901, 0.83, 0.961, 0.721, 0.955, 0.973, 0.962]","[0.847036328871893, 0.9846449136276392, 0.81282316442606, 0.9243070362473348, 0.8555885262116716, 0.9601593625498008, 0.7262021589793916, 0.9582463465553236, 0.964859437751004, 0.9538763493621197]",batch,both
FashionMNIST,small,42,10,a1,layerwise,mean_activation,baseline,,0.05,5,0.9012,0.8943,0.28480243005752565,0.31075349373221395,224190,0.04659232987165418,223808,0.04661941112322787,0.2807233890052885,21.6025390625,16,0,2048,0.33961897797416896,0.8943,0.3107534952759743,0.335658896015957,234752,235146,"[0.839, 0.975, 0.829, 0.921, 0.825, 0.961, 0.696, 0.964, 0.976, 0.957]","[0.8556405353728489, 0.9846449136276392, 0.8335056876938987, 0.9402985074626866, 0.847675568743818, 0.9661354581673307, 0.704612365063788, 0.965553235908142, 0.9668674698795181, 0.9519136408243376]",batch,both
FashionMNIST,small,42,10,a1,layerwise,mean_activation,baseline,,0.1,0,0.8891,0.8775,0.3051106011390686,0.33243929797410965,212321,0.09706735389927956,211952,0.09712377317339149,0.2807233890052885,21.6025390625,16,0,2048,0.34677247307263315,0.8775,0.3324392992854118,0.3283256640424952,234752,235146,"[0.903, 0.968, 0.705, 0.863, 0.878, 0.963, 0.617, 0.956, 0.97, 0.952]","[0.9101338432122371, 0.980806142034549, 0.7321613236814891, 0.8795309168443497, 0.9080118694362018, 0.9621513944223108, 0.6526005888125613, 0.9592901878914405, 0.9548192771084337, 0.9470068694798822]",batch,both
FashionMNIST,small,42,10,a1,layerwise,mean_activation,baseline,,0.1,1,0.8974,0.8911,0.2875279739379883,0.3115375444471836,212321,0.09706735389927956,211952,0.09712377317339149,0.2807233890052885,21.6025390625,16,0,2048,0.32619503792375326,0.8911,0.31153754026293756,0.3208257909864187,234752,235146,"[0.843, 0.969, 0.809, 0.912, 0.84, 0.96, 0.691, 0.956, 0.975, 0.956]","[0.8508604206500956, 0.9817658349328215, 0.8200620475698035, 0.9339019189765458, 0.857566765578635, 0.9641434262948207, 0.6957801766437685, 0.9582463465553236, 0.964859437751004, 0.9509322865554465]",batch,both
FashionMNIST,small,42,10,a1,layerwise,mean_activation,baseline,,0.1,3,0.9005,0.8939,0.2850159460067749,0.3135330660223961,212321,0.09706735389927956,211952,0.09712377317339149,0.2807233890052885,21.6025390625,16,0,2048,0.3219392920145765,0.8939,0.31353306792378427,0.3303010039962828,234752,235146,"[0.844, 0.972, 0.815, 0.902, 0.83, 0.962, 0.72, 0.972, 0.976, 0.946]","[0.8527724665391969, 0.9817658349328215, 0.827300930713547, 0.9307036247334755, 0.8516320474777448, 0.9581673306772909, 0.7212953876349362, 0.9728601252609603, 0.9668674698795181, 0.9460255152109912]",batch,both
FashionMNIST,small,42,10,a1,layerwise,mean_activation,baseline,,0.1,5,0.9004,0.8931,0.2846314464569092,0.3108338450014591,212321,0.09706735389927956,211952,0.09712377317339149,0.2807233890052885,21.6025390625,16,0,2048,0.31439192802645266,0.8931,0.3108338489830494,0.3366548710037023,234752,235146,"[0.839, 0.972, 0.812, 0.912, 0.821, 0.969, 0.714, 0.964, 0.972, 0.956]","[0.8422562141491395, 0.9846449136276392, 0.8252326783867632, 0.9402985074626866, 0.8486646884272997, 0.9661354581673307, 0.7242394504416094, 0.9592901878914405, 0.964859437751004, 0.9528949950932286]",batch,both
FashionMNIST,small,42,10,a1,layerwise,mean_activation,baseline,,0.2,0,0.8859,0.874,0.3149389037132263,0.34087050441503525,188583,0.19801740195453033,188240,0.19813249727371862,0.2807233890052885,21.6025390625,16,0,2048,0.3238841670099646,0.874,0.34087049565315247,0.32007746398448944,234752,235146,"[0.91, 0.964, 0.7, 0.865, 0.87, 0.939, 0.613, 0.957, 0.97, 0.952]","[0.9149139579349904, 0.9798464491362764, 0.7218200620475698, 0.8869936034115139, 0.8981206726013847, 0.9392430278884463, 0.6457311089303238, 0.9634655532359081, 0.9558232931726908, 0.9489695780176644]",batch,both
FashionMNIST,small,42,10,a1,layerwise,mean_activation,baseline,,0.2,1,0.8968,0.8899,0.2915145574569702,0.31705690113306045,188583,0.19801740195453033,188240,0.19813249727371862,0.2807233890052885,21.6025390625,16,0,2048,0.34886151598766446,0.8899,0.31705690309405327,0.311618429957889,234752,235146,"[0.826, 0.972, 0.829, 0.912, 0.8, 0.953, 0.712, 0.961, 0.973, 0.961]","[0.8317399617590823, 0.9817658349328215, 0.8355739400206825, 0.9402985074626866, 0.8328387734915925, 0.954183266932271, 0.718351324828263, 0.9634655532359081, 0.9598393574297188, 0.9558390578999019]",batch,both
FashionMNIST,small,42,10,a1,layerwise,mean_activation,baseline,,0.2,3,0.8982,0.8917,0.28963656368255614,0.3133085099875927,188583,0.19801740195453033,188240,0.19813249727371862,0.2807233890052885,21.6025390625,16,0,2048,0.3239812069805339,0.8917,0.3133085049211979,0.35685329604893923,234752,235146,"[0.845, 0.971, 0.817, 0.913, 0.835, 0.959, 0.678, 0.968, 0.975, 0.956]","[0.8537284894837476, 0.9836852207293666, 0.8304033092037229, 0.9371002132196162, 0.8545994065281899, 0.954183266932271, 0.6938174681059862, 0.9624217118997912, 0.9628514056224899, 0.9538763493621197]",batch,both
FashionMNIST,small,42,10,a1,layerwise,mean_activation,baseline,,0.2,5,0.899,0.894,0.28748785495758056,0.3123649318218231,188583,0.19801740195453033,188240,0.19813249727371862,0.2807233890052885,21.6025390625,16,0,2048,0.3122894410043955,0.894,0.31236493302583695,0.3494061779929325,234752,235146,"[0.845, 0.974, 0.825, 0.906, 0.825, 0.962, 0.707, 0.956, 0.971, 0.969]","[0.8518164435946463, 0.9856046065259118, 0.828335056876939, 0.9285714285714286, 0.8506429277942631, 0.9581673306772909, 0.7144259077526988, 0.9561586638830898, 0.9608433734939759, 0.9587831207065751]",batch,both
FashionMNIST,small,42,10,a1,layerwise,mean_activation,baseline,,0.3,0,0.8842,0.872,0.32304867029190065,0.3463204446196556,165758,0.29508475585381,165440,0.2952562704471101,0.2807233890052885,21.6025390625,16,0,2048,0.3280951780034229,0.872,0.3463204393029213,0.33205482398625463,234752,235146,"[0.905, 0.967, 0.694, 0.863, 0.873, 0.939, 0.6, 0.955, 0.966, 0.958]","[0.9158699808795411, 0.9798464491362764, 0.7238883143743536, 0.8837953091684435, 0.9010880316518298, 0.9302788844621513, 0.6398429833169774, 0.9603340292275574, 0.9508032128514057, 0.9519136408243376]",batch,both
FashionMNIST,small,42,10,a1,layerwise,mean_activation,baseline,,0.3,1,0.8946,0.8892,0.29088187036514285,0.31455718358755114,165758,0.29508475585381,165440,0.2952562704471101,0.2807233890052885,21.6025390625,16,0,2048,0.32534494204446673,0.8892,0.3145571841478348,0.3313367679947987,234752,235146,"[0.845, 0.975, 0.798, 0.895, 0.837, 0.95, 0.701, 0.964, 0.974, 0.953]","[0.8489483747609943, 0.982725527831094, 0.8024819027921406, 0.9275053304904051, 0.8585558852621167, 0.954183266932271, 0.6997055937193327, 0.965553235908142, 0.9618473895582329, 0.9479882237487733]",batch,both
FashionMNIST,small,42,10,a1,layerwise,mean_activation,baseline,,0.3,3,0.8979,0.8905,0.28928589029312135,0.31386074416041376,165758,0.29508475585381,165440,0.2952562704471101,0.2807233890052885,21.6025390625,16,0,2048,0.3286097940290347,0.8905,0.31386075158119203,0.32009888999164104,234752,235146,"[0.829, 0.97, 0.805, 0.91, 0.828, 0.954, 0.714, 0.96, 0.974, 0.961]","[0.8365200764818356, 0.9817658349328215, 0.8159255429162358, 0.94136460554371, 0.8565776458951533, 0.9591633466135459, 0.7154072620215898, 0.9624217118997912, 0.9618473895582329, 0.9528949950932286]",batch,both
FashionMNIST,small,42,10,a1,layerwise,mean_activation,baseline,,0.3,5,0.8994,0.8912,0.28750371131896973,0.31095330261588094,165758,0.29508475585381,165440,0.2952562704471101,0.2807233890052885,21.6025390625,16,0,2048,0.31598305399529636,0.8912,0.31095330020785333,0.3319241979625076,234752,235146,"[0.848, 0.978, 0.829, 0.903, 0.827, 0.96, 0.676, 0.967, 0.973, 0.951]","[0.8575525812619503, 0.9875239923224568, 0.8324715615305067, 0.9285714285714286, 0.8506429277942631, 0.9681274900398407, 0.7016683022571149, 0.9624217118997912, 0.9608433734939759, 0.9479882237487733]",batch,both
FashionMNIST,small,42,10,a1,layerwise,mean_activation,baseline,,0.4,0,0.8795,0.867,0.337475293636322,0.36169375801086423,142020,0.39603480390906076,141728,0.39626499454743724,0.2807233890052885,21.6025390625,16,0,2048,0.32200969802215695,0.867,0.3616937557220459,0.33468078495934606,234752,235146,"[0.913, 0.963, 0.685, 0.861, 0.877, 0.916, 0.577, 0.957, 0.959, 0.962]","[0.9206500956022945, 0.9798464491362764, 0.7135470527404343, 0.8784648187633263, 0.9020771513353115, 0.9113545816733067, 0.6162904808635917, 0.9613778705636743, 0.9538152610441767, 0.9528949950932286]",batch,both
FashionMNIST,small,42,10,a1,layerwise,mean_activation,baseline,,0.4,1,0.895,0.8847,0.29562466068267823,0.31788523010611536,142020,0.39603480390906076,141728,0.39626499454743724,0.2807233890052885,21.6025390625,16,0,2048,0.3285204059211537,0.8847,0.3178852289259434,0.3512540649389848,234752,235146,"[0.857, 0.967, 0.83, 0.901, 0.825, 0.944, 0.633, 0.954, 0.974, 0.962]","[0.8632887189292543, 0.982725527831094, 0.8417786970010341, 0.9360341151385928, 0.8516320474777448, 0.9432270916334662, 0.6575073601570167, 0.9551148225469729, 0.9668674698795181, 0.956820412168793]",batch,both
FashionMNIST,small,42,10,a1,layerwise,mean_activation,baseline,,0.4,3,0.8979,0.8871,0.28981790714263916,0.3114774408221245,142020,0.39603480390906076,141728,0.39626499454743724,0.2807233890052885,21.6025390625,16,0,2048,0.32229480100795627,0.8871,0.3114774461627007,0.3291393609251827,234752,235146,"[0.832, 0.973, 0.806, 0.904, 0.814, 0.95, 0.704, 0.962, 0.974, 0.952]","[0.844168260038241, 0.9846449136276392, 0.8231644260599793, 0.9392324093816631, 0.8437190900098912, 0.9581673306772909, 0.7173699705593719, 0.9582463465553236, 0.964859437751004, 0.9499509322865555]",batch,both
FashionMNIST,small,42,10,a1,layerwise,mean_activation,baseline,,0.4,5,0.8994,0.8896,0.2881200202941894,0.31136194511651993,142020,0.39603480390906076,141728,0.39626499454743724,0.2807233890052885,21.6025390625,16,0,2048,0.3262374469777569,0.8896,0.31136194052696226,0.3228706039953977,234752,235146,"[0.855, 0.972, 0.791, 0.902, 0.832, 0.956, 0.695, 0.966, 0.973, 0.954]","[0.8661567877629063, 0.9846449136276392, 0.8045501551189245, 0.9349680170575693, 0.8595450049455984, 0.9621513944223108, 0.7134445534838076, 0.9582463465553236, 0.9628514056224899, 0.9499509322865555]",batch,both
FashionMNIST,small,42,10,a1,layerwise,mean_activation,baseline,,0.5,0,0.866,0.854,0.3671830024719238,0.38921494359970094,118282,0.4969848519643115,118016,0.4972737186477645,0.2807233890052885,21.6025390625,16,0,2048,0.33229650009889156,0.854,0.38921493883132935,0.32664215797558427,234752,235146,"[0.913, 0.954, 0.616, 0.832, 0.893, 0.9, 0.559, 0.949, 0.959, 0.965]","[0.9273422562141491, 0.9731285988483686, 0.6442605997931747, 0.849680170575693, 0.9149357072205737, 0.8894422310756972, 0.6005888125613347, 0.9519832985386222, 0.9457831325301205, 0.9538763493621197]",batch,both
FashionMNIST,small,42,10,a1,layerwise,mean_activation,baseline,,0.5,1,0.8908,0.884,0.2997424820899963,0.32313561747074127,118282,0.4969848519643115,118016,0.4972737186477645,0.2807233890052885,21.6025390625,16,0,2048,0.3215337439905852,0.884,0.3231356127023697,0.3224733970128,234752,235146,"[0.846, 0.965, 0.789, 0.894, 0.834, 0.941, 0.685, 0.956, 0.977, 0.953]","[0.8508604206500956, 0.9798464491362764, 0.8004136504653567, 0.9275053304904051, 0.8536102868447082, 0.951195219123506, 0.6810598626104023, 0.9572025052192067, 0.9688755020080321, 0.9411187438665358]",batch,both
FashionMNIST,small,42,10,a1,layerwise,mean_activation,baseline,,0.5,3,0.8954,0.8857,0.29224602851867676,0.3171809644579887,118282,0.4969848519643115,118016,0.4972737186477645,0.2807233890052885,21.6025390625,16,0,2048,0.3301220670109615,0.8857,0.31718096749782565,0.33650849503464997,234752,235146,"[0.838, 0.965, 0.801, 0.91, 0.799, 0.946, 0.706, 0.96, 0.977, 0.955]","[0.847036328871893, 0.9798464491362764, 0.8148914167528438, 0.9349680170575693, 0.8328387734915925, 0.950199203187251, 0.719332679097154, 0.9603340292275574, 0.9698795180722891, 0.9489695780176644]",batch,both
FashionMNIST,small,42,10,a1,layerwise,mean_activation,baseline,,0.5,5,0.8958,0.8879,0.29083897104263307,0.31448956059217453,118282,0.4969848519643115,118016,0.4972737186477645,0.2807233890052885,21.6025390625,16,0,2048,0.3226630259305239,0.8879,0.3144895600318909,0.3320849679876119,234752,235146,"[0.843, 0.966, 0.816, 0.9, 0.837, 0.944, 0.678, 0.964, 0.974, 0.957]","[0.8518164435946463, 0.9817658349328215, 0.8241985522233712, 0.9285714285714286, 0.8625123639960435, 0.9492031872509961, 0.6830225711481845, 0.964509394572025, 0.9678714859437751, 0.9489695780176644]",batch,both
FashionMNIST,small,42,10,a1,layerwise,mean_activation,baseline,,0.7,0,0.8459,0.8331,0.47439184160232545,0.4921689109325409,71719,0.6950022539188419,71504,0.6954062159214831,0.2807233890052885,21.6025390625,16,0,2048,0.3372660019667819,0.8331,0.4921689116954803,0.3371919529745355,234752,235146,"[0.888, 0.95, 0.651, 0.804, 0.886, 0.816, 0.558, 0.884, 0.924, 0.97]","[0.9130019120458891, 0.9616122840690979, 0.6845915201654602, 0.8059701492537313, 0.9109792284866469, 0.8047808764940239, 0.6025515210991168, 0.8757828810020877, 0.9236947791164659, 0.9636898920510304]",batch,both
FashionMNIST,small,42,10,a1,layerwise,mean_activation,baseline,,0.7,1,0.8829,0.8748,0.3271887775421143,0.34728484992980957,71719,0.6950022539188419,71504,0.6954062159214831,0.2807233890052885,21.6025390625,16,0,2048,0.3387285410426557,0.8748,0.34728484523296355,0.3207668609684333,234752,235146,"[0.819, 0.959, 0.788, 0.886, 0.816, 0.937, 0.69, 0.935, 0.97, 0.948]","[0.8317399617590823, 0.972168905950096, 0.8014477766287487, 0.9029850746268657, 0.8536102868447082, 0.9322709163346613, 0.6947988223748773, 0.9363256784968684, 0.963855421686747, 0.9421000981354269]",batch,both
FashionMNIST,small,42,10,a1,layerwise,mean_activation,baseline,,0.7,3,0.888,0.8795,0.3099635378837585,0.33310319719314574,71719,0.6950022539188419,71504,0.6954062159214831,0.2807233890052885,21.6025390625,16,0,2048,0.32199670909903944,0.8795,0.33310319321155546,0.3194992090575397,234752,235146,"[0.838, 0.963, 0.804, 0.887, 0.816, 0.944, 0.672, 0.947, 0.976, 0.948]","[0.8556405353728489, 0.9760076775431862, 0.8221302998965874, 0.908315565031983, 0.8486646884272997, 0.9382470119521913, 0.6732090284592738, 0.9572025052192067, 0.9678714859437751, 0.9362119725220804]",batch,both
FashionMNIST,small,42,10,a1,layerwise,mean_activation,baseline,,0.7,5,0.8883,0.8808,0.30718836126327514,0.3310049817323685,71719,0.6950022539188419,71504,0.6954062159214831,0.2807233890052885,21.6025390625,16,0,2048,0.32261525106150657,0.8808,0.33100498795509337,0.3295534090138972,234752,235146,"[0.815, 0.962, 0.801, 0.893, 0.826, 0.939, 0.692, 0.95, 0.973, 0.957]","[0.8240917782026769, 0.9769673704414588, 0.8097207859358841, 0.9157782515991472, 0.8506429277942631, 0.9342629482071713, 0.7085377821393523, 0.954070981210856, 0.9658634538152611, 0.9470068694798822]",batch,both
FashionMNIST,small,42,10,a2,layerwise,mean_activation,baseline,,0.05,0,0.8873,0.8748,0.30735895538330077,0.3374626526594162,233544,0.006812788650455426,233156,0.006798664122137366,0.2807233890052885,21.6025390625,16,0,2048,0.31959901202935725,0.8748,0.3374626539707184,0.3240895309718326,234752,235146,"[0.905, 0.968, 0.708, 0.863, 0.884, 0.961, 0.578, 0.956, 0.972, 0.953]","[0.9120458891013384, 0.9798464491362764, 0.7352637021716649, 0.8795309168443497, 0.9129574678536103, 0.9611553784860558, 0.6251226692836114, 0.9603340292275574, 0.9548192771084337, 0.9479882237487733]",batch,both
FashionMNIST,small,42,10,a2,layerwise,mean_activation,baseline,,0.05,1,0.8962,0.8915,0.2863691714286804,0.3153671542823315,233544,0.006812788650455426,233156,0.006798664122137366,0.2807233890052885,21.6025390625,16,0,2048,0.3158356240019202,0.8915,0.31536715940833093,0.33109195006545633,234752,235146,"[0.836, 0.976, 0.812, 0.897, 0.838, 0.963, 0.704, 0.965, 0.975, 0.949]","[0.8403441682600382, 0.982725527831094, 0.811789038262668, 0.9168443496801706, 0.857566765578635, 0.9681274900398407, 0.7095191364082434, 0.964509394572025, 0.9658634538152611, 0.9479882237487733]",batch,both
FashionMNIST,small,42,10,a2,layerwise,mean_activation,baseline,,0.05,3,0.8995,0.893,0.284264080619812,0.3132584202647209,233544,0.006812788650455426,233156,0.006798664122137366,0.2807233890052885,21.6025390625,16,0,2048,0.32429193099960685,0.893,0.31325842065811155,0.3543788029346615,234752,235146,"[0.831, 0.975, 0.82, 0.91, 0.825, 0.963, 0.711, 0.967, 0.977, 0.951]","[0.8384321223709369, 0.9817658349328215, 0.8179937952430196, 0.9381663113006397, 0.8536102868447082, 0.9611553784860558, 0.7203140333660452, 0.9686847599164927, 0.9688755020080321, 0.9509322865554465]",batch,both
FashionMNIST,small,42,10,a2,layerwise,mean_activation,baseline,,0.05,5,0.9003,0.894,0.28396447973251343,0.3136133928894997,233544,0.006812788650455426,233156,0.006798664122137366,0.2807233890052885,21.6025390625,16,0,2048,0.3357567200437188,0.894,0.31361338982582093,0.34694935206789523,234752,235146,"[0.825, 0.974, 0.829, 0.907, 0.815, 0.966, 0.732, 0.959, 0.974, 0.959]","[0.8317399617590823, 0.982725527831094, 0.8345398138572906, 0.9307036247334755, 0.8348170128585559, 0.9601593625498008, 0.7517173699705594, 0.9613778705636743, 0.9668674698795181, 0.9528949950932286]",batch,both
FashionMNIST,small,42,10,a2,layerwise,mean_activation,baseline,,0.1,0,0.8846,0.8722,0.31123622102737425,0.340782074534893,231942,0.013625577300910963,231560,0.013597328244274842,0.2807233890052885,21.6025390625,16,0,2048,0.33405435597524047,0.8722,0.34078207584619524,0.3346923650242388,234752,235146,"[0.905, 0.968, 0.705, 0.858, 0.884, 0.961, 0.562, 0.956, 0.97, 0.953]","[0.9139579349904398, 0.9798464491362764, 0.733195449844881, 0.8720682302771855, 0.9119683481701286, 0.9621513944223108, 0.6084396467124632, 0.9592901878914405, 0.9528112449799196, 0.9479882237487733]",batch,both
FashionMNIST,small,42,10,a2,layerwise,mean_activation,baseline,,0.1,1,0.8966,0.8893,0.2851213589668274,0.312848710000515,231942,0.013625577300910963,231560,0.013597328244274842,0.2807233890052885,21.6025390625,16,0,2048,0.3244525530608371,0.8893,0.3128487148940563,0.3334322089795023,234752,235146,"[0.853, 0.973, 0.797, 0.902, 0.826, 0.961, 0.697, 0.954, 0.975, 0.955]","[0.8680688336520076, 0.980806142034549, 0.8066184074457083, 0.9221748400852878, 0.847675568743818, 0.9591633466135459, 0.7105004906771345, 0.9624217118997912, 0.9608433734939759, 0.9499509322865555]",batch,both
FashionMNIST,small,42,10,a2,layerwise,mean_activation,baseline,,0.1,3,0.8993,0.8932,0.2862202333450317,0.3137586257636547,231942,0.013625577300910963,231560,0.013597328244274842,0.2807233890052885,21.6025390625,16,0,2048,0.3219066590536386,0.8932,0.3137586313068867,0.3497621009591967,234752,235146,"[0.848, 0.976, 0.806, 0.906, 0.843, 0.961, 0.699, 0.961, 0.973, 0.959]","[0.8575525812619503, 0.9836852207293666, 0.8190279214064116, 0.9285714285714286, 0.8644906033630069, 0.9581673306772909, 0.7006869479882237, 0.964509394572025, 0.9658634538152611, 0.9538763493621197]",batch,both
FashionMNIST,small,42,10,a2,layerwise,mean_activation,baseline,,0.1,5,0.8998,0.8912,0.28620385389328,0.3163892062783241,231942,0.013625577300910963,231560,0.013597328244274842,0.2807233890052885,21.6025390625,16,0,2048,0.3214606139808893,0.8912,0.31638920845985413,0.32481175707653165,234752,235146,"[0.841, 0.97, 0.833, 0.906, 0.815, 0.962, 0.692, 0.971, 0.974, 0.948]","[0.8508604206500956, 0.980806142034549, 0.8448810754912099, 0.9307036247334755, 0.8466864490603363, 0.9601593625498008, 0.7095191364082434, 0.9676409185803758, 0.9658634538152611, 0.9460255152109912]",batch,both
FashionMNIST,small,42,10,a2,layerwise,mean_activation,baseline,,0.2,0,0.8838,0.8711,0.31503651809692385,0.34216399450302126,228471,0.028386619376897793,228102,0.028327767175572505,0.2807233890052885,21.6025390625,16,0,2048,0.32021675794385374,0.8711,0.34216399332284925,0.33826006401795894,234752,235146,"[0.906, 0.969, 0.708, 0.853, 0.89, 0.961, 0.552, 0.949, 0.97, 0.953]","[0.9177820267686424, 0.980806142034549, 0.7373319544984488, 0.8699360341151386, 0.913946587537092, 0.9671314741035857, 0.5878312070657508, 0.9498956158663883, 0.9578313253012049, 0.9509322865554465]",batch,both
FashionMNIST,small,42,10,a2,layerwise,mean_activation,baseline,,0.2,1,0.8984,0.8902,0.2867334345817566,0.310869791328907,228471,0.028386619376897793,228102,0.028327767175572505,0.2807233890052885,21.6025390625,16,0,2048,0.32686212204862386,0.8902,0.31086978768110274,0.33800602797418833,234752,235146,"[0.842, 0.975, 0.808, 0.912, 0.813, 0.959, 0.7, 0.968, 0.974, 0.951]","[0.8527724665391969, 0.9817658349328215, 0.8148914167528438, 0.94136460554371, 0.8397626112759644, 0.954183266932271, 0.719332679097154, 0.9686847599164927, 0.964859437751004, 0.9509322865554465]",batch,both
FashionMNIST,small,42,10,a2,layerwise,mean_activation,baseline,,0.2,3,0.8982,0.8908,0.28502967224121095,0.3124257739067078,228471,0.028386619376897793,228102,0.028327767175572505,0.2807233890052885,21.6025390625,16,0,2048,0.33081188809592277,0.8908,0.3124257695734501,0.3289857109775767,234752,235146,"[0.864, 0.973, 0.776, 0.902, 0.841, 0.961, 0.699, 0.962, 0.975, 0.955]","[0.8671128107074569, 0.980806142034549, 0.7983453981385729, 0.9253731343283582, 0.8753709198813057, 0.954183266932271, 0.6997055937193327, 0.965553235908142, 0.964859437751004, 0.9528949950932286]",batch,both
FashionMNIST,small,42,10,a2,layerwise,mean_activation,baseline,,0.2,5,0.9012,0.8915,0.2855130863189697,0.311013803678751,228471,0.028386619376897793,228102,0.028327767175572505,0.2807233890052885,21.6025390625,16,0,2048,0.3126007680548355,0.8915,0.31101380863785744,0.3196260239928961,234752,235146,"[0.845, 0.975, 0.81, 0.915, 0.833, 0.967, 0.683, 0.964, 0.974, 0.949]","[0.8527724665391969, 0.9856046065259118, 0.8252326783867632, 0.9402985074626866, 0.8585558852621167, 0.9671314741035857, 0.7085377821393523, 0.9592901878914405, 0.9688755020080321, 0.9499509322865555]",batch,both
FashionMNIST,small,42,10,a2,layerwise,mean_activation,baseline,,0.3,0,0.8749,0.8628,0.3327706616401672,0.3568748393058777,225000,0.04314766145288462,224644,0.04305820610687028,0.2807233890052885,21.6025390625,16,0,2048,0.3187879159813747,0.8628,0.3568748316526413,0.3350740089081228,234752,235146,"[0.94, 0.971, 0.72, 0.847, 0.896, 0.96, 0.42, 0.943, 0.97, 0.961]","[0.9483747609942639, 0.980806142034549, 0.7518097207859359, 0.8667377398720683, 0.9228486646884273, 0.9651394422310757, 0.4533856722276742, 0.9467640918580376, 0.9558232931726908, 0.9538763493621197]",batch,both
FashionMNIST,small,42,10,a2,layerwise,mean_activation,baseline,,0.3,1,0.8952,0.8892,0.28841984777450563,0.3135076669931412,225000,0.04314766145288462,224644,0.04305820610687028,0.2807233890052885,21.6025390625,16,0,2048,0.3226522640325129,0.8892,0.31350766421556475,0.3316103400429711,234752,235146,"[0.833, 0.974, 0.801, 0.891, 0.841, 0.96, 0.701, 0.961, 0.976, 0.954]","[0.844168260038241, 0.9817658349328215, 0.8200620475698035, 0.9115138592750534, 0.8664688427299704, 0.951195219123506, 0.7055937193326791, 0.964509394572025, 0.9598393574297188, 0.9499509322865555]",batch,both
FashionMNIST,small,42,10,a2,layerwise,mean_activation,baseline,,0.3,3,0.9,0.8901,0.28727751722335815,0.3141441869795322,225000,0.04314766145288462,224644,0.04305820610687028,0.2807233890052885,21.6025390625,16,0,2048,0.323735932004638,0.8901,0.314144190120697,0.32487790600862354,234752,235146,"[0.848, 0.973, 0.794, 0.902, 0.849, 0.964, 0.677, 0.964, 0.978, 0.952]","[0.8632887189292543, 0.9817658349328215, 0.8097207859358841, 0.929637526652452, 0.8684470820969338, 0.9651394422310757, 0.7085377821393523, 0.9634655532359081, 0.963855421686747, 0.9489695780176644]",batch,both
FashionMNIST,small,42,10,a2,layerwise,mean_activation,baseline,,0.3,5,0.8981,0.8923,0.2837249626159668,0.3122759716928005,225000,0.04314766145288462,224644,0.04305820610687028,0.2807233890052885,21.6025390625,16,0,2048,0.32564723095856607,0.8923,0.3122759748995304,0.32391792198177427,234752,235146,"[0.839, 0.97, 0.813, 0.904, 0.825, 0.964, 0.712, 0.971, 0.976, 0.949]","[0.8432122370936902, 0.980806142034549, 0.8221302998965874, 0.9317697228144989, 0.8456973293768546, 0.9611553784860558, 0.718351324828263, 0.9697286012526096, 0.964859437751004, 0.9479882237487733]",batch,both
FashionMNIST,small,42,10,a2,layerwise,mean_activation,baseline,,0.4,0,0.8745,0.8603,0.3463976696014404,0.3675680270910263,221529,0.05790870352887145,221186,0.05778864503816794,0.2807233890052885,21.6025390625,16,0,2048,0.3351153819821775,0.8603,0.3675680286169052,0.38315176498144865,234752,235146,"[0.943, 0.975, 0.73, 0.846, 0.892, 0.961, 0.383, 0.947, 0.968, 0.958]","[0.9483747609942639, 0.9836852207293666, 0.7735263702171665, 0.8656716417910447, 0.9169139465875371, 0.9581673306772909, 0.43866535819430813, 0.9519832985386222, 0.9518072289156626, 0.9538763493621197]",batch,both
FashionMNIST,small,42,10,a2,layerwise,mean_activation,baseline,,0.4,1,0.8968,0.8886,0.29003834953308105,0.31277824298143386,221529,0.05790870352887145,221186,0.05778864503816794,0.2807233890052885,21.6025390625,16,0,2048,0.3174731779145077,0.8886,0.3127782462120056,0.3292711720569059,234752,235146,"[0.839, 0.969, 0.811, 0.908, 0.822, 0.962, 0.681, 0.963, 0.978, 0.953]","[0.858508604206501, 0.9788867562380038, 0.8190279214064116, 0.94136460554371, 0.8437190900098912, 0.953187250996016, 0.6997055937193327, 0.9634655532359081, 0.9668674698795181, 0.9479882237487733]",batch,both
FashionMNIST,small,42,10,a2,layerwise,mean_activation,baseline,,0.4,3,0.8986,0.8911,0.28545853185653686,0.3116533667087555,221529,0.05790870352887145,221186,0.05778864503816794,0.2807233890052885,21.6025390625,16,0,2048,0.311262303031981,0.8911,0.3116533685922623,0.3431973139522597,234752,235146,"[0.845, 0.975, 0.812, 0.9, 0.826, 0.963, 0.7, 0.968, 0.975, 0.947]","[0.8499043977055449, 0.9846449136276392, 0.8231644260599793, 0.9275053304904051, 0.8456973293768546, 0.9601593625498008, 0.7144259077526988, 0.9697286012526096, 0.9658634538152611, 0.9489695780176644]",batch,both
FashionMNIST,small,42,10,a2,layerwise,mean_activation,baseline,,0.4,5,0.8983,0.8912,0.2849975323677063,0.3122688743650913,221529,0.05790870352887145,221186,0.05778864503816794,0.2807233890052885,21.6025390625,16,0,2048,0.35244963492732495,0.8912,0.3122688813149929,0.39442598004825413,234752,235146,"[0.841, 0.969, 0.827, 0.9, 0.816, 0.965, 0.698, 0.959, 0.976, 0.961]","[0.8489483747609943, 0.9798464491362764, 0.843846949327818, 0.9307036247334755, 0.8447082096933729, 0.952191235059761, 0.7114818449460255, 0.9582463465553236, 0.964859437751004, 0.9528949950932286]",batch,both
FashionMNIST,small,42,10,a2,layerwise,mean_activation,baseline,,0.5,0,0.8717,0.86,0.38851116943359376,0.4051041561841965,218058,0.07266974560485828,217728,0.0725190839694656,0.2807233890052885,21.6025390625,16,0,2048,0.3867674369830638,0.86,0.40510415260791777,0.4043472169432789,234752,235146,"[0.94, 0.975, 0.729, 0.855, 0.897, 0.967, 0.379, 0.949, 0.969, 0.94]","[0.9474187380497132, 0.9817658349328215, 0.7528438469493278, 0.8742004264392325, 0.9208704253214639, 0.9691235059760956, 0.4200196270853778, 0.9530271398747391, 0.9528112449799196, 0.943081452404318]",batch,both
FashionMNIST,small,42,10,a2,layerwise,mean_activation,baseline,,0.5,1,0.895,0.8886,0.29192610311508177,0.31278291046619416,218058,0.07266974560485828,217728,0.0725190839694656,0.2807233890052885,21.6025390625,16,0,2048,0.3436031120363623,0.8886,0.31278291046619416,0.37360754993278533,234752,235146,"[0.839, 0.97, 0.82, 0.903, 0.833, 0.958, 0.677, 0.949, 0.977, 0.96]","[0.8565965583173997, 0.9798464491362764, 0.8262668045501551, 0.9307036247334755, 0.8516320474777448, 0.9492031872509961, 0.676153091265947, 0.9613778705636743, 0.963855421686747, 0.9587831207065751]",batch,both
FashionMNIST,small,42,10,a2,layerwise,mean_activation,baseline,,0.5,3,0.8977,0.8883,0.2864184425354004,0.31226682554483415,218058,0.07266974560485828,217728,0.0725190839694656,0.2807233890052885,21.6025390625,16,0,2048,0.373626527027227,0.8883,0.31226682996749877,0.36836352094542235,234752,235146,"[0.844, 0.971, 0.794, 0.9, 0.816, 0.964, 0.708, 0.956, 0.975, 0.955]","[0.8527724665391969, 0.9817658349328215, 0.8138572905894519, 0.9317697228144989, 0.8437190900098912, 0.9621513944223108, 0.719332679097154, 0.9592901878914405, 0.9618473895582329, 0.9538763493621197]",batch,both
FashionMNIST,small,42,10,a2,layerwise,mean_activation,baseline,,0.5,5,0.8986,0.8883,0.285734321308136,0.3122790001749992,218058,0.07266974560485828,217728,0.0725190839694656,0.2807233890052885,21.6025390625,16,0,2048,0.3294151050504297,0.8883,0.3122790024280548,0.3820408680476248,234752,235146,"[0.831, 0.968, 0.831, 0.908, 0.798, 0.965, 0.697, 0.956, 0.971, 0.958]","[0.844168260038241, 0.9779270633397313, 0.8366080661840745, 0.9360341151385928, 0.837784371909001, 0.9631474103585658, 0.7212953876349362, 0.9572025052192067, 0.9628514056224899, 0.9538763493621197]",batch,both
FashionMNIST,small,42,10,a2,layerwise,mean_activation,baseline,,0.7,0,0.8654,0.8575,0.5843481486320495,0.595837879037857,211383,0.10105636498175596,211078,0.10084685114503822,0.2807233890052885,21.6025390625,16,0,2048,0.3278532789554447,0.8575,0.5958378805160522,0.36881612602155656,234752,235146,"[0.947, 0.973, 0.688, 0.877, 0.827, 0.971, 0.491, 0.911, 0.937, 0.953]","[0.9426386233269598, 0.9865642994241842, 0.6928645294725957, 0.8923240938166311, 0.837784371909001, 0.9711155378486056, 0.5426889106967615, 0.9008350730688935, 0.9186746987951807, 0.9617271835132483]",batch,both
FashionMNIST,small,42,10,a2,layerwise,mean_activation,baseline,,0.7,1,0.8924,0.8804,0.3091276406288147,0.3300493907928467,211383,0.10105636498175596,211078,0.10084685114503822,0.2807233890052885,21.6025390625,16,0,2048,0.32922833296470344,0.8804,0.33004939177036285,0.37625259906053543,234752,235146,"[0.819, 0.965, 0.776, 0.905, 0.836, 0.951, 0.671, 0.949, 0.977, 0.955]","[0.8451242829827916, 0.9760076775431862, 0.7900723888314375, 0.9339019189765458, 0.8644906033630069, 0.9432270916334662, 0.6947988223748773, 0.9624217118997912, 0.964859437751004, 0.9528949950932286]",batch,both
FashionMNIST,small,42,10,a2,layerwise,mean_activation,baseline,,0.7,3,0.896,0.8837,0.29272355852127074,0.3172926993608475,211383,0.10105636498175596,211078,0.10084685114503822,0.2807233890052885,21.6025390625,16,0,2048,0.34743128903210163,0.8837,0.31729269461631776,0.33082993200514466,234752,235146,"[0.82, 0.969, 0.803, 0.899, 0.802, 0.954, 0.697, 0.971, 0.976, 0.946]","[0.8374760994263862, 0.982725527831094, 0.8210961737331954, 0.9360341151385928, 0.8407517309594461, 0.9432270916334662, 0.7212953876349362, 0.9718162839248434, 0.9658634538152611, 0.9450441609421001]",batch,both
FashionMNIST,small,42,10,a2,layerwise,mean_activation,baseline,,0.7,5,0.8975,0.8868,0.2883735026359558,0.31556279129981996,211383,0.10105636498175596,211078,0.10084685114503822,0.2807233890052885,21.6025390625,16,0,2048,0.3613102090312168,0.8868,0.3155627942085266,0.353781845071353,234752,235146,"[0.856, 0.968, 0.803, 0.909, 0.827, 0.961, 0.656, 0.963, 0.978, 0.947]","[0.8623326959847036, 0.9788867562380038, 0.8210961737331954, 0.9339019189765458, 0.8595450049455984, 0.9561752988047809, 0.6859666339548577, 0.9676409185803758, 0.9688755020080321, 0.9450441609421001]",batch,both
FashionMNIST,small,42,10,all,all,firing_rate,baseline,,0.05,0,0.8857,0.874,0.30840138597488403,0.3382150406599045,222660,0.05309892577377462,222284,0.05311136859323884,0.2807233890052885,21.6025390625,16,0,2048,0.3439040209632367,0.874,0.3382150370121002,0.35099666891619563,234752,235146,"[0.904, 0.968, 0.709, 0.861, 0.883, 0.959, 0.576, 0.956, 0.971, 0.953]","[0.9120458891013384, 0.9798464491362764, 0.734229576008273, 0.8763326226012793, 0.9119683481701286, 0.9561752988047809, 0.620215897939156, 0.9603340292275574, 0.9548192771084337, 0.9470068694798822]",batch,both
FashionMNIST,small,42,10,all,all,firing_rate,baseline,,0.05,1,0.8974,0.8918,0.28556922082901,0.31153760387301443,222660,0.05309892577377462,222284,0.05311136859323884,0.2807233890052885,21.6025390625,16,0,2048,0.37011892499867827,0.8918,0.3115376018822193,0.35514236195012927,234752,235146,"[0.842, 0.975, 0.808, 0.906, 0.828, 0.96, 0.703, 0.969, 0.978, 0.949]","[0.858508604206501, 0.982725527831094, 0.8200620475698035, 0.9317697228144989, 0.8486646884272997, 0.9551792828685259, 0.6997055937193327, 0.9665970772442589, 0.9678714859437751, 0.9470068694798822]",batch,both
FashionMNIST,small,42,10,all,all,firing_rate,baseline,,0.05,3,0.8989,0.8938,0.28480685958862306,0.31331873090863227,222660,0.05309892577377462,222284,0.05311136859323884,0.2807233890052885,21.6025390625,16,0,2048,0.36030556506011635,0.8938,0.31331873571276664,0.32218667306005955,234752,235146,"[0.84, 0.973, 0.818, 0.919, 0.832, 0.963, 0.694, 0.967, 0.978, 0.954]","[0.844168260038241, 0.982725527831094, 0.8345398138572906, 0.94136460554371, 0.8545994065281899, 0.9591633466135459, 0.6967615309126595, 0.965553235908142, 0.9658634538152611, 0.9499509322865555]",batch,both
FashionMNIST,small,42,10,all,all,firing_rate,baseline,,0.05,5,0.8998,0.8942,0.28530966415405273,0.31417939149737356,222660,0.05309892577377462,222284,0.05311136859323884,0.2807233890052885,21.6025390625,16,0,2048,0.31815324898343533,0.8942,0.31417939360141756,0.3338168429909274,234752,235146,"[0.839, 0.975, 0.832, 0.91, 0.808, 0.962, 0.718, 0.957, 0.977, 0.964]","[0.8432122370936902, 0.982725527831094, 0.8428128231644261, 0.9349680170575693, 0.8308605341246291, 0.9611553784860558, 0.7242394504416094, 0.9624217118997912, 0.9658634538152611, 0.9548577036310107]",batch,both
FashionMNIST,small,42,10,all,all,firing_rate,baseline,,0.1,0,0.8862,0.8732,0.3131766977310181,0.34047134003639223,209417,0.10941712808212767,209060,0.10944315703380592,0.2807233890052885,21.6025390625,16,0,2048,0.32112800795584917,0.8732,0.3404713407516479,0.335935925017111,234752,235146,"[0.91, 0.966, 0.721, 0.859, 0.886, 0.954, 0.559, 0.956, 0.968, 0.953]","[0.9196940726577438, 0.9798464491362764, 0.7549120992761117, 0.8720682302771855, 0.9129574678536103, 0.953187250996016, 0.5996074582924436, 0.9582463465553236, 0.9598393574297188, 0.9479882237487733]",batch,both
FashionMNIST,small,42,10,all,all,firing_rate,baseline,,0.1,1,0.8955,0.8915,0.2907445955276489,0.3156182619035244,209417,0.10941712808212767,209060,0.10944315703380592,0.2807233890052885,21.6025390625,16,0,2048,0.3502493790583685,0.8915,0.3156182656109333,0.3237887069117278,234752,235146,"[0.848, 0.969, 0.796, 0.909, 0.844, 0.961, 0.696, 0.967, 0.971, 0.954]","[0.858508604206501, 0.9798464491362764, 0.8055842812823164, 0.9275053304904051, 0.8605341246290801, 0.9561752988047809, 0.6987242394504416, 0.9634655532359081, 0.9588353413654619, 0.9489695780176644]",batch,both
FashionMNIST,small,42,10,all,all,firing_rate,baseline,,0.1,3,0.899,0.8929,0.2876931156158447,0.3150538493990898,209417,0.10941712808212767,209060,0.10944315703380592,0.2807233890052885,21.6025390625,16,0,2048,0.33212345000356436,0.8929,0.31505385499596594,0.32971649791579694,234752,235146,"[0.834, 0.97, 0.824, 0.915, 0.807, 0.961, 0.72, 0.966, 0.975, 0.957]","[0.8451242829827916, 0.9817658349328215, 0.8262668045501551, 0.9381663113006397, 0.8358061325420376, 0.9581673306772909, 0.7271835132482827, 0.9676409185803758, 0.9628514056224899, 0.9519136408243376]",batch,both
FashionMNIST,small,42,10,all,all,firing_rate,baseline,,0.1,5,0.8991,0.894,0.2846669268608093,0.3146091609418392,209417,0.10941712808212767,209060,0.10944315703380592,0.2807233890052885,21.6025390625,16,0,2048,0.33853565505705774,0.894,0.31460915892124175,0.3450195109471679,234752,235146,"[0.835, 0.973, 0.823, 0.907, 0.842, 0.96, 0.703, 0.956, 0.976, 0.965]","[0.8413001912045889, 0.9846449136276392, 0.828335056876939, 0.9275053304904051, 0.8565776458951533, 0.9621513944223108, 0.7173699705593719, 0.9572025052192067, 0.964859437751004, 0.9548577036310107]",batch,both
FashionMNIST,small,42,10,all,all,firing_rate,baseline,,0.2,0,0.8806,0.8672,0.3299789630889893,0.3549680547952652,183183,0.2209818580796612,182865,0.22102900081788446,0.2807233890052885,21.6025390625,16,0,2048,0.3281001530122012,0.8672,0.35496804374456403,0.334579210029915,234752,235146,"[0.917, 0.954, 0.696, 0.865, 0.888, 0.938, 0.548, 0.94, 0.968, 0.958]","[0.9273422562141491, 0.9692898272552783, 0.7259565667011375, 0.8805970149253731, 0.9060336300692384, 0.9392430278884463, 0.591756624141315, 0.9446764091858038, 0.9618473895582329, 0.9548577036310107]",batch,both
FashionMNIST,small,42,10,all,all,firing_rate,baseline,,0.2,1,0.8947,0.8894,0.29452165231704713,0.31832516021728513,183183,0.2209818580796612,182865,0.22102900081788446,0.2807233890052885,21.6025390625,16,0,2048,0.3173532549990341,0.8894,0.318325153529644,0.31971801503095776,234752,235146,"[0.821, 0.968, 0.797, 0.906, 0.842, 0.945, 0.719, 0.956, 0.977, 0.963]","[0.8317399617590823, 0.980806142034549, 0.7983453981385729, 0.9189765458422174, 0.8644906033630069, 0.9452191235059761, 0.7350343473994112, 0.954070981210856, 0.963855421686747, 0.956820412168793]",batch,both
FashionMNIST,small,42,10,all,all,firing_rate,baseline,,0.2,3,0.899,0.891,0.28869639463424684,0.3120912152528763,183183,0.2209818580796612,182865,0.22102900081788446,0.2807233890052885,21.6025390625,16,0,2048,0.31633550801780075,0.891,0.31209121153354646,0.3182674840791151,234752,235146,"[0.855, 0.97, 0.803, 0.908, 0.84, 0.952, 0.682, 0.962, 0.976, 0.962]","[0.8652007648183556, 0.9817658349328215, 0.8148914167528438, 0.9360341151385928, 0.8635014836795252, 0.952191235059761, 0.6977428851815506, 0.9634655532359081, 0.963855421686747, 0.9548577036310107]",batch,both
FashionMNIST,small,42,10,all,all,firing_rate,baseline,,0.2,5,0.8991,0.8919,0.28764835367202757,0.31432766349315644,183183,0.2209818580796612,182865,0.22102900081788446,0.2807233890052885,21.6025390625,16,0,2048,0.344391991966404,0.8919,0.3143276667058468,0.3288420879980549,234752,235146,"[0.85, 0.971, 0.806, 0.906, 0.83, 0.956, 0.704, 0.959, 0.971, 0.966]","[0.8565965583173997, 0.9836852207293666, 0.827300930713547, 0.9339019189765458, 0.8466864490603363, 0.953187250996016, 0.7163886162904809, 0.9551148225469729, 0.963855421686747, 0.957801766437684]",batch,both
FashionMNIST,small,42,10,all,all,firing_rate,baseline,,0.3,0,0.8752,0.8624,0.3509136196136475,0.3718173394918442,158500,0.32595068595680976,158220,0.3260121319520175,0.2807233890052885,21.6025390625,16,0,2048,0.32816836703568697,0.8624,0.37181733913421633,0.3432225500000641,234752,235146,"[0.937, 0.949, 0.716, 0.866, 0.875, 0.922, 0.491, 0.943, 0.966, 0.959]","[0.9359464627151052, 0.9664107485604606, 0.7476732161323681, 0.8816631130063965, 0.9050445103857567, 0.9233067729083665, 0.5309126594700687, 0.9467640918580376, 0.9568273092369478, 0.9548577036310107]",batch,both
FashionMNIST,small,42,10,all,all,firing_rate,baseline,,0.3,1,0.8925,0.887,0.2962555235862732,0.31876056978702544,158500,0.32595068595680976,158220,0.3260121319520175,0.2807233890052885,21.6025390625,16,0,2048,0.3640803649323061,0.887,0.31876056501865385,0.36275144398678094,234752,235146,"[0.829, 0.967, 0.817, 0.901, 0.831, 0.949, 0.694, 0.943, 0.975, 0.964]","[0.8422562141491395, 0.9769673704414588, 0.8190279214064116, 0.920042643923241, 0.8466864490603363, 0.9492031872509961, 0.7095191364082434, 0.9436325678496869, 0.9628514056224899, 0.957801766437684]",batch,both
FashionMNIST,small,42,10,all,all,firing_rate,baseline,,0.3,3,0.8967,0.8879,0.2915033750534058,0.3160072155714035,158500,0.32595068595680976,158220,0.3260121319520175,0.2807233890052885,21.6025390625,16,0,2048,0.3172470038989559,0.8879,0.31600721888542177,0.3341001949738711,234752,235146,"[0.844, 0.968, 0.803, 0.904, 0.805, 0.949, 0.716, 0.963, 0.974, 0.953]","[0.8556405353728489, 0.9788867562380038, 0.8179937952430196, 0.929637526652452, 0.8318496538081108, 0.9462151394422311, 0.7360157016683022, 0.9613778705636743, 0.9658634538152611, 0.9470068694798822]",batch,both
FashionMNIST,small,42,10,all,all,firing_rate,baseline,,0.3,5,0.8972,0.8884,0.288696518611908,0.3137978030145168,158500,0.32595068595680976,158220,0.3260121319520175,0.2807233890052885,21.6025390625,16,0,2048,0.3195015589008108,0.8884,0.3137978057682514,0.32849509199149907,234752,235146,"[0.83, 0.965, 0.796, 0.904, 0.83, 0.956, 0.707, 0.963, 0.975, 0.958]","[0.8403441682600382, 0.9788867562380038, 0.8097207859358841, 0.9328358208955224, 0.8565776458951533, 0.954183266932271, 0.7311089303238469, 0.9551148225469729, 0.964859437751004, 0.9519136408243376]",batch,both
FashionMNIST,small,42,10,all,all,firing_rate,baseline,,0.4,0,0.8639,0.853,0.40456913595199584,0.42110387926101683,133605,0.43182108137072284,133364,0.4318940839694656,0.2807233890052885,21.6025390625,16,0,2048,0.3111872039735317,0.853,0.4211038719654083,0.3229218199849129,234752,235146,"[0.944, 0.947, 0.707, 0.833, 0.878, 0.928, 0.449, 0.945, 0.945, 0.954]","[0.9445506692160612, 0.9616122840690979, 0.7352637021716649, 0.8486140724946695, 0.9060336300692384, 0.9213147410358565, 0.4887144259077527, 0.9488517745302714, 0.9367469879518072, 0.943081452404318]",batch,both
FashionMNIST,small,42,10,all,all,firing_rate,baseline,,0.4,1,0.8895,0.8843,0.3046452154159546,0.3252528253674507,133605,0.43182108137072284,133364,0.4318940839694656,0.2807233890052885,21.6025390625,16,0,2048,0.30354396207258105,0.8843,0.3252528293251991,0.32693897699937224,234752,235146,"[0.855, 0.963, 0.815, 0.901, 0.819, 0.94, 0.666, 0.966, 0.973, 0.945]","[0.8671128107074569, 0.9750479846449136, 0.8200620475698035, 0.9275053304904051, 0.8417408506429278, 0.9382470119521913, 0.6663395485770363, 0.9603340292275574, 0.964859437751004, 0.9381746810598626]",batch,both
FashionMNIST,small,42,10,all,all,firing_rate,baseline,,0.4,3,0.8927,0.8846,0.2945597864151001,0.31774371840953824,133605,0.43182108137072284,133364,0.4318940839694656,0.2807233890052885,21.6025390625,16,0,2048,0.3189842249266803,0.8846,0.31774371716976163,0.31275133800227195,234752,235146,"[0.838, 0.967, 0.804, 0.893, 0.82, 0.948, 0.689, 0.96, 0.974, 0.953]","[0.8537284894837476, 0.9817658349328215, 0.811789038262668, 0.9232409381663113, 0.847675568743818, 0.9492031872509961, 0.7016683022571149, 0.954070981210856, 0.9628514056224899, 0.9440628066732091]",batch,both
FashionMNIST,small,42,10,all,all,firing_rate,baseline,,0.4,5,0.8936,0.8873,0.2959266535758972,0.3188257009148598,133605,0.43182108137072284,133364,0.4318940839694656,0.2807233890052885,21.6025390625,16,0,2048,0.3096934331115335,0.8873,0.31882569886446,0.3122892640531063,234752,235146,"[0.846, 0.968, 0.813, 0.899, 0.853, 0.95, 0.651, 0.966, 0.972, 0.955]","[0.8537284894837476, 0.9788867562380038, 0.8304033092037229, 0.9253731343283582, 0.8684470820969338, 0.9462151394422311, 0.6673209028459274, 0.9592901878914405, 0.963855421686747, 0.9470068694798822]",batch,both
FashionMNIST,small,42,10,all,all,firing_rate,baseline,,0.5,0,0.8459,0.837,0.49721006441116333,0.5110001442909241,109386,0.5348166670919343,109184,0.534896401308615,0.2807233890052885,21.6025390625,16,0,2048,0.30770582193508744,0.837,0.5110001441001892,0.3143557939911261,234752,235146,"[0.941, 0.922, 0.635, 0.786, 0.907, 0.93, 0.428, 0.939, 0.932, 0.95]","[0.9397705544933078, 0.9472168905950096, 0.6618407445708376, 0.7931769722814499, 0.9248269040553907, 0.9262948207171314, 0.4524043179587831, 0.941544885177453, 0.9206827309236948, 0.9421000981354269]",batch,both
FashionMNIST,small,42,10,all,all,firing_rate,baseline,,0.5,1,0.886,0.8786,0.32097895879745486,0.34124755897521974,109386,0.5348166670919343,109184,0.534896401308615,0.2807233890052885,21.6025390625,16,0,2048,0.3237242850009352,0.8786,0.3412475603103638,0.3265500369016081,234752,235146,"[0.826, 0.96, 0.797, 0.899, 0.817, 0.941, 0.676, 0.95, 0.972, 0.948]","[0.8374760994263862, 0.9750479846449136, 0.8076525336091003, 0.9157782515991472, 0.8417408506429278, 0.9332669322709163, 0.689892051030422, 0.9551148225469729, 0.9678714859437751, 0.9401373895976447]",batch,both
FashionMNIST,small,42,10,all,all,firing_rate,baseline,,0.5,3,0.889,0.88,0.3050116322517395,0.3280515079855919,109386,0.5348166670919343,109184,0.534896401308615,0.2807233890052885,21.6025390625,16,0,2048,0.31072603701613843,0.88,0.32805150965452196,0.3218555219937116,234752,235146,"[0.817, 0.961, 0.799, 0.897, 0.818, 0.945, 0.696, 0.946, 0.969, 0.952]","[0.8212237093690249, 0.9731285988483686, 0.8200620475698035, 0.9189765458422174, 0.8516320474777448, 0.9452191235059761, 0.703631010794897, 0.9498956158663883, 0.964859437751004, 0.9460255152109912]",batch,both
FashionMNIST,small,42,10,all,all,firing_rate,baseline,,0.5,5,0.891,0.8826,0.302119248008728,0.3251490774512291,109386,0.5348166670919343,109184,0.534896401308615,0.2807233890052885,21.6025390625,16,0,2048,0.3071295169647783,0.8826,0.32514907789230346,0.31195358105469495,234752,235146,"[0.836, 0.964, 0.786, 0.896, 0.855, 0.949, 0.667, 0.944, 0.972, 0.957]","[0.8413001912045889, 0.9779270633397313, 0.7973112719751809, 0.9147121535181236, 0.8753709198813057, 0.9492031872509961, 0.6918547595682041, 0.9519832985386222, 0.9588353413654619, 0.9538763493621197]",batch,both
FashionMNIST,small,42,10,all,all,firing_rate,baseline,,0.7,0,0.7409,0.7349,1.1158722341537475,1.125064298248291,63887,0.728309220654402,63761,0.7283899604689203,0.2807233890052885,21.6025390625,16,0,2048,0.3199252770282328,0.7349,1.1250642921447753,0.3286925449501723,234752,235146,"[0.904, 0.755, 0.615, 0.846, 0.907, 0.627, 0.285, 0.815, 0.787, 0.808]","[0.9139579349904398, 0.7955854126679462, 0.6525336091003102, 0.8443496801705757, 0.9277942631058358, 0.6115537848605578, 0.2845927379784102, 0.7881002087682673, 0.7700803212851406, 0.8213935230618253]",batch,both
FashionMNIST,small,42,10,all,all,firing_rate,baseline,,0.7,1,0.8621,0.8542,0.4075428687095642,0.42177057545185087,63887,0.728309220654402,63761,0.7283899604689203,0.2807233890052885,21.6025390625,16,0,2048,0.31447696103714406,0.8542,0.4217705734491348,0.3164182659238577,234752,235146,"[0.807, 0.95, 0.738, 0.871, 0.825, 0.93, 0.582, 0.922, 0.969, 0.948]","[0.8250478011472275, 0.9587332053742802, 0.7528438469493278, 0.8880597014925373, 0.8585558852621167, 0.9023904382470119, 0.6113837095191365, 0.9258872651356994, 0.963855421686747, 0.9362119725220804]",batch,both
FashionMNIST,small,42,10,all,all,firing_rate,baseline,,0.7,3,0.8736,0.8655,0.35383628845214843,0.37174399497509003,63887,0.728309220654402,63761,0.7283899604689203,0.2807233890052885,21.6025390625,16,0,2048,0.3249124300200492,0.8655,0.3717440007686615,0.33330579102039337,234752,235146,"[0.823, 0.955, 0.744, 0.881, 0.812, 0.931, 0.648, 0.94, 0.974, 0.947]","[0.8279158699808795, 0.9625719769673704, 0.7766287487073423, 0.8997867803837953, 0.8437190900098912, 0.9173306772908366, 0.6633954857703631, 0.9467640918580376, 0.9658634538152611, 0.9352306182531894]",batch,both
FashionMNIST,small,42,10,all,all,firing_rate,baseline,,0.7,5,0.8789,0.8703,0.33902970848083497,0.3585632103919983,63887,0.728309220654402,63761,0.7283899604689203,0.2807233890052885,21.6025390625,16,0,2048,0.34819774597417563,0.8703,0.3585632115840912,0.35303936793934554,234752,235146,"[0.836, 0.958, 0.807, 0.897, 0.803, 0.937, 0.609, 0.936, 0.967, 0.953]","[0.8422562141491395, 0.9673704414587332, 0.8252326783867632, 0.9157782515991472, 0.8358061325420376, 0.9342629482071713, 0.6280667320902846, 0.9405010438413361, 0.9618473895582329, 0.943081452404318]",batch,both
FashionMNIST,small,42,10,a1,layerwise,firing_rate,baseline,,0.05,0,0.8893,0.8777,0.30280813808441165,0.3323000919938087,224190,0.04659232987165418,223808,0.04661941112322787,0.2807233890052885,21.6025390625,16,0,2048,0.3458831600146368,0.8777,0.33230009160041807,0.339152435073629,234752,235146,"[0.903, 0.968, 0.707, 0.865, 0.88, 0.958, 0.616, 0.956, 0.971, 0.953]","[0.9082217973231358, 0.9798464491362764, 0.733195449844881, 0.8816631130063965, 0.9080118694362018, 0.9561752988047809, 0.6575073601570167, 0.9624217118997912, 0.9548192771084337, 0.9470068694798822]",batch,both
FashionMNIST,small,42,10,a1,layerwise,firing_rate,baseline,,0.05,1,0.8969,0.8896,0.28889132776260373,0.314612163412571,224190,0.04659232987165418,223808,0.04661941112322787,0.2807233890052885,21.6025390625,16,0,2048,0.34654755098745227,0.8896,0.3146121618926525,0.37311530497390777,234752,235146,"[0.856, 0.971, 0.796, 0.911, 0.822, 0.952, 0.697, 0.972, 0.972, 0.947]","[0.864244741873805, 0.9817658349328215, 0.8107549120992761, 0.9360341151385928, 0.8526211671612265, 0.9452191235059761, 0.6957801766437685, 0.9749478079331941, 0.963855421686747, 0.9479882237487733]",batch,both
FashionMNIST,small,42,10,a1,layerwise,firing_rate,baseline,,0.05,3,0.8984,0.8933,0.28629844160079954,0.31274036223888396,224190,0.04659232987165418,223808,0.04661941112322787,0.2807233890052885,21.6025390625,16,0,2048,0.3094164920039475,0.8933,0.3127403621315956,0.3569461669540033,234752,235146,"[0.84, 0.978, 0.83, 0.912, 0.799, 0.961, 0.718, 0.967, 0.976, 0.952]","[0.847036328871893, 0.9836852207293666, 0.8324715615305067, 0.9456289978678039, 0.8308605341246291, 0.9561752988047809, 0.7154072620215898, 0.964509394572025, 0.963855421686747, 0.9499509322865555]",batch,both
FashionMNIST,small,42,10,a1,layerwise,firing_rate,baseline,,0.05,5,0.8994,0.8939,0.28536734237670897,0.3127671233057976,224190,0.04659232987165418,223808,0.04661941112322787,0.2807233890052885,21.6025390625,16,0,2048,0.32493877899833024,0.8939,0.3127671222448349,0.32850838999729604,234752,235146,"[0.858, 0.975, 0.811, 0.907, 0.841, 0.966, 0.69, 0.955, 0.974, 0.962]","[0.8604206500956023, 0.9865642994241842, 0.8190279214064116, 0.9328358208955224, 0.8664688427299704, 0.9611553784860558, 0.6957801766437685, 0.9551148225469729, 0.964859437751004, 0.9548577036310107]",batch,both
FashionMNIST,small,42,10,a1,layerwise,firing_rate,baseline,,0.1,0,0.8887,0.8763,0.3073907054901123,0.33497372856140134,212321,0.09706735389927956,211952,0.09712377317339149,0.2807233890052885,21.6025390625,16,0,2048,0.33817437302786857,0.8763,0.33497372471094133,0.3183009469648823,234752,235146,"[0.901, 0.966, 0.704, 0.865, 0.88, 0.954, 0.617, 0.957, 0.967, 0.952]","[0.9091778202676865, 0.9798464491362764, 0.7321613236814891, 0.8816631130063965, 0.9080118694362018, 0.952191235059761, 0.6565260058881256, 0.9613778705636743, 0.9548192771084337, 0.9470068694798822]",batch,both
FashionMNIST,small,42,10,a1,layerwise,firing_rate,baseline,,0.1,1,0.8962,0.8898,0.28862937994003296,0.31437652022242546,212321,0.09706735389927956,211952,0.09712377317339149,0.2807233890052885,21.6025390625,16,0,2048,0.3439688190119341,0.8898,0.31437652005553246,0.3536775859538466,234752,235146,"[0.831, 0.975, 0.797, 0.9, 0.845, 0.961, 0.701, 0.968, 0.975, 0.945]","[0.8413001912045889, 0.982725527831094, 0.8024819027921406, 0.9253731343283582, 0.8664688427299704, 0.9611553784860558, 0.7124631992149166, 0.9634655532359081, 0.9658634538152611, 0.9440628066732091]",batch,both
FashionMNIST,small,42,10,a1,layerwise,firing_rate,baseline,,0.1,3,0.8999,0.8921,0.2847910469055176,0.31033550235033036,212321,0.09706735389927956,211952,0.09712377317339149,0.2807233890052885,21.6025390625,16,0,2048,0.31402040598914027,0.8921,0.31033550748825073,0.361876821029,234752,235146,"[0.854, 0.972, 0.808, 0.902, 0.825, 0.962, 0.708, 0.961, 0.975, 0.954]","[0.864244741873805, 0.9846449136276392, 0.8210961737331954, 0.9243070362473348, 0.8555885262116716, 0.9601593625498008, 0.7144259077526988, 0.9603340292275574, 0.963855421686747, 0.9528949950932286]",batch,both
FashionMNIST,small,42,10,a1,layerwise,firing_rate,baseline,,0.1,5,0.8994,0.8931,0.28492882919311524,0.31097026569843295,212321,0.09706735389927956,211952,0.09712377317339149,0.2807233890052885,21.6025390625,16,0,2048,0.36420613701920956,0.8931,0.3109702641427517,0.35913072095718235,234752,235146,"[0.855, 0.975, 0.835, 0.91, 0.814, 0.962, 0.688, 0.961, 0.973, 0.958]","[0.8575525812619503, 0.9856046065259118, 0.8510858324715616, 0.9317697228144989, 0.837784371909001, 0.9601593625498008, 0.7006869479882237, 0.9561586638830898, 0.963855421686747, 0.9538763493621197]",batch,both
FashionMNIST,small,42,10,a1,layerwise,firing_rate,baseline,,0.2,0,0.8859,0.8728,0.31853355207443235,0.34504681206941606,188583,0.19801740195453033,188240,0.19813249727371862,0.2807233890052885,21.6025390625,16,0,2048,0.36647048802115023,0.8728,0.34504680769443513,0.36173685803078115,234752,235146,"[0.901, 0.956, 0.697, 0.868, 0.877, 0.926, 0.62, 0.956, 0.966, 0.961]","[0.9101338432122371, 0.9769673704414588, 0.718717683557394, 0.8880597014925373, 0.9020771513353115, 0.9252988047808764, 0.6584887144259077, 0.9624217118997912, 0.9588353413654619, 0.9538763493621197]",batch,both
FashionMNIST,small,42,10,a1,layerwise,firing_rate,baseline,,0.2,1,0.8949,0.8895,0.29151289348602294,0.31443764939308166,188583,0.19801740195453033,188240,0.19813249727371862,0.2807233890052885,21.6025390625,16,0,2048,0.3399417599430308,0.8895,0.314437654709816,0.34282682789489627,234752,235146,"[0.855, 0.969, 0.808, 0.909, 0.819, 0.948, 0.691, 0.955, 0.977, 0.964]","[0.8594646271510517, 0.9836852207293666, 0.8004136504653567, 0.9349680170575693, 0.8496538081107814, 0.9432270916334662, 0.7016683022571149, 0.9551148225469729, 0.964859437751004, 0.9587831207065751]",batch,both
FashionMNIST,small,42,10,a1,layerwise,firing_rate,baseline,,0.2,3,0.8994,0.8905,0.28589563608169555,0.31159440206885336,188583,0.19801740195453033,188240,0.19813249727371862,0.2807233890052885,21.6025390625,16,0,2048,0.34427956806030124,0.8905,0.31159439855217935,0.3493081120541319,234752,235146,"[0.845, 0.968, 0.812, 0.9, 0.828, 0.96, 0.701, 0.964, 0.976, 0.951]","[0.8527724665391969, 0.982725527831094, 0.8179937952430196, 0.9264392324093816, 0.8506429277942631, 0.9611553784860558, 0.7242394504416094, 0.9613778705636743, 0.9668674698795181, 0.9528949950932286]",batch,both
FashionMNIST,small,42,10,a1,layerwise,firing_rate,baseline,,0.2,5,0.8996,0.8932,0.28906076459884644,0.31315229905843733,188583,0.19801740195453033,188240,0.19813249727371862,0.2807233890052885,21.6025390625,16,0,2048,0.35153169999830425,0.8932,0.31315230202674865,0.3482520650140941,234752,235146,"[0.835, 0.975, 0.824, 0.909, 0.844, 0.954, 0.692, 0.965, 0.975, 0.959]","[0.8403441682600382, 0.9846449136276392, 0.8314374353671148, 0.9317697228144989, 0.8536102868447082, 0.9561752988047809, 0.7114818449460255, 0.9676409185803758, 0.9688755020080321, 0.9548577036310107]",batch,both
FashionMNIST,small,42,10,a1,layerwise,firing_rate,baseline,,0.3,0,0.8823,0.8707,0.3266924988746643,0.35360919084548953,165758,0.29508475585381,165440,0.2952562704471101,0.2807233890052885,21.6025390625,16,0,2048,0.36532878992147744,0.8707,0.353609188580513,0.3419346760492772,234752,235146,"[0.904, 0.956, 0.698, 0.866, 0.875, 0.907, 0.617, 0.956, 0.967, 0.961]","[0.9120458891013384, 0.9760076775431862, 0.7238883143743536, 0.8805970149253731, 0.9030662710187932, 0.9063745019920318, 0.6467124631992149, 0.9634655532359081, 0.9538152610441767, 0.9528949950932286]",batch,both
FashionMNIST,small,42,10,a1,layerwise,firing_rate,baseline,,0.3,1,0.8943,0.8883,0.29239432439804075,0.31614444620609283,165758,0.29508475585381,165440,0.2952562704471101,0.2807233890052885,21.6025390625,16,0,2048,0.3216663170605898,0.8883,0.31614444571733474,0.3478374209953472,234752,235146,"[0.844, 0.971, 0.819, 0.907, 0.819, 0.95, 0.684, 0.964, 0.973, 0.952]","[0.8594646271510517, 0.9788867562380038, 0.8179937952430196, 0.9307036247334755, 0.8427299703264095, 0.953187250996016, 0.6918547595682041, 0.964509394572025, 0.9628514056224899, 0.9450441609421001]",batch,both
FashionMNIST,small,42,10,a1,layerwise,firing_rate,baseline,,0.3,3,0.8967,0.8897,0.28779216327667234,0.31250811747312546,165758,0.29508475585381,165440,0.2952562704471101,0.2807233890052885,21.6025390625,16,0,2048,0.31278590206056833,0.8897,0.3125081253707409,0.32546874100808054,234752,235146,"[0.844, 0.971, 0.801, 0.906, 0.831, 0.953, 0.692, 0.97, 0.975, 0.954]","[0.8489483747609943, 0.980806142034549, 0.8138572905894519, 0.9307036247334755, 0.8595450049455984, 0.9492031872509961, 0.7085377821393523, 0.9665970772442589, 0.963855421686747, 0.9489695780176644]",batch,both
FashionMNIST,small,42,10,a1,layerwise,firing_rate,baseline,,0.3,5,0.8973,0.8921,0.28562316608428956,0.3112490589261055,165758,0.29508475585381,165440,0.2952562704471101,0.2807233890052885,21.6025390625,16,0,2048,0.30573471600655466,0.8921,0.3112490581691265,0.33329085097648203,234752,235146,"[0.861, 0.968, 0.831, 0.905, 0.819, 0.956, 0.68, 0.963, 0.974, 0.964]","[0.8623326959847036, 0.980806142034549, 0.8335056876938987, 0.9264392324093816, 0.8447082096933729, 0.9551792828685259, 0.6947988223748773, 0.9634655532359081, 0.9628514056224899, 0.9528949950932286]",batch,both
FashionMNIST,small,42,10,a1,layerwise,firing_rate,baseline,,0.4,0,0.8747,0.8629,0.3466861391067505,0.37042516057491304,142020,0.39603480390906076,141728,0.39626499454743724,0.2807233890052885,21.6025390625,16,0,2048,0.32676903100218624,0.8629,0.37042516372203826,0.3201158730080351,234752,235146,"[0.908, 0.956, 0.698, 0.855, 0.874, 0.9, 0.58, 0.954, 0.947, 0.957]","[0.9139579349904398, 0.9712092130518234, 0.7197518097207859, 0.8688699360341151, 0.9000989119683481, 0.898406374501992, 0.620215897939156, 0.9592901878914405, 0.9427710843373494, 0.9479882237487733]",batch,both
FashionMNIST,small,42,10,a1,layerwise,firing_rate,baseline,,0.4,1,0.8924,0.8855,0.2941705644607544,0.31685803745388985,142020,0.39603480390906076,141728,0.39626499454743724,0.2807233890052885,21.6025390625,16,0,2048,0.3283151580253616,0.8855,0.3168580407202244,0.32334550307132304,234752,235146,"[0.835, 0.965, 0.834, 0.898, 0.804, 0.945, 0.689, 0.952, 0.973, 0.96]","[0.847036328871893, 0.9779270633397313, 0.8355739400206825, 0.9253731343283582, 0.8308605341246291, 0.9472111553784861, 0.6918547595682041, 0.9551148225469729, 0.963855421686747, 0.9538763493621197]",batch,both
FashionMNIST,small,42,10,a1,layerwise,firing_rate,baseline,,0.4,3,0.895,0.8887,0.28970957593917845,0.3128081538379192,142020,0.39603480390906076,141728,0.39626499454743724,0.2807233890052885,21.6025390625,16,0,2048,0.31365844910033047,0.8887,0.31280814961791037,0.3099453799659386,234752,235146,"[0.846, 0.966, 0.806, 0.907, 0.841, 0.95, 0.676, 0.965, 0.975, 0.955]","[0.8527724665391969, 0.9817658349328215, 0.8179937952430196, 0.9264392324093816, 0.8536102868447082, 0.954183266932271, 0.6879293424926398, 0.9603340292275574, 0.9698795180722891, 0.9489695780176644]",batch,both
FashionMNIST,small,42,10,a1,layerwise,firing_rate,baseline,,0.4,5,0.8964,0.8896,0.2878072639465332,0.31148787510991094,142020,0.39603480390906076,141728,0.39626499454743724,0.2807233890052885,21.6025390625,16,0,2048,0.3104898729361594,0.8896,0.31148787690997126,0.3091461720177904,234752,235146,"[0.846, 0.965, 0.803, 0.908, 0.815, 0.951, 0.718, 0.958, 0.972, 0.96]","[0.8508604206500956, 0.9779270633397313, 0.8138572905894519, 0.9275053304904051, 0.8417408506429278, 0.9551792828685259, 0.732090284592738, 0.954070981210856, 0.9628514056224899, 0.9509322865554465]",batch,both
FashionMNIST,small,42,10,a1,layerwise,firing_rate,baseline,,0.5,0,0.868,0.8557,0.3637812077522278,0.3859732340812683,118282,0.4969848519643115,118016,0.4972737186477645,0.2807233890052885,21.6025390625,16,0,2048,0.31605685700196773,0.8557,0.3859732325077057,0.3090924060670659,234752,235146,"[0.905, 0.947, 0.638, 0.826, 0.895, 0.918, 0.576, 0.957, 0.943, 0.952]","[0.9168260038240917, 0.963531669865643, 0.6608066184074457, 0.8326226012793176, 0.9169139465875371, 0.9153386454183267, 0.6319921491658489, 0.9582463465553236, 0.9307228915662651, 0.9440628066732091]",batch,both
FashionMNIST,small,42,10,a1,layerwise,firing_rate,baseline,,0.5,1,0.8912,0.8829,0.2997766013145447,0.32311994976997377,118282,0.4969848519643115,118016,0.4972737186477645,0.2807233890052885,21.6025390625,16,0,2048,0.3137962339678779,0.8829,0.3231199482679367,0.31045597803313285,234752,235146,"[0.846, 0.96, 0.809, 0.893, 0.833, 0.944, 0.672, 0.943, 0.972, 0.957]","[0.861376673040153, 0.9769673704414588, 0.8179937952430196, 0.917910447761194, 0.8506429277942631, 0.9472111553784861, 0.677134445534838, 0.9498956158663883, 0.9668674698795181, 0.9489695780176644]",batch,both
FashionMNIST,small,42,10,a1,layerwise,firing_rate,baseline,,0.5,3,0.8933,0.8862,0.2957988083839416,0.32106279078722,118282,0.4969848519643115,118016,0.4972737186477645,0.2807233890052885,21.6025390625,16,0,2048,0.3062415000749752,0.8862,0.3210627942442894,0.3062178180553019,234752,235146,"[0.826, 0.961, 0.801, 0.898, 0.834, 0.95, 0.703, 0.964, 0.976, 0.949]","[0.8365200764818356, 0.9760076775431862, 0.8076525336091003, 0.9243070362473348, 0.8536102868447082, 0.952191235059761, 0.7154072620215898, 0.9592901878914405, 0.9688755020080321, 0.943081452404318]",batch,both
FashionMNIST,small,42,10,a1,layerwise,firing_rate,baseline,,0.5,5,0.8951,0.8881,0.29236236505508423,0.31766356358528136,118282,0.4969848519643115,118016,0.4972737186477645,0.2807233890052885,21.6025390625,16,0,2048,0.30586125794798136,0.8881,0.31766356723308564,0.31081896799150854,234752,235146,"[0.824, 0.965, 0.817, 0.897, 0.831, 0.952, 0.705, 0.963, 0.975, 0.952]","[0.8336520076481836, 0.9817658349328215, 0.8190279214064116, 0.9243070362473348, 0.847675568743818, 0.954183266932271, 0.7212953876349362, 0.9624217118997912, 0.9658634538152611, 0.9450441609421001]",batch,both
FashionMNIST,small,42,10,a1,layerwise,firing_rate,baseline,,0.7,0,0.8223,0.8186,0.5350935921669007,0.5472784908771515,71719,0.6950022539188419,71504,0.6954062159214831,0.2807233890052885,21.6025390625,16,0,2048,0.3539738740073517,0.8186,0.5472784976959228,0.34583829005714506,234752,235146,"[0.867, 0.931, 0.63, 0.86, 0.853, 0.83, 0.641, 0.791, 0.922, 0.861]","[0.8862332695984704, 0.944337811900192, 0.6442605997931747, 0.8710021321961621, 0.8763600395647874, 0.797808764940239, 0.6535819430814525, 0.7651356993736952, 0.9046184738955824, 0.8684985279685966]",batch,both
FashionMNIST,small,42,10,a1,layerwise,firing_rate,baseline,,0.7,1,0.8825,0.8758,0.3274215147972107,0.3466654604434967,71719,0.6950022539188419,71504,0.6954062159214831,0.2807233890052885,21.6025390625,16,0,2048,0.3462208299897611,0.8758,0.34666546232700346,0.32327219005674124,234752,235146,"[0.834, 0.962, 0.797, 0.884, 0.834, 0.931, 0.654, 0.942, 0.969, 0.951]","[0.844168260038241, 0.9702495201535508, 0.8086866597724922, 0.9029850746268657, 0.8585558852621167, 0.9272908366533864, 0.6663395485770363, 0.9436325678496869, 0.9628514056224899, 0.943081452404318]",batch,both
FashionMNIST,small,42,10,a1,layerwise,firing_rate,baseline,,0.7,3,0.8882,0.8808,0.31192492847442627,0.3310380537986755,71719,0.6950022539188419,71504,0.6954062159214831,0.2807233890052885,21.6025390625,16,0,2048,0.36574855097569525,0.8808,0.3310380547523499,0.36011003400199115,234752,235146,"[0.841, 0.962, 0.794, 0.898, 0.832, 0.943, 0.658, 0.954, 0.975, 0.951]","[0.8527724665391969, 0.9731285988483686, 0.8107549120992761, 0.9189765458422174, 0.8555885262116716, 0.9352589641434262, 0.6751717369970559, 0.9561586638830898, 0.9678714859437751, 0.9401373895976447]",batch,both
FashionMNIST,small,42,10,a1,layerwise,firing_rate,baseline,,0.7,5,0.8902,0.8808,0.3066841534614563,0.3277366638898849,71719,0.6950022539188419,71504,0.6954062159214831,0.2807233890052885,21.6025390625,16,0,2048,0.35249992192257196,0.8808,0.3277366659641266,0.3470490420004353,234752,235146,"[0.85, 0.961, 0.809, 0.905, 0.79, 0.946, 0.671, 0.944, 0.973, 0.959]","[0.8652007648183556, 0.974088291746641, 0.8262668045501551, 0.9232409381663113, 0.8288822947576657, 0.9452191235059761, 0.6869479882237488, 0.9405010438413361, 0.964859437751004, 0.9499509322865555]",batch,both
FashionMNIST,small,42,10,a2,layerwise,firing_rate,baseline,,0.05,0,0.8865,0.8745,0.30773358507156373,0.3377164612054825,233544,0.006812788650455426,233156,0.006798664122137366,0.2807233890052885,21.6025390625,16,0,2048,0.3308199329767376,0.8745,0.33771646444797515,0.32729970407672226,234752,235146,"[0.905, 0.968, 0.709, 0.861, 0.884, 0.961, 0.576, 0.956, 0.972, 0.953]","[0.9120458891013384, 0.9798464491362764, 0.7352637021716649, 0.8763326226012793, 0.9119683481701286, 0.9621513944223108, 0.620215897939156, 0.9603340292275574, 0.9548192771084337, 0.9479882237487733]",batch,both
FashionMNIST,small,42,10,a2,layerwise,firing_rate,baseline,,0.05,1,0.8973,0.8909,0.28510091009140015,0.31211720993518827,233544,0.006812788650455426,233156,0.006798664122137366,0.2807233890052885,21.6025390625,16,0,2048,0.3062943139811978,0.8909,0.3121172105550766,0.3104021690087393,234752,235146,"[0.849, 0.975, 0.809, 0.904, 0.81, 0.961, 0.713, 0.952, 0.976, 0.96]","[0.8565965583173997, 0.980806142034549, 0.8169596690796277, 0.9264392324093816, 0.8427299703264095, 0.9581673306772909, 0.7173699705593719, 0.9572025052192067, 0.9628514056224899, 0.956820412168793]",batch,both
FashionMNIST,small,42,10,a2,layerwise,firing_rate,baseline,,0.05,3,0.8994,0.8926,0.28375173778533935,0.3117469780683517,233544,0.006812788650455426,233156,0.006798664122137366,0.2807233890052885,21.6025390625,16,0,2048,0.31721904198639095,0.8926,0.3117469801425934,0.3180338239762932,234752,235146,"[0.837, 0.976, 0.797, 0.9, 0.837, 0.961, 0.72, 0.963, 0.977, 0.958]","[0.8393881453154876, 0.9836852207293666, 0.8097207859358841, 0.9285714285714286, 0.8635014836795252, 0.953187250996016, 0.7311089303238469, 0.9676409185803758, 0.9668674698795181, 0.9538763493621197]",batch,both
FashionMNIST,small,42,10,a2,layerwise,firing_rate,baseline,,0.05,5,0.9011,0.8923,0.2824414873123169,0.3121081670105457,233544,0.006812788650455426,233156,0.006798664122137366,0.2807233890052885,21.6025390625,16,0,2048,0.31252996902912855,0.8923,0.312108162432909,0.34020429803058505,234752,235146,"[0.851, 0.975, 0.808, 0.896, 0.817, 0.964, 0.715, 0.967, 0.973, 0.957]","[0.8623326959847036, 0.9846449136276392, 0.8190279214064116, 0.9232409381663113, 0.8536102868447082, 0.9591633466135459, 0.7262021589793916, 0.964509394572025, 0.9668674698795181, 0.9538763493621197]",batch,both
FashionMNIST,small,42,10,a2,layerwise,firing_rate,baseline,,0.1,0,0.8873,0.8743,0.3082105753898621,0.33762026480436325,231942,0.013625577300910963,231560,0.013597328244274842,0.2807233890052885,21.6025390625,16,0,2048,0.34434914495795965,0.8743,0.3376202634572983,0.33978270401712507,234752,235146,"[0.908, 0.968, 0.723, 0.858, 0.887, 0.961, 0.556, 0.955, 0.973, 0.954]","[0.9187380497131931, 0.9798464491362764, 0.7549120992761117, 0.8720682302771855, 0.9119683481701286, 0.9631474103585658, 0.6015701668302257, 0.9582463465553236, 0.9598393574297188, 0.9489695780176644]",batch,both
FashionMNIST,small,42,10,a2,layerwise,firing_rate,baseline,,0.1,1,0.8969,0.892,0.2895504563331604,0.31506630021929743,231942,0.013625577300910963,231560,0.013597328244274842,0.2807233890052885,21.6025390625,16,0,2048,0.32999176997691393,0.892,0.3150662992715836,0.39410448202397674,234752,235146,"[0.86, 0.974, 0.794, 0.911, 0.844, 0.96, 0.681, 0.966, 0.977, 0.953]","[0.869980879541109, 0.980806142034549, 0.8014477766287487, 0.9392324093816631, 0.8585558852621167, 0.9571713147410359, 0.6869479882237488, 0.9676409185803758, 0.9618473895582329, 0.9489695780176644]",batch,both
FashionMNIST,small,42,10,a2,layerwise,firing_rate,baseline,,0.1,3,0.8997,0.8907,0.2837969256401062,0.31366111540198327,231942,0.013625577300910963,231560,0.013597328244274842,0.2807233890052885,21.6025390625,16,0,2048,0.33517846593167633,0.8907,0.31366111694574356,0.3440275089815259,234752,235146,"[0.841, 0.973, 0.797, 0.904, 0.821, 0.963, 0.718, 0.964, 0.972, 0.954]","[0.8460803059273423, 0.9836852207293666, 0.811789038262668, 0.9349680170575693, 0.8496538081107814, 0.9601593625498008, 0.7340529931305201, 0.965553235908142, 0.963855421686747, 0.9509322865554465]",batch,both
FashionMNIST,small,42,10,a2,layerwise,firing_rate,baseline,,0.1,5,0.8994,0.8902,0.2834509097099304,0.3138873223900795,231942,0.013625577300910963,231560,0.013597328244274842,0.2807233890052885,21.6025390625,16,0,2048,0.3526674140011892,0.8902,0.3138873165845871,0.3431835969677195,234752,235146,"[0.814, 0.976, 0.797, 0.892, 0.838, 0.964, 0.736, 0.964, 0.972, 0.949]","[0.8135755258126195, 0.9856046065259118, 0.8148914167528438, 0.9211087420042644, 0.8615232443125618, 0.9661354581673307, 0.7576054955839058, 0.9634655532359081, 0.963855421686747, 0.9499509322865555]",batch,both
FashionMNIST,small,42,10,a2,layerwise,firing_rate,baseline,,0.2,0,0.8844,0.8713,0.31413307847976685,0.3415866423010826,228471,0.028386619376897793,228102,0.028327767175572505,0.2807233890052885,21.6025390625,16,0,2048,0.36329027090687305,0.8713,0.34158663711547854,0.3712402220116928,234752,235146,"[0.914, 0.966, 0.705, 0.865, 0.89, 0.964, 0.543, 0.941, 0.972, 0.953]","[0.9282982791586998, 0.9779270633397313, 0.7373319544984488, 0.8773987206823027, 0.9109792284866469, 0.9711155378486056, 0.5888125613346418, 0.941544885177453, 0.9588353413654619, 0.9470068694798822]",batch,both
FashionMNIST,small,42,10,a2,layerwise,firing_rate,baseline,,0.2,1,0.8972,0.891,0.28551708602905274,0.3120350511968136,228471,0.028386619376897793,228102,0.028327767175572505,0.2807233890052885,21.6025390625,16,0,2048,0.3371578259393573,0.891,0.3120350481986999,0.37025300099048764,234752,235146,"[0.822, 0.976, 0.815, 0.905, 0.841, 0.96, 0.699, 0.962, 0.974, 0.956]","[0.8374760994263862, 0.982725527831094, 0.8241985522233712, 0.929637526652452, 0.8565776458951533, 0.954183266932271, 0.7105004906771345, 0.9676409185803758, 0.9618473895582329, 0.9519136408243376]",batch,both
FashionMNIST,small,42,10,a2,layerwise,firing_rate,baseline,,0.2,3,0.8992,0.8899,0.2847338225364685,0.3112990557432175,228471,0.028386619376897793,228102,0.028327767175572505,0.2807233890052885,21.6025390625,16,0,2048,0.3920647780178115,0.8899,0.31129906275868413,0.36068057001102716,234752,235146,"[0.829, 0.975, 0.812, 0.915, 0.806, 0.957, 0.707, 0.96, 0.977, 0.961]","[0.8460803059273423, 0.9836852207293666, 0.827300930713547, 0.9402985074626866, 0.8427299703264095, 0.952191235059761, 0.7173699705593719, 0.9665970772442589, 0.9658634538152611, 0.9548577036310107]",batch,both
FashionMNIST,small,42,10,a2,layerwise,firing_rate,baseline,,0.2,5,0.8983,0.8936,0.28365583009719847,0.31195961945056916,228471,0.028386619376897793,228102,0.028327767175572505,0.2807233890052885,21.6025390625,16,0,2048,0.3152986679924652,0.8936,0.31195962164998053,0.31556189502589405,234752,235146,"[0.856, 0.975, 0.834, 0.901, 0.809, 0.965, 0.705, 0.968, 0.972, 0.951]","[0.858508604206501, 0.982725527831094, 0.8386763185108583, 0.9264392324093816, 0.8367952522255193, 0.9581673306772909, 0.704612365063788, 0.9697286012526096, 0.964859437751004, 0.9470068694798822]",batch,both
FashionMNIST,small,42,10,a2,layerwise,firing_rate,baseline,,0.3,0,0.8835,0.8702,0.32441692628860475,0.3476833202362061,225000,0.04314766145288462,224644,0.04305820610687028,0.2807233890052885,21.6025390625,16,0,2048,0.3049106380203739,0.8702,0.347683318901062,0.31279490899760276,234752,235146,"[0.932, 0.967, 0.724, 0.868, 0.879, 0.966, 0.502, 0.941, 0.972, 0.951]","[0.9359464627151052, 0.9779270633397313, 0.7642192347466391, 0.8795309168443497, 0.9119683481701286, 0.9721115537848606, 0.5407262021589794, 0.9394572025052192, 0.9618473895582329, 0.9479882237487733]",batch,both
FashionMNIST,small,42,10,a2,layerwise,firing_rate,baseline,,0.3,1,0.8977,0.8905,0.287741871547699,0.31017958418130875,225000,0.04314766145288462,224644,0.04305820610687028,0.2807233890052885,21.6025390625,16,0,2048,0.3060444709844887,0.8905,0.3101795814275742,0.3186029209755361,234752,235146,"[0.83, 0.976, 0.815, 0.91, 0.832, 0.962, 0.689, 0.965, 0.976, 0.95]","[0.847036328871893, 0.9817658349328215, 0.8293691830403309, 0.9328358208955224, 0.8516320474777448, 0.9611553784860558, 0.6967615309126595, 0.9697286012526096, 0.9618473895582329, 0.9499509322865555]",batch,both
FashionMNIST,small,42,10,a2,layerwise,firing_rate,baseline,,0.3,3,0.8981,0.8902,0.284614977645874,0.31139241365790366,225000,0.04314766145288462,224644,0.04305820610687028,0.2807233890052885,21.6025390625,16,0,2048,0.31575598497875035,0.8902,0.31139241119623184,0.32365739601664245,234752,235146,"[0.821, 0.972, 0.796, 0.912, 0.817, 0.964, 0.729, 0.961, 0.972, 0.958]","[0.8307839388145315, 0.980806142034549, 0.8138572905894519, 0.9402985074626866, 0.8387734915924827, 0.9641434262948207, 0.7389597644749755, 0.9634655532359081, 0.9618473895582329, 0.9528949950932286]",batch,both
FashionMNIST,small,42,10,a2,layerwise,firing_rate,baseline,,0.3,5,0.8996,0.8909,0.281845320892334,0.31085163514614106,225000,0.04314766145288462,224644,0.04305820610687028,0.2807233890052885,21.6025390625,16,0,2048,0.30112195399124175,0.8909,0.31085163518190384,0.3144225779687986,234752,235146,"[0.827, 0.975, 0.815, 0.9, 0.825, 0.964, 0.712, 0.967, 0.973, 0.951]","[0.8384321223709369, 0.9836852207293666, 0.8304033092037229, 0.9264392324093816, 0.8526211671612265, 0.9621513944223108, 0.7242394504416094, 0.9697286012526096, 0.9628514056224899, 0.9499509322865555]",batch,both
FashionMNIST,small,42,10,a2,layerwise,firing_rate,baseline,,0.4,0,0.8808,0.8675,0.3450405040740967,0.3666284734487534,221529,0.05790870352887145,221186,0.05778864503816794,0.2807233890052885,21.6025390625,16,0,2048,0.31826999492477626,0.8675,0.36662846896648404,0.3176003940170631,234752,235146,"[0.939, 0.966, 0.713, 0.847, 0.885, 0.968, 0.5, 0.942, 0.971, 0.944]","[0.9435946462715105, 0.9779270633397313, 0.7435367114788004, 0.8699360341151386, 0.9149357072205737, 0.9750996015936255, 0.5407262021589794, 0.9405010438413361, 0.9548192771084337, 0.9421000981354269]",batch,both
FashionMNIST,small,42,10,a2,layerwise,firing_rate,baseline,,0.4,1,0.8973,0.8879,0.28844784345626834,0.31178082922697065,221529,0.05790870352887145,221186,0.05778864503816794,0.2807233890052885,21.6025390625,16,0,2048,0.31299116706941277,0.8879,0.3117808313012123,0.3044408819405362,234752,235146,"[0.846, 0.971, 0.791, 0.909, 0.837, 0.96, 0.681, 0.95, 0.975, 0.959]","[0.8623326959847036, 0.9798464491362764, 0.8097207859358841, 0.9349680170575693, 0.8625123639960435, 0.9551792828685259, 0.6879293424926398, 0.9592901878914405, 0.9678714859437751, 0.956820412168793]",batch,both
FashionMNIST,small,42,10,a2,layerwise,firing_rate,baseline,,0.4,3,0.8999,0.8908,0.2840568545341492,0.3107379763007164,221529,0.05790870352887145,221186,0.05778864503816794,0.2807233890052885,21.6025390625,16,0,2048,0.3071948380675167,0.8908,0.31073797546625137,0.3167669429676607,234752,235146,"[0.843, 0.973, 0.807, 0.909, 0.812, 0.963, 0.709, 0.951, 0.977, 0.964]","[0.8623326959847036, 0.9846449136276392, 0.8241985522233712, 0.9328358208955224, 0.8437190900098912, 0.9551792828685259, 0.7163886162904809, 0.9592901878914405, 0.9658634538152611, 0.957801766437684]",batch,both
FashionMNIST,small,42,10,a2,layerwise,firing_rate,baseline,,0.4,5,0.8986,0.8908,0.28228700380325317,0.31050778738856316,221529,0.05790870352887145,221186,0.05778864503816794,0.2807233890052885,21.6025390625,16,0,2048,0.31998891301918775,0.8908,0.31050778388381006,0.3147650850005448,234752,235146,"[0.843, 0.972, 0.808, 0.906, 0.822, 0.968, 0.693, 0.957, 0.974, 0.965]","[0.8527724665391969, 0.982725527831094, 0.8304033092037229, 0.9285714285714286, 0.847675568743818, 0.9641434262948207, 0.7114818449460255, 0.9530271398747391, 0.963855421686747, 0.9548577036310107]",batch,both
FashionMNIST,small,42,10,a2,layerwise,firing_rate,baseline,,0.5,0,0.8757,0.865,0.3809015543937683,0.398644536447525,218058,0.07266974560485828,217728,0.0725190839694656,0.2807233890052885,21.6025390625,16,0,2048,0.32054869702551514,0.865,0.39864453473091127,0.342735160025768,234752,235146,"[0.942, 0.961, 0.698, 0.847, 0.899, 0.964, 0.476, 0.947, 0.967, 0.949]","[0.9397705544933078, 0.974088291746641, 0.7280248190279214, 0.8656716417910447, 0.9188921859545005, 0.9681274900398407, 0.5103042198233563, 0.9488517745302714, 0.9538152610441767, 0.9450441609421001]",batch,both
FashionMNIST,small,42,10,a2,layerwise,firing_rate,baseline,,0.5,1,0.8951,0.8877,0.2898077744483948,0.31318369228839876,218058,0.07266974560485828,217728,0.0725190839694656,0.2807233890052885,21.6025390625,16,0,2048,0.29908289993181825,0.8877,0.313183700633049,0.3073138960171491,234752,235146,"[0.845, 0.974, 0.804, 0.898, 0.814, 0.956, 0.689, 0.96, 0.978, 0.959]","[0.8537284894837476, 0.980806142034549, 0.8231644260599793, 0.9285714285714286, 0.837784371909001, 0.9482071713147411, 0.7026496565260059, 0.964509394572025, 0.963855421686747, 0.9519136408243376]",batch,both
FashionMNIST,small,42,10,a2,layerwise,firing_rate,baseline,,0.5,3,0.8966,0.8885,0.2879964102745056,0.3111631409406662,218058,0.07266974560485828,217728,0.0725190839694656,0.2807233890052885,21.6025390625,16,0,2048,0.3245472840499133,0.8885,0.3111631455898285,0.3451803360367194,234752,235146,"[0.821, 0.969, 0.787, 0.912, 0.81, 0.959, 0.735, 0.969, 0.977, 0.946]","[0.8307839388145315, 0.9779270633397313, 0.8045501551189245, 0.9381663113006397, 0.847675568743818, 0.951195219123506, 0.7389597644749755, 0.9728601252609603, 0.964859437751004, 0.9440628066732091]",batch,both
FashionMNIST,small,42,10,a2,layerwise,firing_rate,baseline,,0.5,5,0.897,0.8898,0.2844069292068481,0.31038354620933534,218058,0.07266974560485828,217728,0.0725190839694656,0.2807233890052885,21.6025390625,16,0,2048,0.3215992309851572,0.8898,0.3103835435628891,0.322708866908215,234752,235146,"[0.837, 0.974, 0.817, 0.911, 0.802, 0.959, 0.7, 0.964, 0.975, 0.959]","[0.8422562141491395, 0.982725527831094, 0.8366080661840745, 0.9392324093816631, 0.8328387734915925, 0.954183266932271, 0.7085377821393523, 0.964509394572025, 0.963855421686747, 0.9509322865554465]",batch,both
FashionMNIST,small,42,10,a2,layerwise,firing_rate,baseline,,0.7,0,0.8634,0.853,0.5340616915702819,0.5464549105644226,211383,0.10105636498175596,211078,0.10084685114503822,0.2807233890052885,21.6025390625,16,0,2048,0.319886886049062,0.853,0.546454908657074,0.3192654870217666,234752,235146,"[0.947, 0.95, 0.71, 0.857, 0.897, 0.944, 0.375, 0.966, 0.94, 0.944]","[0.9474187380497132, 0.9644913627639156, 0.7352637021716649, 0.8720682302771855, 0.9287833827893175, 0.9352589641434262, 0.4111874386653582, 0.9728601252609603, 0.9246987951807228, 0.9411187438665358]",batch,both
FashionMNIST,small,42,10,a2,layerwise,firing_rate,baseline,,0.7,1,0.8915,0.8824,0.3029471869468689,0.32431011779308316,211383,0.10105636498175596,211078,0.10084685114503822,0.2807233890052885,21.6025390625,16,0,2048,0.3034018010366708,0.8824,0.3243101142168045,0.329487785929814,234752,235146,"[0.833, 0.97, 0.769, 0.903, 0.821, 0.958, 0.686, 0.951, 0.975, 0.958]","[0.8499043977055449, 0.9769673704414588, 0.795243019648397, 0.9285714285714286, 0.8526211671612265, 0.951195219123506, 0.689892051030422, 0.9519832985386222, 0.964859437751004, 0.956820412168793]",batch,both
FashionMNIST,small,42,10,a2,layerwise,firing_rate,baseline,,0.7,3,0.8945,0.8841,0.2949394808769226,0.3193005401134491,211383,0.10105636498175596,211078,0.10084685114503822,0.2807233890052885,21.6025390625,16,0,2048,0.30624645797070116,0.8841,0.3193005434036255,0.309281436027959,234752,235146,"[0.839, 0.971, 0.786, 0.901, 0.843, 0.951, 0.656, 0.967, 0.974, 0.953]","[0.8479923518164436, 0.980806142034549, 0.8097207859358841, 0.9381663113006397, 0.8674579624134521, 0.9452191235059761, 0.677134445534838, 0.9739039665970772, 0.963855421686747, 0.9460255152109912]",batch,both
FashionMNIST,small,42,10,a2,layerwise,firing_rate,baseline,,0.7,5,0.8956,0.888,0.28735091209411623,0.3122024004459381,211383,0.10105636498175596,211078,0.10084685114503822,0.2807233890052885,21.6025390625,16,0,2048,0.31130058597773314,0.888,0.31220240417718886,0.3248619610676542,234752,235146,"[0.827, 0.97, 0.808, 0.9, 0.818, 0.963, 0.702, 0.966, 0.976, 0.95]","[0.8355640535372849, 0.980806142034549, 0.8221302998965874, 0.9317697228144989, 0.8427299703264095, 0.9561752988047809, 0.7154072620215898, 0.9613778705636743, 0.9668674698795181, 0.9479882237487733]",batch,both
FashionMNIST,small,42,10,all,all,activation_variance,baseline,,0.05,0,0.8871,0.8744,0.30745089263916014,0.33746819117069243,222660,0.05309892577377462,222284,0.05311136859323884,0.2807233890052885,21.6025390625,16,0,2048,0.30796023295260966,0.8744,0.337468196284771,0.31578196096234024,234752,235146,"[0.905, 0.967, 0.708, 0.862, 0.882, 0.961, 0.578, 0.956, 0.972, 0.953]","[0.9130019120458891, 0.9798464491362764, 0.734229576008273, 0.8795309168443497, 0.9109792284866469, 0.9621513944223108, 0.6241413150147204, 0.9603340292275574, 0.9548192771084337, 0.9479882237487733]",batch,both
FashionMNIST,small,42,10,all,all,activation_variance,baseline,,0.05,1,0.8966,0.8906,0.2885192594528198,0.3161966162085533,222660,0.05309892577377462,222284,0.05311136859323884,0.2807233890052885,21.6025390625,16,0,2048,0.3075922910356894,0.8906,0.31619662057757375,0.3143597589805722,234752,235146,"[0.83, 0.975, 0.803, 0.915, 0.826, 0.959, 0.706, 0.965, 0.974, 0.953]","[0.8460803059273423, 0.9817658349328215, 0.8066184074457083, 0.94136460554371, 0.847675568743818, 0.9591633466135459, 0.7134445534838076, 0.9624217118997912, 0.963855421686747, 0.9479882237487733]",batch,both
FashionMNIST,small,42,10,all,all,activation_variance,baseline,,0.05,3,0.9002,0.8925,0.2843591839790344,0.3111171364724636,222660,0.05309892577377462,222284,0.05311136859323884,0.2807233890052885,21.6025390625,16,0,2048,0.31440335093066096,0.8925,0.31111713514328004,0.32091366895474494,234752,235146,"[0.852, 0.972, 0.805, 0.915, 0.819, 0.961, 0.71, 0.959, 0.975, 0.957]","[0.858508604206501, 0.9817658349328215, 0.8148914167528438, 0.94136460554371, 0.8496538081107814, 0.9661354581673307, 0.7124631992149166, 0.9634655532359081, 0.964859437751004, 0.9528949950932286]",batch,both
FashionMNIST,small,42,10,all,all,activation_variance,baseline,,0.05,5,0.8996,0.8918,0.2842759545326233,0.3124990123450756,222660,0.05309892577377462,222284,0.05311136859323884,0.2807233890052885,21.6025390625,16,0,2048,0.3088020330760628,0.8918,0.31249901741743086,0.3113326570019126,234752,235146,"[0.84, 0.975, 0.815, 0.908, 0.821, 0.965, 0.701, 0.969, 0.974, 0.95]","[0.8556405353728489, 0.9836852207293666, 0.8221302998965874, 0.9307036247334755, 0.8526211671612265, 0.9601593625498008, 0.7134445534838076, 0.9686847599164927, 0.964859437751004, 0.9479882237487733]",batch,both
FashionMNIST,small,42,10,all,all,activation_variance,baseline,,0.1,0,0.8827,0.872,0.3149203742980957,0.3426920256733894,209417,0.10941712808212767,209060,0.10944315703380592,0.2807233890052885,21.6025390625,16,0,2048,0.3299619830213487,0.872,0.34269203063249587,0.3212473950115964,234752,235146,"[0.913, 0.969, 0.693, 0.857, 0.883, 0.964, 0.564, 0.956, 0.968, 0.953]","[0.9187380497131931, 0.980806142034549, 0.7156153050672182, 0.8710021321961621, 0.9099901088031652, 0.9601593625498008, 0.60549558390579, 0.9582463465553236, 0.9548192771084337, 0.9470068694798822]",batch,both
FashionMNIST,small,42,10,all,all,activation_variance,baseline,,0.1,1,0.8981,0.8902,0.2873680018424988,0.3153424014687538,209417,0.10941712808212767,209060,0.10944315703380592,0.2807233890052885,21.6025390625,16,0,2048,0.3144951619906351,0.8902,0.315342407476902,0.3032813530880958,234752,235146,"[0.837, 0.97, 0.825, 0.907, 0.812, 0.959, 0.703, 0.969, 0.974, 0.946]","[0.8546845124282982, 0.9817658349328215, 0.8304033092037229, 0.9328358208955224, 0.8427299703264095, 0.951195219123506, 0.7114818449460255, 0.9707724425887265, 0.963855421686747, 0.9460255152109912]",batch,both
FashionMNIST,small,42,10,all,all,activation_variance,baseline,,0.1,3,0.9003,0.8926,0.2862593014717102,0.3120539149463177,209417,0.10941712808212767,209060,0.10944315703380592,0.2807233890052885,21.6025390625,16,0,2048,0.3166048669954762,0.8926,0.31205391362309454,0.3307438399642706,234752,235146,"[0.852, 0.974, 0.811, 0.914, 0.823, 0.964, 0.697, 0.955, 0.973, 0.963]","[0.8565965583173997, 0.982725527831094, 0.8221302998965874, 0.94136460554371, 0.8545994065281899, 0.9611553784860558, 0.7065750736015701, 0.9624217118997912, 0.964859437751004, 0.9548577036310107]",batch,both
FashionMNIST,small,42,10,all,all,activation_variance,baseline,,0.1,5,0.8995,0.8921,0.28625975999832154,0.31254960248470304,209417,0.10941712808212767,209060,0.10944315703380592,0.2807233890052885,21.6025390625,16,0,2048,0.3149320250377059,0.8921,0.3125495994150639,0.3107017279835418,234752,235146,"[0.814, 0.975, 0.809, 0.91, 0.822, 0.964, 0.732, 0.967, 0.973, 0.955]","[0.8260038240917782, 0.982725527831094, 0.8159255429162358, 0.9402985074626866, 0.8496538081107814, 0.9551792828685259, 0.7428851815505397, 0.9676409185803758, 0.9668674698795181, 0.9528949950932286]",batch,both
FashionMNIST,small,42,10,all,all,activation_variance,baseline,,0.2,0,0.8794,0.8665,0.3311069048881531,0.35488830733299254,183183,0.2209818580796612,182865,0.22102900081788446,0.2807233890052885,21.6025390625,16,0,2048,0.3232139559695497,0.8665,0.3548883075237274,0.32083911797963083,234752,235146,"[0.932, 0.967, 0.704, 0.853, 0.884, 0.961, 0.49, 0.955, 0.968, 0.951]","[0.9330783938814532, 0.9798464491362764, 0.7352637021716649, 0.8699360341151386, 0.9080118694362018, 0.9611553784860558, 0.5377821393523062, 0.9603340292275574, 0.9578313253012049, 0.9470068694798822]",batch,both
FashionMNIST,small,42,10,all,all,activation_variance,baseline,,0.2,1,0.8956,0.8887,0.2916129120826721,0.3171137846291065,183183,0.2209818580796612,182865,0.22102900081788446,0.2807233890052885,21.6025390625,16,0,2048,0.31558241904713213,0.8887,0.31711378672719004,0.31095021998044103,234752,235146,"[0.836, 0.971, 0.803, 0.907, 0.834, 0.964, 0.686, 0.965, 0.973, 0.948]","[0.8489483747609943, 0.9817658349328215, 0.8159255429162358, 0.9317697228144989, 0.8565776458951533, 0.9631474103585658, 0.6938174681059862, 0.9613778705636743, 0.9598393574297188, 0.9470068694798822]",batch,both
FashionMNIST,small,42,10,all,all,activation_variance,baseline,,0.2,3,0.8989,0.8881,0.2884850782394409,0.31439820073246955,183183,0.2209818580796612,182865,0.22102900081788446,0.2807233890052885,21.6025390625,16,0,2048,0.31335520499851555,0.8881,0.3143982034981251,0.32496787200216204,234752,235146,"[0.855, 0.974, 0.806, 0.898, 0.828, 0.965, 0.666, 0.958, 0.974, 0.957]","[0.8718929254302104, 0.982725527831094, 0.8190279214064116, 0.9360341151385928, 0.857566765578635, 0.9641434262948207, 0.6889106967615309, 0.9551148225469729, 0.9628514056224899, 0.9538763493621197]",batch,both
FashionMNIST,small,42,10,all,all,activation_variance,baseline,,0.2,5,0.8994,0.8896,0.2866022659301758,0.3137350628077984,183183,0.2209818580796612,182865,0.22102900081788446,0.2807233890052885,21.6025390625,16,0,2048,0.31236872903537005,0.8896,0.31373506299853327,0.3132834311109036,234752,235146,"[0.85, 0.973, 0.821, 0.9, 0.814, 0.96, 0.689, 0.969, 0.971, 0.949]","[0.8604206500956023, 0.9836852207293666, 0.8262668045501551, 0.9360341151385928, 0.8437190900098912, 0.9601593625498008, 0.7134445534838076, 0.9665970772442589, 0.9628514056224899, 0.9450441609421001]",batch,both
FashionMNIST,small,42,10,all,all,activation_variance,baseline,,0.3,0,0.8662,0.8556,0.35677948722839353,0.37874007630348205,158500,0.32595068595680976,158220,0.3260121319520175,0.2807233890052885,21.6025390625,16,0,2048,0.3197872210294008,0.8556,0.3787400771379471,0.3185101100243628,234752,235146,"[0.947, 0.97, 0.693, 0.847, 0.894, 0.959, 0.39, 0.933, 0.966, 0.957]","[0.9464627151051626, 0.9836852207293666, 0.7228541882109617, 0.8646055437100213, 0.9169139465875371, 0.9601593625498008, 0.41609421000981356, 0.9331941544885177, 0.9538152610441767, 0.9597644749754661]",batch,both
FashionMNIST,small,42,10,all,all,activation_variance,baseline,,0.3,1,0.8957,0.8866,0.294762620639801,0.32079369469285013,158500,0.32595068595680976,158220,0.3260121319520175,0.2807233890052885,21.6025390625,16,0,2048,0.30762980901636183,0.8866,0.32079370021224024,0.3308061809511855,234752,235146,"[0.845, 0.973, 0.777, 0.896, 0.839, 0.954, 0.688, 0.969, 0.975, 0.95]","[0.8518164435946463, 0.980806142034549, 0.795243019648397, 0.9307036247334755, 0.8644906033630069, 0.9482071713147411, 0.7095191364082434, 0.9718162839248434, 0.9618473895582329, 0.9460255152109912]",batch,both
FashionMNIST,small,42,10,all,all,activation_variance,baseline,,0.3,3,0.8982,0.889,0.290514727973938,0.31452365137934685,158500,0.32595068595680976,158220,0.3260121319520175,0.2807233890052885,21.6025390625,16,0,2048,0.3436589629855007,0.889,0.3145236468374729,0.3163386160740629,234752,235146,"[0.836, 0.97, 0.8, 0.906, 0.824, 0.962, 0.698, 0.97, 0.976, 0.948]","[0.8499043977055449, 0.9788867562380038, 0.8179937952430196, 0.9360341151385928, 0.8486646884272997, 0.9581673306772909, 0.7242394504416094, 0.964509394572025, 0.9608433734939759, 0.9470068694798822]",batch,both
FashionMNIST,small,42,10,all,all,activation_variance,baseline,,0.3,5,0.8989,0.8908,0.2893432446479797,0.31586323326826093,158500,0.32595068595680976,158220,0.3260121319520175,0.2807233890052885,21.6025390625,16,0,2048,0.3054467880865559,0.8908,0.31586322494745256,0.323506809072569,234752,235146,"[0.839, 0.971, 0.799, 0.909, 0.841, 0.952, 0.698, 0.971, 0.977, 0.951]","[0.8527724665391969, 0.9798464491362764, 0.81282316442606, 0.9360341151385928, 0.8615232443125618, 0.9472111553784861, 0.7212953876349362, 0.9697286012526096, 0.964859437751004, 0.9470068694798822]",batch,both
FashionMNIST,small,42,10,all,all,activation_variance,baseline,,0.4,0,0.855,0.8442,0.4176923723220825,0.432898361158371,133605,0.43182108137072284,133364,0.4318940839694656,0.2807233890052885,21.6025390625,16,0,2048,0.3098883560160175,0.8442,0.432898361158371,0.3074199779657647,234752,235146,"[0.94, 0.975, 0.7, 0.852, 0.886, 0.944, 0.302, 0.907, 0.97, 0.966]","[0.9388145315487572, 0.9846449136276392, 0.7269906928645294, 0.8731343283582089, 0.9099901088031652, 0.9412350597609562, 0.338567222767419, 0.9018789144050104, 0.9568273092369478, 0.9744847890088322]",batch,both
FashionMNIST,small,42,10,all,all,activation_variance,baseline,,0.4,1,0.8932,0.8858,0.30621782598495484,0.32720833497047425,133605,0.43182108137072284,133364,0.4318940839694656,0.2807233890052885,21.6025390625,16,0,2048,0.32714782399125397,0.8858,0.3272083383917809,0.3133750359993428,234752,235146,"[0.828, 0.969, 0.805, 0.905, 0.838, 0.949, 0.676, 0.961, 0.974, 0.953]","[0.8403441682600382, 0.9788867562380038, 0.8159255429162358, 0.9349680170575693, 0.8635014836795252, 0.9462151394422311, 0.6840039254170756, 0.9634655532359081, 0.964859437751004, 0.9450441609421001]",batch,both
FashionMNIST,small,42,10,all,all,activation_variance,baseline,,0.4,3,0.8942,0.8862,0.295395763874054,0.3159226592063904,133605,0.43182108137072284,133364,0.4318940839694656,0.2807233890052885,21.6025390625,16,0,2048,0.3093441399978474,0.8862,0.3159226613044739,0.32929345895536244,234752,235146,"[0.831, 0.965, 0.813, 0.907, 0.808, 0.956, 0.695, 0.965, 0.973, 0.949]","[0.8326959847036329, 0.9798464491362764, 0.8231644260599793, 0.9424307036247335, 0.8358061325420376, 0.950199203187251, 0.7075564278704612, 0.9634655532359081, 0.9668674698795181, 0.9460255152109912]",batch,both
FashionMNIST,small,42,10,all,all,activation_variance,baseline,,0.4,5,0.8965,0.887,0.2930152044296265,0.3141662229835987,133605,0.43182108137072284,133364,0.4318940839694656,0.2807233890052885,21.6025390625,16,0,2048,0.318592019029893,0.887,0.31416622719168663,0.3370881120208651,234752,235146,"[0.831, 0.969, 0.772, 0.9, 0.845, 0.957, 0.71, 0.961, 0.971, 0.954]","[0.8403441682600382, 0.9798464491362764, 0.7931747673216132, 0.9307036247334755, 0.8674579624134521, 0.951195219123506, 0.732090284592738, 0.9613778705636743, 0.9628514056224899, 0.9489695780176644]",batch,both
FashionMNIST,small,42,10,all,all,activation_variance,baseline,,0.5,0,0.8341,0.8246,0.5055302626609802,0.5160291429519653,109386,0.5348166670919343,109184,0.534896401308615,0.2807233890052885,21.6025390625,16,0,2048,0.336732515017502,0.8246,0.516029140996933,0.3300721839768812,234752,235146,"[0.914, 0.978, 0.645, 0.83, 0.911, 0.926, 0.246, 0.87, 0.952, 0.974]","[0.9196940726577438, 0.9884836852207294, 0.655635987590486, 0.849680170575693, 0.9208704253214639, 0.9213147410358565, 0.27968596663395484, 0.8747390396659708, 0.9477911646586346, 0.9764474975466143]",batch,both
FashionMNIST,small,42,10,all,all,activation_variance,baseline,,0.5,1,0.8848,0.8784,0.3248926788330078,0.3429826957464218,109386,0.5348166670919343,109184,0.534896401308615,0.2807233890052885,21.6025390625,16,0,2048,0.3075206159846857,0.8784,0.34298270030021666,0.3269435189431533,234752,235146,"[0.837, 0.961, 0.795, 0.903, 0.823, 0.937, 0.654, 0.952, 0.97, 0.952]","[0.8479923518164436, 0.9750479846449136, 0.8035160289555325, 0.9307036247334755, 0.8437190900098912, 0.9233067729083665, 0.6663395485770363, 0.9592901878914405, 0.9618473895582329, 0.9411187438665358]",batch,both
FashionMNIST,small,42,10,all,all,activation_variance,baseline,,0.5,3,0.8915,0.8849,0.3058964514732361,0.3255075109958649,109386,0.5348166670919343,109184,0.534896401308615,0.2807233890052885,21.6025390625,16,0,2048,0.31585277896374464,0.8849,0.32550751328468325,0.326805243967101,234752,235146,"[0.836, 0.969, 0.8, 0.908, 0.82, 0.947, 0.679, 0.963, 0.974, 0.953]","[0.847036328871893, 0.9788867562380038, 0.81282316442606, 0.9424307036247335, 0.8486646884272997, 0.9342629482071713, 0.6869479882237488, 0.964509394572025, 0.963855421686747, 0.9411187438665358]",batch,both
FashionMNIST,small,42,10,all,all,activation_variance,baseline,,0.5,5,0.8927,0.8846,0.3000379680633545,0.3216512424468994,109386,0.5348166670919343,109184,0.534896401308615,0.2807233890052885,21.6025390625,16,0,2048,0.3055252969497815,0.8846,0.3216512437582016,0.3350643829908222,234752,235146,"[0.837, 0.967, 0.809, 0.905, 0.819, 0.946, 0.676, 0.959, 0.974, 0.954]","[0.8451242829827916, 0.9779270633397313, 0.8200620475698035, 0.9317697228144989, 0.8555885262116716, 0.9342629482071713, 0.6869479882237488, 0.9634655532359081, 0.964859437751004, 0.9519136408243376]",batch,both
FashionMNIST,small,42,10,all,all,activation_variance,baseline,,0.7,0,0.7266,0.7221,0.9499308052062988,0.9576099243164062,63887,0.728309220654402,63761,0.7283899604689203,0.2807233890052885,21.6025390625,16,0,2048,0.3091134970309213,0.7221,0.9576099180221558,0.3270059049827978,234752,235146,"[0.798, 0.985, 0.478, 0.701, 0.921, 0.783, 0.187, 0.641, 0.738, 0.989]","[0.7791586998087954, 0.991362763915547, 0.4860392967942089, 0.732409381663113, 0.9188921859545005, 0.7798804780876494, 0.21786064769381747, 0.6471816283924844, 0.6987951807228916, 0.9921491658488715]",batch,both
FashionMNIST,small,42,10,all,all,activation_variance,baseline,,0.7,1,0.8574,0.8476,0.42976833686828614,0.44131133632659914,63887,0.728309220654402,63761,0.7283899604689203,0.2807233890052885,21.6025390625,16,0,2048,0.30660625896416605,0.8476,0.4413113386154175,0.31548449397087097,234752,235146,"[0.859, 0.955, 0.724, 0.847, 0.847, 0.915, 0.512, 0.905, 0.973, 0.939]","[0.8776290630975143, 0.9692898272552783, 0.7362978283350569, 0.8880597014925373, 0.8763600395647874, 0.898406374501992, 0.5397448478900884, 0.8977035490605428, 0.9568273092369478, 0.9322865554465162]",batch,both
FashionMNIST,small,42,10,all,all,activation_variance,baseline,,0.7,3,0.8784,0.8661,0.35610365743637085,0.37374014444351195,63887,0.728309220654402,63761,0.7283899604689203,0.2807233890052885,21.6025390625,16,0,2048,0.3185416760388762,0.8661,0.3737401415348053,0.31871388107538223,234752,235146,"[0.853, 0.96, 0.792, 0.884, 0.794, 0.926, 0.599, 0.933, 0.973, 0.947]","[0.8718929254302104, 0.9760076775431862, 0.8138572905894519, 0.9189765458422174, 0.8358061325420376, 0.9223107569721115, 0.6084396467124632, 0.9467640918580376, 0.9598393574297188, 0.9342492639842983]",batch,both
FashionMNIST,small,42,10,all,all,activation_variance,baseline,,0.7,5,0.8796,0.8727,0.33873609495162965,0.3593229199409485,63887,0.728309220654402,63761,0.7283899604689203,0.2807233890052885,21.6025390625,16,0,2048,0.3071843759389594,0.8727,0.3593229229927063,0.30513927701395005,234752,235146,"[0.826, 0.969, 0.761, 0.88, 0.824, 0.926, 0.666, 0.951, 0.975, 0.949]","[0.8365200764818356, 0.9769673704414588, 0.7745604963805585, 0.9104477611940298, 0.8555885262116716, 0.9213147410358565, 0.6633954857703631, 0.9603340292275574, 0.9598393574297188, 0.9401373895976447]",batch,both
FashionMNIST,small,42,10,a1,layerwise,activation_variance,baseline,,0.05,0,0.8899,0.8777,0.30222332887649533,0.331790710401535,224190,0.04659232987165418,223808,0.04661941112322787,0.2807233890052885,21.6025390625,16,0,2048,0.3612686420092359,0.8777,0.3317907105922699,0.36427895992528647,234752,235146,"[0.904, 0.967, 0.706, 0.864, 0.879, 0.96, 0.616, 0.956, 0.972, 0.953]","[0.9101338432122371, 0.9798464491362764, 0.733195449844881, 0.8816631130063965, 0.9070227497527201, 0.9621513944223108, 0.6565260058881256, 0.9613778705636743, 0.9548192771084337, 0.9479882237487733]",batch,both
FashionMNIST,small,42,10,a1,layerwise,activation_variance,baseline,,0.05,1,0.8976,0.8926,0.28592016859054564,0.31167283091545106,224190,0.04659232987165418,223808,0.04661941112322787,0.2807233890052885,21.6025390625,16,0,2048,0.3668306099716574,0.8926,0.3116728276729584,0.377313019009307,234752,235146,"[0.851, 0.973, 0.831, 0.914, 0.814, 0.96, 0.688, 0.96, 0.976, 0.959]","[0.861376673040153, 0.980806142034549, 0.8335056876938987, 0.9381663113006397, 0.8427299703264095, 0.9551792828685259, 0.6889106967615309, 0.9624217118997912, 0.964859437751004, 0.9528949950932286]",batch,both
FashionMNIST,small,42,10,a1,layerwise,activation_variance,baseline,,0.05,3,0.8993,0.893,0.28641978979110716,0.31098326722979547,224190,0.04659232987165418,223808,0.04661941112322787,0.2807233890052885,21.6025390625,16,0,2048,0.37764323700685054,0.893,0.3109832722842693,0.35062203207053244,234752,235146,"[0.85, 0.975, 0.817, 0.905, 0.816, 0.964, 0.709, 0.962, 0.972, 0.96]","[0.8546845124282982, 0.9856046065259118, 0.8231644260599793, 0.9360341151385928, 0.8437190900098912, 0.9661354581673307, 0.7114818449460255, 0.9634655532359081, 0.9598393574297188, 0.9528949950932286]",batch,both
FashionMNIST,small,42,10,a1,layerwise,activation_variance,baseline,,0.05,5,0.9008,0.894,0.28595607776641846,0.3145476592600346,224190,0.04659232987165418,223808,0.04661941112322787,0.2807233890052885,21.6025390625,16,0,2048,0.31798977602738887,0.894,0.31454765760302544,0.3207990349037573,234752,235146,"[0.83, 0.971, 0.829, 0.917, 0.802, 0.963, 0.727, 0.967, 0.976, 0.958]","[0.8326959847036329, 0.9846449136276392, 0.8324715615305067, 0.9509594882729211, 0.8328387734915925, 0.9581673306772909, 0.7330716388616291, 0.9707724425887265, 0.9668674698795181, 0.9519136408243376]",batch,both
FashionMNIST,small,42,10,a1,layerwise,activation_variance,baseline,,0.1,0,0.8891,0.8775,0.30472729120254516,0.3326312334656715,212321,0.09706735389927956,211952,0.09712377317339149,0.2807233890052885,21.6025390625,16,0,2048,0.3196365929907188,0.8775,0.33263123403787614,0.3273154819617048,234752,235146,"[0.906, 0.968, 0.705, 0.864, 0.877, 0.962, 0.614, 0.956, 0.97, 0.953]","[0.9101338432122371, 0.980806142034549, 0.7321613236814891, 0.8816631130063965, 0.9060336300692384, 0.9601593625498008, 0.6545632973503435, 0.9592901878914405, 0.9548192771084337, 0.9470068694798822]",batch,both
FashionMNIST,small,42,10,a1,layerwise,activation_variance,baseline,,0.1,1,0.8967,0.8916,0.28952187032699583,0.3137118324935436,212321,0.09706735389927956,211952,0.09712377317339149,0.2807233890052885,21.6025390625,16,0,2048,0.3213735530152917,0.8916,0.3137118304789066,0.3365014339797199,234752,235146,"[0.854, 0.972, 0.809, 0.91, 0.826, 0.961, 0.691, 0.969, 0.977, 0.947]","[0.8623326959847036, 0.980806142034549, 0.8210961737331954, 0.9339019189765458, 0.8506429277942631, 0.9551792828685259, 0.6889106967615309, 0.9676409185803758, 0.963855421686747, 0.9470068694798822]",batch,both
FashionMNIST,small,42,10,a1,layerwise,activation_variance,baseline,,0.1,3,0.8999,0.8935,0.2893155571937561,0.3129271461546421,212321,0.09706735389927956,211952,0.09712377317339149,0.2807233890052885,21.6025390625,16,0,2048,0.3242509310366586,0.8935,0.31292714423537255,0.3248808579519391,234752,235146,"[0.834, 0.973, 0.817, 0.92, 0.823, 0.965, 0.714, 0.96, 0.974, 0.955]","[0.8422562141491395, 0.9836852207293666, 0.8304033092037229, 0.9488272921108742, 0.8466864490603363, 0.9621513944223108, 0.7124631992149166, 0.9634655532359081, 0.963855421686747, 0.9509322865554465]",batch,both
FashionMNIST,small,42,10,a1,layerwise,activation_variance,baseline,,0.1,5,0.9009,0.8946,0.2863175937652588,0.3142520751059055,212321,0.09706735389927956,211952,0.09712377317339149,0.2807233890052885,21.6025390625,16,0,2048,0.31679514900315553,0.8946,0.31425207521319387,0.323409206001088,234752,235146,"[0.843, 0.973, 0.813, 0.912, 0.822, 0.965, 0.725, 0.965, 0.976, 0.952]","[0.8460803059273423, 0.9817658349328215, 0.8314374353671148, 0.9371002132196162, 0.8427299703264095, 0.9651394422310757, 0.7203140333660452, 0.9707724425887265, 0.9668674698795181, 0.9519136408243376]",batch,both
FashionMNIST,small,42,10,a1,layerwise,activation_variance,baseline,,0.2,0,0.8878,0.8755,0.31191085290908815,0.3385196741223335,188583,0.19801740195453033,188240,0.19813249727371862,0.2807233890052885,21.6025390625,16,0,2048,0.3262315340107307,0.8755,0.33851967203617095,0.3358114040456712,234752,235146,"[0.908, 0.966, 0.703, 0.862, 0.871, 0.961, 0.605, 0.957, 0.97, 0.952]","[0.9158699808795411, 0.9798464491362764, 0.7290589451913133, 0.8805970149253731, 0.9000989119683481, 0.9591633466135459, 0.647693817468106, 0.9603340292275574, 0.9548192771084337, 0.9460255152109912]",batch,both
FashionMNIST,small,42,10,a1,layerwise,activation_variance,baseline,,0.2,1,0.8961,0.8897,0.29096718492507934,0.3172612120270729,188583,0.19801740195453033,188240,0.19813249727371862,0.2807233890052885,21.6025390625,16,0,2048,0.31888305593747646,0.8897,0.31726121110320094,0.33125329797621816,234752,235146,"[0.865, 0.976, 0.806, 0.885, 0.844, 0.956, 0.676, 0.975, 0.97, 0.944]","[0.8766730401529637, 0.982725527831094, 0.8179937952430196, 0.9115138592750534, 0.8644906033630069, 0.9492031872509961, 0.6840039254170756, 0.9739039665970772, 0.963855421686747, 0.9391560353287537]",batch,both
FashionMNIST,small,42,10,a1,layerwise,activation_variance,baseline,,0.2,3,0.8986,0.8912,0.2860026940345764,0.3121994999647141,188583,0.19801740195453033,188240,0.19813249727371862,0.2807233890052885,21.6025390625,16,0,2048,0.32254195399582386,0.8912,0.31219949833750726,0.3466615789802745,234752,235146,"[0.869, 0.972, 0.823, 0.899, 0.836, 0.961, 0.654, 0.972, 0.976, 0.95]","[0.8852772466539197, 0.9846449136276392, 0.8293691830403309, 0.9307036247334755, 0.8526211671612265, 0.9611553784860558, 0.6663395485770363, 0.9707724425887265, 0.963855421686747, 0.9450441609421001]",batch,both
FashionMNIST,small,42,10,a1,layerwise,activation_variance,baseline,,0.2,5,0.8991,0.8924,0.2870367858886719,0.31474120680093765,188583,0.19801740195453033,188240,0.19813249727371862,0.2807233890052885,21.6025390625,16,0,2048,0.3269494860433042,0.8924,0.31474120400547984,0.3395472059492022,234752,235146,"[0.854, 0.976, 0.833, 0.904, 0.834, 0.964, 0.661, 0.96, 0.977, 0.961]","[0.8680688336520076, 0.9865642994241842, 0.8417786970010341, 0.9328358208955224, 0.8506429277942631, 0.9631474103585658, 0.6751717369970559, 0.9592901878914405, 0.9658634538152611, 0.9519136408243376]",batch,both
FashionMNIST,small,42,10,a1,layerwise,activation_variance,baseline,,0.3,0,0.8863,0.8731,0.3184837086677551,0.3451696783065796,165758,0.29508475585381,165440,0.2952562704471101,0.2807233890052885,21.6025390625,16,0,2048,0.33110799500718713,0.8731,0.34516968038082124,0.32992564304731786,234752,235146,"[0.909, 0.968, 0.692, 0.863, 0.876, 0.958, 0.589, 0.954, 0.97, 0.952]","[0.9206500956022945, 0.980806142034549, 0.717683557394002, 0.8784648187633263, 0.8991097922848664, 0.9561752988047809, 0.6427870461236507, 0.9592901878914405, 0.9558232931726908, 0.9470068694798822]",batch,both
FashionMNIST,small,42,10,a1,layerwise,activation_variance,baseline,,0.3,1,0.8959,0.8908,0.28672820682525635,0.31202351486086843,165758,0.29508475585381,165440,0.2952562704471101,0.2807233890052885,21.6025390625,16,0,2048,0.3183542189653963,0.8908,0.3120235121905804,0.3196687799645588,234752,235146,"[0.856, 0.974, 0.808, 0.896, 0.831, 0.961, 0.691, 0.958, 0.973, 0.96]","[0.8594646271510517, 0.9836852207293666, 0.81282316442606, 0.9285714285714286, 0.8506429277942631, 0.954183266932271, 0.6938174681059862, 0.964509394572025, 0.9628514056224899, 0.9519136408243376]",batch,both
FashionMNIST,small,42,10,a1,layerwise,activation_variance,baseline,,0.3,3,0.8988,0.8913,0.2840415281295776,0.3104542758285999,165758,0.29508475585381,165440,0.2952562704471101,0.2807233890052885,21.6025390625,16,0,2048,0.31927557301241904,0.8913,0.31045427532196046,0.35790678893681616,234752,235146,"[0.848, 0.974, 0.808, 0.903, 0.842, 0.964, 0.68, 0.969, 0.974, 0.951]","[0.8546845124282982, 0.9836852207293666, 0.8210961737331954, 0.9307036247334755, 0.8595450049455984, 0.9581673306772909, 0.703631010794897, 0.9665970772442589, 0.964859437751004, 0.9489695780176644]",batch,both
FashionMNIST,small,42,10,a1,layerwise,activation_variance,baseline,,0.3,5,0.8987,0.8927,0.28321910514831544,0.30881092915534974,165758,0.29508475585381,165440,0.2952562704471101,0.2807233890052885,21.6025390625,16,0,2048,0.34006337309256196,0.8927,0.3088109292626381,0.3346833339892328,234752,235146,"[0.852, 0.972, 0.823, 0.901, 0.823, 0.966, 0.697, 0.966, 0.972, 0.955]","[0.8594646271510517, 0.9836852207293666, 0.8366080661840745, 0.929637526652452, 0.8397626112759644, 0.9621513944223108, 0.7095191364082434, 0.9582463465553236, 0.9618473895582329, 0.9499509322865555]",batch,both
FashionMNIST,small,42,10,a1,layerwise,activation_variance,baseline,,0.4,0,0.8783,0.8671,0.3357504308700561,0.3581612683057785,142020,0.39603480390906076,141728,0.39626499454743724,0.2807233890052885,21.6025390625,16,0,2048,0.3569831200875342,0.8671,0.35816127099990847,0.32917839102447033,234752,235146,"[0.913, 0.967, 0.669, 0.859, 0.882, 0.924, 0.577, 0.95, 0.968, 0.962]","[0.9187380497131931, 0.980806142034549, 0.6907962771458118, 0.8763326226012793, 0.9060336300692384, 0.9153386454183267, 0.6211972522080471, 0.9582463465553236, 0.9568273092369478, 0.9528949950932286]",batch,both
FashionMNIST,small,42,10,a1,layerwise,activation_variance,baseline,,0.4,1,0.8942,0.8874,0.2933595788002014,0.3158849891662598,142020,0.39603480390906076,141728,0.39626499454743724,0.2807233890052885,21.6025390625,16,0,2048,0.31146126810926944,0.8874,0.31588499203324316,0.3207173179835081,234752,235146,"[0.847, 0.971, 0.797, 0.9, 0.839, 0.949, 0.687, 0.948, 0.974, 0.962]","[0.8575525812619503, 0.9798464491362764, 0.8055842812823164, 0.9211087420042644, 0.8635014836795252, 0.9442231075697212, 0.6987242394504416, 0.9561586638830898, 0.9668674698795181, 0.9509322865554465]",batch,both
FashionMNIST,small,42,10,a1,layerwise,activation_variance,baseline,,0.4,3,0.8974,0.8897,0.2892105474472046,0.3126248545229435,142020,0.39603480390906076,141728,0.39626499454743724,0.2807233890052885,21.6025390625,16,0,2048,0.3224374639103189,0.8897,0.3126248481333256,0.31902595108840615,234752,235146,"[0.829, 0.972, 0.804, 0.907, 0.845, 0.966, 0.693, 0.953, 0.973, 0.955]","[0.8413001912045889, 0.9817658349328215, 0.8097207859358841, 0.9349680170575693, 0.8644906033630069, 0.9621513944223108, 0.7134445534838076, 0.954070981210856, 0.9678714859437751, 0.9479882237487733]",batch,both
FashionMNIST,small,42,10,a1,layerwise,activation_variance,baseline,,0.4,5,0.898,0.8905,0.2875821755409241,0.3103295685827732,142020,0.39603480390906076,141728,0.39626499454743724,0.2807233890052885,21.6025390625,16,0,2048,0.36728388897608966,0.8905,0.31032956407666207,0.3335275580175221,234752,235146,"[0.85, 0.972, 0.836, 0.909, 0.818, 0.958, 0.68, 0.956, 0.968, 0.958]","[0.8661567877629063, 0.9846449136276392, 0.8428128231644261, 0.9371002132196162, 0.8367952522255193, 0.9581673306772909, 0.6869479882237488, 0.9561586638830898, 0.9628514056224899, 0.9528949950932286]",batch,both
FashionMNIST,small,42,10,a1,layerwise,activation_variance,baseline,,0.5,0,0.8672,0.8561,0.36724976539611814,0.3870932565450668,118282,0.4969848519643115,118016,0.4972737186477645,0.2807233890052885,21.6025390625,16,0,2048,0.32699355809018016,0.8561,0.38709325616359713,0.31381717999465764,234752,235146,"[0.913, 0.967, 0.646, 0.84, 0.891, 0.899, 0.54, 0.928, 0.971, 0.966]","[0.9168260038240917, 0.9788867562380038, 0.6649431230610134, 0.8646055437100213, 0.9119683481701286, 0.897410358565737, 0.577036310107949, 0.930062630480167, 0.9588353413654619, 0.9636898920510304]",batch,both
FashionMNIST,small,42,10,a1,layerwise,activation_variance,baseline,,0.5,1,0.8916,0.8839,0.3032680742263794,0.32141651788949965,118282,0.4969848519643115,118016,0.4972737186477645,0.2807233890052885,21.6025390625,16,0,2048,0.3240546289598569,0.8839,0.32141651899814605,0.3307115709176287,234752,235146,"[0.858, 0.971, 0.814, 0.912, 0.81, 0.946, 0.644, 0.961, 0.974, 0.949]","[0.864244741873805, 0.980806142034549, 0.8324715615305067, 0.9445628997867804, 0.8417408506429278, 0.9422310756972112, 0.6516192345436702, 0.9613778705636743, 0.9658634538152611, 0.9371933267909716]",batch,both
FashionMNIST,small,42,10,a1,layerwise,activation_variance,baseline,,0.5,3,0.8934,0.8865,0.2948551955223083,0.316408615231514,118282,0.4969848519643115,118016,0.4972737186477645,0.2807233890052885,21.6025390625,16,0,2048,0.33744030399248004,0.8865,0.3164086190700531,0.3112289090640843,234752,235146,"[0.841, 0.971, 0.798, 0.896, 0.836, 0.95, 0.681, 0.965, 0.974, 0.953]","[0.8508604206500956, 0.980806142034549, 0.81282316442606, 0.9317697228144989, 0.857566765578635, 0.9442231075697212, 0.6879293424926398, 0.9634655532359081, 0.963855421686747, 0.9450441609421001]",batch,both
FashionMNIST,small,42,10,a1,layerwise,activation_variance,baseline,,0.5,5,0.8936,0.888,0.2930705509185791,0.3148433468103409,118282,0.4969848519643115,118016,0.4972737186477645,0.2807233890052885,21.6025390625,16,0,2048,0.3110208190046251,0.888,0.3148433453202248,0.3138389550149441,234752,235146,"[0.854, 0.968, 0.808, 0.902, 0.83, 0.959, 0.67, 0.968, 0.972, 0.949]","[0.8623326959847036, 0.9769673704414588, 0.8179937952430196, 0.9349680170575693, 0.8555885262116716, 0.9482071713147411, 0.6790971540726202, 0.9624217118997912, 0.9618473895582329, 0.9411187438665358]",batch,both
FashionMNIST,small,42,10,a1,layerwise,activation_variance,baseline,,0.7,0,0.8001,0.7843,0.5833251956939697,0.5995394278526306,71719,0.6950022539188419,71504,0.6954062159214831,0.2807233890052885,21.6025390625,16,0,2048,0.3390576950041577,0.7843,0.5995394274711608,0.3439370000269264,234752,235146,"[0.888, 0.967, 0.58, 0.782, 0.939, 0.533, 0.392, 0.798, 0.972, 0.992]","[0.9139579349904398, 0.9798464491362764, 0.6049638055842813, 0.8049040511727079, 0.9455984174085065, 0.5388446215139442, 0.4494602551521099, 0.7922755741127349, 0.9608433734939759, 0.9941118743866536]",batch,both
FashionMNIST,small,42,10,a1,layerwise,activation_variance,baseline,,0.7,1,0.8825,0.8722,0.33204042205810547,0.3520728590965271,71719,0.6950022539188419,71504,0.6954062159214831,0.2807233890052885,21.6025390625,16,0,2048,0.32033519400283694,0.8722,0.3520728612422943,0.3238885779865086,234752,235146,"[0.834, 0.963, 0.79, 0.889, 0.813, 0.927, 0.649, 0.93, 0.973, 0.954]","[0.861376673040153, 0.9769673704414588, 0.81282316442606, 0.9221748400852878, 0.8437190900098912, 0.9262948207171314, 0.6437684003925417, 0.9373695198329853, 0.9598393574297188, 0.9440628066732091]",batch,both
FashionMNIST,small,42,10,a1,layerwise,activation_variance,baseline,,0.7,3,0.8864,0.8791,0.3144185209274292,0.3345452078104019,71719,0.6950022539188419,71504,0.6954062159214831,0.2807233890052885,21.6025390625,16,0,2048,0.30947795102838427,0.8791,0.334545209479332,0.3485058529768139,234752,235146,"[0.844, 0.967, 0.778, 0.899, 0.833, 0.931, 0.664, 0.949, 0.974, 0.952]","[0.8527724665391969, 0.9779270633397313, 0.7890382626680456, 0.9371002132196162, 0.8565776458951533, 0.9322709163346613, 0.661432777232581, 0.9613778705636743, 0.9628514056224899, 0.9371933267909716]",batch,both
FashionMNIST,small,42,10,a1,layerwise,activation_variance,baseline,,0.7,5,0.8893,0.8799,0.30632215728759765,0.32906926996707914,71719,0.6950022539188419,71504,0.6954062159214831,0.2807233890052885,21.6025390625,16,0,2048,0.3246928059961647,0.8799,0.3290692707300186,0.3266078180167824,234752,235146,"[0.85, 0.97, 0.817, 0.893, 0.802, 0.943, 0.652, 0.951, 0.974, 0.947]","[0.864244741873805, 0.980806142034549, 0.8231644260599793, 0.9339019189765458, 0.8348170128585559, 0.9472111553784861, 0.6526005888125613, 0.9561586638830898, 0.9628514056224899, 0.9421000981354269]",batch,both
FashionMNIST,small,42,10,a2,layerwise,activation_variance,baseline,,0.05,0,0.8873,0.8748,0.30735895538330077,0.3374626526594162,233544,0.006812788650455426,233156,0.006798664122137366,0.2807233890052885,21.6025390625,16,0,2048,0.32281339599285275,0.8748,0.3374626539707184,0.32955050305463374,234752,235146,"[0.905, 0.968, 0.708, 0.863, 0.884, 0.961, 0.578, 0.956, 0.972, 0.953]","[0.9120458891013384, 0.9798464491362764, 0.7352637021716649, 0.8795309168443497, 0.9129574678536103, 0.9611553784860558, 0.6251226692836114, 0.9603340292275574, 0.9548192771084337, 0.9479882237487733]",batch,both
FashionMNIST,small,42,10,a2,layerwise,activation_variance,baseline,,0.05,1,0.8984,0.8915,0.2840170868873596,0.31171105677485467,233544,0.006812788650455426,233156,0.006798664122137366,0.2807233890052885,21.6025390625,16,0,2048,0.33350635203532875,0.8915,0.31171105886101724,0.3268408989533782,234752,235146,"[0.837, 0.976, 0.819, 0.906, 0.82, 0.96, 0.705, 0.963, 0.976, 0.953]","[0.8556405353728489, 0.980806142034549, 0.8221302998965874, 0.9307036247334755, 0.8466864490603363, 0.9611553784860558, 0.7095191364082434, 0.965553235908142, 0.9668674698795181, 0.9489695780176644]",batch,both
FashionMNIST,small,42,10,a2,layerwise,activation_variance,baseline,,0.05,3,0.8994,0.8936,0.2855849087715149,0.314011707931757,233544,0.006812788650455426,233156,0.006798664122137366,0.2807233890052885,21.6025390625,16,0,2048,0.3189982649637386,0.8936,0.31401170670390127,0.3343588929856196,234752,235146,"[0.866, 0.977, 0.831, 0.906, 0.814, 0.966, 0.688, 0.96, 0.973, 0.955]","[0.8690248565965584, 0.9846449136276392, 0.8397104446742503, 0.9285714285714286, 0.8447082096933729, 0.9641434262948207, 0.6957801766437685, 0.9561586638830898, 0.9618473895582329, 0.9528949950932286]",batch,both
FashionMNIST,small,42,10,a2,layerwise,activation_variance,baseline,,0.05,5,0.8999,0.895,0.2856989588737488,0.31294040287733077,233544,0.006812788650455426,233156,0.006798664122137366,0.2807233890052885,21.6025390625,16,0,2048,0.3487376719713211,0.895,0.31294040863513944,0.3224022570066154,234752,235146,"[0.832, 0.975, 0.816, 0.913, 0.835, 0.963, 0.723, 0.97, 0.975, 0.948]","[0.8288718929254302, 0.982725527831094, 0.8231644260599793, 0.9371002132196162, 0.8555885262116716, 0.9611553784860558, 0.7311089303238469, 0.9707724425887265, 0.964859437751004, 0.9489695780176644]",batch,both
FashionMNIST,small,42,10,a2,layerwise,activation_variance,baseline,,0.1,0,0.884,0.8718,0.3119992479324341,0.3415146154642105,231942,0.013625577300910963,231560,0.013597328244274842,0.2807233890052885,21.6025390625,16,0,2048,0.3283786670072004,0.8718,0.34151460916996,0.3383779450086877,234752,235146,"[0.909, 0.968, 0.695, 0.858, 0.885, 0.961, 0.563, 0.956, 0.97, 0.953]","[0.9187380497131931, 0.9798464491362764, 0.717683557394002, 0.8720682302771855, 0.9119683481701286, 0.9621513944223108, 0.6084396467124632, 0.9603340292275574, 0.9558232931726908, 0.9479882237487733]",batch,both
FashionMNIST,small,42,10,a2,layerwise,activation_variance,baseline,,0.1,1,0.897,0.891,0.2892711309432983,0.31696017312407493,231942,0.013625577300910963,231560,0.013597328244274842,0.2807233890052885,21.6025390625,16,0,2048,0.32708970201201737,0.891,0.3169601702272892,0.320439585018903,234752,235146,"[0.856, 0.972, 0.81, 0.906, 0.845, 0.954, 0.67, 0.969, 0.976, 0.952]","[0.869980879541109, 0.9817658349328215, 0.8241985522233712, 0.9264392324093816, 0.8644906033630069, 0.9462151394422311, 0.676153091265947, 0.9697286012526096, 0.9658634538152611, 0.9489695780176644]",batch,both
FashionMNIST,small,42,10,a2,layerwise,activation_variance,baseline,,0.1,3,0.9001,0.8913,0.28686258363723754,0.3143646302640438,231942,0.013625577300910963,231560,0.013597328244274842,0.2807233890052885,21.6025390625,16,0,2048,0.32931898802053183,0.8913,0.3143646341085434,0.33173076005186886,234752,235146,"[0.82, 0.976, 0.827, 0.91, 0.795, 0.961, 0.735, 0.968, 0.975, 0.946]","[0.8326959847036329, 0.9836852207293666, 0.8324715615305067, 0.9392324093816631, 0.8298714144411474, 0.9631474103585658, 0.7438665358194309, 0.9707724425887265, 0.9668674698795181, 0.9440628066732091]",batch,both
FashionMNIST,small,42,10,a2,layerwise,activation_variance,baseline,,0.1,5,0.9006,0.8936,0.28532503747940063,0.3143909470319748,231942,0.013625577300910963,231560,0.013597328244274842,0.2807233890052885,21.6025390625,16,0,2048,0.3298102970002219,0.8936,0.31439094406366347,0.32791634497698396,234752,235146,"[0.843, 0.978, 0.808, 0.905, 0.825, 0.96, 0.717, 0.971, 0.978, 0.951]","[0.8556405353728489, 0.9865642994241842, 0.8169596690796277, 0.9371002132196162, 0.8427299703264095, 0.9571713147410359, 0.7281648675171737, 0.9718162839248434, 0.9678714859437751, 0.9460255152109912]",batch,both
FashionMNIST,small,42,10,a2,layerwise,activation_variance,baseline,,0.2,0,0.8821,0.8693,0.3187496431350708,0.3457007301449776,228471,0.028386619376897793,228102,0.028327767175572505,0.2807233890052885,21.6025390625,16,0,2048,0.3163625410525128,0.8693,0.34570073643922805,0.33919935999438167,234752,235146,"[0.929, 0.969, 0.708, 0.853, 0.89, 0.961, 0.505, 0.954, 0.971, 0.953]","[0.9292543021032504, 0.9798464491362764, 0.7394002068252327, 0.8720682302771855, 0.9149357072205737, 0.9651394422310757, 0.5515210991167812, 0.9582463465553236, 0.9588353413654619, 0.9479882237487733]",batch,both
FashionMNIST,small,42,10,a2,layerwise,activation_variance,baseline,,0.2,1,0.8959,0.8896,0.28632956075668337,0.31129884132146834,228471,0.028386619376897793,228102,0.028327767175572505,0.2807233890052885,21.6025390625,16,0,2048,0.3167802590178326,0.8896,0.31129883433580396,0.31986701500136405,234752,235146,"[0.837, 0.972, 0.802, 0.906, 0.835, 0.959, 0.692, 0.958, 0.976, 0.959]","[0.8489483747609943, 0.9817658349328215, 0.8169596690796277, 0.9253731343283582, 0.8496538081107814, 0.952191235059761, 0.7085377821393523, 0.9624217118997912, 0.963855421686747, 0.9528949950932286]",batch,both
FashionMNIST,small,42,10,a2,layerwise,activation_variance,baseline,,0.2,3,0.898,0.8923,0.2870800587654114,0.31496999854445457,228471,0.028386619376897793,228102,0.028327767175572505,0.2807233890052885,21.6025390625,16,0,2048,0.3342229180270806,0.8923,0.3149699978291988,0.3203186070313677,234752,235146,"[0.819, 0.972, 0.82, 0.912, 0.828, 0.963, 0.716, 0.967, 0.975, 0.951]","[0.8317399617590823, 0.980806142034549, 0.8262668045501551, 0.9349680170575693, 0.8456973293768546, 0.9601593625498008, 0.7232580961727183, 0.9665970772442589, 0.964859437751004, 0.9509322865554465]",batch,both
FashionMNIST,small,42,10,a2,layerwise,activation_variance,baseline,,0.2,5,0.9002,0.8924,0.28771351203918455,0.3158341048657894,228471,0.028386619376897793,228102,0.028327767175572505,0.2807233890052885,21.6025390625,16,0,2048,0.32056051795370877,0.8924,0.315834105437994,0.32595204596873373,234752,235146,"[0.848, 0.977, 0.8, 0.907, 0.845, 0.964, 0.685, 0.964, 0.977, 0.957]","[0.864244741873805, 0.982725527831094, 0.8138572905894519, 0.9328358208955224, 0.8585558852621167, 0.9651394422310757, 0.7075564278704612, 0.9613778705636743, 0.9678714859437751, 0.9509322865554465]",batch,both
FashionMNIST,small,42,10,a2,layerwise,activation_variance,baseline,,0.3,0,0.8752,0.8644,0.3303989047050476,0.3563881451606751,225000,0.04314766145288462,224644,0.04305820610687028,0.2807233890052885,21.6025390625,16,0,2048,0.32261514803394675,0.8644,0.3563881449699402,0.33534936199430376,234752,235146,"[0.939, 0.971, 0.705, 0.849, 0.902, 0.963, 0.444, 0.94, 0.971, 0.96]","[0.9445506692160612, 0.9817658349328215, 0.733195449844881, 0.8656716417910447, 0.9218595450049456, 0.9671314741035857, 0.4818449460255152, 0.9331941544885177, 0.9548192771084337, 0.9627085377821394]",batch,both
FashionMNIST,small,42,10,a2,layerwise,activation_variance,baseline,,0.3,1,0.8966,0.8901,0.2878709882736206,0.313483664393425,225000,0.04314766145288462,224644,0.04305820610687028,0.2807233890052885,21.6025390625,16,0,2048,0.32199981005396694,0.8901,0.3134836674809456,0.33906500204466283,234752,235146,"[0.835, 0.969, 0.796, 0.908, 0.836, 0.959, 0.708, 0.956, 0.976, 0.958]","[0.8432122370936902, 0.980806142034549, 0.8004136504653567, 0.9360341151385928, 0.8595450049455984, 0.9551792828685259, 0.7154072620215898, 0.9592901878914405, 0.9618473895582329, 0.957801766437684]",batch,both
FashionMNIST,small,42,10,a2,layerwise,activation_variance,baseline,,0.3,3,0.8988,0.8919,0.2850311727523804,0.3120960251271725,225000,0.04314766145288462,224644,0.04305820610687028,0.2807233890052885,21.6025390625,16,0,2048,0.35172132798470557,0.8919,0.3120960239648819,0.3779612190555781,234752,235146,"[0.825, 0.97, 0.818, 0.903, 0.821, 0.966, 0.726, 0.96, 0.975, 0.955]","[0.8355640535372849, 0.982725527831094, 0.828335056876939, 0.9275053304904051, 0.8486646884272997, 0.9631474103585658, 0.7369970559371933, 0.9572025052192067, 0.9598393574297188, 0.9519136408243376]",batch,both
FashionMNIST,small,42,10,a2,layerwise,activation_variance,baseline,,0.3,5,0.9,0.8914,0.28169813232421875,0.31166214870214465,225000,0.04314766145288462,224644,0.04305820610687028,0.2807233890052885,21.6025390625,16,0,2048,0.317776495940052,0.8914,0.3116621520161629,0.32337205891963094,234752,235146,"[0.835, 0.975, 0.809, 0.903, 0.833, 0.962, 0.703, 0.968, 0.974, 0.952]","[0.844168260038241, 0.9846449136276392, 0.8210961737331954, 0.9317697228144989, 0.8565776458951533, 0.9551792828685259, 0.7271835132482827, 0.9686847599164927, 0.964859437751004, 0.9499509322865555]",batch,both
FashionMNIST,small,42,10,a2,layerwise,activation_variance,baseline,,0.4,0,0.8757,0.8619,0.35942587718963626,0.3812374073505402,221529,0.05790870352887145,221186,0.05778864503816794,0.2807233890052885,21.6025390625,16,0,2048,0.3095541789662093,0.8619,0.3812374115228653,0.33722472097724676,234752,235146,"[0.94, 0.976, 0.726, 0.855, 0.883, 0.966, 0.408, 0.93, 0.973, 0.962]","[0.9445506692160612, 0.9846449136276392, 0.7580144777662875, 0.8763326226012793, 0.9149357072205737, 0.9711155378486056, 0.4553483807654563, 0.9269311064718163, 0.9578313253012049, 0.9636898920510304]",batch,both
FashionMNIST,small,42,10,a2,layerwise,activation_variance,baseline,,0.4,1,0.898,0.8887,0.29160482892990114,0.31503182933330537,221529,0.05790870352887145,221186,0.05778864503816794,0.2807233890052885,21.6025390625,16,0,2048,0.3383230909239501,0.8887,0.31503182953596115,0.3306616930058226,234752,235146,"[0.836, 0.968, 0.802, 0.908, 0.832, 0.965, 0.687, 0.968, 0.977, 0.944]","[0.8499043977055449, 0.9788867562380038, 0.8179937952430196, 0.9349680170575693, 0.8615232443125618, 0.9661354581673307, 0.6997055937193327, 0.965553235908142, 0.964859437751004, 0.9450441609421001]",batch,both
FashionMNIST,small,42,10,a2,layerwise,activation_variance,baseline,,0.4,3,0.8979,0.8893,0.2871906684875488,0.31354898641705514,221529,0.05790870352887145,221186,0.05778864503816794,0.2807233890052885,21.6025390625,16,0,2048,0.32683529891073704,0.8893,0.31354898441433904,0.31237652502022684,234752,235146,"[0.847, 0.969, 0.805, 0.896, 0.83, 0.962, 0.694, 0.962, 0.976, 0.952]","[0.858508604206501, 0.9817658349328215, 0.8148914167528438, 0.9285714285714286, 0.8545994065281899, 0.9561752988047809, 0.7085377821393523, 0.965553235908142, 0.9618473895582329, 0.9519136408243376]",batch,both
FashionMNIST,small,42,10,a2,layerwise,activation_variance,baseline,,0.4,5,0.9003,0.8911,0.28640819206237794,0.31150394276976584,221529,0.05790870352887145,221186,0.05778864503816794,0.2807233890052885,21.6025390625,16,0,2048,0.32573406700976193,0.8911,0.3115039463222027,0.34919105388689786,234752,235146,"[0.843, 0.973, 0.808, 0.909, 0.827, 0.96, 0.698, 0.964, 0.975, 0.954]","[0.8537284894837476, 0.9817658349328215, 0.8159255429162358, 0.9360341151385928, 0.8536102868447082, 0.9591633466135459, 0.7232580961727183, 0.9676409185803758, 0.963855421686747, 0.9519136408243376]",batch,both
FashionMNIST,small,42,10,a2,layerwise,activation_variance,baseline,,0.5,0,0.8722,0.8613,0.39591079292297365,0.41187421131134033,218058,0.07266974560485828,217728,0.0725190839694656,0.2807233890052885,21.6025390625,16,0,2048,0.33163407701067626,0.8613,0.41187420444488526,0.3180871600052342,234752,235146,"[0.935, 0.977, 0.708, 0.86, 0.897, 0.964, 0.419, 0.935, 0.959, 0.959]","[0.9369024856596558, 0.9865642994241842, 0.7280248190279214, 0.8773987206823027, 0.9159248269040554, 0.9701195219123506, 0.4661432777232581, 0.9311064718162839, 0.9437751004016064, 0.9617271835132483]",batch,both
FashionMNIST,small,42,10,a2,layerwise,activation_variance,baseline,,0.5,1,0.8971,0.8857,0.2942950457572937,0.3168658469200134,218058,0.07266974560485828,217728,0.0725190839694656,0.2807233890052885,21.6025390625,16,0,2048,0.31967910600360483,0.8857,0.31686584632396697,0.3428514269180596,234752,235146,"[0.832, 0.969, 0.793, 0.918, 0.822, 0.96, 0.685, 0.947, 0.975, 0.956]","[0.8489483747609943, 0.980806142034549, 0.8169596690796277, 0.94136460554371, 0.8516320474777448, 0.9561752988047809, 0.7026496565260059, 0.954070981210856, 0.9658634538152611, 0.956820412168793]",batch,both
FashionMNIST,small,42,10,a2,layerwise,activation_variance,baseline,,0.5,3,0.8967,0.8883,0.28708398046493533,0.31193533350229263,218058,0.07266974560485828,217728,0.0725190839694656,0.2807233890052885,21.6025390625,16,0,2048,0.33938443090301007,0.8883,0.31193533253669736,0.34312212199438363,234752,235146,"[0.831, 0.968, 0.793, 0.905, 0.814, 0.964, 0.723, 0.955, 0.978, 0.952]","[0.8346080305927343, 0.9798464491362764, 0.8138572905894519, 0.9349680170575693, 0.8427299703264095, 0.9591633466135459, 0.7291462217860648, 0.9551148225469729, 0.9688755020080321, 0.9528949950932286]",batch,both
FashionMNIST,small,42,10,a2,layerwise,activation_variance,baseline,,0.5,5,0.8984,0.8901,0.28411178998947145,0.30994531677365306,218058,0.07266974560485828,217728,0.0725190839694656,0.2807233890052885,21.6025390625,16,0,2048,0.34166413894854486,0.8901,0.30994531219005583,0.33042339608073235,234752,235146,"[0.834, 0.975, 0.791, 0.904, 0.819, 0.958, 0.723, 0.969, 0.977, 0.951]","[0.8422562141491395, 0.9865642994241842, 0.8107549120992761, 0.9307036247334755, 0.8367952522255193, 0.952191235059761, 0.7419038272816487, 0.9686847599164927, 0.9688755020080321, 0.9489695780176644]",batch,both
FashionMNIST,small,42,10,a2,layerwise,activation_variance,baseline,,0.7,0,0.8423,0.8319,0.5961876730918885,0.6084705461502076,211383,0.10105636498175596,211078,0.10084685114503822,0.2807233890052885,21.6025390625,16,0,2048,0.32689785794354975,0.8319,0.6084705472946167,0.3291442249901593,234752,235146,"[0.892, 0.982, 0.681, 0.866, 0.873, 0.98, 0.43, 0.867, 0.79, 0.958]","[0.904397705544933, 0.991362763915547, 0.704239917269907, 0.8912579957356077, 0.887240356083086, 0.9840637450199203, 0.47399411187438667, 0.8580375782881002, 0.7570281124497992, 0.9646712463199215]",batch,both
FashionMNIST,small,42,10,a2,layerwise,activation_variance,baseline,,0.7,1,0.8918,0.8801,0.3084955959320068,0.3326947323799133,211383,0.10105636498175596,211078,0.10084685114503822,0.2807233890052885,21.6025390625,16,0,2048,0.3241678209742531,0.8801,0.33269473435878755,0.329033263027668,234752,235146,"[0.864, 0.964, 0.794, 0.894, 0.807, 0.955, 0.644, 0.958, 0.972, 0.949]","[0.878585086042065, 0.9760076775431862, 0.8045501551189245, 0.929637526652452, 0.847675568743818, 0.9482071713147411, 0.6555446516192346, 0.9697286012526096, 0.964859437751004, 0.9470068694798822]",batch,both
FashionMNIST,small,42,10,a2,layerwise,activation_variance,baseline,,0.7,3,0.8954,0.8854,0.2929428189277649,0.3195223606467247,211383,0.10105636498175596,211078,0.10084685114503822,0.2807233890052885,21.6025390625,16,0,2048,0.33528847992420197,0.8854,0.3195223596692085,0.33502829691860825,234752,235146,"[0.821, 0.97, 0.783, 0.899, 0.822, 0.955, 0.716, 0.957, 0.975, 0.956]","[0.8279158699808795, 0.9779270633397313, 0.7983453981385729, 0.9339019189765458, 0.8536102868447082, 0.9452191235059761, 0.7340529931305201, 0.964509394572025, 0.9698795180722891, 0.9528949950932286]",batch,both
FashionMNIST,small,42,10,a2,layerwise,activation_variance,baseline,,0.7,5,0.8964,0.8843,0.29216220350265504,0.31803050297498703,211383,0.10105636498175596,211078,0.10084685114503822,0.2807233890052885,21.6025390625,16,0,2048,0.312859391910024,0.8843,0.31803050607442857,0.32806730607990175,234752,235146,"[0.836, 0.968, 0.79, 0.917, 0.783, 0.958, 0.705, 0.965, 0.972, 0.949]","[0.8527724665391969, 0.9769673704414588, 0.8045501551189245, 0.9509594882729211, 0.8269040553907022, 0.950199203187251, 0.7271835132482827, 0.9676409185803758, 0.9628514056224899, 0.9489695780176644]",batch,both
FashionMNIST,small,42,10,all,all,class_selectivity,loss_free,,0.05,0,0.8882,0.8754,0.30761401720047,0.33578327066898345,222660,0.05309892577377462,222284,0.05311136859323884,0.2807233890052885,21.6025390625,16,0,2048,0.3303973498987034,0.8754,0.33578326208591464,0.3186341359978542,234752,235146,"[0.904, 0.968, 0.7, 0.861, 0.882, 0.961, 0.598, 0.956, 0.971, 0.953]","[0.9139579349904398, 0.980806142034549, 0.7280248190279214, 0.8752665245202559, 0.9109792284866469, 0.9621513944223108, 0.6437684003925417, 0.9592901878914405, 0.9548192771084337, 0.9479882237487733]",batch,both
FashionMNIST,small,42,10,all,all,class_selectivity,loss_free,,0.05,1,0.8984,0.891,0.28948981742858887,0.3149799432575703,222660,0.05309892577377462,222284,0.05311136859323884,0.2807233890052885,21.6025390625,16,0,2048,0.3304160910192877,0.891,0.31497994304299354,0.35494700295384973,234752,235146,"[0.853, 0.971, 0.798, 0.912, 0.833, 0.963, 0.691, 0.963, 0.974, 0.952]","[0.8632887189292543, 0.980806142034549, 0.811789038262668, 0.9317697228144989, 0.8615232443125618, 0.9581673306772909, 0.7006869479882237, 0.965553235908142, 0.9618473895582329, 0.9519136408243376]",batch,both
FashionMNIST,small,42,10,all,all,class_selectivity,loss_free,,0.05,3,0.9006,0.8926,0.28750207328796384,0.3145428739488125,222660,0.05309892577377462,222284,0.05311136859323884,0.2807233890052885,21.6025390625,16,0,2048,0.3303794029634446,0.8926,0.3145428697764874,0.32590625202283263,234752,235146,"[0.856, 0.974, 0.808, 0.906, 0.832, 0.962, 0.694, 0.966, 0.975, 0.953]","[0.8546845124282982, 0.9846449136276392, 0.827300930713547, 0.9328358208955224, 0.8555885262116716, 0.9621513944223108, 0.7065750736015701, 0.965553235908142, 0.9678714859437751, 0.9528949950932286]",batch,both
FashionMNIST,small,42,10,all,all,class_selectivity,loss_free,,0.05,5,0.9013,0.8925,0.2874392630577087,0.31409602102041245,222660,0.05309892577377462,222284,0.05311136859323884,0.2807233890052885,21.6025390625,16,0,2048,0.3196682359557599,0.8925,0.3140960194408894,0.33060384599957615,234752,235146,"[0.845, 0.973, 0.816, 0.908, 0.831, 0.965, 0.694, 0.962, 0.973, 0.958]","[0.8527724665391969, 0.9836852207293666, 0.8324715615305067, 0.9360341151385928, 0.8536102868447082, 0.9621513944223108, 0.7105004906771345, 0.964509394572025, 0.9658634538152611, 0.9558390578999019]",batch,both
FashionMNIST,small,42,10,all,all,class_selectivity,loss_free,,0.1,0,0.8846,0.873,0.31503620176315306,0.3419278468966484,209417,0.10941712808212767,209060,0.10944315703380592,0.2807233890052885,21.6025390625,16,0,2048,0.3329329319531098,0.873,0.34192784955501554,0.33240477298386395,234752,235146,"[0.912, 0.969, 0.694, 0.86, 0.892, 0.962, 0.563, 0.955, 0.97, 0.953]","[0.9168260038240917, 0.980806142034549, 0.7207859358841778, 0.8742004264392325, 0.9179030662710188, 0.9631474103585658, 0.6064769381746811, 0.9582463465553236, 0.9558232931726908, 0.9470068694798822]",batch,both
FashionMNIST,small,42,10,all,all,class_selectivity,loss_free,,0.1,1,0.8988,0.8909,0.2866241545677185,0.3136400086820126,209417,0.10941712808212767,209060,0.10944315703380592,0.2807233890052885,21.6025390625,16,0,2048,0.34227061504498124,0.8909,0.31364001291394233,0.3373308479785919,234752,235146,"[0.856, 0.972, 0.807, 0.903, 0.82, 0.965, 0.698, 0.962, 0.974, 0.952]","[0.8690248565965584, 0.982725527831094, 0.8138572905894519, 0.9328358208955224, 0.8466864490603363, 0.9641434262948207, 0.703631010794897, 0.9624217118997912, 0.964859437751004, 0.9509322865554465]",batch,both
FashionMNIST,small,42,10,all,all,class_selectivity,loss_free,,0.1,3,0.8999,0.8922,0.28622321434021,0.314019799977541,209417,0.10941712808212767,209060,0.10944315703380592,0.2807233890052885,21.6025390625,16,0,2048,0.3246800039196387,0.8922,0.3140198041796684,0.3389841919997707,234752,235146,"[0.831, 0.975, 0.803, 0.907, 0.842, 0.962, 0.708, 0.958, 0.975, 0.961]","[0.8422562141491395, 0.9836852207293666, 0.8200620475698035, 0.9307036247334755, 0.8664688427299704, 0.9651394422310757, 0.7124631992149166, 0.9624217118997912, 0.9658634538152611, 0.9538763493621197]",batch,both
FashionMNIST,small,42,10,all,all,class_selectivity,loss_free,,0.1,5,0.9009,0.8924,0.28604957704544065,0.3111325749278069,209417,0.10941712808212767,209060,0.10944315703380592,0.2807233890052885,21.6025390625,16,0,2048,0.31926064495928586,0.8924,0.3111325742840767,0.32609745499212295,234752,235146,"[0.856, 0.971, 0.804, 0.916, 0.816, 0.964, 0.705, 0.961, 0.973, 0.958]","[0.8604206500956023, 0.982725527831094, 0.8179937952430196, 0.9477611940298507, 0.8466864490603363, 0.9621513944223108, 0.7124631992149166, 0.9634655532359081, 0.964859437751004, 0.9548577036310107]",batch,both
FashionMNIST,small,42,10,all,all,class_selectivity,loss_free,,0.2,0,0.878,0.8662,0.33649375734329223,0.3577657680273056,183183,0.2209818580796612,182865,0.22102900081788446,0.2807233890052885,21.6025390625,16,0,2048,0.32371009001508355,0.8662,0.3577657584667206,0.333895688992925,234752,235146,"[0.929, 0.971, 0.69, 0.866, 0.892, 0.965, 0.482, 0.946, 0.965, 0.956]","[0.9292543021032504, 0.980806142034549, 0.718717683557394, 0.8816631130063965, 0.9090009891196835, 0.9651394422310757, 0.5328753680078508, 0.9530271398747391, 0.9558232931726908, 0.9499509322865555]",batch,both
FashionMNIST,small,42,10,all,all,class_selectivity,loss_free,,0.2,1,0.8959,0.8893,0.2919806156158447,0.3151625416100025,183183,0.2209818580796612,182865,0.22102900081788446,0.2807233890052885,21.6025390625,16,0,2048,0.32624893297906965,0.8893,0.3151625401139259,0.3160336900036782,234752,235146,"[0.837, 0.971, 0.806, 0.913, 0.816, 0.963, 0.697, 0.966, 0.974, 0.95]","[0.8432122370936902, 0.980806142034549, 0.8190279214064116, 0.9381663113006397, 0.8447082096933729, 0.9561752988047809, 0.703631010794897, 0.964509394572025, 0.963855421686747, 0.9499509322865555]",batch,both
FashionMNIST,small,42,10,all,all,class_selectivity,loss_free,,0.2,3,0.8991,0.8891,0.28804333372116087,0.3134270434319973,183183,0.2209818580796612,182865,0.22102900081788446,0.2807233890052885,21.6025390625,16,0,2048,0.3226303280098364,0.8891,0.31342704228162765,0.318119089002721,234752,235146,"[0.866, 0.968, 0.824, 0.904, 0.816, 0.964, 0.666, 0.959, 0.971, 0.953]","[0.878585086042065, 0.982725527831094, 0.8335056876938987, 0.9307036247334755, 0.8496538081107814, 0.9581673306772909, 0.6840039254170756, 0.965553235908142, 0.9618473895582329, 0.9499509322865555]",batch,both
FashionMNIST,small,42,10,all,all,class_selectivity,loss_free,,0.2,5,0.8982,0.8916,0.2895826358795166,0.3130211642026901,183183,0.2209818580796612,182865,0.22102900081788446,0.2807233890052885,21.6025390625,16,0,2048,0.34365332208108157,0.8916,0.31302116764187815,0.3336118559818715,234752,235146,"[0.84, 0.969, 0.795, 0.899, 0.837, 0.962, 0.722, 0.964, 0.975, 0.953]","[0.8499043977055449, 0.9817658349328215, 0.8035160289555325, 0.9211087420042644, 0.8654797230464887, 0.9581673306772909, 0.7291462217860648, 0.9582463465553236, 0.9668674698795181, 0.9499509322865555]",batch,both
FashionMNIST,small,42,10,all,all,class_selectivity,loss_free,,0.3,0,0.8687,0.8584,0.3682005491256714,0.3877191259384155,158500,0.32595068595680976,158220,0.3260121319520175,0.2807233890052885,21.6025390625,16,0,2048,0.33685414504725486,0.8584,0.387719123673439,0.3190770250512287,234752,235146,"[0.936, 0.973, 0.677, 0.857, 0.897, 0.953, 0.426, 0.94, 0.968, 0.957]","[0.9359464627151052, 0.982725527831094, 0.6970010341261634, 0.8784648187633263, 0.913946587537092, 0.9482071713147411, 0.465161923454367, 0.9457202505219207, 0.9618473895582329, 0.9538763493621197]",batch,both
FashionMNIST,small,42,10,all,all,class_selectivity,loss_free,,0.3,1,0.8944,0.8871,0.2951307088851929,0.3192967314124107,158500,0.32595068595680976,158220,0.3260121319520175,0.2807233890052885,21.6025390625,16,0,2048,0.3258620500564575,0.8871,0.31929673808813097,0.3403051639907062,234752,235146,"[0.856, 0.966, 0.807, 0.912, 0.81, 0.962, 0.673, 0.954, 0.977, 0.954]","[0.8652007648183556, 0.9788867562380038, 0.8169596690796277, 0.9434968017057569, 0.8367952522255193, 0.9581673306772909, 0.6820412168792934, 0.9561586638830898, 0.963855421686747, 0.9470068694798822]",batch,both
FashionMNIST,small,42,10,all,all,class_selectivity,loss_free,,0.3,3,0.8958,0.8888,0.2915108941078186,0.31713465101122856,158500,0.32595068595680976,158220,0.3260121319520175,0.2807233890052885,21.6025390625,16,0,2048,0.3187359379371628,0.8888,0.31713465023636817,0.3380800730083138,234752,235146,"[0.816, 0.972, 0.809, 0.903, 0.812, 0.966, 0.717, 0.969, 0.974, 0.95]","[0.8240917782026769, 0.980806142034549, 0.8252326783867632, 0.9317697228144989, 0.8456973293768546, 0.9581673306772909, 0.7301275760549558, 0.9551148225469729, 0.9618473895582329, 0.9499509322865555]",batch,both
FashionMNIST,small,42,10,all,all,class_selectivity,loss_free,,0.3,5,0.8976,0.8889,0.289402179813385,0.3136145894110203,158500,0.32595068595680976,158220,0.3260121319520175,0.2807233890052885,21.6025390625,16,0,2048,0.3264987439615652,0.8889,0.3136145918726921,0.325972874998115,234752,235146,"[0.849, 0.97, 0.813, 0.902, 0.811, 0.955, 0.693, 0.969, 0.975, 0.952]","[0.8632887189292543, 0.980806142034549, 0.8241985522233712, 0.9339019189765458, 0.8367952522255193, 0.9452191235059761, 0.7144259077526988, 0.9686847599164927, 0.963855421686747, 0.9489695780176644]",batch,both
FashionMNIST,small,42,10,all,all,class_selectivity,loss_free,,0.4,0,0.8516,0.8381,0.4370779848098755,0.45409793870449067,133605,0.43182108137072284,133364,0.4318940839694656,0.2807233890052885,21.6025390625,16,0,2048,0.34287772700190544,0.8381,0.4540979398727417,0.37829006800893694,234752,235146,"[0.929, 0.976, 0.634, 0.798, 0.906, 0.939, 0.345, 0.927, 0.966, 0.961]","[0.9397705544933078, 0.9846449136276392, 0.672182006204757, 0.814498933901919, 0.9159248269040554, 0.9392430278884463, 0.38469087340529934, 0.9269311064718163, 0.9628514056224899, 0.9666339548577036]",batch,both
FashionMNIST,small,42,10,all,all,class_selectivity,loss_free,,0.4,1,0.8901,0.8828,0.3071719373703003,0.32905560739040374,133605,0.43182108137072284,133364,0.4318940839694656,0.2807233890052885,21.6025390625,16,0,2048,0.32063040405046195,0.8828,0.3290556075692177,0.32509542698971927,234752,235146,"[0.837, 0.959, 0.798, 0.905, 0.837, 0.952, 0.649, 0.955, 0.978, 0.958]","[0.8451242829827916, 0.9731285988483686, 0.811789038262668, 0.9243070362473348, 0.8625123639960435, 0.9432270916334662, 0.6692836113837095, 0.9624217118997912, 0.9628514056224899, 0.9509322865554465]",batch,both
FashionMNIST,small,42,10,all,all,class_selectivity,loss_free,,0.4,3,0.8938,0.8853,0.29974514837265015,0.3197665760278702,133605,0.43182108137072284,133364,0.4318940839694656,0.2807233890052885,21.6025390625,16,0,2048,0.31973289500456303,0.8853,0.31976658271551134,0.34806126705370843,234752,235146,"[0.83, 0.971, 0.813, 0.9, 0.834, 0.955, 0.657, 0.964, 0.976, 0.953]","[0.8422562141491395, 0.980806142034549, 0.828335056876939, 0.9349680170575693, 0.8615232443125618, 0.9482071713147411, 0.6692836113837095, 0.9665970772442589, 0.963855421686747, 0.9479882237487733]",batch,both
FashionMNIST,small,42,10,all,all,class_selectivity,loss_free,,0.4,5,0.8943,0.8858,0.29515587987899783,0.31726844030618667,133605,0.43182108137072284,133364,0.4318940839694656,0.2807233890052885,21.6025390625,16,0,2048,0.3214192130835727,0.8858,0.3172684385180473,0.32825255498755723,234752,235146,"[0.842, 0.971, 0.806, 0.896, 0.833, 0.947, 0.67, 0.956, 0.976, 0.961]","[0.8537284894837476, 0.980806142034549, 0.8169596690796277, 0.9221748400852878, 0.857566765578635, 0.9432270916334662, 0.689892051030422, 0.9634655532359081, 0.964859437751004, 0.9538763493621197]",batch,both
FashionMNIST,small,42,10,all,all,class_selectivity,loss_free,,0.5,0,0.8314,0.821,0.5275576782226562,0.5414873879432678,109386,0.5348166670919343,109184,0.534896401308615,0.2807233890052885,21.6025390625,16,0,2048,0.32524316804483533,0.821,0.5414873906612396,0.3252963729901239,234752,235146,"[0.919, 0.978, 0.636, 0.802, 0.901, 0.904, 0.246, 0.912, 0.948, 0.964]","[0.9254302103250478, 0.989443378119002, 0.6514994829369183, 0.8187633262260128, 0.9099901088031652, 0.897410358565737, 0.2875368007850834, 0.9123173277661796, 0.9437751004016064, 0.9705593719332679]",batch,both
FashionMNIST,small,42,10,all,all,class_selectivity,loss_free,,0.5,1,0.8842,0.8747,0.3282042392730713,0.3470503338575363,109386,0.5348166670919343,109184,0.534896401308615,0.2807233890052885,21.6025390625,16,0,2048,0.3373716139467433,0.8747,0.3470503427743912,0.3221185839502141,234752,235146,"[0.845, 0.96, 0.813, 0.909, 0.775, 0.94, 0.628, 0.964, 0.969, 0.944]","[0.8604206500956023, 0.9760076775431862, 0.8366080661840745, 0.9349680170575693, 0.8090999010880316, 0.9292828685258964, 0.6270853778213935, 0.9739039665970772, 0.9608433734939759, 0.9411187438665358]",batch,both
FashionMNIST,small,42,10,all,all,class_selectivity,loss_free,,0.5,3,0.8925,0.8825,0.30359814872741697,0.3280945426106453,109386,0.5348166670919343,109184,0.534896401308615,0.2807233890052885,21.6025390625,16,0,2048,0.3340104939416051,0.8825,0.32809454952478406,0.332574405008927,234752,235146,"[0.84, 0.964, 0.817, 0.9, 0.796, 0.956, 0.679, 0.952, 0.969, 0.952]","[0.847036328871893, 0.9769673704414588, 0.8231644260599793, 0.9243070362473348, 0.8328387734915925, 0.950199203187251, 0.7006869479882237, 0.9634655532359081, 0.9598393574297188, 0.9509322865554465]",batch,both
FashionMNIST,small,42,10,all,all,class_selectivity,loss_free,,0.5,5,0.8942,0.8839,0.2977900390625,0.3220405617237091,109386,0.5348166670919343,109184,0.534896401308615,0.2807233890052885,21.6025390625,16,0,2048,0.3521900560008362,0.8839,0.3220405642390251,0.3431072919629514,234752,235146,"[0.857, 0.965, 0.821, 0.896, 0.805, 0.965, 0.658, 0.949, 0.968, 0.955]","[0.8680688336520076, 0.9788867562380038, 0.8324715615305067, 0.9232409381663113, 0.8417408506429278, 0.9551792828685259, 0.676153091265947, 0.9561586638830898, 0.9588353413654619, 0.9548577036310107]",batch,both
FashionMNIST,small,42,10,all,all,class_selectivity,loss_free,,0.7,0,0.5772,0.5701,1.1662309041976928,1.1742562782287598,63887,0.728309220654402,63761,0.7283899604689203,0.2807233890052885,21.6025390625,16,0,2048,0.33109207497909665,0.5701,1.1742562705993653,0.3422178269829601,234752,235146,"[0.735, 0.994, 0.295, 0.601, 0.807, 0.128, 0.042, 0.71, 0.391, 0.998]","[0.7151051625239006, 0.9961612284069098, 0.3112719751809721, 0.5959488272921108, 0.8239366963402571, 0.13147410358565736, 0.05299313052011776, 0.7056367432150313, 0.4146586345381526, 0.9990186457311089]",batch,both
FashionMNIST,small,42,10,all,all,class_selectivity,loss_free,,0.7,1,0.8526,0.8416,0.45999417171478274,0.469304913854599,63887,0.728309220654402,63761,0.7283899604689203,0.2807233890052885,21.6025390625,16,0,2048,0.34034108999185264,0.8416,0.46930491347312925,0.36599817604292184,234752,235146,"[0.835, 0.951, 0.736, 0.871, 0.81, 0.907, 0.484, 0.913, 0.969, 0.94]","[0.8451242829827916, 0.972168905950096, 0.7466390899689762, 0.9093816631130064, 0.8417408506429278, 0.8904382470119522, 0.5181550539744848, 0.9164926931106472, 0.9568273092369478, 0.9322865554465162]",batch,both
FashionMNIST,small,42,10,all,all,class_selectivity,loss_free,,0.7,3,0.8733,0.8641,0.3729164017677307,0.38974150824546816,63887,0.728309220654402,63761,0.7283899604689203,0.2807233890052885,21.6025390625,16,0,2048,0.3327338129747659,0.8641,0.38974150285720827,0.331916198018007,234752,235146,"[0.842, 0.958, 0.804, 0.879, 0.774, 0.925, 0.606, 0.934, 0.975, 0.944]","[0.8527724665391969, 0.9712092130518234, 0.8262668045501551, 0.9072494669509595, 0.8021760633036598, 0.9243027888446215, 0.6133464180569186, 0.9457202505219207, 0.9598393574297188, 0.9352306182531894]",batch,both
FashionMNIST,small,42,10,all,all,class_selectivity,loss_free,,0.7,5,0.8794,0.8687,0.3464502438545227,0.36766869316101075,63887,0.728309220654402,63761,0.7283899604689203,0.2807233890052885,21.6025390625,16,0,2048,0.3205742200370878,0.8687,0.36766868824958804,0.3180982630001381,234752,235146,"[0.836, 0.964, 0.79, 0.871, 0.793, 0.939, 0.637, 0.938, 0.975, 0.944]","[0.8546845124282982, 0.9750479846449136, 0.8076525336091003, 0.8976545842217484, 0.8308605341246291, 0.9362549800796812, 0.6486751717369971, 0.9498956158663883, 0.9608433734939759, 0.9352306182531894]",batch,both
FashionMNIST,small,42,10,a1,layerwise,class_selectivity,loss_free,,0.05,0,0.8897,0.8776,0.30452337703704835,0.3328591590166092,224190,0.04659232987165418,223808,0.04661941112322787,0.2807233890052885,21.6025390625,16,0,2048,0.31396297307219356,0.8776,0.33285915653705594,0.3212332840776071,234752,235146,"[0.904, 0.968, 0.704, 0.865, 0.879, 0.961, 0.615, 0.956, 0.971, 0.953]","[0.9101338432122371, 0.980806142034549, 0.7321613236814891, 0.8816631130063965, 0.9080118694362018, 0.9621513944223108, 0.6555446516192346, 0.9592901878914405, 0.9548192771084337, 0.9479882237487733]",batch,both
FashionMNIST,small,42,10,a1,layerwise,class_selectivity,loss_free,,0.05,1,0.8972,0.8911,0.2913454439163208,0.31646643371582034,224190,0.04659232987165418,223808,0.04661941112322787,0.2807233890052885,21.6025390625,16,0,2048,0.3178836830193177,0.8911,0.3164664331495762,0.3421491499757394,234752,235146,"[0.851, 0.968, 0.801, 0.912, 0.836, 0.957, 0.696, 0.966, 0.971, 0.953]","[0.8518164435946463, 0.980806142034549, 0.8055842812823164, 0.9402985074626866, 0.8635014836795252, 0.9561752988047809, 0.6987242394504416, 0.9676409185803758, 0.9608433734939759, 0.9509322865554465]",batch,both
FashionMNIST,small,42,10,a1,layerwise,class_selectivity,loss_free,,0.05,3,0.8992,0.8928,0.2843785995483398,0.3110790718197823,224190,0.04659232987165418,223808,0.04661941112322787,0.2807233890052885,21.6025390625,16,0,2048,0.32366095401812345,0.8928,0.31107907381057737,0.3316151018952951,234752,235146,"[0.836, 0.978, 0.832, 0.907, 0.82, 0.963, 0.699, 0.966, 0.974, 0.953]","[0.8384321223709369, 0.9865642994241842, 0.8417786970010341, 0.9339019189765458, 0.8427299703264095, 0.9641434262948207, 0.7095191364082434, 0.964509394572025, 0.963855421686747, 0.9519136408243376]",batch,both
FashionMNIST,small,42,10,a1,layerwise,class_selectivity,loss_free,,0.05,5,0.8998,0.895,0.2860886805534363,0.3137718089044094,224190,0.04659232987165418,223808,0.04661941112322787,0.2807233890052885,21.6025390625,16,0,2048,0.3253064649179578,0.895,0.3137718099474907,0.33074579294770956,234752,235146,"[0.82, 0.972, 0.834, 0.922, 0.82, 0.965, 0.72, 0.963, 0.976, 0.958]","[0.8212237093690249, 0.980806142034549, 0.8459152016546019, 0.9402985074626866, 0.8427299703264095, 0.9641434262948207, 0.7291462217860648, 0.9634655532359081, 0.9628514056224899, 0.9538763493621197]",batch,both
FashionMNIST,small,42,10,a1,layerwise,class_selectivity,loss_free,,0.1,0,0.8898,0.8772,0.30485438261032105,0.33328552548885343,212321,0.09706735389927956,211952,0.09712377317339149,0.2807233890052885,21.6025390625,16,0,2048,0.3817485880572349,0.8772,0.33328552606105805,0.4286911479430273,234752,235146,"[0.906, 0.968, 0.7, 0.862, 0.879, 0.962, 0.615, 0.956, 0.971, 0.953]","[0.9110898661567878, 0.980806142034549, 0.7321613236814891, 0.8816631130063965, 0.9080118694362018, 0.9621513944223108, 0.6565260058881256, 0.9592901878914405, 0.9548192771084337, 0.9470068694798822]",batch,both
FashionMNIST,small,42,10,a1,layerwise,class_selectivity,loss_free,,0.1,1,0.8953,0.8903,0.2903941285133362,0.3162675025522709,212321,0.09706735389927956,211952,0.09712377317339149,0.2807233890052885,21.6025390625,16,0,2048,0.32682347705122083,0.8903,0.3162675051987171,0.3256596999708563,234752,235146,"[0.845, 0.975, 0.81, 0.902, 0.844, 0.961, 0.681, 0.958, 0.966, 0.961]","[0.8527724665391969, 0.9817658349328215, 0.8200620475698035, 0.920042643923241, 0.8664688427299704, 0.953187250996016, 0.6879293424926398, 0.9582463465553236, 0.9598393574297188, 0.9558390578999019]",batch,both
FashionMNIST,small,42,10,a1,layerwise,class_selectivity,loss_free,,0.1,3,0.9009,0.8929,0.28649125175476076,0.3149516677737236,212321,0.09706735389927956,211952,0.09712377317339149,0.2807233890052885,21.6025390625,16,0,2048,0.33028925594408065,0.8929,0.314951669639349,0.3377618129597977,234752,235146,"[0.844, 0.972, 0.826, 0.904, 0.802, 0.963, 0.729, 0.969, 0.975, 0.945]","[0.8460803059273423, 0.9846449136276392, 0.8324715615305067, 0.9381663113006397, 0.8328387734915925, 0.9641434262948207, 0.7350343473994112, 0.9676409185803758, 0.963855421686747, 0.9489695780176644]",batch,both
FashionMNIST,small,42,10,a1,layerwise,class_selectivity,loss_free,,0.1,5,0.9018,0.8938,0.2833675757408142,0.31161609306335447,212321,0.09706735389927956,211952,0.09712377317339149,0.2807233890052885,21.6025390625,16,0,2048,0.31548098800703883,0.8938,0.31161608971357346,0.3359888771083206,234752,235146,"[0.846, 0.972, 0.817, 0.905, 0.838, 0.967, 0.704, 0.96, 0.972, 0.957]","[0.8537284894837476, 0.9856046065259118, 0.8376421923474664, 0.9339019189765458, 0.8664688427299704, 0.9671314741035857, 0.703631010794897, 0.9551148225469729, 0.964859437751004, 0.9538763493621197]",batch,both
FashionMNIST,small,42,10,a1,layerwise,class_selectivity,loss_free,,0.2,0,0.8878,0.8757,0.313790735912323,0.33823986109495163,188583,0.19801740195453033,188240,0.19813249727371862,0.2807233890052885,21.6025390625,16,0,2048,0.3255381720373407,0.8757,0.33823985424041747,0.32564487704075873,234752,235146,"[0.907, 0.967, 0.692, 0.867, 0.878, 0.963, 0.606, 0.952, 0.971, 0.954]","[0.9196940726577438, 0.9798464491362764, 0.717683557394002, 0.8805970149253731, 0.904055390702275, 0.9621513944223108, 0.6467124631992149, 0.9572025052192067, 0.9568273092369478, 0.9479882237487733]",batch,both
FashionMNIST,small,42,10,a1,layerwise,class_selectivity,loss_free,,0.2,1,0.8973,0.8918,0.28963881254196167,0.3123024427473545,188583,0.19801740195453033,188240,0.19813249727371862,0.2807233890052885,21.6025390625,16,0,2048,0.3318160600028932,0.8918,0.31230244218707087,0.3355503720231354,234752,235146,"[0.833, 0.971, 0.81, 0.906, 0.836, 0.962, 0.71, 0.97, 0.974, 0.946]","[0.8403441682600382, 0.9836852207293666, 0.8221302998965874, 0.9328358208955224, 0.8516320474777448, 0.9591633466135459, 0.7134445534838076, 0.9686847599164927, 0.9618473895582329, 0.9440628066732091]",batch,both
FashionMNIST,small,42,10,a1,layerwise,class_selectivity,loss_free,,0.2,3,0.8987,0.8906,0.2909555641174316,0.3135180743694305,188583,0.19801740195453033,188240,0.19813249727371862,0.2807233890052885,21.6025390625,16,0,2048,0.3253752370364964,0.8906,0.3135180715322495,0.3452342839445919,234752,235146,"[0.84, 0.973, 0.801, 0.909, 0.828, 0.958, 0.705, 0.97, 0.975, 0.947]","[0.8537284894837476, 0.9836852207293666, 0.8200620475698035, 0.9371002132196162, 0.8545994065281899, 0.9561752988047809, 0.7055937193326791, 0.965553235908142, 0.963855421686747, 0.9509322865554465]",batch,both
FashionMNIST,small,42,10,a1,layerwise,class_selectivity,loss_free,,0.2,5,0.9,0.8932,0.2874737406730652,0.3130091298997402,188583,0.19801740195453033,188240,0.19813249727371862,0.2807233890052885,21.6025390625,16,0,2048,0.3231420440133661,0.8932,0.31300912789106367,0.3358582479413599,234752,235146,"[0.855, 0.974, 0.804, 0.894, 0.834, 0.968, 0.71, 0.962, 0.974, 0.957]","[0.8623326959847036, 0.9846449136276392, 0.8200620475698035, 0.9275053304904051, 0.8516320474777448, 0.9661354581673307, 0.7154072620215898, 0.9592901878914405, 0.963855421686747, 0.9519136408243376]",batch,both
FashionMNIST,small,42,10,a1,layerwise,class_selectivity,loss_free,,0.3,0,0.8818,0.8721,0.3234676189422607,0.34702539052963255,165758,0.29508475585381,165440,0.2952562704471101,0.2807233890052885,21.6025390625,16,0,2048,0.3194081790279597,0.8721,0.34702538937330246,0.3272036740090698,234752,235146,"[0.914, 0.966, 0.689, 0.858, 0.889, 0.95, 0.582, 0.948, 0.969, 0.956]","[0.9196940726577438, 0.980806142034549, 0.7166494312306101, 0.8742004264392325, 0.9070227497527201, 0.9442231075697212, 0.6074582924435721, 0.9519832985386222, 0.9628514056224899, 0.9479882237487733]",batch,both
FashionMNIST,small,42,10,a1,layerwise,class_selectivity,loss_free,,0.3,1,0.8932,0.8892,0.2948275410652161,0.3168539806008339,165758,0.29508475585381,165440,0.2952562704471101,0.2807233890052885,21.6025390625,16,0,2048,0.32211624598130584,0.8892,0.31685397906899454,0.3282883520005271,234752,235146,"[0.843, 0.968, 0.808, 0.914, 0.829, 0.953, 0.688, 0.959, 0.972, 0.958]","[0.8451242829827916, 0.9798464491362764, 0.8097207859358841, 0.9360341151385928, 0.8536102868447082, 0.950199203187251, 0.6869479882237488, 0.9624217118997912, 0.9618473895582329, 0.9509322865554465]",batch,both
FashionMNIST,small,42,10,a1,layerwise,class_selectivity,loss_free,,0.3,3,0.8972,0.8913,0.2886035694122314,0.3114034833788872,165758,0.29508475585381,165440,0.2952562704471101,0.2807233890052885,21.6025390625,16,0,2048,0.31872359302360564,0.8913,0.31140349164009096,0.3261139940004796,234752,235146,"[0.848, 0.964, 0.817, 0.912, 0.825, 0.962, 0.695, 0.961, 0.975, 0.954]","[0.8594646271510517, 0.9788867562380038, 0.8231644260599793, 0.9371002132196162, 0.8466864490603363, 0.9581673306772909, 0.6977428851815506, 0.9613778705636743, 0.9618473895582329, 0.9519136408243376]",batch,both
FashionMNIST,small,42,10,a1,layerwise,class_selectivity,loss_free,,0.3,5,0.8969,0.8904,0.28733013944625857,0.31129456835985186,165758,0.29508475585381,165440,0.2952562704471101,0.2807233890052885,21.6025390625,16,0,2048,0.3146199129987508,0.8904,0.31129457277655603,0.33274460199754685,234752,235146,"[0.851, 0.97, 0.799, 0.899, 0.829, 0.967, 0.705, 0.953, 0.975, 0.956]","[0.8575525812619503, 0.9817658349328215, 0.8097207859358841, 0.9349680170575693, 0.8516320474777448, 0.9631474103585658, 0.7026496565260059, 0.9551148225469729, 0.9628514056224899, 0.9528949950932286]",batch,both
FashionMNIST,small,42,10,a1,layerwise,class_selectivity,loss_free,,0.4,0,0.8699,0.8579,0.35557599573135373,0.37594870688915255,142020,0.39603480390906076,141728,0.39626499454743724,0.2807233890052885,21.6025390625,16,0,2048,0.3186194220324978,0.8579,0.37594870691299437,0.33025488804560155,234752,235146,"[0.918, 0.965, 0.651, 0.831, 0.904, 0.938, 0.503, 0.941, 0.973, 0.955]","[0.9302103250478011, 0.9798464491362764, 0.6763185108583247, 0.8454157782515992, 0.9268051434223541, 0.9272908366533864, 0.5397448478900884, 0.9488517745302714, 0.963855421686747, 0.9528949950932286]",batch,both
FashionMNIST,small,42,10,a1,layerwise,class_selectivity,loss_free,,0.4,1,0.8927,0.8854,0.3005463095664978,0.31829026910066605,142020,0.39603480390906076,141728,0.39626499454743724,0.2807233890052885,21.6025390625,16,0,2048,0.3413344459841028,0.8854,0.3182902689039707,0.32146331889089197,234752,235146,"[0.85, 0.971, 0.806, 0.91, 0.835, 0.947, 0.646, 0.966, 0.971, 0.952]","[0.8575525812619503, 0.9798464491362764, 0.811789038262668, 0.94136460554371, 0.8605341246290801, 0.9412350597609562, 0.6604514229636899, 0.9676409185803758, 0.963855421686747, 0.9479882237487733]",batch,both
FashionMNIST,small,42,10,a1,layerwise,class_selectivity,loss_free,,0.4,3,0.8939,0.8877,0.29154257135391237,0.3102081882536411,142020,0.39603480390906076,141728,0.39626499454743724,0.2807233890052885,21.6025390625,16,0,2048,0.3334557729540393,0.8877,0.31020818927884103,0.3380299450363964,234752,235146,"[0.838, 0.972, 0.805, 0.898, 0.821, 0.954, 0.694, 0.962, 0.976, 0.957]","[0.8527724665391969, 0.982725527831094, 0.8045501551189245, 0.9371002132196162, 0.8417408506429278, 0.9492031872509961, 0.6977428851815506, 0.9592901878914405, 0.964859437751004, 0.9528949950932286]",batch,both
FashionMNIST,small,42,10,a1,layerwise,class_selectivity,loss_free,,0.4,5,0.8979,0.889,0.29034924573898313,0.31301114602684976,142020,0.39603480390906076,141728,0.39626499454743724,0.2807233890052885,21.6025390625,16,0,2048,0.3193238830426708,0.889,0.3130111443936825,0.3231139819836244,234752,235146,"[0.842, 0.974, 0.807, 0.904, 0.827, 0.951, 0.688, 0.971, 0.974, 0.952]","[0.8527724665391969, 0.9836852207293666, 0.8148914167528438, 0.9392324093816631, 0.8545994065281899, 0.952191235059761, 0.704612365063788, 0.9697286012526096, 0.963855421686747, 0.9479882237487733]",batch,both
FashionMNIST,small,42,10,a1,layerwise,class_selectivity,loss_free,,0.5,0,0.8616,0.8479,0.3822844241142273,0.402625471329689,118282,0.4969848519643115,118016,0.4972737186477645,0.2807233890052885,21.6025390625,16,0,2048,0.3255785449873656,0.8479,0.40262547352313993,0.33688554901164025,234752,235146,"[0.926, 0.967, 0.642, 0.814, 0.907, 0.876, 0.484, 0.942, 0.965, 0.956]","[0.9321223709369025, 0.9817658349328215, 0.6690796277145812, 0.8283582089552238, 0.9228486646884273, 0.8854581673306773, 0.5181550539744848, 0.9509394572025052, 0.9618473895582329, 0.956820412168793]",batch,both
FashionMNIST,small,42,10,a1,layerwise,class_selectivity,loss_free,,0.5,1,0.8909,0.8844,0.30110037183761595,0.3227151723861694,118282,0.4969848519643115,118016,0.4972737186477645,0.2807233890052885,21.6025390625,16,0,2048,0.32166445802431554,0.8844,0.322715166079998,0.3220696150092408,234752,235146,"[0.857, 0.972, 0.82, 0.899, 0.8, 0.948, 0.666, 0.961, 0.974, 0.947]","[0.8632887189292543, 0.9798464491362764, 0.8241985522233712, 0.9307036247334755, 0.8328387734915925, 0.9402390438247012, 0.6653581943081452, 0.9707724425887265, 0.964859437751004, 0.9421000981354269]",batch,both
FashionMNIST,small,42,10,a1,layerwise,class_selectivity,loss_free,,0.5,3,0.893,0.8852,0.2939583026885986,0.31525726302862167,118282,0.4969848519643115,118016,0.4972737186477645,0.2807233890052885,21.6025390625,16,0,2048,0.32435507304035127,0.8852,0.3152572623848915,0.32657788193318993,234752,235146,"[0.85, 0.97, 0.802, 0.904, 0.813, 0.961, 0.669, 0.943, 0.976, 0.964]","[0.858508604206501, 0.9788867562380038, 0.8159255429162358, 0.9360341151385928, 0.8456973293768546, 0.951195219123506, 0.6712463199214916, 0.9488517745302714, 0.9678714859437751, 0.9597644749754661]",batch,both
FashionMNIST,small,42,10,a1,layerwise,class_selectivity,loss_free,,0.5,5,0.8945,0.8874,0.292527112865448,0.3155783637523651,118282,0.4969848519643115,118016,0.4972737186477645,0.2807233890052885,21.6025390625,16,0,2048,0.3295519899111241,0.8874,0.31557835994958877,0.3332942129345611,234752,235146,"[0.84, 0.977, 0.782, 0.886, 0.836, 0.963, 0.702, 0.961, 0.974, 0.953]","[0.8479923518164436, 0.9856046065259118, 0.7983453981385729, 0.9115138592750534, 0.8615232443125618, 0.954183266932271, 0.7095191364082434, 0.9613778705636743, 0.964859437751004, 0.9519136408243376]",batch,both
FashionMNIST,small,42,10,a1,layerwise,class_selectivity,loss_free,,0.7,0,0.7758,0.7635,0.6165330886840821,0.6285065100669861,71719,0.6950022539188419,71504,0.6954062159214831,0.2807233890052885,21.6025390625,16,0,2048,0.40704336296766996,0.7635,0.6285065139770508,0.3350601000711322,234752,235146,"[0.916, 0.972, 0.447, 0.795, 0.922, 0.442, 0.33, 0.865, 0.956, 0.99]","[0.9263862332695985, 0.9846449136276392, 0.46018614270941055, 0.8176972281449894, 0.9327398615232443, 0.4243027888446215, 0.38959764474975467, 0.8653444676409185, 0.9508032128514057, 0.9901864573110893]",batch,both
FashionMNIST,small,42,10,a1,layerwise,class_selectivity,loss_free,,0.7,1,0.8782,0.8695,0.3422541376113892,0.3638092365264893,71719,0.6950022539188419,71504,0.6954062159214831,0.2807233890052885,21.6025390625,16,0,2048,0.3270200069528073,0.8695,0.363809233212471,0.3440028070472181,234752,235146,"[0.843, 0.968, 0.747, 0.88, 0.824, 0.919, 0.654, 0.944, 0.976, 0.94]","[0.8518164435946463, 0.9788867562380038, 0.7724922440537746, 0.9115138592750534, 0.8447082096933729, 0.9163346613545816, 0.6555446516192346, 0.954070981210856, 0.9658634538152611, 0.9332679097154073]",batch,both
FashionMNIST,small,42,10,a1,layerwise,class_selectivity,loss_free,,0.7,3,0.8858,0.8753,0.31928814373016356,0.3426470672130585,71719,0.6950022539188419,71504,0.6954062159214831,0.2807233890052885,21.6025390625,16,0,2048,0.3349116869503632,0.8753,0.3426470700740814,0.3590462820138782,234752,235146,"[0.844, 0.962, 0.789, 0.891, 0.819, 0.928, 0.646, 0.945, 0.976, 0.953]","[0.8575525812619503, 0.9779270633397313, 0.8097207859358841, 0.9189765458422174, 0.8427299703264095, 0.9282868525896414, 0.6594700686947988, 0.954070981210856, 0.9658634538152611, 0.9470068694798822]",batch,both
FashionMNIST,small,42,10,a1,layerwise,class_selectivity,loss_free,,0.7,5,0.8871,0.8789,0.31172108993530273,0.33691019678115847,71719,0.6950022539188419,71504,0.6954062159214831,0.2807233890052885,21.6025390625,16,0,2048,0.3564007899258286,0.8789,0.3369101977109909,0.33786147099453956,234752,235146,"[0.855, 0.966, 0.783, 0.887, 0.828, 0.935, 0.658, 0.945, 0.974, 0.958]","[0.8594646271510517, 0.9779270633397313, 0.8004136504653567, 0.917910447761194, 0.8456973293768546, 0.9372509960159362, 0.6712463199214916, 0.9498956158663883, 0.9628514056224899, 0.9509322865554465]",batch,both
FashionMNIST,small,42,10,a2,layerwise,class_selectivity,loss_free,,0.05,0,0.8885,0.8755,0.3051857586860657,0.3346887758016586,233544,0.006812788650455426,233156,0.006798664122137366,0.2807233890052885,21.6025390625,16,0,2048,0.36321853194385767,0.8755,0.33468877193927765,0.35503174900077283,234752,235146,"[0.902, 0.968, 0.702, 0.861, 0.884, 0.96, 0.597, 0.956, 0.972, 0.953]","[0.9130019120458891, 0.9798464491362764, 0.7300930713547052, 0.8773987206823027, 0.9109792284866469, 0.9611553784860558, 0.6447497546614328, 0.9603340292275574, 0.9548192771084337, 0.9479882237487733]",batch,both
FashionMNIST,small,42,10,a2,layerwise,class_selectivity,loss_free,,0.05,1,0.8972,0.8918,0.2872190443992615,0.3151213121652603,233544,0.006812788650455426,233156,0.006798664122137366,0.2807233890052885,21.6025390625,16,0,2048,0.32884304504841566,0.8918,0.315121309953928,0.32571258989628404,234752,235146,"[0.849, 0.975, 0.832, 0.899, 0.822, 0.96, 0.694, 0.953, 0.974, 0.96]","[0.858508604206501, 0.982725527831094, 0.8386763185108583, 0.920042643923241, 0.8486646884272997, 0.9571713147410359, 0.6967615309126595, 0.9551148225469729, 0.9618473895582329, 0.9558390578999019]",batch,both
FashionMNIST,small,42,10,a2,layerwise,class_selectivity,loss_free,,0.05,3,0.8988,0.893,0.28443724193573,0.31337967212796214,233544,0.006812788650455426,233156,0.006798664122137366,0.2807233890052885,21.6025390625,16,0,2048,0.32662212499417365,0.893,0.3133796745836735,0.3460429650731385,234752,235146,"[0.823, 0.975, 0.801, 0.908, 0.829, 0.964, 0.733, 0.968, 0.975, 0.954]","[0.8269598470363289, 0.9846449136276392, 0.8024819027921406, 0.9371002132196162, 0.8506429277942631, 0.9651394422310757, 0.7399411187438666, 0.965553235908142, 0.9678714859437751, 0.9519136408243376]",batch,both
FashionMNIST,small,42,10,a2,layerwise,class_selectivity,loss_free,,0.05,5,0.8986,0.894,0.28571257638931274,0.31280519840717314,233544,0.006812788650455426,233156,0.006798664122137366,0.2807233890052885,21.6025390625,16,0,2048,0.35181551007553935,0.894,0.3128051927089691,0.33367315703071654,234752,235146,"[0.866, 0.971, 0.818, 0.899, 0.83, 0.967, 0.698, 0.962, 0.973, 0.956]","[0.864244741873805, 0.980806142034549, 0.8252326783867632, 0.9253731343283582, 0.8595450049455984, 0.9701195219123506, 0.6947988223748773, 0.9572025052192067, 0.9608433734939759, 0.9509322865554465]",batch,both
FashionMNIST,small,42,10,a2,layerwise,class_selectivity,loss_free,,0.1,0,0.8847,0.873,0.31181121129989625,0.339959755051136,231942,0.013625577300910963,231560,0.013597328244274842,0.2807233890052885,21.6025390625,16,0,2048,0.33928097202442586,0.873,0.339959759247303,0.337361422018148,234752,235146,"[0.907, 0.968, 0.698, 0.862, 0.893, 0.96, 0.562, 0.955, 0.972, 0.953]","[0.9149139579349904, 0.9798464491362764, 0.7238883143743536, 0.8763326226012793, 0.9179030662710188, 0.9611553784860558, 0.6045142296368989, 0.9592901878914405, 0.9568273092369478, 0.9479882237487733]",batch,both
FashionMNIST,small,42,10,a2,layerwise,class_selectivity,loss_free,,0.1,1,0.8982,0.8892,0.286983527469635,0.314581635171175,231942,0.013625577300910963,231560,0.013597328244274842,0.2807233890052885,21.6025390625,16,0,2048,0.32073584105819464,0.8892,0.31458163093924524,0.31969711708370596,234752,235146,"[0.836, 0.97, 0.802, 0.908, 0.812, 0.962, 0.713, 0.97, 0.974, 0.945]","[0.8527724665391969, 0.9817658349328215, 0.8190279214064116, 0.9317697228144989, 0.8466864490603363, 0.9551792828685259, 0.719332679097154, 0.9707724425887265, 0.964859437751004, 0.9440628066732091]",batch,both
FashionMNIST,small,42,10,a2,layerwise,class_selectivity,loss_free,,0.1,3,0.8984,0.8915,0.28715255889892577,0.31574640868902204,231942,0.013625577300910963,231560,0.013597328244274842,0.2807233890052885,21.6025390625,16,0,2048,0.3152888009790331,0.8915,0.31574641451835633,0.3330134470015764,234752,235146,"[0.871, 0.972, 0.831, 0.908, 0.808, 0.961, 0.673, 0.972, 0.974, 0.945]","[0.8814531548757171, 0.982725527831094, 0.8386763185108583, 0.9339019189765458, 0.8358061325420376, 0.9551792828685259, 0.6781157998037292, 0.9728601252609603, 0.963855421686747, 0.9460255152109912]",batch,both
FashionMNIST,small,42,10,a2,layerwise,class_selectivity,loss_free,,0.1,5,0.8994,0.8941,0.28559975156784057,0.31402858030200004,231942,0.013625577300910963,231560,0.013597328244274842,0.2807233890052885,21.6025390625,16,0,2048,0.3350622149882838,0.8941,0.31402857604026796,0.3296902609290555,234752,235146,"[0.845, 0.976, 0.823, 0.906, 0.827, 0.967, 0.703, 0.961, 0.976, 0.957]","[0.8508604206500956, 0.9836852207293666, 0.8355739400206825, 0.9285714285714286, 0.8545994065281899, 0.9621513944223108, 0.7006869479882237, 0.9592901878914405, 0.9698795180722891, 0.9528949950932286]",batch,both
FashionMNIST,small,42,10,a2,layerwise,class_selectivity,loss_free,,0.2,0,0.8818,0.8709,0.31941959609985354,0.3457503370642662,228471,0.028386619376897793,228102,0.028327767175572505,0.2807233890052885,21.6025390625,16,0,2048,0.31670056702569127,0.8709,0.34575033452510834,0.32851735001895577,234752,235146,"[0.926, 0.973, 0.705, 0.866, 0.898, 0.962, 0.508, 0.95, 0.967, 0.954]","[0.9273422562141491, 0.980806142034549, 0.7290589451913133, 0.8859275053304904, 0.913946587537092, 0.9641434262948207, 0.5534838076545633, 0.9551148225469729, 0.9558232931726908, 0.9489695780176644]",batch,both
FashionMNIST,small,42,10,a2,layerwise,class_selectivity,loss_free,,0.2,1,0.8971,0.8905,0.2885648122787476,0.3152136348962784,228471,0.028386619376897793,228102,0.028327767175572505,0.2807233890052885,21.6025390625,16,0,2048,0.33506831899285316,0.8905,0.3152136386990547,0.34338212106376886,234752,235146,"[0.827, 0.974, 0.811, 0.906, 0.848, 0.961, 0.685, 0.965, 0.977, 0.951]","[0.8384321223709369, 0.9817658349328215, 0.8221302998965874, 0.9264392324093816, 0.8644906033630069, 0.953187250996016, 0.704612365063788, 0.9718162839248434, 0.964859437751004, 0.9479882237487733]",batch,both
FashionMNIST,small,42,10,a2,layerwise,class_selectivity,loss_free,,0.2,3,0.8991,0.8903,0.2856152507781982,0.31305050664544104,228471,0.028386619376897793,228102,0.028327767175572505,0.2807233890052885,21.6025390625,16,0,2048,0.33100696897599846,0.8903,0.31305050256252287,0.3385569240199402,234752,235146,"[0.849, 0.971, 0.826, 0.909, 0.8, 0.962, 0.696, 0.972, 0.972, 0.946]","[0.8604206500956023, 0.9836852207293666, 0.8366080661840745, 0.9349680170575693, 0.8348170128585559, 0.9581673306772909, 0.7075564278704612, 0.9697286012526096, 0.963855421686747, 0.9460255152109912]",batch,both
FashionMNIST,small,42,10,a2,layerwise,class_selectivity,loss_free,,0.2,5,0.8976,0.8907,0.28671427669525146,0.31466618420481685,228471,0.028386619376897793,228102,0.028327767175572505,0.2807233890052885,21.6025390625,16,0,2048,0.32142819196451455,0.8907,0.3146661851465702,0.3389512859284878,234752,235146,"[0.844, 0.974, 0.807, 0.912, 0.799, 0.955, 0.716, 0.974, 0.973, 0.953]","[0.8489483747609943, 0.9836852207293666, 0.8169596690796277, 0.9424307036247335, 0.8288822947576657, 0.9462151394422311, 0.7291462217860648, 0.9728601252609603, 0.963855421686747, 0.9479882237487733]",batch,both
FashionMNIST,small,42,10,a2,layerwise,class_selectivity,loss_free,,0.3,0,0.8795,0.87,0.33084108390808104,0.35606092112064364,225000,0.04314766145288462,224644,0.04305820610687028,0.2807233890052885,21.6025390625,16,0,2048,0.33218931895680726,0.87,0.35606092014312746,0.33104710502084345,234752,235146,"[0.929, 0.976, 0.698, 0.862, 0.894, 0.963, 0.503, 0.948, 0.968, 0.959]","[0.9330783938814532, 0.9817658349328215, 0.7094105480868665, 0.8848614072494669, 0.9119683481701286, 0.9661354581673307, 0.5436702649656526, 0.9509394572025052, 0.9548192771084337, 0.9538763493621197]",batch,both
FashionMNIST,small,42,10,a2,layerwise,class_selectivity,loss_free,,0.3,1,0.897,0.8896,0.2861758134841919,0.31274851824641225,225000,0.04314766145288462,224644,0.04305820610687028,0.2807233890052885,21.6025390625,16,0,2048,0.3326641849707812,0.8896,0.3127485172688961,0.34807871899101883,234752,235146,"[0.848, 0.968, 0.807, 0.907, 0.824, 0.965, 0.687, 0.965, 0.977, 0.948]","[0.8575525812619503, 0.9779270633397313, 0.8148914167528438, 0.9360341151385928, 0.8506429277942631, 0.9611553784860558, 0.7006869479882237, 0.965553235908142, 0.9618473895582329, 0.9479882237487733]",batch,both
FashionMNIST,small,42,10,a2,layerwise,class_selectivity,loss_free,,0.3,3,0.8987,0.891,0.2863338156700134,0.31206924845576284,225000,0.04314766145288462,224644,0.04305820610687028,0.2807233890052885,21.6025390625,16,0,2048,0.3204178470186889,0.891,0.31206924996972085,0.3339077989803627,234752,235146,"[0.814, 0.975, 0.825, 0.911, 0.833, 0.964, 0.698, 0.962, 0.975, 0.953]","[0.8288718929254302, 0.9836852207293666, 0.828335056876939, 0.9381663113006397, 0.8595450049455984, 0.9591633466135459, 0.7163886162904809, 0.9634655532359081, 0.9618473895582329, 0.9528949950932286]",batch,both
FashionMNIST,small,42,10,a2,layerwise,class_selectivity,loss_free,,0.3,5,0.8992,0.8914,0.28408716516494753,0.3120840325713158,225000,0.04314766145288462,224644,0.04305820610687028,0.2807233890052885,21.6025390625,16,0,2048,0.32166019501164556,0.8914,0.3120840276181698,0.32414796599186957,234752,235146,"[0.855, 0.974, 0.801, 0.903, 0.842, 0.966, 0.681, 0.964, 0.976, 0.952]","[0.858508604206501, 0.982725527831094, 0.8097207859358841, 0.9264392324093816, 0.8654797230464887, 0.9631474103585658, 0.7055937193326791, 0.9624217118997912, 0.9678714859437751, 0.9528949950932286]",batch,both
FashionMNIST,small,42,10,a2,layerwise,class_selectivity,loss_free,,0.4,0,0.8781,0.867,0.3584873785018921,0.3837571804523468,221529,0.05790870352887145,221186,0.05778864503816794,0.2807233890052885,21.6025390625,16,0,2048,0.32521889300551265,0.867,0.38375717861652375,0.33494927000720054,234752,235146,"[0.93, 0.976, 0.692, 0.844, 0.877, 0.963, 0.519, 0.94, 0.968, 0.961]","[0.9349904397705545, 0.9836852207293666, 0.7156153050672182, 0.8667377398720683, 0.9030662710187932, 0.9651394422310757, 0.5515210991167812, 0.941544885177453, 0.9518072289156626, 0.9607458292443573]",batch,both
FashionMNIST,small,42,10,a2,layerwise,class_selectivity,loss_free,,0.4,1,0.8957,0.89,0.2886381172180176,0.316085857462883,221529,0.05790870352887145,221186,0.05778864503816794,0.2807233890052885,21.6025390625,16,0,2048,0.32696145703084767,0.89,0.3160858572602272,0.33633433701470494,234752,235146,"[0.84, 0.969, 0.793, 0.904, 0.836, 0.959, 0.702, 0.965, 0.979, 0.953]","[0.847036328871893, 0.9788867562380038, 0.7993795243019648, 0.9285714285714286, 0.8625123639960435, 0.9492031872509961, 0.7144259077526988, 0.9665970772442589, 0.963855421686747, 0.9499509322865555]",batch,both
FashionMNIST,small,42,10,a2,layerwise,class_selectivity,loss_free,,0.4,3,0.8983,0.8904,0.28372947664260867,0.31295062405467033,221529,0.05790870352887145,221186,0.05778864503816794,0.2807233890052885,21.6025390625,16,0,2048,0.33495615201536566,0.8904,0.31295062672495844,0.3304552040062845,234752,235146,"[0.84, 0.97, 0.802, 0.905, 0.816, 0.967, 0.715, 0.955, 0.973, 0.961]","[0.8508604206500956, 0.9817658349328215, 0.8159255429162358, 0.929637526652452, 0.8407517309594461, 0.9651394422310757, 0.7281648675171737, 0.9592901878914405, 0.9608433734939759, 0.9538763493621197]",batch,both
FashionMNIST,small,42,10,a2,layerwise,class_selectivity,loss_free,,0.4,5,0.8986,0.8923,0.2822087412834168,0.3118055651664734,221529,0.05790870352887145,221186,0.05778864503816794,0.2807233890052885,21.6025390625,16,0,2048,0.318088395986706,0.8923,0.3118055650472641,0.3312293170019984,234752,235146,"[0.868, 0.973, 0.805, 0.907, 0.854, 0.966, 0.663, 0.962, 0.972, 0.953]","[0.8738049713193117, 0.9846449136276392, 0.8169596690796277, 0.9285714285714286, 0.8704253214638972, 0.9621513944223108, 0.6751717369970559, 0.965553235908142, 0.9618473895582329, 0.9499509322865555]",batch,both
FashionMNIST,small,42,10,a2,layerwise,class_selectivity,loss_free,,0.5,0,0.8775,0.8648,0.3988830839157104,0.4185397398948669,218058,0.07266974560485828,217728,0.0725190839694656,0.2807233890052885,21.6025390625,16,0,2048,0.3223958979360759,0.8648,0.418539741063118,0.3466837040614337,234752,235146,"[0.929, 0.979, 0.726, 0.848, 0.883, 0.963, 0.461, 0.931, 0.965, 0.963]","[0.9263862332695985, 0.9884836852207294, 0.7456049638055843, 0.8795309168443497, 0.9070227497527201, 0.9691235059760956, 0.5083415112855741, 0.9269311064718163, 0.9518072289156626, 0.9676153091265947]",batch,both
FashionMNIST,small,42,10,a2,layerwise,class_selectivity,loss_free,,0.5,1,0.8966,0.8884,0.29104933652877807,0.3155865271449089,218058,0.07266974560485828,217728,0.0725190839694656,0.2807233890052885,21.6025390625,16,0,2048,0.3258011309662834,0.8884,0.3155865270972252,0.3623296289006248,234752,235146,"[0.847, 0.965, 0.801, 0.909, 0.827, 0.961, 0.687, 0.959, 0.975, 0.953]","[0.8527724665391969, 0.9798464491362764, 0.8138572905894519, 0.9392324093816631, 0.8536102868447082, 0.9561752988047809, 0.6957801766437685, 0.9676409185803758, 0.9578313253012049, 0.9538763493621197]",batch,both
FashionMNIST,small,42,10,a2,layerwise,class_selectivity,loss_free,,0.5,3,0.8978,0.8901,0.2872215252876282,0.3125180902123451,218058,0.07266974560485828,217728,0.0725190839694656,0.2807233890052885,21.6025390625,16,0,2048,0.3643353170482442,0.8901,0.31251809012293813,0.3246233710087836,234752,235146,"[0.836, 0.967, 0.805, 0.907, 0.844, 0.96, 0.691, 0.96, 0.976, 0.955]","[0.8355640535372849, 0.9779270633397313, 0.8169596690796277, 0.9434968017057569, 0.8684470820969338, 0.9581673306772909, 0.7065750736015701, 0.9624217118997912, 0.9618473895582329, 0.9519136408243376]",batch,both
FashionMNIST,small,42,10,a2,layerwise,class_selectivity,loss_free,,0.5,5,0.9007,0.8908,0.2824681668281555,0.3095062673032284,218058,0.07266974560485828,217728,0.0725190839694656,0.2807233890052885,21.6025390625,16,0,2048,0.3274820640217513,0.8908,0.3095062669456005,0.352900706930086,234752,235146,"[0.82, 0.97, 0.796, 0.896, 0.84, 0.969, 0.729, 0.963, 0.976, 0.949]","[0.8317399617590823, 0.9817658349328215, 0.8045501551189245, 0.9275053304904051, 0.8654797230464887, 0.9661354581673307, 0.7526987242394504, 0.9624217118997912, 0.9678714859437751, 0.9499509322865555]",batch,both
FashionMNIST,small,42,10,a2,layerwise,class_selectivity,loss_free,,0.7,0,0.8047,0.8005,0.7086950236320496,0.7179986723899842,211383,0.10105636498175596,211078,0.10084685114503822,0.2807233890052885,21.6025390625,16,0,2048,0.31685102393385023,0.8005,0.7179986762046814,0.3245937339961529,234752,235146,"[0.792, 0.99, 0.684, 0.831, 0.867, 0.922, 0.303, 0.929, 0.713, 0.974]","[0.7973231357552581, 0.9961612284069098, 0.6949327817993796, 0.8411513859275054, 0.8793273986152325, 0.9133466135458167, 0.34838076545632973, 0.9258872651356994, 0.6686746987951807, 0.9813542688910697]",batch,both
FashionMNIST,small,42,10,a2,layerwise,class_selectivity,loss_free,,0.7,1,0.8905,0.8791,0.31834522128105164,0.3395193565130234,211383,0.10105636498175596,211078,0.10084685114503822,0.2807233890052885,21.6025390625,16,0,2048,0.3231944590806961,0.8791,0.33951935896873475,0.31873571407049894,234752,235146,"[0.829, 0.959, 0.786, 0.902, 0.823, 0.961, 0.656, 0.96, 0.971, 0.944]","[0.8565965583173997, 0.9731285988483686, 0.8024819027921406, 0.9253731343283582, 0.8536102868447082, 0.952191235059761, 0.677134445534838, 0.965553235908142, 0.9578313253012049, 0.9450441609421001]",batch,both
FashionMNIST,small,42,10,a2,layerwise,class_selectivity,loss_free,,0.7,3,0.8958,0.8848,0.2969912680625916,0.3219685848116875,211383,0.10105636498175596,211078,0.10084685114503822,0.2807233890052885,21.6025390625,16,0,2048,0.318064158083871,0.8848,0.3219685857772827,0.33883134997449815,234752,235146,"[0.825, 0.965, 0.809, 0.905, 0.803, 0.956, 0.699, 0.959, 0.975, 0.952]","[0.8374760994263862, 0.9769673704414588, 0.828335056876939, 0.9349680170575693, 0.8427299703264095, 0.950199203187251, 0.7124631992149166, 0.9707724425887265, 0.964859437751004, 0.9450441609421001]",batch,both
FashionMNIST,small,42,10,a2,layerwise,class_selectivity,loss_free,,0.7,5,0.898,0.8874,0.2907209986686706,0.3146750749707222,211383,0.10105636498175596,211078,0.10084685114503822,0.2807233890052885,21.6025390625,16,0,2048,0.32097557093948126,0.8874,0.3146750725030899,0.34341330896131694,234752,235146,"[0.859, 0.969, 0.801, 0.906, 0.836, 0.963, 0.657, 0.96, 0.974, 0.949]","[0.8661567877629063, 0.9788867562380038, 0.8200620475698035, 0.9360341151385928, 0.8644906033630069, 0.9631474103585658, 0.676153091265947, 0.9697286012526096, 0.9658634538152611, 0.9440628066732091]",batch,both
FashionMNIST,small,42,10,all,all,redundancy,loss_free,,0.05,0,0.8829,0.8718,0.32463651638031005,0.35419795031547546,222660,0.05309892577377462,222284,0.05311136859323884,0.2807233890052885,21.6025390625,16,0,2048,0.33905574097298086,0.8718,0.35419794610738753,0.334291442995891,234752,235146,"[0.901, 0.964, 0.687, 0.86, 0.892, 0.97, 0.613, 0.964, 0.973, 0.894]","[0.9091778202676865, 0.9760076775431862, 0.7094105480868665, 0.8752665245202559, 0.9169139465875371, 0.9731075697211156, 0.6565260058881256, 0.9551148225469729, 0.9568273092369478, 0.8959764474975466]",batch,both
FashionMNIST,small,42,10,all,all,redundancy,loss_free,,0.05,1,0.8959,0.8895,0.2865225944519043,0.3124256317198277,222660,0.05309892577377462,222284,0.05311136859323884,0.2807233890052885,21.6025390625,16,0,2048,0.3480375619838014,0.8895,0.3124256310582161,0.352897554053925,234752,235146,"[0.842, 0.975, 0.798, 0.907, 0.823, 0.962, 0.701, 0.96, 0.973, 0.954]","[0.8518164435946463, 0.9817658349328215, 0.8035160289555325, 0.9392324093816631, 0.8447082096933729, 0.9631474103585658, 0.7105004906771345, 0.9603340292275574, 0.9618473895582329, 0.9460255152109912]",batch,both
FashionMNIST,small,42,10,all,all,redundancy,loss_free,,0.05,3,0.8975,0.8925,0.28356204290390014,0.3099916852772236,222660,0.05309892577377462,222284,0.05311136859323884,0.2807233890052885,21.6025390625,16,0,2048,0.32890969107393175,0.8925,0.30999168988466264,0.3538969769142568,234752,235146,"[0.832, 0.971, 0.813, 0.906, 0.826, 0.963, 0.722, 0.959, 0.974, 0.959]","[0.8374760994263862, 0.9846449136276392, 0.8210961737331954, 0.9339019189765458, 0.8437190900098912, 0.9611553784860558, 0.7252208047105005, 0.9582463465553236, 0.9618473895582329, 0.9519136408243376]",batch,both
FashionMNIST,small,42,10,all,all,redundancy,loss_free,,0.05,5,0.8994,0.8943,0.28310210676193237,0.3112539141654968,222660,0.05309892577377462,222284,0.05311136859323884,0.2807233890052885,21.6025390625,16,0,2048,0.3151487730210647,0.8943,0.3112539139986038,0.3343735300004482,234752,235146,"[0.849, 0.976, 0.825, 0.898, 0.825, 0.962, 0.72, 0.967, 0.97, 0.951]","[0.8518164435946463, 0.9836852207293666, 0.827300930713547, 0.9221748400852878, 0.8466864490603363, 0.9621513944223108, 0.7262021589793916, 0.9665970772442589, 0.9608433734939759, 0.9499509322865555]",batch,both
FashionMNIST,small,42,10,all,all,redundancy,loss_free,,0.1,0,0.8775,0.8657,0.34762709455490115,0.37589939192533495,209417,0.10941712808212767,209060,0.10944315703380592,0.2807233890052885,21.6025390625,16,0,2048,0.3422492101090029,0.8657,0.375899390232563,0.3367147441022098,234752,235146,"[0.873, 0.958, 0.646, 0.853, 0.899, 0.966, 0.644, 0.972, 0.976, 0.87]","[0.890057361376673, 0.9664107485604606, 0.6618407445708376, 0.8688699360341151, 0.9248269040553907, 0.9681274900398407, 0.6879293424926398, 0.964509394572025, 0.963855421686747, 0.873405299313052]",batch,both
FashionMNIST,small,42,10,all,all,redundancy,loss_free,,0.1,1,0.8959,0.8909,0.2869683627128601,0.3130892902314663,209417,0.10941712808212767,209060,0.10944315703380592,0.2807233890052885,21.6025390625,16,0,2048,0.32127727195620537,0.8909,0.3130892866313458,0.3188874429324642,234752,235146,"[0.841, 0.977, 0.812, 0.894, 0.828, 0.96, 0.708, 0.964, 0.973, 0.952]","[0.847036328871893, 0.9846449136276392, 0.8241985522233712, 0.9232409381663113, 0.8526211671612265, 0.9492031872509961, 0.7055937193326791, 0.965553235908142, 0.964859437751004, 0.9460255152109912]",batch,both
FashionMNIST,small,42,10,all,all,redundancy,loss_free,,0.1,3,0.8974,0.8918,0.2826140582084656,0.30945356230735777,209417,0.10941712808212767,209060,0.10944315703380592,0.2807233890052885,21.6025390625,16,0,2048,0.3289224320324138,0.8918,0.3094535643875599,0.3332712750416249,234752,235146,"[0.846, 0.977, 0.821, 0.9, 0.825, 0.96, 0.698, 0.969, 0.973, 0.949]","[0.8499043977055449, 0.9856046065259118, 0.8345398138572906, 0.9232409381663113, 0.8526211671612265, 0.954183266932271, 0.6957801766437685, 0.9728601252609603, 0.963855421686747, 0.9460255152109912]",batch,both
FashionMNIST,small,42,10,all,all,redundancy,loss_free,,0.1,5,0.8981,0.8934,0.2843527639389038,0.3143178208708763,209417,0.10941712808212767,209060,0.10944315703380592,0.2807233890052885,21.6025390625,16,0,2048,0.31562689400743693,0.8934,0.31431782629489896,0.3230151820462197,234752,235146,"[0.837, 0.975, 0.817, 0.913, 0.81, 0.963, 0.73, 0.971, 0.972, 0.946]","[0.8374760994263862, 0.9817658349328215, 0.8335056876938987, 0.9381663113006397, 0.8387734915924827, 0.951195219123506, 0.7242394504416094, 0.9739039665970772, 0.963855421686747, 0.9440628066732091]",batch,both
FashionMNIST,small,42,10,all,all,redundancy,loss_free,,0.2,0,0.8475,0.8415,0.4659241648674011,0.49113253967761994,183183,0.2209818580796612,182865,0.22102900081788446,0.2807233890052885,21.6025390625,16,0,2048,0.3234631509985775,0.8415,0.4911325507879257,0.3330882559530437,234752,235146,"[0.815, 0.894, 0.664, 0.862, 0.851, 0.899, 0.717, 0.975, 0.97, 0.768]","[0.8269598470363289, 0.9069097888675623, 0.6732161323681489, 0.8773987206823027, 0.8793273986152325, 0.896414342629482, 0.732090284592738, 0.9697286012526096, 0.9618473895582329, 0.7546614327772326]",batch,both
FashionMNIST,small,42,10,all,all,redundancy,loss_free,,0.2,1,0.8938,0.8879,0.2931030640602112,0.31741850730180743,183183,0.2209818580796612,182865,0.22102900081788446,0.2807233890052885,21.6025390625,16,0,2048,0.3440469680353999,0.8879,0.31741851028203966,0.33136620896402746,234752,235146,"[0.841, 0.969, 0.829, 0.908, 0.811, 0.957, 0.671, 0.972, 0.973, 0.948]","[0.8479923518164436, 0.9836852207293666, 0.8397104446742503, 0.9339019189765458, 0.8417408506429278, 0.9462151394422311, 0.6781157998037292, 0.9749478079331941, 0.9548192771084337, 0.943081452404318]",batch,both
FashionMNIST,small,42,10,all,all,redundancy,loss_free,,0.2,3,0.8969,0.8904,0.28618551721572877,0.31337539775371553,183183,0.2209818580796612,182865,0.22102900081788446,0.2807233890052885,21.6025390625,16,0,2048,0.3272902179742232,0.8904,0.3133753955245018,0.3248677490046248,234752,235146,"[0.84, 0.971, 0.804, 0.903, 0.832, 0.96, 0.706, 0.959, 0.974, 0.955]","[0.844168260038241, 0.9836852207293666, 0.8252326783867632, 0.9264392324093816, 0.8526211671612265, 0.954183266932271, 0.7144259077526988, 0.9613778705636743, 0.9568273092369478, 0.9538763493621197]",batch,both
FashionMNIST,small,42,10,all,all,redundancy,loss_free,,0.2,5,0.8982,0.8908,0.2866468265533447,0.31186514575481417,183183,0.2209818580796612,182865,0.22102900081788446,0.2807233890052885,21.6025390625,16,0,2048,0.34595854906365275,0.8908,0.31186514580249786,0.3448259779252112,234752,235146,"[0.84, 0.973, 0.812, 0.913, 0.829, 0.964, 0.69, 0.962, 0.973, 0.952]","[0.8527724665391969, 0.9836852207293666, 0.8386763185108583, 0.94136460554371, 0.8555885262116716, 0.9591633466135459, 0.6840039254170756, 0.964509394572025, 0.9548192771084337, 0.9528949950932286]",batch,both
FashionMNIST,small,42,10,all,all,redundancy,loss_free,,0.3,0,0.7832,0.7825,0.7336873469352723,0.7470649130821228,158500,0.32595068595680976,158220,0.3260121319520175,0.2807233890052885,21.6025390625,16,0,2048,0.35449520393740386,0.7825,0.747064908504486,0.3724564729491249,234752,235146,"[0.735, 0.559, 0.519, 0.861, 0.805, 0.899, 0.813, 0.95, 0.914, 0.77]","[0.7265774378585086, 0.572936660268714, 0.5232678386763185, 0.8784648187633263, 0.8269040553907022, 0.896414342629482, 0.8174681059862611, 0.9467640918580376, 0.8895582329317269, 0.7684003925417076]",batch,both
FashionMNIST,small,42,10,all,all,redundancy,loss_free,,0.3,1,0.8917,0.8843,0.3012869640350342,0.323123309803009,158500,0.32595068595680976,158220,0.3260121319520175,0.2807233890052885,21.6025390625,16,0,2048,0.3217724399873987,0.8843,0.32312330396175387,0.3330528560327366,234752,235146,"[0.857, 0.97, 0.83, 0.893, 0.81, 0.956, 0.639, 0.968, 0.972, 0.948]","[0.8623326959847036, 0.980806142034549, 0.8459152016546019, 0.9264392324093816, 0.837784371909001, 0.9442231075697212, 0.6555446516192346, 0.9707724425887265, 0.9548192771084337, 0.9440628066732091]",batch,both
FashionMNIST,small,42,10,all,all,redundancy,loss_free,,0.3,3,0.8953,0.8889,0.2911937455177307,0.3160483389854431,158500,0.32595068595680976,158220,0.3260121319520175,0.2807233890052885,21.6025390625,16,0,2048,0.32570987206418067,0.8889,0.31604833934307097,0.335768586024642,234752,235146,"[0.861, 0.968, 0.817, 0.912, 0.82, 0.961, 0.662, 0.96, 0.975, 0.953]","[0.8661567877629063, 0.9817658349328215, 0.8324715615305067, 0.9381663113006397, 0.8496538081107814, 0.9462151394422311, 0.6683022571148185, 0.9676409185803758, 0.9618473895582329, 0.9460255152109912]",batch,both
FashionMNIST,small,42,10,all,all,redundancy,loss_free,,0.3,5,0.8967,0.8901,0.28880160408020017,0.31535109530687333,158500,0.32595068595680976,158220,0.3260121319520175,0.2807233890052885,21.6025390625,16,0,2048,0.3274386340053752,0.8901,0.31535109828710556,0.3285843189805746,234752,235146,"[0.846, 0.973, 0.786, 0.91, 0.831, 0.962, 0.708, 0.951, 0.975, 0.959]","[0.8527724665391969, 0.9817658349328215, 0.8138572905894519, 0.9360341151385928, 0.8536102868447082, 0.9561752988047809, 0.7114818449460255, 0.9498956158663883, 0.9588353413654619, 0.9558390578999019]",batch,both
FashionMNIST,small,42,10,all,all,redundancy,loss_free,,0.4,0,0.6448,0.6499,1.1850931285858155,1.1861778770446778,133605,0.43182108137072284,133364,0.4318940839694656,0.2807233890052885,21.6025390625,16,0,2048,0.3278864430030808,0.6499,1.1861778900146485,0.3470053549390286,234752,235146,"[0.654, 0.012, 0.522, 0.863, 0.794, 0.604, 0.816, 0.879, 0.86, 0.495]","[0.6625239005736138, 0.015355086372360844, 0.5098241985522234, 0.8859275053304904, 0.7992087042532147, 0.6075697211155379, 0.8420019627085378, 0.8674321503131524, 0.8273092369477911, 0.47497546614327774]",batch,both
FashionMNIST,small,42,10,all,all,redundancy,loss_free,,0.4,1,0.8871,0.8784,0.3169458462715149,0.3396998465538025,133605,0.43182108137072284,133364,0.4318940839694656,0.2807233890052885,21.6025390625,16,0,2048,0.32221021805889904,0.8784,0.3396998425722122,0.3392354079987854,234752,235146,"[0.821, 0.966, 0.815, 0.897, 0.819, 0.946, 0.65, 0.954, 0.966, 0.95]","[0.8365200764818356, 0.980806142034549, 0.8314374353671148, 0.9275053304904051, 0.8437190900098912, 0.9382470119521913, 0.662414131501472, 0.9603340292275574, 0.9548192771084337, 0.9411187438665358]",batch,both
FashionMNIST,small,42,10,all,all,redundancy,loss_free,,0.4,3,0.8929,0.8844,0.29834797925949097,0.32301230928897856,133605,0.43182108137072284,133364,0.4318940839694656,0.2807233890052885,21.6025390625,16,0,2048,0.33349914802238345,0.8844,0.32301231136322023,0.33330865402240306,234752,235146,"[0.843, 0.97, 0.841, 0.901, 0.789, 0.955, 0.669, 0.959, 0.968, 0.949]","[0.8565965583173997, 0.9817658349328215, 0.8562564632885212, 0.929637526652452, 0.8269040553907022, 0.9432270916334662, 0.6790971540726202, 0.964509394572025, 0.9558232931726908, 0.9411187438665358]",batch,both
FashionMNIST,small,42,10,all,all,redundancy,loss_free,,0.4,5,0.8941,0.8878,0.2938651093482971,0.3193929137468338,133605,0.43182108137072284,133364,0.4318940839694656,0.2807233890052885,21.6025390625,16,0,2048,0.3215131820179522,0.8878,0.31939291433095934,0.3478607760043815,234752,235146,"[0.839, 0.965, 0.813, 0.91, 0.805, 0.959, 0.708, 0.961, 0.97, 0.948]","[0.8556405353728489, 0.9798464491362764, 0.8221302998965874, 0.9328358208955224, 0.8328387734915925, 0.9472111553784861, 0.7095191364082434, 0.9686847599164927, 0.9568273092369478, 0.9401373895976447]",batch,both
FashionMNIST,small,42,10,all,all,redundancy,loss_free,,0.5,0,0.5054,0.5058,1.5545937047958374,1.5605707555770874,109386,0.5348166670919343,109184,0.534896401308615,0.2807233890052885,21.6025390625,16,0,2048,0.3457509829895571,0.5058,1.5605707433700562,0.33440491696819663,234752,235146,"[0.504, 0.0, 0.523, 0.854, 0.706, 0.239, 0.767, 0.613, 0.644, 0.208]","[0.5219885277246654, 0.0009596928982725527, 0.5025853154084798, 0.8688699360341151, 0.7279920870425322, 0.2410358565737052, 0.8076545632973503, 0.6012526096033403, 0.6526104417670683, 0.17566241413150147]",batch,both
FashionMNIST,small,42,10,all,all,redundancy,loss_free,,0.5,1,0.8799,0.874,0.33883214931488037,0.36020397264957427,109386,0.5348166670919343,109184,0.534896401308615,0.2807233890052885,21.6025390625,16,0,2048,0.32532112300395966,0.874,0.36020397377014163,0.36486442596651614,234752,235146,"[0.847, 0.962, 0.805, 0.896, 0.8, 0.935, 0.633, 0.947, 0.961, 0.954]","[0.861376673040153, 0.9692898272552783, 0.8241985522233712, 0.917910447761194, 0.8269040553907022, 0.9203187250996016, 0.6398429833169774, 0.9509394572025052, 0.9477911646586346, 0.9450441609421001]",batch,both
FashionMNIST,small,42,10,all,all,redundancy,loss_free,,0.5,3,0.8877,0.8801,0.31025273494720457,0.33493971416950225,109386,0.5348166670919343,109184,0.534896401308615,0.2807233890052885,21.6025390625,16,0,2048,0.3234047399600968,0.8801,0.3349397107362747,0.3245349880307913,234752,235146,"[0.849, 0.97, 0.818, 0.9, 0.798, 0.944, 0.649, 0.941, 0.972, 0.96]","[0.864244741873805, 0.9817658349328215, 0.8355739400206825, 0.920042643923241, 0.8298714144411474, 0.9332669322709163, 0.647693817468106, 0.9519832985386222, 0.9628514056224899, 0.9538763493621197]",batch,both
FashionMNIST,small,42,10,all,all,redundancy,loss_free,,0.5,5,0.8896,0.8834,0.30124095802307127,0.328163116312027,109386,0.5348166670919343,109184,0.534896401308615,0.2807233890052885,21.6025390625,16,0,2048,0.3206660579890013,0.8834,0.32816312339305875,0.3484982089139521,234752,235146,"[0.845, 0.972, 0.818, 0.904, 0.798, 0.951, 0.668, 0.956, 0.971, 0.951]","[0.8575525812619503, 0.9798464491362764, 0.8324715615305067, 0.9275053304904051, 0.8249258160237388, 0.9402390438247012, 0.6692836113837095, 0.9603340292275574, 0.9608433734939759, 0.9479882237487733]",batch,both
FashionMNIST,small,42,10,all,all,redundancy,loss_free,,0.7,0,0.2656,0.2646,2.1425233783721924,2.1428043003082275,63887,0.728309220654402,63761,0.7283899604689203,0.2807233890052885,21.6025390625,16,0,2048,0.332912610960193,0.2646,2.1428042976379396,0.3342283589299768,234752,235146,"[0.008, 0.0, 0.352, 0.702, 0.227, 0.0, 0.828, 0.093, 0.436, 0.0]","[0.011472275334608031, 0.0, 0.32057911065149947, 0.7185501066098081, 0.2571711177052423, 0.0, 0.8518155053974484, 0.10438413361169102, 0.43373493975903615, 0.0]",batch,both
FashionMNIST,small,42,10,all,all,redundancy,loss_free,,0.7,1,0.857,0.8461,0.4538014125823975,0.46821976432800294,63887,0.728309220654402,63761,0.7283899604689203,0.2807233890052885,21.6025390625,16,0,2048,0.33149878692347556,0.8461,0.4682197639465332,0.34409017104189843,234752,235146,"[0.811, 0.949, 0.754, 0.883, 0.826, 0.874, 0.542, 0.942, 0.942, 0.938]","[0.8307839388145315, 0.9596928982725528, 0.7807652533609101, 0.9115138592750534, 0.8545994065281899, 0.8675298804780877, 0.5711481844946026, 0.9342379958246346, 0.9377510040160643, 0.9273797841020608]",batch,both
FashionMNIST,small,42,10,all,all,redundancy,loss_free,,0.7,3,0.8733,0.8655,0.3614186641693115,0.3788632818222046,63887,0.728309220654402,63761,0.7283899604689203,0.2807233890052885,21.6025390625,16,0,2048,0.3233944639796391,0.8655,0.37886327648162843,0.35734933405183256,234752,235146,"[0.822, 0.964, 0.779, 0.892, 0.807, 0.918, 0.625, 0.931, 0.964, 0.953]","[0.844168260038241, 0.9654510556621881, 0.8045501551189245, 0.9211087420042644, 0.8338278931750742, 0.898406374501992, 0.6427870461236507, 0.9342379958246346, 0.9528112449799196, 0.9401373895976447]",batch,both
FashionMNIST,small,42,10,all,all,redundancy,loss_free,,0.7,5,0.8799,0.8713,0.3391896228790283,0.36103723711967467,63887,0.728309220654402,63761,0.7283899604689203,0.2807233890052885,21.6025390625,16,0,2048,0.32127923506777734,0.8713,0.36103723905086516,0.3310146229341626,234752,235146,"[0.848, 0.965, 0.815, 0.89, 0.793, 0.935, 0.612, 0.933, 0.966, 0.956]","[0.8747609942638623, 0.9692898272552783, 0.8397104446742503, 0.917910447761194, 0.8259149357072205, 0.9163346613545816, 0.619234543670265, 0.941544885177453, 0.9528112449799196, 0.9460255152109912]",batch,both
FashionMNIST,small,42,10,a1,layerwise,redundancy,loss_free,,0.05,0,0.886,0.8743,0.31528105621337893,0.3442852582573891,224190,0.04659232987165418,223808,0.04661941112322787,0.2807233890052885,21.6025390625,16,0,2048,0.32964815804734826,0.8743,0.3442852575182915,0.32092059997376055,234752,235146,"[0.904, 0.962, 0.698, 0.871, 0.883, 0.967, 0.605, 0.971, 0.972, 0.91]","[0.9101338432122371, 0.9760076775431862, 0.7135470527404343, 0.8827292110874201, 0.9099901088031652, 0.9731075697211156, 0.6506378802747792, 0.965553235908142, 0.9568273092369478, 0.9175662414131501]",batch,both
FashionMNIST,small,42,10,a1,layerwise,redundancy,loss_free,,0.05,1,0.8968,0.8917,0.2900238417625427,0.31460242799520494,224190,0.04659232987165418,223808,0.04661941112322787,0.2807233890052885,21.6025390625,16,0,2048,0.341988647938706,0.8917,0.3146024274230003,0.32496791798621416,234752,235146,"[0.842, 0.975, 0.796, 0.908, 0.85, 0.963, 0.693, 0.967, 0.974, 0.949]","[0.8565965583173997, 0.980806142034549, 0.8086866597724922, 0.9285714285714286, 0.8714144411473789, 0.9591633466135459, 0.6947988223748773, 0.9634655532359081, 0.9618473895582329, 0.9460255152109912]",batch,both
FashionMNIST,small,42,10,a1,layerwise,redundancy,loss_free,,0.05,3,0.8991,0.8921,0.2856624614715576,0.31268821214437487,224190,0.04659232987165418,223808,0.04661941112322787,0.2807233890052885,21.6025390625,16,0,2048,0.31496239197440445,0.8921,0.3126882128179073,0.35448308498598635,234752,235146,"[0.847, 0.968, 0.831, 0.905, 0.805, 0.966, 0.711, 0.964, 0.972, 0.952]","[0.8594646271510517, 0.9788867562380038, 0.8345398138572906, 0.9339019189765458, 0.837784371909001, 0.9671314741035857, 0.7144259077526988, 0.9592901878914405, 0.9598393574297188, 0.9499509322865555]",batch,both
FashionMNIST,small,42,10,a1,layerwise,redundancy,loss_free,,0.05,5,0.9001,0.8935,0.28290403671264647,0.3102279399752617,224190,0.04659232987165418,223808,0.04661941112322787,0.2807233890052885,21.6025390625,16,0,2048,0.31258700299076736,0.8935,0.3102279438018799,0.3302698329789564,234752,235146,"[0.845, 0.976, 0.811, 0.906, 0.815, 0.963, 0.727, 0.969, 0.974, 0.949]","[0.8413001912045889, 0.9856046065259118, 0.8221302998965874, 0.9339019189765458, 0.847675568743818, 0.9631474103585658, 0.7281648675171737, 0.9676409185803758, 0.9658634538152611, 0.9499509322865555]",batch,both
FashionMNIST,small,42,10,a1,layerwise,redundancy,loss_free,,0.1,0,0.8775,0.8673,0.33230401201248166,0.36041110290288925,212321,0.09706735389927956,211952,0.09712377317339149,0.2807233890052885,21.6025390625,16,0,2048,0.3217663730029017,0.8673,0.36041110060215,0.3334997759666294,234752,235146,"[0.886, 0.957, 0.653, 0.864, 0.894, 0.965, 0.627, 0.976, 0.974, 0.877]","[0.8977055449330784, 0.9644913627639156, 0.6752843846949328, 0.8827292110874201, 0.9159248269040554, 0.9621513944223108, 0.6643768400392541, 0.9665970772442589, 0.9598393574297188, 0.8822374877330716]",batch,both
FashionMNIST,small,42,10,a1,layerwise,redundancy,loss_free,,0.1,1,0.8951,0.8916,0.2880645414352417,0.31236310002207757,212321,0.09706735389927956,211952,0.09712377317339149,0.2807233890052885,21.6025390625,16,0,2048,0.3308057999238372,0.8916,0.3123630971610546,0.32581039902288467,234752,235146,"[0.826, 0.976, 0.796, 0.904, 0.846, 0.96, 0.715, 0.967, 0.976, 0.95]","[0.8279158699808795, 0.980806142034549, 0.8097207859358841, 0.9243070362473348, 0.8565776458951533, 0.950199203187251, 0.7262021589793916, 0.9697286012526096, 0.9628514056224899, 0.9470068694798822]",batch,both
FashionMNIST,small,42,10,a1,layerwise,redundancy,loss_free,,0.1,3,0.8968,0.8918,0.2841342070579529,0.3118067232251167,212321,0.09706735389927956,211952,0.09712377317339149,0.2807233890052885,21.6025390625,16,0,2048,0.3269456480629742,0.8918,0.31180672304034235,0.32006431196350604,234752,235146,"[0.831, 0.974, 0.802, 0.908, 0.827, 0.962, 0.724, 0.957, 0.973, 0.96]","[0.8365200764818356, 0.982725527831094, 0.8148914167528438, 0.9328358208955224, 0.8506429277942631, 0.9571713147410359, 0.7232580961727183, 0.9582463465553236, 0.9628514056224899, 0.9528949950932286]",batch,both
FashionMNIST,small,42,10,a1,layerwise,redundancy,loss_free,,0.1,5,0.9004,0.8927,0.2829707823753357,0.3105128258407116,212321,0.09706735389927956,211952,0.09712377317339149,0.2807233890052885,21.6025390625,16,0,2048,0.3191474040504545,0.8927,0.31051282562613486,0.3335490879835561,234752,235146,"[0.837, 0.972, 0.813, 0.913, 0.837, 0.967, 0.696, 0.968, 0.976, 0.948]","[0.847036328871893, 0.982725527831094, 0.8355739400206825, 0.9371002132196162, 0.8625123639960435, 0.9621513944223108, 0.704612365063788, 0.965553235908142, 0.9658634538152611, 0.9460255152109912]",batch,both
FashionMNIST,small,42,10,a1,layerwise,redundancy,loss_free,,0.2,0,0.8631,0.8566,0.37957421226501464,0.40990890641212463,188583,0.19801740195453033,188240,0.19813249727371862,0.2807233890052885,21.6025390625,16,0,2048,0.3265930259367451,0.8566,0.40990890700817106,0.3224983289837837,234752,235146,"[0.847, 0.946, 0.679, 0.877, 0.859, 0.945, 0.671, 0.985, 0.969, 0.788]","[0.8565965583173997, 0.9577735124760077, 0.6928645294725957, 0.8869936034115139, 0.8852621167161226, 0.9292828685258964, 0.6957801766437685, 0.9770354906054279, 0.9598393574297188, 0.7909715407262021]",batch,both
FashionMNIST,small,42,10,a1,layerwise,redundancy,loss_free,,0.2,1,0.8955,0.8886,0.29132497491836545,0.3177274890303612,188583,0.19801740195453033,188240,0.19813249727371862,0.2807233890052885,21.6025390625,16,0,2048,0.32595383597072214,0.8886,0.317727490901947,0.3310829340480268,234752,235146,"[0.831, 0.969, 0.827, 0.905, 0.806, 0.96, 0.7, 0.96, 0.974, 0.954]","[0.8451242829827916, 0.980806142034549, 0.8355739400206825, 0.9349680170575693, 0.8298714144411474, 0.950199203187251, 0.7075564278704612, 0.964509394572025, 0.9548192771084337, 0.956820412168793]",batch,both
FashionMNIST,small,42,10,a1,layerwise,redundancy,loss_free,,0.2,3,0.8987,0.8906,0.2863850167274475,0.3145977775752544,188583,0.19801740195453033,188240,0.19813249727371862,0.2807233890052885,21.6025390625,16,0,2048,0.3209825879894197,0.8906,0.3145977783739567,0.33701297699008137,234752,235146,"[0.827, 0.971, 0.825, 0.911, 0.81, 0.965, 0.713, 0.96, 0.976, 0.948]","[0.844168260038241, 0.9846449136276392, 0.8324715615305067, 0.9392324093816631, 0.8318496538081108, 0.9611553784860558, 0.7203140333660452, 0.965553235908142, 0.9588353413654619, 0.9538763493621197]",batch,both
FashionMNIST,small,42,10,a1,layerwise,redundancy,loss_free,,0.2,5,0.8973,0.8908,0.28479775438308713,0.31379398715496065,188583,0.19801740195453033,188240,0.19813249727371862,0.2807233890052885,21.6025390625,16,0,2048,0.31766082206740975,0.8908,0.3137939911425114,0.34466961899306625,234752,235146,"[0.857, 0.97, 0.8, 0.905, 0.836, 0.963, 0.69, 0.965, 0.971, 0.951]","[0.861376673040153, 0.982725527831094, 0.8179937952430196, 0.9211087420042644, 0.8595450049455984, 0.9581673306772909, 0.7006869479882237, 0.964509394572025, 0.9618473895582329, 0.9479882237487733]",batch,both
FashionMNIST,small,42,10,a1,layerwise,redundancy,loss_free,,0.3,0,0.8419,0.8384,0.46202125396728516,0.4824961004972458,165758,0.29508475585381,165440,0.2952562704471101,0.2807233890052885,21.6025390625,16,0,2048,0.315447227912955,0.8384,0.4824960947751999,0.33094453800003976,234752,235146,"[0.766, 0.894, 0.618, 0.888, 0.821, 0.908, 0.778, 0.963, 0.921, 0.827]","[0.7762906309751434, 0.9011516314779271, 0.6184074457083765, 0.906183368869936, 0.8417408506429278, 0.9143426294820717, 0.7782139352306182, 0.9634655532359081, 0.9096385542168675, 0.8135426889106968]",batch,both
FashionMNIST,small,42,10,a1,layerwise,redundancy,loss_free,,0.3,1,0.8931,0.8881,0.2942994582176208,0.3184659211874008,165758,0.29508475585381,165440,0.2952562704471101,0.2807233890052885,21.6025390625,16,0,2048,0.3204665289958939,0.8881,0.3184659292221069,0.33760790701489896,234752,235146,"[0.848, 0.97, 0.829, 0.911, 0.824, 0.959, 0.657, 0.949, 0.975, 0.959]","[0.8575525812619503, 0.9798464491362764, 0.8345398138572906, 0.9371002132196162, 0.8427299703264095, 0.953187250996016, 0.6643768400392541, 0.9530271398747391, 0.9558232931726908, 0.957801766437684]",batch,both
FashionMNIST,small,42,10,a1,layerwise,redundancy,loss_free,,0.3,3,0.8949,0.8896,0.2900400468826294,0.3158673262000084,165758,0.29508475585381,165440,0.2952562704471101,0.2807233890052885,21.6025390625,16,0,2048,0.3188278670422733,0.8896,0.31586733137369155,0.331622640020214,234752,235146,"[0.849, 0.971, 0.813, 0.909, 0.848, 0.962, 0.656, 0.958, 0.973, 0.957]","[0.864244741873805, 0.9846449136276392, 0.827300930713547, 0.9275053304904051, 0.8625123639960435, 0.950199203187251, 0.6633954857703631, 0.9572025052192067, 0.9618473895582329, 0.9538763493621197]",batch,both
FashionMNIST,small,42,10,a1,layerwise,redundancy,loss_free,,0.3,5,0.8972,0.8919,0.2879452374458313,0.3142644780755043,165758,0.29508475585381,165440,0.2952562704471101,0.2807233890052885,21.6025390625,16,0,2048,0.3065332720289007,0.8919,0.31426447751522063,0.31816948391497135,234752,235146,"[0.85, 0.971, 0.815, 0.916, 0.817, 0.96, 0.701, 0.96, 0.972, 0.957]","[0.8546845124282982, 0.982725527831094, 0.8252326783867632, 0.9434968017057569, 0.8427299703264095, 0.9472111553784861, 0.703631010794897, 0.9634655532359081, 0.9608433734939759, 0.9528949950932286]",batch,both
FashionMNIST,small,42,10,a1,layerwise,redundancy,loss_free,,0.4,0,0.7603,0.7592,0.6928570589065551,0.7063957066059112,142020,0.39603480390906076,141728,0.39626499454743724,0.2807233890052885,21.6025390625,16,0,2048,0.3302213449496776,0.7592,0.7063957066059112,0.33400765992701054,234752,235146,"[0.726, 0.412, 0.573, 0.886, 0.833, 0.754, 0.771, 0.964, 0.897, 0.776]","[0.7323135755258127, 0.42706333973128596, 0.5656670113753878, 0.9072494669509595, 0.8427299703264095, 0.7808764940239044, 0.7831207065750736, 0.9624217118997912, 0.8694779116465864, 0.7576054955839058]",batch,both
FashionMNIST,small,42,10,a1,layerwise,redundancy,loss_free,,0.4,1,0.8931,0.8858,0.2993538577079773,0.3233159874677658,142020,0.39603480390906076,141728,0.39626499454743724,0.2807233890052885,21.6025390625,16,0,2048,0.32118515099864453,0.8858,0.32331598881483076,0.32427373505197465,234752,235146,"[0.839, 0.965, 0.806, 0.904, 0.831, 0.961, 0.676, 0.953, 0.972, 0.951]","[0.8565965583173997, 0.9798464491362764, 0.8159255429162358, 0.9264392324093816, 0.8486646884272997, 0.9571713147410359, 0.6859666339548577, 0.9572025052192067, 0.9558232931726908, 0.9509322865554465]",batch,both
FashionMNIST,small,42,10,a1,layerwise,redundancy,loss_free,,0.4,3,0.8947,0.8884,0.29285058450698853,0.31872596844434736,142020,0.39603480390906076,141728,0.39626499454743724,0.2807233890052885,21.6025390625,16,0,2048,0.32327274803537875,0.8884,0.3187259726047516,0.3443290250143036,234752,235146,"[0.839, 0.967, 0.816, 0.908, 0.815, 0.957, 0.701, 0.959, 0.97, 0.952]","[0.8432122370936902, 0.982725527831094, 0.8252326783867632, 0.9307036247334755, 0.8367952522255193, 0.952191235059761, 0.7055937193326791, 0.965553235908142, 0.9578313253012049, 0.9519136408243376]",batch,both
FashionMNIST,small,42,10,a1,layerwise,redundancy,loss_free,,0.4,5,0.8965,0.8894,0.29067099533081053,0.3176688984155655,142020,0.39603480390906076,141728,0.39626499454743724,0.2807233890052885,21.6025390625,16,0,2048,0.3276085240067914,0.8894,0.31766889724731445,0.39097915100865066,234752,235146,"[0.852, 0.97, 0.806, 0.905, 0.843, 0.959, 0.671, 0.956, 0.974, 0.958]","[0.8604206500956023, 0.9846449136276392, 0.8148914167528438, 0.9275053304904051, 0.8664688427299704, 0.9561752988047809, 0.6800785083415113, 0.9582463465553236, 0.9618473895582329, 0.957801766437684]",batch,both
FashionMNIST,small,42,10,a1,layerwise,redundancy,loss_free,,0.5,0,0.6928,0.6893,0.9987031387329102,1.0171546404838563,118282,0.4969848519643115,118016,0.4972737186477645,0.2807233890052885,21.6025390625,16,0,2048,0.3780337870121002,0.6893,1.0171546488761902,0.4203122870530933,234752,235146,"[0.718, 0.503, 0.685, 0.908, 0.713, 0.559, 0.749, 0.791, 0.677, 0.59]","[0.7160611854684512, 0.5134357005758158, 0.6752843846949328, 0.929637526652452, 0.751730959446093, 0.5826693227091634, 0.7625122669283612, 0.8016701461377871, 0.6606425702811245, 0.5603532875368008]",batch,both
FashionMNIST,small,42,10,a1,layerwise,redundancy,loss_free,,0.5,1,0.888,0.8828,0.3096325852394104,0.33509227895736693,118282,0.4969848519643115,118016,0.4972737186477645,0.2807233890052885,21.6025390625,16,0,2048,0.33217917394358665,0.8828,0.3350922867298126,0.3551832389784977,234752,235146,"[0.849, 0.965, 0.822, 0.908, 0.792, 0.948, 0.663, 0.957, 0.971, 0.953]","[0.8556405353728489, 0.9788867562380038, 0.827300930713547, 0.9275053304904051, 0.8199802176063303, 0.9382470119521913, 0.677134445534838, 0.9582463465553236, 0.9528112449799196, 0.9489695780176644]",batch,both
FashionMNIST,small,42,10,a1,layerwise,redundancy,loss_free,,0.5,3,0.8928,0.8862,0.2948991642951965,0.32336001572608947,118282,0.4969848519643115,118016,0.4972737186477645,0.2807233890052885,21.6025390625,16,0,2048,0.3185125249437988,0.8862,0.323360018491745,0.3626015899935737,234752,235146,"[0.862, 0.967, 0.808, 0.899, 0.824, 0.952, 0.67, 0.953, 0.974, 0.953]","[0.8604206500956023, 0.9836852207293666, 0.8221302998965874, 0.9136460554371002, 0.8407517309594461, 0.9442231075697212, 0.6830225711481845, 0.9613778705636743, 0.963855421686747, 0.957801766437684]",batch,both
FashionMNIST,small,42,10,a1,layerwise,redundancy,loss_free,,0.5,5,0.8955,0.888,0.2931404760360718,0.32209463329315186,118282,0.4969848519643115,118016,0.4972737186477645,0.2807233890052885,21.6025390625,16,0,2048,0.3200128769967705,0.888,0.3220946342945099,0.32804779009893537,234752,235146,"[0.842, 0.968, 0.808, 0.91, 0.815, 0.953, 0.699, 0.952, 0.973, 0.96]","[0.8489483747609943, 0.9846449136276392, 0.8200620475698035, 0.9285714285714286, 0.8387734915924827, 0.9442231075697212, 0.7134445534838076, 0.9624217118997912, 0.9598393574297188, 0.957801766437684]",batch,both
FashionMNIST,small,42,10,a1,layerwise,redundancy,loss_free,,0.7,0,0.385,0.3794,2.006803399658203,2.0252076053619383,71719,0.6950022539188419,71504,0.6954062159214831,0.2807233890052885,21.6025390625,16,0,2048,0.34114588098600507,0.3794,2.0252075996398924,0.3405849019763991,234752,235146,"[0.386, 0.06, 0.551, 0.845, 0.48, 0.009, 0.876, 0.279, 0.299, 0.009]","[0.39579349904397704, 0.07869481765834933, 0.5253360910031024, 0.8816631130063965, 0.52324431256182, 0.008964143426294821, 0.9057899901864573, 0.2567849686847599, 0.2971887550200803, 0.015701668302257114]",batch,both
FashionMNIST,small,42,10,a1,layerwise,redundancy,loss_free,,0.7,1,0.8784,0.8738,0.34270793352127077,0.36280268585681913,71719,0.6950022539188419,71504,0.6954062159214831,0.2807233890052885,21.6025390625,16,0,2048,0.30789146898314357,0.8738,0.3628026827335358,0.32078912493307143,234752,235146,"[0.853, 0.962, 0.781, 0.905, 0.825, 0.923, 0.629, 0.952, 0.962, 0.946]","[0.8575525812619503, 0.9769673704414588, 0.8014477766287487, 0.9275053304904051, 0.8437190900098912, 0.9153386454183267, 0.6378802747791953, 0.9478079331941545, 0.9497991967871486, 0.930323846908734]",batch,both
FashionMNIST,small,42,10,a1,layerwise,redundancy,loss_free,,0.7,3,0.8873,0.8771,0.31733732261657716,0.34008845200538634,71719,0.6950022539188419,71504,0.6954062159214831,0.2807233890052885,21.6025390625,16,0,2048,0.3211027340730652,0.8771,0.3400884530067444,0.3280641119927168,234752,235146,"[0.866, 0.965, 0.784, 0.901, 0.821, 0.936, 0.631, 0.941, 0.97, 0.956]","[0.8776290630975143, 0.974088291746641, 0.8086866597724922, 0.9328358208955224, 0.8466864490603363, 0.9292828685258964, 0.6506378802747792, 0.954070981210856, 0.9578313253012049, 0.9450441609421001]",batch,both
FashionMNIST,small,42,10,a1,layerwise,redundancy,loss_free,,0.7,5,0.8879,0.8797,0.31163558797836305,0.3343742055892944,71719,0.6950022539188419,71504,0.6954062159214831,0.2807233890052885,21.6025390625,16,0,2048,0.3265287459362298,0.8797,0.33437420234680176,0.3190018670866266,234752,235146,"[0.846, 0.965, 0.788, 0.909, 0.806, 0.944, 0.663, 0.954, 0.97, 0.952]","[0.8518164435946463, 0.9769673704414588, 0.81282316442606, 0.9402985074626866, 0.8367952522255193, 0.9332669322709163, 0.6741903827281649, 0.9592901878914405, 0.9558232931726908, 0.943081452404318]",batch,both
FashionMNIST,small,42,10,a2,layerwise,redundancy,loss_free,,0.05,0,0.8889,0.8772,0.3031288770675659,0.3327814049959183,233544,0.006812788650455426,233156,0.006798664122137366,0.2807233890052885,21.6025390625,16,0,2048,0.3194843960227445,0.8772,0.3327814034342766,0.33991871995385736,234752,235146,"[0.898, 0.968, 0.697, 0.854, 0.888, 0.966, 0.625, 0.959, 0.972, 0.945]","[0.9091778202676865, 0.9798464491362764, 0.7259565667011375, 0.8699360341151386, 0.9129574678536103, 0.9701195219123506, 0.662414131501472, 0.9561586638830898, 0.9558232931726908, 0.9411187438665358]",batch,both
FashionMNIST,small,42,10,a2,layerwise,redundancy,loss_free,,0.05,1,0.8954,0.8904,0.2875699454307556,0.31379265534877776,233544,0.006812788650455426,233156,0.006798664122137366,0.2807233890052885,21.6025390625,16,0,2048,0.32139685400761664,0.8904,0.31379265726804734,0.32268283201847225,234752,235146,"[0.82, 0.976, 0.779, 0.907, 0.839, 0.955, 0.738, 0.951, 0.975, 0.964]","[0.8279158699808795, 0.982725527831094, 0.7942088934850051, 0.929637526652452, 0.8595450049455984, 0.9492031872509961, 0.732090284592738, 0.9603340292275574, 0.963855421686747, 0.957801766437684]",batch,both
FashionMNIST,small,42,10,a2,layerwise,redundancy,loss_free,,0.05,3,0.8984,0.8923,0.28412333765029907,0.3116685571670532,233544,0.006812788650455426,233156,0.006798664122137366,0.2807233890052885,21.6025390625,16,0,2048,0.33028205402661115,0.8923,0.31166855335235594,0.3399960690876469,234752,235146,"[0.833, 0.969, 0.819, 0.906, 0.836, 0.966, 0.7, 0.964, 0.972, 0.958]","[0.844168260038241, 0.9817658349328215, 0.8304033092037229, 0.9221748400852878, 0.8585558852621167, 0.9631474103585658, 0.7065750736015701, 0.9676409185803758, 0.9608433734939759, 0.9528949950932286]",batch,both
FashionMNIST,small,42,10,a2,layerwise,redundancy,loss_free,,0.05,5,0.8983,0.8956,0.2842222536087036,0.31156991411447527,233544,0.006812788650455426,233156,0.006798664122137366,0.2807233890052885,21.6025390625,16,0,2048,0.33652255206834525,0.8956,0.31156991443634036,0.332968041067943,234752,235146,"[0.85, 0.973, 0.821, 0.908, 0.842, 0.964, 0.699, 0.964, 0.978, 0.957]","[0.8479923518164436, 0.9836852207293666, 0.828335056876939, 0.9317697228144989, 0.8526211671612265, 0.9611553784860558, 0.6957801766437685, 0.965553235908142, 0.9678714859437751, 0.9528949950932286]",batch,both
FashionMNIST,small,42,10,a2,layerwise,redundancy,loss_free,,0.1,0,0.8887,0.8774,0.30214822521209717,0.3315626101851463,231942,0.013625577300910963,231560,0.013597328244274842,0.2807233890052885,21.6025390625,16,0,2048,0.327933443011716,0.8774,0.3315626105546951,0.3287525090854615,234752,235146,"[0.885, 0.968, 0.702, 0.853, 0.882, 0.964, 0.643, 0.953, 0.971, 0.953]","[0.8910133843212237, 0.980806142034549, 0.7290589451913133, 0.8656716417910447, 0.913946587537092, 0.9641434262948207, 0.6781157998037292, 0.954070981210856, 0.9578313253012049, 0.9470068694798822]",batch,both
FashionMNIST,small,42,10,a2,layerwise,redundancy,loss_free,,0.1,1,0.8963,0.8903,0.28480160026550294,0.3110588242650032,231942,0.013625577300910963,231560,0.013597328244274842,0.2807233890052885,21.6025390625,16,0,2048,0.3378993070218712,0.8903,0.3110588297724724,0.323490662034601,234752,235146,"[0.844, 0.975, 0.812, 0.915, 0.821, 0.96, 0.687, 0.947, 0.976, 0.966]","[0.8489483747609943, 0.980806142034549, 0.8252326783867632, 0.9392324093816631, 0.8466864490603363, 0.954183266932271, 0.6947988223748773, 0.9561586638830898, 0.9628514056224899, 0.9587831207065751]",batch,both
FashionMNIST,small,42,10,a2,layerwise,redundancy,loss_free,,0.1,3,0.8994,0.8918,0.28038336505889894,0.3083119992911816,231942,0.013625577300910963,231560,0.013597328244274842,0.2807233890052885,21.6025390625,16,0,2048,0.32663704094011337,0.8918,0.3083119981467724,0.3270935430191457,234752,235146,"[0.852, 0.977, 0.803, 0.891, 0.83, 0.96, 0.716, 0.968, 0.971, 0.95]","[0.8604206500956023, 0.9865642994241842, 0.8179937952430196, 0.9136460554371002, 0.8545994065281899, 0.9571713147410359, 0.7203140333660452, 0.9697286012526096, 0.964859437751004, 0.9509322865554465]",batch,both
FashionMNIST,small,42,10,a2,layerwise,redundancy,loss_free,,0.1,5,0.9005,0.893,0.283623308467865,0.3113725324690342,231942,0.013625577300910963,231560,0.013597328244274842,0.2807233890052885,21.6025390625,16,0,2048,0.32568368199281394,0.893,0.31137253467440607,0.3425471589434892,234752,235146,"[0.836, 0.976, 0.827, 0.909, 0.826, 0.97, 0.694, 0.964, 0.973, 0.955]","[0.8451242829827916, 0.9836852207293666, 0.8428128231644261, 0.9392324093816631, 0.8516320474777448, 0.9681274900398407, 0.7075564278704612, 0.9603340292275574, 0.9618473895582329, 0.9499509322865555]",batch,both
FashionMNIST,small,42,10,a2,layerwise,redundancy,loss_free,,0.2,0,0.8854,0.8744,0.31571972513198854,0.34221954773664476,228471,0.028386619376897793,228102,0.028327767175572505,0.2807233890052885,21.6025390625,16,0,2048,0.3237001649104059,0.8744,0.342219547355175,0.31811957398895174,234752,235146,"[0.867, 0.952, 0.679, 0.856, 0.883, 0.959, 0.669, 0.948, 0.973, 0.958]","[0.8833652007648184, 0.9644913627639156, 0.7011375387797312, 0.8710021321961621, 0.913946587537092, 0.9591633466135459, 0.6938174681059862, 0.9519832985386222, 0.9588353413654619, 0.9509322865554465]",batch,both
FashionMNIST,small,42,10,a2,layerwise,redundancy,loss_free,,0.2,1,0.8976,0.8904,0.2852259411811829,0.3085187090933323,228471,0.028386619376897793,228102,0.028327767175572505,0.2807233890052885,21.6025390625,16,0,2048,0.32024354895111173,0.8904,0.30851870644688606,0.350265679997392,234752,235146,"[0.841, 0.971, 0.815, 0.911, 0.817, 0.961, 0.702, 0.956, 0.972, 0.958]","[0.8508604206500956, 0.980806142034549, 0.8231644260599793, 0.9445628997867804, 0.8407517309594461, 0.9571713147410359, 0.7065750736015701, 0.9603340292275574, 0.9628514056224899, 0.9538763493621197]",batch,both
FashionMNIST,small,42,10,a2,layerwise,redundancy,loss_free,,0.2,3,0.8987,0.8923,0.28195750494003297,0.3090954512834549,228471,0.028386619376897793,228102,0.028327767175572505,0.2807233890052885,21.6025390625,16,0,2048,0.322872232994996,0.8923,0.3090954472541809,0.3315005509648472,234752,235146,"[0.848, 0.978, 0.816, 0.897, 0.829, 0.96, 0.699, 0.964, 0.975, 0.957]","[0.8565965583173997, 0.9846449136276392, 0.8293691830403309, 0.920042643923241, 0.8555885262116716, 0.9551792828685259, 0.7095191364082434, 0.9676409185803758, 0.9618473895582329, 0.9499509322865555]",batch,both
FashionMNIST,small,42,10,a2,layerwise,redundancy,loss_free,,0.2,5,0.8983,0.8939,0.28199890813827516,0.3096462821722031,228471,0.028386619376897793,228102,0.028327767175572505,0.2807233890052885,21.6025390625,16,0,2048,0.35911205306183547,0.8939,0.30964628142118455,0.36216662800870836,234752,235146,"[0.866, 0.977, 0.832, 0.904, 0.814, 0.968, 0.691, 0.947, 0.976, 0.964]","[0.8709369024856597, 0.9865642994241842, 0.8376421923474664, 0.9285714285714286, 0.837784371909001, 0.9681274900398407, 0.6957801766437685, 0.9394572025052192, 0.9628514056224899, 0.957801766437684]",batch,both
FashionMNIST,small,42,10,a2,layerwise,redundancy,loss_free,,0.3,0,0.8801,0.8708,0.3454657493591309,0.3729951709985733,225000,0.04314766145288462,224644,0.04305820610687028,0.2807233890052885,21.6025390625,16,0,2048,0.3568443179829046,0.8708,0.3729951722860336,0.34605775598902255,234752,235146,"[0.876, 0.94, 0.643, 0.84, 0.885, 0.963, 0.687, 0.95, 0.97, 0.954]","[0.8919694072657743, 0.9491362763915547, 0.6690796277145812, 0.8518123667377399, 0.9080118694362018, 0.9661354581673307, 0.7016683022571149, 0.9530271398747391, 0.9558232931726908, 0.9470068694798822]",batch,both
FashionMNIST,small,42,10,a2,layerwise,redundancy,loss_free,,0.3,1,0.8959,0.8896,0.2874262954711914,0.31097185559272766,225000,0.04314766145288462,224644,0.04305820610687028,0.2807233890052885,21.6025390625,16,0,2048,0.3216243450297043,0.8896,0.31097185645103453,0.37277705897577107,234752,235146,"[0.855, 0.968, 0.816, 0.903, 0.817, 0.961, 0.689, 0.962, 0.974, 0.951]","[0.864244741873805, 0.9798464491362764, 0.8159255429162358, 0.9317697228144989, 0.8447082096933729, 0.954183266932271, 0.6987242394504416, 0.9624217118997912, 0.9628514056224899, 0.9479882237487733]",batch,both
FashionMNIST,small,42,10,a2,layerwise,redundancy,loss_free,,0.3,3,0.9007,0.8905,0.2830618411064148,0.30882258536815643,225000,0.04314766145288462,224644,0.04305820610687028,0.2807233890052885,21.6025390625,16,0,2048,0.3277952630305663,0.8905,0.3088225866913796,0.3395261080004275,234752,235146,"[0.832, 0.973, 0.804, 0.908, 0.835, 0.963, 0.702, 0.955, 0.974, 0.959]","[0.8508604206500956, 0.9836852207293666, 0.8241985522233712, 0.9381663113006397, 0.8615232443125618, 0.9641434262948207, 0.7134445534838076, 0.9603340292275574, 0.9628514056224899, 0.9519136408243376]",batch,both
FashionMNIST,small,42,10,a2,layerwise,redundancy,loss_free,,0.3,5,0.899,0.8928,0.28151234769821165,0.30758352649211884,225000,0.04314766145288462,224644,0.04305820610687028,0.2807233890052885,21.6025390625,16,0,2048,0.30743050505407155,0.8928,0.30758352744579315,0.3286522710695863,234752,235146,"[0.861, 0.976, 0.796, 0.906, 0.834, 0.964, 0.696, 0.964, 0.977, 0.954]","[0.8652007648183556, 0.9856046065259118, 0.8107549120992761, 0.9360341151385928, 0.8585558852621167, 0.9601593625498008, 0.6977428851815506, 0.964509394572025, 0.963855421686747, 0.9509322865554465]",batch,both
FashionMNIST,small,42,10,a2,layerwise,redundancy,loss_free,,0.4,0,0.8809,0.8718,0.39035056161880494,0.41319992735385896,221529,0.05790870352887145,221186,0.05778864503816794,0.2807233890052885,21.6025390625,16,0,2048,0.3383940370986238,0.8718,0.4131999273777008,0.3311268740799278,234752,235146,"[0.857, 0.941, 0.654, 0.845, 0.89, 0.963, 0.711, 0.94, 0.964, 0.953]","[0.872848948374761, 0.9510556621880998, 0.6835573940020683, 0.8656716417910447, 0.913946587537092, 0.9621513944223108, 0.7134445534838076, 0.9436325678496869, 0.9508032128514057, 0.9460255152109912]",batch,both
FashionMNIST,small,42,10,a2,layerwise,redundancy,loss_free,,0.4,1,0.8964,0.8876,0.28749341764450076,0.3122087787628174,221529,0.05790870352887145,221186,0.05778864503816794,0.2807233890052885,21.6025390625,16,0,2048,0.3164061390561983,0.8876,0.31220878361463544,0.32501750299707055,234752,235146,"[0.861, 0.971, 0.791, 0.894, 0.854, 0.959, 0.656, 0.954, 0.975, 0.961]","[0.8814531548757171, 0.9836852207293666, 0.8076525336091003, 0.9157782515991472, 0.8704253214638972, 0.9571713147410359, 0.6712463199214916, 0.9603340292275574, 0.963855421686747, 0.9538763493621197]",batch,both
FashionMNIST,small,42,10,a2,layerwise,redundancy,loss_free,,0.4,3,0.8979,0.8903,0.28403633937835693,0.30810409725904464,221529,0.05790870352887145,221186,0.05778864503816794,0.2807233890052885,21.6025390625,16,0,2048,0.3199539859779179,0.8903,0.3081040989279747,0.3335727109806612,234752,235146,"[0.857, 0.974, 0.811, 0.913, 0.816, 0.953, 0.683, 0.969, 0.974, 0.953]","[0.8671128107074569, 0.9836852207293666, 0.8262668045501551, 0.94136460554371, 0.8407517309594461, 0.950199203187251, 0.6947988223748773, 0.9697286012526096, 0.9628514056224899, 0.9470068694798822]",batch,both
FashionMNIST,small,42,10,a2,layerwise,redundancy,loss_free,,0.4,5,0.8994,0.8923,0.2807390555381775,0.3074587175130844,221529,0.05790870352887145,221186,0.05778864503816794,0.2807233890052885,21.6025390625,16,0,2048,0.33268607198260725,0.8923,0.30745871621370313,0.3249680780572817,234752,235146,"[0.829, 0.975, 0.806, 0.913, 0.814, 0.964, 0.729, 0.964, 0.973, 0.956]","[0.8422562141491395, 0.9836852207293666, 0.8190279214064116, 0.9392324093816631, 0.8427299703264095, 0.9611553784860558, 0.7330716388616291, 0.965553235908142, 0.9608433734939759, 0.9509322865554465]",batch,both
FashionMNIST,small,42,10,a2,layerwise,redundancy,loss_free,,0.5,0,0.8715,0.8667,0.519341316318512,0.5394628486156464,218058,0.07266974560485828,217728,0.0725190839694656,0.2807233890052885,21.6025390625,16,0,2048,0.3186672389274463,0.8667,0.539462855052948,0.3360304950037971,234752,235146,"[0.81, 0.927, 0.642, 0.845, 0.876, 0.942, 0.762, 0.957, 0.964, 0.942]","[0.8049713193116634, 0.9328214971209213, 0.6628748707342296, 0.8550106609808102, 0.9020771513353115, 0.9352589641434262, 0.7684003925417076, 0.9551148225469729, 0.9598393574297188, 0.9352306182531894]",batch,both
FashionMNIST,small,42,10,a2,layerwise,redundancy,loss_free,,0.5,1,0.8947,0.8855,0.2921068820953369,0.3143825979828834,218058,0.07266974560485828,217728,0.0725190839694656,0.2807233890052885,21.6025390625,16,0,2048,0.32939699199050665,0.8855,0.3143826016306877,0.3503304050536826,234752,235146,"[0.852, 0.971, 0.804, 0.901, 0.836, 0.96, 0.644, 0.953, 0.974, 0.96]","[0.8632887189292543, 0.9798464491362764, 0.8200620475698035, 0.9275053304904051, 0.8684470820969338, 0.954183266932271, 0.6643768400392541, 0.9603340292275574, 0.9618473895582329, 0.9509322865554465]",batch,both
FashionMNIST,small,42,10,a2,layerwise,redundancy,loss_free,,0.5,3,0.8966,0.8894,0.28759780349731445,0.3096004514694214,218058,0.07266974560485828,217728,0.0725190839694656,0.2807233890052885,21.6025390625,16,0,2048,0.3179335129680112,0.8894,0.309600447845459,0.322239784989506,234752,235146,"[0.879, 0.977, 0.806, 0.906, 0.837, 0.955, 0.639, 0.968, 0.976, 0.951]","[0.8910133843212237, 0.9836852207293666, 0.8169596690796277, 0.9339019189765458, 0.8605341246290801, 0.9482071713147411, 0.6565260058881256, 0.9707724425887265, 0.964859437751004, 0.943081452404318]",batch,both
FashionMNIST,small,42,10,a2,layerwise,redundancy,loss_free,,0.5,5,0.8977,0.8901,0.28430145196914675,0.3091705611169338,218058,0.07266974560485828,217728,0.0725190839694656,0.2807233890052885,21.6025390625,16,0,2048,0.32103253703098744,0.8901,0.3091705634236336,0.32168606598861516,234752,235146,"[0.829, 0.976, 0.81, 0.911, 0.825, 0.962, 0.697, 0.969, 0.972, 0.95]","[0.8460803059273423, 0.9846449136276392, 0.8241985522233712, 0.9371002132196162, 0.8526211671612265, 0.9551792828685259, 0.7016683022571149, 0.9707724425887265, 0.963855421686747, 0.9460255152109912]",batch,both
FashionMNIST,small,42,10,a2,layerwise,redundancy,loss_free,,0.7,0,0.7324,0.7308,1.0699756090164185,1.0789928718566895,211383,0.10105636498175596,211078,0.10084685114503822,0.2807233890052885,21.6025390625,16,0,2048,0.33925696404185146,0.7308,1.078992872428894,0.3390704190824181,234752,235146,"[0.776, 0.107, 0.728, 0.726, 0.825, 0.847, 0.756, 0.979, 0.928, 0.636]","[0.7724665391969407, 0.10748560460652591, 0.7445708376421923, 0.7430703624733476, 0.8516320474777448, 0.8326693227091634, 0.7723258096172718, 0.965553235908142, 0.9367469879518072, 0.6329735034347399]",batch,both
FashionMNIST,small,42,10,a2,layerwise,redundancy,loss_free,,0.7,1,0.8895,0.88,0.3122375014305115,0.3352689131975174,211383,0.10105636498175596,211078,0.10084685114503822,0.2807233890052885,21.6025390625,16,0,2048,0.31219517695717514,0.88,0.3352689078450203,0.35606618702877313,234752,235146,"[0.821, 0.964, 0.781, 0.901, 0.837, 0.949, 0.67, 0.948, 0.97, 0.959]","[0.844168260038241, 0.9750479846449136, 0.8004136504653567, 0.9264392324093816, 0.8605341246290801, 0.9382470119521913, 0.6918547595682041, 0.9530271398747391, 0.9608433734939759, 0.9479882237487733]",batch,both
FashionMNIST,small,42,10,a2,layerwise,redundancy,loss_free,,0.7,3,0.8954,0.8848,0.29283192682266235,0.3177381686806679,211383,0.10105636498175596,211078,0.10084685114503822,0.2807233890052885,21.6025390625,16,0,2048,0.3222838359652087,0.8848,0.31773816771507263,0.31302700098603964,234752,235146,"[0.829, 0.972, 0.806, 0.896, 0.829, 0.954, 0.679, 0.946, 0.974, 0.963]","[0.8489483747609943, 0.9817658349328215, 0.8231644260599793, 0.9211087420042644, 0.8615232443125618, 0.9432270916334662, 0.6997055937193327, 0.9582463465553236, 0.964859437751004, 0.9548577036310107]",batch,both
FashionMNIST,small,42,10,a2,layerwise,redundancy,loss_free,,0.7,5,0.8969,0.8872,0.2876292499542236,0.3124857645511627,211383,0.10105636498175596,211078,0.10084685114503822,0.2807233890052885,21.6025390625,16,0,2048,0.3315871059894562,0.8872,0.3124857658743858,0.32581894798204303,234752,235146,"[0.831, 0.972, 0.805, 0.899, 0.833, 0.955, 0.686, 0.954, 0.975, 0.962]","[0.8537284894837476, 0.982725527831094, 0.8252326783867632, 0.9243070362473348, 0.8555885262116716, 0.9452191235059761, 0.7095191364082434, 0.964509394572025, 0.9628514056224899, 0.9489695780176644]",batch,both
FashionMNIST,small,42,10,all,all,hebbian,loss_free,,0.05,0,0.887,0.8745,0.3075411815643311,0.33748225823640826,222660,0.05309892577377462,222284,0.05311136859323884,0.2807233890052885,21.6025390625,16,0,2048,0.33543230907525867,0.8745,0.3374822603106499,0.31730864208657295,234752,235146,"[0.904, 0.968, 0.708, 0.863, 0.884, 0.961, 0.578, 0.956, 0.97, 0.953]","[0.9120458891013384, 0.9798464491362764, 0.734229576008273, 0.8795309168443497, 0.9119683481701286, 0.9601593625498008, 0.6251226692836114, 0.9603340292275574, 0.9548192771084337, 0.9479882237487733]",batch,both
FashionMNIST,small,42,10,all,all,hebbian,loss_free,,0.05,1,0.8963,0.8895,0.2876384203910828,0.3156703769147396,222660,0.05309892577377462,222284,0.05311136859323884,0.2807233890052885,21.6025390625,16,0,2048,0.34551625698804855,0.8895,0.3156703729093075,0.33309371094219387,234752,235146,"[0.828, 0.976, 0.772, 0.903, 0.82, 0.952, 0.745, 0.964, 0.975, 0.96]","[0.8374760994263862, 0.982725527831094, 0.7890382626680456, 0.9349680170575693, 0.8506429277942631, 0.9482071713147411, 0.7428851815505397, 0.9676409185803758, 0.9618473895582329, 0.9509322865554465]",batch,both
FashionMNIST,small,42,10,all,all,hebbian,loss_free,,0.05,3,0.8993,0.8935,0.28502479343414305,0.31225651938319204,222660,0.05309892577377462,222284,0.05311136859323884,0.2807233890052885,21.6025390625,16,0,2048,0.320700892014429,0.8935,0.3122565267145634,0.3402824769727886,234752,235146,"[0.847, 0.975, 0.809, 0.912, 0.821, 0.966, 0.719, 0.967, 0.97, 0.949]","[0.8518164435946463, 0.9836852207293666, 0.8190279214064116, 0.9339019189765458, 0.8427299703264095, 0.9671314741035857, 0.7203140333660452, 0.965553235908142, 0.963855421686747, 0.9489695780176644]",batch,both
FashionMNIST,small,42,10,all,all,hebbian,loss_free,,0.05,5,0.8994,0.8938,0.286987477016449,0.3132333676815033,222660,0.05309892577377462,222284,0.05311136859323884,0.2807233890052885,21.6025390625,16,0,2048,0.3135348620126024,0.8938,0.3132333648085594,0.3279734479729086,234752,235146,"[0.854, 0.975, 0.818, 0.913, 0.831, 0.965, 0.691, 0.967, 0.975, 0.949]","[0.8594646271510517, 0.982725527831094, 0.8366080661840745, 0.9317697228144989, 0.8536102868447082, 0.9641434262948207, 0.6947988223748773, 0.9634655532359081, 0.9658634538152611, 0.9460255152109912]",batch,both
FashionMNIST,small,42,10,all,all,hebbian,loss_free,,0.1,0,0.8836,0.8721,0.3139135823249817,0.342674445271492,209417,0.10941712808212767,209060,0.10944315703380592,0.2807233890052885,21.6025390625,16,0,2048,0.3454581940313801,0.8721,0.3426744463801384,0.32377754792105407,234752,235146,"[0.911, 0.967, 0.707, 0.857, 0.882, 0.956, 0.565, 0.956, 0.968, 0.952]","[0.9158699808795411, 0.980806142034549, 0.7311271975180972, 0.8688699360341151, 0.9129574678536103, 0.9581673306772909, 0.6045142296368989, 0.9592901878914405, 0.9528112449799196, 0.9470068694798822]",batch,both
FashionMNIST,small,42,10,all,all,hebbian,loss_free,,0.1,1,0.8975,0.8909,0.2898776316642761,0.3137352429628372,209417,0.10941712808212767,209060,0.10944315703380592,0.2807233890052885,21.6025390625,16,0,2048,0.32934230600949377,0.8909,0.3137352395772934,0.343918441911228,234752,235146,"[0.826, 0.973, 0.82, 0.915, 0.81, 0.962, 0.716, 0.963, 0.975, 0.949]","[0.8298279158699808, 0.982725527831094, 0.8345398138572906, 0.94136460554371, 0.8407517309594461, 0.9611553784860558, 0.7154072620215898, 0.9624217118997912, 0.9628514056224899, 0.9499509322865555]",batch,both
FashionMNIST,small,42,10,all,all,hebbian,loss_free,,0.1,3,0.8999,0.8926,0.2863998879432678,0.3144445717811584,209417,0.10941712808212767,209060,0.10944315703380592,0.2807233890052885,21.6025390625,16,0,2048,0.3295353769790381,0.8926,0.3144445689022541,0.32010734209325165,234752,235146,"[0.845, 0.973, 0.797, 0.907, 0.851, 0.965, 0.693, 0.966, 0.975, 0.954]","[0.8508604206500956, 0.9836852207293666, 0.8097207859358841, 0.9328358208955224, 0.8694362017804155, 0.9631474103585658, 0.7105004906771345, 0.9634655532359081, 0.9668674698795181, 0.9519136408243376]",batch,both
FashionMNIST,small,42,10,all,all,hebbian,loss_free,,0.1,5,0.9008,0.892,0.28594705085754396,0.3143225525379181,209417,0.10941712808212767,209060,0.10944315703380592,0.2807233890052885,21.6025390625,16,0,2048,0.3253875729860738,0.892,0.314322554153204,0.3467393380124122,234752,235146,"[0.832, 0.97, 0.804, 0.907, 0.826, 0.963, 0.724, 0.966, 0.975, 0.953]","[0.8346080305927343, 0.9817658349328215, 0.8200620475698035, 0.9360341151385928, 0.857566765578635, 0.9641434262948207, 0.7360157016683022, 0.965553235908142, 0.9658634538152611, 0.9509322865554465]",batch,both
FashionMNIST,small,42,10,all,all,hebbian,loss_free,,0.2,0,0.8818,0.8696,0.32720938177108766,0.35194045119285583,183183,0.2209818580796612,182865,0.22102900081788446,0.2807233890052885,21.6025390625,16,0,2048,0.3280298709869385,0.8696,0.3519404496669769,0.3257434529950842,234752,235146,"[0.923, 0.966, 0.714, 0.852, 0.879, 0.954, 0.535, 0.954, 0.967, 0.952]","[0.9311663479923518, 0.9798464491362764, 0.7435367114788004, 0.8603411513859275, 0.8991097922848664, 0.952191235059761, 0.5829244357212954, 0.954070981210856, 0.9608433734939759, 0.9489695780176644]",batch,both
FashionMNIST,small,42,10,all,all,hebbian,loss_free,,0.2,1,0.896,0.8887,0.2908846130371094,0.3143519467234612,183183,0.2209818580796612,182865,0.22102900081788446,0.2807233890052885,21.6025390625,16,0,2048,0.3278949069790542,0.8887,0.31435194816589357,0.3474836760433391,234752,235146,"[0.844, 0.971, 0.806, 0.901, 0.841, 0.961, 0.675, 0.964, 0.975, 0.949]","[0.8575525812619503, 0.982725527831094, 0.811789038262668, 0.9253731343283582, 0.8595450049455984, 0.9561752988047809, 0.6987242394504416, 0.9603340292275574, 0.9628514056224899, 0.9479882237487733]",batch,both
FashionMNIST,small,42,10,all,all,hebbian,loss_free,,0.2,3,0.8988,0.891,0.28948198738098146,0.3141113183557987,183183,0.2209818580796612,182865,0.22102900081788446,0.2807233890052885,21.6025390625,16,0,2048,0.32470396696589887,0.891,0.31411131712794305,0.33258803002536297,234752,235146,"[0.828, 0.971, 0.818, 0.904, 0.826, 0.962, 0.704, 0.969, 0.978, 0.95]","[0.847036328871893, 0.982725527831094, 0.827300930713547, 0.9360341151385928, 0.8456973293768546, 0.9581673306772909, 0.719332679097154, 0.9634655532359081, 0.964859437751004, 0.9479882237487733]",batch,both
FashionMNIST,small,42,10,all,all,hebbian,loss_free,,0.2,5,0.8982,0.8909,0.28807818298339843,0.3141006558895111,183183,0.2209818580796612,182865,0.22102900081788446,0.2807233890052885,21.6025390625,16,0,2048,0.3238312170142308,0.8909,0.3141006549358368,0.31799833301920444,234752,235146,"[0.827, 0.975, 0.801, 0.906, 0.844, 0.959, 0.701, 0.961, 0.974, 0.961]","[0.8384321223709369, 0.9836852207293666, 0.8169596690796277, 0.9360341151385928, 0.8635014836795252, 0.9601593625498008, 0.7124631992149166, 0.9582463465553236, 0.963855421686747, 0.9528949950932286]",batch,both
FashionMNIST,small,42,10,all,all,hebbian,loss_free,,0.3,0,0.8787,0.8661,0.3477424443244934,0.3660904377698898,158500,0.32595068595680976,158220,0.3260121319520175,0.2807233890052885,21.6025390625,16,0,2048,0.32426001701969653,0.8661,0.36609044008255004,0.33400358189828694,234752,235146,"[0.916, 0.97, 0.717, 0.852, 0.866, 0.949, 0.523, 0.954, 0.963, 0.951]","[0.9263862332695985, 0.9798464491362764, 0.749741468459152, 0.8720682302771855, 0.8981206726013847, 0.9402390438247012, 0.5593719332679097, 0.954070981210856, 0.9538152610441767, 0.9499509322865555]",batch,both
FashionMNIST,small,42,10,all,all,hebbian,loss_free,,0.3,1,0.8943,0.8866,0.2965501636505127,0.31837029354572294,158500,0.32595068595680976,158220,0.3260121319520175,0.2807233890052885,21.6025390625,16,0,2048,0.33435428293887526,0.8866,0.3183702962398529,0.3272949270904064,234752,235146,"[0.838, 0.966, 0.818, 0.905, 0.818, 0.948, 0.681, 0.957, 0.976, 0.959]","[0.8489483747609943, 0.9779270633397313, 0.8252326783867632, 0.9349680170575693, 0.8447082096933729, 0.9482071713147411, 0.6977428851815506, 0.9572025052192067, 0.964859437751004, 0.9479882237487733]",batch,both
FashionMNIST,small,42,10,all,all,hebbian,loss_free,,0.3,3,0.8976,0.8893,0.2922795198440552,0.3158726825773716,158500,0.32595068595680976,158220,0.3260121319520175,0.2807233890052885,21.6025390625,16,0,2048,0.3238086880883202,0.8893,0.3158726792514324,0.33748347288928926,234752,235146,"[0.833, 0.969, 0.798, 0.902, 0.842, 0.955, 0.705, 0.962, 0.974, 0.953]","[0.8451242829827916, 0.982725527831094, 0.8138572905894519, 0.9264392324093816, 0.857566765578635, 0.9611553784860558, 0.7232580961727183, 0.9561586638830898, 0.9628514056224899, 0.9499509322865555]",batch,both
FashionMNIST,small,42,10,all,all,hebbian,loss_free,,0.3,5,0.8987,0.8903,0.2891095359802246,0.31323988870978353,158500,0.32595068595680976,158220,0.3260121319520175,0.2807233890052885,21.6025390625,16,0,2048,0.3294405919732526,0.8903,0.31323989129662516,0.3310104220872745,234752,235146,"[0.842, 0.972, 0.812, 0.903, 0.825, 0.957, 0.7, 0.971, 0.974, 0.947]","[0.8518164435946463, 0.9846449136276392, 0.8231644260599793, 0.9339019189765458, 0.8456973293768546, 0.9601593625498008, 0.7163886162904809, 0.965553235908142, 0.9608433734939759, 0.9489695780176644]",batch,both
FashionMNIST,small,42,10,all,all,hebbian,loss_free,,0.4,0,0.8648,0.853,0.39338891191482545,0.40999267439842224,133605,0.43182108137072284,133364,0.4318940839694656,0.2807233890052885,21.6025390625,16,0,2048,0.3366043179994449,0.853,0.40999267058372496,0.3339553199475631,234752,235146,"[0.946, 0.96, 0.697, 0.85, 0.87, 0.943, 0.419, 0.938, 0.955, 0.952]","[0.9445506692160612, 0.9760076775431862, 0.7290589451913133, 0.8678038379530917, 0.9010880316518298, 0.9432270916334662, 0.4445534838076546, 0.9467640918580376, 0.9447791164658634, 0.9470068694798822]",batch,both
FashionMNIST,small,42,10,all,all,hebbian,loss_free,,0.4,1,0.8928,0.8838,0.3008872431755066,0.32209252326488497,133605,0.43182108137072284,133364,0.4318940839694656,0.2807233890052885,21.6025390625,16,0,2048,0.3343931019771844,0.8838,0.3220925278544426,0.35890836198814213,234752,235146,"[0.844, 0.966, 0.806, 0.901, 0.816, 0.946, 0.676, 0.956, 0.975, 0.952]","[0.8518164435946463, 0.9769673704414588, 0.8159255429162358, 0.9371002132196162, 0.8407517309594461, 0.9472111553784861, 0.6918547595682041, 0.9572025052192067, 0.9668674698795181, 0.9470068694798822]",batch,both
FashionMNIST,small,42,10,all,all,hebbian,loss_free,,0.4,3,0.8971,0.8863,0.29274033889770507,0.31683553377985957,133605,0.43182108137072284,133364,0.4318940839694656,0.2807233890052885,21.6025390625,16,0,2048,0.43089295900426805,0.8863,0.31683553168773654,0.3723995100008324,234752,235146,"[0.835, 0.971, 0.794, 0.895, 0.838, 0.951, 0.694, 0.949, 0.973, 0.963]","[0.8346080305927343, 0.982725527831094, 0.8097207859358841, 0.9317697228144989, 0.8674579624134521, 0.953187250996016, 0.7222767419038273, 0.9519832985386222, 0.964859437751004, 0.9558390578999019]",batch,both
FashionMNIST,small,42,10,all,all,hebbian,loss_free,,0.4,5,0.8965,0.8883,0.29059791078567504,0.31536713114976883,133605,0.43182108137072284,133364,0.4318940839694656,0.2807233890052885,21.6025390625,16,0,2048,0.5287051410414279,0.8883,0.3153671340942383,0.5692123840562999,234752,235146,"[0.863, 0.967, 0.813, 0.892, 0.831, 0.949, 0.671, 0.967, 0.974, 0.956]","[0.8652007648183556, 0.9817658349328215, 0.8210961737331954, 0.917910447761194, 0.8526211671612265, 0.954183266932271, 0.6957801766437685, 0.9634655532359081, 0.9668674698795181, 0.9489695780176644]",batch,both
FashionMNIST,small,42,10,all,all,hebbian,loss_free,,0.5,0,0.8431,0.8341,0.4859956760406494,0.4995211576461792,109386,0.5348166670919343,109184,0.534896401308615,0.2807233890052885,21.6025390625,16,0,2048,0.6825189780211076,0.8341,0.49952115726470947,0.5489334450103343,234752,235146,"[0.945, 0.951, 0.637, 0.82, 0.912, 0.962, 0.329, 0.91, 0.931, 0.944]","[0.9483747609942639, 0.9664107485604606, 0.6432264736297828, 0.8443496801705757, 0.9268051434223541, 0.9581673306772909, 0.35328753680078506, 0.9175365344467641, 0.9226907630522089, 0.943081452404318]",batch,both
FashionMNIST,small,42,10,all,all,hebbian,loss_free,,0.5,1,0.8863,0.8785,0.3185362390518188,0.33856480984687803,109386,0.5348166670919343,109184,0.534896401308615,0.2807233890052885,21.6025390625,16,0,2048,0.647404577000998,0.8785,0.33856480889320373,0.6154314529849216,234752,235146,"[0.852, 0.959, 0.796, 0.899, 0.812, 0.941, 0.665, 0.95, 0.972, 0.939]","[0.8565965583173997, 0.9731285988483686, 0.8066184074457083, 0.9221748400852878, 0.8338278931750742, 0.9412350597609562, 0.6781157998037292, 0.9592901878914405, 0.963855421686747, 0.9322865554465162]",batch,both
FashionMNIST,small,42,10,all,all,hebbian,loss_free,,0.5,3,0.8897,0.8814,0.3029391522407532,0.3262357626199722,109386,0.5348166670919343,109184,0.534896401308615,0.2807233890052885,21.6025390625,16,0,2048,0.5930751740233973,0.8814,0.32623576033115387,0.5683122900081798,234752,235146,"[0.836, 0.96, 0.805, 0.9, 0.828, 0.939, 0.675, 0.944, 0.97, 0.957]","[0.8336520076481836, 0.9779270633397313, 0.8179937952430196, 0.920042643923241, 0.8615232443125618, 0.9372509960159362, 0.6859666339548577, 0.954070981210856, 0.9658634538152611, 0.9470068694798822]",batch,both
FashionMNIST,small,42,10,all,all,hebbian,loss_free,,0.5,5,0.8922,0.8834,0.298393714427948,0.3221055234193802,109386,0.5348166670919343,109184,0.534896401308615,0.2807233890052885,21.6025390625,16,0,2048,0.5124112829798833,0.8834,0.32210552906990053,0.5238810500595719,234752,235146,"[0.823, 0.963, 0.792, 0.902, 0.832, 0.945, 0.698, 0.948, 0.973, 0.958]","[0.8269598470363289, 0.9769673704414588, 0.8107549120992761, 0.9243070362473348, 0.8536102868447082, 0.9472111553784861, 0.7154072620215898, 0.9551148225469729, 0.963855421686747, 0.9519136408243376]",batch,both
FashionMNIST,small,42,10,all,all,hebbian,loss_free,,0.7,0,0.7841,0.7783,0.8849606086730957,0.891511505317688,63887,0.728309220654402,63761,0.7283899604689203,0.2807233890052885,21.6025390625,16,0,2048,0.6141898250207305,0.7783,0.891511504650116,0.5382850660244003,234752,235146,"[0.869, 0.895, 0.613, 0.901, 0.876, 0.82, 0.248, 0.873, 0.784, 0.904]","[0.8680688336520076, 0.9222648752399232, 0.6421923474663909, 0.9072494669509595, 0.8951533135509396, 0.8256972111553785, 0.26104023552502453, 0.8653444676409185, 0.7479919678714859, 0.9087340529931305]",batch,both
FashionMNIST,small,42,10,all,all,hebbian,loss_free,,0.7,1,0.8637,0.852,0.41194553575515747,0.42692591285705567,63887,0.728309220654402,63761,0.7283899604689203,0.2807233890052885,21.6025390625,16,0,2048,0.5343862649751827,0.852,0.4269259207725525,0.5434944469016045,234752,235146,"[0.855, 0.947, 0.744, 0.888, 0.826, 0.916, 0.499, 0.921, 0.965, 0.959]","[0.8632887189292543, 0.9625719769673704, 0.7683557394002068, 0.9136460554371002, 0.8536102868447082, 0.899402390438247, 0.5407262021589794, 0.9290187891440501, 0.9628514056224899, 0.9470068694798822]",batch,both
FashionMNIST,small,42,10,all,all,hebbian,loss_free,,0.7,3,0.8752,0.8664,0.3516894433021545,0.3709021441936493,63887,0.728309220654402,63761,0.7283899604689203,0.2807233890052885,21.6025390625,16,0,2048,0.5126971970312297,0.8664,0.37090214433670043,0.515630919020623,234752,235146,"[0.831, 0.958, 0.753, 0.895, 0.803, 0.927, 0.642, 0.937, 0.971, 0.947]","[0.8346080305927343, 0.9702495201535508, 0.7724922440537746, 0.9221748400852878, 0.8288822947576657, 0.9213147410358565, 0.6506378802747792, 0.9561586638830898, 0.964859437751004, 0.9352306182531894]",batch,both
FashionMNIST,small,42,10,all,all,hebbian,loss_free,,0.7,5,0.8811,0.874,0.33338817348480226,0.3542895144701004,63887,0.728309220654402,63761,0.7283899604689203,0.2807233890052885,21.6025390625,16,0,2048,0.5075739730382338,0.874,0.3542895144701004,0.5115585329476744,234752,235146,"[0.831, 0.962, 0.789, 0.892, 0.811, 0.931, 0.658, 0.944, 0.971, 0.951]","[0.8317399617590823, 0.9712092130518234, 0.8055842812823164, 0.9168443496801706, 0.8456973293768546, 0.9243027888446215, 0.6584887144259077, 0.9572025052192067, 0.963855421686747, 0.9411187438665358]",batch,both
FashionMNIST,small,42,10,a1,layerwise,hebbian,loss_free,,0.05,0,0.8897,0.8777,0.3023204622268677,0.3318113307356834,224190,0.04659232987165418,223808,0.04661941112322787,0.2807233890052885,21.6025390625,16,0,2048,0.6259109859820455,0.8777,0.3318113290190697,0.5363058089278638,234752,235146,"[0.903, 0.968, 0.706, 0.865, 0.88, 0.96, 0.616, 0.956, 0.97, 0.953]","[0.9091778202676865, 0.9798464491362764, 0.733195449844881, 0.8816631130063965, 0.9070227497527201, 0.9601593625498008, 0.6575073601570167, 0.9613778705636743, 0.9548192771084337, 0.9479882237487733]",batch,both
FashionMNIST,small,42,10,a1,layerwise,hebbian,loss_free,,0.05,1,0.8957,0.8912,0.28790421476364136,0.31425858486890795,224190,0.04659232987165418,223808,0.04661941112322787,0.2807233890052885,21.6025390625,16,0,2048,0.5386953490087762,0.8912,0.3142585854411125,0.5206577240023762,234752,235146,"[0.853, 0.976, 0.802, 0.89, 0.845, 0.961, 0.696, 0.967, 0.973, 0.949]","[0.8556405353728489, 0.982725527831094, 0.8138572905894519, 0.9125799573560768, 0.8585558852621167, 0.9561752988047809, 0.704612365063788, 0.9676409185803758, 0.9608433734939759, 0.9470068694798822]",batch,both
FashionMNIST,small,42,10,a1,layerwise,hebbian,loss_free,,0.05,3,0.9013,0.8948,0.2840483374595642,0.31024407430887224,224190,0.04659232987165418,223808,0.04661941112322787,0.2807233890052885,21.6025390625,16,0,2048,0.49658912897575647,0.8948,0.3102440759420395,0.5205582130001858,234752,235146,"[0.859, 0.976, 0.826, 0.906, 0.823, 0.963, 0.7, 0.968, 0.976, 0.951]","[0.861376673040153, 0.9856046065259118, 0.8324715615305067, 0.9360341151385928, 0.8437190900098912, 0.9601593625498008, 0.7075564278704612, 0.9718162839248434, 0.9658634538152611, 0.9528949950932286]",batch,both
FashionMNIST,small,42,10,a1,layerwise,hebbian,loss_free,,0.05,5,0.9,0.8925,0.2860259120941162,0.3132341099977493,224190,0.04659232987165418,223808,0.04661941112322787,0.2807233890052885,21.6025390625,16,0,2048,0.499236595002003,0.8925,0.31323410759568215,0.5337427649646997,234752,235146,"[0.841, 0.976, 0.829, 0.898, 0.838, 0.966, 0.685, 0.964, 0.977, 0.951]","[0.8479923518164436, 0.9865642994241842, 0.8428128231644261, 0.9264392324093816, 0.8625123639960435, 0.9661354581673307, 0.6869479882237488, 0.9665970772442589, 0.9658634538152611, 0.9528949950932286]",batch,both
FashionMNIST,small,42,10,a1,layerwise,hebbian,loss_free,,0.1,0,0.889,0.8769,0.3053329852104187,0.3335993515968323,212321,0.09706735389927956,211952,0.09712377317339149,0.2807233890052885,21.6025390625,16,0,2048,0.5589913700241596,0.8769,0.3335993462562561,0.5124086340656504,234752,235146,"[0.903, 0.968, 0.705, 0.864, 0.878, 0.956, 0.617, 0.956, 0.97, 0.952]","[0.9101338432122371, 0.980806142034549, 0.7321613236814891, 0.8795309168443497, 0.9080118694362018, 0.9581673306772909, 0.6526005888125613, 0.9624217118997912, 0.9548192771084337, 0.9470068694798822]",batch,both
FashionMNIST,small,42,10,a1,layerwise,hebbian,loss_free,,0.1,1,0.8973,0.8913,0.28858478031158447,0.31516669390797614,212321,0.09706735389927956,211952,0.09712377317339149,0.2807233890052885,21.6025390625,16,0,2048,0.5193132950225845,0.8913,0.31516669544577597,0.5499400639673695,234752,235146,"[0.843, 0.975, 0.836, 0.905, 0.829, 0.962, 0.671, 0.968, 0.974, 0.95]","[0.8565965583173997, 0.980806142034549, 0.8397104446742503, 0.9221748400852878, 0.8496538081107814, 0.9571713147410359, 0.6918547595682041, 0.965553235908142, 0.963855421686747, 0.9499509322865555]",batch,both
FashionMNIST,small,42,10,a1,layerwise,hebbian,loss_free,,0.1,3,0.8976,0.8921,0.28373366527557375,0.31072366065979,212321,0.09706735389927956,211952,0.09712377317339149,0.2807233890052885,21.6025390625,16,0,2048,0.5272050689673051,0.8921,0.31072366009950636,0.5551119879819453,234752,235146,"[0.853, 0.971, 0.814, 0.898, 0.832, 0.965, 0.7, 0.952, 0.974, 0.962]","[0.8565965583173997, 0.9836852207293666, 0.8169596690796277, 0.9189765458422174, 0.8526211671612265, 0.9621513944223108, 0.7114818449460255, 0.9519832985386222, 0.964859437751004, 0.9587831207065751]",batch,both
FashionMNIST,small,42,10,a1,layerwise,hebbian,loss_free,,0.1,5,0.8999,0.8946,0.2855755780220032,0.31200517573952674,212321,0.09706735389927956,211952,0.09712377317339149,0.2807233890052885,21.6025390625,16,0,2048,0.540512328967452,0.8946,0.3120051750659943,0.5609250880079344,234752,235146,"[0.86, 0.973, 0.812, 0.912, 0.838, 0.965, 0.696, 0.961, 0.97, 0.959]","[0.8623326959847036, 0.9846449136276392, 0.8231644260599793, 0.929637526652452, 0.857566765578635, 0.9611553784860558, 0.7026496565260059, 0.9624217118997912, 0.963855421686747, 0.9548577036310107]",batch,both
FashionMNIST,small,42,10,a1,layerwise,hebbian,loss_free,,0.2,0,0.8863,0.8756,0.3127129509925842,0.33861261887550353,188583,0.19801740195453033,188240,0.19813249727371862,0.2807233890052885,21.6025390625,16,0,2048,0.6087322490056977,0.8756,0.33861261582374574,0.5080020389286801,234752,235146,"[0.907, 0.964, 0.701, 0.868, 0.871, 0.952, 0.615, 0.957, 0.967, 0.954]","[0.9139579349904398, 0.9798464491362764, 0.7249224405377456, 0.8837953091684435, 0.8981206726013847, 0.9472111553784861, 0.6486751717369971, 0.9572025052192067, 0.9568273092369478, 0.9479882237487733]",batch,both
FashionMNIST,small,42,10,a1,layerwise,hebbian,loss_free,,0.2,1,0.8955,0.8893,0.2918100642204285,0.31489888437986374,188583,0.19801740195453033,188240,0.19813249727371862,0.2807233890052885,21.6025390625,16,0,2048,0.5296270060352981,0.8893,0.31489888427853585,0.582469288026914,234752,235146,"[0.827, 0.97, 0.802, 0.906, 0.83, 0.95, 0.714, 0.967, 0.976, 0.951]","[0.8393881453154876, 0.9798464491362764, 0.8107549120992761, 0.9349680170575693, 0.8516320474777448, 0.9492031872509961, 0.7163886162904809, 0.9624217118997912, 0.964859437751004, 0.9499509322865555]",batch,both
FashionMNIST,small,42,10,a1,layerwise,hebbian,loss_free,,0.2,3,0.8986,0.8919,0.28433793754577635,0.3096791101038456,188583,0.19801740195453033,188240,0.19813249727371862,0.2807233890052885,21.6025390625,16,0,2048,0.4359174759592861,0.8919,0.3096791118204594,0.5457109929993749,234752,235146,"[0.838, 0.975, 0.814, 0.901, 0.855, 0.962, 0.685, 0.957, 0.975, 0.957]","[0.844168260038241, 0.9836852207293666, 0.8262668045501551, 0.9285714285714286, 0.8644906033630069, 0.9651394422310757, 0.7016683022571149, 0.9582463465553236, 0.964859437751004, 0.9528949950932286]",batch,both
FashionMNIST,small,42,10,a1,layerwise,hebbian,loss_free,,0.2,5,0.9011,0.8941,0.28781937160491944,0.31188157539963723,188583,0.19801740195453033,188240,0.19813249727371862,0.2807233890052885,21.6025390625,16,0,2048,0.31400779890827835,0.8941,0.31188157180547715,0.33256730099674314,234752,235146,"[0.852, 0.972, 0.814, 0.913, 0.838, 0.962, 0.693, 0.964, 0.976, 0.957]","[0.8546845124282982, 0.9836852207293666, 0.8262668045501551, 0.9424307036247335, 0.8605341246290801, 0.9621513944223108, 0.7065750736015701, 0.9624217118997912, 0.964859437751004, 0.9519136408243376]",batch,both
FashionMNIST,small,42,10,a1,layerwise,hebbian,loss_free,,0.3,0,0.8849,0.8727,0.321592364692688,0.3450723555326462,165758,0.29508475585381,165440,0.2952562704471101,0.2807233890052885,21.6025390625,16,0,2048,0.32846635207533836,0.8727,0.3450723534822464,0.333085719961673,234752,235146,"[0.907, 0.967, 0.69, 0.866, 0.868, 0.939, 0.609, 0.957, 0.967, 0.957]","[0.9149139579349904, 0.9798464491362764, 0.718717683557394, 0.8869936034115139, 0.8981206726013847, 0.9362549800796812, 0.6457311089303238, 0.9582463465553236, 0.9548192771084337, 0.9509322865554465]",batch,both
FashionMNIST,small,42,10,a1,layerwise,hebbian,loss_free,,0.3,1,0.895,0.8886,0.2923542466163635,0.3135931700885296,165758,0.29508475585381,165440,0.2952562704471101,0.2807233890052885,21.6025390625,16,0,2048,0.3169234440429136,0.8886,0.3135931708455086,0.3336047879420221,234752,235146,"[0.862, 0.975, 0.828, 0.904, 0.824, 0.959, 0.647, 0.955, 0.974, 0.958]","[0.8718929254302104, 0.9836852207293666, 0.827300930713547, 0.9371002132196162, 0.8447082096933729, 0.9641434262948207, 0.6633954857703631, 0.9478079331941545, 0.9618473895582329, 0.9519136408243376]",batch,both
FashionMNIST,small,42,10,a1,layerwise,hebbian,loss_free,,0.3,3,0.8985,0.8895,0.28828080139160156,0.3136071363866329,165758,0.29508475585381,165440,0.2952562704471101,0.2807233890052885,21.6025390625,16,0,2048,0.3306586679536849,0.8895,0.3136071357429028,0.326123162987642,234752,235146,"[0.859, 0.971, 0.812, 0.904, 0.84, 0.952, 0.666, 0.966, 0.973, 0.952]","[0.8738049713193117, 0.9856046065259118, 0.8200620475698035, 0.9349680170575693, 0.8605341246290801, 0.9561752988047809, 0.6781157998037292, 0.964509394572025, 0.964859437751004, 0.9499509322865555]",batch,both
FashionMNIST,small,42,10,a1,layerwise,hebbian,loss_free,,0.3,5,0.8988,0.8905,0.2877233540534973,0.3117778787016869,165758,0.29508475585381,165440,0.2952562704471101,0.2807233890052885,21.6025390625,16,0,2048,0.34789754590019584,0.8905,0.31177788211107255,0.3257357799448073,234752,235146,"[0.826, 0.974, 0.823, 0.91, 0.816, 0.956, 0.706, 0.969, 0.975, 0.95]","[0.8355640535372849, 0.9856046065259118, 0.8314374353671148, 0.94136460554371, 0.8417408506429278, 0.9601593625498008, 0.7212953876349362, 0.965553235908142, 0.9618473895582329, 0.9489695780176644]",batch,both
FashionMNIST,small,42,10,a1,layerwise,hebbian,loss_free,,0.4,0,0.8782,0.8681,0.3361128693580627,0.35968810329437256,142020,0.39603480390906076,141728,0.39626499454743724,0.2807233890052885,21.6025390625,16,0,2048,0.32555846800096333,0.8681,0.3596881019830704,0.34004045696929097,234752,235146,"[0.91, 0.965, 0.692, 0.866, 0.875, 0.92, 0.573, 0.96, 0.961, 0.959]","[0.9168260038240917, 0.980806142034549, 0.7197518097207859, 0.8763326226012793, 0.9020771513353115, 0.9083665338645418, 0.6113837095191365, 0.964509394572025, 0.9508032128514057, 0.9470068694798822]",batch,both
FashionMNIST,small,42,10,a1,layerwise,hebbian,loss_free,,0.4,1,0.894,0.8859,0.2919817400932312,0.3157422252357006,142020,0.39603480390906076,141728,0.39626499454743724,0.2807233890052885,21.6025390625,16,0,2048,0.3310061120428145,0.8859,0.3157422296345234,0.32614865899086,234752,235146,"[0.848, 0.967, 0.796, 0.896, 0.833, 0.952, 0.681, 0.959, 0.974, 0.953]","[0.8594646271510517, 0.9817658349328215, 0.8014477766287487, 0.929637526652452, 0.8516320474777448, 0.9631474103585658, 0.6840039254170756, 0.9603340292275574, 0.9658634538152611, 0.9460255152109912]",batch,both
FashionMNIST,small,42,10,a1,layerwise,hebbian,loss_free,,0.4,3,0.8972,0.8884,0.28733606567382813,0.31056829447746276,142020,0.39603480390906076,141728,0.39626499454743724,0.2807233890052885,21.6025390625,16,0,2048,0.35502256406471133,0.8884,0.3105682929635048,0.35364194004796445,234752,235146,"[0.853, 0.972, 0.818, 0.904, 0.817, 0.954, 0.678, 0.958, 0.972, 0.958]","[0.869980879541109, 0.9846449136276392, 0.828335056876939, 0.9339019189765458, 0.8427299703264095, 0.9671314741035857, 0.6820412168792934, 0.9530271398747391, 0.9618473895582329, 0.9519136408243376]",batch,both
FashionMNIST,small,42,10,a1,layerwise,hebbian,loss_free,,0.4,5,0.8982,0.89,0.2895052158355713,0.31352027524113657,142020,0.39603480390906076,141728,0.39626499454743724,0.2807233890052885,21.6025390625,16,0,2048,0.32793060899712145,0.89,0.31352027624249457,0.3317996689584106,234752,235146,"[0.868, 0.972, 0.816, 0.904, 0.826, 0.954, 0.664, 0.97, 0.974, 0.952]","[0.872848948374761, 0.9856046065259118, 0.827300930713547, 0.9360341151385928, 0.8565776458951533, 0.9611553784860558, 0.6712463199214916, 0.964509394572025, 0.9618473895582329, 0.9489695780176644]",batch,both
FashionMNIST,small,42,10,a1,layerwise,hebbian,loss_free,,0.5,0,0.8707,0.8578,0.3603129004478455,0.381852420091629,118282,0.4969848519643115,118016,0.4972737186477645,0.2807233890052885,21.6025390625,16,0,2048,0.3271360560320318,0.8578,0.38185241742134096,0.3361821210710332,234752,235146,"[0.911, 0.957, 0.609, 0.842, 0.897, 0.926, 0.581, 0.945, 0.949, 0.961]","[0.9244741873804971, 0.974088291746641, 0.6359875904860393, 0.8550106609808102, 0.9179030662710188, 0.9233067729083665, 0.6270853778213935, 0.9509394572025052, 0.9377510040160643, 0.9509322865554465]",batch,both
FashionMNIST,small,42,10,a1,layerwise,hebbian,loss_free,,0.5,1,0.8935,0.8842,0.2978489042282105,0.3216220585942268,118282,0.4969848519643115,118016,0.4972737186477645,0.2807233890052885,21.6025390625,16,0,2048,0.3196291399654001,0.8842,0.3216220553159714,0.35620009794365615,234752,235146,"[0.836, 0.964, 0.828, 0.903, 0.805, 0.948, 0.678, 0.96, 0.973, 0.947]","[0.8451242829827916, 0.980806142034549, 0.8500517063081696, 0.9339019189765458, 0.8308605341246291, 0.950199203187251, 0.6800785083415113, 0.9624217118997912, 0.964859437751004, 0.943081452404318]",batch,both
FashionMNIST,small,42,10,a1,layerwise,hebbian,loss_free,,0.5,3,0.8924,0.8865,0.29255470495224,0.31605705226659775,118282,0.4969848519643115,118016,0.4972737186477645,0.2807233890052885,21.6025390625,16,0,2048,0.3196859140880406,0.8865,0.3160570496678352,0.33190414996352047,234752,235146,"[0.841, 0.965, 0.794, 0.907, 0.839, 0.949, 0.681, 0.965, 0.973, 0.951]","[0.8508604206500956, 0.9788867562380038, 0.8086866597724922, 0.9275053304904051, 0.8545994065281899, 0.951195219123506, 0.6840039254170756, 0.9603340292275574, 0.9658634538152611, 0.9460255152109912]",batch,both
FashionMNIST,small,42,10,a1,layerwise,hebbian,loss_free,,0.5,5,0.8942,0.8877,0.2918101758956909,0.3136416566610336,118282,0.4969848519643115,118016,0.4972737186477645,0.2807233890052885,21.6025390625,16,0,2048,0.31507838191464543,0.8877,0.3136416589140892,0.32398536102846265,234752,235146,"[0.836, 0.969, 0.787, 0.904, 0.84, 0.947, 0.697, 0.964, 0.978, 0.955]","[0.8403441682600382, 0.982725527831094, 0.7942088934850051, 0.9317697228144989, 0.8585558852621167, 0.953187250996016, 0.7095191364082434, 0.9603340292275574, 0.9628514056224899, 0.9519136408243376]",batch,both
FashionMNIST,small,42,10,a1,layerwise,hebbian,loss_free,,0.7,0,0.8551,0.8416,0.4489674220085144,0.4681850067615509,71719,0.6950022539188419,71504,0.6954062159214831,0.2807233890052885,21.6025390625,16,0,2048,0.31537818699143827,0.8416,0.4681850082874298,0.3265425559366122,234752,235146,"[0.889, 0.933, 0.607, 0.857, 0.878, 0.89, 0.579, 0.922, 0.925, 0.936]","[0.8996175908221797, 0.9500959692898272, 0.640124095139607, 0.8731343283582089, 0.9020771513353115, 0.8844621513944223, 0.6231599607458292, 0.9154488517745303, 0.9246987951807228, 0.9313052011776252]",batch,both
FashionMNIST,small,42,10,a1,layerwise,hebbian,loss_free,,0.7,1,0.8809,0.876,0.3248806792259216,0.34278922386169436,71719,0.6950022539188419,71504,0.6954062159214831,0.2807233890052885,21.6025390625,16,0,2048,0.32378928002435714,0.876,0.34278922600746153,0.33005423296708614,234752,235146,"[0.843, 0.959, 0.804, 0.89, 0.823, 0.932, 0.638, 0.942, 0.972, 0.957]","[0.8489483747609943, 0.9712092130518234, 0.8231644260599793, 0.9115138592750534, 0.8447082096933729, 0.9183266932270916, 0.6418056918547596, 0.9509394572025052, 0.9608433734939759, 0.9421000981354269]",batch,both
FashionMNIST,small,42,10,a1,layerwise,hebbian,loss_free,,0.7,3,0.8855,0.8827,0.31185960474014285,0.3309854734420776,71719,0.6950022539188419,71504,0.6954062159214831,0.2807233890052885,21.6025390625,16,0,2048,0.3246151099447161,0.8827,0.3309854782104492,0.3418686520308256,234752,235146,"[0.863, 0.962, 0.81, 0.899, 0.828, 0.944, 0.634, 0.966, 0.973, 0.948]","[0.8632887189292543, 0.9760076775431862, 0.8221302998965874, 0.920042643923241, 0.8466864490603363, 0.9322709163346613, 0.6359175662414132, 0.9613778705636743, 0.964859437751004, 0.9371933267909716]",batch,both
FashionMNIST,small,42,10,a1,layerwise,hebbian,loss_free,,0.7,5,0.8896,0.8833,0.3026159594535828,0.3233553207159042,71719,0.6950022539188419,71504,0.6954062159214831,0.2807233890052885,21.6025390625,16,0,2048,0.32973471307195723,0.8833,0.32335532109737397,0.3292279070010409,234752,235146,"[0.835, 0.962, 0.815, 0.899, 0.817, 0.947, 0.676, 0.948, 0.973, 0.961]","[0.847036328871893, 0.974088291746641, 0.8241985522233712, 0.9189765458422174, 0.8348170128585559, 0.9422310756972112, 0.6918547595682041, 0.9530271398747391, 0.964859437751004, 0.9489695780176644]",batch,both
FashionMNIST,small,42,10,a2,layerwise,hebbian,loss_free,,0.05,0,0.8873,0.8748,0.30735895538330077,0.3374626526594162,233544,0.006812788650455426,233156,0.006798664122137366,0.2807233890052885,21.6025390625,16,0,2048,0.3249663809547201,0.8748,0.3374626539707184,0.31209610297810286,234752,235146,"[0.905, 0.968, 0.708, 0.863, 0.884, 0.961, 0.578, 0.956, 0.972, 0.953]","[0.9120458891013384, 0.9798464491362764, 0.7352637021716649, 0.8795309168443497, 0.9129574678536103, 0.9611553784860558, 0.6251226692836114, 0.9603340292275574, 0.9548192771084337, 0.9479882237487733]",batch,both
FashionMNIST,small,42,10,a2,layerwise,hebbian,loss_free,,0.05,1,0.8972,0.8906,0.28620239000320435,0.3131332992315292,233544,0.006812788650455426,233156,0.006798664122137366,0.2807233890052885,21.6025390625,16,0,2048,0.3298294220585376,0.8906,0.3131332997620106,0.33190718304831535,234752,235146,"[0.833, 0.975, 0.811, 0.908, 0.81, 0.962, 0.717, 0.966, 0.975, 0.949]","[0.8489483747609943, 0.980806142034549, 0.8169596690796277, 0.9371002132196162, 0.8397626112759644, 0.9571713147410359, 0.719332679097154, 0.9697286012526096, 0.9618473895582329, 0.9450441609421001]",batch,both
FashionMNIST,small,42,10,a2,layerwise,hebbian,loss_free,,0.05,3,0.8992,0.8914,0.2849845479011536,0.31354475645422936,233544,0.006812788650455426,233156,0.006798664122137366,0.2807233890052885,21.6025390625,16,0,2048,0.34450346091762185,0.8914,0.3135447537958622,0.32529633096419275,234752,235146,"[0.834, 0.977, 0.814, 0.912, 0.815, 0.961, 0.714, 0.96, 0.972, 0.955]","[0.8432122370936902, 0.9836852207293666, 0.8221302998965874, 0.9445628997867804, 0.8417408506429278, 0.9641434262948207, 0.719332679097154, 0.9613778705636743, 0.963855421686747, 0.9528949950932286]",batch,both
FashionMNIST,small,42,10,a2,layerwise,hebbian,loss_free,,0.05,5,0.8998,0.8939,0.2877551622390747,0.3158533575296402,233544,0.006812788650455426,233156,0.006798664122137366,0.2807233890052885,21.6025390625,16,0,2048,0.31793705094605684,0.8939,0.31585335212945936,0.3286947510205209,234752,235146,"[0.832, 0.976, 0.825, 0.914, 0.84, 0.959, 0.695, 0.97, 0.978, 0.95]","[0.8374760994263862, 0.9856046065259118, 0.8366080661840745, 0.9402985074626866, 0.8595450049455984, 0.953187250996016, 0.7026496565260059, 0.9718162839248434, 0.9688755020080321, 0.9479882237487733]",batch,both
FashionMNIST,small,42,10,a2,layerwise,hebbian,loss_free,,0.1,0,0.8843,0.8725,0.3105980001449585,0.34061404620409014,231942,0.013625577300910963,231560,0.013597328244274842,0.2807233890052885,21.6025390625,16,0,2048,0.31838692002929747,0.8725,0.3406140478730202,0.33080147102009505,234752,235146,"[0.907, 0.966, 0.709, 0.858, 0.883, 0.96, 0.563, 0.956, 0.97, 0.953]","[0.9149139579349904, 0.9798464491362764, 0.7321613236814891, 0.8710021321961621, 0.9119683481701286, 0.9621513944223108, 0.6064769381746811, 0.9592901878914405, 0.9528112449799196, 0.9479882237487733]",batch,both
FashionMNIST,small,42,10,a2,layerwise,hebbian,loss_free,,0.1,1,0.8975,0.8907,0.28718666973114015,0.314715166246891,231942,0.013625577300910963,231560,0.013597328244274842,0.2807233890052885,21.6025390625,16,0,2048,0.3260633189929649,0.8907,0.314715166079998,0.3290022809524089,234752,235146,"[0.852, 0.972, 0.812, 0.906, 0.831, 0.96, 0.684, 0.962, 0.976, 0.952]","[0.8594646271510517, 0.980806142034549, 0.8241985522233712, 0.9328358208955224, 0.8555885262116716, 0.9591633466135459, 0.6879293424926398, 0.965553235908142, 0.963855421686747, 0.9499509322865555]",batch,both
FashionMNIST,small,42,10,a2,layerwise,hebbian,loss_free,,0.1,3,0.8992,0.8913,0.2832952499389648,0.3137657222747803,231942,0.013625577300910963,231560,0.013597328244274842,0.2807233890052885,21.6025390625,16,0,2048,0.3254444879712537,0.8913,0.313765724503994,0.3217834340175614,234752,235146,"[0.848, 0.972, 0.805, 0.902, 0.823, 0.96, 0.706, 0.958, 0.975, 0.964]","[0.8489483747609943, 0.9836852207293666, 0.8138572905894519, 0.9307036247334755, 0.857566765578635, 0.953187250996016, 0.7232580961727183, 0.9634655532359081, 0.9658634538152611, 0.9548577036310107]",batch,both
FashionMNIST,small,42,10,a2,layerwise,hebbian,loss_free,,0.1,5,0.9021,0.8937,0.2831968264579773,0.31074087243676185,231942,0.013625577300910963,231560,0.013597328244274842,0.2807233890052885,21.6025390625,16,0,2048,0.3361731529003009,0.8937,0.31074086966514586,0.35083310306072235,234752,235146,"[0.844, 0.978, 0.813, 0.914, 0.828, 0.965, 0.7, 0.968, 0.975, 0.952]","[0.8575525812619503, 0.9846449136276392, 0.827300930713547, 0.9392324093816631, 0.8565776458951533, 0.9601593625498008, 0.7144259077526988, 0.9686847599164927, 0.9668674698795181, 0.9499509322865555]",batch,both
FashionMNIST,small,42,10,a2,layerwise,hebbian,loss_free,,0.2,0,0.8848,0.8717,0.31530165185928344,0.3435387066602707,228471,0.028386619376897793,228102,0.028327767175572505,0.2807233890052885,21.6025390625,16,0,2048,0.34269971202593297,0.8717,0.3435387097120285,0.3458262400235981,234752,235146,"[0.914, 0.97, 0.719, 0.849, 0.884, 0.963, 0.54, 0.953, 0.971, 0.954]","[0.9292543021032504, 0.980806142034549, 0.750775594622544, 0.8603411513859275, 0.9099901088031652, 0.9631474103585658, 0.5878312070657508, 0.9530271398747391, 0.9588353413654619, 0.9489695780176644]",batch,both
FashionMNIST,small,42,10,a2,layerwise,hebbian,loss_free,,0.2,1,0.8971,0.8885,0.28759701614379884,0.3154552465677261,228471,0.028386619376897793,228102,0.028327767175572505,0.2807233890052885,21.6025390625,16,0,2048,0.33035360102076083,0.8885,0.3154552483201027,0.33874218608252704,234752,235146,"[0.827, 0.969, 0.807, 0.909, 0.817, 0.959, 0.705, 0.966, 0.977, 0.949]","[0.844168260038241, 0.9798464491362764, 0.8221302998965874, 0.9339019189765458, 0.847675568743818, 0.950199203187251, 0.7154072620215898, 0.9718162839248434, 0.964859437751004, 0.9460255152109912]",batch,both
FashionMNIST,small,42,10,a2,layerwise,hebbian,loss_free,,0.2,3,0.9001,0.892,0.2830062569618225,0.31421310858726503,228471,0.028386619376897793,228102,0.028327767175572505,0.2807233890052885,21.6025390625,16,0,2048,0.32970592903438956,0.892,0.31421311078071595,0.3373243960086256,234752,235146,"[0.835, 0.976, 0.801, 0.895, 0.839, 0.963, 0.715, 0.963, 0.977, 0.956]","[0.8460803059273423, 0.9836852207293666, 0.8159255429162358, 0.9189765458422174, 0.8635014836795252, 0.9611553784860558, 0.7271835132482827, 0.9697286012526096, 0.9658634538152611, 0.9519136408243376]",batch,both
FashionMNIST,small,42,10,a2,layerwise,hebbian,loss_free,,0.2,5,0.901,0.8923,0.28260935163497924,0.3104337508738041,228471,0.028386619376897793,228102,0.028327767175572505,0.2807233890052885,21.6025390625,16,0,2048,0.3183943680487573,0.8923,0.31043375217318536,0.3173763760132715,234752,235146,"[0.852, 0.973, 0.821, 0.904, 0.812, 0.964, 0.706, 0.959, 0.972, 0.96]","[0.8565965583173997, 0.9846449136276392, 0.8314374353671148, 0.9317697228144989, 0.8397626112759644, 0.9641434262948207, 0.7222767419038273, 0.9665970772442589, 0.963855421686747, 0.9528949950932286]",batch,both
FashionMNIST,small,42,10,a2,layerwise,hebbian,loss_free,,0.3,0,0.8839,0.8703,0.3238956775665283,0.34771910700798037,225000,0.04314766145288462,224644,0.04305820610687028,0.2807233890052885,21.6025390625,16,0,2048,0.3196792670059949,0.8703,0.3477191032886505,0.33196091989520937,234752,235146,"[0.913, 0.97, 0.729, 0.849, 0.877, 0.964, 0.531, 0.95, 0.967, 0.953]","[0.9254302103250478, 0.9798464491362764, 0.7642192347466391, 0.8656716417910447, 0.9090009891196835, 0.9631474103585658, 0.5711481844946026, 0.9509394572025052, 0.9538152610441767, 0.9519136408243376]",batch,both
FashionMNIST,small,42,10,a2,layerwise,hebbian,loss_free,,0.3,1,0.8963,0.8898,0.28992996253967285,0.3146869099855423,225000,0.04314766145288462,224644,0.04305820610687028,0.2807233890052885,21.6025390625,16,0,2048,0.32207993895281106,0.8898,0.3146869119882584,0.32104953099042177,234752,235146,"[0.835, 0.971, 0.809, 0.912, 0.851, 0.962, 0.667, 0.963, 0.974, 0.954]","[0.847036328871893, 0.982725527831094, 0.8190279214064116, 0.9371002132196162, 0.8605341246290801, 0.9551792828685259, 0.6849852796859667, 0.965553235908142, 0.964859437751004, 0.9509322865554465]",batch,both
FashionMNIST,small,42,10,a2,layerwise,hebbian,loss_free,,0.3,3,0.8991,0.8923,0.2867455618858337,0.3129409831047058,225000,0.04314766145288462,224644,0.04305820610687028,0.2807233890052885,21.6025390625,16,0,2048,0.32816353195812553,0.8923,0.3129409869849682,0.31960772501770407,234752,235146,"[0.848, 0.975, 0.814, 0.903, 0.834, 0.964, 0.688, 0.967, 0.978, 0.952]","[0.8594646271510517, 0.9836852207293666, 0.8262668045501551, 0.9285714285714286, 0.8526211671612265, 0.9661354581673307, 0.6997055937193327, 0.9624217118997912, 0.9658634538152611, 0.9499509322865555]",batch,both
FashionMNIST,small,42,10,a2,layerwise,hebbian,loss_free,,0.3,5,0.8989,0.8917,0.28395890188217165,0.3119810929954052,225000,0.04314766145288462,224644,0.04305820610687028,0.2807233890052885,21.6025390625,16,0,2048,0.34141824394464493,0.8917,0.3119811017811298,0.3283464399864897,234752,235146,"[0.84, 0.976, 0.803, 0.908, 0.826, 0.963, 0.703, 0.97, 0.978, 0.95]","[0.847036328871893, 0.9846449136276392, 0.8210961737331954, 0.9328358208955224, 0.8496538081107814, 0.9581673306772909, 0.7144259077526988, 0.9665970772442589, 0.9698795180722891, 0.9489695780176644]",batch,both
FashionMNIST,small,42,10,a2,layerwise,hebbian,loss_free,,0.4,0,0.8775,0.8659,0.3474008020401001,0.3694401274681091,221529,0.05790870352887145,221186,0.05778864503816794,0.2807233890052885,21.6025390625,16,0,2048,0.3766002160264179,0.8659,0.36944012975692747,0.3256179019808769,234752,235146,"[0.94, 0.966, 0.711, 0.848, 0.883, 0.97, 0.489, 0.942, 0.967, 0.943]","[0.9407265774378585, 0.9779270633397313, 0.7445708376421923, 0.8656716417910447, 0.9099901088031652, 0.9750996015936255, 0.5191364082433758, 0.94258872651357, 0.9508032128514057, 0.9440628066732091]",batch,both
FashionMNIST,small,42,10,a2,layerwise,hebbian,loss_free,,0.4,1,0.8946,0.888,0.2883646421432495,0.3128926980495453,221529,0.05790870352887145,221186,0.05778864503816794,0.2807233890052885,21.6025390625,16,0,2048,0.31469439901411533,0.888,0.3128926976799965,0.3206288500223309,234752,235146,"[0.817, 0.968, 0.792, 0.899, 0.838, 0.961, 0.712, 0.961, 0.979, 0.953]","[0.8250478011472275, 0.980806142034549, 0.8055842812823164, 0.9307036247334755, 0.8595450049455984, 0.950199203187251, 0.718351324828263, 0.9624217118997912, 0.9688755020080321, 0.9489695780176644]",batch,both
FashionMNIST,small,42,10,a2,layerwise,hebbian,loss_free,,0.4,3,0.8982,0.8904,0.28544181604385377,0.3124525555253029,221529,0.05790870352887145,221186,0.05778864503816794,0.2807233890052885,21.6025390625,16,0,2048,0.3304984470596537,0.8904,0.3124525614321232,0.34828005102463067,234752,235146,"[0.826, 0.97, 0.835, 0.904, 0.807, 0.964, 0.705, 0.964, 0.978, 0.951]","[0.8336520076481836, 0.9817658349328215, 0.8386763185108583, 0.9339019189765458, 0.8437190900098912, 0.9591633466135459, 0.7203140333660452, 0.9624217118997912, 0.9658634538152611, 0.9479882237487733]",batch,both
FashionMNIST,small,42,10,a2,layerwise,hebbian,loss_free,,0.4,5,0.8999,0.8912,0.28382433042526245,0.31206399977207183,221529,0.05790870352887145,221186,0.05778864503816794,0.2807233890052885,21.6025390625,16,0,2048,0.34826371807139367,0.8912,0.31206399949193003,0.3315314279170707,234752,235146,"[0.856, 0.976, 0.812, 0.907, 0.819, 0.959, 0.693, 0.962, 0.975, 0.953]","[0.858508604206501, 0.9846449136276392, 0.827300930713547, 0.9360341151385928, 0.8506429277942631, 0.951195219123506, 0.7124631992149166, 0.9676409185803758, 0.9658634538152611, 0.9489695780176644]",batch,both
FashionMNIST,small,42,10,a2,layerwise,hebbian,loss_free,,0.5,0,0.8717,0.8598,0.3897467685699463,0.40861217896938323,218058,0.07266974560485828,217728,0.0725190839694656,0.2807233890052885,21.6025390625,16,0,2048,0.4119539059465751,0.8598,0.408612179350853,0.3565331620629877,234752,235146,"[0.944, 0.967, 0.708, 0.85, 0.9, 0.978, 0.409, 0.942, 0.97, 0.93]","[0.9493307839388145, 0.9798464491362764, 0.7435367114788004, 0.8752665245202559, 0.9198813056379822, 0.9760956175298805, 0.4474975466143278, 0.9436325678496869, 0.9487951807228916, 0.930323846908734]",batch,both
FashionMNIST,small,42,10,a2,layerwise,hebbian,loss_free,,0.5,1,0.8937,0.886,0.293602463722229,0.31659313222169877,218058,0.07266974560485828,217728,0.0725190839694656,0.2807233890052885,21.6025390625,16,0,2048,0.3407438260037452,0.886,0.31659313069581985,0.3309304598951712,234752,235146,"[0.826, 0.973, 0.818, 0.893, 0.829, 0.948, 0.686, 0.955, 0.975, 0.957]","[0.8317399617590823, 0.980806142034549, 0.8293691830403309, 0.9253731343283582, 0.8555885262116716, 0.9382470119521913, 0.6967615309126595, 0.9676409185803758, 0.9618473895582329, 0.9548577036310107]",batch,both
FashionMNIST,small,42,10,a2,layerwise,hebbian,loss_free,,0.5,3,0.8969,0.8897,0.2865350938796997,0.312214484500885,218058,0.07266974560485828,217728,0.0725190839694656,0.2807233890052885,21.6025390625,16,0,2048,0.3223283439874649,0.8897,0.3122144849896431,0.3387384230736643,234752,235146,"[0.824, 0.969, 0.799, 0.91, 0.821, 0.963, 0.722, 0.957, 0.975, 0.957]","[0.8288718929254302, 0.9779270633397313, 0.8097207859358841, 0.9371002132196162, 0.8496538081107814, 0.9581673306772909, 0.7340529931305201, 0.9582463465553236, 0.9668674698795181, 0.9528949950932286]",batch,both
FashionMNIST,small,42,10,a2,layerwise,hebbian,loss_free,,0.5,5,0.896,0.8891,0.2878935094833374,0.31342381862401963,218058,0.07266974560485828,217728,0.0725190839694656,0.2807233890052885,21.6025390625,16,0,2048,0.32371360494289547,0.8891,0.31342382227182386,0.3287623249925673,234752,235146,"[0.824, 0.972, 0.806, 0.904, 0.831, 0.961, 0.7, 0.969, 0.975, 0.949]","[0.8260038240917782, 0.9846449136276392, 0.8200620475698035, 0.9307036247334755, 0.8536102868447082, 0.952191235059761, 0.718351324828263, 0.9686847599164927, 0.963855421686747, 0.9470068694798822]",batch,both
FashionMNIST,small,42,10,a2,layerwise,hebbian,loss_free,,0.7,0,0.8621,0.8503,0.5340555740356445,0.5422015676021575,211383,0.10105636498175596,211078,0.10084685114503822,0.2807233890052885,21.6025390625,16,0,2048,0.32253362995106727,0.8503,0.5422015657424927,0.34683102695271373,234752,235146,"[0.937, 0.953, 0.673, 0.889, 0.894, 0.96, 0.367, 0.935, 0.948, 0.947]","[0.9407265774378585, 0.972168905950096, 0.6907962771458118, 0.9029850746268657, 0.9119683481701286, 0.9581673306772909, 0.41315014720314036, 0.941544885177453, 0.9357429718875502, 0.9519136408243376]",batch,both
FashionMNIST,small,42,10,a2,layerwise,hebbian,loss_free,,0.7,1,0.8922,0.8807,0.3092899304389954,0.32994508566856384,211383,0.10105636498175596,211078,0.10084685114503822,0.2807233890052885,21.6025390625,16,0,2048,0.33040984196122736,0.8807,0.3299450825929642,0.3333791670156643,234752,235146,"[0.85, 0.967, 0.765, 0.904, 0.797, 0.955, 0.681, 0.962, 0.979, 0.947]","[0.8661567877629063, 0.9760076775431862, 0.7849017580144778, 0.9392324093816631, 0.8249258160237388, 0.950199203187251, 0.704612365063788, 0.9676409185803758, 0.9688755020080321, 0.943081452404318]",batch,both
FashionMNIST,small,42,10,a2,layerwise,hebbian,loss_free,,0.7,3,0.8965,0.8866,0.29378182926177976,0.3191562717676163,211383,0.10105636498175596,211078,0.10084685114503822,0.2807233890052885,21.6025390625,16,0,2048,0.33465929504018277,0.8866,0.3191562730193138,0.3336599899921566,234752,235146,"[0.857, 0.973, 0.825, 0.902, 0.807, 0.959, 0.658, 0.949, 0.978, 0.958]","[0.8604206500956023, 0.9836852207293666, 0.8324715615305067, 0.9349680170575693, 0.8466864490603363, 0.9551792828685259, 0.6702649656526006, 0.9634655532359081, 0.9698795180722891, 0.9528949950932286]",batch,both
FashionMNIST,small,42,10,a2,layerwise,hebbian,loss_free,,0.7,5,0.8966,0.8886,0.28858196325302127,0.31348445914983747,211383,0.10105636498175596,211078,0.10084685114503822,0.2807233890052885,21.6025390625,16,0,2048,0.33493244799319655,0.8886,0.31348445768356326,0.3291230279719457,234752,235146,"[0.847, 0.974, 0.798, 0.904, 0.813, 0.96, 0.7, 0.963, 0.978, 0.949]","[0.8499043977055449, 0.9817658349328215, 0.8066184074457083, 0.9349680170575693, 0.8466864490603363, 0.9561752988047809, 0.7134445534838076, 0.965553235908142, 0.9678714859437751, 0.9470068694798822]",batch,both
FashionMNIST,small,42,10,all,all,activation_fisher,loss_aware,,0.05,0,0.8901,0.8778,0.302177467918396,0.3313816020488739,222660,0.05309892577377462,222284,0.05311136859323884,0.12949183501768857,20.8994140625,16,16,2048,0.3213292279979214,0.8778,0.3313815972924232,0.335066847037524,234752,235146,"[0.904, 0.968, 0.705, 0.866, 0.877, 0.962, 0.615, 0.956, 0.972, 0.953]","[0.9082217973231358, 0.9798464491362764, 0.7362978283350569, 0.8827292110874201, 0.9060336300692384, 0.9611553784860558, 0.6594700686947988, 0.9613778705636743, 0.9538152610441767, 0.9479882237487733]",batch,both
FashionMNIST,small,42,10,all,all,activation_fisher,loss_aware,,0.05,1,0.8976,0.8916,0.285822212600708,0.3111632912814617,222660,0.05309892577377462,222284,0.05311136859323884,0.12949183501768857,20.8994140625,16,16,2048,0.3222981240833178,0.8916,0.31116329206228255,0.3287803779821843,234752,235146,"[0.835, 0.97, 0.79, 0.912, 0.837, 0.963, 0.72, 0.962, 0.974, 0.953]","[0.844168260038241, 0.980806142034549, 0.8014477766287487, 0.9328358208955224, 0.8585558852621167, 0.9641434262948207, 0.719332679097154, 0.9624217118997912, 0.963855421686747, 0.9519136408243376]",batch,both
FashionMNIST,small,42,10,all,all,activation_fisher,loss_aware,,0.05,3,0.8983,0.8921,0.2835016901016235,0.31107431917190553,222660,0.05309892577377462,222284,0.05311136859323884,0.12949183501768857,20.8994140625,16,16,2048,0.3178462120704353,0.8921,0.311074321269989,0.32522470294497907,234752,235146,"[0.838, 0.971, 0.795, 0.903, 0.842, 0.958, 0.723, 0.951, 0.977, 0.963]","[0.8403441682600382, 0.982725527831094, 0.8107549120992761, 0.9317697228144989, 0.8585558852621167, 0.9601593625498008, 0.718351324828263, 0.9561586638830898, 0.9678714859437751, 0.9597644749754661]",batch,both
FashionMNIST,small,42,10,all,all,activation_fisher,loss_aware,,0.05,5,0.8999,0.8936,0.28791839780807493,0.312726773250103,222660,0.05309892577377462,222284,0.05311136859323884,0.12949183501768857,20.8994140625,16,16,2048,0.3193725949386135,0.8936,0.31272677303552626,0.33329172409139574,234752,235146,"[0.83, 0.977, 0.818, 0.912, 0.819, 0.965, 0.725, 0.97, 0.976, 0.944]","[0.8317399617590823, 0.9846449136276392, 0.8252326783867632, 0.9392324093816631, 0.8407517309594461, 0.9651394422310757, 0.7389597644749755, 0.9686847599164927, 0.9678714859437751, 0.9421000981354269]",batch,both
FashionMNIST,small,42,10,all,all,activation_fisher,loss_aware,,0.1,0,0.8881,0.8758,0.30505397481918334,0.3334427872180939,209417,0.10941712808212767,209060,0.10944315703380592,0.12949183501768857,20.8994140625,16,16,2048,0.3225278949830681,0.8758,0.33344278757572177,0.32871517597232014,234752,235146,"[0.904, 0.967, 0.696, 0.864, 0.875, 0.961, 0.612, 0.956, 0.97, 0.953]","[0.9130019120458891, 0.9798464491362764, 0.718717683557394, 0.8837953091684435, 0.9030662710187932, 0.9591633466135459, 0.6575073601570167, 0.9592901878914405, 0.9538152610441767, 0.9479882237487733]",batch,both
FashionMNIST,small,42,10,all,all,activation_fisher,loss_aware,,0.1,1,0.8963,0.8901,0.28569108123779297,0.3132797090291977,209417,0.10941712808212767,209060,0.10944315703380592,0.12949183501768857,20.8994140625,16,16,2048,0.3295267669018358,0.8901,0.313279705119133,0.3372065599542111,234752,235146,"[0.84, 0.975, 0.803, 0.904, 0.824, 0.964, 0.71, 0.948, 0.974, 0.959]","[0.8479923518164436, 0.982725527831094, 0.811789038262668, 0.9253731343283582, 0.8496538081107814, 0.9641434262948207, 0.7163886162904809, 0.9530271398747391, 0.9618473895582329, 0.9528949950932286]",batch,both
FashionMNIST,small,42,10,all,all,activation_fisher,loss_aware,,0.1,3,0.8995,0.8928,0.28663549461364746,0.3110820341348648,209417,0.10941712808212767,209060,0.10944315703380592,0.12949183501768857,20.8994140625,16,16,2048,0.3255729249212891,0.8928,0.3110820327043533,0.3329618020216003,234752,235146,"[0.819, 0.974, 0.81, 0.922, 0.812, 0.966, 0.729, 0.961, 0.974, 0.961]","[0.8298279158699808, 0.9846449136276392, 0.8252326783867632, 0.9530916844349681, 0.8387734915924827, 0.9661354581673307, 0.7242394504416094, 0.9592901878914405, 0.9658634538152611, 0.9538763493621197]",batch,both
FashionMNIST,small,42,10,all,all,activation_fisher,loss_aware,,0.1,5,0.901,0.8937,0.2887639494895935,0.31429746982455253,209417,0.10941712808212767,209060,0.10944315703380592,0.12949183501768857,20.8994140625,16,16,2048,0.32675664394628257,0.8937,0.31429746972322464,0.3284245089162141,234752,235146,"[0.835, 0.978, 0.815, 0.904, 0.853, 0.96, 0.693, 0.97, 0.976, 0.953]","[0.8393881453154876, 0.9856046065259118, 0.827300930713547, 0.9402985074626866, 0.8664688427299704, 0.9581673306772909, 0.7075564278704612, 0.9718162839248434, 0.9688755020080321, 0.9499509322865555]",batch,both
FashionMNIST,small,42,10,all,all,activation_fisher,loss_aware,,0.2,0,0.884,0.8722,0.3155256151199341,0.3449056640863419,183183,0.2209818580796612,182865,0.22102900081788446,0.12949183501768857,20.8994140625,16,16,2048,0.3252662520390004,0.8722,0.34490565510988236,0.3305049709742889,234752,235146,"[0.906, 0.971, 0.676, 0.854, 0.877, 0.965, 0.598, 0.955, 0.966, 0.954]","[0.9149139579349904, 0.9817658349328215, 0.703205791106515, 0.8688699360341151, 0.9050445103857567, 0.9661354581673307, 0.6378802747791953, 0.9551148225469729, 0.9538152610441767, 0.9470068694798822]",batch,both
FashionMNIST,small,42,10,all,all,activation_fisher,loss_aware,,0.2,1,0.8973,0.8909,0.2857708351135254,0.3120548210442066,183183,0.2209818580796612,182865,0.22102900081788446,0.12949183501768857,20.8994140625,16,16,2048,0.3280780930072069,0.8909,0.3120548247396946,0.3264168950263411,234752,235146,"[0.858, 0.977, 0.814, 0.905, 0.836, 0.96, 0.667, 0.964, 0.978, 0.95]","[0.8766730401529637, 0.9817658349328215, 0.8252326783867632, 0.9349680170575693, 0.8526211671612265, 0.9561752988047809, 0.6741903827281649, 0.9665970772442589, 0.9618473895582329, 0.9470068694798822]",batch,both
FashionMNIST,small,42,10,all,all,activation_fisher,loss_aware,,0.2,3,0.8987,0.8917,0.2857600613594055,0.31231732172966004,183183,0.2209818580796612,182865,0.22102900081788446,0.12949183501768857,20.8994140625,16,16,2048,0.32577426405623555,0.8917,0.3123173233509064,0.3236591520253569,234752,235146,"[0.841, 0.971, 0.806, 0.915, 0.842, 0.967, 0.684, 0.96, 0.975, 0.956]","[0.8594646271510517, 0.980806142034549, 0.8241985522233712, 0.9381663113006397, 0.8615232443125618, 0.9631474103585658, 0.6947988223748773, 0.9592901878914405, 0.9608433734939759, 0.9489695780176644]",batch,both
FashionMNIST,small,42,10,all,all,activation_fisher,loss_aware,,0.2,5,0.8989,0.8919,0.2838316131591797,0.3100906035602093,183183,0.2209818580796612,182865,0.22102900081788446,0.12949183501768857,20.8994140625,16,16,2048,0.3252560669789091,0.8919,0.3100906086027622,0.33562615897972137,234752,235146,"[0.85, 0.973, 0.803, 0.898, 0.838, 0.96, 0.7, 0.972, 0.973, 0.952]","[0.864244741873805, 0.982725527831094, 0.8190279214064116, 0.9243070362473348, 0.8555885262116716, 0.9571713147410359, 0.7105004906771345, 0.9686847599164927, 0.9618473895582329, 0.9479882237487733]",batch,both
FashionMNIST,small,42,10,all,all,activation_fisher,loss_aware,,0.3,0,0.8793,0.8659,0.33894736166000367,0.36687237424850466,158500,0.32595068595680976,158220,0.3260121319520175,0.12949183501768857,20.8994140625,16,16,2048,0.31927156704477966,0.8659,0.36687237067222594,0.31857454194687307,234752,235146,"[0.903, 0.972, 0.659, 0.837, 0.876, 0.968, 0.59, 0.942, 0.96, 0.952]","[0.9149139579349904, 0.982725527831094, 0.6835573940020683, 0.8539445628997868, 0.8991097922848664, 0.9681274900398407, 0.6467124631992149, 0.9457202505219207, 0.9437751004016064, 0.9460255152109912]",batch,both
FashionMNIST,small,42,10,all,all,activation_fisher,loss_aware,,0.3,1,0.8952,0.8863,0.2879962317466736,0.31613089300990105,158500,0.32595068595680976,158220,0.3260121319520175,0.12949183501768857,20.8994140625,16,16,2048,0.3255254189716652,0.8863,0.31613089527487753,0.33356314001139253,234752,235146,"[0.851, 0.969, 0.825, 0.902, 0.797, 0.952, 0.674, 0.964, 0.972, 0.957]","[0.861376673040153, 0.9798464491362764, 0.8397104446742503, 0.9317697228144989, 0.8338278931750742, 0.9432270916334662, 0.6849852796859667, 0.9686847599164927, 0.9608433734939759, 0.9528949950932286]",batch,both
FashionMNIST,small,42,10,all,all,activation_fisher,loss_aware,,0.3,3,0.8985,0.8884,0.28596958494186403,0.31164458128213884,158500,0.32595068595680976,158220,0.3260121319520175,0.12949183501768857,20.8994140625,16,16,2048,0.3337838409934193,0.8884,0.31164458477497103,0.3195159019669518,234752,235146,"[0.841, 0.969, 0.797, 0.914, 0.819, 0.961, 0.695, 0.951, 0.973, 0.964]","[0.8556405353728489, 0.980806142034549, 0.8097207859358841, 0.9434968017057569, 0.8447082096933729, 0.9551792828685259, 0.7173699705593719, 0.9613778705636743, 0.963855421686747, 0.956820412168793]",batch,both
FashionMNIST,small,42,10,all,all,activation_fisher,loss_aware,,0.3,5,0.8983,0.8915,0.28337239513397217,0.3085381755709648,158500,0.32595068595680976,158220,0.3260121319520175,0.12949183501768857,20.8994140625,16,16,2048,0.32513726502656937,0.8915,0.3085381788492203,0.32529125304427,234752,235146,"[0.85, 0.97, 0.815, 0.905, 0.816, 0.962, 0.704, 0.963, 0.973, 0.957]","[0.8565965583173997, 0.9836852207293666, 0.8262668045501551, 0.9371002132196162, 0.8358061325420376, 0.953187250996016, 0.7134445534838076, 0.9686847599164927, 0.963855421686747, 0.9489695780176644]",batch,both
FashionMNIST,small,42,10,all,all,activation_fisher,loss_aware,,0.4,0,0.8713,0.8573,0.38356093435287475,0.41086845920085907,133605,0.43182108137072284,133364,0.4318940839694656,0.12949183501768857,20.8994140625,16,16,2048,0.3240898499498144,0.8573,0.41086845498085023,0.344759967061691,234752,235146,"[0.916, 0.965, 0.632, 0.817, 0.869, 0.975, 0.571, 0.942, 0.942, 0.944]","[0.9254302103250478, 0.9769673704414588, 0.6504653567735263, 0.8390191897654584, 0.9000989119683481, 0.9750996015936255, 0.6211972522080471, 0.9436325678496869, 0.9317269076305221, 0.9391560353287537]",batch,both
FashionMNIST,small,42,10,all,all,activation_fisher,loss_aware,,0.4,1,0.8942,0.8847,0.2943462013244629,0.32177175067663194,133605,0.43182108137072284,133364,0.4318940839694656,0.12949183501768857,20.8994140625,16,16,2048,0.31433767499402165,0.8847,0.3217717499256134,0.33212087699212134,234752,235146,"[0.846, 0.967, 0.825, 0.9, 0.784, 0.956, 0.68, 0.969, 0.971, 0.949]","[0.8661567877629063, 0.9760076775431862, 0.8376421923474664, 0.929637526652452, 0.820969337289812, 0.9442231075697212, 0.6928361138370952, 0.9739039665970772, 0.963855421686747, 0.9421000981354269]",batch,both
FashionMNIST,small,42,10,all,all,activation_fisher,loss_aware,,0.4,3,0.8978,0.8878,0.2898150032043457,0.31569034730196,133605,0.43182108137072284,133364,0.4318940839694656,0.12949183501768857,20.8994140625,16,16,2048,0.33477677195332944,0.8878,0.3156903492093086,0.32932325603906065,234752,235146,"[0.841, 0.974, 0.808, 0.906, 0.826, 0.96, 0.668, 0.969, 0.977, 0.949]","[0.8546845124282982, 0.9798464491362764, 0.8231644260599793, 0.9392324093816631, 0.857566765578635, 0.9561752988047809, 0.689892051030422, 0.9718162839248434, 0.9688755020080321, 0.9421000981354269]",batch,both
FashionMNIST,small,42,10,all,all,activation_fisher,loss_aware,,0.4,5,0.8973,0.8879,0.28747486314773557,0.314278994256258,133605,0.43182108137072284,133364,0.4318940839694656,0.12949183501768857,20.8994140625,16,16,2048,0.3511462479364127,0.8879,0.3142789918780327,0.34418485197238624,234752,235146,"[0.838, 0.969, 0.8, 0.904, 0.843, 0.964, 0.666, 0.964, 0.975, 0.956]","[0.8489483747609943, 0.9817658349328215, 0.8231644260599793, 0.9328358208955224, 0.8644906033630069, 0.9571713147410359, 0.6928361138370952, 0.9676409185803758, 0.963855421686747, 0.9450441609421001]",batch,both
FashionMNIST,small,42,10,all,all,activation_fisher,loss_aware,,0.5,0,0.8602,0.8493,0.4799740624427795,0.5017310524463654,109386,0.5348166670919343,109184,0.534896401308615,0.12949183501768857,20.8994140625,16,16,2048,0.32926143205258995,0.8493,0.5017310600280762,0.32541299099102616,234752,235146,"[0.914, 0.961, 0.625, 0.815, 0.845, 0.974, 0.584, 0.934, 0.903, 0.938]","[0.9225621414913958, 0.9750479846449136, 0.640124095139607, 0.826226012793177, 0.8793273986152325, 0.9681274900398407, 0.6241413150147204, 0.9352818371607515, 0.893574297188755, 0.9263984298331698]",batch,both
FashionMNIST,small,42,10,all,all,activation_fisher,loss_aware,,0.5,1,0.8918,0.8834,0.3053732879638672,0.33088521357774736,109386,0.5348166670919343,109184,0.534896401308615,0.12949183501768857,20.8994140625,16,16,2048,0.3181461620843038,0.8834,0.3308852105259895,0.32514429406728595,234752,235146,"[0.854, 0.964, 0.822, 0.896, 0.82, 0.959, 0.638, 0.956, 0.972, 0.953]","[0.869980879541109, 0.9750479846449136, 0.8345398138572906, 0.9285714285714286, 0.8506429277942631, 0.950199203187251, 0.6437684003925417, 0.964509394572025, 0.964859437751004, 0.9411187438665358]",batch,both
FashionMNIST,small,42,10,all,all,activation_fisher,loss_aware,,0.5,3,0.8944,0.8859,0.2946819578170776,0.32071678532361986,109386,0.5348166670919343,109184,0.534896401308615,0.12949183501768857,20.8994140625,16,16,2048,0.3421686419751495,0.8859,0.32071678677797316,0.31282848701812327,234752,235146,"[0.835, 0.97, 0.825, 0.9, 0.805, 0.963, 0.677, 0.959, 0.971, 0.954]","[0.8518164435946463, 0.9788867562380038, 0.8386763185108583, 0.9349680170575693, 0.8298714144411474, 0.9581673306772909, 0.6810598626104023, 0.9686847599164927, 0.9658634538152611, 0.9421000981354269]",batch,both
FashionMNIST,small,42,10,all,all,activation_fisher,loss_aware,,0.5,5,0.8963,0.886,0.2908110668182373,0.3169411746799946,109386,0.5348166670919343,109184,0.534896401308615,0.12949183501768857,20.8994140625,16,16,2048,0.3155739050125703,0.886,0.316941179472208,0.3334399029845372,234752,235146,"[0.823, 0.968, 0.797, 0.899, 0.813, 0.962, 0.711, 0.963, 0.972, 0.952]","[0.8317399617590823, 0.9779270633397313, 0.8221302998965874, 0.9275053304904051, 0.8486646884272997, 0.954183266932271, 0.7311089303238469, 0.9697286012526096, 0.963855421686747, 0.9411187438665358]",batch,both
FashionMNIST,small,42,10,all,all,activation_fisher,loss_aware,,0.7,0,0.723,0.7095,1.0985841222763062,1.1164443000793458,63887,0.728309220654402,63761,0.7283899604689203,0.12949183501768857,20.8994140625,16,16,2048,0.3154847939731553,0.7095,1.1164442855834962,0.32647782505955547,234752,235146,"[0.904, 0.936, 0.259, 0.731, 0.748, 0.946, 0.56, 0.712, 0.431, 0.868]","[0.9168260038240917, 0.946257197696737, 0.25853154084798347, 0.7654584221748401, 0.7912957467853611, 0.9292828685258964, 0.5976447497546614, 0.6941544885177453, 0.42971887550200805, 0.8655544651619235]",batch,both
FashionMNIST,small,42,10,all,all,activation_fisher,loss_aware,,0.7,1,0.8681,0.8599,0.3935385315895081,0.4144157943725586,63887,0.728309220654402,63761,0.7283899604689203,0.12949183501768857,20.8994140625,16,16,2048,0.3152271710569039,0.8599,0.414415797996521,0.3318846729816869,234752,235146,"[0.85, 0.955, 0.766, 0.885, 0.809, 0.954, 0.535, 0.927, 0.965, 0.953]","[0.858508604206501, 0.9596928982725528, 0.796277145811789, 0.9157782515991472, 0.8358061325420376, 0.9302788844621513, 0.5750736015701668, 0.9196242171189979, 0.9497991967871486, 0.9440628066732091]",batch,both
FashionMNIST,small,42,10,all,all,activation_fisher,loss_aware,,0.7,3,0.8812,0.8729,0.3421378887176514,0.36409813004732133,63887,0.728309220654402,63761,0.7283899604689203,0.12949183501768857,20.8994140625,16,16,2048,0.31725692900363356,0.8729,0.364098130261898,0.3301376369781792,234752,235146,"[0.834, 0.963, 0.778, 0.895, 0.832, 0.946, 0.613, 0.953, 0.969, 0.946]","[0.8413001912045889, 0.9683301343570058, 0.8138572905894519, 0.917910447761194, 0.8536102868447082, 0.9322709163346613, 0.6290480863591756, 0.9613778705636743, 0.9628514056224899, 0.9371933267909716]",batch,both
FashionMNIST,small,42,10,all,all,activation_fisher,loss_aware,,0.7,5,0.8843,0.877,0.3231986333847046,0.34841986396312713,63887,0.728309220654402,63761,0.7283899604689203,0.12949183501768857,20.8994140625,16,16,2048,0.3353592558996752,0.877,0.3484198615074158,0.3234671959653497,234752,235146,"[0.844, 0.963, 0.786, 0.899, 0.822, 0.956, 0.626, 0.943, 0.971, 0.96]","[0.847036328871893, 0.9712092130518234, 0.8190279214064116, 0.9232409381663113, 0.8417408506429278, 0.9452191235059761, 0.6447497546614328, 0.94258872651357, 0.9618473895582329, 0.9509322865554465]",batch,both
FashionMNIST,small,42,10,a1,layerwise,activation_fisher,loss_aware,,0.05,0,0.8897,0.878,0.30192145080566407,0.3315686882972717,224190,0.04659232987165418,223808,0.04661941112322787,0.12949183501768857,20.8994140625,16,16,2048,0.32115968398284167,0.878,0.3315686881184578,0.32757596601732075,234752,235146,"[0.904, 0.967, 0.707, 0.865, 0.88, 0.96, 0.616, 0.956, 0.972, 0.953]","[0.9082217973231358, 0.9798464491362764, 0.734229576008273, 0.8827292110874201, 0.9070227497527201, 0.9611553784860558, 0.6575073601570167, 0.9603340292275574, 0.9538152610441767, 0.9479882237487733]",batch,both
FashionMNIST,small,42,10,a1,layerwise,activation_fisher,loss_aware,,0.05,1,0.8971,0.8906,0.2857586502075195,0.3135959734618664,224190,0.04659232987165418,223808,0.04661941112322787,0.12949183501768857,20.8994140625,16,16,2048,0.32042870693840086,0.8906,0.3135959775984287,0.33559110399801284,234752,235146,"[0.84, 0.972, 0.818, 0.909, 0.835, 0.963, 0.686, 0.954, 0.971, 0.958]","[0.8537284894837476, 0.9817658349328215, 0.8252326783867632, 0.929637526652452, 0.8506429277942631, 0.9641434262948207, 0.6997055937193327, 0.9561586638830898, 0.9608433734939759, 0.9528949950932286]",batch,both
FashionMNIST,small,42,10,a1,layerwise,activation_fisher,loss_aware,,0.05,3,0.8971,0.8945,0.28477775115966797,0.31065594705343247,224190,0.04659232987165418,223808,0.04661941112322787,0.12949183501768857,20.8994140625,16,16,2048,0.33497549407184124,0.8945,0.31065594774484634,0.3229713619221002,234752,235146,"[0.838, 0.97, 0.817, 0.91, 0.846, 0.964, 0.702, 0.968, 0.978, 0.952]","[0.8460803059273423, 0.9817658349328215, 0.8097207859358841, 0.9381663113006397, 0.8605341246290801, 0.9561752988047809, 0.7016683022571149, 0.965553235908142, 0.963855421686747, 0.9519136408243376]",batch,both
FashionMNIST,small,42,10,a1,layerwise,activation_fisher,loss_aware,,0.05,5,0.8997,0.8942,0.28205131330490113,0.311357798486948,224190,0.04659232987165418,223808,0.04661941112322787,0.12949183501768857,20.8994140625,16,16,2048,0.3331546080298722,0.8942,0.3113577981173992,0.3258866370888427,234752,235146,"[0.853, 0.977, 0.82, 0.9, 0.842, 0.968, 0.692, 0.958, 0.977, 0.955]","[0.8518164435946463, 0.9856046065259118, 0.8335056876938987, 0.9221748400852878, 0.8654797230464887, 0.9661354581673307, 0.7016683022571149, 0.9551148225469729, 0.9658634538152611, 0.9528949950932286]",batch,both
FashionMNIST,small,42,10,a1,layerwise,activation_fisher,loss_aware,,0.1,0,0.8892,0.8778,0.30266833906173707,0.3317215567350388,212321,0.09706735389927956,211952,0.09712377317339149,0.12949183501768857,20.8994140625,16,16,2048,0.31676600698847324,0.8778,0.3317215565443039,0.332361634937115,234752,235146,"[0.905, 0.967, 0.708, 0.866, 0.877, 0.96, 0.616, 0.956, 0.97, 0.953]","[0.9101338432122371, 0.9798464491362764, 0.733195449844881, 0.8827292110874201, 0.9050445103857567, 0.9561752988047809, 0.6575073601570167, 0.9634655532359081, 0.9518072289156626, 0.9479882237487733]",batch,both
FashionMNIST,small,42,10,a1,layerwise,activation_fisher,loss_aware,,0.1,1,0.8972,0.8921,0.2878462314605713,0.3152927471101284,212321,0.09706735389927956,211952,0.09712377317339149,0.12949183501768857,20.8994140625,16,16,2048,0.34719786199275404,0.8921,0.31529274873137475,0.33892676199320704,234752,235146,"[0.84, 0.976, 0.809, 0.901, 0.841, 0.962, 0.7, 0.966, 0.974, 0.952]","[0.8518164435946463, 0.9836852207293666, 0.8107549120992761, 0.9275053304904051, 0.8585558852621167, 0.9601593625498008, 0.7085377821393523, 0.9634655532359081, 0.9608433734939759, 0.9499509322865555]",batch,both
FashionMNIST,small,42,10,a1,layerwise,activation_fisher,loss_aware,,0.1,3,0.8999,0.8945,0.2847999003410339,0.3093189654171467,212321,0.09706735389927956,211952,0.09712377317339149,0.12949183501768857,20.8994140625,16,16,2048,0.3353597099194303,0.8945,0.3093189653992653,0.3373307130532339,234752,235146,"[0.85, 0.977, 0.815, 0.909, 0.841, 0.96, 0.691, 0.965, 0.978, 0.959]","[0.8489483747609943, 0.9836852207293666, 0.8252326783867632, 0.9392324093816631, 0.8585558852621167, 0.9571713147410359, 0.6997055937193327, 0.9676409185803758, 0.9718875502008032, 0.9519136408243376]",batch,both
FashionMNIST,small,42,10,a1,layerwise,activation_fisher,loss_aware,,0.1,5,0.9006,0.8945,0.2866134460449219,0.3125142270088196,212321,0.09706735389927956,211952,0.09712377317339149,0.12949183501768857,20.8994140625,16,16,2048,0.3225673109991476,0.8945,0.3125142269849777,0.3313324539922178,234752,235146,"[0.841, 0.978, 0.802, 0.898, 0.832, 0.961, 0.728, 0.965, 0.978, 0.962]","[0.8460803059273423, 0.9856046065259118, 0.8159255429162358, 0.9253731343283582, 0.8605341246290801, 0.9591633466135459, 0.7311089303238469, 0.9624217118997912, 0.9678714859437751, 0.9548577036310107]",batch,both
FashionMNIST,small,42,10,a1,layerwise,activation_fisher,loss_aware,,0.2,0,0.8879,0.8767,0.3055715100288391,0.3353250112295151,188583,0.19801740195453033,188240,0.19813249727371862,0.12949183501768857,20.8994140625,16,16,2048,0.3302622289629653,0.8767,0.33532501127719877,0.3489770779851824,234752,235146,"[0.911, 0.969, 0.701, 0.865, 0.874, 0.963, 0.606, 0.957, 0.969, 0.952]","[0.9158699808795411, 0.9798464491362764, 0.7290589451913133, 0.8773987206823027, 0.9020771513353115, 0.9631474103585658, 0.6447497546614328, 0.9603340292275574, 0.9548192771084337, 0.9470068694798822]",batch,both
FashionMNIST,small,42,10,a1,layerwise,activation_fisher,loss_aware,,0.2,1,0.8979,0.8919,0.28480015115737917,0.31304790763258933,188583,0.19801740195453033,188240,0.19813249727371862,0.12949183501768857,20.8994140625,16,16,2048,0.3241425990127027,0.8919,0.313047901904583,0.3412945569725707,234752,235146,"[0.853, 0.975, 0.811, 0.903, 0.824, 0.959, 0.701, 0.958, 0.978, 0.957]","[0.8632887189292543, 0.9836852207293666, 0.8200620475698035, 0.9317697228144989, 0.8407517309594461, 0.9611553784860558, 0.6987242394504416, 0.964509394572025, 0.964859437751004, 0.9538763493621197]",batch,both
FashionMNIST,small,42,10,a1,layerwise,activation_fisher,loss_aware,,0.2,3,0.8992,0.8932,0.2849458355903626,0.3125098902046681,188583,0.19801740195453033,188240,0.19813249727371862,0.12949183501768857,20.8994140625,16,16,2048,0.3248732630163431,0.8932,0.31250989114046096,0.3348607170628384,234752,235146,"[0.858, 0.969, 0.794, 0.91, 0.847, 0.962, 0.693, 0.961, 0.977, 0.961]","[0.8652007648183556, 0.9836852207293666, 0.8148914167528438, 0.9307036247334755, 0.8684470820969338, 0.9611553784860558, 0.6957801766437685, 0.9582463465553236, 0.9628514056224899, 0.9538763493621197]",batch,both
FashionMNIST,small,42,10,a1,layerwise,activation_fisher,loss_aware,,0.2,5,0.9003,0.8931,0.2826465998649597,0.3088039339661598,188583,0.19801740195453033,188240,0.19813249727371862,0.12949183501768857,20.8994140625,16,16,2048,0.35321316099725664,0.8931,0.308803928655386,0.32914090692065656,234752,235146,"[0.849, 0.974, 0.801, 0.903, 0.825, 0.965, 0.716, 0.97, 0.979, 0.949]","[0.8632887189292543, 0.9856046065259118, 0.8169596690796277, 0.9285714285714286, 0.8466864490603363, 0.9661354581673307, 0.7144259077526988, 0.9665970772442589, 0.9678714859437751, 0.9499509322865555]",batch,both
FashionMNIST,small,42,10,a1,layerwise,activation_fisher,loss_aware,,0.3,0,0.8857,0.8737,0.31287225313186645,0.3410988353729248,165758,0.29508475585381,165440,0.2952562704471101,0.12949183501768857,20.8994140625,16,16,2048,0.32161151396576315,0.8737,0.34109882910251615,0.3297267979942262,234752,235146,"[0.913, 0.965, 0.703, 0.857, 0.868, 0.964, 0.595, 0.956, 0.964, 0.952]","[0.9187380497131931, 0.9788867562380038, 0.7238883143743536, 0.8720682302771855, 0.897131552917903, 0.9631474103585658, 0.6457311089303238, 0.9582463465553236, 0.9487951807228916, 0.9450441609421001]",batch,both
FashionMNIST,small,42,10,a1,layerwise,activation_fisher,loss_aware,,0.3,1,0.8982,0.8907,0.28417069272994994,0.31026842091679574,165758,0.29508475585381,165440,0.2952562704471101,0.12949183501768857,20.8994140625,16,16,2048,0.3249475989723578,0.8907,0.31026842175722125,0.3428351989714429,234752,235146,"[0.847, 0.972, 0.828, 0.896, 0.814, 0.96, 0.696, 0.959, 0.977, 0.958]","[0.858508604206501, 0.9846449136276392, 0.8293691830403309, 0.920042643923241, 0.8397626112759644, 0.9581673306772909, 0.7114818449460255, 0.964509394572025, 0.964859437751004, 0.9538763493621197]",batch,both
FashionMNIST,small,42,10,a1,layerwise,activation_fisher,loss_aware,,0.3,3,0.8984,0.8931,0.2860825059890747,0.31152800896167754,165758,0.29508475585381,165440,0.2952562704471101,0.12949183501768857,20.8994140625,16,16,2048,0.32158936001360416,0.8931,0.31152801287174225,0.32756124809384346,234752,235146,"[0.834, 0.975, 0.827, 0.902, 0.811, 0.964, 0.726, 0.966, 0.975, 0.951]","[0.8403441682600382, 0.9856046065259118, 0.8293691830403309, 0.9328358208955224, 0.8328387734915925, 0.9591633466135459, 0.732090284592738, 0.9634655532359081, 0.9628514056224899, 0.9499509322865555]",batch,both
FashionMNIST,small,42,10,a1,layerwise,activation_fisher,loss_aware,,0.3,5,0.9013,0.8936,0.2834240068435669,0.30757103393673896,165758,0.29508475585381,165440,0.2952562704471101,0.12949183501768857,20.8994140625,16,16,2048,0.34104917699005455,0.8936,0.30757103696465493,0.31659102404955775,234752,235146,"[0.858, 0.976, 0.824, 0.906, 0.824, 0.966, 0.688, 0.966, 0.974, 0.954]","[0.8652007648183556, 0.9856046065259118, 0.8376421923474664, 0.9339019189765458, 0.8456973293768546, 0.9651394422310757, 0.7055937193326791, 0.9634655532359081, 0.964859437751004, 0.9499509322865555]",batch,both
FashionMNIST,small,42,10,a1,layerwise,activation_fisher,loss_aware,,0.4,0,0.8849,0.8704,0.321281645488739,0.3493858764410019,142020,0.39603480390906076,141728,0.39626499454743724,0.12949183501768857,20.8994140625,16,16,2048,0.3229235189501196,0.8704,0.34938587431907653,0.33914179308339953,234752,235146,"[0.908, 0.961, 0.708, 0.858, 0.86, 0.97, 0.578, 0.955, 0.959, 0.947]","[0.9206500956022945, 0.9788867562380038, 0.7311271975180972, 0.8795309168443497, 0.8931750741839762, 0.9691235059760956, 0.6290480863591756, 0.9603340292275574, 0.9447791164658634, 0.9381746810598626]",batch,both
FashionMNIST,small,42,10,a1,layerwise,activation_fisher,loss_aware,,0.4,1,0.8958,0.8888,0.2876335991859436,0.3140829168498516,142020,0.39603480390906076,141728,0.39626499454743724,0.12949183501768857,20.8994140625,16,16,2048,0.34248769807163626,0.8888,0.3140829204797745,0.329794668010436,234752,235146,"[0.84, 0.971, 0.823, 0.901, 0.817, 0.959, 0.69, 0.953, 0.973, 0.961]","[0.8489483747609943, 0.980806142034549, 0.8252326783867632, 0.9381663113006397, 0.8456973293768546, 0.950199203187251, 0.6947988223748773, 0.9603340292275574, 0.9628514056224899, 0.9558390578999019]",batch,both
FashionMNIST,small,42,10,a1,layerwise,activation_fisher,loss_aware,,0.4,3,0.8992,0.8906,0.2858644982337952,0.31129236932396886,142020,0.39603480390906076,141728,0.39626499454743724,0.12949183501768857,20.8994140625,16,16,2048,0.33690043597016484,0.8906,0.31129236102104185,0.34489592793397605,234752,235146,"[0.835, 0.974, 0.801, 0.893, 0.845, 0.962, 0.7, 0.969, 0.975, 0.952]","[0.8432122370936902, 0.9846449136276392, 0.8159255429162358, 0.9243070362473348, 0.8753709198813057, 0.9561752988047809, 0.7134445534838076, 0.9697286012526096, 0.9658634538152611, 0.9470068694798822]",batch,both
FashionMNIST,small,42,10,a1,layerwise,activation_fisher,loss_aware,,0.4,5,0.9,0.8905,0.28647515573501586,0.312194670933485,142020,0.39603480390906076,141728,0.39626499454743724,0.12949183501768857,20.8994140625,16,16,2048,0.3242296710377559,0.8905,0.3121946631193161,0.33048953500110656,234752,235146,"[0.844, 0.974, 0.812, 0.892, 0.841, 0.964, 0.681, 0.969, 0.973, 0.955]","[0.8508604206500956, 0.9836852207293666, 0.8262668045501551, 0.929637526652452, 0.8724035608308606, 0.9631474103585658, 0.6967615309126595, 0.9718162839248434, 0.9618473895582329, 0.9479882237487733]",batch,both
FashionMNIST,small,42,10,a1,layerwise,activation_fisher,loss_aware,,0.5,0,0.8752,0.8625,0.34713975944519043,0.37218525936603547,118282,0.4969848519643115,118016,0.4972737186477645,0.12949183501768857,20.8994140625,16,16,2048,0.39523044996894896,0.8625,0.3721852588176727,0.3811776320217177,234752,235146,"[0.903, 0.963, 0.725, 0.863, 0.847, 0.97, 0.546, 0.952, 0.925, 0.931]","[0.9158699808795411, 0.9769673704414588, 0.7456049638055843, 0.8742004264392325, 0.8892185954500494, 0.9651394422310757, 0.5888125613346418, 0.9519832985386222, 0.9176706827309237, 0.9234543670264965]",batch,both
FashionMNIST,small,42,10,a1,layerwise,activation_fisher,loss_aware,,0.5,1,0.893,0.8884,0.2927802396774292,0.3163648777246475,118282,0.4969848519643115,118016,0.4972737186477645,0.12949183501768857,20.8994140625,16,16,2048,0.3399067090358585,0.8884,0.31636487792730333,0.35275655693840235,234752,235146,"[0.846, 0.973, 0.822, 0.895, 0.819, 0.963, 0.679, 0.968, 0.974, 0.945]","[0.8489483747609943, 0.9798464491362764, 0.8345398138572906, 0.9264392324093816, 0.8456973293768546, 0.9561752988047809, 0.6751717369970559, 0.9686847599164927, 0.963855421686747, 0.9362119725220804]",batch,both
FashionMNIST,small,42,10,a1,layerwise,activation_fisher,loss_aware,,0.5,3,0.8971,0.8891,0.2885940852165222,0.3130805998802185,118282,0.4969848519643115,118016,0.4972737186477645,0.12949183501768857,20.8994140625,16,16,2048,0.32306738605257124,0.8891,0.3130805990517139,0.34388261300045997,234752,235146,"[0.84, 0.97, 0.799, 0.893, 0.848, 0.961, 0.689, 0.958, 0.972, 0.961]","[0.8565965583173997, 0.9798464491362764, 0.8159255429162358, 0.9232409381663113, 0.8684470820969338, 0.9561752988047809, 0.6947988223748773, 0.9582463465553236, 0.9658634538152611, 0.9548577036310107]",batch,both
FashionMNIST,small,42,10,a1,layerwise,activation_fisher,loss_aware,,0.5,5,0.8985,0.8905,0.286567094039917,0.3093390759110451,118282,0.4969848519643115,118016,0.4972737186477645,0.12949183501768857,20.8994140625,16,16,2048,0.32867862505372614,0.8905,0.3093390758991241,0.3254220880335197,234752,235146,"[0.843, 0.972, 0.801, 0.894, 0.835, 0.966, 0.7, 0.966, 0.977, 0.951]","[0.8556405353728489, 0.980806142034549, 0.8231644260599793, 0.9285714285714286, 0.8536102868447082, 0.9611553784860558, 0.7105004906771345, 0.9676409185803758, 0.9688755020080321, 0.9391560353287537]",batch,both
FashionMNIST,small,42,10,a1,layerwise,activation_fisher,loss_aware,,0.7,0,0.8133,0.8036,0.5795090049743652,0.5978962094783783,71719,0.6950022539188419,71504,0.6954062159214831,0.12949183501768857,20.8994140625,16,16,2048,0.31930372305214405,0.8036,0.5978962105751038,0.3460351130925119,234752,235146,"[0.907, 0.937, 0.681, 0.841, 0.821, 0.971, 0.485, 0.915, 0.614, 0.864]","[0.9158699808795411, 0.9414587332053743, 0.7094105480868665, 0.8464818763326226, 0.8545994065281899, 0.9641434262948207, 0.5034347399411188, 0.8956158663883089, 0.6385542168674698, 0.858684985279686]",batch,both
FashionMNIST,small,42,10,a1,layerwise,activation_fisher,loss_aware,,0.7,1,0.8851,0.8761,0.31998380298614504,0.3420378242731094,71719,0.6950022539188419,71504,0.6954062159214831,0.12949183501768857,20.8994140625,16,16,2048,0.3216909379698336,0.8761,0.342037819314003,0.32744744804222137,234752,235146,"[0.851, 0.961, 0.79, 0.895, 0.834, 0.956, 0.611, 0.95, 0.968, 0.945]","[0.8575525812619503, 0.9664107485604606, 0.8190279214064116, 0.9136460554371002, 0.8545994065281899, 0.9452191235059761, 0.6398429833169774, 0.9530271398747391, 0.9618473895582329, 0.9440628066732091]",batch,both
FashionMNIST,small,42,10,a1,layerwise,activation_fisher,loss_aware,,0.7,3,0.8916,0.8813,0.30364186944961546,0.3257361753702164,71719,0.6950022539188419,71504,0.6954062159214831,0.12949183501768857,20.8994140625,16,16,2048,0.3464888089802116,0.8813,0.3257361742019653,0.32991583505645394,234752,235146,"[0.836, 0.967, 0.808, 0.889, 0.811, 0.957, 0.67, 0.95, 0.971, 0.954]","[0.8479923518164436, 0.9779270633397313, 0.8335056876938987, 0.9211087420042644, 0.8358061325420376, 0.953187250996016, 0.6751717369970559, 0.9603340292275574, 0.9668674698795181, 0.9489695780176644]",batch,both
FashionMNIST,small,42,10,a1,layerwise,activation_fisher,loss_aware,,0.7,5,0.8907,0.8824,0.30371338748931886,0.3244091329455376,71719,0.6950022539188419,71504,0.6954062159214831,0.12949183501768857,20.8994140625,16,16,2048,0.3365452829748392,0.8824,0.3244091333985329,0.3323079460533336,234752,235146,"[0.826, 0.965, 0.779, 0.902, 0.806, 0.961, 0.707, 0.962, 0.97, 0.946]","[0.8317399617590823, 0.9760076775431862, 0.81282316442606, 0.9381663113006397, 0.8298714144411474, 0.9551792828685259, 0.703631010794897, 0.9624217118997912, 0.9608433734939759, 0.9421000981354269]",batch,both
FashionMNIST,small,42,10,a2,layerwise,activation_fisher,loss_aware,,0.05,0,0.8904,0.878,0.30238055992126467,0.33155723099708556,233544,0.006812788650455426,233156,0.006798664122137366,0.12949183501768857,20.8994140625,16,16,2048,0.48167855094652623,0.878,0.33155722908973695,0.3837075789924711,234752,235146,"[0.904, 0.969, 0.705, 0.866, 0.878, 0.962, 0.615, 0.956, 0.972, 0.953]","[0.9091778202676865, 0.9798464491362764, 0.7362978283350569, 0.8827292110874201, 0.9060336300692384, 0.9621513944223108, 0.6594700686947988, 0.9613778705636743, 0.9548192771084337, 0.9479882237487733]",batch,both
FashionMNIST,small,42,10,a2,layerwise,activation_fisher,loss_aware,,0.05,1,0.8961,0.8926,0.2860774887084961,0.3119048916399479,233544,0.006812788650455426,233156,0.006798664122137366,0.12949183501768857,20.8994140625,16,16,2048,0.34545656701084226,0.8926,0.31190488734245303,0.365109286038205,234752,235146,"[0.853, 0.976, 0.79, 0.9, 0.836, 0.964, 0.719, 0.952, 0.975, 0.961]","[0.8508604206500956, 0.9817658349328215, 0.796277145811789, 0.9243070362473348, 0.857566765578635, 0.9621513944223108, 0.7144259077526988, 0.9572025052192067, 0.9628514056224899, 0.9558390578999019]",batch,both
FashionMNIST,small,42,10,a2,layerwise,activation_fisher,loss_aware,,0.05,3,0.9001,0.893,0.28553414030075075,0.31087752565145493,233544,0.006812788650455426,233156,0.006798664122137366,0.12949183501768857,20.8994140625,16,16,2048,0.3263355731032789,0.893,0.310877527654171,0.33667675592005253,234752,235146,"[0.84, 0.977, 0.823, 0.916, 0.816, 0.96, 0.709, 0.972, 0.977, 0.94]","[0.8556405353728489, 0.9856046065259118, 0.8304033092037229, 0.9434968017057569, 0.8417408506429278, 0.9581673306772909, 0.7065750736015701, 0.9770354906054279, 0.9668674698795181, 0.9411187438665358]",batch,both
FashionMNIST,small,42,10,a2,layerwise,activation_fisher,loss_aware,,0.05,5,0.8991,0.8936,0.28466913843154906,0.31005269644856454,233544,0.006812788650455426,233156,0.006798664122137366,0.12949183501768857,20.8994140625,16,16,2048,0.3293200480984524,0.8936,0.3100526960670948,0.33871118898969144,234752,235146,"[0.854, 0.975, 0.81, 0.909, 0.836, 0.963, 0.693, 0.966, 0.974, 0.956]","[0.8604206500956023, 0.9856046065259118, 0.8293691830403309, 0.9285714285714286, 0.8565776458951533, 0.9601593625498008, 0.689892051030422, 0.965553235908142, 0.9668674698795181, 0.9519136408243376]",batch,both
FashionMNIST,small,42,10,a2,layerwise,activation_fisher,loss_aware,,0.1,0,0.8891,0.8766,0.30437985916137694,0.33329156737327575,231942,0.013625577300910963,231560,0.013597328244274842,0.12949183501768857,20.8994140625,16,16,2048,0.3247730990406126,0.8766,0.3332915700316429,0.33716897189151496,234752,235146,"[0.903, 0.968, 0.696, 0.863, 0.88, 0.962, 0.613, 0.956, 0.972, 0.953]","[0.9120458891013384, 0.9798464491362764, 0.718717683557394, 0.8827292110874201, 0.9060336300692384, 0.9631474103585658, 0.6594700686947988, 0.9603340292275574, 0.9558232931726908, 0.9479882237487733]",batch,both
FashionMNIST,small,42,10,a2,layerwise,activation_fisher,loss_aware,,0.1,1,0.8967,0.8909,0.2884539072036743,0.3134157290518284,231942,0.013625577300910963,231560,0.013597328244274842,0.12949183501768857,20.8994140625,16,16,2048,0.3261480430373922,0.8909,0.31341572856903077,0.3242668939055875,234752,235146,"[0.854, 0.972, 0.802, 0.911, 0.832, 0.954, 0.691, 0.957, 0.975, 0.961]","[0.8623326959847036, 0.9817658349328215, 0.8138572905894519, 0.9349680170575693, 0.8585558852621167, 0.9462151394422311, 0.6918547595682041, 0.964509394572025, 0.9618473895582329, 0.9548577036310107]",batch,both
FashionMNIST,small,42,10,a2,layerwise,activation_fisher,loss_aware,,0.1,3,0.8973,0.8918,0.2868046956062317,0.31413808863162995,231942,0.013625577300910963,231560,0.013597328244274842,0.12949183501768857,20.8994140625,16,16,2048,0.32019950193353,0.8918,0.3141380909204483,0.3297218509251252,234752,235146,"[0.834, 0.974, 0.807, 0.914, 0.836, 0.961, 0.699, 0.956, 0.977, 0.96]","[0.8413001912045889, 0.982725527831094, 0.8210961737331954, 0.9402985074626866, 0.8555885262116716, 0.9601593625498008, 0.6977428851815506, 0.9613778705636743, 0.964859437751004, 0.9528949950932286]",batch,both
FashionMNIST,small,42,10,a2,layerwise,activation_fisher,loss_aware,,0.1,5,0.8999,0.8931,0.2838299767494202,0.31278512485027316,231942,0.013625577300910963,231560,0.013597328244274842,0.12949183501768857,20.8994140625,16,16,2048,0.32262256799731404,0.8931,0.3127851258218288,0.3221963590476662,234752,235146,"[0.858, 0.973, 0.793, 0.903, 0.844, 0.964, 0.703, 0.971, 0.978, 0.944]","[0.864244741873805, 0.9836852207293666, 0.811789038262668, 0.9253731343283582, 0.8595450049455984, 0.9631474103585658, 0.7124631992149166, 0.9686847599164927, 0.9678714859437751, 0.9450441609421001]",batch,both
FashionMNIST,small,42,10,a2,layerwise,activation_fisher,loss_aware,,0.2,0,0.8851,0.8725,0.3106216904640198,0.3398397554039955,228471,0.028386619376897793,228102,0.028327767175572505,0.12949183501768857,20.8994140625,16,16,2048,0.35579727008007467,0.8725,0.3398397584676743,0.32852693798486143,234752,235146,"[0.899, 0.969, 0.675, 0.849, 0.882, 0.963, 0.612, 0.954, 0.968, 0.954]","[0.9101338432122371, 0.980806142034549, 0.7052740434332989, 0.8699360341151386, 0.9099901088031652, 0.9641434262948207, 0.6457311089303238, 0.954070981210856, 0.9558232931726908, 0.9489695780176644]",batch,both
FashionMNIST,small,42,10,a2,layerwise,activation_fisher,loss_aware,,0.2,1,0.8976,0.8905,0.2863411943435669,0.3123291369795799,228471,0.028386619376897793,228102,0.028327767175572505,0.12949183501768857,20.8994140625,16,16,2048,0.33223479508887976,0.8905,0.3123291414618492,0.32960832002572715,234752,235146,"[0.833, 0.973, 0.828, 0.911, 0.819, 0.964, 0.686, 0.957, 0.976, 0.958]","[0.8451242829827916, 0.980806142034549, 0.8314374353671148, 0.9445628997867804, 0.8427299703264095, 0.9641434262948207, 0.6987242394504416, 0.9572025052192067, 0.963855421686747, 0.9528949950932286]",batch,both
FashionMNIST,small,42,10,a2,layerwise,activation_fisher,loss_aware,,0.2,3,0.8993,0.892,0.2870914670944214,0.3135885523200035,228471,0.028386619376897793,228102,0.028327767175572505,0.12949183501768857,20.8994140625,16,16,2048,0.32006565504707396,0.892,0.31358855217695236,0.33421630691736937,234752,235146,"[0.835, 0.973, 0.789, 0.92, 0.851, 0.96, 0.695, 0.966, 0.976, 0.955]","[0.8422562141491395, 0.9817658349328215, 0.8097207859358841, 0.9424307036247335, 0.8714144411473789, 0.9601593625498008, 0.7065750736015701, 0.9686847599164927, 0.964859437751004, 0.9499509322865555]",batch,both
FashionMNIST,small,42,10,a2,layerwise,activation_fisher,loss_aware,,0.2,5,0.9015,0.8937,0.2818094422340393,0.31089168568253517,228471,0.028386619376897793,228102,0.028327767175572505,0.12949183501768857,20.8994140625,16,16,2048,0.3668437519809231,0.8937,0.31089168302416803,0.3621602300554514,234752,235146,"[0.852, 0.973, 0.823, 0.909, 0.822, 0.962, 0.701, 0.962, 0.977, 0.956]","[0.8556405353728489, 0.982725527831094, 0.8386763185108583, 0.9317697228144989, 0.8437190900098912, 0.9611553784860558, 0.7163886162904809, 0.9676409185803758, 0.9698795180722891, 0.9519136408243376]",batch,both
FashionMNIST,small,42,10,a2,layerwise,activation_fisher,loss_aware,,0.3,0,0.8838,0.8711,0.32211347131729123,0.350734234893322,225000,0.04314766145288462,224644,0.04305820610687028,0.12949183501768857,20.8994140625,16,16,2048,0.33177801698911935,0.8711,0.3507342398405075,0.345772105967626,234752,235146,"[0.899, 0.975, 0.663, 0.843, 0.885, 0.963, 0.615, 0.944, 0.967, 0.957]","[0.9101338432122371, 0.9846449136276392, 0.688728024819028, 0.8582089552238806, 0.9129574678536103, 0.9671314741035857, 0.6575073601570167, 0.9457202505219207, 0.9528112449799196, 0.9519136408243376]",batch,both
FashionMNIST,small,42,10,a2,layerwise,activation_fisher,loss_aware,,0.3,1,0.8961,0.8888,0.2870870907783508,0.3134329202950001,225000,0.04314766145288462,224644,0.04305820610687028,0.12949183501768857,20.8994140625,16,16,2048,0.32486664399039,0.8888,0.31343292312622073,0.32551449502352625,234752,235146,"[0.829, 0.97, 0.807, 0.911, 0.822, 0.964, 0.702, 0.951, 0.975, 0.957]","[0.8298279158699808, 0.9760076775431862, 0.8200620475698035, 0.9392324093816631, 0.8506429277942631, 0.9581673306772909, 0.7173699705593719, 0.954070981210856, 0.964859437751004, 0.9558390578999019]",batch,both
FashionMNIST,small,42,10,a2,layerwise,activation_fisher,loss_aware,,0.3,3,0.8989,0.8908,0.2870630947113037,0.3137439565896988,225000,0.04314766145288462,224644,0.04305820610687028,0.12949183501768857,20.8994140625,16,16,2048,0.3424355620518327,0.8908,0.3137439600467682,0.3195804909337312,234752,235146,"[0.859, 0.971, 0.826, 0.914, 0.794, 0.96, 0.694, 0.973, 0.972, 0.945]","[0.8652007648183556, 0.982725527831094, 0.8417786970010341, 0.9381663113006397, 0.8348170128585559, 0.9571713147410359, 0.6967615309126595, 0.9686847599164927, 0.963855421686747, 0.9450441609421001]",batch,both
FashionMNIST,small,42,10,a2,layerwise,activation_fisher,loss_aware,,0.3,5,0.9,0.8925,0.28486810293197634,0.31405989119410516,225000,0.04314766145288462,224644,0.04305820610687028,0.12949183501768857,20.8994140625,16,16,2048,0.3410005720797926,0.8925,0.31405989394783973,0.3289899779483676,234752,235146,"[0.843, 0.973, 0.797, 0.91, 0.839, 0.963, 0.701, 0.965, 0.975, 0.959]","[0.8499043977055449, 0.982725527831094, 0.811789038262668, 0.9392324093816631, 0.8565776458951533, 0.9601593625498008, 0.7154072620215898, 0.9676409185803758, 0.9658634538152611, 0.9548577036310107]",batch,both
FashionMNIST,small,42,10,a2,layerwise,activation_fisher,loss_aware,,0.4,0,0.8787,0.867,0.3442662747383118,0.37268689856529236,221529,0.05790870352887145,221186,0.05778864503816794,0.12949183501768857,20.8994140625,16,16,2048,0.34572897700127214,0.867,0.37268690128326415,0.3548086800146848,234752,235146,"[0.913, 0.973, 0.639, 0.82, 0.894, 0.964, 0.605, 0.949, 0.961, 0.952]","[0.9225621414913958, 0.980806142034549, 0.6597724922440538, 0.8368869936034116, 0.9149357072205737, 0.9671314741035857, 0.6437684003925417, 0.9530271398747391, 0.9497991967871486, 0.9479882237487733]",batch,both
FashionMNIST,small,42,10,a2,layerwise,activation_fisher,loss_aware,,0.4,1,0.8961,0.8872,0.28996148290634155,0.3184124872505665,221529,0.05790870352887145,221186,0.05778864503816794,0.12949183501768857,20.8994140625,16,16,2048,0.330020593944937,0.8872,0.3184124822795391,0.34580421610735357,234752,235146,"[0.856, 0.97, 0.809, 0.901, 0.824, 0.958, 0.661, 0.964, 0.978, 0.951]","[0.8671128107074569, 0.980806142034549, 0.8210961737331954, 0.9285714285714286, 0.8555885262116716, 0.9472111553784861, 0.6800785083415113, 0.9686847599164927, 0.9668674698795181, 0.9489695780176644]",batch,both
FashionMNIST,small,42,10,a2,layerwise,activation_fisher,loss_aware,,0.4,3,0.8988,0.892,0.2850825699806213,0.31382577829360964,221529,0.05790870352887145,221186,0.05778864503816794,0.12949183501768857,20.8994140625,16,16,2048,0.3259854189818725,0.892,0.31382577963471414,0.3322714790701866,234752,235146,"[0.853, 0.97, 0.788, 0.905, 0.847, 0.96, 0.704, 0.964, 0.976, 0.953]","[0.8594646271510517, 0.9817658349328215, 0.8035160289555325, 0.9349680170575693, 0.8595450049455984, 0.9581673306772909, 0.7134445534838076, 0.9676409185803758, 0.9628514056224899, 0.9499509322865555]",batch,both
FashionMNIST,small,42,10,a2,layerwise,activation_fisher,loss_aware,,0.4,5,0.8978,0.8897,0.2877105836868286,0.3152555681526661,221529,0.05790870352887145,221186,0.05778864503816794,0.12949183501768857,20.8994140625,16,16,2048,0.3209836520254612,0.8897,0.31525557062625886,0.3312551099807024,234752,235146,"[0.837, 0.972, 0.817, 0.918, 0.812, 0.96, 0.69, 0.972, 0.972, 0.947]","[0.8422562141491395, 0.982725527831094, 0.8335056876938987, 0.9445628997867804, 0.8437190900098912, 0.9571713147410359, 0.6997055937193327, 0.9707724425887265, 0.9628514056224899, 0.9470068694798822]",batch,both
FashionMNIST,small,42,10,a2,layerwise,activation_fisher,loss_aware,,0.5,0,0.8762,0.8666,0.3727824893951416,0.39929717497825623,218058,0.07266974560485828,217728,0.0725190839694656,0.12949183501768857,20.8994140625,16,16,2048,0.3410093530546874,0.8666,0.3992971728563309,0.3366523140575737,234752,235146,"[0.909, 0.971, 0.623, 0.816, 0.874, 0.967, 0.654, 0.955, 0.952, 0.945]","[0.9244741873804971, 0.9836852207293666, 0.6473629782833505, 0.8315565031982942, 0.8902077151335311, 0.9671314741035857, 0.6673209028459274, 0.9498956158663883, 0.9447791164658634, 0.9440628066732091]",batch,both
FashionMNIST,small,42,10,a2,layerwise,activation_fisher,loss_aware,,0.5,1,0.8966,0.8876,0.2891710027694702,0.31794186338186264,218058,0.07266974560485828,217728,0.0725190839694656,0.12949183501768857,20.8994140625,16,16,2048,0.3323467109585181,0.8876,0.3179418631672859,0.3422619680641219,234752,235146,"[0.84, 0.969, 0.82, 0.906, 0.803, 0.96, 0.692, 0.961, 0.977, 0.948]","[0.8460803059273423, 0.9798464491362764, 0.8366080661840745, 0.9328358208955224, 0.837784371909001, 0.954183266932271, 0.7006869479882237, 0.9697286012526096, 0.9628514056224899, 0.9509322865554465]",batch,both
FashionMNIST,small,42,10,a2,layerwise,activation_fisher,loss_aware,,0.5,3,0.8979,0.8912,0.28443213176727294,0.31510900644659995,218058,0.07266974560485828,217728,0.0725190839694656,0.12949183501768857,20.8994140625,16,16,2048,0.336018712958321,0.8912,0.3151090039372444,0.32903643196914345,234752,235146,"[0.841, 0.968, 0.823, 0.903, 0.823, 0.965, 0.697, 0.963, 0.977, 0.952]","[0.8460803059273423, 0.9769673704414588, 0.8345398138572906, 0.9339019189765458, 0.8466864490603363, 0.9611553784860558, 0.7016683022571149, 0.9686847599164927, 0.964859437751004, 0.9499509322865555]",batch,both
FashionMNIST,small,42,10,a2,layerwise,activation_fisher,loss_aware,,0.5,5,0.898,0.8909,0.2885744780540466,0.31582739142775534,218058,0.07266974560485828,217728,0.0725190839694656,0.12949183501768857,20.8994140625,16,16,2048,0.32237500802148134,0.8909,0.315827391654253,0.3281751580070704,234752,235146,"[0.839, 0.971, 0.783, 0.905, 0.848, 0.961, 0.71, 0.967, 0.976, 0.949]","[0.8413001912045889, 0.9798464491362764, 0.8076525336091003, 0.9317697228144989, 0.8585558852621167, 0.9571713147410359, 0.7311089303238469, 0.9697286012526096, 0.9618473895582329, 0.9450441609421001]",batch,both
FashionMNIST,small,42,10,a2,layerwise,activation_fisher,loss_aware,,0.7,0,0.863,0.8516,0.5597217130661011,0.5826980473518372,211383,0.10105636498175596,211078,0.10084685114503822,0.12949183501768857,20.8994140625,16,16,2048,0.32241794804576784,0.8516,0.5826980432033538,0.3291731529170647,234752,235146,"[0.906, 0.973, 0.544, 0.817, 0.842, 0.969, 0.643, 0.947, 0.932, 0.943]","[0.9110898661567878, 0.9750479846449136, 0.5677352637021716, 0.835820895522388, 0.8704253214638972, 0.9711155378486056, 0.6751717369970559, 0.9467640918580376, 0.9196787148594378, 0.9440628066732091]",batch,both
FashionMNIST,small,42,10,a2,layerwise,activation_fisher,loss_aware,,0.7,1,0.8925,0.883,0.3053970856666565,0.3328433806657791,211383,0.10105636498175596,211078,0.10084685114503822,0.12949183501768857,20.8994140625,16,16,2048,0.3234670569654554,0.883,0.33284337683916093,0.33602427993901074,234752,235146,"[0.869, 0.966, 0.802, 0.911, 0.802, 0.956, 0.645, 0.95, 0.973, 0.956]","[0.8804971319311663, 0.9769673704414588, 0.8355739400206825, 0.9392324093816631, 0.827893175074184, 0.9442231075697212, 0.6526005888125613, 0.9603340292275574, 0.9618473895582329, 0.9509322865554465]",batch,both
FashionMNIST,small,42,10,a2,layerwise,activation_fisher,loss_aware,,0.7,3,0.8966,0.888,0.2934385273933411,0.319026755964756,211383,0.10105636498175596,211078,0.10084685114503822,0.12949183501768857,20.8994140625,16,16,2048,0.321384823997505,0.888,0.3190267504453659,0.32888235710561275,234752,235146,"[0.843, 0.969, 0.827, 0.913, 0.806, 0.958, 0.679, 0.964, 0.976, 0.945]","[0.8556405353728489, 0.9788867562380038, 0.8293691830403309, 0.9434968017057569, 0.8358061325420376, 0.9472111553784861, 0.6977428851815506, 0.9718162839248434, 0.963855421686747, 0.9479882237487733]",batch,both
FashionMNIST,small,42,10,a2,layerwise,activation_fisher,loss_aware,,0.7,5,0.8966,0.8883,0.28827411432266237,0.314131751704216,211383,0.10105636498175596,211078,0.10084685114503822,0.12949183501768857,20.8994140625,16,16,2048,0.31357309804297984,0.8883,0.3141317495942116,0.3399466050323099,234752,235146,"[0.858, 0.97, 0.81, 0.905, 0.822, 0.956, 0.675, 0.966, 0.975, 0.946]","[0.8680688336520076, 0.980806142034549, 0.8221302998965874, 0.9317697228144989, 0.8437190900098912, 0.9462151394422311, 0.6967615309126595, 0.9686847599164927, 0.9628514056224899, 0.9489695780176644]",batch,both
FashionMNIST,small,42,10,all,all,weight_fisher,loss_aware,,0.05,0,0.8895,0.877,0.3029845593452454,0.33282923743724824,222660,0.05309892577377462,222284,0.05311136859323884,0.22278218297287822,20.52392578125,16,16,2048,0.317089049029164,0.877,0.3328292400956154,0.3361882308963686,234752,235146,"[0.904, 0.964, 0.704, 0.863, 0.881, 0.961, 0.612, 0.956, 0.972, 0.953]","[0.9101338432122371, 0.9798464491362764, 0.7300930713547052, 0.8805970149253731, 0.9090009891196835, 0.9621513944223108, 0.6565260058881256, 0.9592901878914405, 0.9548192771084337, 0.9479882237487733]",batch,both
FashionMNIST,small,42,10,all,all,weight_fisher,loss_aware,,0.05,1,0.8985,0.8903,0.28688208436965945,0.3139460069537163,222660,0.05309892577377462,222284,0.05311136859323884,0.22278218297287822,20.52392578125,16,16,2048,0.32179617299698293,0.8903,0.31394600977301595,0.32511137798428535,234752,235146,"[0.829, 0.972, 0.803, 0.911, 0.835, 0.957, 0.705, 0.967, 0.975, 0.949]","[0.8432122370936902, 0.980806142034549, 0.8200620475698035, 0.9371002132196162, 0.8595450049455984, 0.953187250996016, 0.7124631992149166, 0.9697286012526096, 0.963855421686747, 0.9499509322865555]",batch,both
FashionMNIST,small,42,10,all,all,weight_fisher,loss_aware,,0.05,3,0.8987,0.8936,0.2840219841003418,0.3107563470840454,222660,0.05309892577377462,222284,0.05311136859323884,0.22278218297287822,20.52392578125,16,16,2048,0.31758896994870156,0.8936,0.31075635071992874,0.33778351603541523,234752,235146,"[0.837, 0.976, 0.809, 0.918, 0.817, 0.961, 0.714, 0.961, 0.978, 0.965]","[0.8413001912045889, 0.9836852207293666, 0.81282316442606, 0.9445628997867804, 0.8466864490603363, 0.9561752988047809, 0.7212953876349362, 0.9665970772442589, 0.964859437751004, 0.9538763493621197]",batch,both
FashionMNIST,small,42,10,all,all,weight_fisher,loss_aware,,0.05,5,0.9003,0.8936,0.28406435470581054,0.31108433487415316,222660,0.05309892577377462,222284,0.05311136859323884,0.22278218297287822,20.52392578125,16,16,2048,0.3240096280351281,0.8936,0.31108433487415316,0.3640784529270604,234752,235146,"[0.84, 0.973, 0.812, 0.911, 0.825, 0.965, 0.713, 0.955, 0.977, 0.965]","[0.8527724665391969, 0.9836852207293666, 0.8221302998965874, 0.9434968017057569, 0.8536102868447082, 0.9621513944223108, 0.7105004906771345, 0.9551148225469729, 0.9658634538152611, 0.957801766437684]",batch,both
FashionMNIST,small,42,10,all,all,weight_fisher,loss_aware,,0.1,0,0.8867,0.8758,0.30696379804611207,0.3365621852993965,209417,0.10941712808212767,209060,0.10944315703380592,0.22278218297287822,20.52392578125,16,16,2048,0.3229830650379881,0.8758,0.3365621845364571,0.3332978250691667,234752,235146,"[0.907, 0.964, 0.71, 0.855, 0.88, 0.963, 0.601, 0.956, 0.969, 0.953]","[0.9130019120458891, 0.9798464491362764, 0.7300930713547052, 0.8678038379530917, 0.9090009891196835, 0.9611553784860558, 0.6408243375858685, 0.9592901878914405, 0.9528112449799196, 0.9479882237487733]",batch,both
FashionMNIST,small,42,10,all,all,weight_fisher,loss_aware,,0.1,1,0.8975,0.8915,0.2874637016296387,0.3122205136537552,209417,0.10941712808212767,209060,0.10944315703380592,0.22278218297287822,20.52392578125,16,16,2048,0.35124064900446683,0.8915,0.312220513933897,0.3331248259637505,234752,235146,"[0.832, 0.977, 0.838, 0.915, 0.811, 0.959, 0.69, 0.956, 0.976, 0.961]","[0.8479923518164436, 0.980806142034549, 0.8428128231644261, 0.9392324093816631, 0.8417408506429278, 0.9551792828685259, 0.6928361138370952, 0.9634655532359081, 0.9628514056224899, 0.9538763493621197]",batch,both
FashionMNIST,small,42,10,all,all,weight_fisher,loss_aware,,0.1,3,0.8989,0.8936,0.28610544805526733,0.3131625097334385,209417,0.10941712808212767,209060,0.10944315703380592,0.22278218297287822,20.52392578125,16,16,2048,0.3325728370109573,0.8936,0.31316251429915426,0.32796067593153566,234752,235146,"[0.837, 0.977, 0.806, 0.905, 0.835, 0.96, 0.72, 0.966, 0.976, 0.954]","[0.8432122370936902, 0.982725527831094, 0.811789038262668, 0.9349680170575693, 0.8526211671612265, 0.954183266932271, 0.7301275760549558, 0.9676409185803758, 0.963855421686747, 0.9519136408243376]",batch,both
FashionMNIST,small,42,10,all,all,weight_fisher,loss_aware,,0.1,5,0.8997,0.892,0.2843528489112854,0.31208705378174784,209417,0.10941712808212767,209060,0.10944315703380592,0.22278218297287822,20.52392578125,16,16,2048,0.3263454610714689,0.892,0.3120870535969734,0.3269685560371727,234752,235146,"[0.82, 0.976, 0.786, 0.91, 0.839, 0.967, 0.726, 0.965, 0.975, 0.956]","[0.8307839388145315, 0.9817658349328215, 0.8024819027921406, 0.9371002132196162, 0.8664688427299704, 0.9691235059760956, 0.7389597644749755, 0.9561586638830898, 0.9658634538152611, 0.9519136408243376]",batch,both
FashionMNIST,small,42,10,all,all,weight_fisher,loss_aware,,0.2,0,0.8834,0.8717,0.3205475796699524,0.3476582321405411,183183,0.2209818580796612,182865,0.22102900081788446,0.22278218297287822,20.52392578125,16,16,2048,0.32102814596146345,0.8717,0.3476582329273224,0.34818104398436844,234752,235146,"[0.909, 0.968, 0.695, 0.841, 0.874, 0.966, 0.6, 0.95, 0.964, 0.95]","[0.9168260038240917, 0.9779270633397313, 0.7166494312306101, 0.8550106609808102, 0.9020771513353115, 0.9721115537848606, 0.6437684003925417, 0.9498956158663883, 0.9477911646586346, 0.9450441609421001]",batch,both
FashionMNIST,small,42,10,all,all,weight_fisher,loss_aware,,0.2,1,0.8971,0.8882,0.28612151288986204,0.3112458311855793,183183,0.2209818580796612,182865,0.22102900081788446,0.22278218297287822,20.52392578125,16,16,2048,0.33899045002181083,0.8882,0.3112458312392235,0.34273456293158233,234752,235146,"[0.825, 0.973, 0.823, 0.91, 0.808, 0.959, 0.696, 0.968, 0.972, 0.948]","[0.8403441682600382, 0.9798464491362764, 0.8324715615305067, 0.9392324093816631, 0.837784371909001, 0.9571713147410359, 0.7134445534838076, 0.9697286012526096, 0.9618473895582329, 0.9450441609421001]",batch,both
FashionMNIST,small,42,10,all,all,weight_fisher,loss_aware,,0.2,3,0.8987,0.8933,0.28438459186553955,0.3120071612536907,183183,0.2209818580796612,182865,0.22102900081788446,0.22278218297287822,20.52392578125,16,16,2048,0.31879037502221763,0.8933,0.31200715880990026,0.3278545020148158,234752,235146,"[0.84, 0.974, 0.815, 0.895, 0.837, 0.965, 0.716, 0.957, 0.975, 0.959]","[0.8460803059273423, 0.982725527831094, 0.827300930713547, 0.9147121535181236, 0.8526211671612265, 0.9641434262948207, 0.7232580961727183, 0.9603340292275574, 0.963855421686747, 0.9548577036310107]",batch,both
FashionMNIST,small,42,10,all,all,weight_fisher,loss_aware,,0.2,5,0.8993,0.8929,0.2838793991088867,0.3120951625525951,183183,0.2209818580796612,182865,0.22102900081788446,0.22278218297287822,20.52392578125,16,16,2048,0.3262736259493977,0.8929,0.3120951682507992,0.3197189290076494,234752,235146,"[0.86, 0.973, 0.811, 0.906, 0.833, 0.966, 0.688, 0.964, 0.975, 0.953]","[0.872848948374761, 0.9817658349328215, 0.8179937952430196, 0.9285714285714286, 0.8555885262116716, 0.9641434262948207, 0.7026496565260059, 0.9582463465553236, 0.963855421686747, 0.9499509322865555]",batch,both
FashionMNIST,small,42,10,all,all,weight_fisher,loss_aware,,0.3,0,0.8805,0.8673,0.34007060527801514,0.36752929952144625,158500,0.32595068595680976,158220,0.3260121319520175,0.22278218297287822,20.52392578125,16,16,2048,0.31822352507151663,0.8673,0.3675293018102646,0.31948030495550483,234752,235146,"[0.896, 0.962, 0.71, 0.834, 0.858, 0.974, 0.601, 0.936, 0.959, 0.943]","[0.9149139579349904, 0.972168905950096, 0.7373319544984488, 0.8507462686567164, 0.8941641938674579, 0.9721115537848606, 0.6418056918547596, 0.9446764091858038, 0.9387550200803213, 0.9322865554465162]",batch,both
FashionMNIST,small,42,10,all,all,weight_fisher,loss_aware,,0.3,1,0.8965,0.8877,0.2898085042953491,0.3145763614296913,158500,0.32595068595680976,158220,0.3260121319520175,0.22278218297287822,20.52392578125,16,16,2048,0.3378024030243978,0.8877,0.3145763683259487,0.3504535590764135,234752,235146,"[0.838, 0.975, 0.808, 0.901, 0.818, 0.961, 0.687, 0.966, 0.974, 0.949]","[0.858508604206501, 0.9817658349328215, 0.8148914167528438, 0.9339019189765458, 0.8437190900098912, 0.951195219123506, 0.7075564278704612, 0.9697286012526096, 0.964859437751004, 0.943081452404318]",batch,both
FashionMNIST,small,42,10,all,all,weight_fisher,loss_aware,,0.3,3,0.898,0.8897,0.2843863938331604,0.3130307035267353,158500,0.32595068595680976,158220,0.3260121319520175,0.22278218297287822,20.52392578125,16,16,2048,0.33857911394443363,0.8897,0.31303069785237314,0.3294679030077532,234752,235146,"[0.845, 0.972, 0.813, 0.903, 0.817, 0.966, 0.693, 0.948, 0.976, 0.964]","[0.8527724665391969, 0.982725527831094, 0.8231644260599793, 0.9317697228144989, 0.8456973293768546, 0.9561752988047809, 0.7124631992149166, 0.9582463465553236, 0.964859437751004, 0.9558390578999019]",batch,both
FashionMNIST,small,42,10,all,all,weight_fisher,loss_aware,,0.3,5,0.8982,0.8928,0.28441896600723265,0.31157593878507617,158500,0.32595068595680976,158220,0.3260121319520175,0.22278218297287822,20.52392578125,16,16,2048,0.34828119294252247,0.8928,0.31157593764662744,0.36291631893254817,234752,235146,"[0.859, 0.976, 0.805, 0.907, 0.852, 0.962, 0.672, 0.957, 0.976, 0.962]","[0.864244741873805, 0.9856046065259118, 0.8179937952430196, 0.9307036247334755, 0.8625123639960435, 0.953187250996016, 0.6879293424926398, 0.9624217118997912, 0.9668674698795181, 0.9538763493621197]",batch,both
FashionMNIST,small,42,10,all,all,weight_fisher,loss_aware,,0.4,0,0.8739,0.8597,0.388772350692749,0.40869666283130646,133605,0.43182108137072284,133364,0.4318940839694656,0.22278218297287822,20.52392578125,16,16,2048,0.32785827992483974,0.8597,0.40869666330814364,0.33615498000290245,234752,235146,"[0.869, 0.956, 0.668, 0.837, 0.853, 0.976, 0.648, 0.923, 0.925, 0.942]","[0.8891013384321224, 0.9616122840690979, 0.6990692864529473, 0.8571428571428571, 0.8902077151335311, 0.9661354581673307, 0.6840039254170756, 0.930062630480167, 0.9146586345381527, 0.9401373895976447]",batch,both
FashionMNIST,small,42,10,all,all,weight_fisher,loss_aware,,0.4,1,0.8939,0.8849,0.2974072459220886,0.3199568798840046,133605,0.43182108137072284,133364,0.4318940839694656,0.22278218297287822,20.52392578125,16,16,2048,0.32085445697885007,0.8849,0.3199568772137165,0.3448591430205852,234752,235146,"[0.828, 0.973, 0.81, 0.897, 0.831, 0.954, 0.667, 0.96, 0.973, 0.956]","[0.8479923518164436, 0.9788867562380038, 0.8169596690796277, 0.9307036247334755, 0.8605341246290801, 0.9422310756972112, 0.6859666339548577, 0.9676409185803758, 0.964859437751004, 0.9479882237487733]",batch,both
FashionMNIST,small,42,10,all,all,weight_fisher,loss_aware,,0.4,3,0.898,0.8902,0.2875837001800537,0.3117020976960659,133605,0.43182108137072284,133364,0.4318940839694656,0.22278218297287822,20.52392578125,16,16,2048,0.31102840695530176,0.8902,0.3117020930349827,0.34687039093114436,234752,235146,"[0.843, 0.973, 0.827, 0.901, 0.828, 0.969, 0.676, 0.953, 0.974, 0.958]","[0.8565965583173997, 0.980806142034549, 0.8366080661840745, 0.929637526652452, 0.8456973293768546, 0.9601593625498008, 0.6997055937193327, 0.9592901878914405, 0.9678714859437751, 0.9479882237487733]",batch,both
FashionMNIST,small,42,10,all,all,weight_fisher,loss_aware,,0.4,5,0.8981,0.8892,0.2910071473121643,0.3126575842857361,133605,0.43182108137072284,133364,0.4318940839694656,0.22278218297287822,20.52392578125,16,16,2048,0.3232919689035043,0.8892,0.31265758680701256,0.34078808303456753,234752,235146,"[0.826, 0.976, 0.806, 0.909, 0.837, 0.96, 0.685, 0.963, 0.972, 0.958]","[0.8374760994263862, 0.982725527831094, 0.8231644260599793, 0.9381663113006397, 0.8536102868447082, 0.9551792828685259, 0.7163886162904809, 0.965553235908142, 0.963855421686747, 0.9499509322865555]",batch,both
FashionMNIST,small,42,10,all,all,weight_fisher,loss_aware,,0.5,0,0.8592,0.8482,0.5038189693450927,0.5203743518352508,109386,0.5348166670919343,109184,0.534896401308615,0.22278218297287822,20.52392578125,16,16,2048,0.34492905996739864,0.8482,0.5203743538379669,0.3336281490046531,234752,235146,"[0.823, 0.949, 0.618, 0.807, 0.859, 0.97, 0.705, 0.916, 0.914, 0.921]","[0.8451242829827916, 0.95489443378119, 0.6463288521199586, 0.8176972281449894, 0.8961424332344213, 0.9571713147410359, 0.7173699705593719, 0.9206680584551148, 0.9016064257028112, 0.9254170755642787]",batch,both
FashionMNIST,small,42,10,all,all,weight_fisher,loss_aware,,0.5,1,0.8906,0.8831,0.3089816156387329,0.33030629069805145,109386,0.5348166670919343,109184,0.534896401308615,0.22278218297287822,20.52392578125,16,16,2048,0.33160537492949516,0.8831,0.33030629816055296,0.3474690760485828,234752,235146,"[0.846, 0.966, 0.821, 0.906, 0.804, 0.959, 0.652, 0.948, 0.973, 0.956]","[0.861376673040153, 0.9769673704414588, 0.8304033092037229, 0.9328358208955224, 0.837784371909001, 0.9482071713147411, 0.662414131501472, 0.9509394572025052, 0.9618473895582329, 0.9479882237487733]",batch,both
FashionMNIST,small,42,10,all,all,weight_fisher,loss_aware,,0.5,3,0.8958,0.8866,0.29348126249313355,0.31705656893253326,109386,0.5348166670919343,109184,0.534896401308615,0.22278218297287822,20.52392578125,16,16,2048,0.33470930298790336,0.8866,0.317056566119194,0.3430754370056093,234752,235146,"[0.86, 0.969, 0.818, 0.897, 0.813, 0.964, 0.661, 0.947, 0.975, 0.962]","[0.8804971319311663, 0.9798464491362764, 0.8304033092037229, 0.9232409381663113, 0.8447082096933729, 0.950199203187251, 0.6790971540726202, 0.9530271398747391, 0.9668674698795181, 0.9528949950932286]",batch,both
FashionMNIST,small,42,10,all,all,weight_fisher,loss_aware,,0.5,5,0.8954,0.8881,0.2914322332382202,0.3148358236610889,109386,0.5348166670919343,109184,0.534896401308615,0.22278218297287822,20.52392578125,16,16,2048,0.3253588849911466,0.8881,0.3148358319580555,0.32371850102208555,234752,235146,"[0.847, 0.967, 0.808, 0.908, 0.812, 0.964, 0.684, 0.959, 0.975, 0.957]","[0.8632887189292543, 0.9798464491362764, 0.8169596690796277, 0.9328358208955224, 0.8407517309594461, 0.950199203187251, 0.7026496565260059, 0.9603340292275574, 0.9618473895582329, 0.9489695780176644]",batch,both
FashionMNIST,small,42,10,all,all,weight_fisher,loss_aware,,0.7,0,0.665,0.6588,1.1929487985610963,1.201654723930359,63887,0.728309220654402,63761,0.7283899604689203,0.22278218297287822,20.52392578125,16,16,2048,0.3326672579860315,0.6588,1.2016547040939332,0.3390147170284763,234752,235146,"[0.668, 0.845, 0.461, 0.807, 0.862, 0.347, 0.676, 0.676, 0.315, 0.931]","[0.6596558317399618, 0.8445297504798465, 0.48500517063081694, 0.8294243070362474, 0.8921859545004945, 0.351593625498008, 0.6928361138370952, 0.662839248434238, 0.2961847389558233, 0.9244357212953876]",batch,both
FashionMNIST,small,42,10,all,all,weight_fisher,loss_aware,,0.7,1,0.8669,0.8565,0.40030983572006223,0.4183581765174866,63887,0.728309220654402,63761,0.7283899604689203,0.22278218297287822,20.52392578125,16,16,2048,0.31944260804448277,0.8565,0.41835817694664,0.3249793449649587,234752,235146,"[0.852, 0.96, 0.742, 0.886, 0.828, 0.938, 0.519, 0.922, 0.961, 0.957]","[0.864244741873805, 0.9683301343570058, 0.7714581178903827, 0.920042643923241, 0.8545994065281899, 0.9292828685258964, 0.549558390578999, 0.9133611691022965, 0.9497991967871486, 0.9509322865554465]",batch,both
FashionMNIST,small,42,10,all,all,weight_fisher,loss_aware,,0.7,3,0.8797,0.868,0.3409014176368713,0.36344732041358946,63887,0.728309220654402,63761,0.7283899604689203,0.22278218297287822,20.52392578125,16,16,2048,0.3341908749425784,0.868,0.36344731659889223,0.3295229780487716,234752,235146,"[0.836, 0.961, 0.767, 0.889, 0.83, 0.949, 0.595, 0.933, 0.97, 0.95]","[0.8546845124282982, 0.9731285988483686, 0.7942088934850051, 0.917910447761194, 0.8565776458951533, 0.9492031872509961, 0.6094210009813543, 0.9352818371607515, 0.9668674698795181, 0.943081452404318]",batch,both
FashionMNIST,small,42,10,all,all,weight_fisher,loss_aware,,0.7,5,0.8857,0.8741,0.3234199815750122,0.3479293867468834,63887,0.728309220654402,63761,0.7283899604689203,0.22278218297287822,20.52392578125,16,16,2048,0.39083881094120443,0.8741,0.34792938787937167,0.385946472059004,234752,235146,"[0.836, 0.966, 0.781, 0.895, 0.802, 0.947, 0.652, 0.938, 0.972, 0.952]","[0.8565965583173997, 0.9760076775431862, 0.8076525336091003, 0.9275053304904051, 0.8367952522255193, 0.9432270916334662, 0.6496565260058881, 0.9509394572025052, 0.9668674698795181, 0.9460255152109912]",batch,both
FashionMNIST,small,42,10,a1,layerwise,weight_fisher,loss_aware,,0.05,0,0.8898,0.8778,0.3020789041519165,0.33182161462306975,224190,0.04659232987165418,223808,0.04661941112322787,0.22278218297287822,20.52392578125,16,16,2048,0.33573085500393063,0.8778,0.3318216146349907,0.3382243480300531,234752,235146,"[0.904, 0.967, 0.706, 0.865, 0.879, 0.96, 0.616, 0.956, 0.972, 0.953]","[0.9091778202676865, 0.9798464491362764, 0.734229576008273, 0.8816631130063965, 0.9070227497527201, 0.9621513944223108, 0.6575073601570167, 0.9603340292275574, 0.9538152610441767, 0.9479882237487733]",batch,both
FashionMNIST,small,42,10,a1,layerwise,weight_fisher,loss_aware,,0.05,1,0.897,0.8908,0.2847127876281738,0.3114725273668766,224190,0.04659232987165418,223808,0.04661941112322787,0.22278218297287822,20.52392578125,16,16,2048,0.34137224091682583,0.8908,0.31147252330183983,0.3505765669979155,234752,235146,"[0.85, 0.976, 0.809, 0.908, 0.818, 0.959, 0.699, 0.956, 0.976, 0.957]","[0.858508604206501, 0.9817658349328215, 0.81282316442606, 0.9339019189765458, 0.8456973293768546, 0.9601593625498008, 0.703631010794897, 0.9613778705636743, 0.9628514056224899, 0.9528949950932286]",batch,both
FashionMNIST,small,42,10,a1,layerwise,weight_fisher,loss_aware,,0.05,3,0.8987,0.8921,0.288345916557312,0.31466961416602135,224190,0.04659232987165418,223808,0.04661941112322787,0.22278218297287822,20.52392578125,16,16,2048,0.3390955829527229,0.8921,0.3146696125328541,0.3310735609848052,234752,235146,"[0.82, 0.975, 0.793, 0.911, 0.842, 0.965, 0.725, 0.966, 0.974, 0.95]","[0.8298279158699808, 0.9817658349328215, 0.7983453981385729, 0.9360341151385928, 0.8635014836795252, 0.9631474103585658, 0.7379784102060843, 0.9676409185803758, 0.9658634538152611, 0.9470068694798822]",batch,both
FashionMNIST,small,42,10,a1,layerwise,weight_fisher,loss_aware,,0.05,5,0.9017,0.8954,0.2859266134262085,0.3133930970549583,224190,0.04659232987165418,223808,0.04661941112322787,0.22278218297287822,20.52392578125,16,16,2048,0.32510074600577354,0.8954,0.3133930949509144,0.3616194820497185,234752,235146,"[0.839, 0.977, 0.822, 0.916, 0.829, 0.962, 0.714, 0.97, 0.976, 0.949]","[0.8479923518164436, 0.9846449136276392, 0.8293691830403309, 0.9381663113006397, 0.8506429277942631, 0.9631474103585658, 0.7212953876349362, 0.9718162839248434, 0.964859437751004, 0.9499509322865555]",batch,both
FashionMNIST,small,42,10,a1,layerwise,weight_fisher,loss_aware,,0.1,0,0.8892,0.878,0.30204337320327757,0.3313812606215477,212321,0.09706735389927956,211952,0.09712377317339149,0.22278218297287822,20.52392578125,16,16,2048,0.3212173980427906,0.878,0.3313812598347664,0.3243188438937068,234752,235146,"[0.904, 0.968, 0.708, 0.865, 0.877, 0.961, 0.616, 0.956, 0.972, 0.953]","[0.9101338432122371, 0.9798464491362764, 0.7321613236814891, 0.8816631130063965, 0.9060336300692384, 0.9601593625498008, 0.6555446516192346, 0.9603340292275574, 0.9538152610441767, 0.9479882237487733]",batch,both
FashionMNIST,small,42,10,a1,layerwise,weight_fisher,loss_aware,,0.1,1,0.898,0.8908,0.2870816343307495,0.312703705149889,212321,0.09706735389927956,211952,0.09712377317339149,0.22278218297287822,20.52392578125,16,16,2048,0.32295658497605473,0.8908,0.3127037062764168,0.32930223003495485,234752,235146,"[0.85, 0.977, 0.823, 0.908, 0.82, 0.956, 0.686, 0.965, 0.974, 0.949]","[0.8671128107074569, 0.9836852207293666, 0.8293691830403309, 0.9349680170575693, 0.8437190900098912, 0.954183266932271, 0.6889106967615309, 0.9686847599164927, 0.9628514056224899, 0.9509322865554465]",batch,both
FashionMNIST,small,42,10,a1,layerwise,weight_fisher,loss_aware,,0.1,3,0.899,0.8913,0.28386719331741334,0.3106826472878456,212321,0.09706735389927956,211952,0.09712377317339149,0.22278218297287822,20.52392578125,16,16,2048,0.3340612939791754,0.8913,0.31068264843821525,0.34733132692053914,234752,235146,"[0.835, 0.973, 0.797, 0.909, 0.826, 0.963, 0.722, 0.956, 0.974, 0.958]","[0.8422562141491395, 0.9836852207293666, 0.811789038262668, 0.9317697228144989, 0.8496538081107814, 0.9661354581673307, 0.7301275760549558, 0.9624217118997912, 0.9628514056224899, 0.9528949950932286]",batch,both
FashionMNIST,small,42,10,a1,layerwise,weight_fisher,loss_aware,,0.1,5,0.9008,0.8946,0.28492972707748415,0.31121164805293083,212321,0.09706735389927956,211952,0.09712377317339149,0.22278218297287822,20.52392578125,16,16,2048,0.3282359519507736,0.8946,0.3112116476893425,0.3431016029790044,234752,235146,"[0.856, 0.973, 0.806, 0.917, 0.839, 0.959, 0.697, 0.968, 0.975, 0.956]","[0.8709369024856597, 0.982725527831094, 0.8190279214064116, 0.9392324093816631, 0.8536102868447082, 0.952191235059761, 0.7026496565260059, 0.9697286012526096, 0.9678714859437751, 0.9538763493621197]",batch,both
FashionMNIST,small,42,10,a1,layerwise,weight_fisher,loss_aware,,0.2,0,0.8884,0.8763,0.3069830346107483,0.33458016412258146,188583,0.19801740195453033,188240,0.19813249727371862,0.22278218297287822,20.52392578125,16,16,2048,0.35092381096910685,0.8763,0.3345801653146744,0.35045747400727123,234752,235146,"[0.907, 0.971, 0.701, 0.863, 0.869, 0.963, 0.613, 0.957, 0.969, 0.95]","[0.9130019120458891, 0.980806142034549, 0.734229576008273, 0.8805970149253731, 0.8981206726013847, 0.9621513944223108, 0.6545632973503435, 0.9603340292275574, 0.9508032128514057, 0.9450441609421001]",batch,both
FashionMNIST,small,42,10,a1,layerwise,weight_fisher,loss_aware,,0.2,1,0.8978,0.8907,0.2859067487716675,0.3120547005534172,188583,0.19801740195453033,188240,0.19813249727371862,0.22278218297287822,20.52392578125,16,16,2048,0.3220839120913297,0.8907,0.3120547061741352,0.3470695560099557,234752,235146,"[0.84, 0.975, 0.83, 0.903, 0.809, 0.963, 0.7, 0.97, 0.973, 0.944]","[0.8575525812619503, 0.9836852207293666, 0.8304033092037229, 0.9285714285714286, 0.8348170128585559, 0.9571713147410359, 0.7154072620215898, 0.9697286012526096, 0.9628514056224899, 0.9421000981354269]",batch,both
FashionMNIST,small,42,10,a1,layerwise,weight_fisher,loss_aware,,0.2,3,0.8989,0.8938,0.28506624546051024,0.30986560537815094,188583,0.19801740195453033,188240,0.19813249727371862,0.22278218297287822,20.52392578125,16,16,2048,0.32453692401759326,0.8938,0.30986560499072074,0.3588998760096729,234752,235146,"[0.863, 0.974, 0.818, 0.908, 0.818, 0.966, 0.705, 0.956, 0.973, 0.957]","[0.8718929254302104, 0.982725527831094, 0.8221302998965874, 0.9307036247334755, 0.8407517309594461, 0.9611553784860558, 0.7075564278704612, 0.9582463465553236, 0.963855421686747, 0.9528949950932286]",batch,both
FashionMNIST,small,42,10,a1,layerwise,weight_fisher,loss_aware,,0.2,5,0.9001,0.8934,0.28400563106536864,0.30881586641669273,188583,0.19801740195453033,188240,0.19813249727371862,0.22278218297287822,20.52392578125,16,16,2048,0.32344183209352195,0.8934,0.3088158588886261,0.32798833900596946,234752,235146,"[0.832, 0.973, 0.812, 0.917, 0.82, 0.964, 0.723, 0.96, 0.976, 0.957]","[0.8432122370936902, 0.9846449136276392, 0.8252326783867632, 0.94136460554371, 0.8447082096933729, 0.9651394422310757, 0.7212953876349362, 0.964509394572025, 0.963855421686747, 0.9519136408243376]",batch,both
FashionMNIST,small,42,10,a1,layerwise,weight_fisher,loss_aware,,0.3,0,0.8858,0.8738,0.3109633038520813,0.3398605129957199,165758,0.29508475585381,165440,0.2952562704471101,0.22278218297287822,20.52392578125,16,16,2048,0.32488936802838,0.8738,0.339860515666008,0.33310126489959657,234752,235146,"[0.904, 0.966, 0.703, 0.863, 0.865, 0.97, 0.609, 0.949, 0.962, 0.947]","[0.9130019120458891, 0.980806142034549, 0.7321613236814891, 0.8773987206823027, 0.8951533135509396, 0.9701195219123506, 0.6467124631992149, 0.9519832985386222, 0.9467871485943775, 0.9391560353287537]",batch,both
FashionMNIST,small,42,10,a1,layerwise,weight_fisher,loss_aware,,0.3,1,0.8973,0.8912,0.2849583378791809,0.3122001794874668,165758,0.29508475585381,165440,0.2952562704471101,0.22278218297287822,20.52392578125,16,16,2048,0.33571141900029033,0.8912,0.312200186163187,0.3471328370505944,234752,235146,"[0.875, 0.974, 0.811, 0.905, 0.84, 0.959, 0.658, 0.959, 0.97, 0.961]","[0.8766730401529637, 0.9836852207293666, 0.8241985522233712, 0.9381663113006397, 0.8595450049455984, 0.9492031872509961, 0.6673209028459274, 0.9665970772442589, 0.9618473895582329, 0.9499509322865555]",batch,both
FashionMNIST,small,42,10,a1,layerwise,weight_fisher,loss_aware,,0.3,3,0.8968,0.8923,0.2852773992538452,0.31077042207121847,165758,0.29508475585381,165440,0.2952562704471101,0.22278218297287822,20.52392578125,16,16,2048,0.3384015329647809,0.8923,0.31077042278051376,0.33883130201138556,234752,235146,"[0.842, 0.971, 0.828, 0.906, 0.815, 0.965, 0.707, 0.965, 0.974, 0.95]","[0.8499043977055449, 0.982725527831094, 0.8345398138572906, 0.9307036247334755, 0.8308605341246291, 0.9631474103585658, 0.704612365063788, 0.965553235908142, 0.9618473895582329, 0.9489695780176644]",batch,both
FashionMNIST,small,42,10,a1,layerwise,weight_fisher,loss_aware,,0.3,5,0.8999,0.8946,0.2828948574066162,0.3094963980197907,165758,0.29508475585381,165440,0.2952562704471101,0.22278218297287822,20.52392578125,16,16,2048,0.31717932398896664,0.8946,0.30949639909267423,0.3237384289968759,234752,235146,"[0.853, 0.974, 0.806, 0.911, 0.833, 0.962, 0.71, 0.961, 0.975, 0.961]","[0.8537284894837476, 0.9856046065259118, 0.81282316442606, 0.9371002132196162, 0.8585558852621167, 0.9611553784860558, 0.7154072620215898, 0.9624217118997912, 0.963855421686747, 0.9519136408243376]",batch,both
FashionMNIST,small,42,10,a1,layerwise,weight_fisher,loss_aware,,0.4,0,0.8816,0.8697,0.32688990421295167,0.35062107038497925,142020,0.39603480390906076,141728,0.39626499454743724,0.22278218297287822,20.52392578125,16,16,2048,0.3155164789641276,0.8697,0.3506210701942444,0.3345923039596528,234752,235146,"[0.894, 0.963, 0.692, 0.865, 0.868, 0.971, 0.613, 0.934, 0.951, 0.946]","[0.9120458891013384, 0.9750479846449136, 0.7125129265770423, 0.8773987206823027, 0.8931750741839762, 0.9701195219123506, 0.6516192345436702, 0.941544885177453, 0.9397590361445783, 0.9371933267909716]",batch,both
FashionMNIST,small,42,10,a1,layerwise,weight_fisher,loss_aware,,0.4,1,0.8953,0.889,0.29060528392791746,0.31216540786623953,142020,0.39603480390906076,141728,0.39626499454743724,0.22278218297287822,20.52392578125,16,16,2048,0.31965733296237886,0.889,0.3121654099166393,0.32633498904760927,234752,235146,"[0.846, 0.973, 0.837, 0.906, 0.807, 0.957, 0.677, 0.97, 0.971, 0.946]","[0.8537284894837476, 0.9836852207293666, 0.843846949327818, 0.9381663113006397, 0.8318496538081108, 0.951195219123506, 0.6790971540726202, 0.9718162839248434, 0.9628514056224899, 0.943081452404318]",batch,both
FashionMNIST,small,42,10,a1,layerwise,weight_fisher,loss_aware,,0.4,3,0.8981,0.8922,0.287973624420166,0.3096890332221985,142020,0.39603480390906076,141728,0.39626499454743724,0.22278218297287822,20.52392578125,16,16,2048,0.3138115560868755,0.8922,0.30968903141617776,0.3453712098998949,234752,235146,"[0.872, 0.972, 0.823, 0.905, 0.838, 0.964, 0.658, 0.96, 0.974, 0.956]","[0.872848948374761, 0.982725527831094, 0.8314374353671148, 0.9221748400852878, 0.8615232443125618, 0.9621513944223108, 0.677134445534838, 0.9624217118997912, 0.963855421686747, 0.9479882237487733]",batch,both
FashionMNIST,small,42,10,a1,layerwise,weight_fisher,loss_aware,,0.4,5,0.8966,0.8931,0.28609599714279177,0.30865603455901147,142020,0.39603480390906076,141728,0.39626499454743724,0.22278218297287822,20.52392578125,16,16,2048,0.3366609390359372,0.8931,0.30865603294372557,0.32924559607636184,234752,235146,"[0.86, 0.974, 0.834, 0.913, 0.812, 0.959, 0.685, 0.968, 0.973, 0.953]","[0.869980879541109, 0.9817658349328215, 0.8324715615305067, 0.9339019189765458, 0.837784371909001, 0.953187250996016, 0.6849852796859667, 0.9634655532359081, 0.9618473895582329, 0.9509322865554465]",batch,both
FashionMNIST,small,42,10,a1,layerwise,weight_fisher,loss_aware,,0.5,0,0.8764,0.865,0.34961912183761595,0.37171799166202546,118282,0.4969848519643115,118016,0.4972737186477645,0.22278218297287822,20.52392578125,16,16,2048,0.33297482994385064,0.865,0.3717179983854294,0.34266386495437473,234752,235146,"[0.9, 0.958, 0.703, 0.863, 0.857, 0.976, 0.595, 0.927, 0.947, 0.924]","[0.9120458891013384, 0.9683301343570058, 0.7238883143743536, 0.8784648187633263, 0.887240356083086, 0.9721115537848606, 0.6368989205103042, 0.9290187891440501, 0.9307228915662651, 0.9205103042198234]",batch,both
FashionMNIST,small,42,10,a1,layerwise,weight_fisher,loss_aware,,0.5,1,0.893,0.8872,0.295273618888855,0.3160170963525772,118282,0.4969848519643115,118016,0.4972737186477645,0.22278218297287822,20.52392578125,16,16,2048,0.35402591701131314,0.8872,0.3160170983970165,0.3550945649622008,234752,235146,"[0.846, 0.969, 0.821, 0.911, 0.808, 0.96, 0.676, 0.965, 0.97, 0.946]","[0.8575525812619503, 0.9788867562380038, 0.8200620475698035, 0.9360341151385928, 0.8348170128585559, 0.9551792828685259, 0.6879293424926398, 0.965553235908142, 0.9598393574297188, 0.9391560353287537]",batch,both
FashionMNIST,small,42,10,a1,layerwise,weight_fisher,loss_aware,,0.5,3,0.8957,0.8896,0.28849645109176636,0.3125982567548752,118282,0.4969848519643115,118016,0.4972737186477645,0.22278218297287822,20.52392578125,16,16,2048,0.32655732799321413,0.8896,0.31259825303554534,0.3266804279992357,234752,235146,"[0.85, 0.973, 0.81, 0.899, 0.835, 0.962, 0.676, 0.962, 0.973, 0.956]","[0.8623326959847036, 0.980806142034549, 0.8148914167528438, 0.9243070362473348, 0.8516320474777448, 0.9581673306772909, 0.6957801766437685, 0.9613778705636743, 0.9658634538152611, 0.9450441609421001]",batch,both
FashionMNIST,small,42,10,a1,layerwise,weight_fisher,loss_aware,,0.5,5,0.8971,0.8904,0.28921084089279175,0.31049145764112474,118282,0.4969848519643115,118016,0.4972737186477645,0.22278218297287822,20.52392578125,16,16,2048,0.3189801130210981,0.8904,0.31049145475625994,0.3375668820226565,234752,235146,"[0.863, 0.973, 0.813, 0.908, 0.829, 0.967, 0.671, 0.947, 0.97, 0.963]","[0.8661567877629063, 0.9817658349328215, 0.8221302998965874, 0.9285714285714286, 0.8536102868447082, 0.9621513944223108, 0.6947988223748773, 0.9519832985386222, 0.9578313253012049, 0.9548577036310107]",batch,both
FashionMNIST,small,42,10,a1,layerwise,weight_fisher,loss_aware,,0.7,0,0.8223,0.8128,0.5806226940155029,0.5994751048088074,71719,0.6950022539188419,71504,0.6954062159214831,0.22278218297287822,20.52392578125,16,16,2048,0.32782043796032667,0.8128,0.5994751079082489,0.3195787590229884,234752,235146,"[0.845, 0.955, 0.664, 0.859, 0.865, 0.927, 0.604, 0.825, 0.661, 0.923]","[0.8508604206500956, 0.9616122840690979, 0.688728024819028, 0.8805970149253731, 0.8941641938674579, 0.9292828685258964, 0.6162904808635917, 0.7985386221294363, 0.6666666666666666, 0.9273797841020608]",batch,both
FashionMNIST,small,42,10,a1,layerwise,weight_fisher,loss_aware,,0.7,1,0.8867,0.8793,0.3176978097915649,0.33958568563461305,71719,0.6950022539188419,71504,0.6954062159214831,0.22278218297287822,20.52392578125,16,16,2048,0.3436716770520434,0.8793,0.3395856849908829,0.33248794404789805,234752,235146,"[0.824, 0.961, 0.809, 0.907, 0.819, 0.95, 0.659, 0.954, 0.965, 0.945]","[0.8460803059273423, 0.972168905950096, 0.8169596690796277, 0.9339019189765458, 0.837784371909001, 0.9462151394422311, 0.6683022571148185, 0.9519832985386222, 0.9608433734939759, 0.9381746810598626]",batch,both
FashionMNIST,small,42,10,a1,layerwise,weight_fisher,loss_aware,,0.7,3,0.8888,0.8835,0.30487764320373534,0.3283448390960693,71719,0.6950022539188419,71504,0.6954062159214831,0.22278218297287822,20.52392578125,16,16,2048,0.3225764229428023,0.8835,0.3283448414325714,0.3279669749317691,234752,235146,"[0.844, 0.964, 0.808, 0.902, 0.825, 0.955, 0.667, 0.943, 0.97, 0.957]","[0.8518164435946463, 0.974088291746641, 0.81282316442606, 0.9285714285714286, 0.8486646884272997, 0.9482071713147411, 0.6633954857703631, 0.9478079331941545, 0.964859437751004, 0.9519136408243376]",batch,both
FashionMNIST,small,42,10,a1,layerwise,weight_fisher,loss_aware,,0.7,5,0.8917,0.8857,0.30227677536010744,0.3248936585664749,71719,0.6950022539188419,71504,0.6954062159214831,0.22278218297287822,20.52392578125,16,16,2048,0.3312837779521942,0.8857,0.3248936632871628,0.33633432898204774,234752,235146,"[0.836, 0.967, 0.817, 0.9, 0.83, 0.955, 0.666, 0.96, 0.974, 0.952]","[0.847036328871893, 0.9760076775431862, 0.8221302998965874, 0.9307036247334755, 0.8555885262116716, 0.951195219123506, 0.6673209028459274, 0.9624217118997912, 0.9658634538152611, 0.9440628066732091]",batch,both
FashionMNIST,small,42,10,a2,layerwise,weight_fisher,loss_aware,,0.05,0,0.8897,0.8773,0.30301248874664305,0.33275936181545257,233544,0.006812788650455426,233156,0.006798664122137366,0.22278218297287822,20.52392578125,16,16,2048,0.3362110430607572,0.8773,0.3327593608736992,0.3385864809388295,234752,235146,"[0.904, 0.966, 0.704, 0.863, 0.882, 0.961, 0.612, 0.956, 0.972, 0.953]","[0.9101338432122371, 0.9798464491362764, 0.7300930713547052, 0.8805970149253731, 0.9099901088031652, 0.9621513944223108, 0.6565260058881256, 0.9603340292275574, 0.9548192771084337, 0.9479882237487733]",batch,both
FashionMNIST,small,42,10,a2,layerwise,weight_fisher,loss_aware,,0.05,1,0.8976,0.8926,0.2866667567253113,0.3132967266321182,233544,0.006812788650455426,233156,0.006798664122137366,0.22278218297287822,20.52392578125,16,16,2048,0.32162920001428574,0.8926,0.31329672835469247,0.3450040960451588,234752,235146,"[0.832, 0.976, 0.811, 0.919, 0.832, 0.961, 0.703, 0.957, 0.978, 0.957]","[0.8413001912045889, 0.9817658349328215, 0.8190279214064116, 0.9445628997867804, 0.8526211671612265, 0.9601593625498008, 0.6997055937193327, 0.9613778705636743, 0.9658634538152611, 0.9548577036310107]",batch,both
FashionMNIST,small,42,10,a2,layerwise,weight_fisher,loss_aware,,0.05,3,0.9002,0.8927,0.2856293948173523,0.31219922695159913,233544,0.006812788650455426,233156,0.006798664122137366,0.22278218297287822,20.52392578125,16,16,2048,0.33528375602327287,0.8927,0.31219923300147057,0.33058863796759397,234752,235146,"[0.834, 0.976, 0.813, 0.911, 0.825, 0.962, 0.713, 0.969, 0.976, 0.948]","[0.8432122370936902, 0.9846449136276392, 0.8169596690796277, 0.9371002132196162, 0.8496538081107814, 0.9591633466135459, 0.7271835132482827, 0.9718162839248434, 0.9668674698795181, 0.9499509322865555]",batch,both
FashionMNIST,small,42,10,a2,layerwise,weight_fisher,loss_aware,,0.05,5,0.9006,0.8914,0.2858483955383301,0.31485547837615013,233544,0.006812788650455426,233156,0.006798664122137366,0.22278218297287822,20.52392578125,16,16,2048,0.33043176296632737,0.8914,0.314855476808548,0.333361534983851,234752,235146,"[0.844, 0.974, 0.83, 0.911, 0.818, 0.964, 0.677, 0.96, 0.977, 0.959]","[0.858508604206501, 0.982725527831094, 0.8428128231644261, 0.9424307036247335, 0.8427299703264095, 0.9621513944223108, 0.6967615309126595, 0.965553235908142, 0.963855421686747, 0.9538763493621197]",batch,both
FashionMNIST,small,42,10,a2,layerwise,weight_fisher,loss_aware,,0.1,0,0.8875,0.8762,0.3067571283340454,0.3366833928823471,231942,0.013625577300910963,231560,0.013597328244274842,0.22278218297287822,20.52392578125,16,16,2048,0.32247835595626384,0.8762,0.3366833959102631,0.3278170230332762,234752,235146,"[0.906, 0.964, 0.709, 0.857, 0.883, 0.962, 0.602, 0.956, 0.97, 0.953]","[0.9120458891013384, 0.9798464491362764, 0.7311271975180972, 0.8688699360341151, 0.9119683481701286, 0.9641434262948207, 0.6418056918547596, 0.9592901878914405, 0.9528112449799196, 0.9479882237487733]",batch,both
FashionMNIST,small,42,10,a2,layerwise,weight_fisher,loss_aware,,0.1,1,0.8983,0.8915,0.28581692323684693,0.31220842562317846,231942,0.013625577300910963,231560,0.013597328244274842,0.22278218297287822,20.52392578125,16,16,2048,0.32410800794605166,0.8915,0.3122084217488766,0.3424165230244398,234752,235146,"[0.844, 0.972, 0.827, 0.911, 0.811, 0.962, 0.695, 0.967, 0.977, 0.949]","[0.8460803059273423, 0.980806142034549, 0.8314374353671148, 0.9381663113006397, 0.8427299703264095, 0.9611553784860558, 0.7085377821393523, 0.964509394572025, 0.9658634538152611, 0.9489695780176644]",batch,both
FashionMNIST,small,42,10,a2,layerwise,weight_fisher,loss_aware,,0.1,3,0.8995,0.8926,0.28425282154083253,0.31205519438385965,231942,0.013625577300910963,231560,0.013597328244274842,0.22278218297287822,20.52392578125,16,16,2048,0.359492838033475,0.8926,0.31205519203543663,0.33179308101534843,234752,235146,"[0.844, 0.976, 0.809, 0.91, 0.832, 0.964, 0.7, 0.96, 0.974, 0.957]","[0.8527724665391969, 0.9836852207293666, 0.8210961737331954, 0.9307036247334755, 0.8585558852621167, 0.9591633466135459, 0.7105004906771345, 0.964509394572025, 0.964859437751004, 0.9528949950932286]",batch,both
FashionMNIST,small,42,10,a2,layerwise,weight_fisher,loss_aware,,0.1,5,0.9009,0.8941,0.2830463570594788,0.31111160243153574,231942,0.013625577300910963,231560,0.013597328244274842,0.22278218297287822,20.52392578125,16,16,2048,0.33214528393000364,0.8941,0.31111160624623296,0.371009771944955,234752,235146,"[0.852, 0.975, 0.802, 0.908, 0.851, 0.964, 0.695, 0.966, 0.975, 0.953]","[0.8546845124282982, 0.9846449136276392, 0.8169596690796277, 0.9328358208955224, 0.8694362017804155, 0.9621513944223108, 0.7055937193326791, 0.9686847599164927, 0.9678714859437751, 0.9499509322865555]",batch,both
FashionMNIST,small,42,10,a2,layerwise,weight_fisher,loss_aware,,0.2,0,0.8849,0.8737,0.31345372438430785,0.34257736679315565,228471,0.028386619376897793,228102,0.028327767175572505,0.22278218297287822,20.52392578125,16,16,2048,0.33499707898590714,0.8737,0.34257736774683,0.3234640209702775,234752,235146,"[0.904, 0.968, 0.696, 0.844, 0.884, 0.964, 0.604, 0.95, 0.969, 0.954]","[0.9130019120458891, 0.9769673704414588, 0.7145811789038262, 0.8571428571428571, 0.913946587537092, 0.9671314741035857, 0.6467124631992149, 0.9509394572025052, 0.9508032128514057, 0.9509322865554465]",batch,both
FashionMNIST,small,42,10,a2,layerwise,weight_fisher,loss_aware,,0.2,1,0.8981,0.8899,0.28691316452026366,0.31421508840322493,228471,0.028386619376897793,228102,0.028327767175572505,0.22278218297287822,20.52392578125,16,16,2048,0.327473582001403,0.8899,0.31421508979797363,0.33484669600147754,234752,235146,"[0.845, 0.974, 0.824, 0.91, 0.822, 0.963, 0.665, 0.965, 0.977, 0.954]","[0.8632887189292543, 0.980806142034549, 0.8304033092037229, 0.9402985074626866, 0.8456973293768546, 0.9551792828685259, 0.6859666339548577, 0.9676409185803758, 0.9658634538152611, 0.9509322865554465]",batch,both
FashionMNIST,small,42,10,a2,layerwise,weight_fisher,loss_aware,,0.2,3,0.9003,0.8937,0.28400300693511965,0.3107125531613827,228471,0.028386619376897793,228102,0.028327767175572505,0.22278218297287822,20.52392578125,16,16,2048,0.32306271500419825,0.8937,0.3107125523030758,0.32733981602359563,234752,235146,"[0.847, 0.974, 0.817, 0.912, 0.828, 0.965, 0.701, 0.969, 0.973, 0.951]","[0.8489483747609943, 0.9846449136276392, 0.8210961737331954, 0.9445628997867804, 0.8516320474777448, 0.9621513944223108, 0.7134445534838076, 0.9665970772442589, 0.963855421686747, 0.9509322865554465]",batch,both
FashionMNIST,small,42,10,a2,layerwise,weight_fisher,loss_aware,,0.2,5,0.9011,0.8937,0.28281786823272703,0.3129384049296379,228471,0.028386619376897793,228102,0.028327767175572505,0.22278218297287822,20.52392578125,16,16,2048,0.33279931591823697,0.8937,0.312938411295414,0.33971863496117294,234752,235146,"[0.856, 0.975, 0.813, 0.901, 0.834, 0.963, 0.701, 0.961, 0.977, 0.956]","[0.8661567877629063, 0.9856046065259118, 0.8138572905894519, 0.9307036247334755, 0.8496538081107814, 0.9631474103585658, 0.7114818449460255, 0.9697286012526096, 0.9708835341365462, 0.9528949950932286]",batch,both
FashionMNIST,small,42,10,a2,layerwise,weight_fisher,loss_aware,,0.3,0,0.884,0.8715,0.3228736584663391,0.3505828612089157,225000,0.04314766145288462,224644,0.04305820610687028,0.22278218297287822,20.52392578125,16,16,2048,0.3368364099878818,0.8715,0.3505828597307205,0.33848546200897545,234752,235146,"[0.896, 0.964, 0.71, 0.837, 0.874, 0.962, 0.603, 0.949, 0.968, 0.952]","[0.9072657743785851, 0.974088291746641, 0.7383660806618407, 0.8507462686567164, 0.904055390702275, 0.9621513944223108, 0.6447497546614328, 0.954070981210856, 0.9518072289156626, 0.9470068694798822]",batch,both
FashionMNIST,small,42,10,a2,layerwise,weight_fisher,loss_aware,,0.3,1,0.8972,0.8902,0.2895636789321899,0.3161622874736786,225000,0.04314766145288462,224644,0.04305820610687028,0.22278218297287822,20.52392578125,16,16,2048,0.32098299998324364,0.8902,0.31616229071617125,0.3300501409685239,234752,235146,"[0.838, 0.972, 0.801, 0.902, 0.821, 0.959, 0.716, 0.97, 0.976, 0.947]","[0.8460803059273423, 0.9798464491362764, 0.8107549120992761, 0.9349680170575693, 0.8437190900098912, 0.9462151394422311, 0.7291462217860648, 0.975991649269311, 0.964859437751004, 0.9450441609421001]",batch,both
FashionMNIST,small,42,10,a2,layerwise,weight_fisher,loss_aware,,0.3,3,0.8987,0.8915,0.2859423212051392,0.3143372047305107,225000,0.04314766145288462,224644,0.04305820610687028,0.22278218297287822,20.52392578125,16,16,2048,0.3260580700589344,0.8915,0.3143372069776058,0.323283888050355,234752,235146,"[0.864, 0.973, 0.806, 0.908, 0.855, 0.962, 0.653, 0.97, 0.977, 0.947]","[0.869980879541109, 0.982725527831094, 0.827300930713547, 0.929637526652452, 0.8724035608308606, 0.9601593625498008, 0.6722276741903828, 0.965553235908142, 0.9658634538152611, 0.9450441609421001]",batch,both
FashionMNIST,small,42,10,a2,layerwise,weight_fisher,loss_aware,,0.3,5,0.9008,0.8929,0.28463986139297487,0.3122322887659073,225000,0.04314766145288462,224644,0.04305820610687028,0.22278218297287822,20.52392578125,16,16,2048,0.33531571400817484,0.8929,0.31223228800892827,0.32796696794684976,234752,235146,"[0.866, 0.976, 0.825, 0.914, 0.83, 0.964, 0.664, 0.95, 0.975, 0.965]","[0.8709369024856597, 0.9846449136276392, 0.8376421923474664, 0.9488272921108742, 0.8506429277942631, 0.9651394422310757, 0.6722276741903828, 0.9592901878914405, 0.964859437751004, 0.9587831207065751]",batch,both
FashionMNIST,small,42,10,a2,layerwise,weight_fisher,loss_aware,,0.4,0,0.8824,0.8716,0.33964183626174926,0.36410129967927934,221529,0.05790870352887145,221186,0.05778864503816794,0.22278218297287822,20.52392578125,16,16,2048,0.3117173509672284,0.8716,0.36410130064487456,0.3296836940571666,234752,235146,"[0.877, 0.96, 0.689, 0.844, 0.871, 0.964, 0.647, 0.943, 0.964, 0.957]","[0.8919694072657743, 0.9683301343570058, 0.717683557394002, 0.849680170575693, 0.8981206726013847, 0.9591633466135459, 0.6800785083415113, 0.9509394572025052, 0.9497991967871486, 0.9519136408243376]",batch,both
FashionMNIST,small,42,10,a2,layerwise,weight_fisher,loss_aware,,0.4,1,0.8963,0.8904,0.2878831639289856,0.31264784171581267,221529,0.05790870352887145,221186,0.05778864503816794,0.22278218297287822,20.52392578125,16,16,2048,0.33420866704545915,0.8904,0.31264784077405927,0.3243696379940957,234752,235146,"[0.85, 0.97, 0.801, 0.904, 0.829, 0.96, 0.699, 0.955, 0.977, 0.959]","[0.8652007648183556, 0.9769673704414588, 0.8138572905894519, 0.929637526652452, 0.8496538081107814, 0.9551792828685259, 0.7006869479882237, 0.9592901878914405, 0.9628514056224899, 0.9528949950932286]",batch,both
FashionMNIST,small,42,10,a2,layerwise,weight_fisher,loss_aware,,0.4,3,0.8998,0.8908,0.2836995911598206,0.3124626810491085,221529,0.05790870352887145,221186,0.05778864503816794,0.22278218297287822,20.52392578125,16,16,2048,0.3206313420087099,0.8908,0.31246268555521967,0.34995293396059424,234752,235146,"[0.846, 0.97, 0.799, 0.905, 0.848, 0.963, 0.687, 0.955, 0.975, 0.96]","[0.8508604206500956, 0.9798464491362764, 0.8159255429162358, 0.9349680170575693, 0.8635014836795252, 0.9581673306772909, 0.7105004906771345, 0.965553235908142, 0.9688755020080321, 0.9538763493621197]",batch,both
FashionMNIST,small,42,10,a2,layerwise,weight_fisher,loss_aware,,0.4,5,0.8999,0.8922,0.2850170352935791,0.31211630675792695,221529,0.05790870352887145,221186,0.05778864503816794,0.22278218297287822,20.52392578125,16,16,2048,0.33768633706495166,0.8922,0.31211630308032035,0.34690624405629933,234752,235146,"[0.851, 0.974, 0.805, 0.915, 0.835, 0.96, 0.688, 0.961, 0.976, 0.957]","[0.858508604206501, 0.9856046065259118, 0.8210961737331954, 0.9434968017057569, 0.857566765578635, 0.950199203187251, 0.6997055937193327, 0.9697286012526096, 0.9668674698795181, 0.9509322865554465]",batch,both
FashionMNIST,small,42,10,a2,layerwise,weight_fisher,loss_aware,,0.5,0,0.8743,0.8654,0.3946534811019897,0.41654062473773956,218058,0.07266974560485828,217728,0.0725190839694656,0.22278218297287822,20.52392578125,16,16,2048,0.3242722809081897,0.8654,0.4165406259059906,0.34057166893035173,234752,235146,"[0.832, 0.961, 0.631, 0.811, 0.894, 0.962, 0.702, 0.941, 0.96, 0.96]","[0.8508604206500956, 0.9673704414587332, 0.6618407445708376, 0.8166311300639659, 0.9188921859545005, 0.950199203187251, 0.7173699705593719, 0.9488517745302714, 0.9447791164658634, 0.956820412168793]",batch,both
FashionMNIST,small,42,10,a2,layerwise,weight_fisher,loss_aware,,0.5,1,0.8949,0.8878,0.29297832498550413,0.31722028197050095,218058,0.07266974560485828,217728,0.0725190839694656,0.22278218297287822,20.52392578125,16,16,2048,0.3126274920068681,0.8878,0.3172202827215195,0.3415574540849775,234752,235146,"[0.858, 0.968, 0.811, 0.911, 0.826, 0.96, 0.656, 0.95, 0.978, 0.96]","[0.869980879541109, 0.9779270633397313, 0.8231644260599793, 0.9371002132196162, 0.8496538081107814, 0.9402390438247012, 0.6732090284592738, 0.9592901878914405, 0.9668674698795181, 0.9558390578999019]",batch,both
FashionMNIST,small,42,10,a2,layerwise,weight_fisher,loss_aware,,0.5,3,0.8986,0.8908,0.28821130685806273,0.31470700809359553,218058,0.07266974560485828,217728,0.0725190839694656,0.22278218297287822,20.52392578125,16,16,2048,0.31980569602455944,0.8908,0.314707003647089,0.31832475506234914,234752,235146,"[0.83, 0.972, 0.798, 0.904, 0.835, 0.964, 0.716, 0.953, 0.977, 0.959]","[0.8346080305927343, 0.9817658349328215, 0.81282316442606, 0.9285714285714286, 0.8555885262116716, 0.9561752988047809, 0.7350343473994112, 0.965553235908142, 0.9658634538152611, 0.9538763493621197]",batch,both
FashionMNIST,small,42,10,a2,layerwise,weight_fisher,loss_aware,,0.5,5,0.8983,0.8915,0.2865025059700012,0.31267882635593414,218058,0.07266974560485828,217728,0.0725190839694656,0.22278218297287822,20.52392578125,16,16,2048,0.3197020640363917,0.8915,0.31267882633209226,0.32572675205301493,234752,235146,"[0.84, 0.972, 0.801, 0.906, 0.832, 0.96, 0.715, 0.966, 0.975, 0.948]","[0.847036328871893, 0.9836852207293666, 0.8138572905894519, 0.9328358208955224, 0.8536102868447082, 0.954183266932271, 0.7212953876349362, 0.9707724425887265, 0.9628514056224899, 0.9470068694798822]",batch,both
FashionMNIST,small,42,10,a2,layerwise,weight_fisher,loss_aware,,0.7,0,0.8532,0.8465,0.5536489484786987,0.5681931634426117,211383,0.10105636498175596,211078,0.10084685114503822,0.22278218297287822,20.52392578125,16,16,2048,0.3215098469518125,0.8465,0.5681931599617004,0.3317523250589147,234752,235146,"[0.844, 0.929, 0.537, 0.805, 0.884, 0.957, 0.684, 0.932, 0.926, 0.967]","[0.8556405353728489, 0.9395393474088292, 0.5511892450879007, 0.8049040511727079, 0.9070227497527201, 0.9561752988047809, 0.7016683022571149, 0.9290187891440501, 0.9086345381526104, 0.9646712463199215]",batch,both
FashionMNIST,small,42,10,a2,layerwise,weight_fisher,loss_aware,,0.7,1,0.8902,0.8809,0.31386680049896243,0.3325732347846031,211383,0.10105636498175596,211078,0.10084685114503822,0.22278218297287822,20.52392578125,16,16,2048,0.3348498810082674,0.8809,0.33257323752641677,0.33397133799735457,234752,235146,"[0.847, 0.966, 0.77, 0.895, 0.848, 0.949, 0.647, 0.959, 0.975, 0.953]","[0.8565965583173997, 0.9779270633397313, 0.7921406411582212, 0.9307036247334755, 0.8694362017804155, 0.9382470119521913, 0.6584887144259077, 0.9707724425887265, 0.963855421686747, 0.9479882237487733]",batch,both
FashionMNIST,small,42,10,a2,layerwise,weight_fisher,loss_aware,,0.7,3,0.8954,0.8877,0.29310349550247194,0.3174379712462425,211383,0.10105636498175596,211078,0.10084685114503822,0.22278218297287822,20.52392578125,16,16,2048,0.3457190020708367,0.8877,0.31743797430992127,0.3568643711041659,234752,235146,"[0.864, 0.971, 0.808, 0.9, 0.816, 0.961, 0.665, 0.962, 0.976, 0.954]","[0.8690248565965584, 0.9817658349328215, 0.8200620475698035, 0.9264392324093816, 0.837784371909001, 0.9581673306772909, 0.6800785083415113, 0.9686847599164927, 0.964859437751004, 0.9509322865554465]",batch,both
FashionMNIST,small,42,10,a2,layerwise,weight_fisher,loss_aware,,0.7,5,0.8969,0.8874,0.2900540160179138,0.31416664941310884,211383,0.10105636498175596,211078,0.10084685114503822,0.22278218297287822,20.52392578125,16,16,2048,0.32531892403494567,0.8874,0.3141666503548622,0.37030595703981817,234752,235146,"[0.849, 0.971, 0.803, 0.895, 0.839, 0.958, 0.67, 0.954, 0.974, 0.961]","[0.8575525812619503, 0.9817658349328215, 0.8200620475698035, 0.917910447761194, 0.8585558852621167, 0.953187250996016, 0.7006869479882237, 0.965553235908142, 0.963855421686747, 0.9528949950932286]",batch,both
