dataset,architecture,seed,epoch,layer,criterion,criterion_group,neuron_index,score
FashionMNIST,small,42,10,a1,output_weight_norm,baseline,0,0.9171854853630066
FashionMNIST,small,42,10,a1,output_weight_norm,baseline,1,0.9194073677062988
FashionMNIST,small,42,10,a1,output_weight_norm,baseline,2,0.7973311543464661
FashionMNIST,small,42,10,a1,output_weight_norm,baseline,3,0.45598939061164856
FashionMNIST,small,42,10,a1,output_weight_norm,baseline,4,0.8700772523880005
FashionMNIST,small,42,10,a1,output_weight_norm,baseline,5,1.243394136428833
FashionMNIST,small,42,10,a1,output_weight_norm,baseline,6,0.5556567311286926
FashionMNIST,small,42,10,a1,output_weight_norm,baseline,7,0.8356529474258423
FashionMNIST,small,42,10,a1,output_weight_norm,baseline,8,0.7127058506011963
FashionMNIST,small,42,10,a1,output_weight_norm,baseline,9,0.8255009651184082
FashionMNIST,small,42,10,a1,output_weight_norm,baseline,10,0.8252068758010864
FashionMNIST,small,42,10,a1,output_weight_norm,baseline,11,0.7534117698669434
FashionMNIST,small,42,10,a1,output_weight_norm,baseline,12,0.8741944432258606
FashionMNIST,small,42,10,a1,output_weight_norm,baseline,13,0.9099361300468445
FashionMNIST,small,42,10,a1,output_weight_norm,baseline,14,0.8872985243797302
FashionMNIST,small,42,10,a1,output_weight_norm,baseline,15,0.9406995177268982
FashionMNIST,small,42,10,a1,output_weight_norm,baseline,16,1.0085148811340332
FashionMNIST,small,42,10,a1,output_weight_norm,baseline,17,0.9661192297935486
FashionMNIST,small,42,10,a1,output_weight_norm,baseline,18,0.8237043023109436
FashionMNIST,small,42,10,a1,output_weight_norm,baseline,19,1.1415281295776367
FashionMNIST,small,42,10,a1,output_weight_norm,baseline,20,0.6264029145240784
FashionMNIST,small,42,10,a1,output_weight_norm,baseline,21,0.7767616510391235
FashionMNIST,small,42,10,a1,output_weight_norm,baseline,22,0.7472487688064575
FashionMNIST,small,42,10,a1,output_weight_norm,baseline,23,0.8193482756614685
FashionMNIST,small,42,10,a1,output_weight_norm,baseline,24,0.8699029088020325
FashionMNIST,small,42,10,a1,output_weight_norm,baseline,25,1.016931414604187
FashionMNIST,small,42,10,a1,output_weight_norm,baseline,26,0.6988537907600403
FashionMNIST,small,42,10,a1,output_weight_norm,baseline,27,0.9072659015655518
FashionMNIST,small,42,10,a1,output_weight_norm,baseline,28,0.8104098439216614
FashionMNIST,small,42,10,a1,output_weight_norm,baseline,29,0.9780740737915039
FashionMNIST,small,42,10,a1,output_weight_norm,baseline,30,1.4428191184997559
FashionMNIST,small,42,10,a1,output_weight_norm,baseline,31,0.7876357436180115
FashionMNIST,small,42,10,a1,output_weight_norm,baseline,32,0.6501399874687195
FashionMNIST,small,42,10,a1,output_weight_norm,baseline,33,1.0313197374343872
FashionMNIST,small,42,10,a1,output_weight_norm,baseline,34,0.6926573514938354
FashionMNIST,small,42,10,a1,output_weight_norm,baseline,35,0.7958533763885498
FashionMNIST,small,42,10,a1,output_weight_norm,baseline,36,0.8004695177078247
FashionMNIST,small,42,10,a1,output_weight_norm,baseline,37,0.7702451348304749
FashionMNIST,small,42,10,a1,output_weight_norm,baseline,38,0.639883279800415
FashionMNIST,small,42,10,a1,output_weight_norm,baseline,39,0.7130826711654663
FashionMNIST,small,42,10,a1,output_weight_norm,baseline,40,0.709821879863739
FashionMNIST,small,42,10,a1,output_weight_norm,baseline,41,0.9554885029792786
FashionMNIST,small,42,10,a1,output_weight_norm,baseline,42,0.4963440001010895
FashionMNIST,small,42,10,a1,output_weight_norm,baseline,43,1.3715120553970337
FashionMNIST,small,42,10,a1,output_weight_norm,baseline,44,0.9840778112411499
FashionMNIST,small,42,10,a1,output_weight_norm,baseline,45,1.084566593170166
FashionMNIST,small,42,10,a1,output_weight_norm,baseline,46,0.572942852973938
FashionMNIST,small,42,10,a1,output_weight_norm,baseline,47,0.5714901089668274
FashionMNIST,small,42,10,a1,output_weight_norm,baseline,48,0.624954104423523
FashionMNIST,small,42,10,a1,output_weight_norm,baseline,49,1.192771553993225
FashionMNIST,small,42,10,a1,output_weight_norm,baseline,50,1.5221166610717773
FashionMNIST,small,42,10,a1,output_weight_norm,baseline,51,0.6011157631874084
FashionMNIST,small,42,10,a1,output_weight_norm,baseline,52,0.8079814314842224
FashionMNIST,small,42,10,a1,output_weight_norm,baseline,53,0.7122611999511719
FashionMNIST,small,42,10,a1,output_weight_norm,baseline,54,0.998285174369812
FashionMNIST,small,42,10,a1,output_weight_norm,baseline,55,1.4550782442092896
FashionMNIST,small,42,10,a1,output_weight_norm,baseline,56,0.7028148770332336
FashionMNIST,small,42,10,a1,output_weight_norm,baseline,57,0.6538467407226562
FashionMNIST,small,42,10,a1,output_weight_norm,baseline,58,0.7212862968444824
FashionMNIST,small,42,10,a1,output_weight_norm,baseline,59,0.42014753818511963
FashionMNIST,small,42,10,a1,output_weight_norm,baseline,60,0.7556498646736145
FashionMNIST,small,42,10,a1,output_weight_norm,baseline,61,0.5476894974708557
FashionMNIST,small,42,10,a1,output_weight_norm,baseline,62,0.6116557121276855
FashionMNIST,small,42,10,a1,output_weight_norm,baseline,63,0.8881168961524963
FashionMNIST,small,42,10,a1,output_weight_norm,baseline,64,0.7256235480308533
FashionMNIST,small,42,10,a1,output_weight_norm,baseline,65,0.887786865234375
FashionMNIST,small,42,10,a1,output_weight_norm,baseline,66,0.7000444531440735
FashionMNIST,small,42,10,a1,output_weight_norm,baseline,67,0.6894204616546631
FashionMNIST,small,42,10,a1,output_weight_norm,baseline,68,0.6786630749702454
FashionMNIST,small,42,10,a1,output_weight_norm,baseline,69,0.7947717905044556
FashionMNIST,small,42,10,a1,output_weight_norm,baseline,70,0.7102580666542053
FashionMNIST,small,42,10,a1,output_weight_norm,baseline,71,0.6767945289611816
FashionMNIST,small,42,10,a1,output_weight_norm,baseline,72,0.8489548563957214
FashionMNIST,small,42,10,a1,output_weight_norm,baseline,73,0.8379481434822083
FashionMNIST,small,42,10,a1,output_weight_norm,baseline,74,0.8584579229354858
FashionMNIST,small,42,10,a1,output_weight_norm,baseline,75,0.6429859399795532
FashionMNIST,small,42,10,a1,output_weight_norm,baseline,76,0.849299430847168
FashionMNIST,small,42,10,a1,output_weight_norm,baseline,77,0.8949180245399475
FashionMNIST,small,42,10,a1,output_weight_norm,baseline,78,0.9357883334159851
FashionMNIST,small,42,10,a1,output_weight_norm,baseline,79,0.8879690170288086
FashionMNIST,small,42,10,a1,output_weight_norm,baseline,80,0.6135764122009277
FashionMNIST,small,42,10,a1,output_weight_norm,baseline,81,0.6920868754386902
FashionMNIST,small,42,10,a1,output_weight_norm,baseline,82,1.0886281728744507
FashionMNIST,small,42,10,a1,output_weight_norm,baseline,83,0.587440550327301
FashionMNIST,small,42,10,a1,output_weight_norm,baseline,84,0.7189498543739319
FashionMNIST,small,42,10,a1,output_weight_norm,baseline,85,0.8417239189147949
FashionMNIST,small,42,10,a1,output_weight_norm,baseline,86,0.735841691493988
FashionMNIST,small,42,10,a1,output_weight_norm,baseline,87,0.6178963780403137
FashionMNIST,small,42,10,a1,output_weight_norm,baseline,88,0.673565149307251
FashionMNIST,small,42,10,a1,output_weight_norm,baseline,89,0.8317866921424866
FashionMNIST,small,42,10,a1,output_weight_norm,baseline,90,0.8032942414283752
FashionMNIST,small,42,10,a1,output_weight_norm,baseline,91,1.0668904781341553
FashionMNIST,small,42,10,a1,output_weight_norm,baseline,92,0.7510133385658264
FashionMNIST,small,42,10,a1,output_weight_norm,baseline,93,0.847317099571228
FashionMNIST,small,42,10,a1,output_weight_norm,baseline,94,0.7629873156547546
FashionMNIST,small,42,10,a1,output_weight_norm,baseline,95,0.78438401222229
FashionMNIST,small,42,10,a1,output_weight_norm,baseline,96,0.7114171385765076
FashionMNIST,small,42,10,a1,output_weight_norm,baseline,97,0.6727503538131714
FashionMNIST,small,42,10,a1,output_weight_norm,baseline,98,1.3560891151428223
FashionMNIST,small,42,10,a1,output_weight_norm,baseline,99,0.7468847632408142
FashionMNIST,small,42,10,a1,output_weight_norm,baseline,100,0.7578926682472229
FashionMNIST,small,42,10,a1,output_weight_norm,baseline,101,0.7771314382553101
FashionMNIST,small,42,10,a1,output_weight_norm,baseline,102,0.760621190071106
FashionMNIST,small,42,10,a1,output_weight_norm,baseline,103,1.2268927097320557
FashionMNIST,small,42,10,a1,output_weight_norm,baseline,104,0.8562526702880859
FashionMNIST,small,42,10,a1,output_weight_norm,baseline,105,0.8631597757339478
FashionMNIST,small,42,10,a1,output_weight_norm,baseline,106,0.7926732301712036
FashionMNIST,small,42,10,a1,output_weight_norm,baseline,107,0.5266183614730835
FashionMNIST,small,42,10,a1,output_weight_norm,baseline,108,0.863996684551239
FashionMNIST,small,42,10,a1,output_weight_norm,baseline,109,0.8593619465827942
FashionMNIST,small,42,10,a1,output_weight_norm,baseline,110,0.5293763279914856
FashionMNIST,small,42,10,a1,output_weight_norm,baseline,111,0.7251427173614502
FashionMNIST,small,42,10,a1,output_weight_norm,baseline,112,0.6324852705001831
FashionMNIST,small,42,10,a1,output_weight_norm,baseline,113,0.5923122763633728
FashionMNIST,small,42,10,a1,output_weight_norm,baseline,114,0.9798644781112671
FashionMNIST,small,42,10,a1,output_weight_norm,baseline,115,0.8988673090934753
FashionMNIST,small,42,10,a1,output_weight_norm,baseline,116,1.169700026512146
FashionMNIST,small,42,10,a1,output_weight_norm,baseline,117,0.7233959436416626
FashionMNIST,small,42,10,a1,output_weight_norm,baseline,118,0.8180506229400635
FashionMNIST,small,42,10,a1,output_weight_norm,baseline,119,0.6536528468132019
FashionMNIST,small,42,10,a1,output_weight_norm,baseline,120,0.7458042502403259
FashionMNIST,small,42,10,a1,output_weight_norm,baseline,121,1.045287013053894
FashionMNIST,small,42,10,a1,output_weight_norm,baseline,122,0.7754341959953308
FashionMNIST,small,42,10,a1,output_weight_norm,baseline,123,0.7482777237892151
FashionMNIST,small,42,10,a1,output_weight_norm,baseline,124,0.7940312027931213
FashionMNIST,small,42,10,a1,output_weight_norm,baseline,125,0.8282788395881653
FashionMNIST,small,42,10,a1,output_weight_norm,baseline,126,0.8334193825721741
FashionMNIST,small,42,10,a1,output_weight_norm,baseline,127,0.8121621012687683
FashionMNIST,small,42,10,a1,output_weight_norm,baseline,128,0.6907118558883667
FashionMNIST,small,42,10,a1,output_weight_norm,baseline,129,0.7011324763298035
FashionMNIST,small,42,10,a1,output_weight_norm,baseline,130,0.7123585343360901
FashionMNIST,small,42,10,a1,output_weight_norm,baseline,131,0.7814128994941711
FashionMNIST,small,42,10,a1,output_weight_norm,baseline,132,0.8523094058036804
FashionMNIST,small,42,10,a1,output_weight_norm,baseline,133,0.7218025922775269
FashionMNIST,small,42,10,a1,output_weight_norm,baseline,134,0.7555764317512512
FashionMNIST,small,42,10,a1,output_weight_norm,baseline,135,0.7089704275131226
FashionMNIST,small,42,10,a1,output_weight_norm,baseline,136,0.5693628191947937
FashionMNIST,small,42,10,a1,output_weight_norm,baseline,137,0.6749815940856934
FashionMNIST,small,42,10,a1,output_weight_norm,baseline,138,0.7843754291534424
FashionMNIST,small,42,10,a1,output_weight_norm,baseline,139,0.7045771479606628
FashionMNIST,small,42,10,a1,output_weight_norm,baseline,140,0.7592640519142151
FashionMNIST,small,42,10,a1,output_weight_norm,baseline,141,0.794261634349823
FashionMNIST,small,42,10,a1,output_weight_norm,baseline,142,0.7730742692947388
FashionMNIST,small,42,10,a1,output_weight_norm,baseline,143,0.8349513411521912
FashionMNIST,small,42,10,a1,output_weight_norm,baseline,144,0.7139022946357727
FashionMNIST,small,42,10,a1,output_weight_norm,baseline,145,1.1522060632705688
FashionMNIST,small,42,10,a1,output_weight_norm,baseline,146,0.862239420413971
FashionMNIST,small,42,10,a1,output_weight_norm,baseline,147,0.9205301403999329
FashionMNIST,small,42,10,a1,output_weight_norm,baseline,148,0.6654403805732727
FashionMNIST,small,42,10,a1,output_weight_norm,baseline,149,0.9498336911201477
FashionMNIST,small,42,10,a1,output_weight_norm,baseline,150,0.9357092976570129
FashionMNIST,small,42,10,a1,output_weight_norm,baseline,151,1.0677028894424438
FashionMNIST,small,42,10,a1,output_weight_norm,baseline,152,0.8594115376472473
FashionMNIST,small,42,10,a1,output_weight_norm,baseline,153,0.9344928860664368
FashionMNIST,small,42,10,a1,output_weight_norm,baseline,154,0.9769425392150879
FashionMNIST,small,42,10,a1,output_weight_norm,baseline,155,0.7886411547660828
FashionMNIST,small,42,10,a1,output_weight_norm,baseline,156,0.7794767618179321
FashionMNIST,small,42,10,a1,output_weight_norm,baseline,157,0.8927487134933472
FashionMNIST,small,42,10,a1,output_weight_norm,baseline,158,0.6910997629165649
FashionMNIST,small,42,10,a1,output_weight_norm,baseline,159,0.7008688449859619
FashionMNIST,small,42,10,a1,output_weight_norm,baseline,160,0.5763320922851562
FashionMNIST,small,42,10,a1,output_weight_norm,baseline,161,1.0922456979751587
FashionMNIST,small,42,10,a1,output_weight_norm,baseline,162,0.8722283244132996
FashionMNIST,small,42,10,a1,output_weight_norm,baseline,163,0.7559133172035217
FashionMNIST,small,42,10,a1,output_weight_norm,baseline,164,1.0151853561401367
FashionMNIST,small,42,10,a1,output_weight_norm,baseline,165,0.8846924304962158
FashionMNIST,small,42,10,a1,output_weight_norm,baseline,166,0.645117461681366
FashionMNIST,small,42,10,a1,output_weight_norm,baseline,167,1.0074634552001953
FashionMNIST,small,42,10,a1,output_weight_norm,baseline,168,0.6422227025032043
FashionMNIST,small,42,10,a1,output_weight_norm,baseline,169,0.6499565839767456
FashionMNIST,small,42,10,a1,output_weight_norm,baseline,170,0.7021434307098389
FashionMNIST,small,42,10,a1,output_weight_norm,baseline,171,0.8345144987106323
FashionMNIST,small,42,10,a1,output_weight_norm,baseline,172,0.7746904492378235
FashionMNIST,small,42,10,a1,output_weight_norm,baseline,173,0.8282819986343384
FashionMNIST,small,42,10,a1,output_weight_norm,baseline,174,0.7040497660636902
FashionMNIST,small,42,10,a1,output_weight_norm,baseline,175,0.8876069784164429
FashionMNIST,small,42,10,a1,output_weight_norm,baseline,176,0.58783358335495
FashionMNIST,small,42,10,a1,output_weight_norm,baseline,177,0.7398332953453064
FashionMNIST,small,42,10,a1,output_weight_norm,baseline,178,0.9219025373458862
FashionMNIST,small,42,10,a1,output_weight_norm,baseline,179,0.7393079996109009
FashionMNIST,small,42,10,a1,output_weight_norm,baseline,180,0.6155635714530945
FashionMNIST,small,42,10,a1,output_weight_norm,baseline,181,0.6066535115242004
FashionMNIST,small,42,10,a1,output_weight_norm,baseline,182,0.8079004883766174
FashionMNIST,small,42,10,a1,output_weight_norm,baseline,183,0.6988664865493774
FashionMNIST,small,42,10,a1,output_weight_norm,baseline,184,0.9031354784965515
FashionMNIST,small,42,10,a1,output_weight_norm,baseline,185,0.7994201183319092
FashionMNIST,small,42,10,a1,output_weight_norm,baseline,186,0.9426590800285339
FashionMNIST,small,42,10,a1,output_weight_norm,baseline,187,0.7274796366691589
FashionMNIST,small,42,10,a1,output_weight_norm,baseline,188,0.6913015842437744
FashionMNIST,small,42,10,a1,output_weight_norm,baseline,189,0.697105348110199
FashionMNIST,small,42,10,a1,output_weight_norm,baseline,190,0.8270465135574341
FashionMNIST,small,42,10,a1,output_weight_norm,baseline,191,0.6821579337120056
FashionMNIST,small,42,10,a1,output_weight_norm,baseline,192,0.7670422196388245
FashionMNIST,small,42,10,a1,output_weight_norm,baseline,193,0.7954478859901428
FashionMNIST,small,42,10,a1,output_weight_norm,baseline,194,0.819651186466217
FashionMNIST,small,42,10,a1,output_weight_norm,baseline,195,0.9227746725082397
FashionMNIST,small,42,10,a1,output_weight_norm,baseline,196,0.7834819555282593
FashionMNIST,small,42,10,a1,output_weight_norm,baseline,197,0.7004897594451904
FashionMNIST,small,42,10,a1,output_weight_norm,baseline,198,1.1023586988449097
FashionMNIST,small,42,10,a1,output_weight_norm,baseline,199,0.675441563129425
FashionMNIST,small,42,10,a1,output_weight_norm,baseline,200,0.8062289953231812
FashionMNIST,small,42,10,a1,output_weight_norm,baseline,201,1.044530987739563
FashionMNIST,small,42,10,a1,output_weight_norm,baseline,202,0.9184178113937378
FashionMNIST,small,42,10,a1,output_weight_norm,baseline,203,1.0004321336746216
FashionMNIST,small,42,10,a1,output_weight_norm,baseline,204,0.7414618134498596
FashionMNIST,small,42,10,a1,output_weight_norm,baseline,205,1.395003080368042
FashionMNIST,small,42,10,a1,output_weight_norm,baseline,206,0.871684730052948
FashionMNIST,small,42,10,a1,output_weight_norm,baseline,207,0.8052853345870972
FashionMNIST,small,42,10,a1,output_weight_norm,baseline,208,0.6957210302352905
FashionMNIST,small,42,10,a1,output_weight_norm,baseline,209,0.9775676131248474
FashionMNIST,small,42,10,a1,output_weight_norm,baseline,210,0.7189255952835083
FashionMNIST,small,42,10,a1,output_weight_norm,baseline,211,0.8743962645530701
FashionMNIST,small,42,10,a1,output_weight_norm,baseline,212,0.7186732292175293
FashionMNIST,small,42,10,a1,output_weight_norm,baseline,213,0.8036525845527649
FashionMNIST,small,42,10,a1,output_weight_norm,baseline,214,0.6015709042549133
FashionMNIST,small,42,10,a1,output_weight_norm,baseline,215,0.9395890831947327
FashionMNIST,small,42,10,a1,output_weight_norm,baseline,216,1.0961369276046753
FashionMNIST,small,42,10,a1,output_weight_norm,baseline,217,0.6252718567848206
FashionMNIST,small,42,10,a1,output_weight_norm,baseline,218,0.8852188587188721
FashionMNIST,small,42,10,a1,output_weight_norm,baseline,219,0.9344726204872131
FashionMNIST,small,42,10,a1,output_weight_norm,baseline,220,0.6307598352432251
FashionMNIST,small,42,10,a1,output_weight_norm,baseline,221,0.9207815527915955
FashionMNIST,small,42,10,a1,output_weight_norm,baseline,222,0.6390758752822876
FashionMNIST,small,42,10,a1,output_weight_norm,baseline,223,0.7856754660606384
FashionMNIST,small,42,10,a1,output_weight_norm,baseline,224,0.8155608773231506
FashionMNIST,small,42,10,a1,output_weight_norm,baseline,225,0.7556906938552856
FashionMNIST,small,42,10,a1,output_weight_norm,baseline,226,0.8969366550445557
FashionMNIST,small,42,10,a1,output_weight_norm,baseline,227,1.2567342519760132
FashionMNIST,small,42,10,a1,output_weight_norm,baseline,228,0.8509750366210938
FashionMNIST,small,42,10,a1,output_weight_norm,baseline,229,0.7543829679489136
FashionMNIST,small,42,10,a1,output_weight_norm,baseline,230,0.7532325983047485
FashionMNIST,small,42,10,a1,output_weight_norm,baseline,231,0.5835768580436707
FashionMNIST,small,42,10,a1,output_weight_norm,baseline,232,0.657145619392395
FashionMNIST,small,42,10,a1,output_weight_norm,baseline,233,0.7900727391242981
FashionMNIST,small,42,10,a1,output_weight_norm,baseline,234,1.2616510391235352
FashionMNIST,small,42,10,a1,output_weight_norm,baseline,235,0.7918647527694702
FashionMNIST,small,42,10,a1,output_weight_norm,baseline,236,0.5287508964538574
FashionMNIST,small,42,10,a1,output_weight_norm,baseline,237,0.768625795841217
FashionMNIST,small,42,10,a1,output_weight_norm,baseline,238,0.9862332344055176
FashionMNIST,small,42,10,a1,output_weight_norm,baseline,239,0.5696519017219543
FashionMNIST,small,42,10,a1,output_weight_norm,baseline,240,0.8869877457618713
FashionMNIST,small,42,10,a1,output_weight_norm,baseline,241,0.6672343611717224
FashionMNIST,small,42,10,a1,output_weight_norm,baseline,242,0.7615753412246704
FashionMNIST,small,42,10,a1,output_weight_norm,baseline,243,0.8302251100540161
FashionMNIST,small,42,10,a1,output_weight_norm,baseline,244,0.5917010307312012
FashionMNIST,small,42,10,a1,output_weight_norm,baseline,245,0.9131847620010376
FashionMNIST,small,42,10,a1,output_weight_norm,baseline,246,0.7451670169830322
FashionMNIST,small,42,10,a1,output_weight_norm,baseline,247,0.6545778512954712
FashionMNIST,small,42,10,a1,output_weight_norm,baseline,248,0.7795873284339905
FashionMNIST,small,42,10,a1,output_weight_norm,baseline,249,0.8633424639701843
FashionMNIST,small,42,10,a1,output_weight_norm,baseline,250,0.7431526780128479
FashionMNIST,small,42,10,a1,output_weight_norm,baseline,251,1.0044302940368652
FashionMNIST,small,42,10,a1,output_weight_norm,baseline,252,0.7238251566886902
FashionMNIST,small,42,10,a1,output_weight_norm,baseline,253,0.606351912021637
FashionMNIST,small,42,10,a1,output_weight_norm,baseline,254,0.7894745469093323
FashionMNIST,small,42,10,a1,output_weight_norm,baseline,255,0.6816971898078918
FashionMNIST,small,42,10,a2,output_weight_norm,baseline,0,0.23359882831573486
FashionMNIST,small,42,10,a2,output_weight_norm,baseline,1,0.2578473687171936
FashionMNIST,small,42,10,a2,output_weight_norm,baseline,2,0.3353632390499115
FashionMNIST,small,42,10,a2,output_weight_norm,baseline,3,0.2625923454761505
FashionMNIST,small,42,10,a2,output_weight_norm,baseline,4,0.3131982386112213
FashionMNIST,small,42,10,a2,output_weight_norm,baseline,5,0.41852355003356934
FashionMNIST,small,42,10,a2,output_weight_norm,baseline,6,0.3035746216773987
FashionMNIST,small,42,10,a2,output_weight_norm,baseline,7,0.20824219286441803
FashionMNIST,small,42,10,a2,output_weight_norm,baseline,8,0.28583869338035583
FashionMNIST,small,42,10,a2,output_weight_norm,baseline,9,0.36216890811920166
FashionMNIST,small,42,10,a2,output_weight_norm,baseline,10,0.28791913390159607
FashionMNIST,small,42,10,a2,output_weight_norm,baseline,11,0.22858548164367676
FashionMNIST,small,42,10,a2,output_weight_norm,baseline,12,0.3409329354763031
FashionMNIST,small,42,10,a2,output_weight_norm,baseline,13,0.2964891195297241
FashionMNIST,small,42,10,a2,output_weight_norm,baseline,14,0.3067546486854553
FashionMNIST,small,42,10,a2,output_weight_norm,baseline,15,0.37556135654449463
FashionMNIST,small,42,10,a2,output_weight_norm,baseline,16,0.3448958098888397
FashionMNIST,small,42,10,a2,output_weight_norm,baseline,17,0.45017844438552856
FashionMNIST,small,42,10,a2,output_weight_norm,baseline,18,0.5327985882759094
FashionMNIST,small,42,10,a2,output_weight_norm,baseline,19,0.3110557794570923
FashionMNIST,small,42,10,a2,output_weight_norm,baseline,20,0.2470783293247223
FashionMNIST,small,42,10,a2,output_weight_norm,baseline,21,0.29472845792770386
FashionMNIST,small,42,10,a2,output_weight_norm,baseline,22,0.33417999744415283
FashionMNIST,small,42,10,a2,output_weight_norm,baseline,23,0.28768190741539
FashionMNIST,small,42,10,a2,output_weight_norm,baseline,24,0.2733074426651001
FashionMNIST,small,42,10,a2,output_weight_norm,baseline,25,0.33326345682144165
FashionMNIST,small,42,10,a2,output_weight_norm,baseline,26,0.31050533056259155
FashionMNIST,small,42,10,a2,output_weight_norm,baseline,27,0.5974798798561096
FashionMNIST,small,42,10,a2,output_weight_norm,baseline,28,0.2951114773750305
FashionMNIST,small,42,10,a2,output_weight_norm,baseline,29,0.5301650166511536
FashionMNIST,small,42,10,a2,output_weight_norm,baseline,30,0.3575350046157837
FashionMNIST,small,42,10,a2,output_weight_norm,baseline,31,0.2176429182291031
FashionMNIST,small,42,10,a2,output_weight_norm,baseline,32,0.21495172381401062
FashionMNIST,small,42,10,a2,output_weight_norm,baseline,33,0.3886842429637909
FashionMNIST,small,42,10,a2,output_weight_norm,baseline,34,0.3121274411678314
FashionMNIST,small,42,10,a2,output_weight_norm,baseline,35,0.5583664774894714
FashionMNIST,small,42,10,a2,output_weight_norm,baseline,36,0.22101150453090668
FashionMNIST,small,42,10,a2,output_weight_norm,baseline,37,0.33256226778030396
FashionMNIST,small,42,10,a2,output_weight_norm,baseline,38,0.27233538031578064
FashionMNIST,small,42,10,a2,output_weight_norm,baseline,39,0.28238555788993835
FashionMNIST,small,42,10,a2,output_weight_norm,baseline,40,0.25532621145248413
FashionMNIST,small,42,10,a2,output_weight_norm,baseline,41,0.23914872109889984
FashionMNIST,small,42,10,a2,output_weight_norm,baseline,42,0.3852587938308716
FashionMNIST,small,42,10,a2,output_weight_norm,baseline,43,0.46256643533706665
FashionMNIST,small,42,10,a2,output_weight_norm,baseline,44,0.5657047629356384
FashionMNIST,small,42,10,a2,output_weight_norm,baseline,45,0.2605731785297394
FashionMNIST,small,42,10,a2,output_weight_norm,baseline,46,0.25726526975631714
FashionMNIST,small,42,10,a2,output_weight_norm,baseline,47,0.535878598690033
FashionMNIST,small,42,10,a2,output_weight_norm,baseline,48,0.29626017808914185
FashionMNIST,small,42,10,a2,output_weight_norm,baseline,49,0.3057735860347748
FashionMNIST,small,42,10,a2,output_weight_norm,baseline,50,0.1964685469865799
FashionMNIST,small,42,10,a2,output_weight_norm,baseline,51,0.3467895984649658
FashionMNIST,small,42,10,a2,output_weight_norm,baseline,52,0.36283308267593384
FashionMNIST,small,42,10,a2,output_weight_norm,baseline,53,0.4094022214412689
FashionMNIST,small,42,10,a2,output_weight_norm,baseline,54,0.6318289637565613
FashionMNIST,small,42,10,a2,output_weight_norm,baseline,55,0.48682671785354614
FashionMNIST,small,42,10,a2,output_weight_norm,baseline,56,0.3442555069923401
FashionMNIST,small,42,10,a2,output_weight_norm,baseline,57,0.34419721364974976
FashionMNIST,small,42,10,a2,output_weight_norm,baseline,58,0.3609035015106201
FashionMNIST,small,42,10,a2,output_weight_norm,baseline,59,0.2564954161643982
FashionMNIST,small,42,10,a2,output_weight_norm,baseline,60,0.27564650774002075
FashionMNIST,small,42,10,a2,output_weight_norm,baseline,61,0.19197778403759003
FashionMNIST,small,42,10,a2,output_weight_norm,baseline,62,0.3567589223384857
FashionMNIST,small,42,10,a2,output_weight_norm,baseline,63,0.2886260449886322
FashionMNIST,small,42,10,a2,output_weight_norm,baseline,64,0.34068968892097473
FashionMNIST,small,42,10,a2,output_weight_norm,baseline,65,0.39979806542396545
FashionMNIST,small,42,10,a2,output_weight_norm,baseline,66,0.6834068298339844
FashionMNIST,small,42,10,a2,output_weight_norm,baseline,67,0.33965766429901123
FashionMNIST,small,42,10,a2,output_weight_norm,baseline,68,0.3338243067264557
FashionMNIST,small,42,10,a2,output_weight_norm,baseline,69,0.346044659614563
FashionMNIST,small,42,10,a2,output_weight_norm,baseline,70,0.28658896684646606
FashionMNIST,small,42,10,a2,output_weight_norm,baseline,71,0.6501572728157043
FashionMNIST,small,42,10,a2,output_weight_norm,baseline,72,0.5299422144889832
FashionMNIST,small,42,10,a2,output_weight_norm,baseline,73,0.29009002447128296
FashionMNIST,small,42,10,a2,output_weight_norm,baseline,74,0.3457193076610565
FashionMNIST,small,42,10,a2,output_weight_norm,baseline,75,0.27955690026283264
FashionMNIST,small,42,10,a2,output_weight_norm,baseline,76,0.58839350938797
FashionMNIST,small,42,10,a2,output_weight_norm,baseline,77,0.29936257004737854
FashionMNIST,small,42,10,a2,output_weight_norm,baseline,78,0.3780059814453125
FashionMNIST,small,42,10,a2,output_weight_norm,baseline,79,0.23486492037773132
FashionMNIST,small,42,10,a2,output_weight_norm,baseline,80,0.31682685017585754
FashionMNIST,small,42,10,a2,output_weight_norm,baseline,81,0.353698194026947
FashionMNIST,small,42,10,a2,output_weight_norm,baseline,82,0.24405024945735931
FashionMNIST,small,42,10,a2,output_weight_norm,baseline,83,0.3023160696029663
FashionMNIST,small,42,10,a2,output_weight_norm,baseline,84,0.3670106828212738
FashionMNIST,small,42,10,a2,output_weight_norm,baseline,85,0.47738462686538696
FashionMNIST,small,42,10,a2,output_weight_norm,baseline,86,0.29220572113990784
FashionMNIST,small,42,10,a2,output_weight_norm,baseline,87,0.32910627126693726
FashionMNIST,small,42,10,a2,output_weight_norm,baseline,88,0.27537041902542114
FashionMNIST,small,42,10,a2,output_weight_norm,baseline,89,0.23609744012355804
FashionMNIST,small,42,10,a2,output_weight_norm,baseline,90,0.2649969458580017
FashionMNIST,small,42,10,a2,output_weight_norm,baseline,91,0.26725703477859497
FashionMNIST,small,42,10,a2,output_weight_norm,baseline,92,0.26123765110969543
FashionMNIST,small,42,10,a2,output_weight_norm,baseline,93,0.3421386182308197
FashionMNIST,small,42,10,a2,output_weight_norm,baseline,94,0.5287754535675049
FashionMNIST,small,42,10,a2,output_weight_norm,baseline,95,0.41192662715911865
FashionMNIST,small,42,10,a2,output_weight_norm,baseline,96,0.25850361585617065
FashionMNIST,small,42,10,a2,output_weight_norm,baseline,97,0.19737711548805237
FashionMNIST,small,42,10,a2,output_weight_norm,baseline,98,0.2771613597869873
FashionMNIST,small,42,10,a2,output_weight_norm,baseline,99,0.2152653932571411
FashionMNIST,small,42,10,a2,output_weight_norm,baseline,100,0.34889623522758484
FashionMNIST,small,42,10,a2,output_weight_norm,baseline,101,0.5088256597518921
FashionMNIST,small,42,10,a2,output_weight_norm,baseline,102,0.40792185068130493
FashionMNIST,small,42,10,a2,output_weight_norm,baseline,103,0.28142401576042175
FashionMNIST,small,42,10,a2,output_weight_norm,baseline,104,0.3140328824520111
FashionMNIST,small,42,10,a2,output_weight_norm,baseline,105,0.27377304434776306
FashionMNIST,small,42,10,a2,output_weight_norm,baseline,106,0.3668053448200226
FashionMNIST,small,42,10,a2,output_weight_norm,baseline,107,0.2689021825790405
FashionMNIST,small,42,10,a2,output_weight_norm,baseline,108,0.2514329254627228
FashionMNIST,small,42,10,a2,output_weight_norm,baseline,109,0.3773823082447052
FashionMNIST,small,42,10,a2,output_weight_norm,baseline,110,0.23614414036273956
FashionMNIST,small,42,10,a2,output_weight_norm,baseline,111,0.4017150104045868
FashionMNIST,small,42,10,a2,output_weight_norm,baseline,112,0.272579550743103
FashionMNIST,small,42,10,a2,output_weight_norm,baseline,113,0.4844907820224762
FashionMNIST,small,42,10,a2,output_weight_norm,baseline,114,0.7849436402320862
FashionMNIST,small,42,10,a2,output_weight_norm,baseline,115,0.24567632377147675
FashionMNIST,small,42,10,a2,output_weight_norm,baseline,116,0.40762290358543396
FashionMNIST,small,42,10,a2,output_weight_norm,baseline,117,0.3380979299545288
FashionMNIST,small,42,10,a2,output_weight_norm,baseline,118,0.6036580801010132
FashionMNIST,small,42,10,a2,output_weight_norm,baseline,119,0.33677512407302856
FashionMNIST,small,42,10,a2,output_weight_norm,baseline,120,0.21140560507774353
FashionMNIST,small,42,10,a2,output_weight_norm,baseline,121,0.3488257825374603
FashionMNIST,small,42,10,a2,output_weight_norm,baseline,122,0.2258007526397705
FashionMNIST,small,42,10,a2,output_weight_norm,baseline,123,0.3438735008239746
FashionMNIST,small,42,10,a2,output_weight_norm,baseline,124,0.2913123071193695
FashionMNIST,small,42,10,a2,output_weight_norm,baseline,125,0.3546210825443268
FashionMNIST,small,42,10,a2,output_weight_norm,baseline,126,0.26840677857398987
FashionMNIST,small,42,10,a2,output_weight_norm,baseline,127,0.30804306268692017
FashionMNIST,small,42,10,a1,mean_activation,baseline,0,0.3399546444416046
FashionMNIST,small,42,10,a1,mean_activation,baseline,1,0.3631370961666107
FashionMNIST,small,42,10,a1,mean_activation,baseline,2,0.2752501964569092
FashionMNIST,small,42,10,a1,mean_activation,baseline,3,0.0024102930910885334
FashionMNIST,small,42,10,a1,mean_activation,baseline,4,0.7155600190162659
FashionMNIST,small,42,10,a1,mean_activation,baseline,5,0.19542065262794495
FashionMNIST,small,42,10,a1,mean_activation,baseline,6,0.08043047785758972
FashionMNIST,small,42,10,a1,mean_activation,baseline,7,0.7816810607910156
FashionMNIST,small,42,10,a1,mean_activation,baseline,8,0.274416446685791
FashionMNIST,small,42,10,a1,mean_activation,baseline,9,0.5635344386100769
FashionMNIST,small,42,10,a1,mean_activation,baseline,10,0.22979488968849182
FashionMNIST,small,42,10,a1,mean_activation,baseline,11,0.6230465173721313
FashionMNIST,small,42,10,a1,mean_activation,baseline,12,0.31223076581954956
FashionMNIST,small,42,10,a1,mean_activation,baseline,13,0.5448580980300903
FashionMNIST,small,42,10,a1,mean_activation,baseline,14,1.4106616973876953
FashionMNIST,small,42,10,a1,mean_activation,baseline,15,0.9188945293426514
FashionMNIST,small,42,10,a1,mean_activation,baseline,16,0.41915690898895264
FashionMNIST,small,42,10,a1,mean_activation,baseline,17,0.1020020991563797
FashionMNIST,small,42,10,a1,mean_activation,baseline,18,0.8338568210601807
FashionMNIST,small,42,10,a1,mean_activation,baseline,19,0.32023486495018005
FashionMNIST,small,42,10,a1,mean_activation,baseline,20,1.0642989873886108
FashionMNIST,small,42,10,a1,mean_activation,baseline,21,1.5403785705566406
FashionMNIST,small,42,10,a1,mean_activation,baseline,22,1.6458460092544556
FashionMNIST,small,42,10,a1,mean_activation,baseline,23,1.911238670349121
FashionMNIST,small,42,10,a1,mean_activation,baseline,24,0.37967416644096375
FashionMNIST,small,42,10,a1,mean_activation,baseline,25,0.7500406503677368
FashionMNIST,small,42,10,a1,mean_activation,baseline,26,0.7806312441825867
FashionMNIST,small,42,10,a1,mean_activation,baseline,27,1.2686903476715088
FashionMNIST,small,42,10,a1,mean_activation,baseline,28,0.09136117249727249
FashionMNIST,small,42,10,a1,mean_activation,baseline,29,0.1319296956062317
FashionMNIST,small,42,10,a1,mean_activation,baseline,30,0.1570887714624405
FashionMNIST,small,42,10,a1,mean_activation,baseline,31,0.8294116258621216
FashionMNIST,small,42,10,a1,mean_activation,baseline,32,0.06716340035200119
FashionMNIST,small,42,10,a1,mean_activation,baseline,33,0.373756468296051
FashionMNIST,small,42,10,a1,mean_activation,baseline,34,0.7086695432662964
FashionMNIST,small,42,10,a1,mean_activation,baseline,35,0.16954593360424042
FashionMNIST,small,42,10,a1,mean_activation,baseline,36,1.0725648403167725
FashionMNIST,small,42,10,a1,mean_activation,baseline,37,0.5042967796325684
FashionMNIST,small,42,10,a1,mean_activation,baseline,38,0.20962423086166382
FashionMNIST,small,42,10,a1,mean_activation,baseline,39,0.7072251439094543
FashionMNIST,small,42,10,a1,mean_activation,baseline,40,0.5496329069137573
FashionMNIST,small,42,10,a1,mean_activation,baseline,41,1.0206091403961182
FashionMNIST,small,42,10,a1,mean_activation,baseline,42,0.13828513026237488
FashionMNIST,small,42,10,a1,mean_activation,baseline,43,0.19581492245197296
FashionMNIST,small,42,10,a1,mean_activation,baseline,44,0.03208041191101074
FashionMNIST,small,42,10,a1,mean_activation,baseline,45,0.7027939558029175
FashionMNIST,small,42,10,a1,mean_activation,baseline,46,0.6986668705940247
FashionMNIST,small,42,10,a1,mean_activation,baseline,47,0.17598600685596466
FashionMNIST,small,42,10,a1,mean_activation,baseline,48,0.8262810707092285
FashionMNIST,small,42,10,a1,mean_activation,baseline,49,0.2233288735151291
FashionMNIST,small,42,10,a1,mean_activation,baseline,50,0.22271281480789185
FashionMNIST,small,42,10,a1,mean_activation,baseline,51,0.16288743913173676
FashionMNIST,small,42,10,a1,mean_activation,baseline,52,0.6531752943992615
FashionMNIST,small,42,10,a1,mean_activation,baseline,53,0.19811764359474182
FashionMNIST,small,42,10,a1,mean_activation,baseline,54,0.7074661254882812
FashionMNIST,small,42,10,a1,mean_activation,baseline,55,0.2339605838060379
FashionMNIST,small,42,10,a1,mean_activation,baseline,56,0.3986387848854065
FashionMNIST,small,42,10,a1,mean_activation,baseline,57,0.9493236541748047
FashionMNIST,small,42,10,a1,mean_activation,baseline,58,0.04707244411110878
FashionMNIST,small,42,10,a1,mean_activation,baseline,59,1.8677397747524083e-05
FashionMNIST,small,42,10,a1,mean_activation,baseline,60,0.619998037815094
FashionMNIST,small,42,10,a1,mean_activation,baseline,61,0.11328741908073425
FashionMNIST,small,42,10,a1,mean_activation,baseline,62,0.11826572567224503
FashionMNIST,small,42,10,a1,mean_activation,baseline,63,0.7858100533485413
FashionMNIST,small,42,10,a1,mean_activation,baseline,64,0.07377677410840988
FashionMNIST,small,42,10,a1,mean_activation,baseline,65,0.4153156280517578
FashionMNIST,small,42,10,a1,mean_activation,baseline,66,0.3473612368106842
FashionMNIST,small,42,10,a1,mean_activation,baseline,67,0.7843196392059326
FashionMNIST,small,42,10,a1,mean_activation,baseline,68,0.3048520088195801
FashionMNIST,small,42,10,a1,mean_activation,baseline,69,0.22105929255485535
FashionMNIST,small,42,10,a1,mean_activation,baseline,70,0.018024049699306488
FashionMNIST,small,42,10,a1,mean_activation,baseline,71,0.5081598162651062
FashionMNIST,small,42,10,a1,mean_activation,baseline,72,0.874354362487793
FashionMNIST,small,42,10,a1,mean_activation,baseline,73,1.3174008131027222
FashionMNIST,small,42,10,a1,mean_activation,baseline,74,1.2013994455337524
FashionMNIST,small,42,10,a1,mean_activation,baseline,75,1.6732109785079956
FashionMNIST,small,42,10,a1,mean_activation,baseline,76,0.3443998396396637
FashionMNIST,small,42,10,a1,mean_activation,baseline,77,0.4582013189792633
FashionMNIST,small,42,10,a1,mean_activation,baseline,78,0.4981124699115753
FashionMNIST,small,42,10,a1,mean_activation,baseline,79,0.6580460667610168
FashionMNIST,small,42,10,a1,mean_activation,baseline,80,0.15085482597351074
FashionMNIST,small,42,10,a1,mean_activation,baseline,81,0.9718565344810486
FashionMNIST,small,42,10,a1,mean_activation,baseline,82,0.5870243906974792
FashionMNIST,small,42,10,a1,mean_activation,baseline,83,0.5410709381103516
FashionMNIST,small,42,10,a1,mean_activation,baseline,84,1.0560349225997925
FashionMNIST,small,42,10,a1,mean_activation,baseline,85,0.9905734658241272
FashionMNIST,small,42,10,a1,mean_activation,baseline,86,0.7127903699874878
FashionMNIST,small,42,10,a1,mean_activation,baseline,87,0.18889352679252625
FashionMNIST,small,42,10,a1,mean_activation,baseline,88,0.6003316044807434
FashionMNIST,small,42,10,a1,mean_activation,baseline,89,0.47356030344963074
FashionMNIST,small,42,10,a1,mean_activation,baseline,90,0.049251966178417206
FashionMNIST,small,42,10,a1,mean_activation,baseline,91,0.12673935294151306
FashionMNIST,small,42,10,a1,mean_activation,baseline,92,0.339584618806839
FashionMNIST,small,42,10,a1,mean_activation,baseline,93,0.8240417838096619
FashionMNIST,small,42,10,a1,mean_activation,baseline,94,1.5535075664520264
FashionMNIST,small,42,10,a1,mean_activation,baseline,95,0.2752264738082886
FashionMNIST,small,42,10,a1,mean_activation,baseline,96,0.18328429758548737
FashionMNIST,small,42,10,a1,mean_activation,baseline,97,0.4605526328086853
FashionMNIST,small,42,10,a1,mean_activation,baseline,98,0.34852147102355957
FashionMNIST,small,42,10,a1,mean_activation,baseline,99,0.12373755127191544
FashionMNIST,small,42,10,a1,mean_activation,baseline,100,0.7840418219566345
FashionMNIST,small,42,10,a1,mean_activation,baseline,101,0.48055604100227356
FashionMNIST,small,42,10,a1,mean_activation,baseline,102,1.640305995941162
FashionMNIST,small,42,10,a1,mean_activation,baseline,103,0.11261267215013504
FashionMNIST,small,42,10,a1,mean_activation,baseline,104,0.3791932165622711
FashionMNIST,small,42,10,a1,mean_activation,baseline,105,0.19013795256614685
FashionMNIST,small,42,10,a1,mean_activation,baseline,106,0.25892776250839233
FashionMNIST,small,42,10,a1,mean_activation,baseline,107,0.001474024262279272
FashionMNIST,small,42,10,a1,mean_activation,baseline,108,0.24430319666862488
FashionMNIST,small,42,10,a1,mean_activation,baseline,109,0.7107880115509033
FashionMNIST,small,42,10,a1,mean_activation,baseline,110,0.34258419275283813
FashionMNIST,small,42,10,a1,mean_activation,baseline,111,0.06149223446846008
FashionMNIST,small,42,10,a1,mean_activation,baseline,112,0.7896052002906799
FashionMNIST,small,42,10,a1,mean_activation,baseline,113,1.1468195915222168
FashionMNIST,small,42,10,a1,mean_activation,baseline,114,0.6184167861938477
FashionMNIST,small,42,10,a1,mean_activation,baseline,115,0.8702892065048218
FashionMNIST,small,42,10,a1,mean_activation,baseline,116,0.45954835414886475
FashionMNIST,small,42,10,a1,mean_activation,baseline,117,0.28981319069862366
FashionMNIST,small,42,10,a1,mean_activation,baseline,118,1.7811338901519775
FashionMNIST,small,42,10,a1,mean_activation,baseline,119,0.2405448704957962
FashionMNIST,small,42,10,a1,mean_activation,baseline,120,1.0006214380264282
FashionMNIST,small,42,10,a1,mean_activation,baseline,121,1.1489678621292114
FashionMNIST,small,42,10,a1,mean_activation,baseline,122,1.1818132400512695
FashionMNIST,small,42,10,a1,mean_activation,baseline,123,0.9518792629241943
FashionMNIST,small,42,10,a1,mean_activation,baseline,124,0.7638965845108032
FashionMNIST,small,42,10,a1,mean_activation,baseline,125,0.07030388712882996
FashionMNIST,small,42,10,a1,mean_activation,baseline,126,0.7414136528968811
FashionMNIST,small,42,10,a1,mean_activation,baseline,127,0.4513128399848938
FashionMNIST,small,42,10,a1,mean_activation,baseline,128,2.069194793701172
FashionMNIST,small,42,10,a1,mean_activation,baseline,129,0.23214882612228394
FashionMNIST,small,42,10,a1,mean_activation,baseline,130,0.1423199325799942
FashionMNIST,small,42,10,a1,mean_activation,baseline,131,0.3605891466140747
FashionMNIST,small,42,10,a1,mean_activation,baseline,132,0.3450601398944855
FashionMNIST,small,42,10,a1,mean_activation,baseline,133,0.4802471101284027
FashionMNIST,small,42,10,a1,mean_activation,baseline,134,0.6684276461601257
FashionMNIST,small,42,10,a1,mean_activation,baseline,135,0.46970170736312866
FashionMNIST,small,42,10,a1,mean_activation,baseline,136,0.7245553135871887
FashionMNIST,small,42,10,a1,mean_activation,baseline,137,0.5117694735527039
FashionMNIST,small,42,10,a1,mean_activation,baseline,138,0.9179571866989136
FashionMNIST,small,42,10,a1,mean_activation,baseline,139,1.374465823173523
FashionMNIST,small,42,10,a1,mean_activation,baseline,140,0.31841593980789185
FashionMNIST,small,42,10,a1,mean_activation,baseline,141,0.6911084651947021
FashionMNIST,small,42,10,a1,mean_activation,baseline,142,0.5780724883079529
FashionMNIST,small,42,10,a1,mean_activation,baseline,143,0.2283037006855011
FashionMNIST,small,42,10,a1,mean_activation,baseline,144,0.5667635202407837
FashionMNIST,small,42,10,a1,mean_activation,baseline,145,0.47386521100997925
FashionMNIST,small,42,10,a1,mean_activation,baseline,146,0.06220562756061554
FashionMNIST,small,42,10,a1,mean_activation,baseline,147,0.7798054218292236
FashionMNIST,small,42,10,a1,mean_activation,baseline,148,0.49018988013267517
FashionMNIST,small,42,10,a1,mean_activation,baseline,149,0.23962374031543732
FashionMNIST,small,42,10,a1,mean_activation,baseline,150,0.7951168417930603
FashionMNIST,small,42,10,a1,mean_activation,baseline,151,0.40482425689697266
FashionMNIST,small,42,10,a1,mean_activation,baseline,152,0.15157650411128998
FashionMNIST,small,42,10,a1,mean_activation,baseline,153,0.32455360889434814
FashionMNIST,small,42,10,a1,mean_activation,baseline,154,1.3879320621490479
FashionMNIST,small,42,10,a1,mean_activation,baseline,155,0.7820920348167419
FashionMNIST,small,42,10,a1,mean_activation,baseline,156,0.5085529685020447
FashionMNIST,small,42,10,a1,mean_activation,baseline,157,0.24320088326931
FashionMNIST,small,42,10,a1,mean_activation,baseline,158,1.0576331615447998
FashionMNIST,small,42,10,a1,mean_activation,baseline,159,1.1283515691757202
FashionMNIST,small,42,10,a1,mean_activation,baseline,160,0.496431827545166
FashionMNIST,small,42,10,a1,mean_activation,baseline,161,0.40801724791526794
FashionMNIST,small,42,10,a1,mean_activation,baseline,162,1.462131142616272
FashionMNIST,small,42,10,a1,mean_activation,baseline,163,0.4145914912223816
FashionMNIST,small,42,10,a1,mean_activation,baseline,164,0.8996914625167847
FashionMNIST,small,42,10,a1,mean_activation,baseline,165,1.2185983657836914
FashionMNIST,small,42,10,a1,mean_activation,baseline,166,0.6232720613479614
FashionMNIST,small,42,10,a1,mean_activation,baseline,167,0.03988417983055115
FashionMNIST,small,42,10,a1,mean_activation,baseline,168,1.5582687854766846
FashionMNIST,small,42,10,a1,mean_activation,baseline,169,0.3204639256000519
FashionMNIST,small,42,10,a1,mean_activation,baseline,170,0.15955103933811188
FashionMNIST,small,42,10,a1,mean_activation,baseline,171,0.13845151662826538
FashionMNIST,small,42,10,a1,mean_activation,baseline,172,0.5709038376808167
FashionMNIST,small,42,10,a1,mean_activation,baseline,173,0.6587866544723511
FashionMNIST,small,42,10,a1,mean_activation,baseline,174,1.1849045753479004
FashionMNIST,small,42,10,a1,mean_activation,baseline,175,0.6108307242393494
FashionMNIST,small,42,10,a1,mean_activation,baseline,176,0.7384619116783142
FashionMNIST,small,42,10,a1,mean_activation,baseline,177,0.7846516370773315
FashionMNIST,small,42,10,a1,mean_activation,baseline,178,0.2419164478778839
FashionMNIST,small,42,10,a1,mean_activation,baseline,179,0.31319722533226013
FashionMNIST,small,42,10,a1,mean_activation,baseline,180,0.23590831458568573
FashionMNIST,small,42,10,a1,mean_activation,baseline,181,1.2412629127502441
FashionMNIST,small,42,10,a1,mean_activation,baseline,182,1.2945151329040527
FashionMNIST,small,42,10,a1,mean_activation,baseline,183,0.29308733344078064
FashionMNIST,small,42,10,a1,mean_activation,baseline,184,0.31126976013183594
FashionMNIST,small,42,10,a1,mean_activation,baseline,185,1.1357399225234985
FashionMNIST,small,42,10,a1,mean_activation,baseline,186,0.8617088794708252
FashionMNIST,small,42,10,a1,mean_activation,baseline,187,0.30324822664260864
FashionMNIST,small,42,10,a1,mean_activation,baseline,188,1.2924573421478271
FashionMNIST,small,42,10,a1,mean_activation,baseline,189,1.8497483730316162
FashionMNIST,small,42,10,a1,mean_activation,baseline,190,0.8739100694656372
FashionMNIST,small,42,10,a1,mean_activation,baseline,191,2.143763303756714
FashionMNIST,small,42,10,a1,mean_activation,baseline,192,0.9792018532752991
FashionMNIST,small,42,10,a1,mean_activation,baseline,193,0.5120255351066589
FashionMNIST,small,42,10,a1,mean_activation,baseline,194,1.8365083932876587
FashionMNIST,small,42,10,a1,mean_activation,baseline,195,0.37314653396606445
FashionMNIST,small,42,10,a1,mean_activation,baseline,196,0.9877246022224426
FashionMNIST,small,42,10,a1,mean_activation,baseline,197,0.9454236030578613
FashionMNIST,small,42,10,a1,mean_activation,baseline,198,0.5994940996170044
FashionMNIST,small,42,10,a1,mean_activation,baseline,199,0.9716015458106995
FashionMNIST,small,42,10,a1,mean_activation,baseline,200,0.6422860622406006
FashionMNIST,small,42,10,a1,mean_activation,baseline,201,0.8311412334442139
FashionMNIST,small,42,10,a1,mean_activation,baseline,202,0.3783402442932129
FashionMNIST,small,42,10,a1,mean_activation,baseline,203,0.2539001703262329
FashionMNIST,small,42,10,a1,mean_activation,baseline,204,0.44688868522644043
FashionMNIST,small,42,10,a1,mean_activation,baseline,205,0.10502801835536957
FashionMNIST,small,42,10,a1,mean_activation,baseline,206,0.7742455005645752
FashionMNIST,small,42,10,a1,mean_activation,baseline,207,0.07671588659286499
FashionMNIST,small,42,10,a1,mean_activation,baseline,208,0.8987641334533691
FashionMNIST,small,42,10,a1,mean_activation,baseline,209,0.8781660795211792
FashionMNIST,small,42,10,a1,mean_activation,baseline,210,0.057928360998630524
FashionMNIST,small,42,10,a1,mean_activation,baseline,211,0.5116977095603943
FashionMNIST,small,42,10,a1,mean_activation,baseline,212,0.2249743491411209
FashionMNIST,small,42,10,a1,mean_activation,baseline,213,0.1029963418841362
FashionMNIST,small,42,10,a1,mean_activation,baseline,214,0.2971009612083435
FashionMNIST,small,42,10,a1,mean_activation,baseline,215,0.11381857097148895
FashionMNIST,small,42,10,a1,mean_activation,baseline,216,0.25257787108421326
FashionMNIST,small,42,10,a1,mean_activation,baseline,217,0.0513630136847496
FashionMNIST,small,42,10,a1,mean_activation,baseline,218,0.12526868283748627
FashionMNIST,small,42,10,a1,mean_activation,baseline,219,0.357782244682312
FashionMNIST,small,42,10,a1,mean_activation,baseline,220,0.2982119619846344
FashionMNIST,small,42,10,a1,mean_activation,baseline,221,0.12295898795127869
FashionMNIST,small,42,10,a1,mean_activation,baseline,222,0.07900508493185043
FashionMNIST,small,42,10,a1,mean_activation,baseline,223,0.5547773241996765
FashionMNIST,small,42,10,a1,mean_activation,baseline,224,0.8259778618812561
FashionMNIST,small,42,10,a1,mean_activation,baseline,225,0.43370750546455383
FashionMNIST,small,42,10,a1,mean_activation,baseline,226,0.6610457897186279
FashionMNIST,small,42,10,a1,mean_activation,baseline,227,0.7644170522689819
FashionMNIST,small,42,10,a1,mean_activation,baseline,228,0.25725165009498596
FashionMNIST,small,42,10,a1,mean_activation,baseline,229,1.1867458820343018
FashionMNIST,small,42,10,a1,mean_activation,baseline,230,1.2088687419891357
FashionMNIST,small,42,10,a1,mean_activation,baseline,231,0.7372680306434631
FashionMNIST,small,42,10,a1,mean_activation,baseline,232,0.2205103635787964
FashionMNIST,small,42,10,a1,mean_activation,baseline,233,1.354695200920105
FashionMNIST,small,42,10,a1,mean_activation,baseline,234,0.05800213664770126
FashionMNIST,small,42,10,a1,mean_activation,baseline,235,0.7807905673980713
FashionMNIST,small,42,10,a1,mean_activation,baseline,236,0.02543007768690586
FashionMNIST,small,42,10,a1,mean_activation,baseline,237,1.724956750869751
FashionMNIST,small,42,10,a1,mean_activation,baseline,238,0.7833895683288574
FashionMNIST,small,42,10,a1,mean_activation,baseline,239,0.5212236642837524
FashionMNIST,small,42,10,a1,mean_activation,baseline,240,0.3441799581050873
FashionMNIST,small,42,10,a1,mean_activation,baseline,241,0.24714325368404388
FashionMNIST,small,42,10,a1,mean_activation,baseline,242,0.3286593556404114
FashionMNIST,small,42,10,a1,mean_activation,baseline,243,0.16563758254051208
FashionMNIST,small,42,10,a1,mean_activation,baseline,244,0.039871860295534134
FashionMNIST,small,42,10,a1,mean_activation,baseline,245,0.7211111187934875
FashionMNIST,small,42,10,a1,mean_activation,baseline,246,1.0208990573883057
FashionMNIST,small,42,10,a1,mean_activation,baseline,247,0.3138083517551422
FashionMNIST,small,42,10,a1,mean_activation,baseline,248,0.39690712094306946
FashionMNIST,small,42,10,a1,mean_activation,baseline,249,0.26438018679618835
FashionMNIST,small,42,10,a1,mean_activation,baseline,250,1.3485963344573975
FashionMNIST,small,42,10,a1,mean_activation,baseline,251,1.1762313842773438
FashionMNIST,small,42,10,a1,mean_activation,baseline,252,2.0454511642456055
FashionMNIST,small,42,10,a1,mean_activation,baseline,253,0.011401060968637466
FashionMNIST,small,42,10,a1,mean_activation,baseline,254,1.642379879951477
FashionMNIST,small,42,10,a1,mean_activation,baseline,255,0.2339368611574173
FashionMNIST,small,42,10,a2,mean_activation,baseline,0,0.8264462351799011
FashionMNIST,small,42,10,a2,mean_activation,baseline,1,0.7699319124221802
FashionMNIST,small,42,10,a2,mean_activation,baseline,2,0.848673939704895
FashionMNIST,small,42,10,a2,mean_activation,baseline,3,0.5467337369918823
FashionMNIST,small,42,10,a2,mean_activation,baseline,4,1.2773610353469849
FashionMNIST,small,42,10,a2,mean_activation,baseline,5,2.16593599319458
FashionMNIST,small,42,10,a2,mean_activation,baseline,6,0.5601475834846497
FashionMNIST,small,42,10,a2,mean_activation,baseline,7,0.5176761150360107
FashionMNIST,small,42,10,a2,mean_activation,baseline,8,3.2907681465148926
FashionMNIST,small,42,10,a2,mean_activation,baseline,9,1.3854985237121582
FashionMNIST,small,42,10,a2,mean_activation,baseline,10,1.6085054874420166
FashionMNIST,small,42,10,a2,mean_activation,baseline,11,0.5291610360145569
FashionMNIST,small,42,10,a2,mean_activation,baseline,12,2.2448158264160156
FashionMNIST,small,42,10,a2,mean_activation,baseline,13,0.42270439863204956
FashionMNIST,small,42,10,a2,mean_activation,baseline,14,1.2830801010131836
FashionMNIST,small,42,10,a2,mean_activation,baseline,15,0.35491693019866943
FashionMNIST,small,42,10,a2,mean_activation,baseline,16,1.1866382360458374
FashionMNIST,small,42,10,a2,mean_activation,baseline,17,1.0039498805999756
FashionMNIST,small,42,10,a2,mean_activation,baseline,18,0.47975483536720276
FashionMNIST,small,42,10,a2,mean_activation,baseline,19,1.4874348640441895
FashionMNIST,small,42,10,a2,mean_activation,baseline,20,1.5489877462387085
FashionMNIST,small,42,10,a2,mean_activation,baseline,21,0.19960349798202515
FashionMNIST,small,42,10,a2,mean_activation,baseline,22,2.0099446773529053
FashionMNIST,small,42,10,a2,mean_activation,baseline,23,0.9938007593154907
FashionMNIST,small,42,10,a2,mean_activation,baseline,24,0.9670636057853699
FashionMNIST,small,42,10,a2,mean_activation,baseline,25,1.2179796695709229
FashionMNIST,small,42,10,a2,mean_activation,baseline,26,1.1395812034606934
FashionMNIST,small,42,10,a2,mean_activation,baseline,27,0.753754734992981
FashionMNIST,small,42,10,a2,mean_activation,baseline,28,1.338855504989624
FashionMNIST,small,42,10,a2,mean_activation,baseline,29,1.126935362815857
FashionMNIST,small,42,10,a2,mean_activation,baseline,30,2.087991237640381
FashionMNIST,small,42,10,a2,mean_activation,baseline,31,0.7395352125167847
FashionMNIST,small,42,10,a2,mean_activation,baseline,32,1.0399658679962158
FashionMNIST,small,42,10,a2,mean_activation,baseline,33,0.5859236717224121
FashionMNIST,small,42,10,a2,mean_activation,baseline,34,0.2358109951019287
FashionMNIST,small,42,10,a2,mean_activation,baseline,35,0.1362185776233673
FashionMNIST,small,42,10,a2,mean_activation,baseline,36,0.9113147258758545
FashionMNIST,small,42,10,a2,mean_activation,baseline,37,1.436608910560608
FashionMNIST,small,42,10,a2,mean_activation,baseline,38,0.79193514585495
FashionMNIST,small,42,10,a2,mean_activation,baseline,39,1.2772216796875
FashionMNIST,small,42,10,a2,mean_activation,baseline,40,1.1144908666610718
FashionMNIST,small,42,10,a2,mean_activation,baseline,41,1.2301661968231201
FashionMNIST,small,42,10,a2,mean_activation,baseline,42,1.9275569915771484
FashionMNIST,small,42,10,a2,mean_activation,baseline,43,0.6707474589347839
FashionMNIST,small,42,10,a2,mean_activation,baseline,44,1.100833773612976
FashionMNIST,small,42,10,a2,mean_activation,baseline,45,1.4618940353393555
FashionMNIST,small,42,10,a2,mean_activation,baseline,46,0.617480456829071
FashionMNIST,small,42,10,a2,mean_activation,baseline,47,1.3996583223342896
FashionMNIST,small,42,10,a2,mean_activation,baseline,48,1.6025431156158447
FashionMNIST,small,42,10,a2,mean_activation,baseline,49,1.6802417039871216
FashionMNIST,small,42,10,a2,mean_activation,baseline,50,1.1658152341842651
FashionMNIST,small,42,10,a2,mean_activation,baseline,51,1.08065664768219
FashionMNIST,small,42,10,a2,mean_activation,baseline,52,0.8617064356803894
FashionMNIST,small,42,10,a2,mean_activation,baseline,53,0.7003174424171448
FashionMNIST,small,42,10,a2,mean_activation,baseline,54,1.3582252264022827
FashionMNIST,small,42,10,a2,mean_activation,baseline,55,0.6578040719032288
FashionMNIST,small,42,10,a2,mean_activation,baseline,56,0.16203875839710236
FashionMNIST,small,42,10,a2,mean_activation,baseline,57,0.7399727702140808
FashionMNIST,small,42,10,a2,mean_activation,baseline,58,1.0712201595306396
FashionMNIST,small,42,10,a2,mean_activation,baseline,59,0.680749773979187
FashionMNIST,small,42,10,a2,mean_activation,baseline,60,0.3534317910671234
FashionMNIST,small,42,10,a2,mean_activation,baseline,61,0.005327669437974691
FashionMNIST,small,42,10,a2,mean_activation,baseline,62,1.147783637046814
FashionMNIST,small,42,10,a2,mean_activation,baseline,63,0.8139179944992065
FashionMNIST,small,42,10,a2,mean_activation,baseline,64,2.0462265014648438
FashionMNIST,small,42,10,a2,mean_activation,baseline,65,0.2308734804391861
FashionMNIST,small,42,10,a2,mean_activation,baseline,66,1.830155611038208
FashionMNIST,small,42,10,a2,mean_activation,baseline,67,0.785404622554779
FashionMNIST,small,42,10,a2,mean_activation,baseline,68,2.4510176181793213
FashionMNIST,small,42,10,a2,mean_activation,baseline,69,0.6500574350357056
FashionMNIST,small,42,10,a2,mean_activation,baseline,70,1.5778353214263916
FashionMNIST,small,42,10,a2,mean_activation,baseline,71,2.4483389854431152
FashionMNIST,small,42,10,a2,mean_activation,baseline,72,2.4044320583343506
FashionMNIST,small,42,10,a2,mean_activation,baseline,73,1.848721981048584
FashionMNIST,small,42,10,a2,mean_activation,baseline,74,1.702370047569275
FashionMNIST,small,42,10,a2,mean_activation,baseline,75,0.7428691983222961
FashionMNIST,small,42,10,a2,mean_activation,baseline,76,2.4404139518737793
FashionMNIST,small,42,10,a2,mean_activation,baseline,77,1.3518831729888916
FashionMNIST,small,42,10,a2,mean_activation,baseline,78,1.1521942615509033
FashionMNIST,small,42,10,a2,mean_activation,baseline,79,0.18014425039291382
FashionMNIST,small,42,10,a2,mean_activation,baseline,80,0.723724365234375
FashionMNIST,small,42,10,a2,mean_activation,baseline,81,1.063768982887268
FashionMNIST,small,42,10,a2,mean_activation,baseline,82,0.7903329730033875
FashionMNIST,small,42,10,a2,mean_activation,baseline,83,0.8388468027114868
FashionMNIST,small,42,10,a2,mean_activation,baseline,84,1.057492733001709
FashionMNIST,small,42,10,a2,mean_activation,baseline,85,4.104676246643066
FashionMNIST,small,42,10,a2,mean_activation,baseline,86,1.6307387351989746
FashionMNIST,small,42,10,a2,mean_activation,baseline,87,0.7881343364715576
FashionMNIST,small,42,10,a2,mean_activation,baseline,88,1.4375981092453003
FashionMNIST,small,42,10,a2,mean_activation,baseline,89,0.9623308777809143
FashionMNIST,small,42,10,a2,mean_activation,baseline,90,1.2367700338363647
FashionMNIST,small,42,10,a2,mean_activation,baseline,91,0.5177286267280579
FashionMNIST,small,42,10,a2,mean_activation,baseline,92,0.5383031368255615
FashionMNIST,small,42,10,a2,mean_activation,baseline,93,0.6316071152687073
FashionMNIST,small,42,10,a2,mean_activation,baseline,94,1.6640191078186035
FashionMNIST,small,42,10,a2,mean_activation,baseline,95,0.35336583852767944
FashionMNIST,small,42,10,a2,mean_activation,baseline,96,0.9162309169769287
FashionMNIST,small,42,10,a2,mean_activation,baseline,97,1.6996068954467773
FashionMNIST,small,42,10,a2,mean_activation,baseline,98,1.087479591369629
FashionMNIST,small,42,10,a2,mean_activation,baseline,99,0.2998571991920471
FashionMNIST,small,42,10,a2,mean_activation,baseline,100,1.4260836839675903
FashionMNIST,small,42,10,a2,mean_activation,baseline,101,0.47818523645401
FashionMNIST,small,42,10,a2,mean_activation,baseline,102,1.635288953781128
FashionMNIST,small,42,10,a2,mean_activation,baseline,103,0.2109450399875641
FashionMNIST,small,42,10,a2,mean_activation,baseline,104,0.5242475867271423
FashionMNIST,small,42,10,a2,mean_activation,baseline,105,1.157796025276184
FashionMNIST,small,42,10,a2,mean_activation,baseline,106,1.2021349668502808
FashionMNIST,small,42,10,a2,mean_activation,baseline,107,1.7794733047485352
FashionMNIST,small,42,10,a2,mean_activation,baseline,108,1.5047403573989868
FashionMNIST,small,42,10,a2,mean_activation,baseline,109,0.9246787428855896
FashionMNIST,small,42,10,a2,mean_activation,baseline,110,1.7553770542144775
FashionMNIST,small,42,10,a2,mean_activation,baseline,111,1.9653918743133545
FashionMNIST,small,42,10,a2,mean_activation,baseline,112,0.5034973621368408
FashionMNIST,small,42,10,a2,mean_activation,baseline,113,0.29895371198654175
FashionMNIST,small,42,10,a2,mean_activation,baseline,114,1.234357237815857
FashionMNIST,small,42,10,a2,mean_activation,baseline,115,0.7381246089935303
FashionMNIST,small,42,10,a2,mean_activation,baseline,116,1.0240561962127686
FashionMNIST,small,42,10,a2,mean_activation,baseline,117,1.5326509475708008
FashionMNIST,small,42,10,a2,mean_activation,baseline,118,0.35433098673820496
FashionMNIST,small,42,10,a2,mean_activation,baseline,119,1.7764973640441895
FashionMNIST,small,42,10,a2,mean_activation,baseline,120,1.1350479125976562
FashionMNIST,small,42,10,a2,mean_activation,baseline,121,1.5342968702316284
FashionMNIST,small,42,10,a2,mean_activation,baseline,122,1.4807875156402588
FashionMNIST,small,42,10,a2,mean_activation,baseline,123,2.7366509437561035
FashionMNIST,small,42,10,a2,mean_activation,baseline,124,1.225919246673584
FashionMNIST,small,42,10,a2,mean_activation,baseline,125,1.866909384727478
FashionMNIST,small,42,10,a2,mean_activation,baseline,126,1.031172752380371
FashionMNIST,small,42,10,a2,mean_activation,baseline,127,1.671902060508728
FashionMNIST,small,42,10,a1,firing_rate,baseline,0,0.115234375
FashionMNIST,small,42,10,a1,firing_rate,baseline,1,0.17919921875
FashionMNIST,small,42,10,a1,firing_rate,baseline,2,0.1640625
FashionMNIST,small,42,10,a1,firing_rate,baseline,3,0.001953125
FashionMNIST,small,42,10,a1,firing_rate,baseline,4,0.25244140625
FashionMNIST,small,42,10,a1,firing_rate,baseline,5,0.0859375
FashionMNIST,small,42,10,a1,firing_rate,baseline,6,0.08349609375
FashionMNIST,small,42,10,a1,firing_rate,baseline,7,0.23974609375
FashionMNIST,small,42,10,a1,firing_rate,baseline,8,0.1982421875
FashionMNIST,small,42,10,a1,firing_rate,baseline,9,0.25537109375
FashionMNIST,small,42,10,a1,firing_rate,baseline,10,0.10888671875
FashionMNIST,small,42,10,a1,firing_rate,baseline,11,0.23779296875
FashionMNIST,small,42,10,a1,firing_rate,baseline,12,0.1357421875
FashionMNIST,small,42,10,a1,firing_rate,baseline,13,0.17041015625
FashionMNIST,small,42,10,a1,firing_rate,baseline,14,0.38037109375
FashionMNIST,small,42,10,a1,firing_rate,baseline,15,0.4169921875
FashionMNIST,small,42,10,a1,firing_rate,baseline,16,0.15625
FashionMNIST,small,42,10,a1,firing_rate,baseline,17,0.05615234375
FashionMNIST,small,42,10,a1,firing_rate,baseline,18,0.3017578125
FashionMNIST,small,42,10,a1,firing_rate,baseline,19,0.09423828125
FashionMNIST,small,42,10,a1,firing_rate,baseline,20,0.2685546875
FashionMNIST,small,42,10,a1,firing_rate,baseline,21,0.33544921875
FashionMNIST,small,42,10,a1,firing_rate,baseline,22,0.482421875
FashionMNIST,small,42,10,a1,firing_rate,baseline,23,0.44921875
FashionMNIST,small,42,10,a1,firing_rate,baseline,24,0.1875
FashionMNIST,small,42,10,a1,firing_rate,baseline,25,0.23291015625
FashionMNIST,small,42,10,a1,firing_rate,baseline,26,0.25244140625
FashionMNIST,small,42,10,a1,firing_rate,baseline,27,0.40234375
FashionMNIST,small,42,10,a1,firing_rate,baseline,28,0.03515625
FashionMNIST,small,42,10,a1,firing_rate,baseline,29,0.07568359375
FashionMNIST,small,42,10,a1,firing_rate,baseline,30,0.0703125
FashionMNIST,small,42,10,a1,firing_rate,baseline,31,0.24267578125
FashionMNIST,small,42,10,a1,firing_rate,baseline,32,0.03369140625
FashionMNIST,small,42,10,a1,firing_rate,baseline,33,0.15087890625
FashionMNIST,small,42,10,a1,firing_rate,baseline,34,0.19580078125
FashionMNIST,small,42,10,a1,firing_rate,baseline,35,0.126953125
FashionMNIST,small,42,10,a1,firing_rate,baseline,36,0.44140625
FashionMNIST,small,42,10,a1,firing_rate,baseline,37,0.22509765625
FashionMNIST,small,42,10,a1,firing_rate,baseline,38,0.17041015625
FashionMNIST,small,42,10,a1,firing_rate,baseline,39,0.365234375
FashionMNIST,small,42,10,a1,firing_rate,baseline,40,0.15771484375
FashionMNIST,small,42,10,a1,firing_rate,baseline,41,0.2822265625
FashionMNIST,small,42,10,a1,firing_rate,baseline,42,0.09619140625
FashionMNIST,small,42,10,a1,firing_rate,baseline,43,0.0888671875
FashionMNIST,small,42,10,a1,firing_rate,baseline,44,0.013671875
FashionMNIST,small,42,10,a1,firing_rate,baseline,45,0.2001953125
FashionMNIST,small,42,10,a1,firing_rate,baseline,46,0.21630859375
FashionMNIST,small,42,10,a1,firing_rate,baseline,47,0.19287109375
FashionMNIST,small,42,10,a1,firing_rate,baseline,48,0.3251953125
FashionMNIST,small,42,10,a1,firing_rate,baseline,49,0.07275390625
FashionMNIST,small,42,10,a1,firing_rate,baseline,50,0.0556640625
FashionMNIST,small,42,10,a1,firing_rate,baseline,51,0.1064453125
FashionMNIST,small,42,10,a1,firing_rate,baseline,52,0.2314453125
FashionMNIST,small,42,10,a1,firing_rate,baseline,53,0.10595703125
FashionMNIST,small,42,10,a1,firing_rate,baseline,54,0.23291015625
FashionMNIST,small,42,10,a1,firing_rate,baseline,55,0.0908203125
FashionMNIST,small,42,10,a1,firing_rate,baseline,56,0.205078125
FashionMNIST,small,42,10,a1,firing_rate,baseline,57,0.4130859375
FashionMNIST,small,42,10,a1,firing_rate,baseline,58,0.0205078125
FashionMNIST,small,42,10,a1,firing_rate,baseline,59,0.00048828125
FashionMNIST,small,42,10,a1,firing_rate,baseline,60,0.21923828125
FashionMNIST,small,42,10,a1,firing_rate,baseline,61,0.10400390625
FashionMNIST,small,42,10,a1,firing_rate,baseline,62,0.08349609375
FashionMNIST,small,42,10,a1,firing_rate,baseline,63,0.23876953125
FashionMNIST,small,42,10,a1,firing_rate,baseline,64,0.0673828125
FashionMNIST,small,42,10,a1,firing_rate,baseline,65,0.17138671875
FashionMNIST,small,42,10,a1,firing_rate,baseline,66,0.09130859375
FashionMNIST,small,42,10,a1,firing_rate,baseline,67,0.3798828125
FashionMNIST,small,42,10,a1,firing_rate,baseline,68,0.1513671875
FashionMNIST,small,42,10,a1,firing_rate,baseline,69,0.1162109375
FashionMNIST,small,42,10,a1,firing_rate,baseline,70,0.0087890625
FashionMNIST,small,42,10,a1,firing_rate,baseline,71,0.234375
FashionMNIST,small,42,10,a1,firing_rate,baseline,72,0.28515625
FashionMNIST,small,42,10,a1,firing_rate,baseline,73,0.36376953125
FashionMNIST,small,42,10,a1,firing_rate,baseline,74,0.41650390625
FashionMNIST,small,42,10,a1,firing_rate,baseline,75,0.57177734375
FashionMNIST,small,42,10,a1,firing_rate,baseline,76,0.1796875
FashionMNIST,small,42,10,a1,firing_rate,baseline,77,0.1708984375
FashionMNIST,small,42,10,a1,firing_rate,baseline,78,0.22607421875
FashionMNIST,small,42,10,a1,firing_rate,baseline,79,0.21044921875
FashionMNIST,small,42,10,a1,firing_rate,baseline,80,0.1103515625
FashionMNIST,small,42,10,a1,firing_rate,baseline,81,0.39599609375
FashionMNIST,small,42,10,a1,firing_rate,baseline,82,0.25732421875
FashionMNIST,small,42,10,a1,firing_rate,baseline,83,0.27685546875
FashionMNIST,small,42,10,a1,firing_rate,baseline,84,0.44287109375
FashionMNIST,small,42,10,a1,firing_rate,baseline,85,0.2607421875
FashionMNIST,small,42,10,a1,firing_rate,baseline,86,0.2919921875
FashionMNIST,small,42,10,a1,firing_rate,baseline,87,0.15234375
FashionMNIST,small,42,10,a1,firing_rate,baseline,88,0.17431640625
FashionMNIST,small,42,10,a1,firing_rate,baseline,89,0.275390625
FashionMNIST,small,42,10,a1,firing_rate,baseline,90,0.0419921875
FashionMNIST,small,42,10,a1,firing_rate,baseline,91,0.05712890625
FashionMNIST,small,42,10,a1,firing_rate,baseline,92,0.1494140625
FashionMNIST,small,42,10,a1,firing_rate,baseline,93,0.19970703125
FashionMNIST,small,42,10,a1,firing_rate,baseline,94,0.314453125
FashionMNIST,small,42,10,a1,firing_rate,baseline,95,0.1767578125
FashionMNIST,small,42,10,a1,firing_rate,baseline,96,0.10595703125
FashionMNIST,small,42,10,a1,firing_rate,baseline,97,0.21533203125
FashionMNIST,small,42,10,a1,firing_rate,baseline,98,0.14208984375
FashionMNIST,small,42,10,a1,firing_rate,baseline,99,0.0888671875
FashionMNIST,small,42,10,a1,firing_rate,baseline,100,0.42333984375
FashionMNIST,small,42,10,a1,firing_rate,baseline,101,0.20947265625
FashionMNIST,small,42,10,a1,firing_rate,baseline,102,0.451171875
FashionMNIST,small,42,10,a1,firing_rate,baseline,103,0.0576171875
FashionMNIST,small,42,10,a1,firing_rate,baseline,104,0.1669921875
FashionMNIST,small,42,10,a1,firing_rate,baseline,105,0.1259765625
FashionMNIST,small,42,10,a1,firing_rate,baseline,106,0.1015625
FashionMNIST,small,42,10,a1,firing_rate,baseline,107,0.001953125
FashionMNIST,small,42,10,a1,firing_rate,baseline,108,0.130859375
FashionMNIST,small,42,10,a1,firing_rate,baseline,109,0.310546875
FashionMNIST,small,42,10,a1,firing_rate,baseline,110,0.16064453125
FashionMNIST,small,42,10,a1,firing_rate,baseline,111,0.05908203125
FashionMNIST,small,42,10,a1,firing_rate,baseline,112,0.23583984375
FashionMNIST,small,42,10,a1,firing_rate,baseline,113,0.30126953125
FashionMNIST,small,42,10,a1,firing_rate,baseline,114,0.2490234375
FashionMNIST,small,42,10,a1,firing_rate,baseline,115,0.42626953125
FashionMNIST,small,42,10,a1,firing_rate,baseline,116,0.13427734375
FashionMNIST,small,42,10,a1,firing_rate,baseline,117,0.17626953125
FashionMNIST,small,42,10,a1,firing_rate,baseline,118,0.24267578125
FashionMNIST,small,42,10,a1,firing_rate,baseline,119,0.14208984375
FashionMNIST,small,42,10,a1,firing_rate,baseline,120,0.2939453125
FashionMNIST,small,42,10,a1,firing_rate,baseline,121,0.27001953125
FashionMNIST,small,42,10,a1,firing_rate,baseline,122,0.396484375
FashionMNIST,small,42,10,a1,firing_rate,baseline,123,0.30078125
FashionMNIST,small,42,10,a1,firing_rate,baseline,124,0.345703125
FashionMNIST,small,42,10,a1,firing_rate,baseline,125,0.07763671875
FashionMNIST,small,42,10,a1,firing_rate,baseline,126,0.228515625
FashionMNIST,small,42,10,a1,firing_rate,baseline,127,0.25732421875
FashionMNIST,small,42,10,a1,firing_rate,baseline,128,0.5126953125
FashionMNIST,small,42,10,a1,firing_rate,baseline,129,0.13671875
FashionMNIST,small,42,10,a1,firing_rate,baseline,130,0.09228515625
FashionMNIST,small,42,10,a1,firing_rate,baseline,131,0.19775390625
FashionMNIST,small,42,10,a1,firing_rate,baseline,132,0.19677734375
FashionMNIST,small,42,10,a1,firing_rate,baseline,133,0.18603515625
FashionMNIST,small,42,10,a1,firing_rate,baseline,134,0.2265625
FashionMNIST,small,42,10,a1,firing_rate,baseline,135,0.1962890625
FashionMNIST,small,42,10,a1,firing_rate,baseline,136,0.21240234375
FashionMNIST,small,42,10,a1,firing_rate,baseline,137,0.30322265625
FashionMNIST,small,42,10,a1,firing_rate,baseline,138,0.27392578125
FashionMNIST,small,42,10,a1,firing_rate,baseline,139,0.5107421875
FashionMNIST,small,42,10,a1,firing_rate,baseline,140,0.22412109375
FashionMNIST,small,42,10,a1,firing_rate,baseline,141,0.3203125
FashionMNIST,small,42,10,a1,firing_rate,baseline,142,0.25439453125
FashionMNIST,small,42,10,a1,firing_rate,baseline,143,0.14501953125
FashionMNIST,small,42,10,a1,firing_rate,baseline,144,0.28857421875
FashionMNIST,small,42,10,a1,firing_rate,baseline,145,0.17578125
FashionMNIST,small,42,10,a1,firing_rate,baseline,146,0.03173828125
FashionMNIST,small,42,10,a1,firing_rate,baseline,147,0.2978515625
FashionMNIST,small,42,10,a1,firing_rate,baseline,148,0.236328125
FashionMNIST,small,42,10,a1,firing_rate,baseline,149,0.166015625
FashionMNIST,small,42,10,a1,firing_rate,baseline,150,0.228515625
FashionMNIST,small,42,10,a1,firing_rate,baseline,151,0.1806640625
FashionMNIST,small,42,10,a1,firing_rate,baseline,152,0.1474609375
FashionMNIST,small,42,10,a1,firing_rate,baseline,153,0.10595703125
FashionMNIST,small,42,10,a1,firing_rate,baseline,154,0.26806640625
FashionMNIST,small,42,10,a1,firing_rate,baseline,155,0.27197265625
FashionMNIST,small,42,10,a1,firing_rate,baseline,156,0.18310546875
FashionMNIST,small,42,10,a1,firing_rate,baseline,157,0.0947265625
FashionMNIST,small,42,10,a1,firing_rate,baseline,158,0.49072265625
FashionMNIST,small,42,10,a1,firing_rate,baseline,159,0.39794921875
FashionMNIST,small,42,10,a1,firing_rate,baseline,160,0.3876953125
FashionMNIST,small,42,10,a1,firing_rate,baseline,161,0.150390625
FashionMNIST,small,42,10,a1,firing_rate,baseline,162,0.3349609375
FashionMNIST,small,42,10,a1,firing_rate,baseline,163,0.26611328125
FashionMNIST,small,42,10,a1,firing_rate,baseline,164,0.328125
FashionMNIST,small,42,10,a1,firing_rate,baseline,165,0.39111328125
FashionMNIST,small,42,10,a1,firing_rate,baseline,166,0.27978515625
FashionMNIST,small,42,10,a1,firing_rate,baseline,167,0.0166015625
FashionMNIST,small,42,10,a1,firing_rate,baseline,168,0.51123046875
FashionMNIST,small,42,10,a1,firing_rate,baseline,169,0.21484375
FashionMNIST,small,42,10,a1,firing_rate,baseline,170,0.11279296875
FashionMNIST,small,42,10,a1,firing_rate,baseline,171,0.08056640625
FashionMNIST,small,42,10,a1,firing_rate,baseline,172,0.22119140625
FashionMNIST,small,42,10,a1,firing_rate,baseline,173,0.25341796875
FashionMNIST,small,42,10,a1,firing_rate,baseline,174,0.27880859375
FashionMNIST,small,42,10,a1,firing_rate,baseline,175,0.15771484375
FashionMNIST,small,42,10,a1,firing_rate,baseline,176,0.32275390625
FashionMNIST,small,42,10,a1,firing_rate,baseline,177,0.2958984375
FashionMNIST,small,42,10,a1,firing_rate,baseline,178,0.119140625
FashionMNIST,small,42,10,a1,firing_rate,baseline,179,0.1806640625
FashionMNIST,small,42,10,a1,firing_rate,baseline,180,0.15966796875
FashionMNIST,small,42,10,a1,firing_rate,baseline,181,0.39111328125
FashionMNIST,small,42,10,a1,firing_rate,baseline,182,0.314453125
FashionMNIST,small,42,10,a1,firing_rate,baseline,183,0.22265625
FashionMNIST,small,42,10,a1,firing_rate,baseline,184,0.13818359375
FashionMNIST,small,42,10,a1,firing_rate,baseline,185,0.3154296875
FashionMNIST,small,42,10,a1,firing_rate,baseline,186,0.1953125
FashionMNIST,small,42,10,a1,firing_rate,baseline,187,0.1923828125
FashionMNIST,small,42,10,a1,firing_rate,baseline,188,0.43408203125
FashionMNIST,small,42,10,a1,firing_rate,baseline,189,0.43896484375
FashionMNIST,small,42,10,a1,firing_rate,baseline,190,0.25927734375
FashionMNIST,small,42,10,a1,firing_rate,baseline,191,0.55908203125
FashionMNIST,small,42,10,a1,firing_rate,baseline,192,0.39794921875
FashionMNIST,small,42,10,a1,firing_rate,baseline,193,0.27880859375
FashionMNIST,small,42,10,a1,firing_rate,baseline,194,0.45703125
FashionMNIST,small,42,10,a1,firing_rate,baseline,195,0.1298828125
FashionMNIST,small,42,10,a1,firing_rate,baseline,196,0.4150390625
FashionMNIST,small,42,10,a1,firing_rate,baseline,197,0.36572265625
FashionMNIST,small,42,10,a1,firing_rate,baseline,198,0.17041015625
FashionMNIST,small,42,10,a1,firing_rate,baseline,199,0.30224609375
FashionMNIST,small,42,10,a1,firing_rate,baseline,200,0.2431640625
FashionMNIST,small,42,10,a1,firing_rate,baseline,201,0.2685546875
FashionMNIST,small,42,10,a1,firing_rate,baseline,202,0.1953125
FashionMNIST,small,42,10,a1,firing_rate,baseline,203,0.05029296875
FashionMNIST,small,42,10,a1,firing_rate,baseline,204,0.1337890625
FashionMNIST,small,42,10,a1,firing_rate,baseline,205,0.03173828125
FashionMNIST,small,42,10,a1,firing_rate,baseline,206,0.2333984375
FashionMNIST,small,42,10,a1,firing_rate,baseline,207,0.0478515625
FashionMNIST,small,42,10,a1,firing_rate,baseline,208,0.3544921875
FashionMNIST,small,42,10,a1,firing_rate,baseline,209,0.14501953125
FashionMNIST,small,42,10,a1,firing_rate,baseline,210,0.03759765625
FashionMNIST,small,42,10,a1,firing_rate,baseline,211,0.2314453125
FashionMNIST,small,42,10,a1,firing_rate,baseline,212,0.19287109375
FashionMNIST,small,42,10,a1,firing_rate,baseline,213,0.05908203125
FashionMNIST,small,42,10,a1,firing_rate,baseline,214,0.1591796875
FashionMNIST,small,42,10,a1,firing_rate,baseline,215,0.0712890625
FashionMNIST,small,42,10,a1,firing_rate,baseline,216,0.11083984375
FashionMNIST,small,42,10,a1,firing_rate,baseline,217,0.0498046875
FashionMNIST,small,42,10,a1,firing_rate,baseline,218,0.07568359375
FashionMNIST,small,42,10,a1,firing_rate,baseline,219,0.13720703125
FashionMNIST,small,42,10,a1,firing_rate,baseline,220,0.18505859375
FashionMNIST,small,42,10,a1,firing_rate,baseline,221,0.03515625
FashionMNIST,small,42,10,a1,firing_rate,baseline,222,0.06298828125
FashionMNIST,small,42,10,a1,firing_rate,baseline,223,0.3125
FashionMNIST,small,42,10,a1,firing_rate,baseline,224,0.33349609375
FashionMNIST,small,42,10,a1,firing_rate,baseline,225,0.23388671875
FashionMNIST,small,42,10,a1,firing_rate,baseline,226,0.203125
FashionMNIST,small,42,10,a1,firing_rate,baseline,227,0.306640625
FashionMNIST,small,42,10,a1,firing_rate,baseline,228,0.138671875
FashionMNIST,small,42,10,a1,firing_rate,baseline,229,0.37060546875
FashionMNIST,small,42,10,a1,firing_rate,baseline,230,0.3896484375
FashionMNIST,small,42,10,a1,firing_rate,baseline,231,0.2236328125
FashionMNIST,small,42,10,a1,firing_rate,baseline,232,0.1220703125
FashionMNIST,small,42,10,a1,firing_rate,baseline,233,0.34814453125
FashionMNIST,small,42,10,a1,firing_rate,baseline,234,0.03564453125
FashionMNIST,small,42,10,a1,firing_rate,baseline,235,0.2548828125
FashionMNIST,small,42,10,a1,firing_rate,baseline,236,0.02490234375
FashionMNIST,small,42,10,a1,firing_rate,baseline,237,0.44287109375
FashionMNIST,small,42,10,a1,firing_rate,baseline,238,0.20703125
FashionMNIST,small,42,10,a1,firing_rate,baseline,239,0.1611328125
FashionMNIST,small,42,10,a1,firing_rate,baseline,240,0.1806640625
FashionMNIST,small,42,10,a1,firing_rate,baseline,241,0.1435546875
FashionMNIST,small,42,10,a1,firing_rate,baseline,242,0.162109375
FashionMNIST,small,42,10,a1,firing_rate,baseline,243,0.06787109375
FashionMNIST,small,42,10,a1,firing_rate,baseline,244,0.0458984375
FashionMNIST,small,42,10,a1,firing_rate,baseline,245,0.2138671875
FashionMNIST,small,42,10,a1,firing_rate,baseline,246,0.4326171875
FashionMNIST,small,42,10,a1,firing_rate,baseline,247,0.224609375
FashionMNIST,small,42,10,a1,firing_rate,baseline,248,0.2021484375
FashionMNIST,small,42,10,a1,firing_rate,baseline,249,0.1123046875
FashionMNIST,small,42,10,a1,firing_rate,baseline,250,0.33642578125
FashionMNIST,small,42,10,a1,firing_rate,baseline,251,0.36474609375
FashionMNIST,small,42,10,a1,firing_rate,baseline,252,0.4990234375
FashionMNIST,small,42,10,a1,firing_rate,baseline,253,0.0087890625
FashionMNIST,small,42,10,a1,firing_rate,baseline,254,0.55615234375
FashionMNIST,small,42,10,a1,firing_rate,baseline,255,0.1259765625
FashionMNIST,small,42,10,a2,firing_rate,baseline,0,0.31689453125
FashionMNIST,small,42,10,a2,firing_rate,baseline,1,0.384765625
FashionMNIST,small,42,10,a2,firing_rate,baseline,2,0.34033203125
FashionMNIST,small,42,10,a2,firing_rate,baseline,3,0.29248046875
FashionMNIST,small,42,10,a2,firing_rate,baseline,4,0.34130859375
FashionMNIST,small,42,10,a2,firing_rate,baseline,5,0.392578125
FashionMNIST,small,42,10,a2,firing_rate,baseline,6,0.29833984375
FashionMNIST,small,42,10,a2,firing_rate,baseline,7,0.35595703125
FashionMNIST,small,42,10,a2,firing_rate,baseline,8,0.53125
FashionMNIST,small,42,10,a2,firing_rate,baseline,9,0.56201171875
FashionMNIST,small,42,10,a2,firing_rate,baseline,10,0.57177734375
FashionMNIST,small,42,10,a2,firing_rate,baseline,11,0.26025390625
FashionMNIST,small,42,10,a2,firing_rate,baseline,12,0.57861328125
FashionMNIST,small,42,10,a2,firing_rate,baseline,13,0.20947265625
FashionMNIST,small,42,10,a2,firing_rate,baseline,14,0.32763671875
FashionMNIST,small,42,10,a2,firing_rate,baseline,15,0.20947265625
FashionMNIST,small,42,10,a2,firing_rate,baseline,16,0.22021484375
FashionMNIST,small,42,10,a2,firing_rate,baseline,17,0.23388671875
FashionMNIST,small,42,10,a2,firing_rate,baseline,18,0.2646484375
FashionMNIST,small,42,10,a2,firing_rate,baseline,19,0.39111328125
FashionMNIST,small,42,10,a2,firing_rate,baseline,20,0.517578125
FashionMNIST,small,42,10,a2,firing_rate,baseline,21,0.1337890625
FashionMNIST,small,42,10,a2,firing_rate,baseline,22,0.46337890625
FashionMNIST,small,42,10,a2,firing_rate,baseline,23,0.34326171875
FashionMNIST,small,42,10,a2,firing_rate,baseline,24,0.287109375
FashionMNIST,small,42,10,a2,firing_rate,baseline,25,0.4228515625
FashionMNIST,small,42,10,a2,firing_rate,baseline,26,0.45068359375
FashionMNIST,small,42,10,a2,firing_rate,baseline,27,0.27978515625
FashionMNIST,small,42,10,a2,firing_rate,baseline,28,0.443359375
FashionMNIST,small,42,10,a2,firing_rate,baseline,29,0.34912109375
FashionMNIST,small,42,10,a2,firing_rate,baseline,30,0.40771484375
FashionMNIST,small,42,10,a2,firing_rate,baseline,31,0.3115234375
FashionMNIST,small,42,10,a2,firing_rate,baseline,32,0.40966796875
FashionMNIST,small,42,10,a2,firing_rate,baseline,33,0.26220703125
FashionMNIST,small,42,10,a2,firing_rate,baseline,34,0.16552734375
FashionMNIST,small,42,10,a2,firing_rate,baseline,35,0.09423828125
FashionMNIST,small,42,10,a2,firing_rate,baseline,36,0.453125
FashionMNIST,small,42,10,a2,firing_rate,baseline,37,0.44482421875
FashionMNIST,small,42,10,a2,firing_rate,baseline,38,0.28857421875
FashionMNIST,small,42,10,a2,firing_rate,baseline,39,0.40673828125
FashionMNIST,small,42,10,a2,firing_rate,baseline,40,0.50341796875
FashionMNIST,small,42,10,a2,firing_rate,baseline,41,0.380859375
FashionMNIST,small,42,10,a2,firing_rate,baseline,42,0.50244140625
FashionMNIST,small,42,10,a2,firing_rate,baseline,43,0.3466796875
FashionMNIST,small,42,10,a2,firing_rate,baseline,44,0.3408203125
FashionMNIST,small,42,10,a2,firing_rate,baseline,45,0.509765625
FashionMNIST,small,42,10,a2,firing_rate,baseline,46,0.22412109375
FashionMNIST,small,42,10,a2,firing_rate,baseline,47,0.35107421875
FashionMNIST,small,42,10,a2,firing_rate,baseline,48,0.41015625
FashionMNIST,small,42,10,a2,firing_rate,baseline,49,0.546875
FashionMNIST,small,42,10,a2,firing_rate,baseline,50,0.55908203125
FashionMNIST,small,42,10,a2,firing_rate,baseline,51,0.38232421875
FashionMNIST,small,42,10,a2,firing_rate,baseline,52,0.24853515625
FashionMNIST,small,42,10,a2,firing_rate,baseline,53,0.390625
FashionMNIST,small,42,10,a2,firing_rate,baseline,54,0.3896484375
FashionMNIST,small,42,10,a2,firing_rate,baseline,55,0.2822265625
FashionMNIST,small,42,10,a2,firing_rate,baseline,56,0.0947265625
FashionMNIST,small,42,10,a2,firing_rate,baseline,57,0.3056640625
FashionMNIST,small,42,10,a2,firing_rate,baseline,58,0.3955078125
FashionMNIST,small,42,10,a2,firing_rate,baseline,59,0.29736328125
FashionMNIST,small,42,10,a2,firing_rate,baseline,60,0.23681640625
FashionMNIST,small,42,10,a2,firing_rate,baseline,61,0.01171875
FashionMNIST,small,42,10,a2,firing_rate,baseline,62,0.564453125
FashionMNIST,small,42,10,a2,firing_rate,baseline,63,0.37744140625
FashionMNIST,small,42,10,a2,firing_rate,baseline,64,0.4697265625
FashionMNIST,small,42,10,a2,firing_rate,baseline,65,0.150390625
FashionMNIST,small,42,10,a2,firing_rate,baseline,66,0.525390625
FashionMNIST,small,42,10,a2,firing_rate,baseline,67,0.28515625
FashionMNIST,small,42,10,a2,firing_rate,baseline,68,0.56396484375
FashionMNIST,small,42,10,a2,firing_rate,baseline,69,0.28125
FashionMNIST,small,42,10,a2,firing_rate,baseline,70,0.51611328125
FashionMNIST,small,42,10,a2,firing_rate,baseline,71,0.4541015625
FashionMNIST,small,42,10,a2,firing_rate,baseline,72,0.38623046875
FashionMNIST,small,42,10,a2,firing_rate,baseline,73,0.4814453125
FashionMNIST,small,42,10,a2,firing_rate,baseline,74,0.35498046875
FashionMNIST,small,42,10,a2,firing_rate,baseline,75,0.29833984375
FashionMNIST,small,42,10,a2,firing_rate,baseline,76,0.63623046875
FashionMNIST,small,42,10,a2,firing_rate,baseline,77,0.2451171875
FashionMNIST,small,42,10,a2,firing_rate,baseline,78,0.33203125
FashionMNIST,small,42,10,a2,firing_rate,baseline,79,0.16015625
FashionMNIST,small,42,10,a2,firing_rate,baseline,80,0.38671875
FashionMNIST,small,42,10,a2,firing_rate,baseline,81,0.24267578125
FashionMNIST,small,42,10,a2,firing_rate,baseline,82,0.34521484375
FashionMNIST,small,42,10,a2,firing_rate,baseline,83,0.296875
FashionMNIST,small,42,10,a2,firing_rate,baseline,84,0.259765625
FashionMNIST,small,42,10,a2,firing_rate,baseline,85,0.39599609375
FashionMNIST,small,42,10,a2,firing_rate,baseline,86,0.52001953125
FashionMNIST,small,42,10,a2,firing_rate,baseline,87,0.33984375
FashionMNIST,small,42,10,a2,firing_rate,baseline,88,0.482421875
FashionMNIST,small,42,10,a2,firing_rate,baseline,89,0.4638671875
FashionMNIST,small,42,10,a2,firing_rate,baseline,90,0.5849609375
FashionMNIST,small,42,10,a2,firing_rate,baseline,91,0.30322265625
FashionMNIST,small,42,10,a2,firing_rate,baseline,92,0.36181640625
FashionMNIST,small,42,10,a2,firing_rate,baseline,93,0.2431640625
FashionMNIST,small,42,10,a2,firing_rate,baseline,94,0.5869140625
FashionMNIST,small,42,10,a2,firing_rate,baseline,95,0.15869140625
FashionMNIST,small,42,10,a2,firing_rate,baseline,96,0.453125
FashionMNIST,small,42,10,a2,firing_rate,baseline,97,0.59326171875
FashionMNIST,small,42,10,a2,firing_rate,baseline,98,0.3505859375
FashionMNIST,small,42,10,a2,firing_rate,baseline,99,0.1484375
FashionMNIST,small,42,10,a2,firing_rate,baseline,100,0.4296875
FashionMNIST,small,42,10,a2,firing_rate,baseline,101,0.20263671875
FashionMNIST,small,42,10,a2,firing_rate,baseline,102,0.58447265625
FashionMNIST,small,42,10,a2,firing_rate,baseline,103,0.1298828125
FashionMNIST,small,42,10,a2,firing_rate,baseline,104,0.23876953125
FashionMNIST,small,42,10,a2,firing_rate,baseline,105,0.47265625
FashionMNIST,small,42,10,a2,firing_rate,baseline,106,0.408203125
FashionMNIST,small,42,10,a2,firing_rate,baseline,107,0.4736328125
FashionMNIST,small,42,10,a2,firing_rate,baseline,108,0.46728515625
FashionMNIST,small,42,10,a2,firing_rate,baseline,109,0.4033203125
FashionMNIST,small,42,10,a2,firing_rate,baseline,110,0.65966796875
FashionMNIST,small,42,10,a2,firing_rate,baseline,111,0.48193359375
FashionMNIST,small,42,10,a2,firing_rate,baseline,112,0.275390625
FashionMNIST,small,42,10,a2,firing_rate,baseline,113,0.2138671875
FashionMNIST,small,42,10,a2,firing_rate,baseline,114,0.25537109375
FashionMNIST,small,42,10,a2,firing_rate,baseline,115,0.41845703125
FashionMNIST,small,42,10,a2,firing_rate,baseline,116,0.34375
FashionMNIST,small,42,10,a2,firing_rate,baseline,117,0.328125
FashionMNIST,small,42,10,a2,firing_rate,baseline,118,0.197265625
FashionMNIST,small,42,10,a2,firing_rate,baseline,119,0.357421875
FashionMNIST,small,42,10,a2,firing_rate,baseline,120,0.53759765625
FashionMNIST,small,42,10,a2,firing_rate,baseline,121,0.44580078125
FashionMNIST,small,42,10,a2,firing_rate,baseline,122,0.40576171875
FashionMNIST,small,42,10,a2,firing_rate,baseline,123,0.5361328125
FashionMNIST,small,42,10,a2,firing_rate,baseline,124,0.4990234375
FashionMNIST,small,42,10,a2,firing_rate,baseline,125,0.38134765625
FashionMNIST,small,42,10,a2,firing_rate,baseline,126,0.31103515625
FashionMNIST,small,42,10,a2,firing_rate,baseline,127,0.39794921875
FashionMNIST,small,42,10,a1,activation_variance,baseline,0,1.7162981033325195
FashionMNIST,small,42,10,a1,activation_variance,baseline,1,1.0176589488983154
FashionMNIST,small,42,10,a1,activation_variance,baseline,2,0.8168827295303345
FashionMNIST,small,42,10,a1,activation_variance,baseline,3,0.005904963705688715
FashionMNIST,small,42,10,a1,activation_variance,baseline,4,2.9064693450927734
FashionMNIST,small,42,10,a1,activation_variance,baseline,5,0.939335286617279
FashionMNIST,small,42,10,a1,activation_variance,baseline,6,0.14497040212154388
FashionMNIST,small,42,10,a1,activation_variance,baseline,7,2.8561089038848877
FashionMNIST,small,42,10,a1,activation_variance,baseline,8,0.5772713422775269
FashionMNIST,small,42,10,a1,activation_variance,baseline,9,1.492004632949829
FashionMNIST,small,42,10,a1,activation_variance,baseline,10,0.7290281057357788
FashionMNIST,small,42,10,a1,activation_variance,baseline,11,2.4582502841949463
FashionMNIST,small,42,10,a1,activation_variance,baseline,12,1.1858540773391724
FashionMNIST,small,42,10,a1,activation_variance,baseline,13,1.9833711385726929
FashionMNIST,small,42,10,a1,activation_variance,baseline,14,6.1509199142456055
FashionMNIST,small,42,10,a1,activation_variance,baseline,15,2.295988082885742
FashionMNIST,small,42,10,a1,activation_variance,baseline,16,1.7232892513275146
FashionMNIST,small,42,10,a1,activation_variance,baseline,17,0.2935319244861603
FashionMNIST,small,42,10,a1,activation_variance,baseline,18,2.6672239303588867
FashionMNIST,small,42,10,a1,activation_variance,baseline,19,1.7090331315994263
FashionMNIST,small,42,10,a1,activation_variance,baseline,20,5.254396915435791
FashionMNIST,small,42,10,a1,activation_variance,baseline,21,6.765395164489746
FashionMNIST,small,42,10,a1,activation_variance,baseline,22,9.018427848815918
FashionMNIST,small,42,10,a1,activation_variance,baseline,23,9.882128715515137
FashionMNIST,small,42,10,a1,activation_variance,baseline,24,0.8543701767921448
FashionMNIST,small,42,10,a1,activation_variance,baseline,25,3.6943483352661133
FashionMNIST,small,42,10,a1,activation_variance,baseline,26,4.189621448516846
FashionMNIST,small,42,10,a1,activation_variance,baseline,27,4.409688472747803
FashionMNIST,small,42,10,a1,activation_variance,baseline,28,0.45847153663635254
FashionMNIST,small,42,10,a1,activation_variance,baseline,29,0.3669072091579437
FashionMNIST,small,42,10,a1,activation_variance,baseline,30,0.5914312601089478
FashionMNIST,small,42,10,a1,activation_variance,baseline,31,3.89831280708313
FashionMNIST,small,42,10,a1,activation_variance,baseline,32,0.25681859254837036
FashionMNIST,small,42,10,a1,activation_variance,baseline,33,1.4764071702957153
FashionMNIST,small,42,10,a1,activation_variance,baseline,34,4.0969061851501465
FashionMNIST,small,42,10,a1,activation_variance,baseline,35,0.352783739566803
FashionMNIST,small,42,10,a1,activation_variance,baseline,36,2.7456560134887695
FashionMNIST,small,42,10,a1,activation_variance,baseline,37,1.3173205852508545
FashionMNIST,small,42,10,a1,activation_variance,baseline,38,0.36145949363708496
FashionMNIST,small,42,10,a1,activation_variance,baseline,39,1.6077635288238525
FashionMNIST,small,42,10,a1,activation_variance,baseline,40,3.3138434886932373
FashionMNIST,small,42,10,a1,activation_variance,baseline,41,4.333585739135742
FashionMNIST,small,42,10,a1,activation_variance,baseline,42,0.282125860452652
FashionMNIST,small,42,10,a1,activation_variance,baseline,43,0.9266764521598816
FashionMNIST,small,42,10,a1,activation_variance,baseline,44,0.13622811436653137
FashionMNIST,small,42,10,a1,activation_variance,baseline,45,3.6613516807556152
FashionMNIST,small,42,10,a1,activation_variance,baseline,46,3.4260737895965576
FashionMNIST,small,42,10,a1,activation_variance,baseline,47,0.26127883791923523
FashionMNIST,small,42,10,a1,activation_variance,baseline,48,2.4097650051116943
FashionMNIST,small,42,10,a1,activation_variance,baseline,49,0.9548720717430115
FashionMNIST,small,42,10,a1,activation_variance,baseline,50,1.2695515155792236
FashionMNIST,small,42,10,a1,activation_variance,baseline,51,0.3792515695095062
FashionMNIST,small,42,10,a1,activation_variance,baseline,52,2.7308952808380127
FashionMNIST,small,42,10,a1,activation_variance,baseline,53,0.5382527709007263
FashionMNIST,small,42,10,a1,activation_variance,baseline,54,2.407758951187134
FashionMNIST,small,42,10,a1,activation_variance,baseline,55,1.0350151062011719
FashionMNIST,small,42,10,a1,activation_variance,baseline,56,1.1859557628631592
FashionMNIST,small,42,10,a1,activation_variance,baseline,57,2.5238137245178223
FashionMNIST,small,42,10,a1,activation_variance,baseline,58,0.15590329468250275
FashionMNIST,small,42,10,a1,activation_variance,baseline,59,7.140860702747887e-07
FashionMNIST,small,42,10,a1,activation_variance,baseline,60,2.128943920135498
FashionMNIST,small,42,10,a1,activation_variance,baseline,61,0.19121727347373962
FashionMNIST,small,42,10,a1,activation_variance,baseline,62,0.3239589035511017
FashionMNIST,small,42,10,a1,activation_variance,baseline,63,3.749999523162842
FashionMNIST,small,42,10,a1,activation_variance,baseline,64,0.17655816674232483
FashionMNIST,small,42,10,a1,activation_variance,baseline,65,1.0950886011123657
FashionMNIST,small,42,10,a1,activation_variance,baseline,66,1.7832008600234985
FashionMNIST,small,42,10,a1,activation_variance,baseline,67,1.8093194961547852
FashionMNIST,small,42,10,a1,activation_variance,baseline,68,0.9339407682418823
FashionMNIST,small,42,10,a1,activation_variance,baseline,69,0.8196373581886292
FashionMNIST,small,42,10,a1,activation_variance,baseline,70,0.05196419358253479
FashionMNIST,small,42,10,a1,activation_variance,baseline,71,1.4624686241149902
FashionMNIST,small,42,10,a1,activation_variance,baseline,72,3.349919557571411
FashionMNIST,small,42,10,a1,activation_variance,baseline,73,4.931675910949707
FashionMNIST,small,42,10,a1,activation_variance,baseline,74,4.745964050292969
FashionMNIST,small,42,10,a1,activation_variance,baseline,75,4.546640872955322
FashionMNIST,small,42,10,a1,activation_variance,baseline,76,1.028786063194275
FashionMNIST,small,42,10,a1,activation_variance,baseline,77,2.004202365875244
FashionMNIST,small,42,10,a1,activation_variance,baseline,78,1.5461992025375366
FashionMNIST,small,42,10,a1,activation_variance,baseline,79,2.797913074493408
FashionMNIST,small,42,10,a1,activation_variance,baseline,80,0.3537867069244385
FashionMNIST,small,42,10,a1,activation_variance,baseline,81,2.94119930267334
FashionMNIST,small,42,10,a1,activation_variance,baseline,82,1.466627597808838
FashionMNIST,small,42,10,a1,activation_variance,baseline,83,1.2801544666290283
FashionMNIST,small,42,10,a1,activation_variance,baseline,84,2.921400547027588
FashionMNIST,small,42,10,a1,activation_variance,baseline,85,6.711061477661133
FashionMNIST,small,42,10,a1,activation_variance,baseline,86,1.9617136716842651
FashionMNIST,small,42,10,a1,activation_variance,baseline,87,0.2969558537006378
FashionMNIST,small,42,10,a1,activation_variance,baseline,88,2.877044200897217
FashionMNIST,small,42,10,a1,activation_variance,baseline,89,0.9775955677032471
FashionMNIST,small,42,10,a1,activation_variance,baseline,90,0.12657135725021362
FashionMNIST,small,42,10,a1,activation_variance,baseline,91,0.5177120566368103
FashionMNIST,small,42,10,a1,activation_variance,baseline,92,0.992470383644104
FashionMNIST,small,42,10,a1,activation_variance,baseline,93,4.149961471557617
FashionMNIST,small,42,10,a1,activation_variance,baseline,94,12.89617919921875
FashionMNIST,small,42,10,a1,activation_variance,baseline,95,0.6643170118331909
FashionMNIST,small,42,10,a1,activation_variance,baseline,96,0.4525734782218933
FashionMNIST,small,42,10,a1,activation_variance,baseline,97,1.6142463684082031
FashionMNIST,small,42,10,a1,activation_variance,baseline,98,1.1962952613830566
FashionMNIST,small,42,10,a1,activation_variance,baseline,99,0.3328174352645874
FashionMNIST,small,42,10,a1,activation_variance,baseline,100,1.8172011375427246
FashionMNIST,small,42,10,a1,activation_variance,baseline,101,1.4206690788269043
FashionMNIST,small,42,10,a1,activation_variance,baseline,102,7.333084583282471
FashionMNIST,small,42,10,a1,activation_variance,baseline,103,0.40056490898132324
FashionMNIST,small,42,10,a1,activation_variance,baseline,104,1.103849172592163
FashionMNIST,small,42,10,a1,activation_variance,baseline,105,0.4035932719707489
FashionMNIST,small,42,10,a1,activation_variance,baseline,106,1.2237211465835571
FashionMNIST,small,42,10,a1,activation_variance,baseline,107,0.001377394888550043
FashionMNIST,small,42,10,a1,activation_variance,baseline,108,0.833113431930542
FashionMNIST,small,42,10,a1,activation_variance,baseline,109,2.084904670715332
FashionMNIST,small,42,10,a1,activation_variance,baseline,110,0.9199620485305786
FashionMNIST,small,42,10,a1,activation_variance,baseline,111,0.10437740385532379
FashionMNIST,small,42,10,a1,activation_variance,baseline,112,3.8285059928894043
FashionMNIST,small,42,10,a1,activation_variance,baseline,113,6.7423858642578125
FashionMNIST,small,42,10,a1,activation_variance,baseline,114,1.6925525665283203
FashionMNIST,small,42,10,a1,activation_variance,baseline,115,2.1196699142456055
FashionMNIST,small,42,10,a1,activation_variance,baseline,116,2.9234445095062256
FashionMNIST,small,42,10,a1,activation_variance,baseline,117,0.6929382681846619
FashionMNIST,small,42,10,a1,activation_variance,baseline,118,17.338563919067383
FashionMNIST,small,42,10,a1,activation_variance,baseline,119,0.5862218141555786
FashionMNIST,small,42,10,a1,activation_variance,baseline,120,4.809506416320801
FashionMNIST,small,42,10,a1,activation_variance,baseline,121,6.528840065002441
FashionMNIST,small,42,10,a1,activation_variance,baseline,122,4.049983024597168
FashionMNIST,small,42,10,a1,activation_variance,baseline,123,4.318935394287109
FashionMNIST,small,42,10,a1,activation_variance,baseline,124,2.1761763095855713
FashionMNIST,small,42,10,a1,activation_variance,baseline,125,0.09124923497438431
FashionMNIST,small,42,10,a1,activation_variance,baseline,126,3.0999245643615723
FashionMNIST,small,42,10,a1,activation_variance,baseline,127,1.1090673208236694
FashionMNIST,small,42,10,a1,activation_variance,baseline,128,9.318565368652344
FashionMNIST,small,42,10,a1,activation_variance,baseline,129,0.7317577600479126
FashionMNIST,small,42,10,a1,activation_variance,baseline,130,0.313801109790802
FashionMNIST,small,42,10,a1,activation_variance,baseline,131,0.9422813653945923
FashionMNIST,small,42,10,a1,activation_variance,baseline,132,0.8454117774963379
FashionMNIST,small,42,10,a1,activation_variance,baseline,133,1.5111231803894043
FashionMNIST,small,42,10,a1,activation_variance,baseline,134,2.7138257026672363
FashionMNIST,small,42,10,a1,activation_variance,baseline,135,1.8024442195892334
FashionMNIST,small,42,10,a1,activation_variance,baseline,136,3.655606746673584
FashionMNIST,small,42,10,a1,activation_variance,baseline,137,1.0295889377593994
FashionMNIST,small,42,10,a1,activation_variance,baseline,138,3.219602346420288
FashionMNIST,small,42,10,a1,activation_variance,baseline,139,4.176458835601807
FashionMNIST,small,42,10,a1,activation_variance,baseline,140,0.6527242660522461
FashionMNIST,small,42,10,a1,activation_variance,baseline,141,2.2016029357910156
FashionMNIST,small,42,10,a1,activation_variance,baseline,142,1.718974232673645
FashionMNIST,small,42,10,a1,activation_variance,baseline,143,0.5224031209945679
FashionMNIST,small,42,10,a1,activation_variance,baseline,144,1.3739720582962036
FashionMNIST,small,42,10,a1,activation_variance,baseline,145,2.0410420894622803
FashionMNIST,small,42,10,a1,activation_variance,baseline,146,0.21198445558547974
FashionMNIST,small,42,10,a1,activation_variance,baseline,147,2.2215962409973145
FashionMNIST,small,42,10,a1,activation_variance,baseline,148,1.384352684020996
FashionMNIST,small,42,10,a1,activation_variance,baseline,149,0.4982670545578003
FashionMNIST,small,42,10,a1,activation_variance,baseline,150,4.202159404754639
FashionMNIST,small,42,10,a1,activation_variance,baseline,151,1.3161900043487549
FashionMNIST,small,42,10,a1,activation_variance,baseline,152,0.2533184587955475
FashionMNIST,small,42,10,a1,activation_variance,baseline,153,1.6593151092529297
FashionMNIST,small,42,10,a1,activation_variance,baseline,154,10.228545188903809
FashionMNIST,small,42,10,a1,activation_variance,baseline,155,2.832275152206421
FashionMNIST,small,42,10,a1,activation_variance,baseline,156,1.9463008642196655
FashionMNIST,small,42,10,a1,activation_variance,baseline,157,1.0835846662521362
FashionMNIST,small,42,10,a1,activation_variance,baseline,158,2.6710968017578125
FashionMNIST,small,42,10,a1,activation_variance,baseline,159,3.801227569580078
FashionMNIST,small,42,10,a1,activation_variance,baseline,160,0.7656443119049072
FashionMNIST,small,42,10,a1,activation_variance,baseline,161,1.6043071746826172
FashionMNIST,small,42,10,a1,activation_variance,baseline,162,7.993884563446045
FashionMNIST,small,42,10,a1,activation_variance,baseline,163,0.8473442792892456
FashionMNIST,small,42,10,a1,activation_variance,baseline,164,4.186487197875977
FashionMNIST,small,42,10,a1,activation_variance,baseline,165,6.6086955070495605
FashionMNIST,small,42,10,a1,activation_variance,baseline,166,1.8606212139129639
FashionMNIST,small,42,10,a1,activation_variance,baseline,167,0.2307714819908142
FashionMNIST,small,42,10,a1,activation_variance,baseline,168,5.562368869781494
FashionMNIST,small,42,10,a1,activation_variance,baseline,169,0.7250576615333557
FashionMNIST,small,42,10,a1,activation_variance,baseline,170,0.3792475163936615
FashionMNIST,small,42,10,a1,activation_variance,baseline,171,0.36871346831321716
FashionMNIST,small,42,10,a1,activation_variance,baseline,172,2.049579620361328
FashionMNIST,small,42,10,a1,activation_variance,baseline,173,1.9008675813674927
FashionMNIST,small,42,10,a1,activation_variance,baseline,174,6.29870080947876
FashionMNIST,small,42,10,a1,activation_variance,baseline,175,3.2814507484436035
FashionMNIST,small,42,10,a1,activation_variance,baseline,176,2.117220163345337
FashionMNIST,small,42,10,a1,activation_variance,baseline,177,3.3198657035827637
FashionMNIST,small,42,10,a1,activation_variance,baseline,178,0.7272053360939026
FashionMNIST,small,42,10,a1,activation_variance,baseline,179,0.9380000233650208
FashionMNIST,small,42,10,a1,activation_variance,baseline,180,0.4856022000312805
FashionMNIST,small,42,10,a1,activation_variance,baseline,181,4.23652458190918
FashionMNIST,small,42,10,a1,activation_variance,baseline,182,5.666382312774658
FashionMNIST,small,42,10,a1,activation_variance,baseline,183,0.47016024589538574
FashionMNIST,small,42,10,a1,activation_variance,baseline,184,0.9649383425712585
FashionMNIST,small,42,10,a1,activation_variance,baseline,185,6.17885684967041
FashionMNIST,small,42,10,a1,activation_variance,baseline,186,4.7641119956970215
FashionMNIST,small,42,10,a1,activation_variance,baseline,187,0.6077300906181335
FashionMNIST,small,42,10,a1,activation_variance,baseline,188,4.661313533782959
FashionMNIST,small,42,10,a1,activation_variance,baseline,189,7.937857627868652
FashionMNIST,small,42,10,a1,activation_variance,baseline,190,4.310599327087402
FashionMNIST,small,42,10,a1,activation_variance,baseline,191,6.496366500854492
FashionMNIST,small,42,10,a1,activation_variance,baseline,192,2.77779221534729
FashionMNIST,small,42,10,a1,activation_variance,baseline,193,1.0331010818481445
FashionMNIST,small,42,10,a1,activation_variance,baseline,194,7.7201409339904785
FashionMNIST,small,42,10,a1,activation_variance,baseline,195,1.7002270221710205
FashionMNIST,small,42,10,a1,activation_variance,baseline,196,3.1560473442077637
FashionMNIST,small,42,10,a1,activation_variance,baseline,197,3.59391188621521
FashionMNIST,small,42,10,a1,activation_variance,baseline,198,3.489776134490967
FashionMNIST,small,42,10,a1,activation_variance,baseline,199,4.291694641113281
FashionMNIST,small,42,10,a1,activation_variance,baseline,200,1.734541893005371
FashionMNIST,small,42,10,a1,activation_variance,baseline,201,4.480043411254883
FashionMNIST,small,42,10,a1,activation_variance,baseline,202,1.433266282081604
FashionMNIST,small,42,10,a1,activation_variance,baseline,203,2.0718295574188232
FashionMNIST,small,42,10,a1,activation_variance,baseline,204,1.969255805015564
FashionMNIST,small,42,10,a1,activation_variance,baseline,205,0.471170037984848
FashionMNIST,small,42,10,a1,activation_variance,baseline,206,3.5612690448760986
FashionMNIST,small,42,10,a1,activation_variance,baseline,207,0.22828295826911926
FashionMNIST,small,42,10,a1,activation_variance,baseline,208,2.501985549926758
FashionMNIST,small,42,10,a1,activation_variance,baseline,209,7.446702480316162
FashionMNIST,small,42,10,a1,activation_variance,baseline,210,0.15815764665603638
FashionMNIST,small,42,10,a1,activation_variance,baseline,211,1.2676372528076172
FashionMNIST,small,42,10,a1,activation_variance,baseline,212,0.37764644622802734
FashionMNIST,small,42,10,a1,activation_variance,baseline,213,0.2815120816230774
FashionMNIST,small,42,10,a1,activation_variance,baseline,214,1.0249437093734741
FashionMNIST,small,42,10,a1,activation_variance,baseline,215,0.30721014738082886
FashionMNIST,small,42,10,a1,activation_variance,baseline,216,1.0551588535308838
FashionMNIST,small,42,10,a1,activation_variance,baseline,217,0.08948167413473129
FashionMNIST,small,42,10,a1,activation_variance,baseline,218,0.30026209354400635
FashionMNIST,small,42,10,a1,activation_variance,baseline,219,1.4002140760421753
FashionMNIST,small,42,10,a1,activation_variance,baseline,220,0.7895834445953369
FashionMNIST,small,42,10,a1,activation_variance,baseline,221,0.779805600643158
FashionMNIST,small,42,10,a1,activation_variance,baseline,222,0.1485791951417923
FashionMNIST,small,42,10,a1,activation_variance,baseline,223,1.2945764064788818
FashionMNIST,small,42,10,a1,activation_variance,baseline,224,2.894918918609619
FashionMNIST,small,42,10,a1,activation_variance,baseline,225,1.1413226127624512
FashionMNIST,small,42,10,a1,activation_variance,baseline,226,2.8937530517578125
FashionMNIST,small,42,10,a1,activation_variance,baseline,227,2.696676254272461
FashionMNIST,small,42,10,a1,activation_variance,baseline,228,0.7136236429214478
FashionMNIST,small,42,10,a1,activation_variance,baseline,229,3.9825267791748047
FashionMNIST,small,42,10,a1,activation_variance,baseline,230,5.2132463455200195
FashionMNIST,small,42,10,a1,activation_variance,baseline,231,3.6251351833343506
FashionMNIST,small,42,10,a1,activation_variance,baseline,232,0.52376788854599
FashionMNIST,small,42,10,a1,activation_variance,baseline,233,6.696234703063965
FashionMNIST,small,42,10,a1,activation_variance,baseline,234,0.2432146668434143
FashionMNIST,small,42,10,a1,activation_variance,baseline,235,3.1593594551086426
FashionMNIST,small,42,10,a1,activation_variance,baseline,236,0.046196550130844116
FashionMNIST,small,42,10,a1,activation_variance,baseline,237,5.9306111335754395
FashionMNIST,small,42,10,a1,activation_variance,baseline,238,3.8032586574554443
FashionMNIST,small,42,10,a1,activation_variance,baseline,239,2.8610892295837402
FashionMNIST,small,42,10,a1,activation_variance,baseline,240,0.8105351328849792
FashionMNIST,small,42,10,a1,activation_variance,baseline,241,0.596150815486908
FashionMNIST,small,42,10,a1,activation_variance,baseline,242,1.040992259979248
FashionMNIST,small,42,10,a1,activation_variance,baseline,243,0.6252658367156982
FashionMNIST,small,42,10,a1,activation_variance,baseline,244,0.07227867841720581
FashionMNIST,small,42,10,a1,activation_variance,baseline,245,2.911088228225708
FashionMNIST,small,42,10,a1,activation_variance,baseline,246,2.5946052074432373
FashionMNIST,small,42,10,a1,activation_variance,baseline,247,0.5732643604278564
FashionMNIST,small,42,10,a1,activation_variance,baseline,248,1.1004993915557861
FashionMNIST,small,42,10,a1,activation_variance,baseline,249,1.1129159927368164
FashionMNIST,small,42,10,a1,activation_variance,baseline,250,7.760861396789551
FashionMNIST,small,42,10,a1,activation_variance,baseline,251,5.2959136962890625
FashionMNIST,small,42,10,a1,activation_variance,baseline,252,8.915793418884277
FashionMNIST,small,42,10,a1,activation_variance,baseline,253,0.024976808577775955
FashionMNIST,small,42,10,a1,activation_variance,baseline,254,4.85224723815918
FashionMNIST,small,42,10,a1,activation_variance,baseline,255,0.6630091667175293
FashionMNIST,small,42,10,a2,activation_variance,baseline,0,2.8752410411834717
FashionMNIST,small,42,10,a2,activation_variance,baseline,1,1.9783892631530762
FashionMNIST,small,42,10,a2,activation_variance,baseline,2,2.986703634262085
FashionMNIST,small,42,10,a2,activation_variance,baseline,3,1.3568165302276611
FashionMNIST,small,42,10,a2,activation_variance,baseline,4,5.218358039855957
FashionMNIST,small,42,10,a2,activation_variance,baseline,5,14.255315780639648
FashionMNIST,small,42,10,a2,activation_variance,baseline,6,1.2348729372024536
FashionMNIST,small,42,10,a2,activation_variance,baseline,7,1.1483560800552368
FashionMNIST,small,42,10,a2,activation_variance,baseline,8,14.60716438293457
FashionMNIST,small,42,10,a2,activation_variance,baseline,9,2.699221134185791
FashionMNIST,small,42,10,a2,activation_variance,baseline,10,3.980905055999756
FashionMNIST,small,42,10,a2,activation_variance,baseline,11,1.614479422569275
FashionMNIST,small,42,10,a2,activation_variance,baseline,12,7.648540496826172
FashionMNIST,small,42,10,a2,activation_variance,baseline,13,1.2759912014007568
FashionMNIST,small,42,10,a2,activation_variance,baseline,14,7.331562042236328
FashionMNIST,small,42,10,a2,activation_variance,baseline,15,0.7880252599716187
FashionMNIST,small,42,10,a2,activation_variance,baseline,16,9.930998802185059
FashionMNIST,small,42,10,a2,activation_variance,baseline,17,4.851765155792236
FashionMNIST,small,42,10,a2,activation_variance,baseline,18,1.1346161365509033
FashionMNIST,small,42,10,a2,activation_variance,baseline,19,6.203326225280762
FashionMNIST,small,42,10,a2,activation_variance,baseline,20,4.973360061645508
FashionMNIST,small,42,10,a2,activation_variance,baseline,21,0.4041237235069275
FashionMNIST,small,42,10,a2,activation_variance,baseline,22,14.162580490112305
FashionMNIST,small,42,10,a2,activation_variance,baseline,23,4.55626106262207
FashionMNIST,small,42,10,a2,activation_variance,baseline,24,4.543501377105713
FashionMNIST,small,42,10,a2,activation_variance,baseline,25,4.022357940673828
FashionMNIST,small,42,10,a2,activation_variance,baseline,26,2.8976221084594727
FashionMNIST,small,42,10,a2,activation_variance,baseline,27,2.482780933380127
FashionMNIST,small,42,10,a2,activation_variance,baseline,28,4.35215950012207
FashionMNIST,small,42,10,a2,activation_variance,baseline,29,3.6337637901306152
FashionMNIST,small,42,10,a2,activation_variance,baseline,30,9.450084686279297
FashionMNIST,small,42,10,a2,activation_variance,baseline,31,2.0619454383850098
FashionMNIST,small,42,10,a2,activation_variance,baseline,32,3.513723373413086
FashionMNIST,small,42,10,a2,activation_variance,baseline,33,1.5060410499572754
FashionMNIST,small,42,10,a2,activation_variance,baseline,34,0.5172995924949646
FashionMNIST,small,42,10,a2,activation_variance,baseline,35,0.3210589289665222
FashionMNIST,small,42,10,a2,activation_variance,baseline,36,1.9796456098556519
FashionMNIST,small,42,10,a2,activation_variance,baseline,37,6.505399227142334
FashionMNIST,small,42,10,a2,activation_variance,baseline,38,3.454355001449585
FashionMNIST,small,42,10,a2,activation_variance,baseline,39,5.555365085601807
FashionMNIST,small,42,10,a2,activation_variance,baseline,40,2.0991649627685547
FashionMNIST,small,42,10,a2,activation_variance,baseline,41,5.266493797302246
FashionMNIST,small,42,10,a2,activation_variance,baseline,42,7.159486770629883
FashionMNIST,small,42,10,a2,activation_variance,baseline,43,1.9270659685134888
FashionMNIST,small,42,10,a2,activation_variance,baseline,44,3.9751415252685547
FashionMNIST,small,42,10,a2,activation_variance,baseline,45,5.05967378616333
FashionMNIST,small,42,10,a2,activation_variance,baseline,46,2.8357937335968018
FashionMNIST,small,42,10,a2,activation_variance,baseline,47,6.590423583984375
FashionMNIST,small,42,10,a2,activation_variance,baseline,48,8.215150833129883
FashionMNIST,small,42,10,a2,activation_variance,baseline,49,6.307881832122803
FashionMNIST,small,42,10,a2,activation_variance,baseline,50,3.3284215927124023
FashionMNIST,small,42,10,a2,activation_variance,baseline,51,3.6178090572357178
FashionMNIST,small,42,10,a2,activation_variance,baseline,52,4.605509281158447
FashionMNIST,small,42,10,a2,activation_variance,baseline,53,1.4359660148620605
FashionMNIST,small,42,10,a2,activation_variance,baseline,54,5.016130447387695
FashionMNIST,small,42,10,a2,activation_variance,baseline,55,1.9948698282241821
FashionMNIST,small,42,10,a2,activation_variance,baseline,56,0.49385643005371094
FashionMNIST,small,42,10,a2,activation_variance,baseline,57,2.3254945278167725
FashionMNIST,small,42,10,a2,activation_variance,baseline,58,3.4570648670196533
FashionMNIST,small,42,10,a2,activation_variance,baseline,59,1.5783089399337769
FashionMNIST,small,42,10,a2,activation_variance,baseline,60,0.7118890285491943
FashionMNIST,small,42,10,a2,activation_variance,baseline,61,0.003563400125131011
FashionMNIST,small,42,10,a2,activation_variance,baseline,62,1.8606210947036743
FashionMNIST,small,42,10,a2,activation_variance,baseline,63,2.0738909244537354
FashionMNIST,small,42,10,a2,activation_variance,baseline,64,8.737010955810547
FashionMNIST,small,42,10,a2,activation_variance,baseline,65,0.49674829840660095
FashionMNIST,small,42,10,a2,activation_variance,baseline,66,6.18882417678833
FashionMNIST,small,42,10,a2,activation_variance,baseline,67,3.405466079711914
FashionMNIST,small,42,10,a2,activation_variance,baseline,68,8.916332244873047
FashionMNIST,small,42,10,a2,activation_variance,baseline,69,1.859362006187439
FashionMNIST,small,42,10,a2,activation_variance,baseline,70,4.145468235015869
FashionMNIST,small,42,10,a2,activation_variance,baseline,71,12.305259704589844
FashionMNIST,small,42,10,a2,activation_variance,baseline,72,15.017189025878906
FashionMNIST,small,42,10,a2,activation_variance,baseline,73,8.819561958312988
FashionMNIST,small,42,10,a2,activation_variance,baseline,74,8.889337539672852
FashionMNIST,small,42,10,a2,activation_variance,baseline,75,2.7090625762939453
FashionMNIST,small,42,10,a2,activation_variance,baseline,76,9.681716918945312
FashionMNIST,small,42,10,a2,activation_variance,baseline,77,10.7121000289917
FashionMNIST,small,42,10,a2,activation_variance,baseline,78,5.527523994445801
FashionMNIST,small,42,10,a2,activation_variance,baseline,79,0.26829099655151367
FashionMNIST,small,42,10,a2,activation_variance,baseline,80,1.4026012420654297
FashionMNIST,small,42,10,a2,activation_variance,baseline,81,5.201282501220703
FashionMNIST,small,42,10,a2,activation_variance,baseline,82,2.0466902256011963
FashionMNIST,small,42,10,a2,activation_variance,baseline,83,3.6513094902038574
FashionMNIST,small,42,10,a2,activation_variance,baseline,84,4.799752712249756
FashionMNIST,small,42,10,a2,activation_variance,baseline,85,34.948020935058594
FashionMNIST,small,42,10,a2,activation_variance,baseline,86,5.738105297088623
FashionMNIST,small,42,10,a2,activation_variance,baseline,87,2.0944085121154785
FashionMNIST,small,42,10,a2,activation_variance,baseline,88,5.047725677490234
FashionMNIST,small,42,10,a2,activation_variance,baseline,89,2.0821902751922607
FashionMNIST,small,42,10,a2,activation_variance,baseline,90,2.694891929626465
FashionMNIST,small,42,10,a2,activation_variance,baseline,91,1.05329430103302
FashionMNIST,small,42,10,a2,activation_variance,baseline,92,0.9451375007629395
FashionMNIST,small,42,10,a2,activation_variance,baseline,93,1.8540419340133667
FashionMNIST,small,42,10,a2,activation_variance,baseline,94,4.326902389526367
FashionMNIST,small,42,10,a2,activation_variance,baseline,95,0.9360653162002563
FashionMNIST,small,42,10,a2,activation_variance,baseline,96,2.036468029022217
FashionMNIST,small,42,10,a2,activation_variance,baseline,97,4.871933937072754
FashionMNIST,small,42,10,a2,activation_variance,baseline,98,3.5807814598083496
FashionMNIST,small,42,10,a2,activation_variance,baseline,99,0.80158531665802
FashionMNIST,small,42,10,a2,activation_variance,baseline,100,6.791179180145264
FashionMNIST,small,42,10,a2,activation_variance,baseline,101,1.5131890773773193
FashionMNIST,small,42,10,a2,activation_variance,baseline,102,4.100862979888916
FashionMNIST,small,42,10,a2,activation_variance,baseline,103,0.43664342164993286
FashionMNIST,small,42,10,a2,activation_variance,baseline,104,1.5453846454620361
FashionMNIST,small,42,10,a2,activation_variance,baseline,105,2.6474990844726562
FashionMNIST,small,42,10,a2,activation_variance,baseline,106,3.6886415481567383
FashionMNIST,small,42,10,a2,activation_variance,baseline,107,8.249019622802734
FashionMNIST,small,42,10,a2,activation_variance,baseline,108,7.857753276824951
FashionMNIST,small,42,10,a2,activation_variance,baseline,109,2.3336663246154785
FashionMNIST,small,42,10,a2,activation_variance,baseline,110,4.467584609985352
FashionMNIST,small,42,10,a2,activation_variance,baseline,111,9.080634117126465
FashionMNIST,small,42,10,a2,activation_variance,baseline,112,1.2592830657958984
FashionMNIST,small,42,10,a2,activation_variance,baseline,113,0.6535934209823608
FashionMNIST,small,42,10,a2,activation_variance,baseline,114,6.041445732116699
FashionMNIST,small,42,10,a2,activation_variance,baseline,115,1.8521153926849365
FashionMNIST,small,42,10,a2,activation_variance,baseline,116,3.562723398208618
FashionMNIST,small,42,10,a2,activation_variance,baseline,117,9.063403129577637
FashionMNIST,small,42,10,a2,activation_variance,baseline,118,0.9722679257392883
FashionMNIST,small,42,10,a2,activation_variance,baseline,119,12.05656623840332
FashionMNIST,small,42,10,a2,activation_variance,baseline,120,2.2800755500793457
FashionMNIST,small,42,10,a2,activation_variance,baseline,121,6.226853370666504
FashionMNIST,small,42,10,a2,activation_variance,baseline,122,6.45688533782959
FashionMNIST,small,42,10,a2,activation_variance,baseline,123,16.895816802978516
FashionMNIST,small,42,10,a2,activation_variance,baseline,124,3.4708125591278076
FashionMNIST,small,42,10,a2,activation_variance,baseline,125,10.491653442382812
FashionMNIST,small,42,10,a2,activation_variance,baseline,126,5.148619651794434
FashionMNIST,small,42,10,a2,activation_variance,baseline,127,11.664124488830566
FashionMNIST,small,42,10,a1,class_selectivity,loss_free,0,1.5033328533172607
FashionMNIST,small,42,10,a1,class_selectivity,loss_free,1,0.9694330096244812
FashionMNIST,small,42,10,a1,class_selectivity,loss_free,2,0.6597682237625122
FashionMNIST,small,42,10,a1,class_selectivity,loss_free,3,0.017281092703342438
FashionMNIST,small,42,10,a1,class_selectivity,loss_free,4,2.774167060852051
FashionMNIST,small,42,10,a1,class_selectivity,loss_free,5,0.7834204435348511
FashionMNIST,small,42,10,a1,class_selectivity,loss_free,6,0.21850767731666565
FashionMNIST,small,42,10,a1,class_selectivity,loss_free,7,2.8977816104888916
FashionMNIST,small,42,10,a1,class_selectivity,loss_free,8,0.4280098080635071
FashionMNIST,small,42,10,a1,class_selectivity,loss_free,9,2.301760673522949
FashionMNIST,small,42,10,a1,class_selectivity,loss_free,10,1.332449197769165
FashionMNIST,small,42,10,a1,class_selectivity,loss_free,11,3.0902748107910156
FashionMNIST,small,42,10,a1,class_selectivity,loss_free,12,1.9699375629425049
FashionMNIST,small,42,10,a1,class_selectivity,loss_free,13,2.230062246322632
FashionMNIST,small,42,10,a1,class_selectivity,loss_free,14,4.262602806091309
FashionMNIST,small,42,10,a1,class_selectivity,loss_free,15,0.9641865491867065
FashionMNIST,small,42,10,a1,class_selectivity,loss_free,16,1.5743775367736816
FashionMNIST,small,42,10,a1,class_selectivity,loss_free,17,0.5697416067123413
FashionMNIST,small,42,10,a1,class_selectivity,loss_free,18,2.5493569374084473
FashionMNIST,small,42,10,a1,class_selectivity,loss_free,19,2.5946881771087646
FashionMNIST,small,42,10,a1,class_selectivity,loss_free,20,5.725811958312988
FashionMNIST,small,42,10,a1,class_selectivity,loss_free,21,3.612588882446289
FashionMNIST,small,42,10,a1,class_selectivity,loss_free,22,5.187319755554199
FashionMNIST,small,42,10,a1,class_selectivity,loss_free,23,6.977602958679199
FashionMNIST,small,42,10,a1,class_selectivity,loss_free,24,1.758980393409729
FashionMNIST,small,42,10,a1,class_selectivity,loss_free,25,1.9811896085739136
FashionMNIST,small,42,10,a1,class_selectivity,loss_free,26,3.024068832397461
FashionMNIST,small,42,10,a1,class_selectivity,loss_free,27,1.9023077487945557
FashionMNIST,small,42,10,a1,class_selectivity,loss_free,28,0.3420652747154236
FashionMNIST,small,42,10,a1,class_selectivity,loss_free,29,0.5028455257415771
FashionMNIST,small,42,10,a1,class_selectivity,loss_free,30,0.8109928369522095
FashionMNIST,small,42,10,a1,class_selectivity,loss_free,31,4.413858413696289
FashionMNIST,small,42,10,a1,class_selectivity,loss_free,32,0.16546863317489624
FashionMNIST,small,42,10,a1,class_selectivity,loss_free,33,0.9141584038734436
FashionMNIST,small,42,10,a1,class_selectivity,loss_free,34,5.08030891418457
FashionMNIST,small,42,10,a1,class_selectivity,loss_free,35,0.6465307474136353
FashionMNIST,small,42,10,a1,class_selectivity,loss_free,36,1.2258857488632202
FashionMNIST,small,42,10,a1,class_selectivity,loss_free,37,2.5758824348449707
FashionMNIST,small,42,10,a1,class_selectivity,loss_free,38,0.20581699907779694
FashionMNIST,small,42,10,a1,class_selectivity,loss_free,39,1.119503378868103
FashionMNIST,small,42,10,a1,class_selectivity,loss_free,40,3.8922553062438965
FashionMNIST,small,42,10,a1,class_selectivity,loss_free,41,3.4484405517578125
FashionMNIST,small,42,10,a1,class_selectivity,loss_free,42,0.5310872197151184
FashionMNIST,small,42,10,a1,class_selectivity,loss_free,43,1.0984582901000977
FashionMNIST,small,42,10,a1,class_selectivity,loss_free,44,0.18925267457962036
FashionMNIST,small,42,10,a1,class_selectivity,loss_free,45,3.529529094696045
FashionMNIST,small,42,10,a1,class_selectivity,loss_free,46,3.000420331954956
FashionMNIST,small,42,10,a1,class_selectivity,loss_free,47,0.15434104204177856
FashionMNIST,small,42,10,a1,class_selectivity,loss_free,48,2.46025013923645
FashionMNIST,small,42,10,a1,class_selectivity,loss_free,49,1.671492338180542
FashionMNIST,small,42,10,a1,class_selectivity,loss_free,50,1.8453752994537354
FashionMNIST,small,42,10,a1,class_selectivity,loss_free,51,0.38283973932266235
FashionMNIST,small,42,10,a1,class_selectivity,loss_free,52,1.6663017272949219
FashionMNIST,small,42,10,a1,class_selectivity,loss_free,53,1.403528094291687
FashionMNIST,small,42,10,a1,class_selectivity,loss_free,54,2.4622344970703125
FashionMNIST,small,42,10,a1,class_selectivity,loss_free,55,1.6030700206756592
FashionMNIST,small,42,10,a1,class_selectivity,loss_free,56,0.7827704548835754
FashionMNIST,small,42,10,a1,class_selectivity,loss_free,57,1.8402043581008911
FashionMNIST,small,42,10,a1,class_selectivity,loss_free,58,0.3689452111721039
FashionMNIST,small,42,10,a1,class_selectivity,loss_free,59,0.00016875578148756176
FashionMNIST,small,42,10,a1,class_selectivity,loss_free,60,2.0142822265625
FashionMNIST,small,42,10,a1,class_selectivity,loss_free,61,0.5321031808853149
FashionMNIST,small,42,10,a1,class_selectivity,loss_free,62,0.47770068049430847
FashionMNIST,small,42,10,a1,class_selectivity,loss_free,63,3.6488847732543945
FashionMNIST,small,42,10,a1,class_selectivity,loss_free,64,0.18998248875141144
FashionMNIST,small,42,10,a1,class_selectivity,loss_free,65,2.0143115520477295
FashionMNIST,small,42,10,a1,class_selectivity,loss_free,66,2.9693052768707275
FashionMNIST,small,42,10,a1,class_selectivity,loss_free,67,1.6111955642700195
FashionMNIST,small,42,10,a1,class_selectivity,loss_free,68,1.2441118955612183
FashionMNIST,small,42,10,a1,class_selectivity,loss_free,69,0.9709481596946716
FashionMNIST,small,42,10,a1,class_selectivity,loss_free,70,0.14796653389930725
FashionMNIST,small,42,10,a1,class_selectivity,loss_free,71,1.6605424880981445
FashionMNIST,small,42,10,a1,class_selectivity,loss_free,72,3.6715774536132812
FashionMNIST,small,42,10,a1,class_selectivity,loss_free,73,3.292956829071045
FashionMNIST,small,42,10,a1,class_selectivity,loss_free,74,3.920919179916382
FashionMNIST,small,42,10,a1,class_selectivity,loss_free,75,4.193874359130859
FashionMNIST,small,42,10,a1,class_selectivity,loss_free,76,2.048696517944336
FashionMNIST,small,42,10,a1,class_selectivity,loss_free,77,1.6010881662368774
FashionMNIST,small,42,10,a1,class_selectivity,loss_free,78,0.8761202096939087
FashionMNIST,small,42,10,a1,class_selectivity,loss_free,79,4.264319896697998
FashionMNIST,small,42,10,a1,class_selectivity,loss_free,80,0.3061996102333069
FashionMNIST,small,42,10,a1,class_selectivity,loss_free,81,1.3514562845230103
FashionMNIST,small,42,10,a1,class_selectivity,loss_free,82,1.373412847518921
FashionMNIST,small,42,10,a1,class_selectivity,loss_free,83,1.593609094619751
FashionMNIST,small,42,10,a1,class_selectivity,loss_free,84,1.3025507926940918
FashionMNIST,small,42,10,a1,class_selectivity,loss_free,85,5.466463565826416
FashionMNIST,small,42,10,a1,class_selectivity,loss_free,86,2.203012466430664
FashionMNIST,small,42,10,a1,class_selectivity,loss_free,87,0.8161110877990723
FashionMNIST,small,42,10,a1,class_selectivity,loss_free,88,4.072316646575928
FashionMNIST,small,42,10,a1,class_selectivity,loss_free,89,0.8721481561660767
FashionMNIST,small,42,10,a1,class_selectivity,loss_free,90,0.17989233136177063
FashionMNIST,small,42,10,a1,class_selectivity,loss_free,91,0.9242039918899536
FashionMNIST,small,42,10,a1,class_selectivity,loss_free,92,1.3086742162704468
FashionMNIST,small,42,10,a1,class_selectivity,loss_free,93,4.809833526611328
FashionMNIST,small,42,10,a1,class_selectivity,loss_free,94,9.344779014587402
FashionMNIST,small,42,10,a1,class_selectivity,loss_free,95,0.9861704111099243
FashionMNIST,small,42,10,a1,class_selectivity,loss_free,96,0.5460094213485718
FashionMNIST,small,42,10,a1,class_selectivity,loss_free,97,1.163605809211731
FashionMNIST,small,42,10,a1,class_selectivity,loss_free,98,1.9939987659454346
FashionMNIST,small,42,10,a1,class_selectivity,loss_free,99,0.4150294065475464
FashionMNIST,small,42,10,a1,class_selectivity,loss_free,100,1.9345110654830933
FashionMNIST,small,42,10,a1,class_selectivity,loss_free,101,1.8276042938232422
FashionMNIST,small,42,10,a1,class_selectivity,loss_free,102,3.985112190246582
FashionMNIST,small,42,10,a1,class_selectivity,loss_free,103,0.4458799660205841
FashionMNIST,small,42,10,a1,class_selectivity,loss_free,104,2.1044833660125732
FashionMNIST,small,42,10,a1,class_selectivity,loss_free,105,0.5402779579162598
FashionMNIST,small,42,10,a1,class_selectivity,loss_free,106,1.039736032485962
FashionMNIST,small,42,10,a1,class_selectivity,loss_free,107,0.00702156824991107
FashionMNIST,small,42,10,a1,class_selectivity,loss_free,108,1.4538912773132324
FashionMNIST,small,42,10,a1,class_selectivity,loss_free,109,2.460930109024048
FashionMNIST,small,42,10,a1,class_selectivity,loss_free,110,2.1252617835998535
FashionMNIST,small,42,10,a1,class_selectivity,loss_free,111,0.1933729648590088
FashionMNIST,small,42,10,a1,class_selectivity,loss_free,112,4.208865642547607
FashionMNIST,small,42,10,a1,class_selectivity,loss_free,113,6.617659568786621
FashionMNIST,small,42,10,a1,class_selectivity,loss_free,114,2.54390811920166
FashionMNIST,small,42,10,a1,class_selectivity,loss_free,115,1.1601654291152954
FashionMNIST,small,42,10,a1,class_selectivity,loss_free,116,3.259836196899414
FashionMNIST,small,42,10,a1,class_selectivity,loss_free,117,1.1518096923828125
FashionMNIST,small,42,10,a1,class_selectivity,loss_free,118,10.316651344299316
FashionMNIST,small,42,10,a1,class_selectivity,loss_free,119,0.8917691111564636
FashionMNIST,small,42,10,a1,class_selectivity,loss_free,120,3.1451473236083984
FashionMNIST,small,42,10,a1,class_selectivity,loss_free,121,5.366879940032959
FashionMNIST,small,42,10,a1,class_selectivity,loss_free,122,2.560955047607422
FashionMNIST,small,42,10,a1,class_selectivity,loss_free,123,2.571960926055908
FashionMNIST,small,42,10,a1,class_selectivity,loss_free,124,3.3414082527160645
FashionMNIST,small,42,10,a1,class_selectivity,loss_free,125,0.3725391626358032
FashionMNIST,small,42,10,a1,class_selectivity,loss_free,126,3.6045985221862793
FashionMNIST,small,42,10,a1,class_selectivity,loss_free,127,1.0039606094360352
FashionMNIST,small,42,10,a1,class_selectivity,loss_free,128,4.691902160644531
FashionMNIST,small,42,10,a1,class_selectivity,loss_free,129,1.2613487243652344
FashionMNIST,small,42,10,a1,class_selectivity,loss_free,130,0.7279812097549438
FashionMNIST,small,42,10,a1,class_selectivity,loss_free,131,0.8205668926239014
FashionMNIST,small,42,10,a1,class_selectivity,loss_free,132,0.709494411945343
FashionMNIST,small,42,10,a1,class_selectivity,loss_free,133,3.0321688652038574
FashionMNIST,small,42,10,a1,class_selectivity,loss_free,134,3.495983600616455
FashionMNIST,small,42,10,a1,class_selectivity,loss_free,135,0.8269498348236084
FashionMNIST,small,42,10,a1,class_selectivity,loss_free,136,3.2683041095733643
FashionMNIST,small,42,10,a1,class_selectivity,loss_free,137,0.7268311381340027
FashionMNIST,small,42,10,a1,class_selectivity,loss_free,138,2.562134027481079
FashionMNIST,small,42,10,a1,class_selectivity,loss_free,139,3.7791378498077393
FashionMNIST,small,42,10,a1,class_selectivity,loss_free,140,0.36082932353019714
FashionMNIST,small,42,10,a1,class_selectivity,loss_free,141,0.8384019732475281
FashionMNIST,small,42,10,a1,class_selectivity,loss_free,142,1.7401841878890991
FashionMNIST,small,42,10,a1,class_selectivity,loss_free,143,0.6136296391487122
FashionMNIST,small,42,10,a1,class_selectivity,loss_free,144,0.872011125087738
FashionMNIST,small,42,10,a1,class_selectivity,loss_free,145,2.559192419052124
FashionMNIST,small,42,10,a1,class_selectivity,loss_free,146,0.45200425386428833
FashionMNIST,small,42,10,a1,class_selectivity,loss_free,147,2.525092124938965
FashionMNIST,small,42,10,a1,class_selectivity,loss_free,148,1.472148060798645
FashionMNIST,small,42,10,a1,class_selectivity,loss_free,149,0.49189165234565735
FashionMNIST,small,42,10,a1,class_selectivity,loss_free,150,4.231509208679199
FashionMNIST,small,42,10,a1,class_selectivity,loss_free,151,1.8460102081298828
FashionMNIST,small,42,10,a1,class_selectivity,loss_free,152,0.25501614809036255
FashionMNIST,small,42,10,a1,class_selectivity,loss_free,153,2.0512146949768066
FashionMNIST,small,42,10,a1,class_selectivity,loss_free,154,6.275402069091797
FashionMNIST,small,42,10,a1,class_selectivity,loss_free,155,2.6321961879730225
FashionMNIST,small,42,10,a1,class_selectivity,loss_free,156,2.1320109367370605
FashionMNIST,small,42,10,a1,class_selectivity,loss_free,157,0.7414361238479614
FashionMNIST,small,42,10,a1,class_selectivity,loss_free,158,2.5980310440063477
FashionMNIST,small,42,10,a1,class_selectivity,loss_free,159,2.422941207885742
FashionMNIST,small,42,10,a1,class_selectivity,loss_free,160,0.7971989512443542
FashionMNIST,small,42,10,a1,class_selectivity,loss_free,161,0.7629990577697754
FashionMNIST,small,42,10,a1,class_selectivity,loss_free,162,4.274311065673828
FashionMNIST,small,42,10,a1,class_selectivity,loss_free,163,0.7400317192077637
FashionMNIST,small,42,10,a1,class_selectivity,loss_free,164,1.8851702213287354
FashionMNIST,small,42,10,a1,class_selectivity,loss_free,165,3.214670181274414
FashionMNIST,small,42,10,a1,class_selectivity,loss_free,166,1.6051520109176636
FashionMNIST,small,42,10,a1,class_selectivity,loss_free,167,0.3111148476600647
FashionMNIST,small,42,10,a1,class_selectivity,loss_free,168,3.3100244998931885
FashionMNIST,small,42,10,a1,class_selectivity,loss_free,169,0.674373984336853
FashionMNIST,small,42,10,a1,class_selectivity,loss_free,170,0.5871773958206177
FashionMNIST,small,42,10,a1,class_selectivity,loss_free,171,1.0836690664291382
FashionMNIST,small,42,10,a1,class_selectivity,loss_free,172,1.6594009399414062
FashionMNIST,small,42,10,a1,class_selectivity,loss_free,173,2.07145094871521
FashionMNIST,small,42,10,a1,class_selectivity,loss_free,174,5.304304599761963
FashionMNIST,small,42,10,a1,class_selectivity,loss_free,175,3.3264522552490234
FashionMNIST,small,42,10,a1,class_selectivity,loss_free,176,2.3074355125427246
FashionMNIST,small,42,10,a1,class_selectivity,loss_free,177,2.8667759895324707
FashionMNIST,small,42,10,a1,class_selectivity,loss_free,178,1.6037858724594116
FashionMNIST,small,42,10,a1,class_selectivity,loss_free,179,0.8777997493743896
FashionMNIST,small,42,10,a1,class_selectivity,loss_free,180,0.8555549383163452
FashionMNIST,small,42,10,a1,class_selectivity,loss_free,181,2.3602073192596436
FashionMNIST,small,42,10,a1,class_selectivity,loss_free,182,3.388758420944214
FashionMNIST,small,42,10,a1,class_selectivity,loss_free,183,1.0911712646484375
FashionMNIST,small,42,10,a1,class_selectivity,loss_free,184,1.9844348430633545
FashionMNIST,small,42,10,a1,class_selectivity,loss_free,185,3.417663097381592
FashionMNIST,small,42,10,a1,class_selectivity,loss_free,186,4.3028411865234375
FashionMNIST,small,42,10,a1,class_selectivity,loss_free,187,1.204232931137085
FashionMNIST,small,42,10,a1,class_selectivity,loss_free,188,3.889685869216919
FashionMNIST,small,42,10,a1,class_selectivity,loss_free,189,4.7023468017578125
FashionMNIST,small,42,10,a1,class_selectivity,loss_free,190,2.759627342224121
FashionMNIST,small,42,10,a1,class_selectivity,loss_free,191,2.4978153705596924
FashionMNIST,small,42,10,a1,class_selectivity,loss_free,192,1.7491743564605713
FashionMNIST,small,42,10,a1,class_selectivity,loss_free,193,1.0405126810073853
FashionMNIST,small,42,10,a1,class_selectivity,loss_free,194,5.6096930503845215
FashionMNIST,small,42,10,a1,class_selectivity,loss_free,195,1.89924955368042
FashionMNIST,small,42,10,a1,class_selectivity,loss_free,196,1.7397067546844482
FashionMNIST,small,42,10,a1,class_selectivity,loss_free,197,2.615131378173828
FashionMNIST,small,42,10,a1,class_selectivity,loss_free,198,1.2595206499099731
FashionMNIST,small,42,10,a1,class_selectivity,loss_free,199,3.0569369792938232
FashionMNIST,small,42,10,a1,class_selectivity,loss_free,200,2.4895572662353516
FashionMNIST,small,42,10,a1,class_selectivity,loss_free,201,3.9809930324554443
FashionMNIST,small,42,10,a1,class_selectivity,loss_free,202,0.9896942377090454
FashionMNIST,small,42,10,a1,class_selectivity,loss_free,203,1.7171900272369385
FashionMNIST,small,42,10,a1,class_selectivity,loss_free,204,2.731605291366577
FashionMNIST,small,42,10,a1,class_selectivity,loss_free,205,0.8812563419342041
FashionMNIST,small,42,10,a1,class_selectivity,loss_free,206,4.4476847648620605
FashionMNIST,small,42,10,a1,class_selectivity,loss_free,207,0.3104589879512787
FashionMNIST,small,42,10,a1,class_selectivity,loss_free,208,1.9109688997268677
FashionMNIST,small,42,10,a1,class_selectivity,loss_free,209,7.236562728881836
FashionMNIST,small,42,10,a1,class_selectivity,loss_free,210,0.33248311281204224
FashionMNIST,small,42,10,a1,class_selectivity,loss_free,211,1.52116858959198
FashionMNIST,small,42,10,a1,class_selectivity,loss_free,212,0.4563056230545044
FashionMNIST,small,42,10,a1,class_selectivity,loss_free,213,0.8504874110221863
FashionMNIST,small,42,10,a1,class_selectivity,loss_free,214,0.9882967472076416
FashionMNIST,small,42,10,a1,class_selectivity,loss_free,215,0.6020171642303467
FashionMNIST,small,42,10,a1,class_selectivity,loss_free,216,1.1038227081298828
FashionMNIST,small,42,10,a1,class_selectivity,loss_free,217,0.17295384407043457
FashionMNIST,small,42,10,a1,class_selectivity,loss_free,218,0.5287728309631348
FashionMNIST,small,42,10,a1,class_selectivity,loss_free,219,1.6569974422454834
FashionMNIST,small,42,10,a1,class_selectivity,loss_free,220,1.3043367862701416
FashionMNIST,small,42,10,a1,class_selectivity,loss_free,221,0.929724395275116
FashionMNIST,small,42,10,a1,class_selectivity,loss_free,222,0.4139018952846527
FashionMNIST,small,42,10,a1,class_selectivity,loss_free,223,1.473017692565918
FashionMNIST,small,42,10,a1,class_selectivity,loss_free,224,2.298029899597168
FashionMNIST,small,42,10,a1,class_selectivity,loss_free,225,1.1270018815994263
FashionMNIST,small,42,10,a1,class_selectivity,loss_free,226,3.3297386169433594
FashionMNIST,small,42,10,a1,class_selectivity,loss_free,227,1.9963750839233398
FashionMNIST,small,42,10,a1,class_selectivity,loss_free,228,1.6344319581985474
FashionMNIST,small,42,10,a1,class_selectivity,loss_free,229,2.722315549850464
FashionMNIST,small,42,10,a1,class_selectivity,loss_free,230,3.265233039855957
FashionMNIST,small,42,10,a1,class_selectivity,loss_free,231,3.024214267730713
FashionMNIST,small,42,10,a1,class_selectivity,loss_free,232,0.931005597114563
FashionMNIST,small,42,10,a1,class_selectivity,loss_free,233,5.188515663146973
FashionMNIST,small,42,10,a1,class_selectivity,loss_free,234,0.051984481513500214
FashionMNIST,small,42,10,a1,class_selectivity,loss_free,235,4.121087551116943
FashionMNIST,small,42,10,a1,class_selectivity,loss_free,236,0.04707534983754158
FashionMNIST,small,42,10,a1,class_selectivity,loss_free,237,3.8409624099731445
FashionMNIST,small,42,10,a1,class_selectivity,loss_free,238,3.5719993114471436
FashionMNIST,small,42,10,a1,class_selectivity,loss_free,239,2.835364818572998
FashionMNIST,small,42,10,a1,class_selectivity,loss_free,240,1.144350290298462
FashionMNIST,small,42,10,a1,class_selectivity,loss_free,241,0.6401400566101074
FashionMNIST,small,42,10,a1,class_selectivity,loss_free,242,1.1502108573913574
FashionMNIST,small,42,10,a1,class_selectivity,loss_free,243,1.0358505249023438
FashionMNIST,small,42,10,a1,class_selectivity,loss_free,244,0.06763230264186859
FashionMNIST,small,42,10,a1,class_selectivity,loss_free,245,3.08450984954834
FashionMNIST,small,42,10,a1,class_selectivity,loss_free,246,1.8590399026870728
FashionMNIST,small,42,10,a1,class_selectivity,loss_free,247,0.6825233101844788
FashionMNIST,small,42,10,a1,class_selectivity,loss_free,248,1.0835297107696533
FashionMNIST,small,42,10,a1,class_selectivity,loss_free,249,1.4644811153411865
FashionMNIST,small,42,10,a1,class_selectivity,loss_free,250,5.154770851135254
FashionMNIST,small,42,10,a1,class_selectivity,loss_free,251,5.442175388336182
FashionMNIST,small,42,10,a1,class_selectivity,loss_free,252,4.387227535247803
FashionMNIST,small,42,10,a1,class_selectivity,loss_free,253,0.04301492124795914
FashionMNIST,small,42,10,a1,class_selectivity,loss_free,254,2.7670950889587402
FashionMNIST,small,42,10,a1,class_selectivity,loss_free,255,1.026694655418396
FashionMNIST,small,42,10,a2,class_selectivity,loss_free,0,3.6603245735168457
FashionMNIST,small,42,10,a2,class_selectivity,loss_free,1,1.904246211051941
FashionMNIST,small,42,10,a2,class_selectivity,loss_free,2,2.8177311420440674
FashionMNIST,small,42,10,a2,class_selectivity,loss_free,3,2.430279016494751
FashionMNIST,small,42,10,a2,class_selectivity,loss_free,4,3.9262008666992188
FashionMNIST,small,42,10,a2,class_selectivity,loss_free,5,8.144057273864746
FashionMNIST,small,42,10,a2,class_selectivity,loss_free,6,1.5936052799224854
FashionMNIST,small,42,10,a2,class_selectivity,loss_free,7,1.4835224151611328
FashionMNIST,small,42,10,a2,class_selectivity,loss_free,8,5.773784637451172
FashionMNIST,small,42,10,a2,class_selectivity,loss_free,9,2.1199936866760254
FashionMNIST,small,42,10,a2,class_selectivity,loss_free,10,3.733215808868408
FashionMNIST,small,42,10,a2,class_selectivity,loss_free,11,1.7577004432678223
FashionMNIST,small,42,10,a2,class_selectivity,loss_free,12,4.0315775871276855
FashionMNIST,small,42,10,a2,class_selectivity,loss_free,13,2.5749456882476807
FashionMNIST,small,42,10,a2,class_selectivity,loss_free,14,5.751113414764404
FashionMNIST,small,42,10,a2,class_selectivity,loss_free,15,1.9385532140731812
FashionMNIST,small,42,10,a2,class_selectivity,loss_free,16,8.650471687316895
FashionMNIST,small,42,10,a2,class_selectivity,loss_free,17,5.146256446838379
FashionMNIST,small,42,10,a2,class_selectivity,loss_free,18,1.1666464805603027
FashionMNIST,small,42,10,a2,class_selectivity,loss_free,19,4.128894805908203
FashionMNIST,small,42,10,a2,class_selectivity,loss_free,20,4.5978875160217285
FashionMNIST,small,42,10,a2,class_selectivity,loss_free,21,0.7789584398269653
FashionMNIST,small,42,10,a2,class_selectivity,loss_free,22,9.730436325073242
FashionMNIST,small,42,10,a2,class_selectivity,loss_free,23,3.9337856769561768
FashionMNIST,small,42,10,a2,class_selectivity,loss_free,24,5.051856994628906
FashionMNIST,small,42,10,a2,class_selectivity,loss_free,25,3.6932373046875
FashionMNIST,small,42,10,a2,class_selectivity,loss_free,26,2.37341046333313
FashionMNIST,small,42,10,a2,class_selectivity,loss_free,27,2.9690194129943848
FashionMNIST,small,42,10,a2,class_selectivity,loss_free,28,3.2399511337280273
FashionMNIST,small,42,10,a2,class_selectivity,loss_free,29,2.354477882385254
FashionMNIST,small,42,10,a2,class_selectivity,loss_free,30,4.845242500305176
FashionMNIST,small,42,10,a2,class_selectivity,loss_free,31,2.5033655166625977
FashionMNIST,small,42,10,a2,class_selectivity,loss_free,32,3.997072219848633
FashionMNIST,small,42,10,a2,class_selectivity,loss_free,33,2.5980310440063477
FashionMNIST,small,42,10,a2,class_selectivity,loss_free,34,1.0806660652160645
FashionMNIST,small,42,10,a2,class_selectivity,loss_free,35,0.815898060798645
FashionMNIST,small,42,10,a2,class_selectivity,loss_free,36,2.04103684425354
FashionMNIST,small,42,10,a2,class_selectivity,loss_free,37,4.262682914733887
FashionMNIST,small,42,10,a2,class_selectivity,loss_free,38,4.352782726287842
FashionMNIST,small,42,10,a2,class_selectivity,loss_free,39,3.7278003692626953
FashionMNIST,small,42,10,a2,class_selectivity,loss_free,40,1.392357349395752
FashionMNIST,small,42,10,a2,class_selectivity,loss_free,41,5.4287519454956055
FashionMNIST,small,42,10,a2,class_selectivity,loss_free,42,3.995962619781494
FashionMNIST,small,42,10,a2,class_selectivity,loss_free,43,1.9950780868530273
FashionMNIST,small,42,10,a2,class_selectivity,loss_free,44,3.7104525566101074
FashionMNIST,small,42,10,a2,class_selectivity,loss_free,45,4.563852310180664
FashionMNIST,small,42,10,a2,class_selectivity,loss_free,46,3.9902563095092773
FashionMNIST,small,42,10,a2,class_selectivity,loss_free,47,5.596214294433594
FashionMNIST,small,42,10,a2,class_selectivity,loss_free,48,5.042673587799072
FashionMNIST,small,42,10,a2,class_selectivity,loss_free,49,3.562135696411133
FashionMNIST,small,42,10,a2,class_selectivity,loss_free,50,3.015197992324829
FashionMNIST,small,42,10,a2,class_selectivity,loss_free,51,3.4837865829467773
FashionMNIST,small,42,10,a2,class_selectivity,loss_free,52,3.4510910511016846
FashionMNIST,small,42,10,a2,class_selectivity,loss_free,53,1.4940063953399658
FashionMNIST,small,42,10,a2,class_selectivity,loss_free,54,4.224749565124512
FashionMNIST,small,42,10,a2,class_selectivity,loss_free,55,3.132766008377075
FashionMNIST,small,42,10,a2,class_selectivity,loss_free,56,1.100155234336853
FashionMNIST,small,42,10,a2,class_selectivity,loss_free,57,2.8678855895996094
FashionMNIST,small,42,10,a2,class_selectivity,loss_free,58,2.3788580894470215
FashionMNIST,small,42,10,a2,class_selectivity,loss_free,59,2.40340518951416
FashionMNIST,small,42,10,a2,class_selectivity,loss_free,60,1.545775055885315
FashionMNIST,small,42,10,a2,class_selectivity,loss_free,61,0.01973644644021988
FashionMNIST,small,42,10,a2,class_selectivity,loss_free,62,1.1721526384353638
FashionMNIST,small,42,10,a2,class_selectivity,loss_free,63,1.4768303632736206
FashionMNIST,small,42,10,a2,class_selectivity,loss_free,64,4.99053955078125
FashionMNIST,small,42,10,a2,class_selectivity,loss_free,65,1.1252152919769287
FashionMNIST,small,42,10,a2,class_selectivity,loss_free,66,4.552079677581787
FashionMNIST,small,42,10,a2,class_selectivity,loss_free,67,4.428905963897705
FashionMNIST,small,42,10,a2,class_selectivity,loss_free,68,4.847897529602051
FashionMNIST,small,42,10,a2,class_selectivity,loss_free,69,2.6910974979400635
FashionMNIST,small,42,10,a2,class_selectivity,loss_free,70,3.4302890300750732
FashionMNIST,small,42,10,a2,class_selectivity,loss_free,71,5.966658115386963
FashionMNIST,small,42,10,a2,class_selectivity,loss_free,72,8.396488189697266
FashionMNIST,small,42,10,a2,class_selectivity,loss_free,73,5.2974724769592285
FashionMNIST,small,42,10,a2,class_selectivity,loss_free,74,4.129470348358154
FashionMNIST,small,42,10,a2,class_selectivity,loss_free,75,3.377199411392212
FashionMNIST,small,42,10,a2,class_selectivity,loss_free,76,7.2526984214782715
FashionMNIST,small,42,10,a2,class_selectivity,loss_free,77,8.440326690673828
FashionMNIST,small,42,10,a2,class_selectivity,loss_free,78,5.932350158691406
FashionMNIST,small,42,10,a2,class_selectivity,loss_free,79,0.8203380107879639
FashionMNIST,small,42,10,a2,class_selectivity,loss_free,80,1.423943281173706
FashionMNIST,small,42,10,a2,class_selectivity,loss_free,81,5.2781829833984375
FashionMNIST,small,42,10,a2,class_selectivity,loss_free,82,2.4008169174194336
FashionMNIST,small,42,10,a2,class_selectivity,loss_free,83,3.8413476943969727
FashionMNIST,small,42,10,a2,class_selectivity,loss_free,84,4.985620498657227
FashionMNIST,small,42,10,a2,class_selectivity,loss_free,85,9.746421813964844
FashionMNIST,small,42,10,a2,class_selectivity,loss_free,86,4.829242706298828
FashionMNIST,small,42,10,a2,class_selectivity,loss_free,87,3.143906593322754
FashionMNIST,small,42,10,a2,class_selectivity,loss_free,88,4.8172078132629395
FashionMNIST,small,42,10,a2,class_selectivity,loss_free,89,1.6132562160491943
FashionMNIST,small,42,10,a2,class_selectivity,loss_free,90,2.759972095489502
FashionMNIST,small,42,10,a2,class_selectivity,loss_free,91,1.4470129013061523
FashionMNIST,small,42,10,a2,class_selectivity,loss_free,92,1.1484564542770386
FashionMNIST,small,42,10,a2,class_selectivity,loss_free,93,2.956475257873535
FashionMNIST,small,42,10,a2,class_selectivity,loss_free,94,2.8970882892608643
FashionMNIST,small,42,10,a2,class_selectivity,loss_free,95,1.683676838874817
FashionMNIST,small,42,10,a2,class_selectivity,loss_free,96,2.020805597305298
FashionMNIST,small,42,10,a2,class_selectivity,loss_free,97,2.778270721435547
FashionMNIST,small,42,10,a2,class_selectivity,loss_free,98,2.992558002471924
FashionMNIST,small,42,10,a2,class_selectivity,loss_free,99,1.8823240995407104
FashionMNIST,small,42,10,a2,class_selectivity,loss_free,100,5.479193687438965
FashionMNIST,small,42,10,a2,class_selectivity,loss_free,101,3.0251808166503906
FashionMNIST,small,42,10,a2,class_selectivity,loss_free,102,2.478944778442383
FashionMNIST,small,42,10,a2,class_selectivity,loss_free,103,1.1384438276290894
FashionMNIST,small,42,10,a2,class_selectivity,loss_free,104,2.832719564437866
FashionMNIST,small,42,10,a2,class_selectivity,loss_free,105,1.5945484638214111
FashionMNIST,small,42,10,a2,class_selectivity,loss_free,106,2.629534959793091
FashionMNIST,small,42,10,a2,class_selectivity,loss_free,107,6.574132919311523
FashionMNIST,small,42,10,a2,class_selectivity,loss_free,108,6.7903523445129395
FashionMNIST,small,42,10,a2,class_selectivity,loss_free,109,2.2310988903045654
FashionMNIST,small,42,10,a2,class_selectivity,loss_free,110,4.400195121765137
FashionMNIST,small,42,10,a2,class_selectivity,loss_free,111,5.466190338134766
FashionMNIST,small,42,10,a2,class_selectivity,loss_free,112,1.4796056747436523
FashionMNIST,small,42,10,a2,class_selectivity,loss_free,113,1.0310217142105103
FashionMNIST,small,42,10,a2,class_selectivity,loss_free,114,4.219274520874023
FashionMNIST,small,42,10,a2,class_selectivity,loss_free,115,2.6475300788879395
FashionMNIST,small,42,10,a2,class_selectivity,loss_free,116,3.657628059387207
FashionMNIST,small,42,10,a2,class_selectivity,loss_free,117,6.802999019622803
FashionMNIST,small,42,10,a2,class_selectivity,loss_free,118,1.3147656917572021
FashionMNIST,small,42,10,a2,class_selectivity,loss_free,119,8.200156211853027
FashionMNIST,small,42,10,a2,class_selectivity,loss_free,120,2.5853686332702637
FashionMNIST,small,42,10,a2,class_selectivity,loss_free,121,5.379278659820557
FashionMNIST,small,42,10,a2,class_selectivity,loss_free,122,4.62661075592041
FashionMNIST,small,42,10,a2,class_selectivity,loss_free,123,7.3922119140625
FashionMNIST,small,42,10,a2,class_selectivity,loss_free,124,3.3102338314056396
FashionMNIST,small,42,10,a2,class_selectivity,loss_free,125,6.774433612823486
FashionMNIST,small,42,10,a2,class_selectivity,loss_free,126,5.8233442306518555
FashionMNIST,small,42,10,a2,class_selectivity,loss_free,127,9.034893989562988
FashionMNIST,small,42,10,a1,redundancy,loss_free,0,-0.679193913936615
FashionMNIST,small,42,10,a1,redundancy,loss_free,1,-0.5373210310935974
FashionMNIST,small,42,10,a1,redundancy,loss_free,2,-0.7779110670089722
FashionMNIST,small,42,10,a1,redundancy,loss_free,3,-0.6419579982757568
FashionMNIST,small,42,10,a1,redundancy,loss_free,4,-0.6594809293746948
FashionMNIST,small,42,10,a1,redundancy,loss_free,5,-0.680263340473175
FashionMNIST,small,42,10,a1,redundancy,loss_free,6,-0.5350376963615417
FashionMNIST,small,42,10,a1,redundancy,loss_free,7,-0.7827906608581543
FashionMNIST,small,42,10,a1,redundancy,loss_free,8,-0.41253462433815
FashionMNIST,small,42,10,a1,redundancy,loss_free,9,-0.7045885324478149
FashionMNIST,small,42,10,a1,redundancy,loss_free,10,-0.7729905247688293
FashionMNIST,small,42,10,a1,redundancy,loss_free,11,-0.7953416705131531
FashionMNIST,small,42,10,a1,redundancy,loss_free,12,-0.6120277643203735
FashionMNIST,small,42,10,a1,redundancy,loss_free,13,-0.7714425325393677
FashionMNIST,small,42,10,a1,redundancy,loss_free,14,-0.7878524661064148
FashionMNIST,small,42,10,a1,redundancy,loss_free,15,-0.3952692747116089
FashionMNIST,small,42,10,a1,redundancy,loss_free,16,-0.6694544553756714
FashionMNIST,small,42,10,a1,redundancy,loss_free,17,-0.6131970286369324
FashionMNIST,small,42,10,a1,redundancy,loss_free,18,-0.8359299898147583
FashionMNIST,small,42,10,a1,redundancy,loss_free,19,-0.8281290531158447
FashionMNIST,small,42,10,a1,redundancy,loss_free,20,-0.9194408059120178
FashionMNIST,small,42,10,a1,redundancy,loss_free,21,-0.7661337852478027
FashionMNIST,small,42,10,a1,redundancy,loss_free,22,-0.803226888179779
FashionMNIST,small,42,10,a1,redundancy,loss_free,23,-0.7733114957809448
FashionMNIST,small,42,10,a1,redundancy,loss_free,24,-0.7013556957244873
FashionMNIST,small,42,10,a1,redundancy,loss_free,25,-0.6580082774162292
FashionMNIST,small,42,10,a1,redundancy,loss_free,26,-0.6576593518257141
FashionMNIST,small,42,10,a1,redundancy,loss_free,27,-0.5423648953437805
FashionMNIST,small,42,10,a1,redundancy,loss_free,28,-0.4662171006202698
FashionMNIST,small,42,10,a1,redundancy,loss_free,29,-0.6435548067092896
FashionMNIST,small,42,10,a1,redundancy,loss_free,30,-0.7398109436035156
FashionMNIST,small,42,10,a1,redundancy,loss_free,31,-0.8005561232566833
FashionMNIST,small,42,10,a1,redundancy,loss_free,32,-0.6523418426513672
FashionMNIST,small,42,10,a1,redundancy,loss_free,33,-0.5783771872520447
FashionMNIST,small,42,10,a1,redundancy,loss_free,34,-0.8890001773834229
FashionMNIST,small,42,10,a1,redundancy,loss_free,35,-0.566005289554596
FashionMNIST,small,42,10,a1,redundancy,loss_free,36,-0.4613560438156128
FashionMNIST,small,42,10,a1,redundancy,loss_free,37,-0.6813828945159912
FashionMNIST,small,42,10,a1,redundancy,loss_free,38,-0.47600868344306946
FashionMNIST,small,42,10,a1,redundancy,loss_free,39,-0.47229260206222534
FashionMNIST,small,42,10,a1,redundancy,loss_free,40,-0.8387135863304138
FashionMNIST,small,42,10,a1,redundancy,loss_free,41,-0.8409470915794373
FashionMNIST,small,42,10,a1,redundancy,loss_free,42,-0.7149221301078796
FashionMNIST,small,42,10,a1,redundancy,loss_free,43,-0.6343628764152527
FashionMNIST,small,42,10,a1,redundancy,loss_free,44,-0.6419579982757568
FashionMNIST,small,42,10,a1,redundancy,loss_free,45,-0.7968612313270569
FashionMNIST,small,42,10,a1,redundancy,loss_free,46,-0.7773604989051819
FashionMNIST,small,42,10,a1,redundancy,loss_free,47,-0.35622239112854004
FashionMNIST,small,42,10,a1,redundancy,loss_free,48,-0.6796433329582214
FashionMNIST,small,42,10,a1,redundancy,loss_free,49,-0.7134045362472534
FashionMNIST,small,42,10,a1,redundancy,loss_free,50,-0.8214858174324036
FashionMNIST,small,42,10,a1,redundancy,loss_free,51,-0.6227229237556458
FashionMNIST,small,42,10,a1,redundancy,loss_free,52,-0.5826863646507263
FashionMNIST,small,42,10,a1,redundancy,loss_free,53,-0.6666017174720764
FashionMNIST,small,42,10,a1,redundancy,loss_free,54,-0.6489771008491516
FashionMNIST,small,42,10,a1,redundancy,loss_free,55,-0.6750833988189697
FashionMNIST,small,42,10,a1,redundancy,loss_free,56,-0.6115727424621582
FashionMNIST,small,42,10,a1,redundancy,loss_free,57,-0.47253745794296265
FashionMNIST,small,42,10,a1,redundancy,loss_free,58,-0.7424008846282959
FashionMNIST,small,42,10,a1,redundancy,loss_free,59,-0.3063695728778839
FashionMNIST,small,42,10,a1,redundancy,loss_free,60,-0.7616782188415527
FashionMNIST,small,42,10,a1,redundancy,loss_free,61,-0.4894495904445648
FashionMNIST,small,42,10,a1,redundancy,loss_free,62,-0.5701544880867004
FashionMNIST,small,42,10,a1,redundancy,loss_free,63,-0.862160861492157
FashionMNIST,small,42,10,a1,redundancy,loss_free,64,-0.4167186915874481
FashionMNIST,small,42,10,a1,redundancy,loss_free,65,-0.7836454510688782
FashionMNIST,small,42,10,a1,redundancy,loss_free,66,-0.8281290531158447
FashionMNIST,small,42,10,a1,redundancy,loss_free,67,-0.3799822926521301
FashionMNIST,small,42,10,a1,redundancy,loss_free,68,-0.7239133715629578
FashionMNIST,small,42,10,a1,redundancy,loss_free,69,-0.679193913936615
FashionMNIST,small,42,10,a1,redundancy,loss_free,70,-0.735148012638092
FashionMNIST,small,42,10,a1,redundancy,loss_free,71,-0.7065982222557068
FashionMNIST,small,42,10,a1,redundancy,loss_free,72,-0.802222728729248
FashionMNIST,small,42,10,a1,redundancy,loss_free,73,-0.757415771484375
FashionMNIST,small,42,10,a1,redundancy,loss_free,74,-0.862160861492157
FashionMNIST,small,42,10,a1,redundancy,loss_free,75,-0.7600128054618835
FashionMNIST,small,42,10,a1,redundancy,loss_free,76,-0.7430973649024963
FashionMNIST,small,42,10,a1,redundancy,loss_free,77,-0.632124125957489
FashionMNIST,small,42,10,a1,redundancy,loss_free,78,-0.6774291396141052
FashionMNIST,small,42,10,a1,redundancy,loss_free,79,-0.8769530057907104
FashionMNIST,small,42,10,a1,redundancy,loss_free,80,-0.4162611663341522
FashionMNIST,small,42,10,a1,redundancy,loss_free,81,-0.5006040930747986
FashionMNIST,small,42,10,a1,redundancy,loss_free,82,-0.6061737537384033
FashionMNIST,small,42,10,a1,redundancy,loss_free,83,-0.560409665107727
FashionMNIST,small,42,10,a1,redundancy,loss_free,84,-0.45232945680618286
FashionMNIST,small,42,10,a1,redundancy,loss_free,85,-0.8387135863304138
FashionMNIST,small,42,10,a1,redundancy,loss_free,86,-0.6030605435371399
FashionMNIST,small,42,10,a1,redundancy,loss_free,87,-0.6470280885696411
FashionMNIST,small,42,10,a1,redundancy,loss_free,88,-0.815565288066864
FashionMNIST,small,42,10,a1,redundancy,loss_free,89,-0.5997660756111145
FashionMNIST,small,42,10,a1,redundancy,loss_free,90,-0.21919460594654083
FashionMNIST,small,42,10,a1,redundancy,loss_free,91,-0.6665968894958496
FashionMNIST,small,42,10,a1,redundancy,loss_free,92,-0.7937125563621521
FashionMNIST,small,42,10,a1,redundancy,loss_free,93,-0.9194408059120178
FashionMNIST,small,42,10,a1,redundancy,loss_free,94,-0.8602954745292664
FashionMNIST,small,42,10,a1,redundancy,loss_free,95,-0.7052208185195923
FashionMNIST,small,42,10,a1,redundancy,loss_free,96,-0.6355493068695068
FashionMNIST,small,42,10,a1,redundancy,loss_free,97,-0.7779110670089722
FashionMNIST,small,42,10,a1,redundancy,loss_free,98,-0.7348307967185974
FashionMNIST,small,42,10,a1,redundancy,loss_free,99,-0.41666388511657715
FashionMNIST,small,42,10,a1,redundancy,loss_free,100,-0.6402047276496887
FashionMNIST,small,42,10,a1,redundancy,loss_free,101,-0.7835783362388611
FashionMNIST,small,42,10,a1,redundancy,loss_free,102,-0.6966747045516968
FashionMNIST,small,42,10,a1,redundancy,loss_free,103,-0.6435548067092896
FashionMNIST,small,42,10,a1,redundancy,loss_free,104,-0.7269864082336426
FashionMNIST,small,42,10,a1,redundancy,loss_free,105,-0.5030735731124878
FashionMNIST,small,42,10,a1,redundancy,loss_free,106,-0.641042172908783
FashionMNIST,small,42,10,a1,redundancy,loss_free,107,-0.413241446018219
FashionMNIST,small,42,10,a1,redundancy,loss_free,108,-0.6654326915740967
FashionMNIST,small,42,10,a1,redundancy,loss_free,109,-0.585374653339386
FashionMNIST,small,42,10,a1,redundancy,loss_free,110,-0.8005561232566833
FashionMNIST,small,42,10,a1,redundancy,loss_free,111,-0.5546541810035706
FashionMNIST,small,42,10,a1,redundancy,loss_free,112,-0.860420823097229
FashionMNIST,small,42,10,a1,redundancy,loss_free,113,-0.9085016846656799
FashionMNIST,small,42,10,a1,redundancy,loss_free,114,-0.567341685295105
FashionMNIST,small,42,10,a1,redundancy,loss_free,115,-0.4611300230026245
FashionMNIST,small,42,10,a1,redundancy,loss_free,116,-0.7214515209197998
FashionMNIST,small,42,10,a1,redundancy,loss_free,117,-0.5672934055328369
FashionMNIST,small,42,10,a1,redundancy,loss_free,118,-0.8999075889587402
FashionMNIST,small,42,10,a1,redundancy,loss_free,119,-0.6016305685043335
FashionMNIST,small,42,10,a1,redundancy,loss_free,120,-0.751244306564331
FashionMNIST,small,42,10,a1,redundancy,loss_free,121,-0.8424910306930542
FashionMNIST,small,42,10,a1,redundancy,loss_free,122,-0.5771441459655762
FashionMNIST,small,42,10,a1,redundancy,loss_free,123,-0.8896196484565735
FashionMNIST,small,42,10,a1,redundancy,loss_free,124,-0.7538504004478455
FashionMNIST,small,42,10,a1,redundancy,loss_free,125,-0.5145543813705444
FashionMNIST,small,42,10,a1,redundancy,loss_free,126,-0.7849928736686707
FashionMNIST,small,42,10,a1,redundancy,loss_free,127,-0.6402047276496887
FashionMNIST,small,42,10,a1,redundancy,loss_free,128,-0.6966747045516968
FashionMNIST,small,42,10,a1,redundancy,loss_free,129,-0.5925741791725159
FashionMNIST,small,42,10,a1,redundancy,loss_free,130,-0.7149221301078796
FashionMNIST,small,42,10,a1,redundancy,loss_free,131,-0.5725595355033875
FashionMNIST,small,42,10,a1,redundancy,loss_free,132,-0.5199628472328186
FashionMNIST,small,42,10,a1,redundancy,loss_free,133,-0.7836454510688782
FashionMNIST,small,42,10,a1,redundancy,loss_free,134,-0.8999075889587402
FashionMNIST,small,42,10,a1,redundancy,loss_free,135,-0.5055049657821655
FashionMNIST,small,42,10,a1,redundancy,loss_free,136,-0.8093682527542114
FashionMNIST,small,42,10,a1,redundancy,loss_free,137,-0.4169113337993622
FashionMNIST,small,42,10,a1,redundancy,loss_free,138,-0.7535252571105957
FashionMNIST,small,42,10,a1,redundancy,loss_free,139,-0.6367003917694092
FashionMNIST,small,42,10,a1,redundancy,loss_free,140,-0.5519824028015137
FashionMNIST,small,42,10,a1,redundancy,loss_free,141,-0.5423648953437805
FashionMNIST,small,42,10,a1,redundancy,loss_free,142,-0.6469889879226685
FashionMNIST,small,42,10,a1,redundancy,loss_free,143,-0.566005289554596
FashionMNIST,small,42,10,a1,redundancy,loss_free,144,-0.5508918166160583
FashionMNIST,small,42,10,a1,redundancy,loss_free,145,-0.6627419590950012
FashionMNIST,small,42,10,a1,redundancy,loss_free,146,-0.5970661640167236
FashionMNIST,small,42,10,a1,redundancy,loss_free,147,-0.7626088857650757
FashionMNIST,small,42,10,a1,redundancy,loss_free,148,-0.6355493068695068
FashionMNIST,small,42,10,a1,redundancy,loss_free,149,-0.5286123156547546
FashionMNIST,small,42,10,a1,redundancy,loss_free,150,-0.803226888179779
FashionMNIST,small,42,10,a1,redundancy,loss_free,151,-0.7388609051704407
FashionMNIST,small,42,10,a1,redundancy,loss_free,152,-0.4708561599254608
FashionMNIST,small,42,10,a1,redundancy,loss_free,153,-0.8214858174324036
FashionMNIST,small,42,10,a1,redundancy,loss_free,154,-0.7993471026420593
FashionMNIST,small,42,10,a1,redundancy,loss_free,155,-0.8262903094291687
FashionMNIST,small,42,10,a1,redundancy,loss_free,156,-0.708976686000824
FashionMNIST,small,42,10,a1,redundancy,loss_free,157,-0.6523418426513672
FashionMNIST,small,42,10,a1,redundancy,loss_free,158,-0.8266118764877319
FashionMNIST,small,42,10,a1,redundancy,loss_free,159,-0.751244306564331
FashionMNIST,small,42,10,a1,redundancy,loss_free,160,-0.452644020318985
FashionMNIST,small,42,10,a1,redundancy,loss_free,161,-0.5542276501655579
FashionMNIST,small,42,10,a1,redundancy,loss_free,162,-0.7823262810707092
FashionMNIST,small,42,10,a1,redundancy,loss_free,163,-0.4663930833339691
FashionMNIST,small,42,10,a1,redundancy,loss_free,164,-0.5909513235092163
FashionMNIST,small,42,10,a1,redundancy,loss_free,165,-0.5800332427024841
FashionMNIST,small,42,10,a1,redundancy,loss_free,166,-0.6694544553756714
FashionMNIST,small,42,10,a1,redundancy,loss_free,167,-0.5350517630577087
FashionMNIST,small,42,10,a1,redundancy,loss_free,168,-0.6964746713638306
FashionMNIST,small,42,10,a1,redundancy,loss_free,169,-0.6115727424621582
FashionMNIST,small,42,10,a1,redundancy,loss_free,170,-0.42483359575271606
FashionMNIST,small,42,10,a1,redundancy,loss_free,171,-0.7269864082336426
FashionMNIST,small,42,10,a1,redundancy,loss_free,172,-0.8896196484565735
FashionMNIST,small,42,10,a1,redundancy,loss_free,173,-0.7141530513763428
FashionMNIST,small,42,10,a1,redundancy,loss_free,174,-0.8424910306930542
FashionMNIST,small,42,10,a1,redundancy,loss_free,175,-0.7935676574707031
FashionMNIST,small,42,10,a1,redundancy,loss_free,176,-0.7155678868293762
FashionMNIST,small,42,10,a1,redundancy,loss_free,177,-0.598259687423706
FashionMNIST,small,42,10,a1,redundancy,loss_free,178,-0.669256865978241
FashionMNIST,small,42,10,a1,redundancy,loss_free,179,-0.5860506296157837
FashionMNIST,small,42,10,a1,redundancy,loss_free,180,-0.5318166613578796
FashionMNIST,small,42,10,a1,redundancy,loss_free,181,-0.6490228772163391
FashionMNIST,small,42,10,a1,redundancy,loss_free,182,-0.6740267872810364
FashionMNIST,small,42,10,a1,redundancy,loss_free,183,-0.5741792321205139
FashionMNIST,small,42,10,a1,redundancy,loss_free,184,-0.6713721752166748
FashionMNIST,small,42,10,a1,redundancy,loss_free,185,-0.7773604989051819
FashionMNIST,small,42,10,a1,redundancy,loss_free,186,-0.8972576260566711
FashionMNIST,small,42,10,a1,redundancy,loss_free,187,-0.5822333097457886
FashionMNIST,small,42,10,a1,redundancy,loss_free,188,-0.827330470085144
FashionMNIST,small,42,10,a1,redundancy,loss_free,189,-0.8132160305976868
FashionMNIST,small,42,10,a1,redundancy,loss_free,190,-0.7093083262443542
FashionMNIST,small,42,10,a1,redundancy,loss_free,191,-0.6325901746749878
FashionMNIST,small,42,10,a1,redundancy,loss_free,192,-0.6292120814323425
FashionMNIST,small,42,10,a1,redundancy,loss_free,193,-0.6061737537384033
FashionMNIST,small,42,10,a1,redundancy,loss_free,194,-0.8490449786186218
FashionMNIST,small,42,10,a1,redundancy,loss_free,195,-0.7064964771270752
FashionMNIST,small,42,10,a1,redundancy,loss_free,196,-0.5558255910873413
FashionMNIST,small,42,10,a1,redundancy,loss_free,197,-0.5800332427024841
FashionMNIST,small,42,10,a1,redundancy,loss_free,198,-0.5266084671020508
FashionMNIST,small,42,10,a1,redundancy,loss_free,199,-0.827330470085144
FashionMNIST,small,42,10,a1,redundancy,loss_free,200,-0.7572940587997437
FashionMNIST,small,42,10,a1,redundancy,loss_free,201,-0.7953416705131531
FashionMNIST,small,42,10,a1,redundancy,loss_free,202,-0.5884649157524109
FashionMNIST,small,42,10,a1,redundancy,loss_free,203,-0.7424008846282959
FashionMNIST,small,42,10,a1,redundancy,loss_free,204,-0.7631003260612488
FashionMNIST,small,42,10,a1,redundancy,loss_free,205,-0.7398109436035156
FashionMNIST,small,42,10,a1,redundancy,loss_free,206,-0.9065153002738953
FashionMNIST,small,42,10,a1,redundancy,loss_free,207,-0.5095985531806946
FashionMNIST,small,42,10,a1,redundancy,loss_free,208,-0.6531767845153809
FashionMNIST,small,42,10,a1,redundancy,loss_free,209,-0.9085016846656799
FashionMNIST,small,42,10,a1,redundancy,loss_free,210,-0.6226168274879456
FashionMNIST,small,42,10,a1,redundancy,loss_free,211,-0.6364224553108215
FashionMNIST,small,42,10,a1,redundancy,loss_free,212,-0.5519824028015137
FashionMNIST,small,42,10,a1,redundancy,loss_free,213,-0.7250534892082214
FashionMNIST,small,42,10,a1,redundancy,loss_free,214,-0.6316781640052795
FashionMNIST,small,42,10,a1,redundancy,loss_free,215,-0.4652462601661682
FashionMNIST,small,42,10,a1,redundancy,loss_free,216,-0.48088404536247253
FashionMNIST,small,42,10,a1,redundancy,loss_free,217,-0.6227229237556458
FashionMNIST,small,42,10,a1,redundancy,loss_free,218,-0.411827027797699
FashionMNIST,small,42,10,a1,redundancy,loss_free,219,-0.7729905247688293
FashionMNIST,small,42,10,a1,redundancy,loss_free,220,-0.5783771872520447
FashionMNIST,small,42,10,a1,redundancy,loss_free,221,-0.7318477034568787
FashionMNIST,small,42,10,a1,redundancy,loss_free,222,-0.5970661640167236
FashionMNIST,small,42,10,a1,redundancy,loss_free,223,-0.6350335478782654
FashionMNIST,small,42,10,a1,redundancy,loss_free,224,-0.7052208185195923
FashionMNIST,small,42,10,a1,redundancy,loss_free,225,-0.5445309281349182
FashionMNIST,small,42,10,a1,redundancy,loss_free,226,-0.7885713577270508
FashionMNIST,small,42,10,a1,redundancy,loss_free,227,-0.5261350274085999
FashionMNIST,small,42,10,a1,redundancy,loss_free,228,-0.7430973649024963
FashionMNIST,small,42,10,a1,redundancy,loss_free,229,-0.8132160305976868
FashionMNIST,small,42,10,a1,redundancy,loss_free,230,-0.6190553307533264
FashionMNIST,small,42,10,a1,redundancy,loss_free,231,-0.8093682527542114
FashionMNIST,small,42,10,a1,redundancy,loss_free,232,-0.6574845314025879
FashionMNIST,small,42,10,a1,redundancy,loss_free,233,-0.7935676574707031
FashionMNIST,small,42,10,a1,redundancy,loss_free,234,-0.23318862915039062
FashionMNIST,small,42,10,a1,redundancy,loss_free,235,-0.9065153002738953
FashionMNIST,small,42,10,a1,redundancy,loss_free,236,-0.4978126585483551
FashionMNIST,small,42,10,a1,redundancy,loss_free,237,-0.8490449786186218
FashionMNIST,small,42,10,a1,redundancy,loss_free,238,-0.8310319781303406
FashionMNIST,small,42,10,a1,redundancy,loss_free,239,-0.7711397409439087
FashionMNIST,small,42,10,a1,redundancy,loss_free,240,-0.6962978839874268
FashionMNIST,small,42,10,a1,redundancy,loss_free,241,-0.5202159881591797
FashionMNIST,small,42,10,a1,redundancy,loss_free,242,-0.7119794487953186
FashionMNIST,small,42,10,a1,redundancy,loss_free,243,-0.6506962180137634
FashionMNIST,small,42,10,a1,redundancy,loss_free,244,-0.41373008489608765
FashionMNIST,small,42,10,a1,redundancy,loss_free,245,-0.8038793802261353
FashionMNIST,small,42,10,a1,redundancy,loss_free,246,-0.4847302734851837
FashionMNIST,small,42,10,a1,redundancy,loss_free,247,-0.47102856636047363
FashionMNIST,small,42,10,a1,redundancy,loss_free,248,-0.7616782188415527
FashionMNIST,small,42,10,a1,redundancy,loss_free,249,-0.6170216202735901
FashionMNIST,small,42,10,a1,redundancy,loss_free,250,-0.771399199962616
FashionMNIST,small,42,10,a1,redundancy,loss_free,251,-0.8461567163467407
FashionMNIST,small,42,10,a1,redundancy,loss_free,252,-0.6199349761009216
FashionMNIST,small,42,10,a1,redundancy,loss_free,253,-0.2726769745349884
FashionMNIST,small,42,10,a1,redundancy,loss_free,254,-0.6275901198387146
FashionMNIST,small,42,10,a1,redundancy,loss_free,255,-0.697268009185791
FashionMNIST,small,42,10,a2,redundancy,loss_free,0,-0.8801137208938599
FashionMNIST,small,42,10,a2,redundancy,loss_free,1,-0.8026934266090393
FashionMNIST,small,42,10,a2,redundancy,loss_free,2,-0.6849318742752075
FashionMNIST,small,42,10,a2,redundancy,loss_free,3,-0.7752016186714172
FashionMNIST,small,42,10,a2,redundancy,loss_free,4,-0.9144757986068726
FashionMNIST,small,42,10,a2,redundancy,loss_free,5,-0.9269970059394836
FashionMNIST,small,42,10,a2,redundancy,loss_free,6,-0.4740520417690277
FashionMNIST,small,42,10,a2,redundancy,loss_free,7,-0.6874251365661621
FashionMNIST,small,42,10,a2,redundancy,loss_free,8,-0.8501613140106201
FashionMNIST,small,42,10,a2,redundancy,loss_free,9,-0.5444748997688293
FashionMNIST,small,42,10,a2,redundancy,loss_free,10,-0.8567219972610474
FashionMNIST,small,42,10,a2,redundancy,loss_free,11,-0.7558400630950928
FashionMNIST,small,42,10,a2,redundancy,loss_free,12,-0.729945957660675
FashionMNIST,small,42,10,a2,redundancy,loss_free,13,-0.8744770288467407
FashionMNIST,small,42,10,a2,redundancy,loss_free,14,-0.8389367461204529
FashionMNIST,small,42,10,a2,redundancy,loss_free,15,-0.6276299953460693
FashionMNIST,small,42,10,a2,redundancy,loss_free,16,-0.9033216834068298
FashionMNIST,small,42,10,a2,redundancy,loss_free,17,-0.9792544841766357
FashionMNIST,small,42,10,a2,redundancy,loss_free,18,-0.6333142518997192
FashionMNIST,small,42,10,a2,redundancy,loss_free,19,-0.9236316680908203
FashionMNIST,small,42,10,a2,redundancy,loss_free,20,-0.9031082391738892
FashionMNIST,small,42,10,a2,redundancy,loss_free,21,-0.7258747220039368
FashionMNIST,small,42,10,a2,redundancy,loss_free,22,-0.9132274985313416
FashionMNIST,small,42,10,a2,redundancy,loss_free,23,-0.8258445858955383
FashionMNIST,small,42,10,a2,redundancy,loss_free,24,-0.8201857805252075
FashionMNIST,small,42,10,a2,redundancy,loss_free,25,-0.8578710556030273
FashionMNIST,small,42,10,a2,redundancy,loss_free,26,-0.8112168312072754
FashionMNIST,small,42,10,a2,redundancy,loss_free,27,-0.8436232805252075
FashionMNIST,small,42,10,a2,redundancy,loss_free,28,-0.7245154976844788
FashionMNIST,small,42,10,a2,redundancy,loss_free,29,-0.8312639594078064
FashionMNIST,small,42,10,a2,redundancy,loss_free,30,-0.9356856346130371
FashionMNIST,small,42,10,a2,redundancy,loss_free,31,-0.8026934266090393
FashionMNIST,small,42,10,a2,redundancy,loss_free,32,-0.7134115695953369
FashionMNIST,small,42,10,a2,redundancy,loss_free,33,-0.7724275588989258
FashionMNIST,small,42,10,a2,redundancy,loss_free,34,-0.8631715178489685
FashionMNIST,small,42,10,a2,redundancy,loss_free,35,-0.8631715178489685
FashionMNIST,small,42,10,a2,redundancy,loss_free,36,-0.708172082901001
FashionMNIST,small,42,10,a2,redundancy,loss_free,37,-0.7768692970275879
FashionMNIST,small,42,10,a2,redundancy,loss_free,38,-0.8276330232620239
FashionMNIST,small,42,10,a2,redundancy,loss_free,39,-0.8900947570800781
FashionMNIST,small,42,10,a2,redundancy,loss_free,40,-0.5063811540603638
FashionMNIST,small,42,10,a2,redundancy,loss_free,41,-0.7752016186714172
FashionMNIST,small,42,10,a2,redundancy,loss_free,42,-0.8339023590087891
FashionMNIST,small,42,10,a2,redundancy,loss_free,43,-0.6826770305633545
FashionMNIST,small,42,10,a2,redundancy,loss_free,44,-0.8242941498756409
FashionMNIST,small,42,10,a2,redundancy,loss_free,45,-0.8586956858634949
FashionMNIST,small,42,10,a2,redundancy,loss_free,46,-0.8111894726753235
FashionMNIST,small,42,10,a2,redundancy,loss_free,47,-0.8749071359634399
FashionMNIST,small,42,10,a2,redundancy,loss_free,48,-0.830258309841156
FashionMNIST,small,42,10,a2,redundancy,loss_free,49,-0.7243250608444214
FashionMNIST,small,42,10,a2,redundancy,loss_free,50,-0.7431315779685974
FashionMNIST,small,42,10,a2,redundancy,loss_free,51,-0.7656894326210022
FashionMNIST,small,42,10,a2,redundancy,loss_free,52,-0.8973013758659363
FashionMNIST,small,42,10,a2,redundancy,loss_free,53,-0.738180935382843
FashionMNIST,small,42,10,a2,redundancy,loss_free,54,-0.8327816724777222
FashionMNIST,small,42,10,a2,redundancy,loss_free,55,-0.7065080404281616
FashionMNIST,small,42,10,a2,redundancy,loss_free,56,-0.7384939193725586
FashionMNIST,small,42,10,a2,redundancy,loss_free,57,-0.8145142793655396
FashionMNIST,small,42,10,a2,redundancy,loss_free,58,-0.6587767004966736
FashionMNIST,small,42,10,a2,redundancy,loss_free,59,-0.7799497842788696
FashionMNIST,small,42,10,a2,redundancy,loss_free,60,-0.5696004033088684
FashionMNIST,small,42,10,a2,redundancy,loss_free,61,-0.0858321264386177
FashionMNIST,small,42,10,a2,redundancy,loss_free,62,-0.6338064670562744
FashionMNIST,small,42,10,a2,redundancy,loss_free,63,-0.5616871118545532
FashionMNIST,small,42,10,a2,redundancy,loss_free,64,-0.7751346230506897
FashionMNIST,small,42,10,a2,redundancy,loss_free,65,-0.6672792434692383
FashionMNIST,small,42,10,a2,redundancy,loss_free,66,-0.8327816724777222
FashionMNIST,small,42,10,a2,redundancy,loss_free,67,-0.8366621732711792
FashionMNIST,small,42,10,a2,redundancy,loss_free,68,-0.8438159227371216
FashionMNIST,small,42,10,a2,redundancy,loss_free,69,-0.7316680550575256
FashionMNIST,small,42,10,a2,redundancy,loss_free,70,-0.7548463940620422
FashionMNIST,small,42,10,a2,redundancy,loss_free,71,-0.9252155423164368
FashionMNIST,small,42,10,a2,redundancy,loss_free,72,-0.9356856346130371
FashionMNIST,small,42,10,a2,redundancy,loss_free,73,-0.8911260962486267
FashionMNIST,small,42,10,a2,redundancy,loss_free,74,-0.8047850131988525
FashionMNIST,small,42,10,a2,redundancy,loss_free,75,-0.8366621732711792
FashionMNIST,small,42,10,a2,redundancy,loss_free,76,-0.8794316053390503
FashionMNIST,small,42,10,a2,redundancy,loss_free,77,-0.9051985740661621
FashionMNIST,small,42,10,a2,redundancy,loss_free,78,-0.8860882520675659
FashionMNIST,small,42,10,a2,redundancy,loss_free,79,-0.5876638293266296
FashionMNIST,small,42,10,a2,redundancy,loss_free,80,-0.6826770305633545
FashionMNIST,small,42,10,a2,redundancy,loss_free,81,-0.9792544841766357
FashionMNIST,small,42,10,a2,redundancy,loss_free,82,-0.5878721475601196
FashionMNIST,small,42,10,a2,redundancy,loss_free,83,-0.8973013758659363
FashionMNIST,small,42,10,a2,redundancy,loss_free,84,-0.9123804569244385
FashionMNIST,small,42,10,a2,redundancy,loss_free,85,-0.8501613140106201
FashionMNIST,small,42,10,a2,redundancy,loss_free,86,-0.8719567060470581
FashionMNIST,small,42,10,a2,redundancy,loss_free,87,-0.9045701026916504
FashionMNIST,small,42,10,a2,redundancy,loss_free,88,-0.8749071359634399
FashionMNIST,small,42,10,a2,redundancy,loss_free,89,-0.5212123990058899
FashionMNIST,small,42,10,a2,redundancy,loss_free,90,-0.7337979674339294
FashionMNIST,small,42,10,a2,redundancy,loss_free,91,-0.51413494348526
FashionMNIST,small,42,10,a2,redundancy,loss_free,92,-0.5533514618873596
FashionMNIST,small,42,10,a2,redundancy,loss_free,93,-0.6900534629821777
FashionMNIST,small,42,10,a2,redundancy,loss_free,94,-0.6308536529541016
FashionMNIST,small,42,10,a2,redundancy,loss_free,95,-0.7585148811340332
FashionMNIST,small,42,10,a2,redundancy,loss_free,96,-0.7128750681877136
FashionMNIST,small,42,10,a2,redundancy,loss_free,97,-0.6520913243293762
FashionMNIST,small,42,10,a2,redundancy,loss_free,98,-0.7870839834213257
FashionMNIST,small,42,10,a2,redundancy,loss_free,99,-0.672204315662384
FashionMNIST,small,42,10,a2,redundancy,loss_free,100,-0.8215985894203186
FashionMNIST,small,42,10,a2,redundancy,loss_free,101,-0.6946936249732971
FashionMNIST,small,42,10,a2,redundancy,loss_free,102,-0.5943341851234436
FashionMNIST,small,42,10,a2,redundancy,loss_free,103,-0.7384939193725586
FashionMNIST,small,42,10,a2,redundancy,loss_free,104,-0.6946936249732971
FashionMNIST,small,42,10,a2,redundancy,loss_free,105,-0.6002668738365173
FashionMNIST,small,42,10,a2,redundancy,loss_free,106,-0.7370429635047913
FashionMNIST,small,42,10,a2,redundancy,loss_free,107,-0.9132274985313416
FashionMNIST,small,42,10,a2,redundancy,loss_free,108,-0.8864988684654236
FashionMNIST,small,42,10,a2,redundancy,loss_free,109,-0.8578710556030273
FashionMNIST,small,42,10,a2,redundancy,loss_free,110,-0.7983445525169373
FashionMNIST,small,42,10,a2,redundancy,loss_free,111,-0.8438159227371216
FashionMNIST,small,42,10,a2,redundancy,loss_free,112,-0.672204315662384
FashionMNIST,small,42,10,a2,redundancy,loss_free,113,-0.5335792303085327
FashionMNIST,small,42,10,a2,redundancy,loss_free,114,-0.8312639594078064
FashionMNIST,small,42,10,a2,redundancy,loss_free,115,-0.8086259365081787
FashionMNIST,small,42,10,a2,redundancy,loss_free,116,-0.8436232805252075
FashionMNIST,small,42,10,a2,redundancy,loss_free,117,-0.9269970059394836
FashionMNIST,small,42,10,a2,redundancy,loss_free,118,-0.5123058557510376
FashionMNIST,small,42,10,a2,redundancy,loss_free,119,-0.9051985740661621
FashionMNIST,small,42,10,a2,redundancy,loss_free,120,-0.6043655872344971
FashionMNIST,small,42,10,a2,redundancy,loss_free,121,-0.8860882520675659
FashionMNIST,small,42,10,a2,redundancy,loss_free,122,-0.9144757986068726
FashionMNIST,small,42,10,a2,redundancy,loss_free,123,-0.8258445858955383
FashionMNIST,small,42,10,a2,redundancy,loss_free,124,-0.8234391808509827
FashionMNIST,small,42,10,a2,redundancy,loss_free,125,-0.8801137208938599
FashionMNIST,small,42,10,a2,redundancy,loss_free,126,-0.8951064944267273
FashionMNIST,small,42,10,a2,redundancy,loss_free,127,-0.9060015082359314
FashionMNIST,small,42,10,a1,hebbian,loss_free,0,0.021397316828370094
FashionMNIST,small,42,10,a1,hebbian,loss_free,1,0.038917966187000275
FashionMNIST,small,42,10,a1,hebbian,loss_free,2,0.020251896232366562
FashionMNIST,small,42,10,a1,hebbian,loss_free,3,1.3073521358819562e-06
FashionMNIST,small,42,10,a1,hebbian,loss_free,4,0.09470920264720917
FashionMNIST,small,42,10,a1,hebbian,loss_free,5,0.012427525594830513
FashionMNIST,small,42,10,a1,hebbian,loss_free,6,0.0024309405125677586
FashionMNIST,small,42,10,a1,hebbian,loss_free,7,0.0878429114818573
FashionMNIST,small,42,10,a1,hebbian,loss_free,8,0.02744842693209648
FashionMNIST,small,42,10,a1,hebbian,loss_free,9,0.0696931704878807
FashionMNIST,small,42,10,a1,hebbian,loss_free,10,0.011645862832665443
FashionMNIST,small,42,10,a1,hebbian,loss_free,11,0.06217341870069504
FashionMNIST,small,42,10,a1,hebbian,loss_free,12,0.02298402413725853
FashionMNIST,small,42,10,a1,hebbian,loss_free,13,0.0476938858628273
FashionMNIST,small,42,10,a1,hebbian,loss_free,14,0.2662983536720276
FashionMNIST,small,42,10,a1,hebbian,loss_free,15,0.2583369016647339
FashionMNIST,small,42,10,a1,hebbian,loss_free,16,0.03956438601016998
FashionMNIST,small,42,10,a1,hebbian,loss_free,17,0.0034302067942917347
FashionMNIST,small,42,10,a1,hebbian,loss_free,18,0.1128925308585167
FashionMNIST,small,42,10,a1,hebbian,loss_free,19,0.018844114616513252
FashionMNIST,small,42,10,a1,hebbian,loss_free,20,0.09327718615531921
FashionMNIST,small,42,10,a1,hebbian,loss_free,21,0.2272576242685318
FashionMNIST,small,42,10,a1,hebbian,loss_free,22,0.32902660965919495
FashionMNIST,small,42,10,a1,hebbian,loss_free,23,0.3966946303844452
FashionMNIST,small,42,10,a1,hebbian,loss_free,24,0.03639887645840645
FashionMNIST,small,42,10,a1,hebbian,loss_free,25,0.10714654624462128
FashionMNIST,small,42,10,a1,hebbian,loss_free,26,0.08308020979166031
FashionMNIST,small,42,10,a1,hebbian,loss_free,27,0.3002620041370392
FashionMNIST,small,42,10,a1,hebbian,loss_free,28,0.0017752955900505185
FashionMNIST,small,42,10,a1,hebbian,loss_free,29,0.005941988900303841
FashionMNIST,small,42,10,a1,hebbian,loss_free,30,0.009159832261502743
FashionMNIST,small,42,10,a1,hebbian,loss_free,31,0.08804715424776077
FashionMNIST,small,42,10,a1,hebbian,loss_free,32,0.0008903458947315812
FashionMNIST,small,42,10,a1,hebbian,loss_free,33,0.03684679791331291
FashionMNIST,small,42,10,a1,hebbian,loss_free,34,0.05087970942258835
FashionMNIST,small,42,10,a1,hebbian,loss_free,35,0.010938824154436588
FashionMNIST,small,42,10,a1,hebbian,loss_free,36,0.25932884216308594
FashionMNIST,small,42,10,a1,hebbian,loss_free,37,0.05200193449854851
FashionMNIST,small,42,10,a1,hebbian,loss_free,38,0.015486340969800949
FashionMNIST,small,42,10,a1,hebbian,loss_free,39,0.1251051127910614
FashionMNIST,small,42,10,a1,hebbian,loss_free,40,0.0334642119705677
FashionMNIST,small,42,10,a1,hebbian,loss_free,41,0.14950010180473328
FashionMNIST,small,42,10,a1,hebbian,loss_free,42,0.003849905915558338
FashionMNIST,small,42,10,a1,hebbian,loss_free,43,0.014602874405682087
FashionMNIST,small,42,10,a1,hebbian,loss_free,44,0.0002628666115924716
FashionMNIST,small,42,10,a1,hebbian,loss_free,45,0.0849226638674736
FashionMNIST,small,42,10,a1,hebbian,loss_free,46,0.04871691018342972
FashionMNIST,small,42,10,a1,hebbian,loss_free,47,0.014302866533398628
FashionMNIST,small,42,10,a1,hebbian,loss_free,48,0.09997769445180893
FashionMNIST,small,42,10,a1,hebbian,loss_free,49,0.011310935020446777
FashionMNIST,small,42,10,a1,hebbian,loss_free,50,0.010359582491219044
FashionMNIST,small,42,10,a1,hebbian,loss_free,51,0.006422851700335741
FashionMNIST,small,42,10,a1,hebbian,loss_free,52,0.07717642188072205
FashionMNIST,small,42,10,a1,hebbian,loss_free,53,0.00897140335291624
FashionMNIST,small,42,10,a1,hebbian,loss_free,54,0.09975486993789673
FashionMNIST,small,42,10,a1,hebbian,loss_free,55,0.01845761574804783
FashionMNIST,small,42,10,a1,hebbian,loss_free,56,0.03565249219536781
FashionMNIST,small,42,10,a1,hebbian,loss_free,57,0.1741262674331665
FashionMNIST,small,42,10,a1,hebbian,loss_free,58,0.000399618613300845
FashionMNIST,small,42,10,a1,hebbian,loss_free,59,2.933068454780141e-09
FashionMNIST,small,42,10,a1,hebbian,loss_free,60,0.0583043210208416
FashionMNIST,small,42,10,a1,hebbian,loss_free,61,0.004332513548433781
FashionMNIST,small,42,10,a1,hebbian,loss_free,62,0.0038467124104499817
FashionMNIST,small,42,10,a1,hebbian,loss_free,63,0.08948482573032379
FashionMNIST,small,42,10,a1,hebbian,loss_free,64,0.0025462235789746046
FashionMNIST,small,42,10,a1,hebbian,loss_free,65,0.035428736358881
FashionMNIST,small,42,10,a1,hebbian,loss_free,66,0.012145398184657097
FashionMNIST,small,42,10,a1,hebbian,loss_free,67,0.14885157346725464
FashionMNIST,small,42,10,a1,hebbian,loss_free,68,0.018166011199355125
FashionMNIST,small,42,10,a1,hebbian,loss_free,69,0.012158985249698162
FashionMNIST,small,42,10,a1,hebbian,loss_free,70,6.484471668954939e-05
FashionMNIST,small,42,10,a1,hebbian,loss_free,71,0.04723208770155907
FashionMNIST,small,42,10,a1,hebbian,loss_free,72,0.11744824796915054
FashionMNIST,small,42,10,a1,hebbian,loss_free,73,0.2285003662109375
FashionMNIST,small,42,10,a1,hebbian,loss_free,74,0.23067912459373474
FashionMNIST,small,42,10,a1,hebbian,loss_free,75,0.3495129644870758
FashionMNIST,small,42,10,a1,hebbian,loss_free,76,0.030152270570397377
FashionMNIST,small,42,10,a1,hebbian,loss_free,77,0.0429362878203392
FashionMNIST,small,42,10,a1,hebbian,loss_free,78,0.06282201409339905
FashionMNIST,small,42,10,a1,hebbian,loss_free,79,0.06551609933376312
FashionMNIST,small,42,10,a1,hebbian,loss_free,80,0.007212120573967695
FashionMNIST,small,42,10,a1,hebbian,loss_free,81,0.1774955689907074
FashionMNIST,small,42,10,a1,hebbian,loss_free,82,0.10238205641508102
FashionMNIST,small,42,10,a1,hebbian,loss_free,83,0.05639396235346794
FashionMNIST,small,42,10,a1,hebbian,loss_free,84,0.23152031004428864
FashionMNIST,small,42,10,a1,hebbian,loss_free,85,0.11823704838752747
FashionMNIST,small,42,10,a1,hebbian,loss_free,86,0.09553610533475876
FashionMNIST,small,42,10,a1,hebbian,loss_free,87,0.010795838199555874
FashionMNIST,small,42,10,a1,hebbian,loss_free,88,0.038823723793029785
FashionMNIST,small,42,10,a1,hebbian,loss_free,89,0.06780784577131271
FashionMNIST,small,42,10,a1,hebbian,loss_free,90,0.0013626794097945094
FashionMNIST,small,42,10,a1,hebbian,loss_free,91,0.00463507417589426
FashionMNIST,small,42,10,a1,hebbian,loss_free,92,0.021243901923298836
FashionMNIST,small,42,10,a1,hebbian,loss_free,93,0.0726463571190834
FashionMNIST,small,42,10,a1,hebbian,loss_free,94,0.20035706460475922
FashionMNIST,small,42,10,a1,hebbian,loss_free,95,0.022377775982022285
FashionMNIST,small,42,10,a1,hebbian,loss_free,96,0.008447257801890373
FashionMNIST,small,42,10,a1,hebbian,loss_free,97,0.0375259593129158
FashionMNIST,small,42,10,a1,hebbian,loss_free,98,0.03871004283428192
FashionMNIST,small,42,10,a1,hebbian,loss_free,99,0.005797353107482195
FashionMNIST,small,42,10,a1,hebbian,loss_free,100,0.15336915850639343
FashionMNIST,small,42,10,a1,hebbian,loss_free,101,0.043860506266355515
FashionMNIST,small,42,10,a1,hebbian,loss_free,102,0.3317697048187256
FashionMNIST,small,42,10,a1,hebbian,loss_free,103,0.004843526985496283
FashionMNIST,small,42,10,a1,hebbian,loss_free,104,0.031395670026540756
FashionMNIST,small,42,10,a1,hebbian,loss_free,105,0.013755282387137413
FashionMNIST,small,42,10,a1,hebbian,loss_free,106,0.01270241942256689
FashionMNIST,small,42,10,a1,hebbian,loss_free,107,1.0727890185080469e-06
FashionMNIST,small,42,10,a1,hebbian,loss_free,108,0.016585133969783783
FashionMNIST,small,42,10,a1,hebbian,loss_free,109,0.11964967101812363
FashionMNIST,small,42,10,a1,hebbian,loss_free,110,0.01618046872317791
FashionMNIST,small,42,10,a1,hebbian,loss_free,111,0.0016945929965004325
FashionMNIST,small,42,10,a1,hebbian,loss_free,112,0.06330914050340652
FashionMNIST,small,42,10,a1,hebbian,loss_free,113,0.10722807794809341
FashionMNIST,small,42,10,a1,hebbian,loss_free,114,0.09627728164196014
FashionMNIST,small,42,10,a1,hebbian,loss_free,115,0.22822047770023346
FashionMNIST,small,42,10,a1,hebbian,loss_free,116,0.04192892089486122
FashionMNIST,small,42,10,a1,hebbian,loss_free,117,0.023578768596053123
FashionMNIST,small,42,10,a1,hebbian,loss_free,118,0.18611043691635132
FashionMNIST,small,42,10,a1,hebbian,loss_free,119,0.013949028216302395
FashionMNIST,small,42,10,a1,hebbian,loss_free,120,0.125260591506958
FashionMNIST,small,42,10,a1,hebbian,loss_free,121,0.17600832879543304
FashionMNIST,small,42,10,a1,hebbian,loss_free,122,0.23038196563720703
FashionMNIST,small,42,10,a1,hebbian,loss_free,123,0.11337597668170929
FashionMNIST,small,42,10,a1,hebbian,loss_free,124,0.11955917626619339
FashionMNIST,small,42,10,a1,hebbian,loss_free,125,0.00298495776951313
FashionMNIST,small,42,10,a1,hebbian,loss_free,126,0.0791049376130104
FashionMNIST,small,42,10,a1,hebbian,loss_free,127,0.05750465765595436
FashionMNIST,small,42,10,a1,hebbian,loss_free,128,0.43187597393989563
FashionMNIST,small,42,10,a1,hebbian,loss_free,129,0.013973171822726727
FashionMNIST,small,42,10,a1,hebbian,loss_free,130,0.0054557169787585735
FashionMNIST,small,42,10,a1,hebbian,loss_free,131,0.035433266311883926
FashionMNIST,small,42,10,a1,hebbian,loss_free,132,0.03807450085878372
FashionMNIST,small,42,10,a1,hebbian,loss_free,133,0.03615511208772659
FashionMNIST,small,42,10,a1,hebbian,loss_free,134,0.060226600617170334
FashionMNIST,small,42,10,a1,hebbian,loss_free,135,0.04341743513941765
FashionMNIST,small,42,10,a1,hebbian,loss_free,136,0.04842760041356087
FashionMNIST,small,42,10,a1,hebbian,loss_free,137,0.07392396777868271
FashionMNIST,small,42,10,a1,hebbian,loss_free,138,0.11247792840003967
FashionMNIST,small,42,10,a1,hebbian,loss_free,139,0.30220040678977966
FashionMNIST,small,42,10,a1,hebbian,loss_free,140,0.03491271287202835
FashionMNIST,small,42,10,a1,hebbian,loss_free,141,0.11399782449007034
FashionMNIST,small,42,10,a1,hebbian,loss_free,142,0.06902725994586945
FashionMNIST,small,42,10,a1,hebbian,loss_free,143,0.017652546986937523
FashionMNIST,small,42,10,a1,hebbian,loss_free,144,0.07528642565011978
FashionMNIST,small,42,10,a1,hebbian,loss_free,145,0.057720847427845
FashionMNIST,small,42,10,a1,hebbian,loss_free,146,0.0010659039253368974
FashionMNIST,small,42,10,a1,hebbian,loss_free,147,0.1213020607829094
FashionMNIST,small,42,10,a1,hebbian,loss_free,148,0.04713302105665207
FashionMNIST,small,42,10,a1,hebbian,loss_free,149,0.024718891829252243
FashionMNIST,small,42,10,a1,hebbian,loss_free,150,0.09428387135267258
FashionMNIST,small,42,10,a1,hebbian,loss_free,151,0.04490801692008972
FashionMNIST,small,42,10,a1,hebbian,loss_free,152,0.01305989921092987
FashionMNIST,small,42,10,a1,hebbian,loss_free,153,0.017642756924033165
FashionMNIST,small,42,10,a1,hebbian,loss_free,154,0.20200619101524353
FashionMNIST,small,42,10,a1,hebbian,loss_free,155,0.09185287356376648
FashionMNIST,small,42,10,a1,hebbian,loss_free,156,0.04247217997908592
FashionMNIST,small,42,10,a1,hebbian,loss_free,157,0.012447046115994453
FashionMNIST,small,42,10,a1,hebbian,loss_free,158,0.19636571407318115
FashionMNIST,small,42,10,a1,hebbian,loss_free,159,0.17970579862594604
FashionMNIST,small,42,10,a1,hebbian,loss_free,160,0.07635962218046188
FashionMNIST,small,42,10,a1,hebbian,loss_free,161,0.043122608214616776
FashionMNIST,small,42,10,a1,hebbian,loss_free,162,0.23967541754245758
FashionMNIST,small,42,10,a1,hebbian,loss_free,163,0.05687331035733223
FashionMNIST,small,42,10,a1,hebbian,loss_free,164,0.18837417662143707
FashionMNIST,small,42,10,a1,hebbian,loss_free,165,0.26686352491378784
FashionMNIST,small,42,10,a1,hebbian,loss_free,166,0.06738551706075668
FashionMNIST,small,42,10,a1,hebbian,loss_free,167,0.0004345661436673254
FashionMNIST,small,42,10,a1,hebbian,loss_free,168,0.3015764355659485
FashionMNIST,small,42,10,a1,hebbian,loss_free,169,0.027767468243837357
FashionMNIST,small,42,10,a1,hebbian,loss_free,170,0.00886836089193821
FashionMNIST,small,42,10,a1,hebbian,loss_free,171,0.005390097852796316
FashionMNIST,small,42,10,a1,hebbian,loss_free,172,0.05177082121372223
FashionMNIST,small,42,10,a1,hebbian,loss_free,173,0.08066976815462112
FashionMNIST,small,42,10,a1,hebbian,loss_free,174,0.12623724341392517
FashionMNIST,small,42,10,a1,hebbian,loss_free,175,0.04767562448978424
FashionMNIST,small,42,10,a1,hebbian,loss_free,176,0.08166690170764923
FashionMNIST,small,42,10,a1,hebbian,loss_free,177,0.1074746623635292
FashionMNIST,small,42,10,a1,hebbian,loss_free,178,0.015917949378490448
FashionMNIST,small,42,10,a1,hebbian,loss_free,179,0.026375338435173035
FashionMNIST,small,42,10,a1,hebbian,loss_free,180,0.015136558562517166
FashionMNIST,small,42,10,a1,hebbian,loss_free,181,0.178599551320076
FashionMNIST,small,42,10,a1,hebbian,loss_free,182,0.19645293056964874
FashionMNIST,small,42,10,a1,hebbian,loss_free,183,0.028971567749977112
FashionMNIST,small,42,10,a1,hebbian,loss_free,184,0.023241981863975525
FashionMNIST,small,42,10,a1,hebbian,loss_free,185,0.16113172471523285
FashionMNIST,small,42,10,a1,hebbian,loss_free,186,0.08362170308828354
FashionMNIST,small,42,10,a1,hebbian,loss_free,187,0.026823464781045914
FashionMNIST,small,42,10,a1,hebbian,loss_free,188,0.21224550902843475
FashionMNIST,small,42,10,a1,hebbian,loss_free,189,0.3121700882911682
FashionMNIST,small,42,10,a1,hebbian,loss_free,190,0.10963287204504013
FashionMNIST,small,42,10,a1,hebbian,loss_free,191,0.5007951259613037
FashionMNIST,small,42,10,a1,hebbian,loss_free,192,0.1834600418806076
FashionMNIST,small,42,10,a1,hebbian,loss_free,193,0.07069960236549377
FashionMNIST,small,42,10,a1,hebbian,loss_free,194,0.37206634879112244
FashionMNIST,small,42,10,a1,hebbian,loss_free,195,0.026207245886325836
FashionMNIST,small,42,10,a1,hebbian,loss_free,196,0.2064395546913147
FashionMNIST,small,42,10,a1,hebbian,loss_free,197,0.1532900035381317
FashionMNIST,small,42,10,a1,hebbian,loss_free,198,0.07376929372549057
FashionMNIST,small,42,10,a1,hebbian,loss_free,199,0.10854744166135788
FashionMNIST,small,42,10,a1,hebbian,loss_free,200,0.07165423035621643
FashionMNIST,small,42,10,a1,hebbian,loss_free,201,0.12986190617084503
FashionMNIST,small,42,10,a1,hebbian,loss_free,202,0.04272432625293732
FashionMNIST,small,42,10,a1,hebbian,loss_free,203,0.007331786677241325
FashionMNIST,small,42,10,a1,hebbian,loss_free,204,0.02514384686946869
FashionMNIST,small,42,10,a1,hebbian,loss_free,205,0.0026727705262601376
FashionMNIST,small,42,10,a1,hebbian,loss_free,206,0.08262200653553009
FashionMNIST,small,42,10,a1,hebbian,loss_free,207,0.001958257518708706
FashionMNIST,small,42,10,a1,hebbian,loss_free,208,0.13408130407333374
FashionMNIST,small,42,10,a1,hebbian,loss_free,209,0.06523150950670242
FashionMNIST,small,42,10,a1,hebbian,loss_free,210,0.0009649837738834321
FashionMNIST,small,42,10,a1,hebbian,loss_free,211,0.06328120082616806
FashionMNIST,small,42,10,a1,hebbian,loss_free,212,0.020093001425266266
FashionMNIST,small,42,10,a1,hebbian,loss_free,213,0.002834934275597334
FashionMNIST,small,42,10,a1,hebbian,loss_free,214,0.017435887828469276
FashionMNIST,small,42,10,a1,hebbian,loss_free,215,0.005203114356845617
FashionMNIST,small,42,10,a1,hebbian,loss_free,216,0.020722156390547752
FashionMNIST,small,42,10,a1,hebbian,loss_free,217,0.0009857011027634144
FashionMNIST,small,42,10,a1,hebbian,loss_free,218,0.005944473668932915
FashionMNIST,small,42,10,a1,hebbian,loss_free,219,0.025873510167002678
FashionMNIST,small,42,10,a1,hebbian,loss_free,220,0.022054007276892662
FashionMNIST,small,42,10,a1,hebbian,loss_free,221,0.0022983159869909286
FashionMNIST,small,42,10,a1,hebbian,loss_free,222,0.00199133506976068
FashionMNIST,small,42,10,a1,hebbian,loss_free,223,0.08330772072076797
FashionMNIST,small,42,10,a1,hebbian,loss_free,224,0.13174523413181305
FashionMNIST,small,42,10,a1,hebbian,loss_free,225,0.049630653113126755
FashionMNIST,small,42,10,a1,hebbian,loss_free,226,0.06733648478984833
FashionMNIST,small,42,10,a1,hebbian,loss_free,227,0.1930236667394638
FashionMNIST,small,42,10,a1,hebbian,loss_free,228,0.017415734007954597
FashionMNIST,small,42,10,a1,hebbian,loss_free,229,0.18298348784446716
FashionMNIST,small,42,10,a1,hebbian,loss_free,230,0.21913892030715942
FashionMNIST,small,42,10,a1,hebbian,loss_free,231,0.053178004920482635
FashionMNIST,small,42,10,a1,hebbian,loss_free,232,0.010672132484614849
FashionMNIST,small,42,10,a1,hebbian,loss_free,233,0.20775452256202698
FashionMNIST,small,42,10,a1,hebbian,loss_free,234,0.002115176757797599
FashionMNIST,small,42,10,a1,hebbian,loss_free,235,0.08265817165374756
FashionMNIST,small,42,10,a1,hebbian,loss_free,236,0.00022355353576131165
FashionMNIST,small,42,10,a1,hebbian,loss_free,237,0.3175579905509949
FashionMNIST,small,42,10,a1,hebbian,loss_free,238,0.08735693246126175
FashionMNIST,small,42,10,a1,hebbian,loss_free,239,0.027012504637241364
FashionMNIST,small,42,10,a1,hebbian,loss_free,240,0.03251418471336365
FashionMNIST,small,42,10,a1,hebbian,loss_free,241,0.015571815893054008
FashionMNIST,small,42,10,a1,hebbian,loss_free,242,0.023701097816228867
FashionMNIST,small,42,10,a1,hebbian,loss_free,243,0.00565421674400568
FashionMNIST,small,42,10,a1,hebbian,loss_free,244,0.000765949604101479
FashionMNIST,small,42,10,a1,hebbian,loss_free,245,0.07807239890098572
FashionMNIST,small,42,10,a1,hebbian,loss_free,246,0.221662700176239
FashionMNIST,small,42,10,a1,hebbian,loss_free,247,0.0313640795648098
FashionMNIST,small,42,10,a1,hebbian,loss_free,248,0.03550565242767334
FashionMNIST,small,42,10,a1,hebbian,loss_free,249,0.015852365642786026
FashionMNIST,small,42,10,a1,hebbian,loss_free,250,0.19034120440483093
FashionMNIST,small,42,10,a1,hebbian,loss_free,251,0.23341815173625946
FashionMNIST,small,42,10,a1,hebbian,loss_free,252,0.45608535408973694
FashionMNIST,small,42,10,a1,hebbian,loss_free,253,4.774131593876518e-05
FashionMNIST,small,42,10,a1,hebbian,loss_free,254,0.4430578947067261
FashionMNIST,small,42,10,a1,hebbian,loss_free,255,0.011836668476462364
FashionMNIST,small,42,10,a2,hebbian,loss_free,0,0.03253987431526184
FashionMNIST,small,42,10,a2,hebbian,loss_free,1,0.04237302020192146
FashionMNIST,small,42,10,a2,hebbian,loss_free,2,0.05748794972896576
FashionMNIST,small,42,10,a2,hebbian,loss_free,3,0.023654136806726456
FashionMNIST,small,42,10,a2,hebbian,loss_free,4,0.07132311910390854
FashionMNIST,small,42,10,a2,hebbian,loss_free,5,0.18467606604099274
FashionMNIST,small,42,10,a2,hebbian,loss_free,6,0.034416474401950836
FashionMNIST,small,42,10,a2,hebbian,loss_free,7,0.022740496322512627
FashionMNIST,small,42,10,a2,hebbian,loss_free,8,0.27008944749832153
FashionMNIST,small,42,10,a2,hebbian,loss_free,9,0.1825919896364212
FashionMNIST,small,42,10,a2,hebbian,loss_free,10,0.1426175981760025
FashionMNIST,small,42,10,a2,hebbian,loss_free,11,0.017928700894117355
FashionMNIST,small,42,10,a2,hebbian,loss_free,12,0.2559797167778015
FashionMNIST,small,42,10,a2,hebbian,loss_free,13,0.014005309902131557
FashionMNIST,small,42,10,a2,hebbian,loss_free,14,0.07012464851140976
FashionMNIST,small,42,10,a2,hebbian,loss_free,15,0.017154548317193985
FashionMNIST,small,42,10,a2,hebbian,loss_free,16,0.047352250665426254
FashionMNIST,small,42,10,a2,hebbian,loss_free,17,0.05340730398893356
FashionMNIST,small,42,10,a2,hebbian,loss_free,18,0.04141732305288315
FashionMNIST,small,42,10,a2,hebbian,loss_free,19,0.09407123923301697
FashionMNIST,small,42,10,a2,hebbian,loss_free,20,0.10408665239810944
FashionMNIST,small,42,10,a2,hebbian,loss_free,21,0.00456038536503911
FashionMNIST,small,42,10,a2,hebbian,loss_free,22,0.1626800000667572
FashionMNIST,small,42,10,a2,hebbian,loss_free,23,0.05374937504529953
FashionMNIST,small,42,10,a2,hebbian,loss_free,24,0.04169060289859772
FashionMNIST,small,42,10,a2,hebbian,loss_free,25,0.0923847109079361
FashionMNIST,small,42,10,a2,hebbian,loss_free,26,0.08804722130298615
FashionMNIST,small,42,10,a2,hebbian,loss_free,27,0.0683448538184166
FashionMNIST,small,42,10,a2,hebbian,loss_free,28,0.10158009827136993
FashionMNIST,small,42,10,a2,hebbian,loss_free,29,0.11390300840139389
FashionMNIST,small,42,10,a2,hebbian,loss_free,30,0.15724213421344757
FashionMNIST,small,42,10,a2,hebbian,loss_free,31,0.027814563363790512
FashionMNIST,small,42,10,a2,hebbian,loss_free,32,0.05344786122441292
FashionMNIST,small,42,10,a2,hebbian,loss_free,33,0.03369099274277687
FashionMNIST,small,42,10,a2,hebbian,loss_free,34,0.006539023481309414
FashionMNIST,small,42,10,a2,hebbian,loss_free,35,0.0038470709696412086
FashionMNIST,small,42,10,a2,hebbian,loss_free,36,0.05342809110879898
FashionMNIST,small,42,10,a2,hebbian,loss_free,37,0.11960366368293762
FashionMNIST,small,42,10,a2,hebbian,loss_free,38,0.034053534269332886
FashionMNIST,small,42,10,a2,hebbian,loss_free,39,0.07761403173208237
FashionMNIST,small,42,10,a2,hebbian,loss_free,40,0.09509675949811935
FashionMNIST,small,42,10,a2,hebbian,loss_free,41,0.0631173625588417
FashionMNIST,small,42,10,a2,hebbian,loss_free,42,0.20345529913902283
FashionMNIST,small,42,10,a2,hebbian,loss_free,43,0.06392353028059006
FashionMNIST,small,42,10,a2,hebbian,loss_free,44,0.11634352058172226
FashionMNIST,small,42,10,a2,hebbian,loss_free,45,0.10447391122579575
FashionMNIST,small,42,10,a2,hebbian,loss_free,46,0.01965727098286152
FashionMNIST,small,42,10,a2,hebbian,loss_free,47,0.14044542610645294
FashionMNIST,small,42,10,a2,hebbian,loss_free,48,0.1063946858048439
FashionMNIST,small,42,10,a2,hebbian,loss_free,49,0.16294485330581665
FashionMNIST,small,42,10,a2,hebbian,loss_free,50,0.07346290349960327
FashionMNIST,small,42,10,a2,hebbian,loss_free,51,0.08114678412675858
FashionMNIST,small,42,10,a2,hebbian,loss_free,52,0.04095601662993431
FashionMNIST,small,42,10,a2,hebbian,loss_free,53,0.0644332766532898
FashionMNIST,small,42,10,a2,hebbian,loss_free,54,0.18244566023349762
FashionMNIST,small,42,10,a2,hebbian,loss_free,55,0.052961528301239014
FashionMNIST,small,42,10,a2,hebbian,loss_free,56,0.003039473667740822
FashionMNIST,small,42,10,a2,hebbian,loss_free,57,0.042904917150735855
FashionMNIST,small,42,10,a2,hebbian,loss_free,58,0.09218005836009979
FashionMNIST,small,42,10,a2,hebbian,loss_free,59,0.02917069010436535
FashionMNIST,small,42,10,a2,hebbian,loss_free,60,0.014698762446641922
FashionMNIST,small,42,10,a2,hebbian,loss_free,61,1.1038418051612098e-05
FashionMNIST,small,42,10,a2,hebbian,loss_free,62,0.14146928489208221
FashionMNIST,small,42,10,a2,hebbian,loss_free,63,0.056776903569698334
FashionMNIST,small,42,10,a2,hebbian,loss_free,64,0.18447032570838928
FashionMNIST,small,42,10,a2,hebbian,loss_free,65,0.008325822651386261
FashionMNIST,small,42,10,a2,hebbian,loss_free,66,0.3585410714149475
FashionMNIST,small,42,10,a2,hebbian,loss_free,67,0.04141794145107269
FashionMNIST,small,42,10,a2,hebbian,loss_free,68,0.2502642571926117
FashionMNIST,small,42,10,a2,hebbian,loss_free,69,0.03653522580862045
FashionMNIST,small,42,10,a2,hebbian,loss_free,70,0.13299249112606049
FashionMNIST,small,42,10,a2,hebbian,loss_free,71,0.3754599690437317
FashionMNIST,small,42,10,a2,hebbian,loss_free,72,0.25424519181251526
FashionMNIST,small,42,10,a2,hebbian,loss_free,73,0.13653087615966797
FashionMNIST,small,42,10,a2,hebbian,loss_free,74,0.1157594844698906
FashionMNIST,small,42,10,a2,hebbian,loss_free,75,0.03373374417424202
FashionMNIST,small,42,10,a2,hebbian,loss_free,76,0.4860929548740387
FashionMNIST,small,42,10,a2,hebbian,loss_free,77,0.05206791311502457
FashionMNIST,small,42,10,a2,hebbian,loss_free,78,0.07667279988527298
FashionMNIST,small,42,10,a2,hebbian,loss_free,79,0.0042679947800934315
FashionMNIST,small,42,10,a2,hebbian,loss_free,80,0.052697453647851944
FashionMNIST,small,42,10,a2,hebbian,loss_free,81,0.04613228142261505
FashionMNIST,small,42,10,a2,hebbian,loss_free,82,0.04193371534347534
FashionMNIST,small,42,10,a2,hebbian,loss_free,83,0.03968086838722229
FashionMNIST,small,42,10,a2,hebbian,loss_free,84,0.052718549966812134
FashionMNIST,small,42,10,a2,hebbian,loss_free,85,0.4194001853466034
FashionMNIST,small,42,10,a2,hebbian,loss_free,86,0.13237224519252777
FashionMNIST,small,42,10,a2,hebbian,loss_free,87,0.046282704919576645
FashionMNIST,small,42,10,a2,hebbian,loss_free,88,0.10185960680246353
FashionMNIST,small,42,10,a2,hebbian,loss_free,89,0.06928186118602753
FashionMNIST,small,42,10,a2,hebbian,loss_free,90,0.11057531833648682
FashionMNIST,small,42,10,a2,hebbian,loss_free,91,0.027709484100341797
FashionMNIST,small,42,10,a2,hebbian,loss_free,92,0.03275527432560921
FashionMNIST,small,42,10,a2,hebbian,loss_free,93,0.031091958284378052
FashionMNIST,small,42,10,a2,hebbian,loss_free,94,0.31665700674057007
FashionMNIST,small,42,10,a2,hebbian,loss_free,95,0.013135656714439392
FashionMNIST,small,42,10,a2,hebbian,loss_free,96,0.06265617161989212
FashionMNIST,small,42,10,a2,hebbian,loss_free,97,0.12046407908201218
FashionMNIST,small,42,10,a2,hebbian,loss_free,98,0.05912937968969345
FashionMNIST,small,42,10,a2,hebbian,loss_free,99,0.005729846656322479
FashionMNIST,small,42,10,a2,hebbian,loss_free,100,0.11736574023962021
FashionMNIST,small,42,10,a2,hebbian,loss_free,101,0.029093243181705475
FashionMNIST,small,42,10,a2,hebbian,loss_free,102,0.24454361200332642
FashionMNIST,small,42,10,a2,hebbian,loss_free,103,0.004435156937688589
FashionMNIST,small,42,10,a2,hebbian,loss_free,104,0.023195261135697365
FashionMNIST,small,42,10,a2,hebbian,loss_free,105,0.09362152963876724
FashionMNIST,small,42,10,a2,hebbian,loss_free,106,0.10362263768911362
FashionMNIST,small,42,10,a2,hebbian,loss_free,107,0.11845706403255463
FashionMNIST,small,42,10,a2,hebbian,loss_free,108,0.09371500462293625
FashionMNIST,small,42,10,a2,hebbian,loss_free,109,0.07575424015522003
FashionMNIST,small,42,10,a2,hebbian,loss_free,110,0.1520547717809677
FashionMNIST,small,42,10,a2,hebbian,loss_free,111,0.20636537671089172
FashionMNIST,small,42,10,a2,hebbian,loss_free,112,0.022602178156375885
FashionMNIST,small,42,10,a2,hebbian,loss_free,113,0.02019888535141945
FashionMNIST,small,42,10,a2,hebbian,loss_free,114,0.135113924741745
FashionMNIST,small,42,10,a2,hebbian,loss_free,115,0.0419561006128788
FashionMNIST,small,42,10,a2,hebbian,loss_free,116,0.07783105224370956
FashionMNIST,small,42,10,a2,hebbian,loss_free,117,0.08823564648628235
FashionMNIST,small,42,10,a2,hebbian,loss_free,118,0.027900496497750282
FashionMNIST,small,42,10,a2,hebbian,loss_free,119,0.11223943531513214
FashionMNIST,small,42,10,a2,hebbian,loss_free,120,0.08040530234575272
FashionMNIST,small,42,10,a2,hebbian,loss_free,121,0.12650181353092194
FashionMNIST,small,42,10,a2,hebbian,loss_free,122,0.07086622714996338
FashionMNIST,small,42,10,a2,hebbian,loss_free,123,0.2763291597366333
FashionMNIST,small,42,10,a2,hebbian,loss_free,124,0.09773506224155426
FashionMNIST,small,42,10,a2,hebbian,loss_free,125,0.1342841535806656
FashionMNIST,small,42,10,a2,hebbian,loss_free,126,0.04542560875415802
FashionMNIST,small,42,10,a2,hebbian,loss_free,127,0.10752926021814346
FashionMNIST,small,42,10,a1,activation_fisher,loss_aware,0,0.0008710705442354083
FashionMNIST,small,42,10,a1,activation_fisher,loss_aware,1,0.0016482578357681632
FashionMNIST,small,42,10,a1,activation_fisher,loss_aware,2,0.00016780744772404432
FashionMNIST,small,42,10,a1,activation_fisher,loss_aware,3,9.92793781212642e-12
FashionMNIST,small,42,10,a1,activation_fisher,loss_aware,4,0.0008029013988561928
FashionMNIST,small,42,10,a1,activation_fisher,loss_aware,5,0.0032609673216938972
FashionMNIST,small,42,10,a1,activation_fisher,loss_aware,6,3.073676271014847e-05
FashionMNIST,small,42,10,a1,activation_fisher,loss_aware,7,0.0016327655175700784
FashionMNIST,small,42,10,a1,activation_fisher,loss_aware,8,0.00020005670376121998
FashionMNIST,small,42,10,a1,activation_fisher,loss_aware,9,0.0003645295510068536
FashionMNIST,small,42,10,a1,activation_fisher,loss_aware,10,0.0002072920324280858
FashionMNIST,small,42,10,a1,activation_fisher,loss_aware,11,0.00080325041199103
FashionMNIST,small,42,10,a1,activation_fisher,loss_aware,12,0.00014312475104816258
FashionMNIST,small,42,10,a1,activation_fisher,loss_aware,13,0.0005104450974613428
FashionMNIST,small,42,10,a1,activation_fisher,loss_aware,14,0.0020442481618374586
FashionMNIST,small,42,10,a1,activation_fisher,loss_aware,15,0.0029508299194276333
FashionMNIST,small,42,10,a1,activation_fisher,loss_aware,16,0.0031147811096161604
FashionMNIST,small,42,10,a1,activation_fisher,loss_aware,17,0.0006517544388771057
FashionMNIST,small,42,10,a1,activation_fisher,loss_aware,18,0.0009029600187204778
FashionMNIST,small,42,10,a1,activation_fisher,loss_aware,19,0.0007910662679933012
FashionMNIST,small,42,10,a1,activation_fisher,loss_aware,20,0.0010550511069595814
FashionMNIST,small,42,10,a1,activation_fisher,loss_aware,21,0.0012442248407751322
FashionMNIST,small,42,10,a1,activation_fisher,loss_aware,22,0.0017203019233420491
FashionMNIST,small,42,10,a1,activation_fisher,loss_aware,23,0.003549254732206464
FashionMNIST,small,42,10,a1,activation_fisher,loss_aware,24,0.00017031234165187925
FashionMNIST,small,42,10,a1,activation_fisher,loss_aware,25,0.0014233614783734083
FashionMNIST,small,42,10,a1,activation_fisher,loss_aware,26,0.0008783377124927938
FashionMNIST,small,42,10,a1,activation_fisher,loss_aware,27,0.0017903450643643737
FashionMNIST,small,42,10,a1,activation_fisher,loss_aware,28,0.0007686050958000124
FashionMNIST,small,42,10,a1,activation_fisher,loss_aware,29,0.0003832278598565608
FashionMNIST,small,42,10,a1,activation_fisher,loss_aware,30,0.004998374730348587
FashionMNIST,small,42,10,a1,activation_fisher,loss_aware,31,0.0004115956835448742
FashionMNIST,small,42,10,a1,activation_fisher,loss_aware,32,7.843579078326002e-05
FashionMNIST,small,42,10,a1,activation_fisher,loss_aware,33,0.002365734428167343
FashionMNIST,small,42,10,a1,activation_fisher,loss_aware,34,0.0003996439336333424
FashionMNIST,small,42,10,a1,activation_fisher,loss_aware,35,0.00010859240137506276
FashionMNIST,small,42,10,a1,activation_fisher,loss_aware,36,0.0015939351869747043
FashionMNIST,small,42,10,a1,activation_fisher,loss_aware,37,0.0006650640862062573
FashionMNIST,small,42,10,a1,activation_fisher,loss_aware,38,0.00016847554070409387
FashionMNIST,small,42,10,a1,activation_fisher,loss_aware,39,0.0004252702638041228
FashionMNIST,small,42,10,a1,activation_fisher,loss_aware,40,3.388990808161907e-05
FashionMNIST,small,42,10,a1,activation_fisher,loss_aware,41,0.0019338552374392748
FashionMNIST,small,42,10,a1,activation_fisher,loss_aware,42,3.887400453095324e-05
FashionMNIST,small,42,10,a1,activation_fisher,loss_aware,43,0.001963493414223194
FashionMNIST,small,42,10,a1,activation_fisher,loss_aware,44,4.7846944184470885e-09
FashionMNIST,small,42,10,a1,activation_fisher,loss_aware,45,0.0009806010639294982
FashionMNIST,small,42,10,a1,activation_fisher,loss_aware,46,5.911241169087589e-05
FashionMNIST,small,42,10,a1,activation_fisher,loss_aware,47,5.4082742281025276e-05
FashionMNIST,small,42,10,a1,activation_fisher,loss_aware,48,0.0002529470657464117
FashionMNIST,small,42,10,a1,activation_fisher,loss_aware,49,0.0004665134474635124
FashionMNIST,small,42,10,a1,activation_fisher,loss_aware,50,0.0012872926890850067
FashionMNIST,small,42,10,a1,activation_fisher,loss_aware,51,5.739748667110689e-05
FashionMNIST,small,42,10,a1,activation_fisher,loss_aware,52,0.0016841917531564832
FashionMNIST,small,42,10,a1,activation_fisher,loss_aware,53,0.00044670008355751634
FashionMNIST,small,42,10,a1,activation_fisher,loss_aware,54,0.001207518158480525
FashionMNIST,small,42,10,a1,activation_fisher,loss_aware,55,0.0040710680186748505
FashionMNIST,small,42,10,a1,activation_fisher,loss_aware,56,0.0012387118767946959
FashionMNIST,small,42,10,a1,activation_fisher,loss_aware,57,0.002080480568110943
FashionMNIST,small,42,10,a1,activation_fisher,loss_aware,58,5.569826953433221e-06
FashionMNIST,small,42,10,a1,activation_fisher,loss_aware,59,7.61790611881647e-21
FashionMNIST,small,42,10,a1,activation_fisher,loss_aware,60,0.0010065785609185696
FashionMNIST,small,42,10,a1,activation_fisher,loss_aware,61,3.137097883154638e-05
FashionMNIST,small,42,10,a1,activation_fisher,loss_aware,62,7.960414950503036e-05
FashionMNIST,small,42,10,a1,activation_fisher,loss_aware,63,0.0024371470790356398
FashionMNIST,small,42,10,a1,activation_fisher,loss_aware,64,0.000283024157397449
FashionMNIST,small,42,10,a1,activation_fisher,loss_aware,65,0.00049227150157094
FashionMNIST,small,42,10,a1,activation_fisher,loss_aware,66,2.1042838852736168e-05
FashionMNIST,small,42,10,a1,activation_fisher,loss_aware,67,0.0016204952262341976
FashionMNIST,small,42,10,a1,activation_fisher,loss_aware,68,0.00011843305401271209
FashionMNIST,small,42,10,a1,activation_fisher,loss_aware,69,0.0003465373592916876
FashionMNIST,small,42,10,a1,activation_fisher,loss_aware,70,2.092476735095607e-15
FashionMNIST,small,42,10,a1,activation_fisher,loss_aware,71,0.0010367081267759204
FashionMNIST,small,42,10,a1,activation_fisher,loss_aware,72,0.0009589939727447927
FashionMNIST,small,42,10,a1,activation_fisher,loss_aware,73,0.002032763557508588
FashionMNIST,small,42,10,a1,activation_fisher,loss_aware,74,0.0018395131919533014
FashionMNIST,small,42,10,a1,activation_fisher,loss_aware,75,0.0009896655101329088
FashionMNIST,small,42,10,a1,activation_fisher,loss_aware,76,0.0021884890738874674
FashionMNIST,small,42,10,a1,activation_fisher,loss_aware,77,0.0011919357348233461
FashionMNIST,small,42,10,a1,activation_fisher,loss_aware,78,0.00042821397073566914
FashionMNIST,small,42,10,a1,activation_fisher,loss_aware,79,0.00022030877880752087
FashionMNIST,small,42,10,a1,activation_fisher,loss_aware,80,9.93212524917908e-05
FashionMNIST,small,42,10,a1,activation_fisher,loss_aware,81,0.00189552444498986
FashionMNIST,small,42,10,a1,activation_fisher,loss_aware,82,0.005165609065443277
FashionMNIST,small,42,10,a1,activation_fisher,loss_aware,83,0.00018243864178657532
FashionMNIST,small,42,10,a1,activation_fisher,loss_aware,84,0.0015395642258226871
FashionMNIST,small,42,10,a1,activation_fisher,loss_aware,85,0.0008665845962241292
FashionMNIST,small,42,10,a1,activation_fisher,loss_aware,86,0.0004226560704410076
FashionMNIST,small,42,10,a1,activation_fisher,loss_aware,87,5.923839853494428e-05
FashionMNIST,small,42,10,a1,activation_fisher,loss_aware,88,0.0004641735868062824
FashionMNIST,small,42,10,a1,activation_fisher,loss_aware,89,0.0005194065743125975
FashionMNIST,small,42,10,a1,activation_fisher,loss_aware,90,4.030085983686149e-05
FashionMNIST,small,42,10,a1,activation_fisher,loss_aware,91,0.0007864840445108712
FashionMNIST,small,42,10,a1,activation_fisher,loss_aware,92,0.00017461841343902051
FashionMNIST,small,42,10,a1,activation_fisher,loss_aware,93,0.0013965305406600237
FashionMNIST,small,42,10,a1,activation_fisher,loss_aware,94,0.0014038828667253256
FashionMNIST,small,42,10,a1,activation_fisher,loss_aware,95,0.00020670883532147855
FashionMNIST,small,42,10,a1,activation_fisher,loss_aware,96,0.00028673443011939526
FashionMNIST,small,42,10,a1,activation_fisher,loss_aware,97,0.0006997566670179367
FashionMNIST,small,42,10,a1,activation_fisher,loss_aware,98,0.002210769569501281
FashionMNIST,small,42,10,a1,activation_fisher,loss_aware,99,0.0001425279042450711
FashionMNIST,small,42,10,a1,activation_fisher,loss_aware,100,0.0017319397302344441
FashionMNIST,small,42,10,a1,activation_fisher,loss_aware,101,0.0005781707004643977
FashionMNIST,small,42,10,a1,activation_fisher,loss_aware,102,0.0012912281090393662
FashionMNIST,small,42,10,a1,activation_fisher,loss_aware,103,0.000181401104782708
FashionMNIST,small,42,10,a1,activation_fisher,loss_aware,104,0.0005431874305941164
FashionMNIST,small,42,10,a1,activation_fisher,loss_aware,105,0.00013303571904543787
FashionMNIST,small,42,10,a1,activation_fisher,loss_aware,106,0.0003047107020393014
FashionMNIST,small,42,10,a1,activation_fisher,loss_aware,107,3.149052741659164e-13
FashionMNIST,small,42,10,a1,activation_fisher,loss_aware,108,0.000315031356876716
FashionMNIST,small,42,10,a1,activation_fisher,loss_aware,109,0.002915199613198638
FashionMNIST,small,42,10,a1,activation_fisher,loss_aware,110,1.0383771041233558e-05
FashionMNIST,small,42,10,a1,activation_fisher,loss_aware,111,1.6378873624489643e-05
FashionMNIST,small,42,10,a1,activation_fisher,loss_aware,112,6.053448669263162e-05
FashionMNIST,small,42,10,a1,activation_fisher,loss_aware,113,0.00023364881053566933
FashionMNIST,small,42,10,a1,activation_fisher,loss_aware,114,0.0039643109776079655
FashionMNIST,small,42,10,a1,activation_fisher,loss_aware,115,0.002722677309066057
FashionMNIST,small,42,10,a1,activation_fisher,loss_aware,116,0.0012220486532896757
FashionMNIST,small,42,10,a1,activation_fisher,loss_aware,117,8.712343696970493e-05
FashionMNIST,small,42,10,a1,activation_fisher,loss_aware,118,0.0023596002720296383
FashionMNIST,small,42,10,a1,activation_fisher,loss_aware,119,0.00022293927031569183
FashionMNIST,small,42,10,a1,activation_fisher,loss_aware,120,0.0006210619467310607
FashionMNIST,small,42,10,a1,activation_fisher,loss_aware,121,0.0016518484335392714
FashionMNIST,small,42,10,a1,activation_fisher,loss_aware,122,0.0017853558529168367
FashionMNIST,small,42,10,a1,activation_fisher,loss_aware,123,0.0025965608656406403
FashionMNIST,small,42,10,a1,activation_fisher,loss_aware,124,0.0002903054701164365
FashionMNIST,small,42,10,a1,activation_fisher,loss_aware,125,6.305208898993442e-06
FashionMNIST,small,42,10,a1,activation_fisher,loss_aware,126,0.00110831786878407
FashionMNIST,small,42,10,a1,activation_fisher,loss_aware,127,0.0013706799363717437
FashionMNIST,small,42,10,a1,activation_fisher,loss_aware,128,0.002473690314218402
FashionMNIST,small,42,10,a1,activation_fisher,loss_aware,129,3.3645023904682603e-06
FashionMNIST,small,42,10,a1,activation_fisher,loss_aware,130,0.00010383463086327538
FashionMNIST,small,42,10,a1,activation_fisher,loss_aware,131,0.0022206364665180445
FashionMNIST,small,42,10,a1,activation_fisher,loss_aware,132,0.0006602322682738304
FashionMNIST,small,42,10,a1,activation_fisher,loss_aware,133,0.0005108008626848459
FashionMNIST,small,42,10,a1,activation_fisher,loss_aware,134,0.00020772677089553326
FashionMNIST,small,42,10,a1,activation_fisher,loss_aware,135,0.0001281763252336532
FashionMNIST,small,42,10,a1,activation_fisher,loss_aware,136,0.00015036691911518574
FashionMNIST,small,42,10,a1,activation_fisher,loss_aware,137,0.0007469858392141759
FashionMNIST,small,42,10,a1,activation_fisher,loss_aware,138,0.000619870494119823
FashionMNIST,small,42,10,a1,activation_fisher,loss_aware,139,0.0015554566634818912
FashionMNIST,small,42,10,a1,activation_fisher,loss_aware,140,0.0003533378476276994
FashionMNIST,small,42,10,a1,activation_fisher,loss_aware,141,0.0024040115531533957
FashionMNIST,small,42,10,a1,activation_fisher,loss_aware,142,0.00047430695849470794
FashionMNIST,small,42,10,a1,activation_fisher,loss_aware,143,0.0005623339093290269
FashionMNIST,small,42,10,a1,activation_fisher,loss_aware,144,0.00023843522649258375
FashionMNIST,small,42,10,a1,activation_fisher,loss_aware,145,0.0012560485629364848
FashionMNIST,small,42,10,a1,activation_fisher,loss_aware,146,0.0003346370649524033
FashionMNIST,small,42,10,a1,activation_fisher,loss_aware,147,0.0021890455391258
FashionMNIST,small,42,10,a1,activation_fisher,loss_aware,148,0.000618058955296874
FashionMNIST,small,42,10,a1,activation_fisher,loss_aware,149,0.0002633823314681649
FashionMNIST,small,42,10,a1,activation_fisher,loss_aware,150,0.0010070092976093292
FashionMNIST,small,42,10,a1,activation_fisher,loss_aware,151,0.003294538939371705
FashionMNIST,small,42,10,a1,activation_fisher,loss_aware,152,6.443872553063557e-05
FashionMNIST,small,42,10,a1,activation_fisher,loss_aware,153,3.640740396804176e-05
FashionMNIST,small,42,10,a1,activation_fisher,loss_aware,154,0.0019208005396649241
FashionMNIST,small,42,10,a1,activation_fisher,loss_aware,155,0.0010333264945074916
FashionMNIST,small,42,10,a1,activation_fisher,loss_aware,156,0.0001518454373581335
FashionMNIST,small,42,10,a1,activation_fisher,loss_aware,157,0.000786221120506525
FashionMNIST,small,42,10,a1,activation_fisher,loss_aware,158,0.0007776056881994009
FashionMNIST,small,42,10,a1,activation_fisher,loss_aware,159,0.001067279721610248
FashionMNIST,small,42,10,a1,activation_fisher,loss_aware,160,0.00019535672618076205
FashionMNIST,small,42,10,a1,activation_fisher,loss_aware,161,0.0008735445444472134
FashionMNIST,small,42,10,a1,activation_fisher,loss_aware,162,0.001634111744351685
FashionMNIST,small,42,10,a1,activation_fisher,loss_aware,163,0.0005357065820135176
FashionMNIST,small,42,10,a1,activation_fisher,loss_aware,164,0.002371753565967083
FashionMNIST,small,42,10,a1,activation_fisher,loss_aware,165,0.003386333119124174
FashionMNIST,small,42,10,a1,activation_fisher,loss_aware,166,0.00029171770438551903
FashionMNIST,small,42,10,a1,activation_fisher,loss_aware,167,2.4161196051863953e-05
FashionMNIST,small,42,10,a1,activation_fisher,loss_aware,168,0.0009246467379853129
FashionMNIST,small,42,10,a1,activation_fisher,loss_aware,169,0.00019930550479330122
FashionMNIST,small,42,10,a1,activation_fisher,loss_aware,170,0.00013463634240906686
FashionMNIST,small,42,10,a1,activation_fisher,loss_aware,171,0.00023660076840315014
FashionMNIST,small,42,10,a1,activation_fisher,loss_aware,172,0.0008913870551623404
FashionMNIST,small,42,10,a1,activation_fisher,loss_aware,173,0.0003687833668664098
FashionMNIST,small,42,10,a1,activation_fisher,loss_aware,174,0.0006102261249907315
FashionMNIST,small,42,10,a1,activation_fisher,loss_aware,175,0.0003631319268606603
FashionMNIST,small,42,10,a1,activation_fisher,loss_aware,176,0.0008827805868349969
FashionMNIST,small,42,10,a1,activation_fisher,loss_aware,177,0.0015637135365977883
FashionMNIST,small,42,10,a1,activation_fisher,loss_aware,178,2.1594667487079278e-05
FashionMNIST,small,42,10,a1,activation_fisher,loss_aware,179,0.0006971455295570195
FashionMNIST,small,42,10,a1,activation_fisher,loss_aware,180,0.00010400079190731049
FashionMNIST,small,42,10,a1,activation_fisher,loss_aware,181,0.000698472373187542
FashionMNIST,small,42,10,a1,activation_fisher,loss_aware,182,0.0012048428179696202
FashionMNIST,small,42,10,a1,activation_fisher,loss_aware,183,8.447317668469623e-05
FashionMNIST,small,42,10,a1,activation_fisher,loss_aware,184,0.002596896141767502
FashionMNIST,small,42,10,a1,activation_fisher,loss_aware,185,0.002678843215107918
FashionMNIST,small,42,10,a1,activation_fisher,loss_aware,186,0.00022065061784815043
FashionMNIST,small,42,10,a1,activation_fisher,loss_aware,187,0.0002832266909535974
FashionMNIST,small,42,10,a1,activation_fisher,loss_aware,188,0.0020769955590367317
FashionMNIST,small,42,10,a1,activation_fisher,loss_aware,189,0.0026951106265187263
FashionMNIST,small,42,10,a1,activation_fisher,loss_aware,190,0.0013908201362937689
FashionMNIST,small,42,10,a1,activation_fisher,loss_aware,191,0.0021339147351682186
FashionMNIST,small,42,10,a1,activation_fisher,loss_aware,192,0.0011307854438200593
FashionMNIST,small,42,10,a1,activation_fisher,loss_aware,193,0.0015352934133261442
FashionMNIST,small,42,10,a1,activation_fisher,loss_aware,194,0.0020092460326850414
FashionMNIST,small,42,10,a1,activation_fisher,loss_aware,195,0.0006394356023520231
FashionMNIST,small,42,10,a1,activation_fisher,loss_aware,196,0.0010325382463634014
FashionMNIST,small,42,10,a1,activation_fisher,loss_aware,197,0.0007406672229990363
FashionMNIST,small,42,10,a1,activation_fisher,loss_aware,198,0.0005529191694222391
FashionMNIST,small,42,10,a1,activation_fisher,loss_aware,199,0.0011252328986302018
FashionMNIST,small,42,10,a1,activation_fisher,loss_aware,200,0.00016817502910271287
FashionMNIST,small,42,10,a1,activation_fisher,loss_aware,201,0.0017517069354653358
FashionMNIST,small,42,10,a1,activation_fisher,loss_aware,202,0.0011273176642134786
FashionMNIST,small,42,10,a1,activation_fisher,loss_aware,203,0.00196794793009758
FashionMNIST,small,42,10,a1,activation_fisher,loss_aware,204,6.359086546581239e-05
FashionMNIST,small,42,10,a1,activation_fisher,loss_aware,205,0.0006598533946089447
FashionMNIST,small,42,10,a1,activation_fisher,loss_aware,206,0.0022218329831957817
FashionMNIST,small,42,10,a1,activation_fisher,loss_aware,207,5.427582891570637e-06
FashionMNIST,small,42,10,a1,activation_fisher,loss_aware,208,0.0013640199322253466
FashionMNIST,small,42,10,a1,activation_fisher,loss_aware,209,0.0009888930944725871
FashionMNIST,small,42,10,a1,activation_fisher,loss_aware,210,2.1496038243640214e-05
FashionMNIST,small,42,10,a1,activation_fisher,loss_aware,211,0.00011469631135696545
FashionMNIST,small,42,10,a1,activation_fisher,loss_aware,212,0.0002965812454931438
FashionMNIST,small,42,10,a1,activation_fisher,loss_aware,213,3.090985046583228e-05
FashionMNIST,small,42,10,a1,activation_fisher,loss_aware,214,9.880502329906449e-05
FashionMNIST,small,42,10,a1,activation_fisher,loss_aware,215,8.777160110184923e-05
FashionMNIST,small,42,10,a1,activation_fisher,loss_aware,216,0.0014949344331398606
FashionMNIST,small,42,10,a1,activation_fisher,loss_aware,217,2.4958388166851364e-05
FashionMNIST,small,42,10,a1,activation_fisher,loss_aware,218,0.00014437135541811585
FashionMNIST,small,42,10,a1,activation_fisher,loss_aware,219,0.00019798087305389345
FashionMNIST,small,42,10,a1,activation_fisher,loss_aware,220,0.000512072117999196
FashionMNIST,small,42,10,a1,activation_fisher,loss_aware,221,1.2076787243131548e-05
FashionMNIST,small,42,10,a1,activation_fisher,loss_aware,222,7.925100362626836e-05
FashionMNIST,small,42,10,a1,activation_fisher,loss_aware,223,0.0006930388044565916
FashionMNIST,small,42,10,a1,activation_fisher,loss_aware,224,0.0005617205169983208
FashionMNIST,small,42,10,a1,activation_fisher,loss_aware,225,0.0007911020657047629
FashionMNIST,small,42,10,a1,activation_fisher,loss_aware,226,0.0006885089678689837
FashionMNIST,small,42,10,a1,activation_fisher,loss_aware,227,0.016026152297854424
FashionMNIST,small,42,10,a1,activation_fisher,loss_aware,228,0.00010742605081759393
FashionMNIST,small,42,10,a1,activation_fisher,loss_aware,229,0.0021978167351335287
FashionMNIST,small,42,10,a1,activation_fisher,loss_aware,230,0.001374330255202949
FashionMNIST,small,42,10,a1,activation_fisher,loss_aware,231,0.0004434759321156889
FashionMNIST,small,42,10,a1,activation_fisher,loss_aware,232,0.00024237739853560925
FashionMNIST,small,42,10,a1,activation_fisher,loss_aware,233,0.0006518008885905147
FashionMNIST,small,42,10,a1,activation_fisher,loss_aware,234,0.0026542292907834053
FashionMNIST,small,42,10,a1,activation_fisher,loss_aware,235,0.0006668746354989707
FashionMNIST,small,42,10,a1,activation_fisher,loss_aware,236,1.3136137567926198e-05
FashionMNIST,small,42,10,a1,activation_fisher,loss_aware,237,0.0016406044596806169
FashionMNIST,small,42,10,a1,activation_fisher,loss_aware,238,0.00039496493991464376
FashionMNIST,small,42,10,a1,activation_fisher,loss_aware,239,0.0001642367133172229
FashionMNIST,small,42,10,a1,activation_fisher,loss_aware,240,3.42590210493654e-05
FashionMNIST,small,42,10,a1,activation_fisher,loss_aware,241,0.0002597450220491737
FashionMNIST,small,42,10,a1,activation_fisher,loss_aware,242,0.0006334318895824254
FashionMNIST,small,42,10,a1,activation_fisher,loss_aware,243,0.002212616614997387
FashionMNIST,small,42,10,a1,activation_fisher,loss_aware,244,3.0395551220863126e-05
FashionMNIST,small,42,10,a1,activation_fisher,loss_aware,245,0.0006138264434412122
FashionMNIST,small,42,10,a1,activation_fisher,loss_aware,246,0.001440255669876933
FashionMNIST,small,42,10,a1,activation_fisher,loss_aware,247,0.0009956667199730873
FashionMNIST,small,42,10,a1,activation_fisher,loss_aware,248,0.0008283585775643587
FashionMNIST,small,42,10,a1,activation_fisher,loss_aware,249,0.0006290850578807294
FashionMNIST,small,42,10,a1,activation_fisher,loss_aware,250,0.0008666668436489999
FashionMNIST,small,42,10,a1,activation_fisher,loss_aware,251,0.001700058113783598
FashionMNIST,small,42,10,a1,activation_fisher,loss_aware,252,0.0031989854760468006
FashionMNIST,small,42,10,a1,activation_fisher,loss_aware,253,4.737932158604963e-06
FashionMNIST,small,42,10,a1,activation_fisher,loss_aware,254,0.0035487099085003138
FashionMNIST,small,42,10,a1,activation_fisher,loss_aware,255,0.00013669593317899853
FashionMNIST,small,42,10,a2,activation_fisher,loss_aware,0,0.0005143338348716497
FashionMNIST,small,42,10,a2,activation_fisher,loss_aware,1,0.00041146899457089603
FashionMNIST,small,42,10,a2,activation_fisher,loss_aware,2,0.00046372812357731164
FashionMNIST,small,42,10,a2,activation_fisher,loss_aware,3,0.0005743252113461494
FashionMNIST,small,42,10,a2,activation_fisher,loss_aware,4,0.0005640177987515926
FashionMNIST,small,42,10,a2,activation_fisher,loss_aware,5,0.0016270781634375453
FashionMNIST,small,42,10,a2,activation_fisher,loss_aware,6,0.0003452073142398149
FashionMNIST,small,42,10,a2,activation_fisher,loss_aware,7,5.514357690117322e-05
FashionMNIST,small,42,10,a2,activation_fisher,loss_aware,8,0.0006614489830099046
FashionMNIST,small,42,10,a2,activation_fisher,loss_aware,9,0.000667755666654557
FashionMNIST,small,42,10,a2,activation_fisher,loss_aware,10,0.0008846624405123293
FashionMNIST,small,42,10,a2,activation_fisher,loss_aware,11,5.10756581206806e-05
FashionMNIST,small,42,10,a2,activation_fisher,loss_aware,12,0.0018396704690530896
FashionMNIST,small,42,10,a2,activation_fisher,loss_aware,13,0.00011032610200345516
FashionMNIST,small,42,10,a2,activation_fisher,loss_aware,14,0.0018669423880055547
FashionMNIST,small,42,10,a2,activation_fisher,loss_aware,15,0.00011385270772734657
FashionMNIST,small,42,10,a2,activation_fisher,loss_aware,16,0.00039741763612255454
FashionMNIST,small,42,10,a2,activation_fisher,loss_aware,17,0.0010434715077280998
FashionMNIST,small,42,10,a2,activation_fisher,loss_aware,18,0.0003740675456356257
FashionMNIST,small,42,10,a2,activation_fisher,loss_aware,19,0.00013865130313206464
FashionMNIST,small,42,10,a2,activation_fisher,loss_aware,20,0.00034808917553164065
FashionMNIST,small,42,10,a2,activation_fisher,loss_aware,21,3.699474109453149e-05
FashionMNIST,small,42,10,a2,activation_fisher,loss_aware,22,0.00047083079698495567
FashionMNIST,small,42,10,a2,activation_fisher,loss_aware,23,0.0003915528068318963
FashionMNIST,small,42,10,a2,activation_fisher,loss_aware,24,0.0007463126094080508
FashionMNIST,small,42,10,a2,activation_fisher,loss_aware,25,0.00024316605413332582
FashionMNIST,small,42,10,a2,activation_fisher,loss_aware,26,0.00020562871941365302
FashionMNIST,small,42,10,a2,activation_fisher,loss_aware,27,0.0022131353616714478
FashionMNIST,small,42,10,a2,activation_fisher,loss_aware,28,0.0019761042203754187
FashionMNIST,small,42,10,a2,activation_fisher,loss_aware,29,0.0007336325943470001
FashionMNIST,small,42,10,a2,activation_fisher,loss_aware,30,0.0024784940760582685
FashionMNIST,small,42,10,a2,activation_fisher,loss_aware,31,0.00019946864631492645
FashionMNIST,small,42,10,a2,activation_fisher,loss_aware,32,0.00034430489176884294
FashionMNIST,small,42,10,a2,activation_fisher,loss_aware,33,0.0005314384470693767
FashionMNIST,small,42,10,a2,activation_fisher,loss_aware,34,0.00019870720279868692
FashionMNIST,small,42,10,a2,activation_fisher,loss_aware,35,0.00014021311653777957
FashionMNIST,small,42,10,a2,activation_fisher,loss_aware,36,0.00015435459499713033
FashionMNIST,small,42,10,a2,activation_fisher,loss_aware,37,0.001408945070579648
FashionMNIST,small,42,10,a2,activation_fisher,loss_aware,38,0.0004901266656816006
FashionMNIST,small,42,10,a2,activation_fisher,loss_aware,39,0.0008857694920152426
FashionMNIST,small,42,10,a2,activation_fisher,loss_aware,40,0.0012215859023854136
FashionMNIST,small,42,10,a2,activation_fisher,loss_aware,41,0.0016999306390061975
FashionMNIST,small,42,10,a2,activation_fisher,loss_aware,42,0.0004991660243831575
FashionMNIST,small,42,10,a2,activation_fisher,loss_aware,43,0.0014841245720162988
FashionMNIST,small,42,10,a2,activation_fisher,loss_aware,44,0.0003669163561426103
FashionMNIST,small,42,10,a2,activation_fisher,loss_aware,45,0.0007205203291960061
FashionMNIST,small,42,10,a2,activation_fisher,loss_aware,46,0.0015528772491961718
FashionMNIST,small,42,10,a2,activation_fisher,loss_aware,47,0.0004997116047888994
FashionMNIST,small,42,10,a2,activation_fisher,loss_aware,48,0.0008412751485593617
FashionMNIST,small,42,10,a2,activation_fisher,loss_aware,49,0.0013924527447670698
FashionMNIST,small,42,10,a2,activation_fisher,loss_aware,50,0.0006689294241368771
FashionMNIST,small,42,10,a2,activation_fisher,loss_aware,51,0.0006751666078343987
FashionMNIST,small,42,10,a2,activation_fisher,loss_aware,52,0.0007913076551631093
FashionMNIST,small,42,10,a2,activation_fisher,loss_aware,53,0.0006455109687522054
FashionMNIST,small,42,10,a2,activation_fisher,loss_aware,54,0.0006276497733779252
FashionMNIST,small,42,10,a2,activation_fisher,loss_aware,55,0.0007845087675377727
FashionMNIST,small,42,10,a2,activation_fisher,loss_aware,56,0.0006181459175422788
FashionMNIST,small,42,10,a2,activation_fisher,loss_aware,57,0.0010062262881547213
FashionMNIST,small,42,10,a2,activation_fisher,loss_aware,58,0.0006580047775059938
FashionMNIST,small,42,10,a2,activation_fisher,loss_aware,59,0.0002636273275129497
FashionMNIST,small,42,10,a2,activation_fisher,loss_aware,60,0.000247384567046538
FashionMNIST,small,42,10,a2,activation_fisher,loss_aware,61,1.4105985428614076e-06
FashionMNIST,small,42,10,a2,activation_fisher,loss_aware,62,0.00033903223811648786
FashionMNIST,small,42,10,a2,activation_fisher,loss_aware,63,0.00031916596344672143
FashionMNIST,small,42,10,a2,activation_fisher,loss_aware,64,0.0008105558808892965
FashionMNIST,small,42,10,a2,activation_fisher,loss_aware,65,0.00010464119259268045
FashionMNIST,small,42,10,a2,activation_fisher,loss_aware,66,0.0007399829919449985
FashionMNIST,small,42,10,a2,activation_fisher,loss_aware,67,0.0015204234514385462
FashionMNIST,small,42,10,a2,activation_fisher,loss_aware,68,0.0007848501554690301
FashionMNIST,small,42,10,a2,activation_fisher,loss_aware,69,0.0020737452432513237
FashionMNIST,small,42,10,a2,activation_fisher,loss_aware,70,0.0007342785247601569
FashionMNIST,small,42,10,a2,activation_fisher,loss_aware,71,0.0009908006759360433
FashionMNIST,small,42,10,a2,activation_fisher,loss_aware,72,0.0017847877461463213
FashionMNIST,small,42,10,a2,activation_fisher,loss_aware,73,0.0009937112918123603
FashionMNIST,small,42,10,a2,activation_fisher,loss_aware,74,0.0017469663871452212
FashionMNIST,small,42,10,a2,activation_fisher,loss_aware,75,0.0005447650328278542
FashionMNIST,small,42,10,a2,activation_fisher,loss_aware,76,0.00023147242609411478
FashionMNIST,small,42,10,a2,activation_fisher,loss_aware,77,0.0005830086884088814
FashionMNIST,small,42,10,a2,activation_fisher,loss_aware,78,0.00030148797668516636
FashionMNIST,small,42,10,a2,activation_fisher,loss_aware,79,0.0001343055337201804
FashionMNIST,small,42,10,a2,activation_fisher,loss_aware,80,0.0004558937216643244
FashionMNIST,small,42,10,a2,activation_fisher,loss_aware,81,0.0023554235231131315
FashionMNIST,small,42,10,a2,activation_fisher,loss_aware,82,0.00025637567159719765
FashionMNIST,small,42,10,a2,activation_fisher,loss_aware,83,0.000767368939705193
FashionMNIST,small,42,10,a2,activation_fisher,loss_aware,84,0.0005722040659748018
FashionMNIST,small,42,10,a2,activation_fisher,loss_aware,85,0.0004140062665101141
FashionMNIST,small,42,10,a2,activation_fisher,loss_aware,86,0.0005126469768583775
FashionMNIST,small,42,10,a2,activation_fisher,loss_aware,87,0.0003063697658944875
FashionMNIST,small,42,10,a2,activation_fisher,loss_aware,88,0.00019336093100719154
FashionMNIST,small,42,10,a2,activation_fisher,loss_aware,89,0.0004886672832071781
FashionMNIST,small,42,10,a2,activation_fisher,loss_aware,90,0.00013473720173351467
FashionMNIST,small,42,10,a2,activation_fisher,loss_aware,91,0.00041561046964488924
FashionMNIST,small,42,10,a2,activation_fisher,loss_aware,92,0.0005017117946408689
FashionMNIST,small,42,10,a2,activation_fisher,loss_aware,93,0.000363771163392812
FashionMNIST,small,42,10,a2,activation_fisher,loss_aware,94,0.0008069725590758026
FashionMNIST,small,42,10,a2,activation_fisher,loss_aware,95,9.344610589323565e-05
FashionMNIST,small,42,10,a2,activation_fisher,loss_aware,96,0.000827114621642977
FashionMNIST,small,42,10,a2,activation_fisher,loss_aware,97,0.0009691321756690741
FashionMNIST,small,42,10,a2,activation_fisher,loss_aware,98,0.0007243506261147559
FashionMNIST,small,42,10,a2,activation_fisher,loss_aware,99,0.0002245182840852067
FashionMNIST,small,42,10,a2,activation_fisher,loss_aware,100,0.0014342116191983223
FashionMNIST,small,42,10,a2,activation_fisher,loss_aware,101,0.0002469478640705347
FashionMNIST,small,42,10,a2,activation_fisher,loss_aware,102,0.00036226067459210753
FashionMNIST,small,42,10,a2,activation_fisher,loss_aware,103,0.0001321132731391117
FashionMNIST,small,42,10,a2,activation_fisher,loss_aware,104,0.000318219477776438
FashionMNIST,small,42,10,a2,activation_fisher,loss_aware,105,0.00036349945003166795
FashionMNIST,small,42,10,a2,activation_fisher,loss_aware,106,0.0017957738600671291
FashionMNIST,small,42,10,a2,activation_fisher,loss_aware,107,0.0009036075789481401
FashionMNIST,small,42,10,a2,activation_fisher,loss_aware,108,0.0005889353342354298
FashionMNIST,small,42,10,a2,activation_fisher,loss_aware,109,0.00047555656055919826
FashionMNIST,small,42,10,a2,activation_fisher,loss_aware,110,0.0007190447067841887
FashionMNIST,small,42,10,a2,activation_fisher,loss_aware,111,0.0017299271421507
FashionMNIST,small,42,10,a2,activation_fisher,loss_aware,112,0.0004481043724808842
FashionMNIST,small,42,10,a2,activation_fisher,loss_aware,113,0.00022680529218632728
FashionMNIST,small,42,10,a2,activation_fisher,loss_aware,114,0.0003996400919277221
FashionMNIST,small,42,10,a2,activation_fisher,loss_aware,115,0.0002554280508775264
FashionMNIST,small,42,10,a2,activation_fisher,loss_aware,116,0.0012899936409667134
FashionMNIST,small,42,10,a2,activation_fisher,loss_aware,117,0.00037921054172329605
FashionMNIST,small,42,10,a2,activation_fisher,loss_aware,118,0.0021466922480612993
FashionMNIST,small,42,10,a2,activation_fisher,loss_aware,119,0.0005435082712210715
FashionMNIST,small,42,10,a2,activation_fisher,loss_aware,120,0.0005368937272578478
FashionMNIST,small,42,10,a2,activation_fisher,loss_aware,121,0.0012693990720435977
FashionMNIST,small,42,10,a2,activation_fisher,loss_aware,122,0.0002569759381003678
FashionMNIST,small,42,10,a2,activation_fisher,loss_aware,123,0.001151949167251587
FashionMNIST,small,42,10,a2,activation_fisher,loss_aware,124,0.0006557435845024884
FashionMNIST,small,42,10,a2,activation_fisher,loss_aware,125,0.000482212461065501
FashionMNIST,small,42,10,a2,activation_fisher,loss_aware,126,0.0003683076938614249
FashionMNIST,small,42,10,a2,activation_fisher,loss_aware,127,0.0013683449942618608
FashionMNIST,small,42,10,a1,weight_fisher,loss_aware,0,1.905638328025816e-06
FashionMNIST,small,42,10,a1,weight_fisher,loss_aware,1,9.313747796113603e-06
FashionMNIST,small,42,10,a1,weight_fisher,loss_aware,2,2.4256660253740847e-06
FashionMNIST,small,42,10,a1,weight_fisher,loss_aware,3,9.766589392692232e-14
FashionMNIST,small,42,10,a1,weight_fisher,loss_aware,4,4.374841864773771e-06
FashionMNIST,small,42,10,a1,weight_fisher,loss_aware,5,1.2889843674201984e-05
FashionMNIST,small,42,10,a1,weight_fisher,loss_aware,6,2.223710282578395e-07
FashionMNIST,small,42,10,a1,weight_fisher,loss_aware,7,5.5158297982416116e-06
FashionMNIST,small,42,10,a1,weight_fisher,loss_aware,8,1.3062499419902451e-06
FashionMNIST,small,42,10,a1,weight_fisher,loss_aware,9,3.973451839556219e-06
FashionMNIST,small,42,10,a1,weight_fisher,loss_aware,10,1.3784778047920554e-06
FashionMNIST,small,42,10,a1,weight_fisher,loss_aware,11,2.4573103019065456e-06
FashionMNIST,small,42,10,a1,weight_fisher,loss_aware,12,1.741450660119881e-06
FashionMNIST,small,42,10,a1,weight_fisher,loss_aware,13,3.5663965718413237e-06
FashionMNIST,small,42,10,a1,weight_fisher,loss_aware,14,1.3530399883165956e-05
FashionMNIST,small,42,10,a1,weight_fisher,loss_aware,15,2.2358861315296963e-05
FashionMNIST,small,42,10,a1,weight_fisher,loss_aware,16,1.3830036550643854e-05
FashionMNIST,small,42,10,a1,weight_fisher,loss_aware,17,2.123574404322426e-06
FashionMNIST,small,42,10,a1,weight_fisher,loss_aware,18,5.738362233387306e-06
FashionMNIST,small,42,10,a1,weight_fisher,loss_aware,19,3.421975634410046e-06
FashionMNIST,small,42,10,a1,weight_fisher,loss_aware,20,3.227219849577523e-06
FashionMNIST,small,42,10,a1,weight_fisher,loss_aware,21,4.790260391018819e-06
FashionMNIST,small,42,10,a1,weight_fisher,loss_aware,22,1.966211675608065e-05
FashionMNIST,small,42,10,a1,weight_fisher,loss_aware,23,2.7892594516742975e-05
FashionMNIST,small,42,10,a1,weight_fisher,loss_aware,24,1.1953354714933084e-06
FashionMNIST,small,42,10,a1,weight_fisher,loss_aware,25,1.485629218223039e-05
FashionMNIST,small,42,10,a1,weight_fisher,loss_aware,26,5.7154311434715055e-06
FashionMNIST,small,42,10,a1,weight_fisher,loss_aware,27,1.8282651581102982e-05
FashionMNIST,small,42,10,a1,weight_fisher,loss_aware,28,2.0185375433356967e-06
FashionMNIST,small,42,10,a1,weight_fisher,loss_aware,29,1.4336549156723777e-06
FashionMNIST,small,42,10,a1,weight_fisher,loss_aware,30,1.8115919374395162e-05
FashionMNIST,small,42,10,a1,weight_fisher,loss_aware,31,1.35053887788672e-05
FashionMNIST,small,42,10,a1,weight_fisher,loss_aware,32,2.2210420524970687e-07
FashionMNIST,small,42,10,a1,weight_fisher,loss_aware,33,9.000871614261996e-06
FashionMNIST,small,42,10,a1,weight_fisher,loss_aware,34,3.3515329960209783e-06
FashionMNIST,small,42,10,a1,weight_fisher,loss_aware,35,1.9705594240804203e-06
FashionMNIST,small,42,10,a1,weight_fisher,loss_aware,36,1.4228952750272583e-05
FashionMNIST,small,42,10,a1,weight_fisher,loss_aware,37,2.998982381541282e-06
FashionMNIST,small,42,10,a1,weight_fisher,loss_aware,38,9.650984793552198e-07
FashionMNIST,small,42,10,a1,weight_fisher,loss_aware,39,2.536207375669619e-06
FashionMNIST,small,42,10,a1,weight_fisher,loss_aware,40,9.418846502740053e-07
FashionMNIST,small,42,10,a1,weight_fisher,loss_aware,41,7.851205737097189e-06
FashionMNIST,small,42,10,a1,weight_fisher,loss_aware,42,3.8274026792350924e-07
FashionMNIST,small,42,10,a1,weight_fisher,loss_aware,43,1.308591163251549e-05
FashionMNIST,small,42,10,a1,weight_fisher,loss_aware,44,1.785547154575795e-09
FashionMNIST,small,42,10,a1,weight_fisher,loss_aware,45,6.649092938459944e-06
FashionMNIST,small,42,10,a1,weight_fisher,loss_aware,46,7.708796374572557e-07
FashionMNIST,small,42,10,a1,weight_fisher,loss_aware,47,7.379029511866975e-07
FashionMNIST,small,42,10,a1,weight_fisher,loss_aware,48,3.4831334687623894e-06
FashionMNIST,small,42,10,a1,weight_fisher,loss_aware,49,2.3413138023897773e-06
FashionMNIST,small,42,10,a1,weight_fisher,loss_aware,50,5.737403171224287e-06
FashionMNIST,small,42,10,a1,weight_fisher,loss_aware,51,3.9687520825282263e-07
FashionMNIST,small,42,10,a1,weight_fisher,loss_aware,52,2.0980052795493975e-05
FashionMNIST,small,42,10,a1,weight_fisher,loss_aware,53,1.901423047456774e-06
FashionMNIST,small,42,10,a1,weight_fisher,loss_aware,54,7.309212833206402e-06
FashionMNIST,small,42,10,a1,weight_fisher,loss_aware,55,1.9875660655088723e-05
FashionMNIST,small,42,10,a1,weight_fisher,loss_aware,56,6.334295903798193e-06
FashionMNIST,small,42,10,a1,weight_fisher,loss_aware,57,1.0751049558166414e-05
FashionMNIST,small,42,10,a1,weight_fisher,loss_aware,58,5.269607328273196e-08
FashionMNIST,small,42,10,a1,weight_fisher,loss_aware,59,5.4218668004910585e-21
FashionMNIST,small,42,10,a1,weight_fisher,loss_aware,60,3.9040301089698914e-06
FashionMNIST,small,42,10,a1,weight_fisher,loss_aware,61,1.6453444118269545e-07
FashionMNIST,small,42,10,a1,weight_fisher,loss_aware,62,5.487572707352228e-07
FashionMNIST,small,42,10,a1,weight_fisher,loss_aware,63,8.226939826272428e-06
FashionMNIST,small,42,10,a1,weight_fisher,loss_aware,64,1.3477356333169155e-06
FashionMNIST,small,42,10,a1,weight_fisher,loss_aware,65,3.4889601465692976e-06
FashionMNIST,small,42,10,a1,weight_fisher,loss_aware,66,3.80210451567109e-07
FashionMNIST,small,42,10,a1,weight_fisher,loss_aware,67,1.91488452401245e-05
FashionMNIST,small,42,10,a1,weight_fisher,loss_aware,68,1.1591066595428856e-06
FashionMNIST,small,42,10,a1,weight_fisher,loss_aware,69,1.3652379493578337e-06
FashionMNIST,small,42,10,a1,weight_fisher,loss_aware,70,7.092007516832631e-18
FashionMNIST,small,42,10,a1,weight_fisher,loss_aware,71,2.1526993805309758e-06
FashionMNIST,small,42,10,a1,weight_fisher,loss_aware,72,4.615061698132195e-06
FashionMNIST,small,42,10,a1,weight_fisher,loss_aware,73,6.978510100452695e-06
FashionMNIST,small,42,10,a1,weight_fisher,loss_aware,74,7.700671631027944e-06
FashionMNIST,small,42,10,a1,weight_fisher,loss_aware,75,6.00229259362095e-06
FashionMNIST,small,42,10,a1,weight_fisher,loss_aware,76,9.648837476561312e-06
FashionMNIST,small,42,10,a1,weight_fisher,loss_aware,77,3.3574879125808366e-06
FashionMNIST,small,42,10,a1,weight_fisher,loss_aware,78,3.3929036362678744e-06
FashionMNIST,small,42,10,a1,weight_fisher,loss_aware,79,2.9374627956713084e-06
FashionMNIST,small,42,10,a1,weight_fisher,loss_aware,80,9.019390176945308e-07
FashionMNIST,small,42,10,a1,weight_fisher,loss_aware,81,9.917988791130483e-06
FashionMNIST,small,42,10,a1,weight_fisher,loss_aware,82,9.511148164165206e-06
FashionMNIST,small,42,10,a1,weight_fisher,loss_aware,83,1.8614925920701353e-06
FashionMNIST,small,42,10,a1,weight_fisher,loss_aware,84,1.1334546798025258e-05
FashionMNIST,small,42,10,a1,weight_fisher,loss_aware,85,5.8900068324874155e-06
FashionMNIST,small,42,10,a1,weight_fisher,loss_aware,86,1.8317527974431869e-06
FashionMNIST,small,42,10,a1,weight_fisher,loss_aware,87,4.38201425367879e-07
FashionMNIST,small,42,10,a1,weight_fisher,loss_aware,88,3.4056058666465105e-06
FashionMNIST,small,42,10,a1,weight_fisher,loss_aware,89,4.396458280098159e-06
FashionMNIST,small,42,10,a1,weight_fisher,loss_aware,90,2.882487137867429e-07
FashionMNIST,small,42,10,a1,weight_fisher,loss_aware,91,1.2261132724233903e-05
FashionMNIST,small,42,10,a1,weight_fisher,loss_aware,92,2.1316204765753355e-06
FashionMNIST,small,42,10,a1,weight_fisher,loss_aware,93,1.0431482223793864e-05
FashionMNIST,small,42,10,a1,weight_fisher,loss_aware,94,4.9292189032712486e-06
FashionMNIST,small,42,10,a1,weight_fisher,loss_aware,95,2.8433614716050215e-06
FashionMNIST,small,42,10,a1,weight_fisher,loss_aware,96,1.2569313412313932e-06
FashionMNIST,small,42,10,a1,weight_fisher,loss_aware,97,4.5670462895941455e-06
FashionMNIST,small,42,10,a1,weight_fisher,loss_aware,98,1.6383892216254026e-05
FashionMNIST,small,42,10,a1,weight_fisher,loss_aware,99,2.6086831894645e-06
FashionMNIST,small,42,10,a1,weight_fisher,loss_aware,100,8.256090950453654e-06
FashionMNIST,small,42,10,a1,weight_fisher,loss_aware,101,2.3755487745802384e-06
FashionMNIST,small,42,10,a1,weight_fisher,loss_aware,102,8.322082976519596e-06
FashionMNIST,small,42,10,a1,weight_fisher,loss_aware,103,1.1659074061753927e-06
FashionMNIST,small,42,10,a1,weight_fisher,loss_aware,104,3.259031018387759e-06
FashionMNIST,small,42,10,a1,weight_fisher,loss_aware,105,7.21761466593307e-07
FashionMNIST,small,42,10,a1,weight_fisher,loss_aware,106,2.2596782400796656e-06
FashionMNIST,small,42,10,a1,weight_fisher,loss_aware,107,8.172614332242062e-15
FashionMNIST,small,42,10,a1,weight_fisher,loss_aware,108,1.8388400349067524e-06
FashionMNIST,small,42,10,a1,weight_fisher,loss_aware,109,9.453107850276865e-06
FashionMNIST,small,42,10,a1,weight_fisher,loss_aware,110,1.6843296180013567e-07
FashionMNIST,small,42,10,a1,weight_fisher,loss_aware,111,1.607102149137063e-07
FashionMNIST,small,42,10,a1,weight_fisher,loss_aware,112,1.6885882132555707e-06
FashionMNIST,small,42,10,a1,weight_fisher,loss_aware,113,2.152001343347365e-06
FashionMNIST,small,42,10,a1,weight_fisher,loss_aware,114,1.760075792844873e-05
FashionMNIST,small,42,10,a1,weight_fisher,loss_aware,115,2.157640665245708e-05
FashionMNIST,small,42,10,a1,weight_fisher,loss_aware,116,5.798983693239279e-06
FashionMNIST,small,42,10,a1,weight_fisher,loss_aware,117,1.0618085752867046e-06
FashionMNIST,small,42,10,a1,weight_fisher,loss_aware,118,7.585146704514045e-06
FashionMNIST,small,42,10,a1,weight_fisher,loss_aware,119,8.659397963128868e-07
FashionMNIST,small,42,10,a1,weight_fisher,loss_aware,120,3.6824671951762866e-06
FashionMNIST,small,42,10,a1,weight_fisher,loss_aware,121,1.2297473404032644e-05
FashionMNIST,small,42,10,a1,weight_fisher,loss_aware,122,1.271241853828542e-05
FashionMNIST,small,42,10,a1,weight_fisher,loss_aware,123,1.0404725799162406e-05
FashionMNIST,small,42,10,a1,weight_fisher,loss_aware,124,3.800270405918127e-06
FashionMNIST,small,42,10,a1,weight_fisher,loss_aware,125,1.0871635680587133e-07
FashionMNIST,small,42,10,a1,weight_fisher,loss_aware,126,7.135893611120991e-06
FashionMNIST,small,42,10,a1,weight_fisher,loss_aware,127,7.397609806503169e-06
FashionMNIST,small,42,10,a1,weight_fisher,loss_aware,128,2.419060365355108e-05
FashionMNIST,small,42,10,a1,weight_fisher,loss_aware,129,6.175931588359163e-08
FashionMNIST,small,42,10,a1,weight_fisher,loss_aware,130,5.878273441339843e-07
FashionMNIST,small,42,10,a1,weight_fisher,loss_aware,131,5.431575118564069e-06
FashionMNIST,small,42,10,a1,weight_fisher,loss_aware,132,6.101169219618896e-06
FashionMNIST,small,42,10,a1,weight_fisher,loss_aware,133,1.6180380271180184e-06
FashionMNIST,small,42,10,a1,weight_fisher,loss_aware,134,1.4847255442873575e-06
FashionMNIST,small,42,10,a1,weight_fisher,loss_aware,135,2.7963424145127647e-06
FashionMNIST,small,42,10,a1,weight_fisher,loss_aware,136,1.3359803006096627e-06
FashionMNIST,small,42,10,a1,weight_fisher,loss_aware,137,5.264581432129489e-06
FashionMNIST,small,42,10,a1,weight_fisher,loss_aware,138,4.207307028991636e-06
FashionMNIST,small,42,10,a1,weight_fisher,loss_aware,139,1.2384041838231497e-05
FashionMNIST,small,42,10,a1,weight_fisher,loss_aware,140,3.5223854411015054e-06
FashionMNIST,small,42,10,a1,weight_fisher,loss_aware,141,1.1827149137388915e-05
FashionMNIST,small,42,10,a1,weight_fisher,loss_aware,142,4.651905328501016e-06
FashionMNIST,small,42,10,a1,weight_fisher,loss_aware,143,2.1057601315987995e-06
FashionMNIST,small,42,10,a1,weight_fisher,loss_aware,144,3.5368677799851866e-06
FashionMNIST,small,42,10,a1,weight_fisher,loss_aware,145,8.614279977336992e-06
FashionMNIST,small,42,10,a1,weight_fisher,loss_aware,146,9.690523938843398e-07
FashionMNIST,small,42,10,a1,weight_fisher,loss_aware,147,1.7353346265736036e-05
FashionMNIST,small,42,10,a1,weight_fisher,loss_aware,148,3.1326685530075338e-06
FashionMNIST,small,42,10,a1,weight_fisher,loss_aware,149,4.186241767456522e-06
FashionMNIST,small,42,10,a1,weight_fisher,loss_aware,150,6.965890861465596e-06
FashionMNIST,small,42,10,a1,weight_fisher,loss_aware,151,1.2952356883033644e-05
FashionMNIST,small,42,10,a1,weight_fisher,loss_aware,152,5.426628604254802e-07
FashionMNIST,small,42,10,a1,weight_fisher,loss_aware,153,9.117052286455873e-07
FashionMNIST,small,42,10,a1,weight_fisher,loss_aware,154,1.4949999240343459e-05
FashionMNIST,small,42,10,a1,weight_fisher,loss_aware,155,6.611227945541032e-06
FashionMNIST,small,42,10,a1,weight_fisher,loss_aware,156,1.4157692476146622e-06
FashionMNIST,small,42,10,a1,weight_fisher,loss_aware,157,2.443045787003939e-06
FashionMNIST,small,42,10,a1,weight_fisher,loss_aware,158,7.344140612985939e-06
FashionMNIST,small,42,10,a1,weight_fisher,loss_aware,159,5.563384547713213e-06
FashionMNIST,small,42,10,a1,weight_fisher,loss_aware,160,1.4648903743363917e-06
FashionMNIST,small,42,10,a1,weight_fisher,loss_aware,161,7.086048299242975e-06
FashionMNIST,small,42,10,a1,weight_fisher,loss_aware,162,9.498558029008564e-06
FashionMNIST,small,42,10,a1,weight_fisher,loss_aware,163,3.1517045044893166e-06
FashionMNIST,small,42,10,a1,weight_fisher,loss_aware,164,1.9680526747833937e-05
FashionMNIST,small,42,10,a1,weight_fisher,loss_aware,165,1.7055041098501533e-05
FashionMNIST,small,42,10,a1,weight_fisher,loss_aware,166,2.193049340348807e-06
FashionMNIST,small,42,10,a1,weight_fisher,loss_aware,167,1.2230563015691587e-06
FashionMNIST,small,42,10,a1,weight_fisher,loss_aware,168,1.2055403203703463e-05
FashionMNIST,small,42,10,a1,weight_fisher,loss_aware,169,1.518832505098544e-06
FashionMNIST,small,42,10,a1,weight_fisher,loss_aware,170,8.490279128636757e-07
FashionMNIST,small,42,10,a1,weight_fisher,loss_aware,171,1.7291424683207879e-06
FashionMNIST,small,42,10,a1,weight_fisher,loss_aware,172,5.000475994165754e-06
FashionMNIST,small,42,10,a1,weight_fisher,loss_aware,173,3.3818898828030797e-06
FashionMNIST,small,42,10,a1,weight_fisher,loss_aware,174,3.6439635096030543e-06
FashionMNIST,small,42,10,a1,weight_fisher,loss_aware,175,9.877899174171034e-07
FashionMNIST,small,42,10,a1,weight_fisher,loss_aware,176,3.708997155627003e-06
FashionMNIST,small,42,10,a1,weight_fisher,loss_aware,177,1.0392544936621562e-05
FashionMNIST,small,42,10,a1,weight_fisher,loss_aware,178,5.443930035653466e-07
FashionMNIST,small,42,10,a1,weight_fisher,loss_aware,179,2.7435060019342927e-06
FashionMNIST,small,42,10,a1,weight_fisher,loss_aware,180,7.320789450204757e-07
FashionMNIST,small,42,10,a1,weight_fisher,loss_aware,181,5.83844348511775e-06
FashionMNIST,small,42,10,a1,weight_fisher,loss_aware,182,3.881028078467352e-06
FashionMNIST,small,42,10,a1,weight_fisher,loss_aware,183,3.0812395834800554e-06
FashionMNIST,small,42,10,a1,weight_fisher,loss_aware,184,6.763021247024881e-06
FashionMNIST,small,42,10,a1,weight_fisher,loss_aware,185,1.0783959623950068e-05
FashionMNIST,small,42,10,a1,weight_fisher,loss_aware,186,2.6916206934402e-06
FashionMNIST,small,42,10,a1,weight_fisher,loss_aware,187,1.7968469592233305e-06
FashionMNIST,small,42,10,a1,weight_fisher,loss_aware,188,8.665082532388624e-06
FashionMNIST,small,42,10,a1,weight_fisher,loss_aware,189,1.2803877325495705e-05
FashionMNIST,small,42,10,a1,weight_fisher,loss_aware,190,6.475842383224517e-06
FashionMNIST,small,42,10,a1,weight_fisher,loss_aware,191,1.252201218449045e-05
FashionMNIST,small,42,10,a1,weight_fisher,loss_aware,192,7.868446118663996e-06
FashionMNIST,small,42,10,a1,weight_fisher,loss_aware,193,5.310380402079318e-06
FashionMNIST,small,42,10,a1,weight_fisher,loss_aware,194,1.22717501653824e-05
FashionMNIST,small,42,10,a1,weight_fisher,loss_aware,195,4.731318767881021e-06
FashionMNIST,small,42,10,a1,weight_fisher,loss_aware,196,9.452886843064334e-06
FashionMNIST,small,42,10,a1,weight_fisher,loss_aware,197,7.156047558964929e-06
FashionMNIST,small,42,10,a1,weight_fisher,loss_aware,198,7.233773430925794e-06
FashionMNIST,small,42,10,a1,weight_fisher,loss_aware,199,7.152275429689325e-06
FashionMNIST,small,42,10,a1,weight_fisher,loss_aware,200,2.8812123673560563e-06
FashionMNIST,small,42,10,a1,weight_fisher,loss_aware,201,1.1823644854302984e-05
FashionMNIST,small,42,10,a1,weight_fisher,loss_aware,202,7.10166114004096e-06
FashionMNIST,small,42,10,a1,weight_fisher,loss_aware,203,3.5441685213299934e-06
FashionMNIST,small,42,10,a1,weight_fisher,loss_aware,204,3.877865708545869e-07
FashionMNIST,small,42,10,a1,weight_fisher,loss_aware,205,1.9997487470391206e-06
FashionMNIST,small,42,10,a1,weight_fisher,loss_aware,206,8.32603018352529e-06
FashionMNIST,small,42,10,a1,weight_fisher,loss_aware,207,3.383791238320555e-07
FashionMNIST,small,42,10,a1,weight_fisher,loss_aware,208,5.408851393440273e-06
FashionMNIST,small,42,10,a1,weight_fisher,loss_aware,209,2.656297283465392e-06
FashionMNIST,small,42,10,a1,weight_fisher,loss_aware,210,4.2268135302947485e-07
FashionMNIST,small,42,10,a1,weight_fisher,loss_aware,211,1.0793016826937674e-06
FashionMNIST,small,42,10,a1,weight_fisher,loss_aware,212,4.932197043672204e-06
FashionMNIST,small,42,10,a1,weight_fisher,loss_aware,213,1.5204079772956902e-07
FashionMNIST,small,42,10,a1,weight_fisher,loss_aware,214,9.851589766185498e-07
FashionMNIST,small,42,10,a1,weight_fisher,loss_aware,215,2.647256906129769e-06
FashionMNIST,small,42,10,a1,weight_fisher,loss_aware,216,5.523283562069992e-06
FashionMNIST,small,42,10,a1,weight_fisher,loss_aware,217,2.046139258027324e-07
FashionMNIST,small,42,10,a1,weight_fisher,loss_aware,218,8.46936075049598e-07
FashionMNIST,small,42,10,a1,weight_fisher,loss_aware,219,3.2157579425984295e-06
FashionMNIST,small,42,10,a1,weight_fisher,loss_aware,220,2.0585553102137055e-06
FashionMNIST,small,42,10,a1,weight_fisher,loss_aware,221,2.0476454665185884e-07
FashionMNIST,small,42,10,a1,weight_fisher,loss_aware,222,3.481879957689671e-07
FashionMNIST,small,42,10,a1,weight_fisher,loss_aware,223,3.833402843156364e-06
FashionMNIST,small,42,10,a1,weight_fisher,loss_aware,224,6.18342392044724e-06
FashionMNIST,small,42,10,a1,weight_fisher,loss_aware,225,7.541618742834544e-06
FashionMNIST,small,42,10,a1,weight_fisher,loss_aware,226,1.6786323612905107e-05
FashionMNIST,small,42,10,a1,weight_fisher,loss_aware,227,0.00010634146019583568
FashionMNIST,small,42,10,a1,weight_fisher,loss_aware,228,1.7750051028997405e-06
FashionMNIST,small,42,10,a1,weight_fisher,loss_aware,229,7.148439181037247e-06
FashionMNIST,small,42,10,a1,weight_fisher,loss_aware,230,1.0244183613394853e-05
FashionMNIST,small,42,10,a1,weight_fisher,loss_aware,231,2.4816906716296216e-06
FashionMNIST,small,42,10,a1,weight_fisher,loss_aware,232,1.1900892786798067e-06
FashionMNIST,small,42,10,a1,weight_fisher,loss_aware,233,3.6314652334112907e-06
FashionMNIST,small,42,10,a1,weight_fisher,loss_aware,234,8.732155947654974e-06
FashionMNIST,small,42,10,a1,weight_fisher,loss_aware,235,2.1809055397170596e-06
FashionMNIST,small,42,10,a1,weight_fisher,loss_aware,236,1.0736088995599857e-07
FashionMNIST,small,42,10,a1,weight_fisher,loss_aware,237,8.090440132946242e-06
FashionMNIST,small,42,10,a1,weight_fisher,loss_aware,238,6.095829121477436e-06
FashionMNIST,small,42,10,a1,weight_fisher,loss_aware,239,6.263932732508692e-07
FashionMNIST,small,42,10,a1,weight_fisher,loss_aware,240,5.058716965322674e-07
FashionMNIST,small,42,10,a1,weight_fisher,loss_aware,241,8.024367161851842e-07
FashionMNIST,small,42,10,a1,weight_fisher,loss_aware,242,4.456236183614237e-06
FashionMNIST,small,42,10,a1,weight_fisher,loss_aware,243,4.238367182551883e-06
FashionMNIST,small,42,10,a1,weight_fisher,loss_aware,244,1.6067818364717823e-07
FashionMNIST,small,42,10,a1,weight_fisher,loss_aware,245,3.781044142669998e-06
FashionMNIST,small,42,10,a1,weight_fisher,loss_aware,246,2.2618472939939238e-05
FashionMNIST,small,42,10,a1,weight_fisher,loss_aware,247,3.3087926567532122e-06
FashionMNIST,small,42,10,a1,weight_fisher,loss_aware,248,3.773438038479071e-06
FashionMNIST,small,42,10,a1,weight_fisher,loss_aware,249,1.8682081872611889e-06
FashionMNIST,small,42,10,a1,weight_fisher,loss_aware,250,1.1329748303978704e-05
FashionMNIST,small,42,10,a1,weight_fisher,loss_aware,251,1.082692324416712e-05
FashionMNIST,small,42,10,a1,weight_fisher,loss_aware,252,1.4301302144303918e-05
FashionMNIST,small,42,10,a1,weight_fisher,loss_aware,253,2.948837085625655e-08
FashionMNIST,small,42,10,a1,weight_fisher,loss_aware,254,1.6617712390143424e-05
FashionMNIST,small,42,10,a1,weight_fisher,loss_aware,255,1.1395302408345742e-06
FashionMNIST,small,42,10,a2,weight_fisher,loss_aware,0,1.5738580259494483e-05
FashionMNIST,small,42,10,a2,weight_fisher,loss_aware,1,8.69972791406326e-06
FashionMNIST,small,42,10,a2,weight_fisher,loss_aware,2,7.682676368858665e-06
FashionMNIST,small,42,10,a2,weight_fisher,loss_aware,3,7.561488018836826e-06
FashionMNIST,small,42,10,a2,weight_fisher,loss_aware,4,1.7612528608879074e-05
FashionMNIST,small,42,10,a2,weight_fisher,loss_aware,5,2.360238431720063e-05
FashionMNIST,small,42,10,a2,weight_fisher,loss_aware,6,5.4299998737405986e-06
FashionMNIST,small,42,10,a2,weight_fisher,loss_aware,7,8.068209353950806e-06
FashionMNIST,small,42,10,a2,weight_fisher,loss_aware,8,2.7637321181828156e-05
FashionMNIST,small,42,10,a2,weight_fisher,loss_aware,9,5.183251414564438e-05
FashionMNIST,small,42,10,a2,weight_fisher,loss_aware,10,1.1385634934413247e-05
FashionMNIST,small,42,10,a2,weight_fisher,loss_aware,11,1.946149723153212e-06
FashionMNIST,small,42,10,a2,weight_fisher,loss_aware,12,9.806615707930177e-05
FashionMNIST,small,42,10,a2,weight_fisher,loss_aware,13,1.8401419765723404e-06
FashionMNIST,small,42,10,a2,weight_fisher,loss_aware,14,2.5526869649183936e-05
FashionMNIST,small,42,10,a2,weight_fisher,loss_aware,15,1.0382403161202092e-05
FashionMNIST,small,42,10,a2,weight_fisher,loss_aware,16,4.062874722876586e-06
FashionMNIST,small,42,10,a2,weight_fisher,loss_aware,17,4.281053043087013e-05
FashionMNIST,small,42,10,a2,weight_fisher,loss_aware,18,3.5694200050784275e-05
FashionMNIST,small,42,10,a2,weight_fisher,loss_aware,19,1.8766684661386535e-05
FashionMNIST,small,42,10,a2,weight_fisher,loss_aware,20,8.622640052635688e-06
FashionMNIST,small,42,10,a2,weight_fisher,loss_aware,21,6.518180271086749e-06
FashionMNIST,small,42,10,a2,weight_fisher,loss_aware,22,2.7477739422465675e-05
FashionMNIST,small,42,10,a2,weight_fisher,loss_aware,23,1.1694863133016042e-05
FashionMNIST,small,42,10,a2,weight_fisher,loss_aware,24,7.649725375813432e-06
FashionMNIST,small,42,10,a2,weight_fisher,loss_aware,25,1.0973774806188885e-05
FashionMNIST,small,42,10,a2,weight_fisher,loss_aware,26,1.1790905773523264e-05
FashionMNIST,small,42,10,a2,weight_fisher,loss_aware,27,9.173512808047235e-05
FashionMNIST,small,42,10,a2,weight_fisher,loss_aware,28,2.5290488338214345e-05
FashionMNIST,small,42,10,a2,weight_fisher,loss_aware,29,3.802763967541978e-05
FashionMNIST,small,42,10,a2,weight_fisher,loss_aware,30,5.613820758298971e-05
FashionMNIST,small,42,10,a2,weight_fisher,loss_aware,31,3.121272129646968e-06
FashionMNIST,small,42,10,a2,weight_fisher,loss_aware,32,5.8214918681187555e-06
FashionMNIST,small,42,10,a2,weight_fisher,loss_aware,33,6.956714969419409e-06
FashionMNIST,small,42,10,a2,weight_fisher,loss_aware,34,6.781060619687196e-06
FashionMNIST,small,42,10,a2,weight_fisher,loss_aware,35,2.9097691367496736e-06
FashionMNIST,small,42,10,a2,weight_fisher,loss_aware,36,4.383255145512521e-06
FashionMNIST,small,42,10,a2,weight_fisher,loss_aware,37,2.3697064534644596e-05
FashionMNIST,small,42,10,a2,weight_fisher,loss_aware,38,7.542998901044484e-06
FashionMNIST,small,42,10,a2,weight_fisher,loss_aware,39,9.734325431054458e-06
FashionMNIST,small,42,10,a2,weight_fisher,loss_aware,40,3.600968557293527e-05
FashionMNIST,small,42,10,a2,weight_fisher,loss_aware,41,4.387802619021386e-05
FashionMNIST,small,42,10,a2,weight_fisher,loss_aware,42,2.0579172996804118e-05
FashionMNIST,small,42,10,a2,weight_fisher,loss_aware,43,2.7159741875948384e-05
FashionMNIST,small,42,10,a2,weight_fisher,loss_aware,44,0.00013713679800275713
FashionMNIST,small,42,10,a2,weight_fisher,loss_aware,45,1.3089445019431878e-05
FashionMNIST,small,42,10,a2,weight_fisher,loss_aware,46,2.5435736461076885e-05
FashionMNIST,small,42,10,a2,weight_fisher,loss_aware,47,2.8203379770275205e-05
FashionMNIST,small,42,10,a2,weight_fisher,loss_aware,48,1.2336502550169826e-05
FashionMNIST,small,42,10,a2,weight_fisher,loss_aware,49,2.693977512535639e-05
FashionMNIST,small,42,10,a2,weight_fisher,loss_aware,50,7.658123649889603e-06
FashionMNIST,small,42,10,a2,weight_fisher,loss_aware,51,1.4153655683912802e-05
FashionMNIST,small,42,10,a2,weight_fisher,loss_aware,52,7.429377546941396e-06
FashionMNIST,small,42,10,a2,weight_fisher,loss_aware,53,2.8189775548526086e-05
FashionMNIST,small,42,10,a2,weight_fisher,loss_aware,54,1.0635087164700963e-05
FashionMNIST,small,42,10,a2,weight_fisher,loss_aware,55,1.5867699403315783e-05
FashionMNIST,small,42,10,a2,weight_fisher,loss_aware,56,7.734646715107374e-06
FashionMNIST,small,42,10,a2,weight_fisher,loss_aware,57,4.2081010178662837e-05
FashionMNIST,small,42,10,a2,weight_fisher,loss_aware,58,1.9675753719639033e-05
FashionMNIST,small,42,10,a2,weight_fisher,loss_aware,59,3.2793154787214007e-06
FashionMNIST,small,42,10,a2,weight_fisher,loss_aware,60,4.3792852011392824e-06
FashionMNIST,small,42,10,a2,weight_fisher,loss_aware,61,1.0558173357821943e-07
FashionMNIST,small,42,10,a2,weight_fisher,loss_aware,62,4.544485273072496e-05
FashionMNIST,small,42,10,a2,weight_fisher,loss_aware,63,1.0162860235141125e-05
FashionMNIST,small,42,10,a2,weight_fisher,loss_aware,64,9.538809536024928e-06
FashionMNIST,small,42,10,a2,weight_fisher,loss_aware,65,1.6449579561594874e-05
FashionMNIST,small,42,10,a2,weight_fisher,loss_aware,66,7.431722042383626e-05
FashionMNIST,small,42,10,a2,weight_fisher,loss_aware,67,1.9131579392706044e-05
FashionMNIST,small,42,10,a2,weight_fisher,loss_aware,68,4.416750016389415e-05
FashionMNIST,small,42,10,a2,weight_fisher,loss_aware,69,2.284078800585121e-05
FashionMNIST,small,42,10,a2,weight_fisher,loss_aware,70,3.0305649488582276e-05
FashionMNIST,small,42,10,a2,weight_fisher,loss_aware,71,8.511218038620427e-05
FashionMNIST,small,42,10,a2,weight_fisher,loss_aware,72,3.090596874244511e-05
FashionMNIST,small,42,10,a2,weight_fisher,loss_aware,73,1.2565675206133164e-05
FashionMNIST,small,42,10,a2,weight_fisher,loss_aware,74,3.112024933216162e-05
FashionMNIST,small,42,10,a2,weight_fisher,loss_aware,75,1.490547219873406e-05
FashionMNIST,small,42,10,a2,weight_fisher,loss_aware,76,1.4891097634972539e-05
FashionMNIST,small,42,10,a2,weight_fisher,loss_aware,77,7.099507456587162e-06
FashionMNIST,small,42,10,a2,weight_fisher,loss_aware,78,4.933951458951924e-06
FashionMNIST,small,42,10,a2,weight_fisher,loss_aware,79,1.301228166994406e-06
FashionMNIST,small,42,10,a2,weight_fisher,loss_aware,80,2.4442568246740848e-05
FashionMNIST,small,42,10,a2,weight_fisher,loss_aware,81,5.419134322437458e-05
FashionMNIST,small,42,10,a2,weight_fisher,loss_aware,82,1.2975216122868005e-05
FashionMNIST,small,42,10,a2,weight_fisher,loss_aware,83,7.608376108692028e-06
FashionMNIST,small,42,10,a2,weight_fisher,loss_aware,84,2.4223654691013508e-05
FashionMNIST,small,42,10,a2,weight_fisher,loss_aware,85,0.0001385220093652606
FashionMNIST,small,42,10,a2,weight_fisher,loss_aware,86,4.27466475230176e-05
FashionMNIST,small,42,10,a2,weight_fisher,loss_aware,87,1.7397422197973356e-05
FashionMNIST,small,42,10,a2,weight_fisher,loss_aware,88,2.647118890308775e-05
FashionMNIST,small,42,10,a2,weight_fisher,loss_aware,89,1.4209326764103025e-05
FashionMNIST,small,42,10,a2,weight_fisher,loss_aware,90,7.14852285454981e-06
FashionMNIST,small,42,10,a2,weight_fisher,loss_aware,91,1.2386296475597192e-05
FashionMNIST,small,42,10,a2,weight_fisher,loss_aware,92,1.2505704944487661e-05
FashionMNIST,small,42,10,a2,weight_fisher,loss_aware,93,4.750783773488365e-06
FashionMNIST,small,42,10,a2,weight_fisher,loss_aware,94,2.4831540940795094e-05
FashionMNIST,small,42,10,a2,weight_fisher,loss_aware,95,1.8431801436236128e-06
FashionMNIST,small,42,10,a2,weight_fisher,loss_aware,96,1.981913374038413e-05
FashionMNIST,small,42,10,a2,weight_fisher,loss_aware,97,1.823550701374188e-05
FashionMNIST,small,42,10,a2,weight_fisher,loss_aware,98,3.555530929588713e-05
FashionMNIST,small,42,10,a2,weight_fisher,loss_aware,99,3.473876404314069e-06
FashionMNIST,small,42,10,a2,weight_fisher,loss_aware,100,1.3907161701354198e-05
FashionMNIST,small,42,10,a2,weight_fisher,loss_aware,101,6.367578407662222e-06
FashionMNIST,small,42,10,a2,weight_fisher,loss_aware,102,5.3198029490886256e-05
FashionMNIST,small,42,10,a2,weight_fisher,loss_aware,103,2.6199429612461245e-06
FashionMNIST,small,42,10,a2,weight_fisher,loss_aware,104,5.5525024436065e-06
FashionMNIST,small,42,10,a2,weight_fisher,loss_aware,105,1.363062983728014e-05
FashionMNIST,small,42,10,a2,weight_fisher,loss_aware,106,6.204473902471364e-05
FashionMNIST,small,42,10,a2,weight_fisher,loss_aware,107,1.1160958820255473e-05
FashionMNIST,small,42,10,a2,weight_fisher,loss_aware,108,9.295969903178047e-06
FashionMNIST,small,42,10,a2,weight_fisher,loss_aware,109,1.9768442143686116e-05
FashionMNIST,small,42,10,a2,weight_fisher,loss_aware,110,9.923944162437692e-06
FashionMNIST,small,42,10,a2,weight_fisher,loss_aware,111,2.590471376606729e-05
FashionMNIST,small,42,10,a2,weight_fisher,loss_aware,112,6.8824365371256135e-06
FashionMNIST,small,42,10,a2,weight_fisher,loss_aware,113,6.324461082840571e-06
FashionMNIST,small,42,10,a2,weight_fisher,loss_aware,114,0.00018705321417655796
FashionMNIST,small,42,10,a2,weight_fisher,loss_aware,115,7.76668093749322e-06
FashionMNIST,small,42,10,a2,weight_fisher,loss_aware,116,6.367275636876002e-05
FashionMNIST,small,42,10,a2,weight_fisher,loss_aware,117,2.4267035769298673e-05
FashionMNIST,small,42,10,a2,weight_fisher,loss_aware,118,2.964163650176488e-05
FashionMNIST,small,42,10,a2,weight_fisher,loss_aware,119,7.468686817446724e-06
FashionMNIST,small,42,10,a2,weight_fisher,loss_aware,120,7.76508568378631e-06
FashionMNIST,small,42,10,a2,weight_fisher,loss_aware,121,1.1585181709961034e-05
FashionMNIST,small,42,10,a2,weight_fisher,loss_aware,122,8.838052963255905e-06
FashionMNIST,small,42,10,a2,weight_fisher,loss_aware,123,2.832365862559527e-05
FashionMNIST,small,42,10,a2,weight_fisher,loss_aware,124,8.071393494901713e-06
FashionMNIST,small,42,10,a2,weight_fisher,loss_aware,125,2.0021823729621246e-05
FashionMNIST,small,42,10,a2,weight_fisher,loss_aware,126,5.152605808689259e-06
FashionMNIST,small,42,10,a2,weight_fisher,loss_aware,127,1.3985045370645821e-05
